cycle_id,subject_id,survey_subject_no,session_id,trial_id,cycle_index_side,side,victimized,start_frame,end_frame,numpy_start_index,numpy_end_index,duration_frames,duration_seconds,sampling_rate_hz,initial_contact_frame,next_contact_frame,opposite_contact_frame,opposite_contact_side,ipsilateral_foot_off_frame,opposite_foot_off_frame,mid_stance_frame,mid_stance_side,normalized_points,core_signals_normalized,normalization_ok,overall_quality,usable_lower_body
S2_WU01_R_01,S2,2,WU01,S2/WU01,1,R,N,15,127,14,126,112,1.12,100,15,127,71,L,88,32,51,L,101,26,True,PASS,True
S2_WU01_L_01,S2,2,WU01,S2/WU01,1,L,N,71,183,70,182,112,1.12,100,71,183,127,R,145,88,107,R,101,26,True,PASS,True
S2_WU01_R_02,S2,2,WU01,S2/WU01,2,R,N,127,236,126,235,109,1.09,100,127,236,183,L,200,145,164,L,101,26,True,PASS,True
S2_WU01_L_02,S2,2,WU01,S2/WU01,2,L,N,183,291,182,290,108,1.08,100,183,291,236,R,253,200,218,R,101,26,True,PASS,True
S2_WU02_R_01,S2,2,WU02,S2/WU02,1,R,N,31,135,30,134,104,1.04,100,31,135,83,L,99,47,65,L,101,26,True,PASS,True
S2_WU02_L_01,S2,2,WU02,S2/WU02,1,L,N,83,187,82,186,104,1.04,100,83,187,135,R,150,99,116,R,101,26,True,PASS,True
S2_WU02_R_02,S2,2,WU02,S2/WU02,2,R,N,135,240,134,239,105,1.05,100,135,240,187,L,203,150,168,L,101,26,True,PASS,True
S2_WU02_L_02,S2,2,WU02,S2/WU02,2,L,N,187,292,186,291,105,1.05,100,187,292,240,R,256,203,222,R,101,26,True,PASS,True
S2_WU03_L_01,S2,2,WU03,S2/WU03,1,L,N,24,132,23,131,108,1.08,100,24,132,78,R,95,41,59,R,101,26,True,PASS,True
S2_WU03_R_01,S2,2,WU03,S2/WU03,1,R,N,78,185,77,184,107,1.07,100,78,185,132,L,148,95,113,L,101,26,True,PASS,True
S2_WU03_L_02,S2,2,WU03,S2/WU03,2,L,N,132,236,131,235,104,1.04,100,132,236,185,R,200,148,166,R,101,26,True,PASS,True
S2_WU03_R_02,S2,2,WU03,S2/WU03,2,R,N,185,290,184,289,105,1.05,100,185,290,236,L,253,200,218,L,101,26,True,PASS,True
S2_WU04_R_01,S2,2,WU04,S2/WU04,1,R,N,25,132,24,131,107,1.07,100,25,132,78,L,94,41,59,L,101,26,True,PASS,True
S2_WU04_L_01,S2,2,WU04,S2/WU04,1,L,N,78,187,77,186,109,1.09,100,78,187,132,R,149,94,112,R,101,26,True,PASS,True
S2_WU04_R_02,S2,2,WU04,S2/WU04,2,R,N,132,241,131,240,109,1.09,100,132,241,187,L,204,149,167,L,101,26,True,PASS,True
S2_WU04_L_02,S2,2,WU04,S2/WU04,2,L,N,187,297,186,296,110,1.1,100,187,297,241,R,259,204,222,R,101,26,True,PASS,True
S2_WU05_L_01,S2,2,WU05,S2/WU05,1,L,N,10,117,9,116,107,1.07,100,10,117,64,R,80,26,45,R,101,26,True,PASS,True
S2_WU05_R_01,S2,2,WU05,S2/WU05,1,R,N,64,172,63,171,108,1.08,100,64,172,117,L,134,80,98,L,101,26,True,PASS,True
S2_WU05_L_02,S2,2,WU05,S2/WU05,2,L,N,117,227,116,226,110,1.1,100,117,227,172,R,190,134,153,R,101,26,True,PASS,True
S2_WU05_R_02,S2,2,WU05,S2/WU05,2,R,N,172,282,171,281,110,1.1,100,172,282,227,L,243,190,208,L,101,26,True,PASS,True
S2_WU06_R_01,S2,2,WU06,S2/WU06,1,R,N,11,117,10,116,106,1.06,100,11,117,64,L,80,27,46,L,101,26,True,PASS,True
S2_WU06_L_01,S2,2,WU06,S2/WU06,1,L,N,64,172,63,171,108,1.08,100,64,172,117,R,134,80,98,R,101,26,True,PASS,True
S2_WU06_R_02,S2,2,WU06,S2/WU06,2,R,N,117,227,116,226,110,1.1,100,117,227,172,L,190,134,153,L,101,26,True,PASS,True
S2_WU06_L_02,S2,2,WU06,S2/WU06,2,L,N,172,281,171,280,109,1.09,100,172,281,227,R,244,190,208,R,101,26,True,PASS,True
S2_WU07_L_01,S2,2,WU07,S2/WU07,1,L,N,50,160,49,159,110,1.1,100,50,160,107,R,123,68,87,R,101,26,True,PASS,True
S2_WU07_R_01,S2,2,WU07,S2/WU07,1,R,N,107,215,106,214,108,1.08,100,107,215,160,L,177,123,141,L,101,26,True,PASS,True
S2_WU07_L_02,S2,2,WU07,S2/WU07,2,L,N,160,270,159,269,110,1.1,100,160,270,215,R,232,177,195,R,101,26,True,PASS,True
S2_WU08_R_01,S2,2,WU08,S2/WU08,1,R,N,27,146,26,145,119,1.19,100,27,146,88,L,107,48,68,L,101,26,True,PASS,True
S2_WU08_L_01,S2,2,WU08,S2/WU08,1,L,N,88,204,87,203,116,1.16,100,88,204,146,R,165,107,126,R,101,26,True,PASS,True
S2_WU08_R_02,S2,2,WU08,S2/WU08,2,R,N,146,263,145,262,117,1.17,100,146,263,204,L,223,165,184,L,101,26,True,PASS,True
S2_WU08_L_02,S2,2,WU08,S2/WU08,2,L,N,204,323,203,322,119,1.19,100,204,323,263,R,284,223,243,R,101,26,True,PASS,True
S2_WU08_R_03,S2,2,WU08,S2/WU08,3,R,N,263,382,262,381,119,1.19,100,263,382,323,L,343,284,303,L,101,26,True,PASS,True
S2_WU09_R_01,S2,2,WU09,S2/WU09,1,R,N,43,162,42,161,119,1.19,100,43,162,102,L,121,63,82,L,101,26,True,PASS,True
S2_WU09_L_01,S2,2,WU09,S2/WU09,1,L,N,102,221,101,220,119,1.19,100,102,221,162,R,182,121,141,R,101,26,True,PASS,True
S2_WU09_R_02,S2,2,WU09,S2/WU09,2,R,N,162,280,161,279,118,1.18,100,162,280,221,L,240,182,200,L,101,26,True,PASS,True
S2_WU09_L_02,S2,2,WU09,S2/WU09,2,L,N,221,341,220,340,120,1.2,100,221,341,280,R,300,240,259,R,101,26,True,PASS,True
S2_WU09_R_03,S2,2,WU09,S2/WU09,3,R,N,280,404,279,403,124,1.24,100,280,404,341,L,362,300,320,L,101,26,True,PASS,True
S3_WU01_L_01,S3,3,WU01,S3/WU01,1,L,Y,57,170,56,169,113,1.13,100,57,170,113,R,129,72,93,R,101,26,True,PASS,True
S3_WU01_R_01,S3,3,WU01,S3/WU01,1,R,Y,113,228,112,227,115,1.15,100,113,228,170,L,187,129,149,L,101,26,True,PASS,True
S3_WU01_L_02,S3,3,WU01,S3/WU01,2,L,Y,170,283,169,282,113,1.13,100,170,283,228,R,244,187,208,R,101,26,True,PASS,True
S3_WU02_L_01,S3,3,WU02,S3/WU02,1,L,Y,35,143,34,142,108,1.08,100,35,143,88,R,102,48,68,R,101,26,True,PASS,True
S3_WU02_R_01,S3,3,WU02,S3/WU02,1,R,Y,88,197,87,196,109,1.09,100,88,197,143,L,157,102,122,L,101,26,True,PASS,True
S3_WU02_L_02,S3,3,WU02,S3/WU02,2,L,Y,143,251,142,250,108,1.08,100,143,251,197,R,213,157,177,R,101,26,True,PASS,True
S3_WU03_R_01,S3,3,WU03,S3/WU03,1,R,Y,34,142,33,141,108,1.08,100,34,142,89,L,104,49,69,L,101,26,True,PASS,True
S3_WU03_L_01,S3,3,WU03,S3/WU03,1,L,Y,89,197,88,196,108,1.08,100,89,197,142,R,158,104,123,R,101,26,True,PASS,True
S3_WU03_R_02,S3,3,WU03,S3/WU03,2,R,Y,142,249,141,248,107,1.07,100,142,249,197,L,211,158,177,L,101,26,True,PASS,True
S3_WU04_R_01,S3,3,WU04,S3/WU04,1,R,Y,7,115,6,114,108,1.08,100,7,115,62,L,76,22,41,L,101,26,True,PASS,True
S3_WU04_L_01,S3,3,WU04,S3/WU04,1,L,Y,62,169,61,168,107,1.07,100,62,169,115,R,130,76,95,R,101,26,True,PASS,True
S3_WU04_R_02,S3,3,WU04,S3/WU04,2,R,Y,115,222,114,221,107,1.07,100,115,222,169,L,183,130,149,L,101,26,True,PASS,True
S3_WU04_L_02,S3,3,WU04,S3/WU04,2,L,Y,169,277,168,276,108,1.08,100,169,277,222,R,238,183,203,R,101,26,True,PASS,True
S3_WU05_R_01,S3,3,WU05,S3/WU05,1,R,Y,44,151,43,150,107,1.07,100,44,151,97,L,111,58,78,L,101,26,True,PASS,True
S3_WU05_L_01,S3,3,WU05,S3/WU05,1,L,Y,97,206,96,205,109,1.09,100,97,206,151,R,166,111,131,R,101,26,True,PASS,True
S3_WU05_R_02,S3,3,WU05,S3/WU05,2,R,Y,151,256,150,255,105,1.05,100,151,256,206,L,219,166,186,L,101,26,True,PASS,True
S3_WU06_L_01,S3,3,WU06,S3/WU06,1,L,Y,34,140,33,139,106,1.06,100,34,140,86,R,101,48,67,R,101,26,True,PASS,True
S3_WU06_R_01,S3,3,WU06,S3/WU06,1,R,Y,86,194,85,193,108,1.08,100,86,194,140,L,154,101,120,L,101,26,True,PASS,True
S3_WU06_L_02,S3,3,WU06,S3/WU06,2,L,Y,140,249,139,248,109,1.09,100,140,249,194,R,210,154,174,R,101,26,True,PASS,True
S3_WU07_R_01,S3,3,WU07,S3/WU07,1,R,Y,33,142,32,141,109,1.09,100,33,142,89,L,103,48,69,L,101,26,True,PASS,True
S3_WU07_L_01,S3,3,WU07,S3/WU07,1,L,Y,89,199,88,198,110,1.1,100,89,199,142,R,159,103,122,R,101,26,True,PASS,True
S3_WU07_R_02,S3,3,WU07,S3/WU07,2,R,Y,142,254,141,253,112,1.12,100,142,254,199,L,215,159,179,L,101,26,True,PASS,True
S3_WU07_L_02,S3,3,WU07,S3/WU07,2,L,Y,199,309,198,308,110,1.1,100,199,309,254,R,270,215,233,R,101,26,True,PASS,True
S3_WU07_R_03,S3,3,WU07,S3/WU07,3,R,Y,254,364,253,363,110,1.1,100,254,364,309,L,325,270,290,L,101,26,True,PASS,True
S3_WU11_R_01,S3,3,WU11,S3/WU11,1,R,Y,26,138,25,137,112,1.12,100,26,138,83,L,99,43,62,L,101,26,True,PASS,True
S3_WU11_L_01,S3,3,WU11,S3/WU11,1,L,Y,83,193,82,192,110,1.1,100,83,193,138,R,152,99,119,R,101,26,True,PASS,True
S3_WU11_R_02,S3,3,WU11,S3/WU11,2,R,Y,138,249,137,248,111,1.11,100,138,249,193,L,209,152,173,L,101,26,True,PASS,True
S3_WU11_L_02,S3,3,WU11,S3/WU11,2,L,Y,193,306,192,305,113,1.13,100,193,306,249,R,266,209,228,R,101,26,True,PASS,True
S4_WU01_R_01,S4,4,WU01,S4/WU01,1,R,Y,33,141,32,140,108,1.08,100,33,141,87,L,104,48,66,L,101,26,True,PASS,True
S4_WU01_L_01,S4,4,WU01,S4/WU01,1,L,Y,87,193,86,192,106,1.06,100,87,193,141,R,156,104,121,R,101,26,True,PASS,True
S4_WU01_R_02,S4,4,WU01,S4/WU01,2,R,Y,141,248,140,247,107,1.07,100,141,248,193,L,210,156,174,L,101,26,True,PASS,True
S4_WU02_L_01,S4,4,WU02,S4/WU02,1,L,Y,39,149,38,148,110,1.1,100,39,149,95,R,110,56,75,R,101,26,True,PASS,True
S4_WU02_R_01,S4,4,WU02,S4/WU02,1,R,Y,95,204,94,203,109,1.09,100,95,204,149,L,166,110,129,L,101,26,True,PASS,True
S4_WU03_R_01,S4,4,WU03,S4/WU03,1,R,Y,8,116,7,115,108,1.08,100,8,116,62,L,79,24,43,L,101,26,True,PASS,True
S4_WU03_L_01,S4,4,WU03,S4/WU03,1,L,Y,62,168,61,167,106,1.06,100,62,168,116,R,131,79,97,R,101,26,True,PASS,True
S4_WU03_R_02,S4,4,WU03,S4/WU03,2,R,Y,116,222,115,221,106,1.06,100,116,222,168,L,184,131,149,L,101,26,True,PASS,True
S4_WU04_L_01,S4,4,WU04,S4/WU04,1,L,Y,38,143,37,142,105,1.05,100,38,143,90,R,105,53,71,R,101,26,True,PASS,True
S4_WU04_R_01,S4,4,WU04,S4/WU04,1,R,Y,90,195,89,194,105,1.05,100,90,195,143,L,158,105,123,L,101,26,True,PASS,True
S4_WU05_R_01,S4,4,WU05,S4/WU05,1,R,Y,25,132,24,131,107,1.07,100,25,132,79,L,94,41,59,L,101,26,True,PASS,True
S4_WU05_L_01,S4,4,WU05,S4/WU05,1,L,Y,79,185,78,184,106,1.06,100,79,185,132,R,147,94,113,R,101,26,True,PASS,True
S4_WU05_R_02,S4,4,WU05,S4/WU05,2,R,Y,132,238,131,237,106,1.06,100,132,238,185,L,201,147,166,L,101,26,True,PASS,True
S4_WU06_L_01,S4,4,WU06,S4/WU06,1,L,Y,44,152,43,151,108,1.08,100,44,152,99,R,114,60,79,R,101,26,True,PASS,True
S4_WU06_R_01,S4,4,WU06,S4/WU06,1,R,Y,99,205,98,204,106,1.06,100,99,205,152,L,167,114,133,L,101,26,True,PASS,True
S4_WU07_R_01,S4,4,WU07,S4/WU07,1,R,Y,34,145,33,144,111,1.11,100,34,145,89,L,106,51,69,L,101,26,True,PASS,True
S4_WU07_L_01,S4,4,WU07,S4/WU07,1,L,Y,89,200,88,199,111,1.11,100,89,200,145,R,161,106,125,R,101,26,True,PASS,True
S4_WU07_R_02,S4,4,WU07,S4/WU07,2,R,Y,145,256,144,255,111,1.11,100,145,256,200,L,217,161,180,L,101,26,True,PASS,True
S4_WU08_R_01,S4,4,WU08,S4/WU08,1,R,Y,23,139,22,138,116,1.16,100,23,139,83,L,100,42,61,L,101,26,True,PASS,True
S4_WU08_L_01,S4,4,WU08,S4/WU08,1,L,Y,83,196,82,195,113,1.13,100,83,196,139,R,156,100,118,R,101,26,True,PASS,True
S4_WU08_R_02,S4,4,WU08,S4/WU08,2,R,Y,139,253,138,252,114,1.14,100,139,253,196,L,214,156,175,L,101,26,True,PASS,True
S4_WU10_L_01,S4,4,WU10,S4/WU10,1,L,Y,57,170,56,169,113,1.13,100,57,170,113,R,130,75,94,R,101,26,True,PASS,True
S4_WU10_R_01,S4,4,WU10,S4/WU10,1,R,Y,113,231,112,230,118,1.18,100,113,231,170,L,189,130,149,L,101,26,True,PASS,True
S5_WU01_L_01,S5,5,WU01,S5/WU01,1,L,Y,57,166,56,165,109,1.09,100,57,166,111,R,126,72,91,R,101,26,True,PASS,True
S5_WU02_L_01,S5,5,WU02,S5/WU02,1,L,Y,37,144,36,143,107,1.07,100,37,144,91,R,106,53,71,R,101,26,True,PASS,True
S5_WU02_R_01,S5,5,WU02,S5/WU02,1,R,Y,91,196,90,195,105,1.05,100,91,196,144,L,158,106,124,L,101,26,True,PASS,True
S5_WU03_R_01,S5,5,WU03,S5/WU03,1,R,Y,4,111,3,110,107,1.07,100,4,111,58,L,72,19,38,L,101,26,True,PASS,True
S5_WU03_L_01,S5,5,WU03,S5/WU03,1,L,Y,58,163,57,162,105,1.05,100,58,163,111,R,126,72,91,R,101,26,True,PASS,True
S5_WU04_L_01,S5,5,WU04,S5/WU04,1,L,Y,13,121,12,120,108,1.08,100,13,121,66,R,82,28,46,R,101,26,True,PASS,True
S5_WU04_R_01,S5,5,WU04,S5/WU04,1,R,Y,66,176,65,175,110,1.1,100,66,176,121,L,135,82,101,L,101,26,True,PASS,True
S5_WU05_R_01,S5,5,WU05,S5/WU05,1,R,Y,18,126,17,125,108,1.08,100,18,126,71,L,86,33,51,L,101,26,True,PASS,True
S5_WU05_L_01,S5,5,WU05,S5/WU05,1,L,Y,71,181,70,180,110,1.1,100,71,181,126,R,142,86,106,R,101,26,True,PASS,True
S5_WU05_R_02,S5,5,WU05,S5/WU05,2,R,Y,126,238,125,237,112,1.12,100,126,238,181,L,197,142,160,L,101,26,True,PASS,True
S5_WU07_R_01,S5,5,WU07,S5/WU07,1,R,Y,40,151,39,150,111,1.11,100,40,151,96,L,112,57,76,L,101,26,True,PASS,True
S5_WU07_L_01,S5,5,WU07,S5/WU07,1,L,Y,96,207,95,206,111,1.11,100,96,207,151,R,167,112,131,R,101,26,True,PASS,True
S5_WU07_R_02,S5,5,WU07,S5/WU07,2,R,Y,151,263,150,262,112,1.12,100,151,263,207,L,224,167,187,L,101,26,True,PASS,True
S5_WU08_R_01,S5,5,WU08,S5/WU08,1,R,Y,59,173,58,172,114,1.14,100,59,173,116,L,134,77,96,L,101,26,True,PASS,True
S5_WU09_L_01,S5,5,WU09,S5/WU09,1,L,Y,50,162,49,161,112,1.12,100,50,162,107,R,123,67,86,R,101,26,True,PASS,True
S7_WU01_R_01,S7,7,WU01,S7/WU01,1,R,Y,10,111,9,110,101,1.01,100,10,111,61,L,75,24,42,L,101,26,True,PASS,True
S7_WU01_L_01,S7,7,WU01,S7/WU01,1,L,Y,61,161,60,160,100,1.0,100,61,161,111,R,125,75,92,R,101,26,True,PASS,True
S7_WU01_R_02,S7,7,WU01,S7/WU01,2,R,Y,111,211,110,210,100,1.0,100,111,211,161,L,175,125,142,L,101,26,True,PASS,True
S7_WU01_L_02,S7,7,WU01,S7/WU01,2,L,Y,161,261,160,260,100,1.0,100,161,261,211,R,225,175,193,R,101,26,True,PASS,True
S7_WU02_L_01,S7,7,WU02,S7/WU02,1,L,Y,35,132,34,131,97,0.97,100,35,132,84,R,97,48,65,R,101,26,True,PASS,True
S7_WU02_R_01,S7,7,WU02,S7/WU02,1,R,Y,84,180,83,179,96,0.96,100,84,180,132,L,145,97,113,L,101,26,True,PASS,True
S7_WU02_L_02,S7,7,WU02,S7/WU02,2,L,Y,132,227,131,226,95,0.95,100,132,227,180,R,192,145,162,R,101,26,True,PASS,True
S7_WU03_R_01,S7,7,WU03,S7/WU03,1,R,Y,13,107,12,106,94,0.94,100,13,107,61,L,73,26,42,L,101,26,True,PASS,True
S7_WU03_L_01,S7,7,WU03,S7/WU03,1,L,Y,61,153,60,152,92,0.92,100,61,153,107,R,120,73,90,R,101,26,True,PASS,True
S7_WU03_R_02,S7,7,WU03,S7/WU03,2,R,Y,107,198,106,197,91,0.91,100,107,198,153,L,165,120,136,L,101,26,True,PASS,True
S7_WU03_L_02,S7,7,WU03,S7/WU03,2,L,Y,153,245,152,244,92,0.92,100,153,245,198,R,211,165,181,R,101,26,True,PASS,True
S7_WU04_R_01,S7,7,WU04,S7/WU04,1,R,Y,20,123,19,122,103,1.03,100,20,123,72,L,87,35,53,L,101,26,True,PASS,True
S7_WU04_L_01,S7,7,WU04,S7/WU04,1,L,Y,72,174,71,173,102,1.02,100,72,174,123,R,137,87,103,R,101,26,True,PASS,True
S7_WU04_R_02,S7,7,WU04,S7/WU04,2,R,Y,123,223,122,222,100,1.0,100,123,223,174,L,187,137,154,L,101,26,True,PASS,True
S7_WU05_R_01,S7,7,WU05,S7/WU05,1,R,Y,8,108,7,107,100,1.0,100,8,108,59,L,72,23,40,L,101,26,True,PASS,True
S7_WU05_L_01,S7,7,WU05,S7/WU05,1,L,Y,59,159,58,158,100,1.0,100,59,159,108,R,122,72,90,R,101,26,True,PASS,True
S7_WU05_R_02,S7,7,WU05,S7/WU05,2,R,Y,108,208,107,207,100,1.0,100,108,208,159,L,172,122,139,L,101,26,True,PASS,True
S7_WU05_L_02,S7,7,WU05,S7/WU05,2,L,Y,159,259,158,258,100,1.0,100,159,259,208,R,222,172,189,R,101,26,True,PASS,True
S7_WU05_R_03,S7,7,WU05,S7/WU05,3,R,Y,208,310,207,309,102,1.02,100,208,310,259,L,274,222,240,L,101,26,True,PASS,True
S7_WU06_R_01,S7,7,WU06,S7/WU06,1,R,Y,53,152,52,151,99,0.99,100,53,152,102,L,116,66,83,L,101,26,True,PASS,True
S7_WU07_L_01,S7,7,WU07,S7/WU07,1,L,Y,49,154,48,153,105,1.05,100,49,154,100,R,116,63,81,R,101,26,True,PASS,True
S7_WU07_R_01,S7,7,WU07,S7/WU07,1,R,Y,100,207,99,206,107,1.07,100,100,207,154,L,169,116,134,L,101,26,True,PASS,True
S7_WU07_L_02,S7,7,WU07,S7/WU07,2,L,Y,154,260,153,259,106,1.06,100,154,260,207,R,223,169,188,R,101,26,True,PASS,True
S7_WU09_R_01,S7,7,WU09,S7/WU09,1,R,Y,21,123,20,122,102,1.02,100,21,123,71,L,87,35,52,L,101,26,True,PASS,True
S7_WU09_L_01,S7,7,WU09,S7/WU09,1,L,Y,71,174,70,173,103,1.03,100,71,174,123,R,138,87,104,R,101,26,True,PASS,True
S7_WU09_R_02,S7,7,WU09,S7/WU09,2,R,Y,123,227,122,226,104,1.04,100,123,227,174,L,190,138,155,L,101,26,True,PASS,True
S8_WU01_R_01,S8,8,WU01,S8/WU01,1,R,Y,36,139,35,138,103,1.03,100,36,139,88,L,104,51,69,L,101,26,True,PASS,True
S8_WU01_L_01,S8,8,WU01,S8/WU01,1,L,Y,88,190,87,189,102,1.02,100,88,190,139,R,154,104,120,R,101,26,True,PASS,True
S8_WU01_R_02,S8,8,WU01,S8/WU01,2,R,Y,139,240,138,239,101,1.01,100,139,240,190,L,206,154,172,L,101,26,True,PASS,True
S8_WU02_L_01,S8,8,WU02,S8/WU02,1,L,Y,35,137,34,136,102,1.02,100,35,137,87,R,100,52,68,R,101,26,True,PASS,True
S8_WU02_R_01,S8,8,WU02,S8/WU02,1,R,Y,87,187,86,186,100,1.0,100,87,187,137,L,152,100,118,L,101,26,True,PASS,True
S8_WU02_L_02,S8,8,WU02,S8/WU02,2,L,Y,137,240,136,239,103,1.03,100,137,240,187,R,203,152,169,R,101,26,True,PASS,True
S8_WU02_R_02,S8,8,WU02,S8/WU02,2,R,Y,187,290,186,289,103,1.03,100,187,290,240,L,256,203,221,L,101,26,True,PASS,True
S8_WU03_R_01,S8,8,WU03,S8/WU03,1,R,Y,45,147,44,146,102,1.02,100,45,147,97,L,113,61,79,L,101,26,True,PASS,True
S8_WU03_L_01,S8,8,WU03,S8/WU03,1,L,Y,97,199,96,198,102,1.02,100,97,199,147,R,162,113,129,R,101,26,True,PASS,True
S8_WU04_L_01,S8,8,WU04,S8/WU04,1,L,Y,46,148,45,147,102,1.02,100,46,148,95,R,111,61,77,R,101,26,True,PASS,True
S8_WU04_R_01,S8,8,WU04,S8/WU04,1,R,Y,95,198,94,197,103,1.03,100,95,198,148,L,164,111,129,L,101,26,True,PASS,True
S8_WU04_L_02,S8,8,WU04,S8/WU04,2,L,Y,148,250,147,249,102,1.02,100,148,250,198,R,214,164,180,R,101,26,True,PASS,True
S8_WU05_L_01,S8,8,WU05,S8/WU05,1,L,Y,6,108,5,107,102,1.02,100,6,108,56,R,71,22,38,R,101,26,True,PASS,True
S8_WU05_R_01,S8,8,WU05,S8/WU05,1,R,Y,56,158,55,157,102,1.02,100,56,158,108,L,123,71,89,L,101,26,True,PASS,True
S8_WU05_L_02,S8,8,WU05,S8/WU05,2,L,Y,108,209,107,208,101,1.01,100,108,209,158,R,173,123,139,R,101,26,True,PASS,True
S8_WU05_R_02,S8,8,WU05,S8/WU05,2,R,Y,158,260,157,259,102,1.02,100,158,260,209,L,224,173,191,L,101,26,True,PASS,True
S8_WU06_L_01,S8,8,WU06,S8/WU06,1,L,Y,31,131,30,130,100,1.0,100,31,131,80,R,95,46,62,R,101,26,True,PASS,True
S8_WU06_R_01,S8,8,WU06,S8/WU06,1,R,Y,80,181,79,180,101,1.01,100,80,181,131,L,147,95,112,L,101,26,True,PASS,True
S8_WU06_L_02,S8,8,WU06,S8/WU06,2,L,Y,131,234,130,233,103,1.03,100,131,234,181,R,198,147,163,R,101,26,True,PASS,True
S8_WU06_R_02,S8,8,WU06,S8/WU06,2,R,Y,181,285,180,284,104,1.04,100,181,285,234,L,249,198,215,L,101,26,True,PASS,True
S8_WU07_L_01,S8,8,WU07,S8/WU07,1,L,Y,29,126,28,125,97,0.97,100,29,126,77,R,91,44,59,R,101,26,True,PASS,True
S8_WU07_R_01,S8,8,WU07,S8/WU07,1,R,Y,77,174,76,173,97,0.97,100,77,174,126,L,140,91,107,L,101,26,True,PASS,True
S8_WU07_L_02,S8,8,WU07,S8/WU07,2,L,Y,126,223,125,222,97,0.97,100,126,223,174,R,188,140,155,R,101,26,True,PASS,True
S8_WU08_L_01,S8,8,WU08,S8/WU08,1,L,Y,49,152,48,151,103,1.03,100,49,152,99,R,115,65,81,R,101,26,True,PASS,True
S8_WU08_R_01,S8,8,WU08,S8/WU08,1,R,Y,99,203,98,202,104,1.04,100,99,203,152,L,168,115,133,L,101,26,True,PASS,True
S8_WU08_L_02,S8,8,WU08,S8/WU08,2,L,Y,152,255,151,254,103,1.03,100,152,255,203,R,219,168,184,R,101,26,True,PASS,True
S8_WU09_R_01,S8,8,WU09,S8/WU09,1,R,Y,5,115,4,114,110,1.1,100,5,115,62,L,78,23,41,L,101,26,True,PASS,True
S8_WU09_L_01,S8,8,WU09,S8/WU09,1,L,Y,62,169,61,168,107,1.07,100,62,169,115,R,132,78,96,R,101,26,True,PASS,True
S8_WU09_R_02,S8,8,WU09,S8/WU09,2,R,Y,115,222,114,221,107,1.07,100,115,222,169,L,185,132,150,L,101,26,True,PASS,True
S8_WU09_L_02,S8,8,WU09,S8/WU09,2,L,Y,169,277,168,276,108,1.08,100,169,277,222,R,239,185,202,R,101,26,True,PASS,True
S9_WU01_L_01,S9,9,WU01,S9/WU01,1,L,N,20,123,19,122,103,1.03,100,20,123,73,R,87,36,54,R,101,26,True,PASS,True
S9_WU01_R_01,S9,9,WU01,S9/WU01,1,R,N,73,174,72,173,101,1.01,100,73,174,123,L,138,87,104,L,101,26,True,PASS,True
S9_WU01_L_02,S9,9,WU01,S9/WU01,2,L,N,123,225,122,224,102,1.02,100,123,225,174,R,189,138,155,R,101,26,True,PASS,True
S9_WU02_R_01,S9,9,WU02,S9/WU02,1,R,N,18,119,17,118,101,1.01,100,18,119,68,L,83,31,49,L,101,26,True,PASS,True
S9_WU02_L_01,S9,9,WU02,S9/WU02,1,L,N,68,170,67,169,102,1.02,100,68,170,119,R,133,83,100,R,101,26,True,PASS,True
S9_WU02_R_02,S9,9,WU02,S9/WU02,2,R,N,119,220,118,219,101,1.01,100,119,220,170,L,184,133,151,L,101,26,True,PASS,True
S9_WU02_L_02,S9,9,WU02,S9/WU02,2,L,N,170,272,169,271,102,1.02,100,170,272,220,R,235,184,201,R,101,26,True,PASS,True
S9_WU03_L_01,S9,9,WU03,S9/WU03,1,L,N,13,114,12,113,101,1.01,100,13,114,64,R,78,28,45,R,101,26,True,PASS,True
S9_WU03_R_01,S9,9,WU03,S9/WU03,1,R,N,64,165,63,164,101,1.01,100,64,165,114,L,129,78,95,L,101,26,True,PASS,True
S9_WU03_L_02,S9,9,WU03,S9/WU03,2,L,N,114,218,113,217,104,1.04,100,114,218,165,R,180,129,146,R,101,26,True,PASS,True
S9_WU04_R_01,S9,9,WU04,S9/WU04,1,R,N,41,141,40,140,100,1.0,100,41,141,92,L,105,56,73,L,101,26,True,PASS,True
S9_WU04_L_01,S9,9,WU04,S9/WU04,1,L,N,92,191,91,190,99,0.99,100,92,191,141,R,155,105,122,R,101,26,True,PASS,True
S9_WU04_R_02,S9,9,WU04,S9/WU04,2,R,N,141,239,140,238,98,0.98,100,141,239,191,L,204,155,172,L,101,26,True,PASS,True
S9_WU04_L_02,S9,9,WU04,S9/WU04,2,L,N,191,291,190,290,100,1.0,100,191,291,239,R,255,204,221,R,101,26,True,PASS,True
S9_WU05_R_01,S9,9,WU05,S9/WU05,1,R,N,23,127,22,126,104,1.04,100,23,127,75,L,90,39,56,L,101,26,True,PASS,True
S9_WU05_L_01,S9,9,WU05,S9/WU05,1,L,N,75,180,74,179,105,1.05,100,75,180,127,R,142,90,107,R,101,26,True,PASS,True
S9_WU05_R_02,S9,9,WU05,S9/WU05,2,R,N,127,232,126,231,105,1.05,100,127,232,180,L,195,142,160,L,101,26,True,PASS,True
S9_WU06_L_01,S9,9,WU06,S9/WU06,1,L,N,52,152,51,151,100,1.0,100,52,152,102,R,116,67,84,R,101,26,True,PASS,True
S9_WU06_R_01,S9,9,WU06,S9/WU06,1,R,N,102,201,101,200,99,0.99,100,102,201,152,L,165,116,133,L,101,26,True,PASS,True
S9_WU06_L_02,S9,9,WU06,S9/WU06,2,L,N,152,251,151,250,99,0.99,100,152,251,201,R,215,165,182,R,101,26,True,PASS,True
S9_WU07_R_01,S9,9,WU07,S9/WU07,1,R,N,29,135,28,134,106,1.06,100,29,135,83,L,98,46,63,L,101,26,True,PASS,True
S9_WU07_L_01,S9,9,WU07,S9/WU07,1,L,N,83,188,82,187,105,1.05,100,83,188,135,R,151,98,116,R,101,26,True,PASS,True
S9_WU07_R_02,S9,9,WU07,S9/WU07,2,R,N,135,241,134,240,106,1.06,100,135,241,188,L,204,151,168,L,101,26,True,PASS,True
S9_WU07_L_02,S9,9,WU07,S9/WU07,2,L,N,188,294,187,293,106,1.06,100,188,294,241,R,256,204,221,R,101,26,True,PASS,True
S9_WU07_R_03,S9,9,WU07,S9/WU07,3,R,N,241,347,240,346,106,1.06,100,241,347,294,L,309,256,274,L,101,26,True,PASS,True
S9_WU08_L_01,S9,9,WU08,S9/WU08,1,L,N,34,136,33,135,102,1.02,100,34,136,85,R,99,49,67,R,101,26,True,PASS,True
S9_WU08_R_01,S9,9,WU08,S9/WU08,1,R,N,85,188,84,187,103,1.03,100,85,188,136,L,151,99,117,L,101,26,True,PASS,True
S9_WU08_L_02,S9,9,WU08,S9/WU08,2,L,N,136,240,135,239,104,1.04,100,136,240,188,R,204,151,169,R,101,26,True,PASS,True
S9_WU08_R_02,S9,9,WU08,S9/WU08,2,R,N,188,292,187,291,104,1.04,100,188,292,240,L,254,204,221,L,101,26,True,PASS,True
S9_WU09_L_01,S9,9,WU09,S9/WU09,1,L,N,51,155,50,154,104,1.04,100,51,155,103,R,118,66,83,R,101,26,True,PASS,True
S9_WU09_R_01,S9,9,WU09,S9/WU09,1,R,N,103,208,102,207,105,1.05,100,103,208,155,L,171,118,136,L,101,26,True,PASS,True
S9_WU09_L_02,S9,9,WU09,S9/WU09,2,L,N,155,260,154,259,105,1.05,100,155,260,208,R,223,171,189,R,101,26,True,PASS,True
S9_WU09_R_02,S9,9,WU09,S9/WU09,2,R,N,208,314,207,313,106,1.06,100,208,314,260,L,276,223,241,L,101,26,True,PASS,True
S11_WU01_R_01,S11,11,WU01,S11/WU01,1,R,N,15,117,14,116,102,1.02,100,15,117,65,L,80,29,47,L,101,26,True,PASS,True
S11_WU01_L_01,S11,11,WU01,S11/WU01,1,L,N,65,168,64,167,103,1.03,100,65,168,117,R,132,80,98,R,101,26,True,PASS,True
S11_WU02_R_01,S11,11,WU02,S11/WU02,1,R,N,36,139,35,138,103,1.03,100,36,139,86,L,102,50,67,L,101,26,True,PASS,True
S11_WU02_L_01,S11,11,WU02,S11/WU02,1,L,N,86,189,85,188,103,1.03,100,86,189,139,R,153,102,119,R,101,26,True,PASS,True
S11_WU03_L_01,S11,11,WU03,S11/WU03,1,L,N,25,128,24,127,103,1.03,100,25,128,77,R,92,40,57,R,101,26,True,PASS,True
S11_WU03_R_01,S11,11,WU03,S11/WU03,1,R,N,77,178,76,177,101,1.01,100,77,178,128,L,142,92,110,L,101,26,True,PASS,True
S11_WU03_L_02,S11,11,WU03,S11/WU03,2,L,N,128,229,127,228,101,1.01,100,128,229,178,R,191,142,159,R,101,26,True,PASS,True
S11_WU04_R_01,S11,11,WU04,S11/WU04,1,R,N,26,127,25,126,101,1.01,100,26,127,76,L,91,40,57,L,101,26,True,PASS,True
S11_WU04_L_01,S11,11,WU04,S11/WU04,1,L,N,76,177,75,176,101,1.01,100,76,177,127,R,141,91,108,R,101,26,True,PASS,True
S11_WU05_R_01,S11,11,WU05,S11/WU05,1,R,N,12,114,11,113,102,1.02,100,12,114,62,L,77,26,44,L,101,26,True,PASS,True
S11_WU05_L_01,S11,11,WU05,S11/WU05,1,L,N,62,165,61,164,103,1.03,100,62,165,114,R,129,77,94,R,101,26,True,PASS,True
S11_WU05_R_02,S11,11,WU05,S11/WU05,2,R,N,114,217,113,216,103,1.03,100,114,217,165,L,180,129,146,L,101,26,True,PASS,True
S11_WU06_R_01,S11,11,WU06,S11/WU06,1,R,N,27,129,26,128,102,1.02,100,27,129,77,L,93,42,60,L,101,26,True,PASS,True
S11_WU06_L_01,S11,11,WU06,S11/WU06,1,L,N,77,178,76,177,101,1.01,100,77,178,129,R,143,93,110,R,101,26,True,PASS,True
S11_WU06_R_02,S11,11,WU06,S11/WU06,2,R,N,129,229,128,228,100,1.0,100,129,229,178,L,194,143,160,L,101,26,True,PASS,True
S11_WU07_R_01,S11,11,WU07,S11/WU07,1,R,N,36,145,35,144,109,1.09,100,36,145,89,L,106,52,70,L,101,26,True,PASS,True
S11_WU07_L_01,S11,11,WU07,S11/WU07,1,L,N,89,197,88,196,108,1.08,100,89,197,145,R,160,106,125,R,101,26,True,PASS,True
S11_WU08_R_01,S11,11,WU08,S11/WU08,1,R,N,33,143,32,142,110,1.1,100,33,143,88,L,106,50,68,L,101,26,True,PASS,True
S11_WU08_L_01,S11,11,WU08,S11/WU08,1,L,N,88,197,87,196,109,1.09,100,88,197,143,R,159,106,123,R,101,26,True,PASS,True
S11_WU08_R_02,S11,11,WU08,S11/WU08,2,R,N,143,252,142,251,109,1.09,100,143,252,197,L,215,159,177,L,101,26,True,PASS,True
S11_WU09_R_01,S11,11,WU09,S11/WU09,1,R,N,4,109,3,108,105,1.05,100,4,109,57,L,72,21,38,L,101,26,True,PASS,True
S11_WU09_L_01,S11,11,WU09,S11/WU09,1,L,N,57,163,56,162,106,1.06,100,57,163,109,R,125,72,89,R,101,26,True,PASS,True
S11_WU09_R_02,S11,11,WU09,S11/WU09,2,R,N,109,216,108,215,107,1.07,100,109,216,163,L,181,125,144,L,101,26,True,PASS,True
S12_WU01Copy_R_01,S12,12,WU01Copy,S12/WU01Copy,1,R,N,22,140,21,139,118,1.18,100,22,140,81,L,98,39,60,L,101,26,True,PASS,True
S12_WU01Copy_L_01,S12,12,WU01Copy,S12/WU01Copy,1,L,N,81,200,80,199,119,1.19,100,81,200,140,R,158,98,119,R,101,26,True,PASS,True
S12_WU02Copy_L_01,S12,12,WU02Copy,S12/WU02Copy,1,L,N,8,118,7,117,110,1.1,100,8,118,62,R,79,24,43,R,101,26,True,PASS,True
S12_WU03Copy_L_01,S12,12,WU03Copy,S12/WU03Copy,1,L,N,16,128,15,127,112,1.12,100,16,128,71,R,89,32,51,R,101,26,True,PASS,True
S12_WU03Copy_R_01,S12,12,WU03Copy,S12/WU03Copy,1,R,N,71,185,70,184,114,1.14,100,71,185,128,L,145,89,108,L,101,26,True,PASS,True
S12_WU03Copy_L_02,S12,12,WU03Copy,S12/WU03Copy,2,L,N,128,241,127,240,113,1.13,100,128,241,185,R,201,145,165,R,101,26,True,PASS,True
S12_WU04Copy_L_01,S12,12,WU04Copy,S12/WU04Copy,1,L,N,52,161,51,160,109,1.09,100,52,161,106,R,123,67,86,R,101,26,True,PASS,True
S12_WU04Copy_R_01,S12,12,WU04Copy,S12/WU04Copy,1,R,N,106,217,105,216,111,1.11,100,106,217,161,L,178,123,142,L,101,26,True,PASS,True
S12_WU05Copy_L_01,S12,12,WU05Copy,S12/WU05Copy,1,L,N,30,141,29,140,111,1.11,100,30,141,86,R,103,47,66,R,101,26,True,PASS,True
S12_WU05Copy_R_01,S12,12,WU05Copy,S12/WU05Copy,1,R,N,86,196,85,195,110,1.1,100,86,196,141,L,157,103,122,L,101,26,True,PASS,True
S12_WU05Copy_L_02,S12,12,WU05Copy,S12/WU05Copy,2,L,N,141,250,140,249,109,1.09,100,141,250,196,R,211,157,176,R,101,26,True,PASS,True
S12_WU07Copy_R_01,S12,12,WU07Copy,S12/WU07Copy,1,R,N,8,126,7,125,118,1.18,100,8,126,67,L,85,27,47,L,101,26,True,PASS,True
S12_WU07Copy_L_01,S12,12,WU07Copy,S12/WU07Copy,1,L,N,67,186,66,185,119,1.19,100,67,186,126,R,145,85,105,R,101,26,True,PASS,True
S12_WU07Copy_R_02,S12,12,WU07Copy,S12/WU07Copy,2,R,N,126,244,125,243,118,1.18,100,126,244,186,L,204,145,166,L,101,26,True,PASS,True
S12_WU08Copy_L_01,S12,12,WU08Copy,S12/WU08Copy,1,L,N,41,159,40,158,118,1.18,100,41,159,99,R,118,59,78,R,101,26,True,PASS,True
S12_WU08Copy_R_01,S12,12,WU08Copy,S12/WU08Copy,1,R,N,99,217,98,216,118,1.18,100,99,217,159,L,177,118,139,L,101,26,True,PASS,True
S12_WU08Copy_L_02,S12,12,WU08Copy,S12/WU08Copy,2,L,N,159,275,158,274,116,1.16,100,159,275,217,R,234,177,195,R,101,26,True,PASS,True
S13_WU01_L_01,S13,13,WU01,S13/WU01,1,L,Y,51,156,50,155,105,1.05,100,51,156,103,R,120,67,84,R,101,26,True,PASS,True
S13_WU01_R_01,S13,13,WU01,S13/WU01,1,R,Y,103,209,102,208,106,1.06,100,103,209,156,L,173,120,137,L,101,26,True,PASS,True
S13_WU01_L_02,S13,13,WU01,S13/WU01,2,L,Y,156,260,155,259,104,1.04,100,156,260,209,R,225,173,190,R,101,26,True,PASS,True
S13_WU02_R_01,S13,13,WU02,S13/WU02,1,R,Y,20,121,19,120,101,1.01,100,20,121,72,L,86,37,54,L,101,26,True,PASS,True
S13_WU02_L_01,S13,13,WU02,S13/WU02,1,L,Y,72,172,71,171,100,1.0,100,72,172,121,R,137,86,102,R,101,26,True,PASS,True
S13_WU02_R_02,S13,13,WU02,S13/WU02,2,R,Y,121,223,120,222,102,1.02,100,121,223,172,L,189,137,154,L,101,26,True,PASS,True
S13_WU03_L_01,S13,13,WU03,S13/WU03,1,L,Y,41,145,40,144,104,1.04,100,41,145,92,R,109,57,73,R,101,26,True,PASS,True
S13_WU03_R_01,S13,13,WU03,S13/WU03,1,R,Y,92,195,91,194,103,1.03,100,92,195,145,L,160,109,126,L,101,26,True,PASS,True
S13_WU03_L_02,S13,13,WU03,S13/WU03,2,L,Y,145,245,144,244,100,1.0,100,145,245,195,R,211,160,177,R,101,26,True,PASS,True
S13_WU04_R_01,S13,13,WU04,S13/WU04,1,R,Y,17,116,16,115,99,0.99,100,17,116,67,L,81,32,49,L,101,26,True,PASS,True
S13_WU04_L_01,S13,13,WU04,S13/WU04,1,L,Y,67,167,66,166,100,1.0,100,67,167,116,R,132,81,97,R,101,26,True,PASS,True
S13_WU04_R_02,S13,13,WU04,S13/WU04,2,R,Y,116,217,115,216,101,1.01,100,116,217,167,L,182,132,149,L,101,26,True,PASS,True
S13_WU08_R_01,S13,13,WU08,S13/WU08,1,R,Y,42,158,41,157,116,1.16,100,42,158,101,L,120,63,80,L,101,26,True,PASS,True
S13_WU08_L_01,S13,13,WU08,S13/WU08,1,L,Y,101,216,100,215,115,1.15,100,101,216,158,R,178,120,137,R,101,26,True,PASS,True
S13_WU08_R_02,S13,13,WU08,S13/WU08,2,R,Y,158,273,157,272,115,1.15,100,158,273,216,L,236,178,196,L,101,26,True,PASS,True
S14_WU01_R_01,S14,14,WU01,S14/WU01,1,R,Y,23,130,22,129,107,1.07,100,23,130,76,L,92,40,57,L,101,26,True,PASS,True
S14_WU01_L_01,S14,14,WU01,S14/WU01,1,L,Y,76,182,75,181,106,1.06,100,76,182,130,R,146,92,111,R,101,26,True,PASS,True
S14_WU01_R_02,S14,14,WU01,S14/WU01,2,R,Y,130,234,129,233,104,1.04,100,130,234,182,L,198,146,163,L,101,26,True,PASS,True
S14_WU03_R_01,S14,14,WU03,S14/WU03,1,R,Y,34,131,33,130,97,0.97,100,34,131,82,L,96,47,64,L,101,26,True,PASS,True
S14_WU03_L_01,S14,14,WU03,S14/WU03,1,L,Y,82,180,81,179,98,0.98,100,82,180,131,R,145,96,114,R,101,26,True,PASS,True
S14_WU03_R_02,S14,14,WU03,S14/WU03,2,R,Y,131,232,130,231,101,1.01,100,131,232,180,L,196,145,162,L,101,26,True,PASS,True
S14_WU04_R_01,S14,14,WU04,S14/WU04,1,R,Y,10,105,9,104,95,0.95,100,10,105,57,L,71,23,39,L,101,26,True,PASS,True
S14_WU04_L_01,S14,14,WU04,S14/WU04,1,L,Y,57,153,56,152,96,0.96,100,57,153,105,R,119,71,88,R,101,26,True,PASS,True
S14_WU04_R_02,S14,14,WU04,S14/WU04,2,R,Y,105,201,104,200,96,0.96,100,105,201,153,L,167,119,135,L,101,26,True,PASS,True
S14_WU05_L_01,S14,14,WU05,S14/WU05,1,L,Y,14,125,13,124,111,1.11,100,14,125,70,R,88,33,51,R,101,26,True,PASS,True
S14_WU05_R_01,S14,14,WU05,S14/WU05,1,R,Y,70,180,69,179,110,1.1,100,70,180,125,L,144,88,105,L,101,26,True,PASS,True
S14_WU05_L_02,S14,14,WU05,S14/WU05,2,L,Y,125,231,124,230,106,1.06,100,125,231,180,R,195,144,161,R,101,26,True,PASS,True
S14_WU05_R_02,S14,14,WU05,S14/WU05,2,R,Y,180,283,179,282,103,1.03,100,180,283,231,L,248,195,212,L,101,26,True,PASS,True
S14_WU05_L_03,S14,14,WU05,S14/WU05,3,L,Y,231,335,230,334,104,1.04,100,231,335,283,R,299,248,266,R,101,26,True,PASS,True
S14_WU06_L_01,S14,14,WU06,S14/WU06,1,L,Y,42,140,41,139,98,0.98,100,42,140,93,R,106,57,75,R,101,26,True,PASS,True
S14_WU06_R_01,S14,14,WU06,S14/WU06,1,R,Y,93,190,92,189,97,0.97,100,93,190,140,L,155,106,122,L,101,26,True,PASS,True
S14_WU06_L_02,S14,14,WU06,S14/WU06,2,L,Y,140,239,139,238,99,0.99,100,140,239,190,R,204,155,172,R,101,26,True,PASS,True
S14_WU07_R_01,S14,14,WU07,S14/WU07,1,R,Y,22,128,21,127,106,1.06,100,22,128,75,L,92,39,55,L,101,26,True,PASS,True
S14_WU07_L_01,S14,14,WU07,S14/WU07,1,L,Y,75,179,74,178,104,1.04,100,75,179,128,R,142,92,109,R,101,26,True,PASS,True
S14_WU07_R_02,S14,14,WU07,S14/WU07,2,R,Y,128,231,127,230,103,1.03,100,128,231,179,L,196,142,160,L,101,26,True,PASS,True
S14_WU07_L_02,S14,14,WU07,S14/WU07,2,L,Y,179,282,178,281,103,1.03,100,179,282,231,R,247,196,213,R,101,26,True,PASS,True
S14_WU07_R_03,S14,14,WU07,S14/WU07,3,R,Y,231,334,230,333,103,1.03,100,231,334,282,L,297,247,264,L,101,26,True,PASS,True
S14_WU08_R_01,S14,14,WU08,S14/WU08,1,R,Y,4,110,3,109,106,1.06,100,4,110,58,L,75,22,38,L,101,26,True,PASS,True
S14_WU08_L_01,S14,14,WU08,S14/WU08,1,L,Y,58,164,57,163,106,1.06,100,58,164,110,R,127,75,93,R,101,26,True,PASS,True
S14_WU08_R_02,S14,14,WU08,S14/WU08,2,R,Y,110,219,109,218,109,1.09,100,110,219,164,L,182,127,144,L,101,26,True,PASS,True
S14_WU08_L_02,S14,14,WU08,S14/WU08,2,L,Y,164,275,163,274,111,1.11,100,164,275,219,R,238,182,200,R,101,26,True,PASS,True
S14_WU08_R_03,S14,14,WU08,S14/WU08,3,R,Y,219,330,218,329,111,1.11,100,219,330,275,L,293,238,255,L,101,26,True,PASS,True
S14_WU09_L_01,S14,14,WU09,S14/WU09,1,L,Y,21,126,20,125,105,1.05,100,21,126,74,R,89,37,54,R,101,26,True,PASS,True
S14_WU09_R_01,S14,14,WU09,S14/WU09,1,R,Y,74,179,73,178,105,1.05,100,74,179,126,L,143,89,107,L,101,26,True,PASS,True
S14_WU09_L_02,S14,14,WU09,S14/WU09,2,L,Y,126,231,125,230,105,1.05,100,126,231,179,R,194,143,160,R,101,26,True,PASS,True
S14_WU09_R_02,S14,14,WU09,S14/WU09,2,R,Y,179,284,178,283,105,1.05,100,179,284,231,L,248,194,212,L,101,26,True,PASS,True
S14_WU09_L_03,S14,14,WU09,S14/WU09,3,L,Y,231,338,230,337,107,1.07,100,231,338,284,R,301,248,265,R,101,26,True,PASS,True
S15_WU01_R_01,S15,15,WU01,S15/WU01,1,R,Y,17,116,16,115,99,0.99,100,17,116,68,L,82,35,51,L,101,26,True,PASS,True
S15_WU01_L_01,S15,15,WU01,S15/WU01,1,L,Y,68,167,67,166,99,0.99,100,68,167,116,R,133,82,98,R,101,26,True,PASS,True
S15_WU01_R_02,S15,15,WU01,S15/WU01,2,R,Y,116,214,115,213,98,0.98,100,116,214,167,L,181,133,150,L,101,26,True,PASS,True
S15_WU01_L_02,S15,15,WU01,S15/WU01,2,L,Y,167,262,166,261,95,0.95,100,167,262,214,R,230,181,197,R,101,26,True,PASS,True
S15_WU01_R_03,S15,15,WU01,S15/WU01,3,R,Y,214,310,213,309,96,0.96,100,214,310,262,L,277,230,246,L,101,26,True,PASS,True
S15_WU02_R_01,S15,15,WU02,S15/WU02,1,R,Y,28,121,27,120,93,0.93,100,28,121,75,L,90,43,59,L,101,26,True,PASS,True
S15_WU02_L_01,S15,15,WU02,S15/WU02,1,L,Y,75,170,74,169,95,0.95,100,75,170,121,R,137,90,105,R,101,26,True,PASS,True
S15_WU02_R_02,S15,15,WU02,S15/WU02,2,R,Y,121,215,120,214,94,0.94,100,121,215,170,L,184,137,153,L,101,26,True,PASS,True
S15_WU02_L_02,S15,15,WU02,S15/WU02,2,L,Y,170,263,169,262,93,0.93,100,170,263,215,R,231,184,199,R,101,26,True,PASS,True
S15_WU02_R_03,S15,15,WU02,S15/WU02,3,R,Y,215,310,214,309,95,0.95,100,215,310,263,L,278,231,247,L,101,26,True,PASS,True
S15_WU03_R_01,S15,15,WU03,S15/WU03,1,R,Y,41,135,40,134,94,0.94,100,41,135,89,L,102,57,73,L,101,26,True,PASS,True
S15_WU03_L_01,S15,15,WU03,S15/WU03,1,L,Y,89,184,88,183,95,0.95,100,89,184,135,R,152,102,118,R,101,26,True,PASS,True
S15_WU03_R_02,S15,15,WU03,S15/WU03,2,R,Y,135,232,134,231,97,0.97,100,135,232,184,L,199,152,168,L,101,26,True,PASS,True
S15_WU03_L_02,S15,15,WU03,S15/WU03,2,L,Y,184,278,183,277,94,0.94,100,184,278,232,R,247,199,215,R,101,26,True,PASS,True
S15_WU04_R_01,S15,15,WU04,S15/WU04,1,R,Y,42,136,41,135,94,0.94,100,42,136,90,L,104,57,73,L,101,26,True,PASS,True
S15_WU04_L_01,S15,15,WU04,S15/WU04,1,L,Y,90,183,89,182,93,0.93,100,90,183,136,R,151,104,120,R,101,26,True,PASS,True
S15_WU04_R_02,S15,15,WU04,S15/WU04,2,R,Y,136,226,135,225,90,0.9,100,136,226,183,L,195,151,167,L,101,26,True,PASS,True
S15_WU04_L_02,S15,15,WU04,S15/WU04,2,L,Y,183,271,182,270,88,0.88,100,183,271,226,R,240,195,209,R,101,26,True,PASS,True
S15_WU05_R_01,S15,15,WU05,S15/WU05,1,R,Y,32,124,31,123,92,0.92,100,32,124,79,L,92,46,63,L,101,26,True,PASS,True
S15_WU05_L_01,S15,15,WU05,S15/WU05,1,L,Y,79,171,78,170,92,0.92,100,79,171,124,R,139,92,107,R,101,26,True,PASS,True
S15_WU05_R_02,S15,15,WU05,S15/WU05,2,R,Y,124,215,123,214,91,0.91,100,124,215,171,L,184,139,155,L,101,26,True,PASS,True
S15_WU05_L_02,S15,15,WU05,S15/WU05,2,L,Y,171,262,170,261,91,0.91,100,171,262,215,R,231,184,199,R,101,26,True,PASS,True
S15_WU05_R_03,S15,15,WU05,S15/WU05,3,R,Y,215,305,214,304,90,0.9,100,215,305,262,L,275,231,247,L,101,26,True,PASS,True
S15_WU06_L_01,S15,15,WU06,S15/WU06,1,L,Y,30,124,29,123,94,0.94,100,30,124,74,R,91,42,58,R,101,26,True,PASS,True
S15_WU06_R_01,S15,15,WU06,S15/WU06,1,R,Y,74,170,73,169,96,0.96,100,74,170,124,L,138,91,108,L,101,26,True,PASS,True
S15_WU06_L_02,S15,15,WU06,S15/WU06,2,L,Y,124,218,123,217,94,0.94,100,124,218,170,R,185,138,153,R,101,26,True,PASS,True
S15_WU06_R_02,S15,15,WU06,S15/WU06,2,R,Y,170,264,169,263,94,0.94,100,170,264,218,L,232,185,202,L,101,26,True,PASS,True
S15_WU06_L_03,S15,15,WU06,S15/WU06,3,L,Y,218,312,217,311,94,0.94,100,218,312,264,R,281,232,247,R,101,26,True,PASS,True
S15_WU07_L_01,S15,15,WU07,S15/WU07,1,L,Y,8,103,7,102,95,0.95,100,8,103,54,R,70,22,37,R,101,26,True,PASS,True
S15_WU07_R_01,S15,15,WU07,S15/WU07,1,R,Y,54,150,53,149,96,0.96,100,54,150,103,L,117,70,86,L,101,26,True,PASS,True
S15_WU07_L_02,S15,15,WU07,S15/WU07,2,L,Y,103,199,102,198,96,0.96,100,103,199,150,R,166,117,132,R,101,26,True,PASS,True
S15_WU07_R_02,S15,15,WU07,S15/WU07,2,R,Y,150,246,149,245,96,0.96,100,150,246,199,L,214,166,182,L,101,26,True,PASS,True
S15_WU07_L_03,S15,15,WU07,S15/WU07,3,L,Y,199,295,198,294,96,0.96,100,199,295,246,R,263,214,229,R,101,26,True,PASS,True
S15_WU07_R_03,S15,15,WU07,S15/WU07,3,R,Y,246,342,245,341,96,0.96,100,246,342,295,L,310,263,279,L,101,26,True,PASS,True
S15_WU08_L_01,S15,15,WU08,S15/WU08,1,L,Y,50,146,49,145,96,0.96,100,50,146,96,R,112,63,78,R,101,26,True,PASS,True
S15_WU08_R_01,S15,15,WU08,S15/WU08,1,R,Y,96,194,95,193,98,0.98,100,96,194,146,L,161,112,129,L,101,26,True,PASS,True
S15_WU08_L_02,S15,15,WU08,S15/WU08,2,L,Y,146,245,145,244,99,0.99,100,146,245,194,R,212,161,176,R,101,26,True,PASS,True
S15_WU08_R_02,S15,15,WU08,S15/WU08,2,R,Y,194,292,193,291,98,0.98,100,194,292,245,L,259,212,229,L,101,26,True,PASS,True
S15_WU08_L_03,S15,15,WU08,S15/WU08,3,L,Y,245,341,244,340,96,0.96,100,245,341,292,R,308,259,274,R,101,26,True,PASS,True
S15_WU10_L_01,S15,15,WU10,S15/WU10,1,L,Y,36,132,35,131,96,0.96,100,36,132,82,R,98,50,65,R,101,26,True,PASS,True
S15_WU10_R_01,S15,15,WU10,S15/WU10,1,R,Y,82,177,81,176,95,0.95,100,82,177,132,L,145,98,115,L,101,26,True,PASS,True
S15_WU10_L_02,S15,15,WU10,S15/WU10,2,L,Y,132,228,131,227,96,0.96,100,132,228,177,R,195,145,160,R,101,26,True,PASS,True
S15_WU10_R_02,S15,15,WU10,S15/WU10,2,R,Y,177,273,176,272,96,0.96,100,177,273,228,L,241,195,211,L,101,26,True,PASS,True
S17_WU0_R_01,S17,17,WU0,S17/WU0,1,R,N,44,146,43,145,102,1.02,100,44,146,97,L,112,61,78,L,101,26,True,PASS,True
S17_WU0_L_01,S17,17,WU0,S17/WU0,1,L,N,97,199,96,198,102,1.02,100,97,199,146,R,163,112,128,R,101,26,True,PASS,True
S17_WU0_R_02,S17,17,WU0,S17/WU0,2,R,N,146,248,145,247,102,1.02,100,146,248,199,L,214,163,180,L,101,26,True,PASS,True
S17_WU0_L_02,S17,17,WU0,S17/WU0,2,L,N,199,301,198,300,102,1.02,100,199,301,248,R,265,214,230,R,101,26,True,PASS,True
S17_WU11_L_01,S17,17,WU11,S17/WU11,1,L,N,5,115,4,114,110,1.1,100,5,115,60,R,78,24,41,R,101,26,True,PASS,True
S17_WU11_R_01,S17,17,WU11,S17/WU11,1,R,N,60,168,59,167,108,1.08,100,60,168,115,L,132,78,95,L,101,26,True,PASS,True
S17_WU11_L_02,S17,17,WU11,S17/WU11,2,L,N,115,221,114,220,106,1.06,100,115,221,168,R,185,132,149,R,101,26,True,PASS,True
S17_WU11_R_02,S17,17,WU11,S17/WU11,2,R,N,168,274,167,273,106,1.06,100,168,274,221,L,238,185,203,L,101,26,True,PASS,True
S17_WU11_L_03,S17,17,WU11,S17/WU11,3,L,N,221,330,220,329,109,1.09,100,221,330,274,R,293,238,256,R,101,26,True,PASS,True
S17_WU13_R_01,S17,17,WU13,S17/WU13,1,R,N,16,130,15,129,114,1.14,100,16,130,74,L,94,35,54,L,101,26,True,PASS,True
S17_WU13_L_01,S17,17,WU13,S17/WU13,1,L,N,74,186,73,185,112,1.12,100,74,186,130,R,148,94,111,R,101,26,True,PASS,True
S17_WU13_R_02,S17,17,WU13,S17/WU13,2,R,N,130,240,129,239,110,1.1,100,130,240,186,L,204,148,166,L,101,26,True,PASS,True
S17_WU13_L_02,S17,17,WU13,S17/WU13,2,L,N,186,298,185,297,112,1.12,100,186,298,240,R,259,204,222,R,101,26,True,PASS,True
S17_WU13_R_03,S17,17,WU13,S17/WU13,3,R,N,240,354,239,353,114,1.14,100,240,354,298,L,317,259,279,L,101,26,True,PASS,True
S17_WU3_R_01,S17,17,WU3,S17/WU3,1,R,N,26,130,25,129,104,1.04,100,26,130,79,L,95,42,60,L,101,26,True,PASS,True
S17_WU3_L_01,S17,17,WU3,S17/WU3,1,L,N,79,182,78,181,103,1.03,100,79,182,130,R,145,95,111,R,101,26,True,PASS,True
S17_WU3_R_02,S17,17,WU3,S17/WU3,2,R,N,130,233,129,232,103,1.03,100,130,233,182,L,198,145,163,L,101,26,True,PASS,True
S17_WU3_L_02,S17,17,WU3,S17/WU3,2,L,N,182,286,181,285,104,1.04,100,182,286,233,R,249,198,215,R,101,26,True,PASS,True
S17_WU3_R_03,S17,17,WU3,S17/WU3,3,R,N,233,336,232,335,103,1.03,100,233,336,286,L,302,249,267,L,101,26,True,PASS,True
S17_WU4_R_01,S17,17,WU4,S17/WU4,1,R,N,22,124,21,123,102,1.02,100,22,124,74,L,90,38,55,L,101,26,True,PASS,True
S17_WU4_L_01,S17,17,WU4,S17/WU4,1,L,N,74,177,73,176,103,1.03,100,74,177,124,R,141,90,106,R,101,26,True,PASS,True
S17_WU4_R_02,S17,17,WU4,S17/WU4,2,R,N,124,226,123,225,102,1.02,100,124,226,177,L,192,141,158,L,101,26,True,PASS,True
S17_WU4_L_02,S17,17,WU4,S17/WU4,2,L,N,177,278,176,277,101,1.01,100,177,278,226,R,243,192,209,R,101,26,True,PASS,True
S17_WU5_R_01,S17,17,WU5,S17/WU5,1,R,N,10,114,9,113,104,1.04,100,10,114,64,L,80,26,44,L,101,26,True,PASS,True
S17_WU5_L_01,S17,17,WU5,S17/WU5,1,L,N,64,166,63,165,102,1.02,100,64,166,114,R,130,80,96,R,101,26,True,PASS,True
S17_WU5_R_02,S17,17,WU5,S17/WU5,2,R,N,114,216,113,215,102,1.02,100,114,216,166,L,180,130,147,L,101,26,True,PASS,True
S17_WU5_L_02,S17,17,WU5,S17/WU5,2,L,N,166,268,165,267,102,1.02,100,166,268,216,R,232,180,197,R,101,26,True,PASS,True
S17_WU5_R_03,S17,17,WU5,S17/WU5,3,R,N,216,319,215,318,103,1.03,100,216,319,268,L,284,232,250,L,101,26,True,PASS,True
S17_WU6_R_01,S17,17,WU6,S17/WU6,1,R,N,17,121,16,120,104,1.04,100,17,121,71,L,86,34,52,L,101,26,True,PASS,True
S17_WU6_L_01,S17,17,WU6,S17/WU6,1,L,N,71,174,70,173,103,1.03,100,71,174,121,R,137,86,103,R,101,26,True,PASS,True
S17_WU6_R_02,S17,17,WU6,S17/WU6,2,R,N,121,223,120,222,102,1.02,100,121,223,174,L,189,137,155,L,101,26,True,PASS,True
S17_WU6_L_02,S17,17,WU6,S17/WU6,2,L,N,174,276,173,275,102,1.02,100,174,276,223,R,240,189,206,R,101,26,True,PASS,True
S17_WU7_R_01,S17,17,WU7,S17/WU7,1,R,N,20,124,19,123,104,1.04,100,20,124,73,L,89,36,54,L,101,26,True,PASS,True
S17_WU7_L_01,S17,17,WU7,S17/WU7,1,L,N,73,175,72,174,102,1.02,100,73,175,124,R,139,89,106,R,101,26,True,PASS,True
S17_WU7_R_02,S17,17,WU7,S17/WU7,2,R,N,124,224,123,223,100,1.0,100,124,224,175,L,190,139,156,L,101,26,True,PASS,True
S17_WU7_L_02,S17,17,WU7,S17/WU7,2,L,N,175,277,174,276,102,1.02,100,175,277,224,R,241,190,206,R,101,26,True,PASS,True
S17_WU9_L_01,S17,17,WU9,S17/WU9,1,L,N,37,143,36,142,106,1.06,100,37,143,89,R,107,54,71,R,101,26,True,PASS,True
S17_WU9_R_01,S17,17,WU9,S17/WU9,1,R,N,89,195,88,194,106,1.06,100,89,195,143,L,159,107,124,L,101,26,True,PASS,True
S17_WU9_L_02,S17,17,WU9,S17/WU9,2,L,N,143,251,142,250,108,1.08,100,143,251,195,R,214,159,176,R,101,26,True,PASS,True
S17_WU9_R_02,S17,17,WU9,S17/WU9,2,R,N,195,304,194,303,109,1.09,100,195,304,251,L,269,214,232,L,101,26,True,PASS,True
S17_WU9_L_03,S17,17,WU9,S17/WU9,3,L,N,251,361,250,360,110,1.1,100,251,361,304,R,323,269,286,R,101,26,True,PASS,True
S19_WU02_L_01,S19,19,WU02,S19/WU02,1,L,Y,51,161,50,160,110,1.1,100,51,161,105,R,123,68,86,R,101,26,True,PASS,True
S19_WU03_L_01,S19,19,WU03,S19/WU03,1,L,Y,41,156,40,155,115,1.15,100,41,156,99,R,118,60,79,R,101,26,True,PASS,True
S19_WU03_R_01,S19,19,WU03,S19/WU03,1,R,Y,99,212,98,211,113,1.13,100,99,212,156,L,174,118,137,L,101,26,True,PASS,True
S19_WU04_L_01,S19,19,WU04,S19/WU04,1,L,Y,19,128,18,127,109,1.09,100,19,128,73,R,90,35,54,R,101,26,True,PASS,True
S23_WU01_L_01,S23,23,WU01,S23/WU01,1,L,N,12,109,11,108,97,0.97,100,12,109,61,R,74,25,43,R,101,26,True,PASS,True
S23_WU01_R_01,S23,23,WU01,S23/WU01,1,R,N,61,159,60,158,98,0.98,100,61,159,109,L,123,74,90,L,101,26,True,PASS,True
S23_WU01_L_02,S23,23,WU01,S23/WU01,2,L,N,109,208,108,207,99,0.99,100,109,208,159,R,173,123,140,R,101,26,True,PASS,True
S23_WU01_R_02,S23,23,WU01,S23/WU01,2,R,N,159,256,158,255,97,0.97,100,159,256,208,L,222,173,189,L,101,26,True,PASS,True
S23_WU01_L_03,S23,23,WU01,S23/WU01,3,L,N,208,305,207,304,97,0.97,100,208,305,256,R,270,222,238,R,101,26,True,PASS,True
S23_WU02_R_01,S23,23,WU02,S23/WU02,1,R,N,8,107,7,106,99,0.99,100,8,107,60,L,74,24,41,L,101,26,True,PASS,True
S23_WU02_L_01,S23,23,WU02,S23/WU02,1,L,N,60,153,59,152,93,0.93,100,60,153,107,R,120,74,90,R,101,26,True,PASS,True
S23_WU02_R_02,S23,23,WU02,S23/WU02,2,R,N,107,200,106,199,93,0.93,100,107,200,153,L,166,120,135,L,101,26,True,PASS,True
S23_WU02_L_02,S23,23,WU02,S23/WU02,2,L,N,153,250,152,249,97,0.97,100,153,250,200,R,215,166,183,R,101,26,True,PASS,True
S23_WU02_R_03,S23,23,WU02,S23/WU02,3,R,N,200,300,199,299,100,1.0,100,200,300,250,L,265,215,231,L,101,26,True,PASS,True
S23_WU03_R_01,S23,23,WU03,S23/WU03,1,R,N,13,106,12,105,93,0.93,100,13,106,60,L,72,26,42,L,101,26,True,PASS,True
S23_WU03_L_01,S23,23,WU03,S23/WU03,1,L,N,60,155,59,154,95,0.95,100,60,155,106,R,120,72,89,R,101,26,True,PASS,True
S23_WU03_R_02,S23,23,WU03,S23/WU03,2,R,N,106,203,105,202,97,0.97,100,106,203,155,L,168,120,137,L,101,26,True,PASS,True
S23_WU03_L_02,S23,23,WU03,S23/WU03,2,L,N,155,252,154,251,97,0.97,100,155,252,203,R,216,168,185,R,101,26,True,PASS,True
S23_WU04_L_01,S23,23,WU04,S23/WU04,1,L,N,17,109,16,108,92,0.92,100,17,109,63,R,76,30,46,R,101,26,True,PASS,True
S23_WU04_R_01,S23,23,WU04,S23/WU04,1,R,N,63,157,62,156,94,0.94,100,63,157,109,L,123,76,92,L,101,26,True,PASS,True
S23_WU04_L_02,S23,23,WU04,S23/WU04,2,L,N,109,205,108,204,96,0.96,100,109,205,157,R,170,123,139,R,101,26,True,PASS,True
S23_WU04_R_02,S23,23,WU04,S23/WU04,2,R,N,157,254,156,253,97,0.97,100,157,254,205,L,219,170,186,L,101,26,True,PASS,True
S23_WU04_L_03,S23,23,WU04,S23/WU04,3,L,N,205,303,204,302,98,0.98,100,205,303,254,R,268,219,235,R,101,26,True,PASS,True
S23_WU05_L_01,S23,23,WU05,S23/WU05,1,L,N,38,133,37,132,95,0.95,100,38,133,85,R,99,51,67,R,101,26,True,PASS,True
S23_WU05_R_01,S23,23,WU05,S23/WU05,1,R,N,85,180,84,179,95,0.95,100,85,180,133,L,147,99,115,L,101,26,True,PASS,True
S23_WU05_L_02,S23,23,WU05,S23/WU05,2,L,N,133,230,132,229,97,0.97,100,133,230,180,R,194,147,163,R,101,26,True,PASS,True
S23_WU05_R_02,S23,23,WU05,S23/WU05,2,R,N,180,280,179,279,100,1.0,100,180,280,230,L,243,194,211,L,101,26,True,PASS,True
S23_WU06_L_01,S23,23,WU06,S23/WU06,1,L,N,9,104,8,103,95,0.95,100,9,104,56,R,70,22,39,R,101,26,True,PASS,True
S23_WU06_R_01,S23,23,WU06,S23/WU06,1,R,N,56,152,55,151,96,0.96,100,56,152,104,L,118,70,86,L,101,26,True,PASS,True
S23_WU06_L_02,S23,23,WU06,S23/WU06,2,L,N,104,201,103,200,97,0.97,100,104,201,152,R,166,118,134,R,101,26,True,PASS,True
S23_WU06_R_02,S23,23,WU06,S23/WU06,2,R,N,152,248,151,247,96,0.96,100,152,248,201,L,214,166,182,L,101,26,True,PASS,True
S23_WU07_L_01,S23,23,WU07,S23/WU07,1,L,N,22,123,21,122,101,1.01,100,22,123,72,R,87,37,54,R,101,26,True,PASS,True
S23_WU07_R_01,S23,23,WU07,S23/WU07,1,R,N,72,171,71,170,99,0.99,100,72,171,123,L,136,87,104,L,101,26,True,PASS,True
S23_WU07_L_02,S23,23,WU07,S23/WU07,2,L,N,123,223,122,222,100,1.0,100,123,223,171,R,187,136,153,R,101,26,True,PASS,True
S23_WU07_R_02,S23,23,WU07,S23/WU07,2,R,N,171,273,170,272,102,1.02,100,171,273,223,L,238,187,204,L,101,26,True,PASS,True
S23_WU07_L_03,S23,23,WU07,S23/WU07,3,L,N,223,323,222,322,100,1.0,100,223,323,273,R,288,238,254,R,101,26,True,PASS,True
S23_WU08_L_01,S23,23,WU08,S23/WU08,1,L,N,50,151,49,150,101,1.01,100,50,151,101,R,116,65,82,R,101,26,True,PASS,True
S23_WU08_R_01,S23,23,WU08,S23/WU08,1,R,N,101,202,100,201,101,1.01,100,101,202,151,L,167,116,132,L,101,26,True,PASS,True
S23_WU08_L_02,S23,23,WU08,S23/WU08,2,L,N,151,252,150,251,101,1.01,100,151,252,202,R,217,167,183,R,101,26,True,PASS,True
S23_WU08_R_02,S23,23,WU08,S23/WU08,2,R,N,202,304,201,303,102,1.02,100,202,304,252,L,268,217,233,L,101,26,True,PASS,True
S23_WU09_R_01,S23,23,WU09,S23/WU09,1,R,N,2,102,1,101,100,1.0,100,2,102,54,L,68,19,35,L,101,26,True,PASS,True
S23_WU09_L_01,S23,23,WU09,S23/WU09,1,L,N,54,152,53,151,98,0.98,100,54,152,102,R,118,68,84,R,101,26,True,PASS,True
S23_WU09_R_02,S23,23,WU09,S23/WU09,2,R,N,102,201,101,200,99,0.99,100,102,201,152,L,166,118,134,L,101,26,True,PASS,True
S23_WU09_L_02,S23,23,WU09,S23/WU09,2,L,N,152,251,151,250,99,0.99,100,152,251,201,R,217,166,183,R,101,26,True,PASS,True
S23_WU09_R_03,S23,23,WU09,S23/WU09,3,R,N,201,302,200,301,101,1.01,100,201,302,251,L,267,217,233,L,101,26,True,PASS,True
S26_WU01_L_01,S26,26,WU01,S26/WU01,1,L,Y,28,124,27,123,96,0.96,100,28,124,76,R,92,43,58,R,101,26,True,PASS,True
S26_WU01_R_01,S26,26,WU01,S26/WU01,1,R,Y,76,172,75,171,96,0.96,100,76,172,124,L,140,92,108,L,101,26,True,PASS,True
S26_WU01_L_02,S26,26,WU01,S26/WU01,2,L,Y,124,220,123,219,96,0.96,100,124,220,172,R,188,140,155,R,101,26,True,PASS,True
S26_WU01_R_02,S26,26,WU01,S26/WU01,2,R,Y,172,265,171,264,93,0.93,100,172,265,220,L,235,188,204,L,101,26,True,PASS,True
S26_WU01_L_03,S26,26,WU01,S26/WU01,3,L,Y,220,313,219,312,93,0.93,100,220,313,265,R,281,235,248,R,101,26,True,PASS,True
S26_WU02_L_01,S26,26,WU02,S26/WU02,1,L,Y,31,138,30,137,107,1.07,100,31,138,84,R,104,50,65,R,101,26,True,PASS,True
S26_WU02_R_01,S26,26,WU02,S26/WU02,1,R,Y,84,188,83,187,104,1.04,100,84,188,138,L,155,104,121,L,101,26,True,PASS,True
S26_WU02_L_02,S26,26,WU02,S26/WU02,2,L,Y,138,240,137,239,102,1.02,100,138,240,188,R,206,155,170,R,101,26,True,PASS,True
S26_WU02_R_02,S26,26,WU02,S26/WU02,2,R,Y,188,290,187,289,102,1.02,100,188,290,240,L,257,206,223,L,101,26,True,PASS,True
S26_WU02_L_03,S26,26,WU02,S26/WU02,3,L,Y,240,343,239,342,103,1.03,100,240,343,290,R,309,257,272,R,101,26,True,PASS,True
S26_WU02_R_03,S26,26,WU02,S26/WU02,3,R,Y,290,394,289,393,104,1.04,100,290,394,343,L,360,309,326,L,101,26,True,PASS,True
S26_WU03_R_01,S26,26,WU03,S26/WU03,1,R,Y,50,148,49,147,98,0.98,100,50,148,100,L,115,66,82,L,101,26,True,PASS,True
S26_WU03_L_01,S26,26,WU03,S26/WU03,1,L,Y,100,199,99,198,99,0.99,100,100,199,148,R,165,115,130,R,101,26,True,PASS,True
S26_WU03_R_02,S26,26,WU03,S26/WU03,2,R,Y,148,248,147,247,100,1.0,100,148,248,199,L,215,165,182,L,101,26,True,PASS,True
S26_WU04_R_01,S26,26,WU04,S26/WU04,1,R,Y,4,99,3,98,95,0.95,100,4,99,52,L,67,19,35,L,101,26,True,PASS,True
S26_WU04_L_01,S26,26,WU04,S26/WU04,1,L,Y,52,147,51,146,95,0.95,100,52,147,99,R,115,67,82,R,101,26,True,PASS,True
S26_WU04_R_02,S26,26,WU04,S26/WU04,2,R,Y,99,194,98,193,95,0.95,100,99,194,147,L,162,115,131,L,101,26,True,PASS,True
S26_WU04_L_02,S26,26,WU04,S26/WU04,2,L,Y,147,243,146,242,96,0.96,100,147,243,194,R,210,162,177,R,101,26,True,PASS,True
S26_WU04_R_03,S26,26,WU04,S26/WU04,3,R,Y,194,291,193,290,97,0.97,100,194,291,243,L,259,210,226,L,101,26,True,PASS,True
S26_WU05_L_01,S26,26,WU05,S26/WU05,1,L,Y,9,108,8,107,99,0.99,100,9,108,58,R,75,25,40,R,101,26,True,PASS,True
S26_WU05_R_01,S26,26,WU05,S26/WU05,1,R,Y,58,158,57,157,100,1.0,100,58,158,108,L,124,75,91,L,101,26,True,PASS,True
S26_WU05_L_02,S26,26,WU05,S26/WU05,2,L,Y,108,209,107,208,101,1.01,100,108,209,158,R,175,124,140,R,101,26,True,PASS,True
S26_WU05_R_02,S26,26,WU05,S26/WU05,2,R,Y,158,258,157,257,100,1.0,100,158,258,209,L,226,175,192,L,101,26,True,PASS,True
S26_WU06_R_01,S26,26,WU06,S26/WU06,1,R,Y,15,108,14,107,93,0.93,100,15,108,62,L,77,30,45,L,101,26,True,PASS,True
S26_WU06_L_01,S26,26,WU06,S26/WU06,1,L,Y,62,155,61,154,93,0.93,100,62,155,108,R,123,77,91,R,101,26,True,PASS,True
S26_WU06_R_02,S26,26,WU06,S26/WU06,2,R,Y,108,202,107,201,94,0.94,100,108,202,155,L,170,123,139,L,101,26,True,PASS,True
S26_WU06_L_02,S26,26,WU06,S26/WU06,2,L,Y,155,250,154,249,95,0.95,100,155,250,202,R,218,170,184,R,101,26,True,PASS,True
S26_WU06_R_03,S26,26,WU06,S26/WU06,3,R,Y,202,297,201,296,95,0.95,100,202,297,250,L,265,218,234,L,101,26,True,PASS,True
S26_WU06_L_03,S26,26,WU06,S26/WU06,3,L,Y,250,346,249,345,96,0.96,100,250,346,297,R,314,265,281,R,101,26,True,PASS,True
S26_WU07_L_01,S26,26,WU07,S26/WU07,1,L,Y,85,217,84,216,132,1.32,100,85,217,159,R,182,119,136,R,101,26,True,PASS,True
S26_WU07_R_01,S26,26,WU07,S26/WU07,1,R,Y,159,271,158,270,112,1.12,100,159,271,217,L,236,182,199,L,101,26,True,PASS,True
S26_WU07_L_02,S26,26,WU07,S26/WU07,2,L,Y,217,323,216,322,106,1.06,100,217,323,271,R,289,236,251,R,101,26,True,PASS,True
S26_WU07_R_02,S26,26,WU07,S26/WU07,2,R,Y,271,374,270,373,103,1.03,100,271,374,323,L,340,289,306,L,101,26,True,PASS,True
S26_WU07_L_03,S26,26,WU07,S26/WU07,3,L,Y,323,427,322,426,104,1.04,100,323,427,374,R,393,340,356,R,101,26,True,PASS,True
S26_WU08_L_01,S26,26,WU08,S26/WU08,1,L,Y,33,127,32,126,94,0.94,100,33,127,80,R,95,47,62,R,101,26,True,PASS,True
S26_WU08_R_01,S26,26,WU08,S26/WU08,1,R,Y,80,173,79,172,93,0.93,100,80,173,127,L,141,95,110,L,101,26,True,PASS,True
S26_WU08_L_02,S26,26,WU08,S26/WU08,2,L,Y,127,221,126,220,94,0.94,100,127,221,173,R,188,141,156,R,101,26,True,PASS,True
S26_WU08_R_02,S26,26,WU08,S26/WU08,2,R,Y,173,268,172,267,95,0.95,100,173,268,221,L,235,188,204,L,101,26,True,PASS,True
S26_WU08_L_03,S26,26,WU08,S26/WU08,3,L,Y,221,317,220,316,96,0.96,100,221,317,268,R,284,235,250,R,101,26,True,PASS,True
S26_WU09_R_01,S26,26,WU09,S26/WU09,1,R,Y,39,134,38,133,95,0.95,100,39,134,87,L,102,55,71,L,101,26,True,PASS,True
S26_WU09_L_01,S26,26,WU09,S26/WU09,1,L,Y,87,185,86,184,98,0.98,100,87,185,134,R,151,102,116,R,101,26,True,PASS,True
S26_WU09_R_02,S26,26,WU09,S26/WU09,2,R,Y,134,233,133,232,99,0.99,100,134,233,185,L,200,151,168,L,101,26,True,PASS,True
S26_WU09_L_02,S26,26,WU09,S26/WU09,2,L,Y,185,282,184,281,97,0.97,100,185,282,233,R,249,200,216,R,101,26,True,PASS,True
S26_WU09_R_03,S26,26,WU09,S26/WU09,3,R,Y,233,332,232,331,99,0.99,100,233,332,282,L,299,249,265,L,101,26,True,PASS,True
S27_WU01_L_01,S27,27,WU01,S27/WU01,1,L,Y,5,108,4,107,103,1.03,100,5,108,57,R,71,20,38,R,101,26,True,PASS,True
S27_WU01_R_01,S27,27,WU01,S27/WU01,1,R,Y,57,162,56,161,105,1.05,100,57,162,108,L,124,71,89,L,101,26,True,PASS,True
S27_WU01_L_02,S27,27,WU01,S27/WU01,2,L,Y,108,214,107,213,106,1.06,100,108,214,162,R,176,124,143,R,101,26,True,PASS,True
S27_WU01_R_02,S27,27,WU01,S27/WU01,2,R,Y,162,266,161,265,104,1.04,100,162,266,214,L,230,176,194,L,101,26,True,PASS,True
S27_WU02_L_01,S27,27,WU02,S27/WU02,1,L,Y,35,136,34,135,101,1.01,100,35,136,85,R,99,48,66,R,101,26,True,PASS,True
S27_WU02_R_01,S27,27,WU02,S27/WU02,1,R,Y,85,185,84,184,100,1.0,100,85,185,136,L,149,99,116,L,101,26,True,PASS,True
S27_WU02_L_02,S27,27,WU02,S27/WU02,2,L,Y,136,235,135,234,99,0.99,100,136,235,185,R,198,149,167,R,101,26,True,PASS,True
S27_WU03_L_01,S27,27,WU03,S27/WU03,1,L,Y,54,152,53,151,98,0.98,100,54,152,102,R,115,67,84,R,101,26,True,PASS,True
S27_WU03_R_01,S27,27,WU03,S27/WU03,1,R,Y,102,200,101,199,98,0.98,100,102,200,152,L,165,115,132,L,101,26,True,PASS,True
S27_WU04_L_01,S27,27,WU04,S27/WU04,1,L,Y,16,113,15,112,97,0.97,100,16,113,65,R,77,29,47,R,101,26,True,PASS,True
S27_WU04_R_01,S27,27,WU04,S27/WU04,1,R,Y,65,163,64,162,98,0.98,100,65,163,113,L,127,77,94,L,101,26,True,PASS,True
S27_WU04_L_02,S27,27,WU04,S27/WU04,2,L,Y,113,212,112,211,99,0.99,100,113,212,163,R,175,127,145,R,101,26,True,PASS,True
S27_WU05_L_01,S27,27,WU05,S27/WU05,1,L,Y,37,135,36,134,98,0.98,100,37,135,86,R,99,51,68,R,101,26,True,PASS,True
S27_WU05_R_01,S27,27,WU05,S27/WU05,1,R,Y,86,186,85,185,100,1.0,100,86,186,135,L,149,99,116,L,101,26,True,PASS,True
S27_WU05_L_02,S27,27,WU05,S27/WU05,2,L,Y,135,238,134,237,103,1.03,100,135,238,186,R,200,149,167,R,101,26,True,PASS,True
S27_WU05_R_02,S27,27,WU05,S27/WU05,2,R,Y,186,288,185,287,102,1.02,100,186,288,238,L,252,200,218,L,101,26,True,PASS,True
S27_WU06_L_01,S27,27,WU06,S27/WU06,1,L,Y,6,105,5,104,99,0.99,100,6,105,55,R,68,19,37,R,101,26,True,PASS,True
S27_WU06_R_01,S27,27,WU06,S27/WU06,1,R,Y,55,155,54,154,100,1.0,100,55,155,105,L,119,68,86,L,101,26,True,PASS,True
S27_WU06_L_02,S27,27,WU06,S27/WU06,2,L,Y,105,205,104,204,100,1.0,100,105,205,155,R,168,119,137,R,101,26,True,PASS,True
S27_WU06_R_02,S27,27,WU06,S27/WU06,2,R,Y,155,257,154,256,102,1.02,100,155,257,205,L,220,168,186,L,101,26,True,PASS,True
S27_WU07_L_01,S27,27,WU07,S27/WU07,1,L,Y,37,139,36,138,102,1.02,100,37,139,90,R,102,53,71,R,101,26,True,PASS,True
S27_WU07_R_01,S27,27,WU07,S27/WU07,1,R,Y,90,189,89,188,99,0.99,100,90,189,139,L,153,102,120,L,101,26,True,PASS,True
S27_WU07_L_02,S27,27,WU07,S27/WU07,2,L,Y,139,240,138,239,101,1.01,100,139,240,189,R,202,153,171,R,101,26,True,PASS,True
S27_WU07_R_02,S27,27,WU07,S27/WU07,2,R,Y,189,292,188,291,103,1.03,100,189,292,240,L,254,202,220,L,101,26,True,PASS,True
S27_WU07_L_03,S27,27,WU07,S27/WU07,3,L,Y,240,346,239,345,106,1.06,100,240,346,292,R,306,254,272,R,101,26,True,PASS,True
S27_WU08_L_01,S27,27,WU08,S27/WU08,1,L,Y,44,148,43,147,104,1.04,100,44,148,96,R,111,60,78,R,101,26,True,PASS,True
S27_WU08_R_01,S27,27,WU08,S27/WU08,1,R,Y,96,200,95,199,104,1.04,100,96,200,148,L,163,111,129,L,101,26,True,PASS,True
S27_WU08_L_02,S27,27,WU08,S27/WU08,2,L,Y,148,254,147,253,106,1.06,100,148,254,200,R,216,163,181,R,101,26,True,PASS,True
S27_WU09_L_01,S27,27,WU09,S27/WU09,1,L,Y,13,115,12,114,102,1.02,100,13,115,65,R,78,28,46,R,101,26,True,PASS,True
S27_WU09_R_01,S27,27,WU09,S27/WU09,1,R,Y,65,166,64,165,101,1.01,100,65,166,115,L,129,78,95,L,101,26,True,PASS,True
S27_WU09_L_02,S27,27,WU09,S27/WU09,2,L,Y,115,217,114,216,102,1.02,100,115,217,166,R,180,129,147,R,101,26,True,PASS,True
S27_WU09_R_02,S27,27,WU09,S27/WU09,2,R,Y,166,268,165,267,102,1.02,100,166,268,217,L,232,180,197,L,101,26,True,PASS,True
S27_WU09_L_03,S27,27,WU09,S27/WU09,3,L,Y,217,319,216,318,102,1.02,100,217,319,268,R,282,232,250,R,101,26,True,PASS,True
S27_WU10_L_01,S27,27,WU10,S27/WU10,1,L,Y,48,151,47,150,103,1.03,100,48,151,99,R,113,63,80,R,101,26,True,PASS,True
S27_WU10_R_01,S27,27,WU10,S27/WU10,1,R,Y,99,204,98,203,105,1.05,100,99,204,151,L,166,113,131,L,101,26,True,PASS,True
S27_WU10_L_02,S27,27,WU10,S27/WU10,2,L,Y,151,256,150,255,105,1.05,100,151,256,204,R,218,166,185,R,101,26,True,PASS,True
S30_WU04_L_01,S30,30,WU04,S30/WU04,1,L,N,28,132,27,131,104,1.04,100,28,132,79,R,94,42,60,R,101,26,True,PASS,True
S30_WU04_R_01,S30,30,WU04,S30/WU04,1,R,N,79,186,78,185,107,1.07,100,79,186,132,L,147,94,113,L,101,26,True,PASS,True
S30_WU06_R_01,S30,30,WU06,S30/WU06,1,R,N,31,136,30,135,105,1.05,100,31,136,83,L,98,45,64,L,101,26,True,PASS,True
S31_WU01_R_01,S31,31,WU01,S31/WU01,1,R,Y,21,139,20,138,118,1.18,100,21,139,77,L,96,38,56,L,101,26,True,PASS,True
S31_WU01_L_01,S31,31,WU01,S31/WU01,1,L,Y,77,199,76,198,122,1.22,100,77,199,139,R,158,96,117,R,101,26,True,PASS,True
S31_WU01_R_02,S31,31,WU01,S31/WU01,2,R,Y,139,258,138,257,119,1.19,100,139,258,199,L,217,158,177,L,101,26,True,PASS,True
S31_WU01_L_02,S31,31,WU01,S31/WU01,2,L,Y,199,316,198,315,117,1.17,100,199,316,258,R,277,217,237,R,101,26,True,PASS,True
S31_WU02_L_01,S31,31,WU02,S31/WU02,1,L,Y,40,158,39,157,118,1.18,100,40,158,99,R,117,59,78,R,101,26,True,PASS,True
S31_WU02_R_01,S31,31,WU02,S31/WU02,1,R,Y,99,217,98,216,118,1.18,100,99,217,158,L,176,117,136,L,101,26,True,PASS,True
S31_WU02_L_02,S31,31,WU02,S31/WU02,2,L,Y,158,276,157,275,118,1.18,100,158,276,217,R,236,176,196,R,101,26,True,PASS,True
S31_WU02_R_02,S31,31,WU02,S31/WU02,2,R,Y,217,335,216,334,118,1.18,100,217,335,276,L,295,236,255,L,101,26,True,PASS,True
S31_WU02_L_03,S31,31,WU02,S31/WU02,3,L,Y,276,397,275,396,121,1.21,100,276,397,335,R,354,295,314,R,101,26,True,PASS,True
S31_WU06_L_01,S31,31,WU06,S31/WU06,1,L,Y,23,141,22,140,118,1.18,100,23,141,82,R,100,41,60,R,101,26,True,PASS,True
S31_WU06_R_01,S31,31,WU06,S31/WU06,1,R,Y,82,201,81,200,119,1.19,100,82,201,141,L,159,100,119,L,101,26,True,PASS,True
S31_WU06_L_02,S31,31,WU06,S31/WU06,2,L,Y,141,260,140,259,119,1.19,100,141,260,201,R,219,159,179,R,101,26,True,PASS,True
S31_WU06_R_02,S31,31,WU06,S31/WU06,2,R,Y,201,319,200,318,118,1.18,100,201,319,260,L,278,219,239,L,101,26,True,PASS,True
S31_WU06_L_03,S31,31,WU06,S31/WU06,3,L,Y,260,381,259,380,121,1.21,100,260,381,319,R,339,278,297,R,101,26,True,PASS,True
S31_WU07_R_01,S31,31,WU07,S31/WU07,1,R,Y,45,161,44,160,116,1.16,100,45,161,102,L,121,62,81,L,101,26,True,PASS,True
S31_WU07_L_01,S31,31,WU07,S31/WU07,1,L,Y,102,219,101,218,117,1.17,100,102,219,161,R,179,121,140,R,101,26,True,PASS,True
S31_WU07_R_02,S31,31,WU07,S31/WU07,2,R,Y,161,279,160,278,118,1.18,100,161,279,219,L,238,179,198,L,101,26,True,PASS,True
S31_WU07_L_02,S31,31,WU07,S31/WU07,2,L,Y,219,336,218,335,117,1.17,100,219,336,279,R,297,238,257,R,101,26,True,PASS,True
S31_WU08_R_01,S31,31,WU08,S31/WU08,1,R,Y,34,146,33,145,112,1.12,100,34,146,90,L,107,52,69,L,101,26,True,PASS,True
S31_WU08_L_01,S31,31,WU08,S31/WU08,1,L,Y,90,204,89,203,114,1.14,100,90,204,146,R,164,107,126,R,101,26,True,PASS,True
S31_WU08_R_02,S31,31,WU08,S31/WU08,2,R,Y,146,261,145,260,115,1.15,100,146,261,204,L,221,164,182,L,101,26,True,PASS,True
S31_WU08_L_02,S31,31,WU08,S31/WU08,2,L,Y,204,319,203,318,115,1.15,100,204,319,261,R,279,221,240,R,101,26,True,PASS,True
S31_WU08_R_03,S31,31,WU08,S31/WU08,3,R,Y,261,378,260,377,117,1.17,100,261,378,319,L,339,279,297,L,101,26,True,PASS,True
S31_WU10_L_01,S31,31,WU10,S31/WU10,1,L,Y,23,138,22,137,115,1.15,100,23,138,80,R,99,40,59,R,101,26,True,PASS,True
S31_WU10_R_01,S31,31,WU10,S31/WU10,1,R,Y,80,196,79,195,116,1.16,100,80,196,138,L,156,99,116,L,101,26,True,PASS,True
S31_WU10_L_02,S31,31,WU10,S31/WU10,2,L,Y,138,254,137,253,116,1.16,100,138,254,196,R,215,156,176,R,101,26,True,PASS,True
S31_WU10_R_02,S31,31,WU10,S31/WU10,2,R,Y,196,312,195,311,116,1.16,100,196,312,254,L,272,215,233,L,101,26,True,PASS,True
S31_WU11_R_01,S31,31,WU11,S31/WU11,1,R,Y,52,171,51,170,119,1.19,100,52,171,111,L,130,72,90,L,101,26,True,PASS,True
S31_WU11_L_01,S31,31,WU11,S31/WU11,1,L,Y,111,233,110,232,122,1.22,100,111,233,171,R,191,130,149,R,101,26,True,PASS,True
S31_WU11_R_02,S31,31,WU11,S31/WU11,2,R,Y,171,293,170,292,122,1.22,100,171,293,233,L,253,191,211,L,101,26,True,PASS,True
S31_WU11_L_02,S31,31,WU11,S31/WU11,2,L,Y,233,354,232,353,121,1.21,100,233,354,293,R,313,253,271,R,101,26,True,PASS,True
S31_WU13_L_01,S31,31,WU13,S31/WU13,1,L,Y,42,169,41,168,127,1.27,100,42,169,104,R,126,63,82,R,101,26,True,PASS,True
S31_WU13_R_01,S31,31,WU13,S31/WU13,1,R,Y,104,231,103,230,127,1.27,100,104,231,169,L,190,126,146,L,101,26,True,PASS,True
S32_WU01_R_01,S32,32,WU01,S32/WU01,1,R,Y,28,137,27,136,109,1.09,100,28,137,82,L,100,43,63,L,101,26,True,PASS,True
S32_WU02_L_01,S32,32,WU02,S32/WU02,1,L,Y,42,149,41,148,107,1.07,100,42,149,95,R,111,58,76,R,101,26,True,PASS,True
S32_WU04_R_01,S32,32,WU04,S32/WU04,1,R,Y,28,135,27,134,107,1.07,100,28,135,82,L,98,44,63,L,101,26,True,PASS,True
S32_WU04_L_01,S32,32,WU04,S32/WU04,1,L,Y,82,188,81,187,106,1.06,100,82,188,135,R,151,98,116,R,101,26,True,PASS,True
S32_WU05_R_01,S32,32,WU05,S32/WU05,1,R,Y,30,139,29,138,109,1.09,100,30,139,84,L,101,46,65,L,101,26,True,PASS,True
S32_WU05_L_01,S32,32,WU05,S32/WU05,1,L,Y,84,194,83,193,110,1.1,100,84,194,139,R,155,101,120,R,101,26,True,PASS,True
S32_WU06_L_01,S32,32,WU06,S32/WU06,1,L,Y,27,134,26,133,107,1.07,100,27,134,80,R,95,43,60,R,101,26,True,PASS,True
S32_WU06_R_01,S32,32,WU06,S32/WU06,1,R,Y,80,186,79,185,106,1.06,100,80,186,134,L,149,95,114,L,101,26,True,PASS,True
S32_WU07_L_01,S32,32,WU07,S32/WU07,1,L,Y,50,153,49,152,103,1.03,100,50,153,102,R,116,65,83,R,101,26,True,PASS,True
S32_WU08_R_01,S32,32,WU08,S32/WU08,1,R,Y,45,154,44,153,109,1.09,100,45,154,100,L,116,61,81,L,101,26,True,PASS,True
S32_WU08_L_01,S32,32,WU08,S32/WU08,1,L,Y,100,211,99,210,111,1.11,100,100,211,154,R,172,116,134,R,101,26,True,PASS,True
S32_WU09_L_01,S32,32,WU09,S32/WU09,1,L,Y,26,132,25,131,106,1.06,100,26,132,78,R,94,41,59,R,101,26,True,PASS,True
S32_WU09_R_01,S32,32,WU09,S32/WU09,1,R,Y,78,184,77,183,106,1.06,100,78,184,132,L,148,94,113,L,101,26,True,PASS,True
S32_WU10_L_01,S32,32,WU10,S32/WU10,1,L,Y,28,142,27,141,114,1.14,100,28,142,83,R,102,45,63,R,101,26,True,PASS,True
S32_WU10_R_01,S32,32,WU10,S32/WU10,1,R,Y,83,202,82,201,119,1.19,100,83,202,142,L,160,102,122,L,101,26,True,PASS,True
S32_WU11_L_01,S32,32,WU11,S32/WU11,1,L,Y,44,152,43,151,108,1.08,100,44,152,97,R,112,59,77,R,101,26,True,PASS,True
S34_WU01_R_01,S34,34,WU01,S34/WU01,1,R,Y,41,137,40,136,96,0.96,100,41,137,90,L,104,55,71,L,101,26,True,PASS,True
S34_WU01_L_01,S34,34,WU01,S34/WU01,1,L,Y,90,185,89,184,95,0.95,100,90,185,137,R,150,104,119,R,101,26,True,PASS,True
S34_WU01_R_02,S34,34,WU01,S34/WU01,2,R,Y,137,234,136,233,97,0.97,100,137,234,185,L,201,150,167,L,101,26,True,PASS,True
S34_WU02_R_01,S34,34,WU02,S34/WU02,1,R,Y,47,145,46,144,98,0.98,100,47,145,96,L,112,61,78,L,101,26,True,PASS,True
S34_WU02_L_01,S34,34,WU02,S34/WU02,1,L,Y,96,194,95,193,98,0.98,100,96,194,145,R,159,112,127,R,101,26,True,PASS,True
S34_WU02_R_02,S34,34,WU02,S34/WU02,2,R,Y,145,242,144,241,97,0.97,100,145,242,194,L,210,159,176,L,101,26,True,PASS,True
S34_WU02_L_02,S34,34,WU02,S34/WU02,2,L,Y,194,293,193,292,99,0.99,100,194,293,242,R,258,210,225,R,101,26,True,PASS,True
S34_WU03_L_01,S34,34,WU03,S34/WU03,1,L,Y,6,98,5,97,92,0.92,100,6,98,52,R,65,19,34,R,101,26,True,PASS,True
S34_WU03_R_01,S34,34,WU03,S34/WU03,1,R,Y,52,145,51,144,93,0.93,100,52,145,98,L,113,65,81,L,101,26,True,PASS,True
S34_WU03_L_02,S34,34,WU03,S34/WU03,2,L,Y,98,191,97,190,93,0.93,100,98,191,145,R,158,113,128,R,101,26,True,PASS,True
S34_WU03_R_02,S34,34,WU03,S34/WU03,2,R,Y,145,237,144,236,92,0.92,100,145,237,191,L,204,158,173,L,101,26,True,PASS,True
S34_WU04_R_01,S34,34,WU04,S34/WU04,1,R,Y,2,99,1,98,97,0.97,100,2,99,51,L,66,18,34,L,101,26,True,PASS,True
S34_WU04_L_01,S34,34,WU04,S34/WU04,1,L,Y,51,147,50,146,96,0.96,100,51,147,99,R,114,66,81,R,101,26,True,PASS,True
S34_WU04_R_02,S34,34,WU04,S34/WU04,2,R,Y,99,195,98,194,96,0.96,100,99,195,147,L,162,114,129,L,101,26,True,PASS,True
S34_WU04_L_02,S34,34,WU04,S34/WU04,2,L,Y,147,242,146,241,95,0.95,100,147,242,195,R,209,162,177,R,101,26,True,PASS,True
S34_WU04_R_03,S34,34,WU04,S34/WU04,3,R,Y,195,289,194,288,94,0.94,100,195,289,242,L,256,209,224,L,101,26,True,PASS,True
S34_WU05_L_01,S34,34,WU05,S34/WU05,1,L,Y,39,132,38,131,93,0.93,100,39,132,86,R,99,53,68,R,101,26,True,PASS,True
S34_WU05_R_01,S34,34,WU05,S34/WU05,1,R,Y,86,178,85,177,92,0.92,100,86,178,132,L,146,99,115,L,101,26,True,PASS,True
S34_WU05_L_02,S34,34,WU05,S34/WU05,2,L,Y,132,225,131,224,93,0.93,100,132,225,178,R,192,146,161,R,101,26,True,PASS,True
S34_WU06_L_01,S34,34,WU06,S34/WU06,1,L,Y,32,127,31,126,95,0.95,100,32,127,80,R,94,47,62,R,101,26,True,PASS,True
S34_WU06_R_01,S34,34,WU06,S34/WU06,1,R,Y,80,173,79,172,93,0.93,100,80,173,127,L,141,94,110,L,101,26,True,PASS,True
S34_WU06_L_02,S34,34,WU06,S34/WU06,2,L,Y,127,220,126,219,93,0.93,100,127,220,173,R,187,141,156,R,101,26,True,PASS,True
S34_WU08_L_01,S34,34,WU08,S34/WU08,1,L,Y,4,98,3,97,94,0.94,100,4,98,50,R,65,18,33,R,101,26,True,PASS,True
S34_WU08_R_01,S34,34,WU08,S34/WU08,1,R,Y,50,144,49,143,94,0.94,100,50,144,98,L,112,65,80,L,101,26,True,PASS,True
S34_WU08_L_02,S34,34,WU08,S34/WU08,2,L,Y,98,191,97,190,93,0.93,100,98,191,144,R,158,112,127,R,101,26,True,PASS,True
S34_WU08_R_02,S34,34,WU08,S34/WU08,2,R,Y,144,237,143,236,93,0.93,100,144,237,191,L,205,158,174,L,101,26,True,PASS,True
S34_WU08_L_03,S34,34,WU08,S34/WU08,3,L,Y,191,285,190,284,94,0.94,100,191,285,237,R,251,205,219,R,101,26,True,PASS,True
S34_WU11_R_01,S34,34,WU11,S34/WU11,1,R,Y,49,143,48,142,94,0.94,100,49,143,97,L,111,64,79,L,101,26,True,PASS,True
S34_WU11_L_01,S34,34,WU11,S34/WU11,1,L,Y,97,190,96,189,93,0.93,100,97,190,143,R,156,111,125,R,101,26,True,PASS,True
S34_WU11_R_02,S34,34,WU11,S34/WU11,2,R,Y,143,236,142,235,93,0.93,100,143,236,190,L,204,156,172,L,101,26,True,PASS,True
S34_WU11_L_02,S34,34,WU11,S34/WU11,2,L,Y,190,283,189,282,93,0.93,100,190,283,236,R,250,204,219,R,101,26,True,PASS,True
S34_WU12_L_01,S34,34,WU12,S34/WU12,1,L,Y,42,140,41,139,98,0.98,100,42,140,90,R,106,57,71,R,101,26,True,PASS,True
S34_WU12_R_01,S34,34,WU12,S34/WU12,1,R,Y,90,188,89,187,98,0.98,100,90,188,140,L,154,106,122,L,101,26,True,PASS,True
S34_WU12_L_02,S34,34,WU12,S34/WU12,2,L,Y,140,237,139,236,97,0.97,100,140,237,188,R,203,154,170,R,101,26,True,PASS,True
S34_WU12_R_02,S34,34,WU12,S34/WU12,2,R,Y,188,286,187,285,98,0.98,100,188,286,237,L,253,203,219,L,101,26,True,PASS,True
S35_WU01_L_01,S35,35,WU01,S35/WU01,1,L,N,11,122,10,121,111,1.11,100,11,122,66,R,85,29,46,R,101,26,True,PASS,True
S35_WU01_R_01,S35,35,WU01,S35/WU01,1,R,N,66,175,65,174,109,1.09,100,66,175,122,L,139,85,103,L,101,26,True,PASS,True
S35_WU01_L_02,S35,35,WU01,S35/WU01,2,L,N,122,229,121,228,107,1.07,100,122,229,175,R,191,139,155,R,101,26,True,PASS,True
S35_WU02_R_01,S35,35,WU02,S35/WU02,1,R,N,47,152,46,151,105,1.05,100,47,152,101,L,116,64,81,L,101,26,True,PASS,True
S35_WU03_L_01,S35,35,WU03,S35/WU03,1,L,N,37,141,36,140,104,1.04,100,37,141,89,R,105,53,70,R,101,26,True,PASS,True
S35_WU03_R_01,S35,35,WU03,S35/WU03,1,R,N,89,192,88,191,103,1.03,100,89,192,141,L,156,105,121,L,101,26,True,PASS,True
S35_WU04_R_01,S35,35,WU04,S35/WU04,1,R,N,40,146,39,145,106,1.06,100,40,146,94,L,109,57,74,L,101,26,True,PASS,True
S35_WU05_R_01,S35,35,WU05,S35/WU05,1,R,N,24,129,23,128,105,1.05,100,24,129,78,L,93,42,58,L,101,26,True,PASS,True
S35_WU05_L_01,S35,35,WU05,S35/WU05,1,L,N,78,181,77,180,103,1.03,100,78,181,129,R,145,93,110,R,101,26,True,PASS,True
S35_WU06_L_01,S35,35,WU06,S35/WU06,1,L,N,36,141,35,140,105,1.05,100,36,141,88,R,104,52,68,R,101,26,True,PASS,True
S35_WU08_L_01,S35,35,WU08,S35/WU08,1,L,N,41,145,40,144,104,1.04,100,41,145,92,R,108,56,73,R,101,26,True,PASS,True
S35_WU09_L_01,S35,35,WU09,S35/WU09,1,L,N,15,147,14,146,132,1.32,100,15,147,79,R,104,37,56,R,101,26,True,PASS,True
S35_WU09_R_01,S35,35,WU09,S35/WU09,1,R,N,79,206,78,205,127,1.27,100,79,206,147,L,169,104,124,L,101,26,True,PASS,True
S35_WU09_L_02,S35,35,WU09,S35/WU09,2,L,N,147,262,146,261,115,1.15,100,147,262,206,R,225,169,185,R,101,26,True,PASS,True
S35_WU10_L_01,S35,35,WU10,S35/WU10,1,L,N,55,171,54,170,116,1.16,100,55,171,115,R,132,78,94,R,101,26,True,PASS,True
S35_WU10_R_01,S35,35,WU10,S35/WU10,1,R,N,115,226,114,225,111,1.11,100,115,226,171,L,188,132,150,L,101,26,True,PASS,True
S35_WU11_R_01,S35,35,WU11,S35/WU11,1,R,N,52,164,51,163,112,1.12,100,52,164,107,L,125,69,87,L,101,26,True,PASS,True
S35_WU12_R_01,S35,35,WU12,S35/WU12,1,R,N,18,138,17,137,120,1.2,100,18,138,78,L,97,38,57,L,101,26,True,PASS,True
S35_WU12_L_01,S35,35,WU12,S35/WU12,1,L,N,78,201,77,200,123,1.23,100,78,201,138,R,161,97,116,R,101,26,True,PASS,True
S37_WU01_L_01,S37,37,WU01,S37/WU01,1,L,Y,2,110,1,109,108,1.08,100,2,110,56,R,74,19,37,R,101,26,True,PASS,True
S37_WU01_R_01,S37,37,WU01,S37/WU01,1,R,Y,56,164,55,163,108,1.08,100,56,164,110,L,126,74,92,L,101,26,True,PASS,True
S37_WU01_L_02,S37,37,WU01,S37/WU01,2,L,Y,110,217,109,216,107,1.07,100,110,217,164,R,180,126,144,R,101,26,True,PASS,True
S37_WU01_R_02,S37,37,WU01,S37/WU01,2,R,Y,164,269,163,268,105,1.05,100,164,269,217,L,234,180,199,L,101,26,True,PASS,True
S37_WU02_R_01,S37,37,WU02,S37/WU02,1,R,Y,2,105,1,104,103,1.03,100,2,105,55,L,69,19,36,L,101,26,True,PASS,True
S37_WU02_L_01,S37,37,WU02,S37/WU02,1,L,Y,55,156,54,155,101,1.01,100,55,156,105,R,121,69,86,R,101,26,True,PASS,True
S37_WU02_R_02,S37,37,WU02,S37/WU02,2,R,Y,105,207,104,206,102,1.02,100,105,207,156,L,172,121,138,L,101,26,True,PASS,True
S37_WU02_L_02,S37,37,WU02,S37/WU02,2,L,Y,156,259,155,258,103,1.03,100,156,259,207,R,224,172,189,R,101,26,True,PASS,True
S37_WU02_R_03,S37,37,WU02,S37/WU02,3,R,Y,207,310,206,309,103,1.03,100,207,310,259,L,274,224,241,L,101,26,True,PASS,True
S37_WU03_R_01,S37,37,WU03,S37/WU03,1,R,Y,41,142,40,141,101,1.01,100,41,142,91,L,106,56,73,L,101,26,True,PASS,True
S37_WU03_L_01,S37,37,WU03,S37/WU03,1,L,Y,91,192,90,191,101,1.01,100,91,192,142,R,157,106,123,R,101,26,True,PASS,True
S37_WU04_R_01,S37,37,WU04,S37/WU04,1,R,Y,12,114,11,113,102,1.02,100,12,114,64,L,77,27,45,L,101,26,True,PASS,True
S37_WU04_L_01,S37,37,WU04,S37/WU04,1,L,Y,64,165,63,164,101,1.01,100,64,165,114,R,129,77,95,R,101,26,True,PASS,True
S37_WU04_R_02,S37,37,WU04,S37/WU04,2,R,Y,114,216,113,215,102,1.02,100,114,216,165,L,180,129,146,L,101,26,True,PASS,True
S37_WU04_L_02,S37,37,WU04,S37/WU04,2,L,Y,165,267,164,266,102,1.02,100,165,267,216,R,232,180,197,R,101,26,True,PASS,True
S37_WU04_R_03,S37,37,WU04,S37/WU04,3,R,Y,216,321,215,320,105,1.05,100,216,321,267,L,283,232,249,L,101,26,True,PASS,True
S37_WU05_R_01,S37,37,WU05,S37/WU05,1,R,Y,17,117,16,116,100,1.0,100,17,117,67,L,82,32,49,L,101,26,True,PASS,True
S37_WU05_L_01,S37,37,WU05,S37/WU05,1,L,Y,67,168,66,167,101,1.01,100,67,168,117,R,132,82,98,R,101,26,True,PASS,True
S37_WU05_R_02,S37,37,WU05,S37/WU05,2,R,Y,117,218,116,217,101,1.01,100,117,218,168,L,182,132,149,L,101,26,True,PASS,True
S37_WU05_L_02,S37,37,WU05,S37/WU05,2,L,Y,168,270,167,269,102,1.02,100,168,270,218,R,234,182,200,R,101,26,True,PASS,True
S37_WU06_L_01,S37,37,WU06,S37/WU06,1,L,Y,5,107,4,106,102,1.02,100,5,107,56,R,71,20,37,R,101,26,True,PASS,True
S37_WU06_R_01,S37,37,WU06,S37/WU06,1,R,Y,56,157,55,156,101,1.01,100,56,157,107,L,121,71,88,L,101,26,True,PASS,True
S37_WU06_L_02,S37,37,WU06,S37/WU06,2,L,Y,107,209,106,208,102,1.02,100,107,209,157,R,173,121,139,R,101,26,True,PASS,True
S37_WU06_R_02,S37,37,WU06,S37/WU06,2,R,Y,157,260,156,259,103,1.03,100,157,260,209,L,224,173,191,L,101,26,True,PASS,True
S37_WU07_R_01,S37,37,WU07,S37/WU07,1,R,Y,40,143,39,142,103,1.03,100,40,143,92,L,107,57,74,L,101,26,True,PASS,True
S37_WU07_L_01,S37,37,WU07,S37/WU07,1,L,Y,92,193,91,192,101,1.01,100,92,193,143,R,158,107,124,R,101,26,True,PASS,True
S37_WU07_R_02,S37,37,WU07,S37/WU07,2,R,Y,143,244,142,243,101,1.01,100,143,244,193,L,208,158,175,L,101,26,True,PASS,True
S37_WU07_L_02,S37,37,WU07,S37/WU07,2,L,Y,193,296,192,295,103,1.03,100,193,296,244,R,261,208,225,R,101,26,True,PASS,True
S37_WU08_L_01,S37,37,WU08,S37/WU08,1,L,Y,49,152,48,151,103,1.03,100,49,152,101,R,116,64,81,R,101,26,True,PASS,True
S37_WU08_R_01,S37,37,WU08,S37/WU08,1,R,Y,101,203,100,202,102,1.02,100,101,203,152,L,166,116,133,L,101,26,True,PASS,True
S37_WU08_L_02,S37,37,WU08,S37/WU08,2,L,Y,152,256,151,255,104,1.04,100,152,256,203,R,219,166,184,R,101,26,True,PASS,True
S37_WU08_R_02,S37,37,WU08,S37/WU08,2,R,Y,203,307,202,306,104,1.04,100,203,307,256,L,271,219,237,L,101,26,True,PASS,True
S37_WU09_R_01,S37,37,WU09,S37/WU09,1,R,Y,35,141,34,140,106,1.06,100,35,141,88,L,104,51,69,L,101,26,True,PASS,True
S37_WU09_L_01,S37,37,WU09,S37/WU09,1,L,Y,88,195,87,194,107,1.07,100,88,195,141,R,158,104,122,R,101,26,True,PASS,True
S37_WU09_R_02,S37,37,WU09,S37/WU09,2,R,Y,141,247,140,246,106,1.06,100,141,247,195,L,211,158,176,L,101,26,True,PASS,True
S37_WU09_L_02,S37,37,WU09,S37/WU09,2,L,Y,195,300,194,299,105,1.05,100,195,300,247,R,264,211,228,R,101,26,True,PASS,True
S37_WU09_R_03,S37,37,WU09,S37/WU09,3,R,Y,247,353,246,352,106,1.06,100,247,353,300,L,317,264,282,L,101,26,True,PASS,True
S38_WU01_L_01,S38,38,WU01,S38/WU01,1,L,Y,40,140,39,139,100,1.0,100,40,140,89,R,105,55,72,R,101,26,True,PASS,True
S38_WU01_R_01,S38,38,WU01,S38/WU01,1,R,Y,89,189,88,188,100,1.0,100,89,189,140,L,155,105,122,L,101,26,True,PASS,True
S38_WU01_L_02,S38,38,WU01,S38/WU01,2,L,Y,140,238,139,237,98,0.98,100,140,238,189,R,204,155,171,R,101,26,True,PASS,True
S38_WU02_R_01,S38,38,WU02,S38/WU02,1,R,Y,13,108,12,107,95,0.95,100,13,108,62,L,76,26,42,L,101,26,True,PASS,True
S38_WU02_L_01,S38,38,WU02,S38/WU02,1,L,Y,62,155,61,154,93,0.93,100,62,155,108,R,122,76,91,R,101,26,True,PASS,True
S38_WU02_R_02,S38,38,WU02,S38/WU02,2,R,Y,108,204,107,203,96,0.96,100,108,204,155,L,170,122,137,L,101,26,True,PASS,True
S38_WU02_L_02,S38,38,WU02,S38/WU02,2,L,Y,155,254,154,253,99,0.99,100,155,254,204,R,220,170,186,R,101,26,True,PASS,True
S38_WU02_R_03,S38,38,WU02,S38/WU02,3,R,Y,204,303,203,302,99,0.99,100,204,303,254,L,269,220,236,L,101,26,True,PASS,True
S38_WU03_R_01,S38,38,WU03,S38/WU03,1,R,Y,4,99,3,98,95,0.95,100,4,99,51,L,66,18,33,L,101,26,True,PASS,True
S38_WU03_L_01,S38,38,WU03,S38/WU03,1,L,Y,51,148,50,147,97,0.97,100,51,148,99,R,114,66,82,R,101,26,True,PASS,True
S38_WU03_R_02,S38,38,WU03,S38/WU03,2,R,Y,99,196,98,195,97,0.97,100,99,196,148,L,163,114,130,L,101,26,True,PASS,True
S38_WU03_L_02,S38,38,WU03,S38/WU03,2,L,Y,148,245,147,244,97,0.97,100,148,245,196,R,211,163,179,R,101,26,True,PASS,True
S38_WU04_R_01,S38,38,WU04,S38/WU04,1,R,Y,49,146,48,145,97,0.97,100,49,146,97,L,112,63,79,L,101,26,True,PASS,True
S38_WU04_L_01,S38,38,WU04,S38/WU04,1,L,Y,97,194,96,193,97,0.97,100,97,194,146,R,160,112,128,R,101,26,True,PASS,True
S38_WU04_R_02,S38,38,WU04,S38/WU04,2,R,Y,146,242,145,241,96,0.96,100,146,242,194,L,208,160,177,L,101,26,True,PASS,True
S38_WU05_L_01,S38,38,WU05,S38/WU05,1,L,Y,23,119,22,118,96,0.96,100,23,119,70,R,85,37,53,R,101,26,True,PASS,True
S38_WU05_R_01,S38,38,WU05,S38/WU05,1,R,Y,70,167,69,166,97,0.97,100,70,167,119,L,133,85,101,L,101,26,True,PASS,True
S38_WU05_L_02,S38,38,WU05,S38/WU05,2,L,Y,119,216,118,215,97,0.97,100,119,216,167,R,181,133,149,R,101,26,True,PASS,True
S38_WU06_L_01,S38,38,WU06,S38/WU06,1,L,Y,4,96,3,95,92,0.92,100,4,96,50,R,63,17,33,R,101,26,True,PASS,True
S38_WU06_R_01,S38,38,WU06,S38/WU06,1,R,Y,50,143,49,142,93,0.93,100,50,143,96,L,110,63,79,L,101,26,True,PASS,True
S38_WU06_L_02,S38,38,WU06,S38/WU06,2,L,Y,96,189,95,188,93,0.93,100,96,189,143,R,155,110,125,R,101,26,True,PASS,True
S38_WU06_R_02,S38,38,WU06,S38/WU06,2,R,Y,143,235,142,234,92,0.92,100,143,235,189,L,202,155,171,L,101,26,True,PASS,True
S38_WU07_L_01,S38,38,WU07,S38/WU07,1,L,Y,37,139,36,138,102,1.02,100,37,139,87,R,103,52,68,R,101,26,True,PASS,True
S38_WU07_R_01,S38,38,WU07,S38/WU07,1,R,Y,87,192,86,191,105,1.05,100,87,192,139,L,156,103,120,L,101,26,True,PASS,True
S38_WU07_L_02,S38,38,WU07,S38/WU07,2,L,Y,139,243,138,242,104,1.04,100,139,243,192,R,208,156,173,R,101,26,True,PASS,True
S38_WU07_R_02,S38,38,WU07,S38/WU07,2,R,Y,192,294,191,293,102,1.02,100,192,294,243,L,259,208,225,L,101,26,True,PASS,True
S38_WU08_R_01,S38,38,WU08,S38/WU08,1,R,Y,20,123,19,122,103,1.03,100,20,123,71,L,88,36,52,L,101,26,True,PASS,True
S38_WU08_L_01,S38,38,WU08,S38/WU08,1,L,Y,71,177,70,176,106,1.06,100,71,177,123,R,141,88,104,R,101,26,True,PASS,True
S38_WU08_R_02,S38,38,WU08,S38/WU08,2,R,Y,123,230,122,229,107,1.07,100,123,230,177,L,194,141,158,L,101,26,True,PASS,True
S38_WU08_L_02,S38,38,WU08,S38/WU08,2,L,Y,177,285,176,284,108,1.08,100,177,285,230,R,248,194,210,R,101,26,True,PASS,True
S38_WU08_R_03,S38,38,WU08,S38/WU08,3,R,Y,230,339,229,338,109,1.09,100,230,339,285,L,303,248,265,L,101,26,True,PASS,True
S38_WU09_L_01,S38,38,WU09,S38/WU09,1,L,Y,45,149,44,148,104,1.04,100,45,149,96,R,113,60,78,R,101,26,True,PASS,True
S38_WU09_R_01,S38,38,WU09,S38/WU09,1,R,Y,96,201,95,200,105,1.05,100,96,201,149,L,165,113,130,L,101,26,True,PASS,True
S38_WU09_L_02,S38,38,WU09,S38/WU09,2,L,Y,149,253,148,252,104,1.04,100,149,253,201,R,218,165,182,R,101,26,True,PASS,True
S38_WU09_R_02,S38,38,WU09,S38/WU09,2,R,Y,201,305,200,304,104,1.04,100,201,305,253,L,269,218,234,L,101,26,True,PASS,True
S39_WU01_L_01,S39,39,WU01,S39/WU01,1,L,N,19,138,18,137,119,1.19,100,19,138,76,R,100,35,56,R,101,26,True,PASS,True
S39_WU01_R_01,S39,39,WU01,S39/WU01,1,R,N,76,203,75,202,127,1.27,100,76,203,138,L,162,100,118,L,101,26,True,PASS,True
S39_WU01_L_02,S39,39,WU01,S39/WU01,2,L,N,138,262,137,261,124,1.24,100,138,262,203,R,224,162,181,R,101,26,True,PASS,True
S39_WU01_R_02,S39,39,WU01,S39/WU01,2,R,N,203,315,202,314,112,1.12,100,203,315,262,L,279,224,243,L,101,26,True,PASS,True
S39_WU01_L_03,S39,39,WU01,S39/WU01,3,L,N,262,369,261,368,107,1.07,100,262,369,315,R,332,279,296,R,101,26,True,PASS,True
S39_WU01_R_03,S39,39,WU01,S39/WU01,3,R,N,315,423,314,422,108,1.08,100,315,423,369,L,386,332,350,L,101,26,True,PASS,True
S39_WU02_L_01,S39,39,WU02,S39/WU02,1,L,N,48,148,47,147,100,1.0,100,48,148,97,R,112,61,79,R,101,26,True,PASS,True
S39_WU02_R_01,S39,39,WU02,S39/WU02,1,R,N,97,197,96,196,100,1.0,100,97,197,148,L,161,112,129,L,101,26,True,PASS,True
S39_WU02_L_02,S39,39,WU02,S39/WU02,2,L,N,148,248,147,247,100,1.0,100,148,248,197,R,213,161,179,R,101,26,True,PASS,True
S39_WU02_R_02,S39,39,WU02,S39/WU02,2,R,N,197,299,196,298,102,1.02,100,197,299,248,L,264,213,230,L,101,26,True,PASS,True
S39_WU03_R_01,S39,39,WU03,S39/WU03,1,R,N,36,134,35,133,98,0.98,100,36,134,85,L,99,50,67,L,101,26,True,PASS,True
S39_WU03_L_01,S39,39,WU03,S39/WU03,1,L,N,85,184,84,183,99,0.99,100,85,184,134,R,149,99,117,R,101,26,True,PASS,True
S39_WU03_R_02,S39,39,WU03,S39/WU03,2,R,N,134,236,133,235,102,1.02,100,134,236,184,L,200,149,166,L,101,26,True,PASS,True
S39_WU04_L_01,S39,39,WU04,S39/WU04,1,L,N,9,110,8,109,101,1.01,100,9,110,60,R,75,24,41,R,101,26,True,PASS,True
S39_WU04_R_01,S39,39,WU04,S39/WU04,1,R,N,60,159,59,158,99,0.99,100,60,159,110,L,124,75,92,L,101,26,True,PASS,True
S39_WU04_L_02,S39,39,WU04,S39/WU04,2,L,N,110,210,109,209,100,1.0,100,110,210,159,R,174,124,141,R,101,26,True,PASS,True
S39_WU04_R_02,S39,39,WU04,S39/WU04,2,R,N,159,260,158,259,101,1.01,100,159,260,210,L,224,174,192,L,101,26,True,PASS,True
S39_WU04_L_03,S39,39,WU04,S39/WU04,3,L,N,210,311,209,310,101,1.01,100,210,311,260,R,276,224,242,R,101,26,True,PASS,True
S39_WU04_R_03,S39,39,WU04,S39/WU04,3,R,N,260,363,259,362,103,1.03,100,260,363,311,L,326,276,293,L,101,26,True,PASS,True
S39_WU05_L_01,S39,39,WU05,S39/WU05,1,L,N,31,131,30,130,100,1.0,100,31,131,80,R,95,45,62,R,101,26,True,PASS,True
S39_WU05_R_01,S39,39,WU05,S39/WU05,1,R,N,80,181,79,180,101,1.01,100,80,181,131,L,145,95,113,L,101,26,True,PASS,True
S39_WU05_L_02,S39,39,WU05,S39/WU05,2,L,N,131,232,130,231,101,1.01,100,131,232,181,R,196,145,163,R,101,26,True,PASS,True
S39_WU05_R_02,S39,39,WU05,S39/WU05,2,R,N,181,280,180,279,99,0.99,100,181,280,232,L,245,196,214,L,101,26,True,PASS,True
S39_WU06_L_01,S39,39,WU06,S39/WU06,1,L,N,45,144,44,143,99,0.99,100,45,144,94,R,109,59,76,R,101,26,True,PASS,True
S39_WU06_R_01,S39,39,WU06,S39/WU06,1,R,N,94,194,93,193,100,1.0,100,94,194,144,L,159,109,126,L,101,26,True,PASS,True
S39_WU06_L_02,S39,39,WU06,S39/WU06,2,L,N,144,245,143,244,101,1.01,100,144,245,194,R,210,159,176,R,101,26,True,PASS,True
S39_WU07_L_01,S39,39,WU07,S39/WU07,1,L,N,15,119,14,118,104,1.04,100,15,119,66,R,84,31,48,R,101,26,True,PASS,True
S39_WU07_R_01,S39,39,WU07,S39/WU07,1,R,N,66,168,65,167,102,1.02,100,66,168,119,L,133,84,100,L,101,26,True,PASS,True
S39_WU07_L_02,S39,39,WU07,S39/WU07,2,L,N,119,220,118,219,101,1.01,100,119,220,168,R,184,133,149,R,101,26,True,PASS,True
S39_WU07_R_02,S39,39,WU07,S39/WU07,2,R,N,168,270,167,269,102,1.02,100,168,270,220,L,234,184,201,L,101,26,True,PASS,True
S39_WU07_L_03,S39,39,WU07,S39/WU07,3,L,N,220,322,219,321,102,1.02,100,220,322,270,R,287,234,252,R,101,26,True,PASS,True
S39_WU08_R_01,S39,39,WU08,S39/WU08,1,R,N,19,122,18,121,103,1.03,100,19,122,70,L,86,35,52,L,101,26,True,PASS,True
S39_WU08_L_01,S39,39,WU08,S39/WU08,1,L,N,70,173,69,172,103,1.03,100,70,173,122,R,137,86,103,R,101,26,True,PASS,True
S39_WU08_R_02,S39,39,WU08,S39/WU08,2,R,N,122,223,121,222,101,1.01,100,122,223,173,L,188,137,155,L,101,26,True,PASS,True
S39_WU08_L_02,S39,39,WU08,S39/WU08,2,L,N,173,275,172,274,102,1.02,100,173,275,223,R,240,188,204,R,101,26,True,PASS,True
S39_WU08_R_03,S39,39,WU08,S39/WU08,3,R,N,223,326,222,325,103,1.03,100,223,326,275,L,290,240,257,L,101,26,True,PASS,True
S39_WU09_R_01,S39,39,WU09,S39/WU09,1,R,N,46,149,45,148,103,1.03,100,46,149,99,L,114,64,80,L,101,26,True,PASS,True
S39_WU09_L_01,S39,39,WU09,S39/WU09,1,L,N,99,201,98,200,102,1.02,100,99,201,149,R,166,114,131,R,101,26,True,PASS,True
S39_WU09_R_02,S39,39,WU09,S39/WU09,2,R,N,149,252,148,251,103,1.03,100,149,252,201,L,217,166,183,L,101,26,True,PASS,True
S39_WU09_L_02,S39,39,WU09,S39/WU09,2,L,N,201,304,200,303,103,1.03,100,201,304,252,R,269,217,234,R,101,26,True,PASS,True
S39_WU10_R_01,S39,39,WU10,S39/WU10,1,R,N,46,154,45,153,108,1.08,100,46,154,100,L,118,64,82,L,101,26,True,PASS,True
S39_WU10_L_01,S39,39,WU10,S39/WU10,1,L,N,100,210,99,209,110,1.1,100,100,210,154,R,173,118,135,R,101,26,True,PASS,True
S39_WU10_R_02,S39,39,WU10,S39/WU10,2,R,N,154,265,153,264,111,1.11,100,154,265,210,L,228,173,191,L,101,26,True,PASS,True
S39_WU10_L_02,S39,39,WU10,S39/WU10,2,L,N,210,321,209,320,111,1.11,100,210,321,265,R,284,228,246,R,101,26,True,PASS,True
S40_WU01_L_01,S40,40,WU01,S40/WU01,1,L,N,37,144,36,143,107,1.07,100,37,144,91,R,107,55,73,R,101,26,True,PASS,True
S40_WU01_R_01,S40,40,WU01,S40/WU01,1,R,N,91,196,90,195,105,1.05,100,91,196,144,L,160,107,124,L,101,26,True,PASS,True
S40_WU01_L_02,S40,40,WU01,S40/WU01,2,L,N,144,249,143,248,105,1.05,100,144,249,196,R,212,160,178,R,101,26,True,PASS,True
S40_WU01_R_02,S40,40,WU01,S40/WU01,2,R,N,196,303,195,302,107,1.07,100,196,303,249,L,266,212,230,L,101,26,True,PASS,True
S40_WU01_L_03,S40,40,WU01,S40/WU01,3,L,N,249,358,248,357,109,1.09,100,249,358,303,R,321,266,285,R,101,26,True,PASS,True
S40_WU02_L_01,S40,40,WU02,S40/WU02,1,L,N,43,142,42,141,99,0.99,100,43,142,92,R,107,58,74,R,101,26,True,PASS,True
S40_WU02_R_01,S40,40,WU02,S40/WU02,1,R,N,92,192,91,191,100,1.0,100,92,192,142,L,157,107,124,L,101,26,True,PASS,True
S40_WU03_L_01,S40,40,WU03,S40/WU03,1,L,N,28,129,27,128,101,1.01,100,28,129,79,R,94,43,61,R,101,26,True,PASS,True
S40_WU03_R_01,S40,40,WU03,S40/WU03,1,R,N,79,181,78,180,102,1.02,100,79,181,129,L,146,94,111,L,101,26,True,PASS,True
S40_WU03_L_02,S40,40,WU03,S40/WU03,2,L,N,129,232,128,231,103,1.03,100,129,232,181,R,197,146,163,R,101,26,True,PASS,True
S40_WU03_R_02,S40,40,WU03,S40/WU03,2,R,N,181,283,180,282,102,1.02,100,181,283,232,L,247,197,213,L,101,26,True,PASS,True
S40_WU04_L_01,S40,40,WU04,S40/WU04,1,L,N,34,137,33,136,103,1.03,100,34,137,85,R,101,50,67,R,101,26,True,PASS,True
S40_WU04_R_01,S40,40,WU04,S40/WU04,1,R,N,85,190,84,189,105,1.05,100,85,190,137,L,153,101,118,L,101,26,True,PASS,True
S40_WU04_L_02,S40,40,WU04,S40/WU04,2,L,N,137,244,136,243,107,1.07,100,137,244,190,R,208,153,171,R,101,26,True,PASS,True
S40_WU05_L_01,S40,40,WU05,S40/WU05,1,L,N,12,119,11,118,107,1.07,100,12,119,66,R,82,29,47,R,101,26,True,PASS,True
S40_WU05_R_01,S40,40,WU05,S40/WU05,1,R,N,66,173,65,172,107,1.07,100,66,173,119,L,137,82,100,L,101,26,True,PASS,True
S40_WU05_L_02,S40,40,WU05,S40/WU05,2,L,N,119,226,118,225,107,1.07,100,119,226,173,R,190,137,154,R,101,26,True,PASS,True
S40_WU05_R_02,S40,40,WU05,S40/WU05,2,R,N,173,280,172,279,107,1.07,100,173,280,226,L,244,190,207,L,101,26,True,PASS,True
S40_WU07_R_01,S40,40,WU07,S40/WU07,1,R,N,2,113,1,112,111,1.11,100,2,113,57,L,77,20,37,L,101,26,True,PASS,True
S40_WU07_L_01,S40,40,WU07,S40/WU07,1,L,N,57,167,56,166,110,1.1,100,57,167,113,R,131,77,95,R,101,26,True,PASS,True
S40_WU07_R_02,S40,40,WU07,S40/WU07,2,R,N,113,223,112,222,110,1.1,100,113,223,167,L,185,131,147,L,101,26,True,PASS,True
S40_WU07_L_02,S40,40,WU07,S40/WU07,2,L,N,167,279,166,278,112,1.12,100,167,279,223,R,242,185,204,R,101,26,True,PASS,True
S40_WU07_R_03,S40,40,WU07,S40/WU07,3,R,N,223,334,222,333,111,1.11,100,223,334,279,L,297,242,259,L,101,26,True,PASS,True
S40_WU09_L_01,S40,40,WU09,S40/WU09,1,L,N,24,134,23,133,110,1.1,100,24,134,79,R,96,42,59,R,101,26,True,PASS,True
S40_WU09_R_01,S40,40,WU09,S40/WU09,1,R,N,79,189,78,188,110,1.1,100,79,189,134,L,152,96,114,L,101,26,True,PASS,True
S40_WU09_L_02,S40,40,WU09,S40/WU09,2,L,N,134,246,133,245,112,1.12,100,134,246,189,R,208,152,170,R,101,26,True,PASS,True
S40_WU09_R_02,S40,40,WU09,S40/WU09,2,R,N,189,299,188,298,110,1.1,100,189,299,246,L,263,208,226,L,101,26,True,PASS,True
S40_WU11_L_01,S40,40,WU11,S40/WU11,1,L,N,53,164,52,163,111,1.11,100,53,164,109,R,127,73,91,R,101,26,True,PASS,True
S40_WU11_R_01,S40,40,WU11,S40/WU11,1,R,N,109,221,108,220,112,1.12,100,109,221,164,L,183,127,145,L,101,26,True,PASS,True
S40_WU11_L_02,S40,40,WU11,S40/WU11,2,L,N,164,276,163,275,112,1.12,100,164,276,221,R,238,183,202,R,101,26,True,PASS,True
S40_WU11_R_02,S40,40,WU11,S40/WU11,2,R,N,221,333,220,332,112,1.12,100,221,333,276,L,296,238,256,L,101,26,True,PASS,True
S41_WU01_R_01,S41,41,WU01,S41/WU01,1,R,N,31,136,30,135,105,1.05,100,31,136,83,L,99,45,63,L,101,26,True,PASS,True
S41_WU01_L_01,S41,41,WU01,S41/WU01,1,L,N,83,189,82,188,106,1.06,100,83,189,136,R,151,99,117,R,101,26,True,PASS,True
S41_WU01_R_02,S41,41,WU01,S41/WU01,2,R,N,136,240,135,239,104,1.04,100,136,240,189,L,203,151,168,L,101,26,True,PASS,True
S41_WU01_L_02,S41,41,WU01,S41/WU01,2,L,N,189,293,188,292,104,1.04,100,189,293,240,R,257,203,220,R,101,26,True,PASS,True
S41_WU02_R_01,S41,41,WU02,S41/WU02,1,R,N,13,119,12,118,106,1.06,100,13,119,66,L,81,28,47,L,101,26,True,PASS,True
S41_WU02_L_01,S41,41,WU02,S41/WU02,1,L,N,66,172,65,171,106,1.06,100,66,172,119,R,135,81,99,R,101,26,True,PASS,True
S41_WU02_R_02,S41,41,WU02,S41/WU02,2,R,N,119,223,118,222,104,1.04,100,119,223,172,L,186,135,152,L,101,26,True,PASS,True
S41_WU02_L_02,S41,41,WU02,S41/WU02,2,L,N,172,274,171,273,102,1.02,100,172,274,223,R,237,186,203,R,101,26,True,PASS,True
S41_WU03_L_01,S41,41,WU03,S41/WU03,1,L,N,9,112,8,111,103,1.03,100,9,112,61,R,76,24,42,R,101,26,True,PASS,True
S41_WU03_R_01,S41,41,WU03,S41/WU03,1,R,N,61,165,60,164,104,1.04,100,61,165,112,L,127,76,93,L,101,26,True,PASS,True
S41_WU04_L_01,S41,41,WU04,S41/WU04,1,L,N,53,162,52,161,109,1.09,100,53,162,109,R,125,70,88,R,101,26,True,PASS,True
S41_WU04_R_01,S41,41,WU04,S41/WU04,1,R,N,109,212,108,211,103,1.03,100,109,212,162,L,176,125,143,L,101,26,True,PASS,True
S41_WU05_L_01,S41,41,WU05,S41/WU05,1,L,N,39,142,38,141,103,1.03,100,39,142,90,R,104,54,71,R,101,26,True,PASS,True
S41_WU05_R_01,S41,41,WU05,S41/WU05,1,R,N,90,194,89,193,104,1.04,100,90,194,142,L,156,104,122,L,101,26,True,PASS,True
S41_WU05_L_02,S41,41,WU05,S41/WU05,2,L,N,142,247,141,246,105,1.05,100,142,247,194,R,209,156,174,R,101,26,True,PASS,True
S41_WU06_L_01,S41,41,WU06,S41/WU06,1,L,N,29,134,28,133,105,1.05,100,29,134,83,R,97,45,62,R,101,26,True,PASS,True
S41_WU06_R_01,S41,41,WU06,S41/WU06,1,R,N,83,187,82,186,104,1.04,100,83,187,134,L,149,97,115,L,101,26,True,PASS,True
S41_WU06_L_02,S41,41,WU06,S41/WU06,2,L,N,134,243,133,242,109,1.09,100,134,243,187,R,204,149,167,R,101,26,True,PASS,True
S41_WU07_R_01,S41,41,WU07,S41/WU07,1,R,N,45,157,44,156,112,1.12,100,45,157,103,L,118,64,82,L,101,26,True,PASS,True
S41_WU07_L_01,S41,41,WU07,S41/WU07,1,L,N,103,210,102,209,107,1.07,100,103,210,157,R,172,118,136,R,101,26,True,PASS,True
S41_WU07_R_02,S41,41,WU07,S41/WU07,2,R,N,157,264,156,263,107,1.07,100,157,264,210,L,225,172,190,L,101,26,True,PASS,True
S41_WU08_R_01,S41,41,WU08,S41/WU08,1,R,N,2,116,1,115,114,1.14,100,2,116,61,L,78,21,40,L,101,26,True,PASS,True
S41_WU08_L_01,S41,41,WU08,S41/WU08,1,L,N,61,173,60,172,112,1.12,100,61,173,116,R,134,78,96,R,101,26,True,PASS,True
S41_WU08_R_02,S41,41,WU08,S41/WU08,2,R,N,116,228,115,227,112,1.12,100,116,228,173,L,189,134,152,L,101,26,True,PASS,True
S42_WU01_R_01,S42,42,WU01,S42/WU01,1,R,N,21,133,20,132,112,1.12,100,21,133,78,L,95,39,58,L,101,26,True,PASS,True
S42_WU01_L_01,S42,42,WU01,S42/WU01,1,L,N,78,190,77,189,112,1.12,100,78,190,133,R,151,95,114,R,101,26,True,PASS,True
S42_WU01_R_02,S42,42,WU01,S42/WU01,2,R,N,133,245,132,244,112,1.12,100,133,245,190,L,207,151,170,L,101,26,True,PASS,True
S42_WU01_L_02,S42,42,WU01,S42/WU01,2,L,N,190,302,189,301,112,1.12,100,190,302,245,R,263,207,225,R,101,26,True,PASS,True
S42_WU01_R_03,S42,42,WU01,S42/WU01,3,R,N,245,358,244,357,113,1.13,100,245,358,302,L,319,263,282,L,101,26,True,PASS,True
S42_WU01_L_03,S42,42,WU01,S42/WU01,3,L,N,302,416,301,415,114,1.14,100,302,416,358,R,376,319,338,R,101,26,True,PASS,True
S42_WU02_L_01,S42,42,WU02,S42/WU02,1,L,N,56,166,55,165,110,1.1,100,56,166,110,R,126,72,91,R,101,26,True,PASS,True
S42_WU02_R_01,S42,42,WU02,S42/WU02,1,R,N,110,222,109,221,112,1.12,100,110,222,166,L,183,126,146,L,101,26,True,PASS,True
S42_WU02_L_02,S42,42,WU02,S42/WU02,2,L,N,166,277,165,276,111,1.11,100,166,277,222,R,238,183,202,R,101,26,True,PASS,True
S42_WU02_R_02,S42,42,WU02,S42/WU02,2,R,N,222,334,221,333,112,1.12,100,222,334,277,L,294,238,257,L,101,26,True,PASS,True
S42_WU03_R_01,S42,42,WU03,S42/WU03,1,R,N,25,139,24,138,114,1.14,100,25,139,82,L,101,41,61,L,101,26,True,PASS,True
S42_WU03_L_01,S42,42,WU03,S42/WU03,1,L,N,82,195,81,194,113,1.13,100,82,195,139,R,155,101,119,R,101,26,True,PASS,True
S42_WU03_R_02,S42,42,WU03,S42/WU03,2,R,N,139,252,138,251,113,1.13,100,139,252,195,L,212,155,175,L,101,26,True,PASS,True
S42_WU03_L_02,S42,42,WU03,S42/WU03,2,L,N,195,309,194,308,114,1.14,100,195,309,252,R,270,212,231,R,101,26,True,PASS,True
S42_WU03_R_03,S42,42,WU03,S42/WU03,3,R,N,252,363,251,362,111,1.11,100,252,363,309,L,325,270,290,L,101,26,True,PASS,True
S42_WU04_R_01,S42,42,WU04,S42/WU04,1,R,N,5,115,4,114,110,1.1,100,5,115,60,L,77,21,41,L,101,26,True,PASS,True
S42_WU04_L_01,S42,42,WU04,S42/WU04,1,L,N,60,170,59,169,110,1.1,100,60,170,115,R,132,77,95,R,101,26,True,PASS,True
S42_WU04_R_02,S42,42,WU04,S42/WU04,2,R,N,115,222,114,221,107,1.07,100,115,222,170,L,186,132,150,L,101,26,True,PASS,True
S42_WU04_L_02,S42,42,WU04,S42/WU04,2,L,N,170,276,169,275,106,1.06,100,170,276,222,R,238,186,203,R,101,26,True,PASS,True
S42_WU04_R_03,S42,42,WU04,S42/WU04,3,R,N,222,331,221,330,109,1.09,100,222,331,276,L,292,238,257,L,101,26,True,PASS,True
S42_WU05_R_01,S42,42,WU05,S42/WU05,1,R,N,44,156,43,155,112,1.12,100,44,156,100,L,118,61,80,L,101,26,True,PASS,True
S42_WU05_L_01,S42,42,WU05,S42/WU05,1,L,N,100,213,99,212,113,1.13,100,100,213,156,R,173,118,136,R,101,26,True,PASS,True
S42_WU05_R_02,S42,42,WU05,S42/WU05,2,R,N,156,269,155,268,113,1.13,100,156,269,213,L,231,173,193,L,101,26,True,PASS,True
S42_WU05_L_02,S42,42,WU05,S42/WU05,2,L,N,213,326,212,325,113,1.13,100,213,326,269,R,286,231,249,R,101,26,True,PASS,True
S42_WU05_R_03,S42,42,WU05,S42/WU05,3,R,N,269,381,268,380,112,1.12,100,269,381,326,L,342,286,306,L,101,26,True,PASS,True
S42_WU08_R_01,S42,42,WU08,S42/WU08,1,R,N,23,137,22,136,114,1.14,100,23,137,81,L,98,41,61,L,101,26,True,PASS,True
S42_WU08_L_01,S42,42,WU08,S42/WU08,1,L,N,81,193,80,192,112,1.12,100,81,193,137,R,154,98,117,R,101,26,True,PASS,True
S42_WU08_R_02,S42,42,WU08,S42/WU08,2,R,N,137,248,136,247,111,1.11,100,137,248,193,L,210,154,173,L,101,26,True,PASS,True
S42_WU08_L_02,S42,42,WU08,S42/WU08,2,L,N,193,306,192,305,113,1.13,100,193,306,248,R,266,210,228,R,101,26,True,PASS,True
S42_WU08_R_03,S42,42,WU08,S42/WU08,3,R,N,248,361,247,360,113,1.13,100,248,361,306,L,323,266,286,L,101,26,True,PASS,True
S43_WU01_L_01,S43,43,WU01,S43/WU01,1,L,N,33,144,32,143,111,1.11,100,33,144,89,R,106,50,68,R,101,26,True,PASS,True
S43_WU01_R_01,S43,43,WU01,S43/WU01,1,R,N,89,199,88,198,110,1.1,100,89,199,144,L,162,106,125,L,101,26,True,PASS,True
S43_WU01_L_02,S43,43,WU01,S43/WU01,2,L,N,144,255,143,254,111,1.11,100,144,255,199,R,217,162,180,R,101,26,True,PASS,True
S43_WU02_L_01,S43,43,WU02,S43/WU02,1,L,N,54,156,53,155,102,1.02,100,54,156,104,R,120,69,86,R,101,26,True,PASS,True
S43_WU02_R_01,S43,43,WU02,S43/WU02,1,R,N,104,208,103,207,104,1.04,100,104,208,156,L,171,120,137,L,101,26,True,PASS,True
S43_WU03_L_01,S43,43,WU03,S43/WU03,1,L,N,19,129,18,128,110,1.1,100,19,129,73,R,91,36,53,R,101,26,True,PASS,True
S43_WU03_R_01,S43,43,WU03,S43/WU03,1,R,N,73,186,72,185,113,1.13,100,73,186,129,L,147,91,109,L,101,26,True,PASS,True
S43_WU03_L_02,S43,43,WU03,S43/WU03,2,L,N,129,241,128,240,112,1.12,100,129,241,186,R,203,147,166,R,101,26,True,PASS,True
S43_WU04_L_01,S43,43,WU04,S43/WU04,1,L,N,31,134,30,133,103,1.03,100,31,134,81,R,97,46,62,R,101,26,True,PASS,True
S43_WU04_R_01,S43,43,WU04,S43/WU04,1,R,N,81,185,80,184,104,1.04,100,81,185,134,L,150,97,115,L,101,26,True,PASS,True
S43_WU05_R_01,S43,43,WU05,S43/WU05,1,R,N,16,123,15,122,107,1.07,100,16,123,70,L,85,34,51,L,101,26,True,PASS,True
S43_WU05_L_01,S43,43,WU05,S43/WU05,1,L,N,70,176,69,175,106,1.06,100,70,176,123,R,139,85,103,R,101,26,True,PASS,True
S43_WU05_R_02,S43,43,WU05,S43/WU05,2,R,N,123,229,122,228,106,1.06,100,123,229,176,L,192,139,156,L,101,26,True,PASS,True
S43_WU05_L_02,S43,43,WU05,S43/WU05,2,L,N,176,285,175,284,109,1.09,100,176,285,229,R,246,192,210,R,101,26,True,PASS,True
S43_WU06_L_01,S43,43,WU06,S43/WU06,1,L,N,22,136,21,135,114,1.14,100,22,136,79,R,97,40,58,R,101,26,True,PASS,True
S43_WU06_R_01,S43,43,WU06,S43/WU06,1,R,N,79,192,78,191,113,1.13,100,79,192,136,L,154,97,116,L,101,26,True,PASS,True
S43_WU06_L_02,S43,43,WU06,S43/WU06,2,L,N,136,248,135,247,112,1.12,100,136,248,192,R,208,154,172,R,101,26,True,PASS,True
S46_WU01_R_01,S46,46,WU01,S46/WU01,1,R,Y,57,173,56,172,116,1.16,100,57,173,115,L,134,76,94,L,101,26,True,PASS,True
S46_WU01_L_01,S46,46,WU01,S46/WU01,1,L,Y,115,229,114,228,114,1.14,100,115,229,173,R,190,134,153,R,101,26,True,PASS,True
S46_WU02_R_01,S46,46,WU02,S46/WU02,1,R,Y,19,128,18,127,109,1.09,100,19,128,72,L,91,34,51,L,101,26,True,PASS,True
S46_WU02_L_01,S46,46,WU02,S46/WU02,1,L,Y,72,182,71,181,110,1.1,100,72,182,128,R,144,91,109,R,101,26,True,PASS,True
S46_WU02_R_02,S46,46,WU02,S46/WU02,2,R,Y,128,234,127,233,106,1.06,100,128,234,182,L,198,144,162,L,101,26,True,PASS,True
S46_WU02_L_02,S46,46,WU02,S46/WU02,2,L,Y,182,288,181,287,106,1.06,100,182,288,234,R,251,198,215,R,101,26,True,PASS,True
S46_WU03_L_01,S46,46,WU03,S46/WU03,1,L,Y,33,148,32,147,115,1.15,100,33,148,92,R,110,52,72,R,101,26,True,PASS,True
S46_WU03_R_01,S46,46,WU03,S46/WU03,1,R,Y,92,203,91,202,111,1.11,100,92,203,148,L,165,110,128,L,101,26,True,PASS,True
S46_WU03_L_02,S46,46,WU03,S46/WU03,2,L,Y,148,255,147,254,107,1.07,100,148,255,203,R,219,165,184,R,101,26,True,PASS,True
S46_WU03_R_02,S46,46,WU03,S46/WU03,2,R,Y,203,308,202,307,105,1.05,100,203,308,255,L,272,219,237,L,101,26,True,PASS,True
S46_WU03_L_03,S46,46,WU03,S46/WU03,3,L,Y,255,362,254,361,107,1.07,100,255,362,308,R,324,272,289,R,101,26,True,PASS,True
S46_WU04_L_01,S46,46,WU04,S46/WU04,1,L,Y,26,134,25,133,108,1.08,100,26,134,79,R,96,42,59,R,101,26,True,PASS,True
S46_WU04_R_01,S46,46,WU04,S46/WU04,1,R,Y,79,186,78,185,107,1.07,100,79,186,134,L,149,96,114,L,101,26,True,PASS,True
S46_WU05_R_01,S46,46,WU05,S46/WU05,1,R,Y,19,127,18,126,108,1.08,100,19,127,74,L,90,37,55,L,101,26,True,PASS,True
S46_WU05_L_01,S46,46,WU05,S46/WU05,1,L,Y,74,179,73,178,105,1.05,100,74,179,127,R,142,90,107,R,101,26,True,PASS,True
S46_WU05_R_02,S46,46,WU05,S46/WU05,2,R,Y,127,233,126,232,106,1.06,100,127,233,179,L,196,142,159,L,101,26,True,PASS,True
S46_WU05_L_02,S46,46,WU05,S46/WU05,2,L,Y,179,285,178,284,106,1.06,100,179,285,233,R,248,196,214,R,101,26,True,PASS,True
S46_WU05_R_03,S46,46,WU05,S46/WU05,3,R,Y,233,339,232,338,106,1.06,100,233,339,285,L,302,248,265,L,101,26,True,PASS,True
S46_WU06_L_01,S46,46,WU06,S46/WU06,1,L,Y,11,120,10,119,109,1.09,100,11,120,64,R,82,27,44,R,101,26,True,PASS,True
S46_WU06_R_01,S46,46,WU06,S46/WU06,1,R,Y,64,174,63,173,110,1.1,100,64,174,120,L,136,82,100,L,101,26,True,PASS,True
S46_WU06_L_02,S46,46,WU06,S46/WU06,2,L,Y,120,227,119,226,107,1.07,100,120,227,174,R,189,136,154,R,101,26,True,PASS,True
S46_WU06_R_02,S46,46,WU06,S46/WU06,2,R,Y,174,280,173,279,106,1.06,100,174,280,227,L,242,189,207,L,101,26,True,PASS,True
S46_WU08_R_01,S46,46,WU08,S46/WU08,1,R,Y,50,159,49,158,109,1.09,100,50,159,105,L,123,68,86,L,101,26,True,PASS,True
S46_WU08_L_01,S46,46,WU08,S46/WU08,1,L,Y,105,215,104,214,110,1.1,100,105,215,159,R,177,123,140,R,101,26,True,PASS,True
S46_WU08_R_02,S46,46,WU08,S46/WU08,2,R,Y,159,271,158,270,112,1.12,100,159,271,215,L,233,177,195,L,101,26,True,PASS,True
S46_WU08_L_02,S46,46,WU08,S46/WU08,2,L,Y,215,325,214,324,110,1.1,100,215,325,271,R,288,233,251,R,101,26,True,PASS,True
S46_WU11_R_01,S46,46,WU11,S46/WU11,1,R,Y,2,113,1,112,111,1.11,100,2,113,58,L,76,20,38,L,101,26,True,PASS,True
S46_WU11_L_01,S46,46,WU11,S46/WU11,1,L,Y,58,166,57,165,108,1.08,100,58,166,113,R,130,76,94,R,101,26,True,PASS,True
S46_WU11_R_02,S46,46,WU11,S46/WU11,2,R,Y,113,222,112,221,109,1.09,100,113,222,166,L,184,130,147,L,101,26,True,PASS,True
S46_WU11_L_02,S46,46,WU11,S46/WU11,2,L,Y,166,275,165,274,109,1.09,100,166,275,222,R,239,184,202,R,101,26,True,PASS,True
S46_WU11_R_03,S46,46,WU11,S46/WU11,3,R,Y,222,330,221,329,108,1.08,100,222,330,275,L,292,239,256,L,101,26,True,PASS,True
S46_WU14_R_01,S46,46,WU14,S46/WU14,1,R,Y,13,118,12,117,105,1.05,100,13,118,66,L,83,29,47,L,101,26,True,PASS,True
S46_WU14_L_01,S46,46,WU14,S46/WU14,1,L,Y,66,169,65,168,103,1.03,100,66,169,118,R,133,83,99,R,101,26,True,PASS,True
S46_WU14_R_02,S46,46,WU14,S46/WU14,2,R,Y,118,218,117,217,100,1.0,100,118,218,169,L,182,133,150,L,101,26,True,PASS,True
S46_WU14_L_02,S46,46,WU14,S46/WU14,2,L,Y,169,268,168,267,99,0.99,100,169,268,218,R,232,182,199,R,101,26,True,PASS,True
S48_WU01_L_01,S48,48,WU01,S48/WU01,1,L,N,41,142,40,141,101,1.01,100,41,142,91,R,107,57,73,R,101,26,True,PASS,True
S48_WU01_R_01,S48,48,WU01,S48/WU01,1,R,N,91,194,90,193,103,1.03,100,91,194,142,L,159,107,123,L,101,26,True,PASS,True
S48_WU01_L_02,S48,48,WU01,S48/WU01,2,L,N,142,245,141,244,103,1.03,100,142,245,194,R,210,159,175,R,101,26,True,PASS,True
S48_WU02_L_01,S48,48,WU02,S48/WU02,1,L,N,2,101,1,100,99,0.99,100,2,101,52,R,66,18,34,R,101,26,True,PASS,True
S48_WU02_R_01,S48,48,WU02,S48/WU02,1,R,N,52,151,51,150,99,0.99,100,52,151,101,L,116,66,82,L,101,26,True,PASS,True
S48_WU02_L_02,S48,48,WU02,S48/WU02,2,L,N,101,199,100,198,98,0.98,100,101,199,151,R,165,116,133,R,101,26,True,PASS,True
S48_WU02_R_02,S48,48,WU02,S48/WU02,2,R,N,151,249,150,248,98,0.98,100,151,249,199,L,215,165,181,L,101,26,True,PASS,True
S48_WU03_L_01,S48,48,WU03,S48/WU03,1,L,N,51,149,50,148,98,0.98,100,51,149,100,R,114,66,82,R,101,26,True,PASS,True
S48_WU03_R_01,S48,48,WU03,S48/WU03,1,R,N,100,200,99,199,100,1.0,100,100,200,149,L,166,114,131,L,101,26,True,PASS,True
S48_WU04_L_01,S48,48,WU04,S48/WU04,1,L,N,16,122,15,121,106,1.06,100,16,122,69,R,86,33,50,R,101,26,True,PASS,True
S48_WU04_R_01,S48,48,WU04,S48/WU04,1,R,N,69,175,68,174,106,1.06,100,69,175,122,L,139,86,103,L,101,26,True,PASS,True
S48_WU04_L_02,S48,48,WU04,S48/WU04,2,L,N,122,229,121,228,107,1.07,100,122,229,175,R,192,139,156,R,101,26,True,PASS,True
S48_WU04_R_02,S48,48,WU04,S48/WU04,2,R,N,175,279,174,278,104,1.04,100,175,279,229,L,243,192,209,L,101,26,True,PASS,True
S48_WU05_L_01,S48,48,WU05,S48/WU05,1,L,N,22,122,21,121,100,1.0,100,22,122,72,R,87,38,54,R,101,26,True,PASS,True
S48_WU05_R_01,S48,48,WU05,S48/WU05,1,R,N,72,172,71,171,100,1.0,100,72,172,122,L,138,87,103,L,101,26,True,PASS,True
S48_WU05_L_02,S48,48,WU05,S48/WU05,2,L,N,122,223,121,222,101,1.01,100,122,223,172,R,188,138,154,R,101,26,True,PASS,True
S48_WU07_L_01,S48,48,WU07,S48/WU07,1,L,N,35,138,34,137,103,1.03,100,35,138,86,R,102,51,68,R,101,26,True,PASS,True
S48_WU07_R_01,S48,48,WU07,S48/WU07,1,R,N,86,189,85,188,103,1.03,100,86,189,138,L,153,102,118,L,101,26,True,PASS,True
S48_WU07_L_02,S48,48,WU07,S48/WU07,2,L,N,138,241,137,240,103,1.03,100,138,241,189,R,205,153,171,R,101,26,True,PASS,True
S48_WU07_R_02,S48,48,WU07,S48/WU07,2,R,N,189,292,188,291,103,1.03,100,189,292,241,L,256,205,221,L,101,26,True,PASS,True
S48_WU09_R_01,S48,48,WU09,S48/WU09,1,R,N,26,139,25,138,113,1.13,100,26,139,84,L,102,46,65,L,101,26,True,PASS,True
S48_WU09_L_01,S48,48,WU09,S48/WU09,1,L,N,84,196,83,195,112,1.12,100,84,196,139,R,158,102,119,R,101,26,True,PASS,True
S48_WU09_R_02,S48,48,WU09,S48/WU09,2,R,N,139,250,138,249,111,1.11,100,139,250,196,L,214,158,176,L,101,26,True,PASS,True
S48_WU10_L_01,S48,48,WU10,S48/WU10,1,L,N,55,159,54,158,104,1.04,100,55,159,107,R,123,71,88,R,101,26,True,PASS,True
S48_WU10_R_01,S48,48,WU10,S48/WU10,1,R,N,107,207,106,206,100,1.0,100,107,207,159,L,174,123,140,L,101,26,True,PASS,True
S48_WU10_L_02,S48,48,WU10,S48/WU10,2,L,N,159,256,158,255,97,0.97,100,159,256,207,R,222,174,190,R,101,26,True,PASS,True
S48_WU11_R_01,S48,48,WU11,S48/WU11,1,R,N,9,112,8,111,103,1.03,100,9,112,61,L,77,26,42,L,101,26,True,PASS,True
S48_WU11_L_01,S48,48,WU11,S48/WU11,1,L,N,61,163,60,162,102,1.02,100,61,163,112,R,127,77,93,R,101,26,True,PASS,True
S48_WU11_R_02,S48,48,WU11,S48/WU11,2,R,N,112,214,111,213,102,1.02,100,112,214,163,L,180,127,144,L,101,26,True,PASS,True
S48_WU11_L_02,S48,48,WU11,S48/WU11,2,L,N,163,266,162,265,103,1.03,100,163,266,214,R,230,180,196,R,101,26,True,PASS,True
S48_WU12_L_01,S48,48,WU12,S48/WU12,1,L,N,31,137,30,136,106,1.06,100,31,137,84,R,102,49,66,R,101,26,True,PASS,True
S48_WU12_R_01,S48,48,WU12,S48/WU12,1,R,N,84,189,83,188,105,1.05,100,84,189,137,L,154,102,118,L,101,26,True,PASS,True
S48_WU12_L_02,S48,48,WU12,S48/WU12,2,L,N,137,240,136,239,103,1.03,100,137,240,189,R,205,154,170,R,101,26,True,PASS,True
