cycle_id,subject_id,session_id,side,events_fc,events_opposite_fc,events_fo,events_mid_stance,duration_status,lower_body_status,upper_body_status,overall,usable_lower_body,reasons,pelvis_present,pelvis_expected,pelvis_finite_ratio,pelvis_status,hip_present,hip_expected,hip_finite_ratio,hip_status,knee_present,knee_expected,knee_finite_ratio,knee_status,ankle_present,ankle_expected,ankle_finite_ratio,ankle_status,foot_present,foot_expected,foot_finite_ratio,foot_status,whole_body_present,whole_body_expected,whole_body_finite_ratio,whole_body_status,trunk_present,trunk_expected,trunk_finite_ratio,trunk_status,head_present,head_expected,head_finite_ratio,head_status,arms_present,arms_expected,arms_finite_ratio,arms_status
S2_WU01_R_01,S2,WU01,R,PASS,PASS,PASS,PASS,PASS,PASS,PASS,PASS,True,,4,4,1.0,PASS,4,4,1.0,PASS,4,4,1.0,PASS,6,6,1.0,PASS,6,6,1.0,PASS,2,2,1.0,PASS,9,9,1.0,PASS,8,8,1.0,PASS,20,20,1.0,PASS
S2_WU01_L_01,S2,WU01,L,PASS,PASS,PASS,PASS,PASS,PASS,PASS,PASS,True,,4,4,1.0,PASS,4,4,1.0,PASS,4,4,1.0,PASS,6,6,1.0,PASS,6,6,1.0,PASS,2,2,1.0,PASS,9,9,1.0,PASS,8,8,1.0,PASS,20,20,1.0,PASS
S2_WU01_R_02,S2,WU01,R,PASS,PASS,PASS,PASS,PASS,PASS,PASS,PASS,True,,4,4,1.0,PASS,4,4,1.0,PASS,4,4,1.0,PASS,6,6,1.0,PASS,6,6,1.0,PASS,2,2,1.0,PASS,9,9,1.0,PASS,8,8,1.0,PASS,20,20,1.0,PASS
S2_WU01_L_02,S2,WU01,L,PASS,PASS,PASS,PASS,PASS,PASS,PASS,PASS,True,,4,4,1.0,PASS,4,4,1.0,PASS,4,4,1.0,PASS,6,6,1.0,PASS,6,6,1.0,PASS,2,2,1.0,PASS,9,9,1.0,PASS,8,8,1.0,PASS,20,20,1.0,PASS
S2_WU02_R_01,S2,WU02,R,PASS,PASS,PASS,PASS,PASS,PASS,PASS,PASS,True,,4,4,1.0,PASS,4,4,1.0,PASS,4,4,1.0,PASS,6,6,1.0,PASS,6,6,1.0,PASS,2,2,1.0,PASS,9,9,1.0,PASS,8,8,1.0,PASS,20,20,1.0,PASS
S2_WU02_L_01,S2,WU02,L,PASS,PASS,PASS,PASS,PASS,PASS,PASS,PASS,True,,4,4,1.0,PASS,4,4,1.0,PASS,4,4,1.0,PASS,6,6,1.0,PASS,6,6,1.0,PASS,2,2,1.0,PASS,9,9,1.0,PASS,8,8,1.0,PASS,20,20,1.0,PASS
S2_WU02_R_02,S2,WU02,R,PASS,PASS,PASS,PASS,PASS,PASS,PASS,PASS,True,,4,4,1.0,PASS,4,4,1.0,PASS,4,4,1.0,PASS,6,6,1.0,PASS,6,6,1.0,PASS,2,2,1.0,PASS,9,9,1.0,PASS,8,8,1.0,PASS,20,20,1.0,PASS
S2_WU02_L_02,S2,WU02,L,PASS,PASS,PASS,PASS,PASS,PASS,PASS,PASS,True,,4,4,1.0,PASS,4,4,1.0,PASS,4,4,1.0,PASS,6,6,1.0,PASS,6,6,1.0,PASS,2,2,1.0,PASS,9,9,1.0,PASS,8,8,1.0,PASS,20,20,1.0,PASS
S2_WU03_L_01,S2,WU03,L,PASS,PASS,PASS,PASS,PASS,PASS,PASS,PASS,True,,4,4,1.0,PASS,4,4,1.0,PASS,4,4,1.0,PASS,6,6,1.0,PASS,6,6,1.0,PASS,2,2,1.0,PASS,9,9,1.0,PASS,8,8,1.0,PASS,20,20,1.0,PASS
S2_WU03_R_01,S2,WU03,R,PASS,PASS,PASS,PASS,PASS,PASS,PASS,PASS,True,,4,4,1.0,PASS,4,4,1.0,PASS,4,4,1.0,PASS,6,6,1.0,PASS,6,6,1.0,PASS,2,2,1.0,PASS,9,9,1.0,PASS,8,8,1.0,PASS,20,20,1.0,PASS
S2_WU03_L_02,S2,WU03,L,PASS,PASS,PASS,PASS,PASS,PASS,PASS,PASS,True,,4,4,1.0,PASS,4,4,1.0,PASS,4,4,1.0,PASS,6,6,1.0,PASS,6,6,1.0,PASS,2,2,1.0,PASS,9,9,1.0,PASS,8,8,1.0,PASS,20,20,1.0,PASS
S2_WU03_R_02,S2,WU03,R,PASS,PASS,PASS,PASS,PASS,PASS,PASS,PASS,True,,4,4,1.0,PASS,4,4,1.0,PASS,4,4,1.0,PASS,6,6,1.0,PASS,6,6,1.0,PASS,2,2,1.0,PASS,9,9,1.0,PASS,8,8,1.0,PASS,20,20,1.0,PASS
S2_WU04_R_01,S2,WU04,R,PASS,PASS,PASS,PASS,PASS,PASS,PASS,PASS,True,,4,4,1.0,PASS,4,4,1.0,PASS,4,4,1.0,PASS,6,6,1.0,PASS,6,6,1.0,PASS,2,2,1.0,PASS,9,9,1.0,PASS,8,8,1.0,PASS,20,20,1.0,PASS
S2_WU04_L_01,S2,WU04,L,PASS,PASS,PASS,PASS,PASS,PASS,PASS,PASS,True,,4,4,1.0,PASS,4,4,1.0,PASS,4,4,1.0,PASS,6,6,1.0,PASS,6,6,1.0,PASS,2,2,1.0,PASS,9,9,1.0,PASS,8,8,1.0,PASS,20,20,1.0,PASS
S2_WU04_R_02,S2,WU04,R,PASS,PASS,PASS,PASS,PASS,PASS,PASS,PASS,True,,4,4,1.0,PASS,4,4,1.0,PASS,4,4,1.0,PASS,6,6,1.0,PASS,6,6,1.0,PASS,2,2,1.0,PASS,9,9,1.0,PASS,8,8,1.0,PASS,20,20,1.0,PASS
S2_WU04_L_02,S2,WU04,L,PASS,PASS,PASS,PASS,PASS,PASS,PASS,PASS,True,,4,4,1.0,PASS,4,4,1.0,PASS,4,4,1.0,PASS,6,6,1.0,PASS,6,6,1.0,PASS,2,2,1.0,PASS,9,9,1.0,PASS,8,8,1.0,PASS,20,20,1.0,PASS
S2_WU05_L_01,S2,WU05,L,PASS,PASS,PASS,PASS,PASS,PASS,PASS,PASS,True,,4,4,1.0,PASS,4,4,1.0,PASS,4,4,1.0,PASS,6,6,1.0,PASS,6,6,1.0,PASS,2,2,1.0,PASS,9,9,1.0,PASS,8,8,1.0,PASS,20,20,1.0,PASS
S2_WU05_R_01,S2,WU05,R,PASS,PASS,PASS,PASS,PASS,PASS,PASS,PASS,True,,4,4,1.0,PASS,4,4,1.0,PASS,4,4,1.0,PASS,6,6,1.0,PASS,6,6,1.0,PASS,2,2,1.0,PASS,9,9,1.0,PASS,8,8,1.0,PASS,20,20,1.0,PASS
S2_WU05_L_02,S2,WU05,L,PASS,PASS,PASS,PASS,PASS,PASS,PASS,PASS,True,,4,4,1.0,PASS,4,4,1.0,PASS,4,4,1.0,PASS,6,6,1.0,PASS,6,6,1.0,PASS,2,2,1.0,PASS,9,9,1.0,PASS,8,8,1.0,PASS,20,20,1.0,PASS
S2_WU05_R_02,S2,WU05,R,PASS,PASS,PASS,PASS,PASS,PASS,PASS,PASS,True,,4,4,1.0,PASS,4,4,1.0,PASS,4,4,1.0,PASS,6,6,1.0,PASS,6,6,1.0,PASS,2,2,1.0,PASS,9,9,1.0,PASS,8,8,1.0,PASS,20,20,1.0,PASS
S2_WU06_R_01,S2,WU06,R,PASS,PASS,PASS,PASS,PASS,PASS,PASS,PASS,True,,4,4,1.0,PASS,4,4,1.0,PASS,4,4,1.0,PASS,6,6,1.0,PASS,6,6,1.0,PASS,2,2,1.0,PASS,9,9,1.0,PASS,8,8,1.0,PASS,20,20,1.0,PASS
S2_WU06_L_01,S2,WU06,L,PASS,PASS,PASS,PASS,PASS,PASS,PASS,PASS,True,,4,4,1.0,PASS,4,4,1.0,PASS,4,4,1.0,PASS,6,6,1.0,PASS,6,6,1.0,PASS,2,2,1.0,PASS,9,9,1.0,PASS,8,8,1.0,PASS,20,20,1.0,PASS
S2_WU06_R_02,S2,WU06,R,PASS,PASS,PASS,PASS,PASS,PASS,PASS,PASS,True,,4,4,1.0,PASS,4,4,1.0,PASS,4,4,1.0,PASS,6,6,1.0,PASS,6,6,1.0,PASS,2,2,1.0,PASS,9,9,1.0,PASS,8,8,1.0,PASS,20,20,1.0,PASS
S2_WU06_L_02,S2,WU06,L,PASS,PASS,PASS,PASS,PASS,PASS,PASS,PASS,True,,4,4,1.0,PASS,4,4,1.0,PASS,4,4,1.0,PASS,6,6,1.0,PASS,6,6,1.0,PASS,2,2,1.0,PASS,9,9,1.0,PASS,8,8,1.0,PASS,20,20,1.0,PASS
S2_WU07_L_01,S2,WU07,L,PASS,PASS,PASS,PASS,PASS,PASS,PASS,PASS,True,,4,4,1.0,PASS,4,4,1.0,PASS,4,4,1.0,PASS,6,6,1.0,PASS,6,6,1.0,PASS,2,2,1.0,PASS,9,9,1.0,PASS,8,8,1.0,PASS,20,20,1.0,PASS
S2_WU07_R_01,S2,WU07,R,PASS,PASS,PASS,PASS,PASS,PASS,PASS,PASS,True,,4,4,1.0,PASS,4,4,1.0,PASS,4,4,1.0,PASS,6,6,1.0,PASS,6,6,1.0,PASS,2,2,1.0,PASS,9,9,1.0,PASS,8,8,1.0,PASS,20,20,1.0,PASS
S2_WU07_L_02,S2,WU07,L,PASS,PASS,PASS,PASS,PASS,PASS,PASS,PASS,True,,4,4,1.0,PASS,4,4,1.0,PASS,4,4,1.0,PASS,6,6,1.0,PASS,6,6,1.0,PASS,2,2,1.0,PASS,9,9,1.0,PASS,8,8,1.0,PASS,20,20,1.0,PASS
S2_WU08_R_01,S2,WU08,R,PASS,PASS,PASS,PASS,PASS,PASS,PASS,PASS,True,,4,4,1.0,PASS,4,4,1.0,PASS,4,4,1.0,PASS,6,6,1.0,PASS,6,6,1.0,PASS,2,2,1.0,PASS,9,9,1.0,PASS,8,8,1.0,PASS,20,20,1.0,PASS
S2_WU08_L_01,S2,WU08,L,PASS,PASS,PASS,PASS,PASS,PASS,PASS,PASS,True,,4,4,1.0,PASS,4,4,1.0,PASS,4,4,1.0,PASS,6,6,1.0,PASS,6,6,1.0,PASS,2,2,1.0,PASS,9,9,1.0,PASS,8,8,1.0,PASS,20,20,1.0,PASS
S2_WU08_R_02,S2,WU08,R,PASS,PASS,PASS,PASS,PASS,PASS,PASS,PASS,True,,4,4,1.0,PASS,4,4,1.0,PASS,4,4,1.0,PASS,6,6,1.0,PASS,6,6,1.0,PASS,2,2,1.0,PASS,9,9,1.0,PASS,8,8,1.0,PASS,20,20,1.0,PASS
S2_WU08_L_02,S2,WU08,L,PASS,PASS,PASS,PASS,PASS,PASS,PASS,PASS,True,,4,4,1.0,PASS,4,4,1.0,PASS,4,4,1.0,PASS,6,6,1.0,PASS,6,6,1.0,PASS,2,2,1.0,PASS,9,9,1.0,PASS,8,8,1.0,PASS,20,20,1.0,PASS
S2_WU08_R_03,S2,WU08,R,PASS,PASS,PASS,PASS,PASS,PASS,PASS,PASS,True,,4,4,1.0,PASS,4,4,1.0,PASS,4,4,1.0,PASS,6,6,1.0,PASS,6,6,1.0,PASS,2,2,1.0,PASS,9,9,1.0,PASS,8,8,1.0,PASS,20,20,1.0,PASS
S2_WU09_R_01,S2,WU09,R,PASS,PASS,PASS,PASS,PASS,PASS,PASS,PASS,True,,4,4,1.0,PASS,4,4,1.0,PASS,4,4,1.0,PASS,6,6,1.0,PASS,6,6,1.0,PASS,2,2,1.0,PASS,9,9,1.0,PASS,8,8,1.0,PASS,20,20,1.0,PASS
S2_WU09_L_01,S2,WU09,L,PASS,PASS,PASS,PASS,PASS,PASS,PASS,PASS,True,,4,4,1.0,PASS,4,4,1.0,PASS,4,4,1.0,PASS,6,6,1.0,PASS,6,6,1.0,PASS,2,2,1.0,PASS,9,9,1.0,PASS,8,8,1.0,PASS,20,20,1.0,PASS
S2_WU09_R_02,S2,WU09,R,PASS,PASS,PASS,PASS,PASS,PASS,PASS,PASS,True,,4,4,1.0,PASS,4,4,1.0,PASS,4,4,1.0,PASS,6,6,1.0,PASS,6,6,1.0,PASS,2,2,1.0,PASS,9,9,1.0,PASS,8,8,1.0,PASS,20,20,1.0,PASS
S2_WU09_L_02,S2,WU09,L,PASS,PASS,PASS,PASS,PASS,PASS,PASS,PASS,True,,4,4,1.0,PASS,4,4,1.0,PASS,4,4,1.0,PASS,6,6,1.0,PASS,6,6,1.0,PASS,2,2,1.0,PASS,9,9,1.0,PASS,8,8,1.0,PASS,20,20,1.0,PASS
S2_WU09_R_03,S2,WU09,R,PASS,PASS,PASS,PASS,PASS,PASS,PASS,PASS,True,,4,4,1.0,PASS,4,4,1.0,PASS,4,4,1.0,PASS,6,6,1.0,PASS,6,6,1.0,PASS,2,2,1.0,PASS,9,9,1.0,PASS,8,8,1.0,PASS,20,20,1.0,PASS
S3_WU01_L_01,S3,WU01,L,PASS,PASS,PASS,PASS,PASS,PASS,WARNING,PASS,True,upper-body warning,4,4,1.0,PASS,4,4,1.0,PASS,4,4,1.0,PASS,6,6,1.0,PASS,6,6,1.0,PASS,2,2,1.0,PASS,9,9,1.0,PASS,8,8,1.0,PASS,20,20,0.976754,WARNING
S3_WU01_R_01,S3,WU01,R,PASS,PASS,PASS,PASS,PASS,PASS,WARNING,PASS,True,upper-body warning,4,4,1.0,PASS,4,4,1.0,PASS,4,4,1.0,PASS,6,6,1.0,PASS,6,6,1.0,PASS,2,2,1.0,PASS,9,9,1.0,PASS,8,8,1.0,PASS,20,20,0.971552,WARNING
S3_WU01_L_02,S3,WU01,L,PASS,PASS,PASS,PASS,PASS,PASS,WARNING,PASS,True,upper-body warning,4,4,1.0,PASS,4,4,1.0,PASS,4,4,1.0,PASS,6,6,1.0,PASS,6,6,1.0,PASS,2,2,1.0,PASS,9,9,1.0,PASS,8,8,1.0,PASS,20,20,0.954386,WARNING
S3_WU02_L_01,S3,WU02,L,PASS,PASS,PASS,PASS,PASS,PASS,PASS,PASS,True,,4,4,1.0,PASS,4,4,1.0,PASS,4,4,1.0,PASS,6,6,1.0,PASS,6,6,1.0,PASS,2,2,1.0,PASS,9,9,1.0,PASS,8,8,1.0,PASS,20,20,1.0,PASS
S3_WU02_R_01,S3,WU02,R,PASS,PASS,PASS,PASS,PASS,PASS,WARNING,PASS,True,upper-body warning,4,4,1.0,PASS,4,4,1.0,PASS,4,4,1.0,PASS,6,6,1.0,PASS,6,6,1.0,PASS,2,2,1.0,PASS,9,9,1.0,PASS,8,8,1.0,PASS,20,20,0.983182,WARNING
S3_WU02_L_02,S3,WU02,L,PASS,PASS,PASS,PASS,PASS,PASS,WARNING,PASS,True,upper-body warning,4,4,1.0,PASS,4,4,1.0,PASS,4,4,1.0,PASS,6,6,1.0,PASS,6,6,1.0,PASS,2,2,1.0,PASS,9,9,1.0,PASS,8,8,1.0,PASS,20,20,0.959633,WARNING
S3_WU03_R_01,S3,WU03,R,PASS,PASS,PASS,PASS,PASS,PASS,WARNING,PASS,True,upper-body warning,4,4,1.0,PASS,4,4,1.0,PASS,4,4,1.0,PASS,6,6,1.0,PASS,6,6,1.0,PASS,2,2,1.0,PASS,9,9,1.0,PASS,8,8,1.0,PASS,20,20,0.973853,WARNING
S3_WU03_L_01,S3,WU03,L,PASS,PASS,PASS,PASS,PASS,PASS,WARNING,PASS,True,upper-body warning,4,4,1.0,PASS,4,4,1.0,PASS,4,4,1.0,PASS,6,6,1.0,PASS,6,6,1.0,PASS,2,2,1.0,PASS,9,9,1.0,PASS,8,8,1.0,PASS,20,20,0.954128,WARNING
S3_WU03_R_02,S3,WU03,R,PASS,PASS,PASS,PASS,PASS,PASS,WARNING,PASS,True,upper-body warning,4,4,1.0,PASS,4,4,1.0,PASS,4,4,1.0,PASS,6,6,1.0,PASS,6,6,1.0,PASS,2,2,1.0,PASS,9,9,1.0,PASS,8,8,1.0,PASS,20,20,0.974074,WARNING
S3_WU04_R_01,S3,WU04,R,PASS,PASS,PASS,PASS,PASS,PASS,PASS,PASS,True,,4,4,1.0,PASS,4,4,1.0,PASS,4,4,1.0,PASS,6,6,1.0,PASS,6,6,1.0,PASS,2,2,1.0,PASS,9,9,1.0,PASS,8,8,1.0,PASS,20,20,1.0,PASS
S3_WU04_L_01,S3,WU04,L,PASS,PASS,PASS,PASS,PASS,PASS,PASS,PASS,True,,4,4,1.0,PASS,4,4,1.0,PASS,4,4,1.0,PASS,6,6,1.0,PASS,6,6,1.0,PASS,2,2,1.0,PASS,9,9,1.0,PASS,8,8,1.0,PASS,20,20,1.0,PASS
S3_WU04_R_02,S3,WU04,R,PASS,PASS,PASS,PASS,PASS,PASS,PASS,PASS,True,,4,4,1.0,PASS,4,4,1.0,PASS,4,4,1.0,PASS,6,6,1.0,PASS,6,6,1.0,PASS,2,2,1.0,PASS,9,9,1.0,PASS,8,8,1.0,PASS,20,20,1.0,PASS
S3_WU04_L_02,S3,WU04,L,PASS,PASS,PASS,PASS,PASS,PASS,PASS,PASS,True,,4,4,1.0,PASS,4,4,1.0,PASS,4,4,1.0,PASS,6,6,1.0,PASS,6,6,1.0,PASS,2,2,1.0,PASS,9,9,1.0,PASS,8,8,1.0,PASS,20,20,1.0,PASS
S3_WU05_R_01,S3,WU05,R,PASS,PASS,PASS,PASS,PASS,PASS,WARNING,PASS,True,upper-body warning,4,4,1.0,PASS,4,4,1.0,PASS,4,4,1.0,PASS,6,6,1.0,PASS,6,6,1.0,PASS,2,2,1.0,PASS,9,9,1.0,PASS,8,8,1.0,PASS,20,20,0.972222,WARNING
S3_WU05_L_01,S3,WU05,L,PASS,PASS,PASS,PASS,PASS,PASS,WARNING,PASS,True,upper-body warning,4,4,1.0,PASS,4,4,1.0,PASS,4,4,1.0,PASS,6,6,1.0,PASS,6,6,1.0,PASS,2,2,1.0,PASS,9,9,1.0,PASS,8,8,1.0,PASS,20,20,0.957727,WARNING
S3_WU05_R_02,S3,WU05,R,PASS,PASS,PASS,PASS,PASS,PASS,WARNING,PASS,True,upper-body warning,4,4,1.0,PASS,4,4,1.0,PASS,4,4,1.0,PASS,6,6,1.0,PASS,6,6,1.0,PASS,2,2,1.0,PASS,9,9,1.0,PASS,8,8,1.0,PASS,20,20,0.977358,WARNING
S3_WU06_L_01,S3,WU06,L,PASS,PASS,PASS,PASS,PASS,PASS,WARNING,PASS,True,upper-body warning,4,4,1.0,PASS,4,4,1.0,PASS,4,4,1.0,PASS,6,6,1.0,PASS,6,6,1.0,PASS,2,2,1.0,PASS,9,9,1.0,PASS,8,8,1.0,PASS,20,20,0.98271,WARNING
S3_WU06_R_01,S3,WU06,R,PASS,PASS,PASS,PASS,PASS,PASS,WARNING,PASS,True,upper-body warning,4,4,1.0,PASS,4,4,1.0,PASS,4,4,1.0,PASS,6,6,1.0,PASS,6,6,1.0,PASS,2,2,1.0,PASS,9,9,1.0,PASS,8,8,1.0,PASS,20,20,0.959174,WARNING
S3_WU06_L_02,S3,WU06,L,PASS,PASS,PASS,PASS,PASS,PASS,WARNING,PASS,True,upper-body warning,4,4,1.0,PASS,4,4,1.0,PASS,4,4,1.0,PASS,6,6,1.0,PASS,6,6,1.0,PASS,2,2,1.0,PASS,9,9,1.0,PASS,8,8,1.0,PASS,20,20,0.95,WARNING
S3_WU07_R_01,S3,WU07,R,PASS,PASS,PASS,PASS,PASS,PASS,WARNING,PASS,True,upper-body warning,4,4,1.0,PASS,4,4,1.0,PASS,4,4,1.0,PASS,6,6,1.0,PASS,6,6,1.0,PASS,2,2,1.0,PASS,9,9,1.0,PASS,8,8,1.0,PASS,20,20,0.985455,WARNING
S3_WU07_L_01,S3,WU07,L,PASS,PASS,PASS,PASS,PASS,PASS,PASS,PASS,True,,4,4,1.0,PASS,4,4,1.0,PASS,4,4,1.0,PASS,6,6,1.0,PASS,6,6,1.0,PASS,2,2,1.0,PASS,9,9,1.0,PASS,8,8,1.0,PASS,20,20,1.0,PASS
S3_WU07_R_02,S3,WU07,R,PASS,PASS,PASS,PASS,PASS,PASS,PASS,PASS,True,,4,4,1.0,PASS,4,4,1.0,PASS,4,4,1.0,PASS,6,6,1.0,PASS,6,6,1.0,PASS,2,2,1.0,PASS,9,9,1.0,PASS,8,8,1.0,PASS,20,20,1.0,PASS
S3_WU07_L_02,S3,WU07,L,PASS,PASS,PASS,PASS,PASS,PASS,PASS,PASS,True,,4,4,1.0,PASS,4,4,1.0,PASS,4,4,1.0,PASS,6,6,1.0,PASS,6,6,1.0,PASS,2,2,1.0,PASS,9,9,1.0,PASS,8,8,1.0,PASS,20,20,1.0,PASS
S3_WU07_R_03,S3,WU07,R,PASS,PASS,PASS,PASS,PASS,PASS,WARNING,PASS,True,upper-body warning,4,4,1.0,PASS,4,4,1.0,PASS,4,4,1.0,PASS,6,6,1.0,PASS,6,6,1.0,PASS,2,2,1.0,PASS,9,9,1.0,PASS,8,8,1.0,PASS,20,20,0.980631,WARNING
S3_WU11_R_01,S3,WU11,R,PASS,PASS,PASS,PASS,PASS,PASS,PASS,PASS,True,,4,4,1.0,PASS,4,4,1.0,PASS,4,4,1.0,PASS,6,6,1.0,PASS,6,6,1.0,PASS,2,2,1.0,PASS,9,9,1.0,PASS,8,8,1.0,PASS,20,20,1.0,PASS
S3_WU11_L_01,S3,WU11,L,PASS,PASS,PASS,PASS,PASS,PASS,PASS,PASS,True,,4,4,1.0,PASS,4,4,1.0,PASS,4,4,1.0,PASS,6,6,1.0,PASS,6,6,1.0,PASS,2,2,1.0,PASS,9,9,1.0,PASS,8,8,1.0,PASS,20,20,1.0,PASS
S3_WU11_R_02,S3,WU11,R,PASS,PASS,PASS,PASS,PASS,PASS,PASS,PASS,True,,4,4,1.0,PASS,4,4,1.0,PASS,4,4,1.0,PASS,6,6,1.0,PASS,6,6,1.0,PASS,2,2,1.0,PASS,9,9,1.0,PASS,8,8,1.0,PASS,20,20,1.0,PASS
S3_WU11_L_02,S3,WU11,L,PASS,PASS,PASS,PASS,PASS,PASS,PASS,PASS,True,,4,4,1.0,PASS,4,4,1.0,PASS,4,4,1.0,PASS,6,6,1.0,PASS,6,6,1.0,PASS,2,2,1.0,PASS,9,9,1.0,PASS,8,8,1.0,PASS,20,20,1.0,PASS
S4_WU01_R_01,S4,WU01,R,PASS,PASS,PASS,PASS,PASS,PASS,PASS,PASS,True,,4,4,1.0,PASS,4,4,1.0,PASS,4,4,1.0,PASS,6,6,1.0,PASS,6,6,1.0,PASS,2,2,1.0,PASS,9,9,1.0,PASS,8,8,1.0,PASS,20,20,1.0,PASS
S4_WU01_L_01,S4,WU01,L,PASS,PASS,PASS,PASS,PASS,PASS,PASS,PASS,True,,4,4,1.0,PASS,4,4,1.0,PASS,4,4,1.0,PASS,6,6,1.0,PASS,6,6,1.0,PASS,2,2,1.0,PASS,9,9,1.0,PASS,8,8,1.0,PASS,20,20,1.0,PASS
S4_WU01_R_02,S4,WU01,R,PASS,PASS,PASS,PASS,PASS,PASS,PASS,PASS,True,,4,4,1.0,PASS,4,4,1.0,PASS,4,4,1.0,PASS,6,6,1.0,PASS,6,6,1.0,PASS,2,2,1.0,PASS,9,9,1.0,PASS,8,8,1.0,PASS,20,20,1.0,PASS
S4_WU02_L_01,S4,WU02,L,PASS,PASS,PASS,PASS,PASS,PASS,PASS,PASS,True,,4,4,1.0,PASS,4,4,1.0,PASS,4,4,1.0,PASS,6,6,1.0,PASS,6,6,1.0,PASS,2,2,1.0,PASS,9,9,1.0,PASS,8,8,1.0,PASS,20,20,1.0,PASS
S4_WU02_R_01,S4,WU02,R,PASS,PASS,PASS,PASS,PASS,PASS,PASS,PASS,True,,4,4,1.0,PASS,4,4,1.0,PASS,4,4,1.0,PASS,6,6,1.0,PASS,6,6,1.0,PASS,2,2,1.0,PASS,9,9,1.0,PASS,8,8,1.0,PASS,20,20,1.0,PASS
S4_WU03_R_01,S4,WU03,R,PASS,PASS,PASS,PASS,PASS,PASS,PASS,PASS,True,,4,4,1.0,PASS,4,4,1.0,PASS,4,4,1.0,PASS,6,6,1.0,PASS,6,6,1.0,PASS,2,2,1.0,PASS,9,9,1.0,PASS,8,8,1.0,PASS,20,20,1.0,PASS
S4_WU03_L_01,S4,WU03,L,PASS,PASS,PASS,PASS,PASS,PASS,PASS,PASS,True,,4,4,1.0,PASS,4,4,1.0,PASS,4,4,1.0,PASS,6,6,1.0,PASS,6,6,1.0,PASS,2,2,1.0,PASS,9,9,1.0,PASS,8,8,1.0,PASS,20,20,1.0,PASS
S4_WU03_R_02,S4,WU03,R,PASS,PASS,PASS,PASS,PASS,PASS,PASS,PASS,True,,4,4,1.0,PASS,4,4,1.0,PASS,4,4,1.0,PASS,6,6,1.0,PASS,6,6,1.0,PASS,2,2,1.0,PASS,9,9,1.0,PASS,8,8,1.0,PASS,20,20,1.0,PASS
S4_WU04_L_01,S4,WU04,L,PASS,PASS,PASS,PASS,PASS,PASS,PASS,PASS,True,,4,4,1.0,PASS,4,4,1.0,PASS,4,4,1.0,PASS,6,6,1.0,PASS,6,6,1.0,PASS,2,2,1.0,PASS,9,9,1.0,PASS,8,8,1.0,PASS,20,20,1.0,PASS
S4_WU04_R_01,S4,WU04,R,PASS,PASS,PASS,PASS,PASS,PASS,PASS,PASS,True,,4,4,1.0,PASS,4,4,1.0,PASS,4,4,1.0,PASS,6,6,1.0,PASS,6,6,1.0,PASS,2,2,1.0,PASS,9,9,1.0,PASS,8,8,1.0,PASS,20,20,1.0,PASS
S4_WU05_R_01,S4,WU05,R,PASS,PASS,PASS,PASS,PASS,PASS,PASS,PASS,True,,4,4,1.0,PASS,4,4,1.0,PASS,4,4,1.0,PASS,6,6,1.0,PASS,6,6,1.0,PASS,2,2,1.0,PASS,9,9,1.0,PASS,8,8,1.0,PASS,20,20,1.0,PASS
S4_WU05_L_01,S4,WU05,L,PASS,PASS,PASS,PASS,PASS,PASS,PASS,PASS,True,,4,4,1.0,PASS,4,4,1.0,PASS,4,4,1.0,PASS,6,6,1.0,PASS,6,6,1.0,PASS,2,2,1.0,PASS,9,9,1.0,PASS,8,8,1.0,PASS,20,20,1.0,PASS
S4_WU05_R_02,S4,WU05,R,PASS,PASS,PASS,PASS,PASS,PASS,PASS,PASS,True,,4,4,1.0,PASS,4,4,1.0,PASS,4,4,1.0,PASS,6,6,1.0,PASS,6,6,1.0,PASS,2,2,1.0,PASS,9,9,1.0,PASS,8,8,1.0,PASS,20,20,1.0,PASS
S4_WU06_L_01,S4,WU06,L,PASS,PASS,PASS,PASS,PASS,PASS,PASS,PASS,True,,4,4,1.0,PASS,4,4,1.0,PASS,4,4,1.0,PASS,6,6,1.0,PASS,6,6,1.0,PASS,2,2,1.0,PASS,9,9,1.0,PASS,8,8,1.0,PASS,20,20,1.0,PASS
S4_WU06_R_01,S4,WU06,R,PASS,PASS,PASS,PASS,PASS,PASS,PASS,PASS,True,,4,4,1.0,PASS,4,4,1.0,PASS,4,4,1.0,PASS,6,6,1.0,PASS,6,6,1.0,PASS,2,2,1.0,PASS,9,9,1.0,PASS,8,8,1.0,PASS,20,20,1.0,PASS
S4_WU07_R_01,S4,WU07,R,PASS,PASS,PASS,PASS,PASS,PASS,PASS,PASS,True,,4,4,1.0,PASS,4,4,1.0,PASS,4,4,1.0,PASS,6,6,1.0,PASS,6,6,1.0,PASS,2,2,1.0,PASS,9,9,1.0,PASS,8,8,1.0,PASS,20,20,1.0,PASS
S4_WU07_L_01,S4,WU07,L,PASS,PASS,PASS,PASS,PASS,PASS,PASS,PASS,True,,4,4,1.0,PASS,4,4,1.0,PASS,4,4,1.0,PASS,6,6,1.0,PASS,6,6,1.0,PASS,2,2,1.0,PASS,9,9,1.0,PASS,8,8,1.0,PASS,20,20,1.0,PASS
S4_WU07_R_02,S4,WU07,R,PASS,PASS,PASS,PASS,PASS,PASS,PASS,PASS,True,,4,4,1.0,PASS,4,4,1.0,PASS,4,4,1.0,PASS,6,6,1.0,PASS,6,6,1.0,PASS,2,2,1.0,PASS,9,9,1.0,PASS,8,8,1.0,PASS,20,20,1.0,PASS
S4_WU08_R_01,S4,WU08,R,PASS,PASS,PASS,PASS,PASS,PASS,PASS,PASS,True,,4,4,1.0,PASS,4,4,1.0,PASS,4,4,1.0,PASS,6,6,1.0,PASS,6,6,1.0,PASS,2,2,1.0,PASS,9,9,1.0,PASS,8,8,1.0,PASS,20,20,1.0,PASS
S4_WU08_L_01,S4,WU08,L,PASS,PASS,PASS,PASS,PASS,PASS,PASS,PASS,True,,4,4,1.0,PASS,4,4,1.0,PASS,4,4,1.0,PASS,6,6,1.0,PASS,6,6,1.0,PASS,2,2,1.0,PASS,9,9,1.0,PASS,8,8,1.0,PASS,20,20,1.0,PASS
S4_WU08_R_02,S4,WU08,R,PASS,PASS,PASS,PASS,PASS,PASS,PASS,PASS,True,,4,4,1.0,PASS,4,4,1.0,PASS,4,4,1.0,PASS,6,6,1.0,PASS,6,6,1.0,PASS,2,2,1.0,PASS,9,9,1.0,PASS,8,8,1.0,PASS,20,20,1.0,PASS
S4_WU10_L_01,S4,WU10,L,PASS,PASS,PASS,PASS,PASS,PASS,PASS,PASS,True,,4,4,1.0,PASS,4,4,1.0,PASS,4,4,1.0,PASS,6,6,1.0,PASS,6,6,1.0,PASS,2,2,1.0,PASS,9,9,1.0,PASS,8,8,1.0,PASS,20,20,1.0,PASS
S4_WU10_R_01,S4,WU10,R,PASS,PASS,PASS,PASS,PASS,PASS,PASS,PASS,True,,4,4,1.0,PASS,4,4,1.0,PASS,4,4,1.0,PASS,6,6,1.0,PASS,6,6,1.0,PASS,2,2,1.0,PASS,9,9,1.0,PASS,8,8,1.0,PASS,20,20,1.0,PASS
S5_WU01_L_01,S5,WU01,L,PASS,PASS,PASS,PASS,PASS,PASS,PASS,PASS,True,,4,4,1.0,PASS,4,4,1.0,PASS,4,4,1.0,PASS,6,6,1.0,PASS,6,6,1.0,PASS,2,2,1.0,PASS,9,9,1.0,PASS,8,8,1.0,PASS,20,20,1.0,PASS
S5_WU02_L_01,S5,WU02,L,PASS,PASS,PASS,PASS,PASS,PASS,PASS,PASS,True,,4,4,1.0,PASS,4,4,1.0,PASS,4,4,1.0,PASS,6,6,1.0,PASS,6,6,1.0,PASS,2,2,1.0,PASS,9,9,1.0,PASS,8,8,1.0,PASS,20,20,1.0,PASS
S5_WU02_R_01,S5,WU02,R,PASS,PASS,PASS,PASS,PASS,PASS,PASS,PASS,True,,4,4,1.0,PASS,4,4,1.0,PASS,4,4,1.0,PASS,6,6,1.0,PASS,6,6,1.0,PASS,2,2,1.0,PASS,9,9,1.0,PASS,8,8,1.0,PASS,20,20,1.0,PASS
S5_WU03_R_01,S5,WU03,R,PASS,PASS,PASS,PASS,PASS,PASS,PASS,PASS,True,,4,4,1.0,PASS,4,4,1.0,PASS,4,4,1.0,PASS,6,6,1.0,PASS,6,6,1.0,PASS,2,2,1.0,PASS,9,9,1.0,PASS,8,8,1.0,PASS,20,20,1.0,PASS
S5_WU03_L_01,S5,WU03,L,PASS,PASS,PASS,PASS,PASS,PASS,PASS,PASS,True,,4,4,1.0,PASS,4,4,1.0,PASS,4,4,1.0,PASS,6,6,1.0,PASS,6,6,1.0,PASS,2,2,1.0,PASS,9,9,1.0,PASS,8,8,1.0,PASS,20,20,1.0,PASS
S5_WU04_L_01,S5,WU04,L,PASS,PASS,PASS,PASS,PASS,PASS,PASS,PASS,True,,4,4,1.0,PASS,4,4,1.0,PASS,4,4,1.0,PASS,6,6,1.0,PASS,6,6,1.0,PASS,2,2,1.0,PASS,9,9,1.0,PASS,8,8,1.0,PASS,20,20,1.0,PASS
S5_WU04_R_01,S5,WU04,R,PASS,PASS,PASS,PASS,PASS,PASS,PASS,PASS,True,,4,4,1.0,PASS,4,4,1.0,PASS,4,4,1.0,PASS,6,6,1.0,PASS,6,6,1.0,PASS,2,2,1.0,PASS,9,9,1.0,PASS,8,8,1.0,PASS,20,20,1.0,PASS
S5_WU05_R_01,S5,WU05,R,PASS,PASS,PASS,PASS,PASS,PASS,PASS,PASS,True,,4,4,1.0,PASS,4,4,1.0,PASS,4,4,1.0,PASS,6,6,1.0,PASS,6,6,1.0,PASS,2,2,1.0,PASS,9,9,1.0,PASS,8,8,1.0,PASS,20,20,1.0,PASS
S5_WU05_L_01,S5,WU05,L,PASS,PASS,PASS,PASS,PASS,PASS,PASS,PASS,True,,4,4,1.0,PASS,4,4,1.0,PASS,4,4,1.0,PASS,6,6,1.0,PASS,6,6,1.0,PASS,2,2,1.0,PASS,9,9,1.0,PASS,8,8,1.0,PASS,20,20,1.0,PASS
S5_WU05_R_02,S5,WU05,R,PASS,PASS,PASS,PASS,PASS,PASS,PASS,PASS,True,,4,4,1.0,PASS,4,4,1.0,PASS,4,4,1.0,PASS,6,6,1.0,PASS,6,6,1.0,PASS,2,2,1.0,PASS,9,9,1.0,PASS,8,8,1.0,PASS,20,20,1.0,PASS
S5_WU07_R_01,S5,WU07,R,PASS,PASS,PASS,PASS,PASS,PASS,PASS,PASS,True,,4,4,1.0,PASS,4,4,1.0,PASS,4,4,1.0,PASS,6,6,1.0,PASS,6,6,1.0,PASS,2,2,1.0,PASS,9,9,1.0,PASS,8,8,1.0,PASS,20,20,1.0,PASS
S5_WU07_L_01,S5,WU07,L,PASS,PASS,PASS,PASS,PASS,PASS,PASS,PASS,True,,4,4,1.0,PASS,4,4,1.0,PASS,4,4,1.0,PASS,6,6,1.0,PASS,6,6,1.0,PASS,2,2,1.0,PASS,9,9,1.0,PASS,8,8,1.0,PASS,20,20,1.0,PASS
S5_WU07_R_02,S5,WU07,R,PASS,PASS,PASS,PASS,PASS,PASS,PASS,PASS,True,,4,4,1.0,PASS,4,4,1.0,PASS,4,4,1.0,PASS,6,6,1.0,PASS,6,6,1.0,PASS,2,2,1.0,PASS,9,9,1.0,PASS,8,8,1.0,PASS,20,20,1.0,PASS
S5_WU08_R_01,S5,WU08,R,PASS,PASS,PASS,PASS,PASS,PASS,PASS,PASS,True,,4,4,1.0,PASS,4,4,1.0,PASS,4,4,1.0,PASS,6,6,1.0,PASS,6,6,1.0,PASS,2,2,1.0,PASS,9,9,1.0,PASS,8,8,1.0,PASS,20,20,1.0,PASS
S5_WU09_L_01,S5,WU09,L,PASS,PASS,PASS,PASS,PASS,PASS,PASS,PASS,True,,4,4,1.0,PASS,4,4,1.0,PASS,4,4,1.0,PASS,6,6,1.0,PASS,6,6,1.0,PASS,2,2,1.0,PASS,9,9,1.0,PASS,8,8,1.0,PASS,20,20,1.0,PASS
S7_WU01_R_01,S7,WU01,R,PASS,PASS,PASS,PASS,PASS,PASS,PASS,PASS,True,,4,4,1.0,PASS,4,4,1.0,PASS,4,4,1.0,PASS,6,6,1.0,PASS,6,6,1.0,PASS,2,2,1.0,PASS,9,9,1.0,PASS,8,8,1.0,PASS,20,20,1.0,PASS
S7_WU01_L_01,S7,WU01,L,PASS,PASS,PASS,PASS,PASS,PASS,PASS,PASS,True,,4,4,1.0,PASS,4,4,1.0,PASS,4,4,1.0,PASS,6,6,1.0,PASS,6,6,1.0,PASS,2,2,1.0,PASS,9,9,1.0,PASS,8,8,1.0,PASS,20,20,1.0,PASS
S7_WU01_R_02,S7,WU01,R,PASS,PASS,PASS,PASS,PASS,PASS,PASS,PASS,True,,4,4,1.0,PASS,4,4,1.0,PASS,4,4,1.0,PASS,6,6,1.0,PASS,6,6,1.0,PASS,2,2,1.0,PASS,9,9,1.0,PASS,8,8,1.0,PASS,20,20,1.0,PASS
S7_WU01_L_02,S7,WU01,L,PASS,PASS,PASS,PASS,PASS,PASS,PASS,PASS,True,,4,4,1.0,PASS,4,4,1.0,PASS,4,4,1.0,PASS,6,6,1.0,PASS,6,6,1.0,PASS,2,2,1.0,PASS,9,9,1.0,PASS,8,8,1.0,PASS,20,20,1.0,PASS
S7_WU02_L_01,S7,WU02,L,PASS,PASS,PASS,PASS,PASS,PASS,WARNING,PASS,True,upper-body warning,4,4,1.0,PASS,4,4,1.0,PASS,4,4,1.0,PASS,6,6,1.0,PASS,6,6,1.0,PASS,2,2,1.0,PASS,9,9,1.0,PASS,8,8,1.0,PASS,20,20,0.980102,WARNING
S7_WU02_R_01,S7,WU02,R,PASS,PASS,PASS,PASS,PASS,PASS,WARNING,PASS,True,upper-body warning,4,4,1.0,PASS,4,4,1.0,PASS,4,4,1.0,PASS,6,6,1.0,PASS,6,6,1.0,PASS,2,2,1.0,PASS,9,9,1.0,PASS,8,8,1.0,PASS,20,20,0.968041,WARNING
S7_WU02_L_02,S7,WU02,L,PASS,PASS,PASS,PASS,PASS,PASS,WARNING,PASS,True,upper-body warning,4,4,1.0,PASS,4,4,1.0,PASS,4,4,1.0,PASS,6,6,1.0,PASS,6,6,1.0,PASS,2,2,1.0,PASS,9,9,1.0,PASS,8,8,1.0,PASS,20,20,0.963021,WARNING
S7_WU03_R_01,S7,WU03,R,PASS,PASS,PASS,PASS,PASS,PASS,WARNING,PASS,True,upper-body warning,4,4,1.0,PASS,4,4,1.0,PASS,4,4,1.0,PASS,6,6,1.0,PASS,6,6,1.0,PASS,2,2,1.0,PASS,9,9,1.0,PASS,8,8,1.0,PASS,20,20,0.986316,WARNING
S7_WU03_L_01,S7,WU03,L,PASS,PASS,PASS,PASS,PASS,PASS,WARNING,PASS,True,upper-body warning,4,4,1.0,PASS,4,4,1.0,PASS,4,4,1.0,PASS,6,6,1.0,PASS,6,6,1.0,PASS,2,2,1.0,PASS,9,9,1.0,PASS,8,8,1.0,PASS,20,20,0.986022,WARNING
S7_WU03_R_02,S7,WU03,R,PASS,PASS,PASS,PASS,PASS,PASS,PASS,PASS,True,,4,4,1.0,PASS,4,4,1.0,PASS,4,4,1.0,PASS,6,6,1.0,PASS,6,6,1.0,PASS,2,2,1.0,PASS,9,9,1.0,PASS,8,8,1.0,PASS,20,20,1.0,PASS
S7_WU03_L_02,S7,WU03,L,PASS,PASS,PASS,PASS,PASS,PASS,PASS,PASS,True,,4,4,1.0,PASS,4,4,1.0,PASS,4,4,1.0,PASS,6,6,1.0,PASS,6,6,1.0,PASS,2,2,1.0,PASS,9,9,1.0,PASS,8,8,1.0,PASS,20,20,1.0,PASS
S7_WU04_R_01,S7,WU04,R,PASS,PASS,PASS,PASS,PASS,PASS,PASS,PASS,True,,4,4,1.0,PASS,4,4,1.0,PASS,4,4,1.0,PASS,6,6,1.0,PASS,6,6,1.0,PASS,2,2,1.0,PASS,9,9,1.0,PASS,8,8,1.0,PASS,20,20,1.0,PASS
S7_WU04_L_01,S7,WU04,L,PASS,PASS,PASS,PASS,PASS,PASS,PASS,PASS,True,,4,4,1.0,PASS,4,4,1.0,PASS,4,4,1.0,PASS,6,6,1.0,PASS,6,6,1.0,PASS,2,2,1.0,PASS,9,9,1.0,PASS,8,8,1.0,PASS,20,20,1.0,PASS
S7_WU04_R_02,S7,WU04,R,PASS,PASS,PASS,PASS,PASS,PASS,PASS,PASS,True,,4,4,1.0,PASS,4,4,1.0,PASS,4,4,1.0,PASS,6,6,1.0,PASS,6,6,1.0,PASS,2,2,1.0,PASS,9,9,1.0,PASS,8,8,1.0,PASS,20,20,1.0,PASS
S7_WU05_R_01,S7,WU05,R,PASS,PASS,PASS,PASS,PASS,PASS,PASS,PASS,True,,4,4,1.0,PASS,4,4,1.0,PASS,4,4,1.0,PASS,6,6,1.0,PASS,6,6,1.0,PASS,2,2,1.0,PASS,9,9,1.0,PASS,8,8,1.0,PASS,20,20,1.0,PASS
S7_WU05_L_01,S7,WU05,L,PASS,PASS,PASS,PASS,PASS,PASS,PASS,PASS,True,,4,4,1.0,PASS,4,4,1.0,PASS,4,4,1.0,PASS,6,6,1.0,PASS,6,6,1.0,PASS,2,2,1.0,PASS,9,9,1.0,PASS,8,8,1.0,PASS,20,20,1.0,PASS
S7_WU05_R_02,S7,WU05,R,PASS,PASS,PASS,PASS,PASS,PASS,PASS,PASS,True,,4,4,1.0,PASS,4,4,1.0,PASS,4,4,1.0,PASS,6,6,1.0,PASS,6,6,1.0,PASS,2,2,1.0,PASS,9,9,1.0,PASS,8,8,1.0,PASS,20,20,1.0,PASS
S7_WU05_L_02,S7,WU05,L,PASS,PASS,PASS,PASS,PASS,PASS,PASS,PASS,True,,4,4,1.0,PASS,4,4,1.0,PASS,4,4,1.0,PASS,6,6,1.0,PASS,6,6,1.0,PASS,2,2,1.0,PASS,9,9,1.0,PASS,8,8,1.0,PASS,20,20,1.0,PASS
S7_WU05_R_03,S7,WU05,R,PASS,PASS,PASS,PASS,PASS,PASS,PASS,PASS,True,,4,4,1.0,PASS,4,4,1.0,PASS,4,4,1.0,PASS,6,6,1.0,PASS,6,6,1.0,PASS,2,2,1.0,PASS,9,9,1.0,PASS,8,8,1.0,PASS,20,20,1.0,PASS
S7_WU06_R_01,S7,WU06,R,PASS,PASS,PASS,PASS,PASS,PASS,PASS,PASS,True,,4,4,1.0,PASS,4,4,1.0,PASS,4,4,1.0,PASS,6,6,1.0,PASS,6,6,1.0,PASS,2,2,1.0,PASS,9,9,1.0,PASS,8,8,1.0,PASS,20,20,1.0,PASS
S7_WU07_L_01,S7,WU07,L,PASS,PASS,PASS,PASS,PASS,PASS,PASS,PASS,True,,4,4,1.0,PASS,4,4,1.0,PASS,4,4,1.0,PASS,6,6,1.0,PASS,6,6,1.0,PASS,2,2,1.0,PASS,9,9,1.0,PASS,8,8,1.0,PASS,20,20,1.0,PASS
S7_WU07_R_01,S7,WU07,R,PASS,PASS,PASS,PASS,PASS,PASS,PASS,PASS,True,,4,4,1.0,PASS,4,4,1.0,PASS,4,4,1.0,PASS,6,6,1.0,PASS,6,6,1.0,PASS,2,2,1.0,PASS,9,9,1.0,PASS,8,8,1.0,PASS,20,20,1.0,PASS
S7_WU07_L_02,S7,WU07,L,PASS,PASS,PASS,PASS,PASS,PASS,PASS,PASS,True,,4,4,1.0,PASS,4,4,1.0,PASS,4,4,1.0,PASS,6,6,1.0,PASS,6,6,1.0,PASS,2,2,1.0,PASS,9,9,1.0,PASS,8,8,1.0,PASS,20,20,1.0,PASS
S7_WU09_R_01,S7,WU09,R,PASS,PASS,PASS,PASS,PASS,PASS,PASS,PASS,True,,4,4,1.0,PASS,4,4,1.0,PASS,4,4,1.0,PASS,6,6,1.0,PASS,6,6,1.0,PASS,2,2,1.0,PASS,9,9,1.0,PASS,8,8,1.0,PASS,20,20,1.0,PASS
S7_WU09_L_01,S7,WU09,L,PASS,PASS,PASS,PASS,PASS,PASS,PASS,PASS,True,,4,4,1.0,PASS,4,4,1.0,PASS,4,4,1.0,PASS,6,6,1.0,PASS,6,6,1.0,PASS,2,2,1.0,PASS,9,9,1.0,PASS,8,8,1.0,PASS,20,20,1.0,PASS
S7_WU09_R_02,S7,WU09,R,PASS,PASS,PASS,PASS,PASS,PASS,PASS,PASS,True,,4,4,1.0,PASS,4,4,1.0,PASS,4,4,1.0,PASS,6,6,1.0,PASS,6,6,1.0,PASS,2,2,1.0,PASS,9,9,1.0,PASS,8,8,1.0,PASS,20,20,1.0,PASS
S8_WU01_R_01,S8,WU01,R,PASS,PASS,PASS,PASS,PASS,PASS,PASS,PASS,True,,4,4,1.0,PASS,4,4,1.0,PASS,4,4,1.0,PASS,6,6,1.0,PASS,6,6,1.0,PASS,2,2,1.0,PASS,9,9,1.0,PASS,8,8,1.0,PASS,20,20,1.0,PASS
S8_WU01_L_01,S8,WU01,L,PASS,PASS,PASS,PASS,PASS,PASS,PASS,PASS,True,,4,4,1.0,PASS,4,4,1.0,PASS,4,4,1.0,PASS,6,6,1.0,PASS,6,6,1.0,PASS,2,2,1.0,PASS,9,9,1.0,PASS,8,8,1.0,PASS,20,20,1.0,PASS
S8_WU01_R_02,S8,WU01,R,PASS,PASS,PASS,PASS,PASS,PASS,PASS,PASS,True,,4,4,1.0,PASS,4,4,1.0,PASS,4,4,1.0,PASS,6,6,1.0,PASS,6,6,1.0,PASS,2,2,1.0,PASS,9,9,1.0,PASS,8,8,1.0,PASS,20,20,1.0,PASS
S8_WU02_L_01,S8,WU02,L,PASS,PASS,PASS,PASS,PASS,PASS,PASS,PASS,True,,4,4,1.0,PASS,4,4,1.0,PASS,4,4,1.0,PASS,6,6,1.0,PASS,6,6,1.0,PASS,2,2,1.0,PASS,9,9,1.0,PASS,8,8,1.0,PASS,20,20,1.0,PASS
S8_WU02_R_01,S8,WU02,R,PASS,PASS,PASS,PASS,PASS,PASS,PASS,PASS,True,,4,4,1.0,PASS,4,4,1.0,PASS,4,4,1.0,PASS,6,6,1.0,PASS,6,6,1.0,PASS,2,2,1.0,PASS,9,9,1.0,PASS,8,8,1.0,PASS,20,20,1.0,PASS
S8_WU02_L_02,S8,WU02,L,PASS,PASS,PASS,PASS,PASS,PASS,PASS,PASS,True,,4,4,1.0,PASS,4,4,1.0,PASS,4,4,1.0,PASS,6,6,1.0,PASS,6,6,1.0,PASS,2,2,1.0,PASS,9,9,1.0,PASS,8,8,1.0,PASS,20,20,1.0,PASS
S8_WU02_R_02,S8,WU02,R,PASS,PASS,PASS,PASS,PASS,PASS,PASS,PASS,True,,4,4,1.0,PASS,4,4,1.0,PASS,4,4,1.0,PASS,6,6,1.0,PASS,6,6,1.0,PASS,2,2,1.0,PASS,9,9,1.0,PASS,8,8,1.0,PASS,20,20,1.0,PASS
S8_WU03_R_01,S8,WU03,R,PASS,PASS,PASS,PASS,PASS,PASS,PASS,PASS,True,,4,4,1.0,PASS,4,4,1.0,PASS,4,4,1.0,PASS,6,6,1.0,PASS,6,6,1.0,PASS,2,2,1.0,PASS,9,9,1.0,PASS,8,8,1.0,PASS,20,20,1.0,PASS
S8_WU03_L_01,S8,WU03,L,PASS,PASS,PASS,PASS,PASS,PASS,PASS,PASS,True,,4,4,1.0,PASS,4,4,1.0,PASS,4,4,1.0,PASS,6,6,1.0,PASS,6,6,1.0,PASS,2,2,1.0,PASS,9,9,1.0,PASS,8,8,1.0,PASS,20,20,1.0,PASS
S8_WU04_L_01,S8,WU04,L,PASS,PASS,PASS,PASS,PASS,PASS,PASS,PASS,True,,4,4,1.0,PASS,4,4,1.0,PASS,4,4,1.0,PASS,6,6,1.0,PASS,6,6,1.0,PASS,2,2,1.0,PASS,9,9,1.0,PASS,8,8,1.0,PASS,20,20,1.0,PASS
S8_WU04_R_01,S8,WU04,R,PASS,PASS,PASS,PASS,PASS,PASS,PASS,PASS,True,,4,4,1.0,PASS,4,4,1.0,PASS,4,4,1.0,PASS,6,6,1.0,PASS,6,6,1.0,PASS,2,2,1.0,PASS,9,9,1.0,PASS,8,8,1.0,PASS,20,20,1.0,PASS
S8_WU04_L_02,S8,WU04,L,PASS,PASS,PASS,PASS,PASS,PASS,PASS,PASS,True,,4,4,1.0,PASS,4,4,1.0,PASS,4,4,1.0,PASS,6,6,1.0,PASS,6,6,1.0,PASS,2,2,1.0,PASS,9,9,1.0,PASS,8,8,1.0,PASS,20,20,1.0,PASS
S8_WU05_L_01,S8,WU05,L,PASS,PASS,PASS,PASS,PASS,PASS,PASS,PASS,True,,4,4,1.0,PASS,4,4,1.0,PASS,4,4,1.0,PASS,6,6,1.0,PASS,6,6,1.0,PASS,2,2,1.0,PASS,9,9,1.0,PASS,8,8,1.0,PASS,20,20,1.0,PASS
S8_WU05_R_01,S8,WU05,R,PASS,PASS,PASS,PASS,PASS,PASS,PASS,PASS,True,,4,4,1.0,PASS,4,4,1.0,PASS,4,4,1.0,PASS,6,6,1.0,PASS,6,6,1.0,PASS,2,2,1.0,PASS,9,9,1.0,PASS,8,8,1.0,PASS,20,20,1.0,PASS
S8_WU05_L_02,S8,WU05,L,PASS,PASS,PASS,PASS,PASS,PASS,PASS,PASS,True,,4,4,1.0,PASS,4,4,1.0,PASS,4,4,1.0,PASS,6,6,1.0,PASS,6,6,1.0,PASS,2,2,1.0,PASS,9,9,1.0,PASS,8,8,1.0,PASS,20,20,1.0,PASS
S8_WU05_R_02,S8,WU05,R,PASS,PASS,PASS,PASS,PASS,PASS,PASS,PASS,True,,4,4,1.0,PASS,4,4,1.0,PASS,4,4,1.0,PASS,6,6,1.0,PASS,6,6,1.0,PASS,2,2,1.0,PASS,9,9,1.0,PASS,8,8,1.0,PASS,20,20,1.0,PASS
S8_WU06_L_01,S8,WU06,L,PASS,PASS,PASS,PASS,PASS,PASS,PASS,PASS,True,,4,4,1.0,PASS,4,4,1.0,PASS,4,4,1.0,PASS,6,6,1.0,PASS,6,6,1.0,PASS,2,2,1.0,PASS,9,9,1.0,PASS,8,8,1.0,PASS,20,20,1.0,PASS
S8_WU06_R_01,S8,WU06,R,PASS,PASS,PASS,PASS,PASS,PASS,PASS,PASS,True,,4,4,1.0,PASS,4,4,1.0,PASS,4,4,1.0,PASS,6,6,1.0,PASS,6,6,1.0,PASS,2,2,1.0,PASS,9,9,1.0,PASS,8,8,1.0,PASS,20,20,1.0,PASS
S8_WU06_L_02,S8,WU06,L,PASS,PASS,PASS,PASS,PASS,PASS,PASS,PASS,True,,4,4,1.0,PASS,4,4,1.0,PASS,4,4,1.0,PASS,6,6,1.0,PASS,6,6,1.0,PASS,2,2,1.0,PASS,9,9,1.0,PASS,8,8,1.0,PASS,20,20,1.0,PASS
S8_WU06_R_02,S8,WU06,R,PASS,PASS,PASS,PASS,PASS,PASS,PASS,PASS,True,,4,4,1.0,PASS,4,4,1.0,PASS,4,4,1.0,PASS,6,6,1.0,PASS,6,6,1.0,PASS,2,2,1.0,PASS,9,9,1.0,PASS,8,8,1.0,PASS,20,20,1.0,PASS
S8_WU07_L_01,S8,WU07,L,PASS,PASS,PASS,PASS,PASS,PASS,WARNING,PASS,True,upper-body warning,4,4,1.0,PASS,4,4,1.0,PASS,4,4,1.0,PASS,6,6,1.0,PASS,6,6,1.0,PASS,2,2,1.0,PASS,9,9,1.0,PASS,8,8,1.0,PASS,20,20,0.984184,WARNING
S8_WU07_R_01,S8,WU07,R,PASS,PASS,PASS,PASS,PASS,PASS,PASS,PASS,True,,4,4,1.0,PASS,4,4,1.0,PASS,4,4,1.0,PASS,6,6,1.0,PASS,6,6,1.0,PASS,2,2,1.0,PASS,9,9,1.0,PASS,8,8,1.0,PASS,20,20,1.0,PASS
S8_WU07_L_02,S8,WU07,L,PASS,PASS,PASS,PASS,PASS,PASS,PASS,PASS,True,,4,4,1.0,PASS,4,4,1.0,PASS,4,4,1.0,PASS,6,6,1.0,PASS,6,6,1.0,PASS,2,2,1.0,PASS,9,9,1.0,PASS,8,8,1.0,PASS,20,20,1.0,PASS
S8_WU08_L_01,S8,WU08,L,PASS,PASS,PASS,PASS,PASS,PASS,PASS,PASS,True,,4,4,1.0,PASS,4,4,1.0,PASS,4,4,1.0,PASS,6,6,1.0,PASS,6,6,1.0,PASS,2,2,1.0,PASS,9,9,1.0,PASS,8,8,1.0,PASS,20,20,1.0,PASS
S8_WU08_R_01,S8,WU08,R,PASS,PASS,PASS,PASS,PASS,PASS,PASS,PASS,True,,4,4,1.0,PASS,4,4,1.0,PASS,4,4,1.0,PASS,6,6,1.0,PASS,6,6,1.0,PASS,2,2,1.0,PASS,9,9,1.0,PASS,8,8,1.0,PASS,20,20,1.0,PASS
S8_WU08_L_02,S8,WU08,L,PASS,PASS,PASS,PASS,PASS,PASS,PASS,PASS,True,,4,4,1.0,PASS,4,4,1.0,PASS,4,4,1.0,PASS,6,6,1.0,PASS,6,6,1.0,PASS,2,2,1.0,PASS,9,9,1.0,PASS,8,8,1.0,PASS,20,20,1.0,PASS
S8_WU09_R_01,S8,WU09,R,PASS,PASS,PASS,PASS,PASS,PASS,PASS,PASS,True,,4,4,1.0,PASS,4,4,1.0,PASS,4,4,1.0,PASS,6,6,1.0,PASS,6,6,1.0,PASS,2,2,1.0,PASS,9,9,1.0,PASS,8,8,1.0,PASS,20,20,1.0,PASS
S8_WU09_L_01,S8,WU09,L,PASS,PASS,PASS,PASS,PASS,PASS,PASS,PASS,True,,4,4,1.0,PASS,4,4,1.0,PASS,4,4,1.0,PASS,6,6,1.0,PASS,6,6,1.0,PASS,2,2,1.0,PASS,9,9,1.0,PASS,8,8,1.0,PASS,20,20,1.0,PASS
S8_WU09_R_02,S8,WU09,R,PASS,PASS,PASS,PASS,PASS,PASS,PASS,PASS,True,,4,4,1.0,PASS,4,4,1.0,PASS,4,4,1.0,PASS,6,6,1.0,PASS,6,6,1.0,PASS,2,2,1.0,PASS,9,9,1.0,PASS,8,8,1.0,PASS,20,20,1.0,PASS
S8_WU09_L_02,S8,WU09,L,PASS,PASS,PASS,PASS,PASS,PASS,PASS,PASS,True,,4,4,1.0,PASS,4,4,1.0,PASS,4,4,1.0,PASS,6,6,1.0,PASS,6,6,1.0,PASS,2,2,1.0,PASS,9,9,1.0,PASS,8,8,1.0,PASS,20,20,1.0,PASS
S9_WU01_L_01,S9,WU01,L,PASS,PASS,PASS,PASS,PASS,PASS,PASS,PASS,True,,4,4,1.0,PASS,4,4,1.0,PASS,4,4,1.0,PASS,6,6,1.0,PASS,6,6,1.0,PASS,2,2,1.0,PASS,9,9,1.0,PASS,8,8,1.0,PASS,20,20,1.0,PASS
S9_WU01_R_01,S9,WU01,R,PASS,PASS,PASS,PASS,PASS,PASS,PASS,PASS,True,,4,4,1.0,PASS,4,4,1.0,PASS,4,4,1.0,PASS,6,6,1.0,PASS,6,6,1.0,PASS,2,2,1.0,PASS,9,9,1.0,PASS,8,8,1.0,PASS,20,20,1.0,PASS
S9_WU01_L_02,S9,WU01,L,PASS,PASS,PASS,PASS,PASS,PASS,PASS,PASS,True,,4,4,1.0,PASS,4,4,1.0,PASS,4,4,1.0,PASS,6,6,1.0,PASS,6,6,1.0,PASS,2,2,1.0,PASS,9,9,1.0,PASS,8,8,1.0,PASS,20,20,1.0,PASS
S9_WU02_R_01,S9,WU02,R,PASS,PASS,PASS,PASS,PASS,PASS,PASS,PASS,True,,4,4,1.0,PASS,4,4,1.0,PASS,4,4,1.0,PASS,6,6,1.0,PASS,6,6,1.0,PASS,2,2,1.0,PASS,9,9,1.0,PASS,8,8,1.0,PASS,20,20,1.0,PASS
S9_WU02_L_01,S9,WU02,L,PASS,PASS,PASS,PASS,PASS,PASS,PASS,PASS,True,,4,4,1.0,PASS,4,4,1.0,PASS,4,4,1.0,PASS,6,6,1.0,PASS,6,6,1.0,PASS,2,2,1.0,PASS,9,9,1.0,PASS,8,8,1.0,PASS,20,20,1.0,PASS
S9_WU02_R_02,S9,WU02,R,PASS,PASS,PASS,PASS,PASS,PASS,PASS,PASS,True,,4,4,1.0,PASS,4,4,1.0,PASS,4,4,1.0,PASS,6,6,1.0,PASS,6,6,1.0,PASS,2,2,1.0,PASS,9,9,1.0,PASS,8,8,1.0,PASS,20,20,1.0,PASS
S9_WU02_L_02,S9,WU02,L,PASS,PASS,PASS,PASS,PASS,PASS,PASS,PASS,True,,4,4,1.0,PASS,4,4,1.0,PASS,4,4,1.0,PASS,6,6,1.0,PASS,6,6,1.0,PASS,2,2,1.0,PASS,9,9,1.0,PASS,8,8,1.0,PASS,20,20,1.0,PASS
S9_WU03_L_01,S9,WU03,L,PASS,PASS,PASS,PASS,PASS,PASS,PASS,PASS,True,,4,4,1.0,PASS,4,4,1.0,PASS,4,4,1.0,PASS,6,6,1.0,PASS,6,6,1.0,PASS,2,2,1.0,PASS,9,9,1.0,PASS,8,8,1.0,PASS,20,20,1.0,PASS
S9_WU03_R_01,S9,WU03,R,PASS,PASS,PASS,PASS,PASS,PASS,PASS,PASS,True,,4,4,1.0,PASS,4,4,1.0,PASS,4,4,1.0,PASS,6,6,1.0,PASS,6,6,1.0,PASS,2,2,1.0,PASS,9,9,1.0,PASS,8,8,1.0,PASS,20,20,1.0,PASS
S9_WU03_L_02,S9,WU03,L,PASS,PASS,PASS,PASS,PASS,PASS,PASS,PASS,True,,4,4,1.0,PASS,4,4,1.0,PASS,4,4,1.0,PASS,6,6,1.0,PASS,6,6,1.0,PASS,2,2,1.0,PASS,9,9,1.0,PASS,8,8,1.0,PASS,20,20,1.0,PASS
S9_WU04_R_01,S9,WU04,R,PASS,PASS,PASS,PASS,PASS,PASS,PASS,PASS,True,,4,4,1.0,PASS,4,4,1.0,PASS,4,4,1.0,PASS,6,6,1.0,PASS,6,6,1.0,PASS,2,2,1.0,PASS,9,9,1.0,PASS,8,8,1.0,PASS,20,20,1.0,PASS
S9_WU04_L_01,S9,WU04,L,PASS,PASS,PASS,PASS,PASS,PASS,PASS,PASS,True,,4,4,1.0,PASS,4,4,1.0,PASS,4,4,1.0,PASS,6,6,1.0,PASS,6,6,1.0,PASS,2,2,1.0,PASS,9,9,1.0,PASS,8,8,1.0,PASS,20,20,1.0,PASS
S9_WU04_R_02,S9,WU04,R,PASS,PASS,PASS,PASS,PASS,PASS,PASS,PASS,True,,4,4,1.0,PASS,4,4,1.0,PASS,4,4,1.0,PASS,6,6,1.0,PASS,6,6,1.0,PASS,2,2,1.0,PASS,9,9,1.0,PASS,8,8,1.0,PASS,20,20,1.0,PASS
S9_WU04_L_02,S9,WU04,L,PASS,PASS,PASS,PASS,PASS,PASS,PASS,PASS,True,,4,4,1.0,PASS,4,4,1.0,PASS,4,4,1.0,PASS,6,6,1.0,PASS,6,6,1.0,PASS,2,2,1.0,PASS,9,9,1.0,PASS,8,8,1.0,PASS,20,20,1.0,PASS
S9_WU05_R_01,S9,WU05,R,PASS,PASS,PASS,PASS,PASS,PASS,PASS,PASS,True,,4,4,1.0,PASS,4,4,1.0,PASS,4,4,1.0,PASS,6,6,1.0,PASS,6,6,1.0,PASS,2,2,1.0,PASS,9,9,1.0,PASS,8,8,1.0,PASS,20,20,1.0,PASS
S9_WU05_L_01,S9,WU05,L,PASS,PASS,PASS,PASS,PASS,PASS,PASS,PASS,True,,4,4,1.0,PASS,4,4,1.0,PASS,4,4,1.0,PASS,6,6,1.0,PASS,6,6,1.0,PASS,2,2,1.0,PASS,9,9,1.0,PASS,8,8,1.0,PASS,20,20,1.0,PASS
S9_WU05_R_02,S9,WU05,R,PASS,PASS,PASS,PASS,PASS,PASS,PASS,PASS,True,,4,4,1.0,PASS,4,4,1.0,PASS,4,4,1.0,PASS,6,6,1.0,PASS,6,6,1.0,PASS,2,2,1.0,PASS,9,9,1.0,PASS,8,8,1.0,PASS,20,20,1.0,PASS
S9_WU06_L_01,S9,WU06,L,PASS,PASS,PASS,PASS,PASS,PASS,PASS,PASS,True,,4,4,1.0,PASS,4,4,1.0,PASS,4,4,1.0,PASS,6,6,1.0,PASS,6,6,1.0,PASS,2,2,1.0,PASS,9,9,1.0,PASS,8,8,1.0,PASS,20,20,1.0,PASS
S9_WU06_R_01,S9,WU06,R,PASS,PASS,PASS,PASS,PASS,PASS,PASS,PASS,True,,4,4,1.0,PASS,4,4,1.0,PASS,4,4,1.0,PASS,6,6,1.0,PASS,6,6,1.0,PASS,2,2,1.0,PASS,9,9,1.0,PASS,8,8,1.0,PASS,20,20,1.0,PASS
S9_WU06_L_02,S9,WU06,L,PASS,PASS,PASS,PASS,PASS,PASS,PASS,PASS,True,,4,4,1.0,PASS,4,4,1.0,PASS,4,4,1.0,PASS,6,6,1.0,PASS,6,6,1.0,PASS,2,2,1.0,PASS,9,9,1.0,PASS,8,8,1.0,PASS,20,20,1.0,PASS
S9_WU07_R_01,S9,WU07,R,PASS,PASS,PASS,PASS,PASS,PASS,PASS,PASS,True,,4,4,1.0,PASS,4,4,1.0,PASS,4,4,1.0,PASS,6,6,1.0,PASS,6,6,1.0,PASS,2,2,1.0,PASS,9,9,1.0,PASS,8,8,1.0,PASS,20,20,1.0,PASS
S9_WU07_L_01,S9,WU07,L,PASS,PASS,PASS,PASS,PASS,PASS,PASS,PASS,True,,4,4,1.0,PASS,4,4,1.0,PASS,4,4,1.0,PASS,6,6,1.0,PASS,6,6,1.0,PASS,2,2,1.0,PASS,9,9,1.0,PASS,8,8,1.0,PASS,20,20,1.0,PASS
S9_WU07_R_02,S9,WU07,R,PASS,PASS,PASS,PASS,PASS,PASS,PASS,PASS,True,,4,4,1.0,PASS,4,4,1.0,PASS,4,4,1.0,PASS,6,6,1.0,PASS,6,6,1.0,PASS,2,2,1.0,PASS,9,9,1.0,PASS,8,8,1.0,PASS,20,20,1.0,PASS
S9_WU07_L_02,S9,WU07,L,PASS,PASS,PASS,PASS,PASS,PASS,PASS,PASS,True,,4,4,1.0,PASS,4,4,1.0,PASS,4,4,1.0,PASS,6,6,1.0,PASS,6,6,1.0,PASS,2,2,1.0,PASS,9,9,1.0,PASS,8,8,1.0,PASS,20,20,1.0,PASS
S9_WU07_R_03,S9,WU07,R,PASS,PASS,PASS,PASS,PASS,PASS,PASS,PASS,True,,4,4,1.0,PASS,4,4,1.0,PASS,4,4,1.0,PASS,6,6,1.0,PASS,6,6,1.0,PASS,2,2,1.0,PASS,9,9,1.0,PASS,8,8,1.0,PASS,20,20,1.0,PASS
S9_WU08_L_01,S9,WU08,L,PASS,PASS,PASS,PASS,PASS,PASS,PASS,PASS,True,,4,4,1.0,PASS,4,4,1.0,PASS,4,4,1.0,PASS,6,6,1.0,PASS,6,6,1.0,PASS,2,2,1.0,PASS,9,9,1.0,PASS,8,8,1.0,PASS,20,20,1.0,PASS
S9_WU08_R_01,S9,WU08,R,PASS,PASS,PASS,PASS,PASS,PASS,PASS,PASS,True,,4,4,1.0,PASS,4,4,1.0,PASS,4,4,1.0,PASS,6,6,1.0,PASS,6,6,1.0,PASS,2,2,1.0,PASS,9,9,1.0,PASS,8,8,1.0,PASS,20,20,1.0,PASS
S9_WU08_L_02,S9,WU08,L,PASS,PASS,PASS,PASS,PASS,PASS,PASS,PASS,True,,4,4,1.0,PASS,4,4,1.0,PASS,4,4,1.0,PASS,6,6,1.0,PASS,6,6,1.0,PASS,2,2,1.0,PASS,9,9,1.0,PASS,8,8,1.0,PASS,20,20,1.0,PASS
S9_WU08_R_02,S9,WU08,R,PASS,PASS,PASS,PASS,PASS,PASS,PASS,PASS,True,,4,4,1.0,PASS,4,4,1.0,PASS,4,4,1.0,PASS,6,6,1.0,PASS,6,6,1.0,PASS,2,2,1.0,PASS,9,9,1.0,PASS,8,8,1.0,PASS,20,20,1.0,PASS
S9_WU09_L_01,S9,WU09,L,PASS,PASS,PASS,PASS,PASS,PASS,PASS,PASS,True,,4,4,1.0,PASS,4,4,1.0,PASS,4,4,1.0,PASS,6,6,1.0,PASS,6,6,1.0,PASS,2,2,1.0,PASS,9,9,1.0,PASS,8,8,1.0,PASS,20,20,1.0,PASS
S9_WU09_R_01,S9,WU09,R,PASS,PASS,PASS,PASS,PASS,PASS,PASS,PASS,True,,4,4,1.0,PASS,4,4,1.0,PASS,4,4,1.0,PASS,6,6,1.0,PASS,6,6,1.0,PASS,2,2,1.0,PASS,9,9,1.0,PASS,8,8,1.0,PASS,20,20,1.0,PASS
S9_WU09_L_02,S9,WU09,L,PASS,PASS,PASS,PASS,PASS,PASS,PASS,PASS,True,,4,4,1.0,PASS,4,4,1.0,PASS,4,4,1.0,PASS,6,6,1.0,PASS,6,6,1.0,PASS,2,2,1.0,PASS,9,9,1.0,PASS,8,8,1.0,PASS,20,20,1.0,PASS
S9_WU09_R_02,S9,WU09,R,PASS,PASS,PASS,PASS,PASS,PASS,PASS,PASS,True,,4,4,1.0,PASS,4,4,1.0,PASS,4,4,1.0,PASS,6,6,1.0,PASS,6,6,1.0,PASS,2,2,1.0,PASS,9,9,1.0,PASS,8,8,1.0,PASS,20,20,1.0,PASS
S11_WU01_R_01,S11,WU01,R,PASS,PASS,PASS,PASS,PASS,PASS,PASS,PASS,True,,4,4,1.0,PASS,4,4,1.0,PASS,4,4,1.0,PASS,6,6,1.0,PASS,6,6,1.0,PASS,2,2,1.0,PASS,9,9,1.0,PASS,8,8,1.0,PASS,20,20,1.0,PASS
S11_WU01_L_01,S11,WU01,L,PASS,PASS,PASS,PASS,PASS,PASS,PASS,PASS,True,,4,4,1.0,PASS,4,4,1.0,PASS,4,4,1.0,PASS,6,6,1.0,PASS,6,6,1.0,PASS,2,2,1.0,PASS,9,9,1.0,PASS,8,8,1.0,PASS,20,20,1.0,PASS
S11_WU02_R_01,S11,WU02,R,PASS,PASS,PASS,PASS,PASS,PASS,PASS,PASS,True,,4,4,1.0,PASS,4,4,1.0,PASS,4,4,1.0,PASS,6,6,1.0,PASS,6,6,1.0,PASS,2,2,1.0,PASS,9,9,1.0,PASS,8,8,1.0,PASS,20,20,1.0,PASS
S11_WU02_L_01,S11,WU02,L,PASS,PASS,PASS,PASS,PASS,PASS,PASS,PASS,True,,4,4,1.0,PASS,4,4,1.0,PASS,4,4,1.0,PASS,6,6,1.0,PASS,6,6,1.0,PASS,2,2,1.0,PASS,9,9,1.0,PASS,8,8,1.0,PASS,20,20,1.0,PASS
S11_WU03_L_01,S11,WU03,L,PASS,PASS,PASS,PASS,PASS,PASS,PASS,PASS,True,,4,4,1.0,PASS,4,4,1.0,PASS,4,4,1.0,PASS,6,6,1.0,PASS,6,6,1.0,PASS,2,2,1.0,PASS,9,9,1.0,PASS,8,8,1.0,PASS,20,20,1.0,PASS
S11_WU03_R_01,S11,WU03,R,PASS,PASS,PASS,PASS,PASS,PASS,PASS,PASS,True,,4,4,1.0,PASS,4,4,1.0,PASS,4,4,1.0,PASS,6,6,1.0,PASS,6,6,1.0,PASS,2,2,1.0,PASS,9,9,1.0,PASS,8,8,1.0,PASS,20,20,1.0,PASS
S11_WU03_L_02,S11,WU03,L,PASS,PASS,PASS,PASS,PASS,PASS,PASS,PASS,True,,4,4,1.0,PASS,4,4,1.0,PASS,4,4,1.0,PASS,6,6,1.0,PASS,6,6,1.0,PASS,2,2,1.0,PASS,9,9,1.0,PASS,8,8,1.0,PASS,20,20,1.0,PASS
S11_WU04_R_01,S11,WU04,R,PASS,PASS,PASS,PASS,PASS,PASS,PASS,PASS,True,,4,4,1.0,PASS,4,4,1.0,PASS,4,4,1.0,PASS,6,6,1.0,PASS,6,6,1.0,PASS,2,2,1.0,PASS,9,9,1.0,PASS,8,8,1.0,PASS,20,20,1.0,PASS
S11_WU04_L_01,S11,WU04,L,PASS,PASS,PASS,PASS,PASS,PASS,PASS,PASS,True,,4,4,1.0,PASS,4,4,1.0,PASS,4,4,1.0,PASS,6,6,1.0,PASS,6,6,1.0,PASS,2,2,1.0,PASS,9,9,1.0,PASS,8,8,1.0,PASS,20,20,1.0,PASS
S11_WU05_R_01,S11,WU05,R,PASS,PASS,PASS,PASS,PASS,PASS,PASS,PASS,True,,4,4,1.0,PASS,4,4,1.0,PASS,4,4,1.0,PASS,6,6,1.0,PASS,6,6,1.0,PASS,2,2,1.0,PASS,9,9,1.0,PASS,8,8,1.0,PASS,20,20,1.0,PASS
S11_WU05_L_01,S11,WU05,L,PASS,PASS,PASS,PASS,PASS,PASS,PASS,PASS,True,,4,4,1.0,PASS,4,4,1.0,PASS,4,4,1.0,PASS,6,6,1.0,PASS,6,6,1.0,PASS,2,2,1.0,PASS,9,9,1.0,PASS,8,8,1.0,PASS,20,20,1.0,PASS
S11_WU05_R_02,S11,WU05,R,PASS,PASS,PASS,PASS,PASS,PASS,PASS,PASS,True,,4,4,1.0,PASS,4,4,1.0,PASS,4,4,1.0,PASS,6,6,1.0,PASS,6,6,1.0,PASS,2,2,1.0,PASS,9,9,1.0,PASS,8,8,1.0,PASS,20,20,1.0,PASS
S11_WU06_R_01,S11,WU06,R,PASS,PASS,PASS,PASS,PASS,PASS,PASS,PASS,True,,4,4,1.0,PASS,4,4,1.0,PASS,4,4,1.0,PASS,6,6,1.0,PASS,6,6,1.0,PASS,2,2,1.0,PASS,9,9,1.0,PASS,8,8,1.0,PASS,20,20,1.0,PASS
S11_WU06_L_01,S11,WU06,L,PASS,PASS,PASS,PASS,PASS,PASS,PASS,PASS,True,,4,4,1.0,PASS,4,4,1.0,PASS,4,4,1.0,PASS,6,6,1.0,PASS,6,6,1.0,PASS,2,2,1.0,PASS,9,9,1.0,PASS,8,8,1.0,PASS,20,20,1.0,PASS
S11_WU06_R_02,S11,WU06,R,PASS,PASS,PASS,PASS,PASS,PASS,PASS,PASS,True,,4,4,1.0,PASS,4,4,1.0,PASS,4,4,1.0,PASS,6,6,1.0,PASS,6,6,1.0,PASS,2,2,1.0,PASS,9,9,1.0,PASS,8,8,1.0,PASS,20,20,1.0,PASS
S11_WU07_R_01,S11,WU07,R,PASS,PASS,PASS,PASS,PASS,PASS,PASS,PASS,True,,4,4,1.0,PASS,4,4,1.0,PASS,4,4,1.0,PASS,6,6,1.0,PASS,6,6,1.0,PASS,2,2,1.0,PASS,9,9,1.0,PASS,8,8,1.0,PASS,20,20,1.0,PASS
S11_WU07_L_01,S11,WU07,L,PASS,PASS,PASS,PASS,PASS,PASS,PASS,PASS,True,,4,4,1.0,PASS,4,4,1.0,PASS,4,4,1.0,PASS,6,6,1.0,PASS,6,6,1.0,PASS,2,2,1.0,PASS,9,9,1.0,PASS,8,8,1.0,PASS,20,20,1.0,PASS
S11_WU08_R_01,S11,WU08,R,PASS,PASS,PASS,PASS,PASS,PASS,PASS,PASS,True,,4,4,1.0,PASS,4,4,1.0,PASS,4,4,1.0,PASS,6,6,1.0,PASS,6,6,1.0,PASS,2,2,1.0,PASS,9,9,1.0,PASS,8,8,1.0,PASS,20,20,1.0,PASS
S11_WU08_L_01,S11,WU08,L,PASS,PASS,PASS,PASS,PASS,PASS,PASS,PASS,True,,4,4,1.0,PASS,4,4,1.0,PASS,4,4,1.0,PASS,6,6,1.0,PASS,6,6,1.0,PASS,2,2,1.0,PASS,9,9,1.0,PASS,8,8,1.0,PASS,20,20,1.0,PASS
S11_WU08_R_02,S11,WU08,R,PASS,PASS,PASS,PASS,PASS,PASS,PASS,PASS,True,,4,4,1.0,PASS,4,4,1.0,PASS,4,4,1.0,PASS,6,6,1.0,PASS,6,6,1.0,PASS,2,2,1.0,PASS,9,9,1.0,PASS,8,8,1.0,PASS,20,20,1.0,PASS
S11_WU09_R_01,S11,WU09,R,PASS,PASS,PASS,PASS,PASS,PASS,PASS,PASS,True,,4,4,1.0,PASS,4,4,1.0,PASS,4,4,1.0,PASS,6,6,1.0,PASS,6,6,1.0,PASS,2,2,1.0,PASS,9,9,1.0,PASS,8,8,1.0,PASS,20,20,1.0,PASS
S11_WU09_L_01,S11,WU09,L,PASS,PASS,PASS,PASS,PASS,PASS,PASS,PASS,True,,4,4,1.0,PASS,4,4,1.0,PASS,4,4,1.0,PASS,6,6,1.0,PASS,6,6,1.0,PASS,2,2,1.0,PASS,9,9,1.0,PASS,8,8,1.0,PASS,20,20,1.0,PASS
S11_WU09_R_02,S11,WU09,R,PASS,PASS,PASS,PASS,PASS,PASS,PASS,PASS,True,,4,4,1.0,PASS,4,4,1.0,PASS,4,4,1.0,PASS,6,6,1.0,PASS,6,6,1.0,PASS,2,2,1.0,PASS,9,9,1.0,PASS,8,8,1.0,PASS,20,20,1.0,PASS
S12_WU01Copy_R_01,S12,WU01Copy,R,PASS,PASS,PASS,PASS,PASS,PASS,PASS,PASS,True,,4,4,1.0,PASS,4,4,1.0,PASS,4,4,1.0,PASS,6,6,1.0,PASS,6,6,1.0,PASS,2,2,1.0,PASS,9,9,1.0,PASS,8,8,1.0,PASS,20,20,1.0,PASS
S12_WU01Copy_L_01,S12,WU01Copy,L,PASS,PASS,PASS,PASS,PASS,PASS,PASS,PASS,True,,4,4,1.0,PASS,4,4,1.0,PASS,4,4,1.0,PASS,6,6,1.0,PASS,6,6,1.0,PASS,2,2,1.0,PASS,9,9,1.0,PASS,8,8,1.0,PASS,20,20,1.0,PASS
S12_WU02Copy_L_01,S12,WU02Copy,L,PASS,PASS,PASS,PASS,PASS,PASS,PASS,PASS,True,,4,4,1.0,PASS,4,4,1.0,PASS,4,4,1.0,PASS,6,6,1.0,PASS,6,6,1.0,PASS,2,2,1.0,PASS,9,9,1.0,PASS,8,8,1.0,PASS,20,20,1.0,PASS
S12_WU03Copy_L_01,S12,WU03Copy,L,PASS,PASS,PASS,PASS,PASS,PASS,PASS,PASS,True,,4,4,1.0,PASS,4,4,1.0,PASS,4,4,1.0,PASS,6,6,1.0,PASS,6,6,1.0,PASS,2,2,1.0,PASS,9,9,1.0,PASS,8,8,1.0,PASS,20,20,1.0,PASS
S12_WU03Copy_R_01,S12,WU03Copy,R,PASS,PASS,PASS,PASS,PASS,PASS,PASS,PASS,True,,4,4,1.0,PASS,4,4,1.0,PASS,4,4,1.0,PASS,6,6,1.0,PASS,6,6,1.0,PASS,2,2,1.0,PASS,9,9,1.0,PASS,8,8,1.0,PASS,20,20,1.0,PASS
S12_WU03Copy_L_02,S12,WU03Copy,L,PASS,PASS,PASS,PASS,PASS,PASS,PASS,PASS,True,,4,4,1.0,PASS,4,4,1.0,PASS,4,4,1.0,PASS,6,6,1.0,PASS,6,6,1.0,PASS,2,2,1.0,PASS,9,9,1.0,PASS,8,8,1.0,PASS,20,20,1.0,PASS
S12_WU04Copy_L_01,S12,WU04Copy,L,PASS,PASS,PASS,PASS,PASS,PASS,PASS,PASS,True,,4,4,1.0,PASS,4,4,1.0,PASS,4,4,1.0,PASS,6,6,1.0,PASS,6,6,1.0,PASS,2,2,1.0,PASS,9,9,1.0,PASS,8,8,1.0,PASS,20,20,1.0,PASS
S12_WU04Copy_R_01,S12,WU04Copy,R,PASS,PASS,PASS,PASS,PASS,PASS,PASS,PASS,True,,4,4,1.0,PASS,4,4,1.0,PASS,4,4,1.0,PASS,6,6,1.0,PASS,6,6,1.0,PASS,2,2,1.0,PASS,9,9,1.0,PASS,8,8,1.0,PASS,20,20,1.0,PASS
S12_WU05Copy_L_01,S12,WU05Copy,L,PASS,PASS,PASS,PASS,PASS,PASS,PASS,PASS,True,,4,4,1.0,PASS,4,4,1.0,PASS,4,4,1.0,PASS,6,6,1.0,PASS,6,6,1.0,PASS,2,2,1.0,PASS,9,9,1.0,PASS,8,8,1.0,PASS,20,20,1.0,PASS
S12_WU05Copy_R_01,S12,WU05Copy,R,PASS,PASS,PASS,PASS,PASS,PASS,PASS,PASS,True,,4,4,1.0,PASS,4,4,1.0,PASS,4,4,1.0,PASS,6,6,1.0,PASS,6,6,1.0,PASS,2,2,1.0,PASS,9,9,1.0,PASS,8,8,1.0,PASS,20,20,1.0,PASS
S12_WU05Copy_L_02,S12,WU05Copy,L,PASS,PASS,PASS,PASS,PASS,PASS,PASS,PASS,True,,4,4,1.0,PASS,4,4,1.0,PASS,4,4,1.0,PASS,6,6,1.0,PASS,6,6,1.0,PASS,2,2,1.0,PASS,9,9,1.0,PASS,8,8,1.0,PASS,20,20,1.0,PASS
S12_WU07Copy_R_01,S12,WU07Copy,R,PASS,PASS,PASS,PASS,PASS,PASS,PASS,PASS,True,,4,4,1.0,PASS,4,4,1.0,PASS,4,4,1.0,PASS,6,6,1.0,PASS,6,6,1.0,PASS,2,2,1.0,PASS,9,9,1.0,PASS,8,8,1.0,PASS,20,20,1.0,PASS
S12_WU07Copy_L_01,S12,WU07Copy,L,PASS,PASS,PASS,PASS,PASS,PASS,PASS,PASS,True,,4,4,1.0,PASS,4,4,1.0,PASS,4,4,1.0,PASS,6,6,1.0,PASS,6,6,1.0,PASS,2,2,1.0,PASS,9,9,1.0,PASS,8,8,1.0,PASS,20,20,1.0,PASS
S12_WU07Copy_R_02,S12,WU07Copy,R,PASS,PASS,PASS,PASS,PASS,PASS,PASS,PASS,True,,4,4,1.0,PASS,4,4,1.0,PASS,4,4,1.0,PASS,6,6,1.0,PASS,6,6,1.0,PASS,2,2,1.0,PASS,9,9,1.0,PASS,8,8,1.0,PASS,20,20,1.0,PASS
S12_WU08Copy_L_01,S12,WU08Copy,L,PASS,PASS,PASS,PASS,PASS,PASS,PASS,PASS,True,,4,4,1.0,PASS,4,4,1.0,PASS,4,4,1.0,PASS,6,6,1.0,PASS,6,6,1.0,PASS,2,2,1.0,PASS,9,9,1.0,PASS,8,8,1.0,PASS,20,20,1.0,PASS
S12_WU08Copy_R_01,S12,WU08Copy,R,PASS,PASS,PASS,PASS,PASS,PASS,PASS,PASS,True,,4,4,1.0,PASS,4,4,1.0,PASS,4,4,1.0,PASS,6,6,1.0,PASS,6,6,1.0,PASS,2,2,1.0,PASS,9,9,1.0,PASS,8,8,1.0,PASS,20,20,1.0,PASS
S12_WU08Copy_L_02,S12,WU08Copy,L,PASS,PASS,PASS,PASS,PASS,PASS,PASS,PASS,True,,4,4,1.0,PASS,4,4,1.0,PASS,4,4,1.0,PASS,6,6,1.0,PASS,6,6,1.0,PASS,2,2,1.0,PASS,9,9,1.0,PASS,8,8,1.0,PASS,20,20,1.0,PASS
S13_WU01_L_01,S13,WU01,L,PASS,PASS,PASS,PASS,PASS,PASS,PASS,PASS,True,,4,4,1.0,PASS,4,4,1.0,PASS,4,4,1.0,PASS,6,6,1.0,PASS,6,6,1.0,PASS,2,2,1.0,PASS,9,9,1.0,PASS,8,8,1.0,PASS,20,20,1.0,PASS
S13_WU01_R_01,S13,WU01,R,PASS,PASS,PASS,PASS,PASS,PASS,PASS,PASS,True,,4,4,1.0,PASS,4,4,1.0,PASS,4,4,1.0,PASS,6,6,1.0,PASS,6,6,1.0,PASS,2,2,1.0,PASS,9,9,1.0,PASS,8,8,1.0,PASS,20,20,1.0,PASS
S13_WU01_L_02,S13,WU01,L,PASS,PASS,PASS,PASS,PASS,PASS,PASS,PASS,True,,4,4,1.0,PASS,4,4,1.0,PASS,4,4,1.0,PASS,6,6,1.0,PASS,6,6,1.0,PASS,2,2,1.0,PASS,9,9,1.0,PASS,8,8,1.0,PASS,20,20,1.0,PASS
S13_WU02_R_01,S13,WU02,R,PASS,PASS,PASS,PASS,PASS,PASS,PASS,PASS,True,,4,4,1.0,PASS,4,4,1.0,PASS,4,4,1.0,PASS,6,6,1.0,PASS,6,6,1.0,PASS,2,2,1.0,PASS,9,9,1.0,PASS,8,8,1.0,PASS,20,20,1.0,PASS
S13_WU02_L_01,S13,WU02,L,PASS,PASS,PASS,PASS,PASS,PASS,PASS,PASS,True,,4,4,1.0,PASS,4,4,1.0,PASS,4,4,1.0,PASS,6,6,1.0,PASS,6,6,1.0,PASS,2,2,1.0,PASS,9,9,1.0,PASS,8,8,1.0,PASS,20,20,1.0,PASS
S13_WU02_R_02,S13,WU02,R,PASS,PASS,PASS,PASS,PASS,PASS,PASS,PASS,True,,4,4,1.0,PASS,4,4,1.0,PASS,4,4,1.0,PASS,6,6,1.0,PASS,6,6,1.0,PASS,2,2,1.0,PASS,9,9,1.0,PASS,8,8,1.0,PASS,20,20,1.0,PASS
S13_WU03_L_01,S13,WU03,L,PASS,PASS,PASS,PASS,PASS,PASS,PASS,PASS,True,,4,4,1.0,PASS,4,4,1.0,PASS,4,4,1.0,PASS,6,6,1.0,PASS,6,6,1.0,PASS,2,2,1.0,PASS,9,9,1.0,PASS,8,8,1.0,PASS,20,20,1.0,PASS
S13_WU03_R_01,S13,WU03,R,PASS,PASS,PASS,PASS,PASS,PASS,PASS,PASS,True,,4,4,1.0,PASS,4,4,1.0,PASS,4,4,1.0,PASS,6,6,1.0,PASS,6,6,1.0,PASS,2,2,1.0,PASS,9,9,1.0,PASS,8,8,1.0,PASS,20,20,1.0,PASS
S13_WU03_L_02,S13,WU03,L,PASS,PASS,PASS,PASS,PASS,PASS,PASS,PASS,True,,4,4,1.0,PASS,4,4,1.0,PASS,4,4,1.0,PASS,6,6,1.0,PASS,6,6,1.0,PASS,2,2,1.0,PASS,9,9,1.0,PASS,8,8,1.0,PASS,20,20,1.0,PASS
S13_WU04_R_01,S13,WU04,R,PASS,PASS,PASS,PASS,PASS,PASS,PASS,PASS,True,,4,4,1.0,PASS,4,4,1.0,PASS,4,4,1.0,PASS,6,6,1.0,PASS,6,6,1.0,PASS,2,2,1.0,PASS,9,9,1.0,PASS,8,8,1.0,PASS,20,20,1.0,PASS
S13_WU04_L_01,S13,WU04,L,PASS,PASS,PASS,PASS,PASS,PASS,PASS,PASS,True,,4,4,1.0,PASS,4,4,1.0,PASS,4,4,1.0,PASS,6,6,1.0,PASS,6,6,1.0,PASS,2,2,1.0,PASS,9,9,1.0,PASS,8,8,1.0,PASS,20,20,1.0,PASS
S13_WU04_R_02,S13,WU04,R,PASS,PASS,PASS,PASS,PASS,PASS,PASS,PASS,True,,4,4,1.0,PASS,4,4,1.0,PASS,4,4,1.0,PASS,6,6,1.0,PASS,6,6,1.0,PASS,2,2,1.0,PASS,9,9,1.0,PASS,8,8,1.0,PASS,20,20,1.0,PASS
S13_WU08_R_01,S13,WU08,R,PASS,PASS,PASS,PASS,PASS,PASS,PASS,PASS,True,,4,4,1.0,PASS,4,4,1.0,PASS,4,4,1.0,PASS,6,6,1.0,PASS,6,6,1.0,PASS,2,2,1.0,PASS,9,9,1.0,PASS,8,8,1.0,PASS,20,20,1.0,PASS
S13_WU08_L_01,S13,WU08,L,PASS,PASS,PASS,PASS,PASS,PASS,PASS,PASS,True,,4,4,1.0,PASS,4,4,1.0,PASS,4,4,1.0,PASS,6,6,1.0,PASS,6,6,1.0,PASS,2,2,1.0,PASS,9,9,1.0,PASS,8,8,1.0,PASS,20,20,1.0,PASS
S13_WU08_R_02,S13,WU08,R,PASS,PASS,PASS,PASS,PASS,PASS,PASS,PASS,True,,4,4,1.0,PASS,4,4,1.0,PASS,4,4,1.0,PASS,6,6,1.0,PASS,6,6,1.0,PASS,2,2,1.0,PASS,9,9,1.0,PASS,8,8,1.0,PASS,20,20,1.0,PASS
S14_WU01_R_01,S14,WU01,R,PASS,PASS,PASS,PASS,PASS,PASS,PASS,PASS,True,,4,4,1.0,PASS,4,4,1.0,PASS,4,4,1.0,PASS,6,6,1.0,PASS,6,6,1.0,PASS,2,2,1.0,PASS,9,9,1.0,PASS,8,8,1.0,PASS,20,20,1.0,PASS
S14_WU01_L_01,S14,WU01,L,PASS,PASS,PASS,PASS,PASS,PASS,PASS,PASS,True,,4,4,1.0,PASS,4,4,1.0,PASS,4,4,1.0,PASS,6,6,1.0,PASS,6,6,1.0,PASS,2,2,1.0,PASS,9,9,1.0,PASS,8,8,1.0,PASS,20,20,1.0,PASS
S14_WU01_R_02,S14,WU01,R,PASS,PASS,PASS,PASS,PASS,PASS,PASS,PASS,True,,4,4,1.0,PASS,4,4,1.0,PASS,4,4,1.0,PASS,6,6,1.0,PASS,6,6,1.0,PASS,2,2,1.0,PASS,9,9,1.0,PASS,8,8,1.0,PASS,20,20,1.0,PASS
S14_WU03_R_01,S14,WU03,R,PASS,PASS,PASS,PASS,PASS,PASS,PASS,PASS,True,,4,4,1.0,PASS,4,4,1.0,PASS,4,4,1.0,PASS,6,6,1.0,PASS,6,6,1.0,PASS,2,2,1.0,PASS,9,9,1.0,PASS,8,8,1.0,PASS,20,20,1.0,PASS
S14_WU03_L_01,S14,WU03,L,PASS,PASS,PASS,PASS,PASS,PASS,PASS,PASS,True,,4,4,1.0,PASS,4,4,1.0,PASS,4,4,1.0,PASS,6,6,1.0,PASS,6,6,1.0,PASS,2,2,1.0,PASS,9,9,1.0,PASS,8,8,1.0,PASS,20,20,1.0,PASS
S14_WU03_R_02,S14,WU03,R,PASS,PASS,PASS,PASS,PASS,PASS,PASS,PASS,True,,4,4,1.0,PASS,4,4,1.0,PASS,4,4,1.0,PASS,6,6,1.0,PASS,6,6,1.0,PASS,2,2,1.0,PASS,9,9,1.0,PASS,8,8,1.0,PASS,20,20,1.0,PASS
S14_WU04_R_01,S14,WU04,R,PASS,PASS,PASS,PASS,PASS,PASS,PASS,PASS,True,,4,4,1.0,PASS,4,4,1.0,PASS,4,4,1.0,PASS,6,6,1.0,PASS,6,6,1.0,PASS,2,2,1.0,PASS,9,9,1.0,PASS,8,8,1.0,PASS,20,20,1.0,PASS
S14_WU04_L_01,S14,WU04,L,PASS,PASS,PASS,PASS,PASS,PASS,PASS,PASS,True,,4,4,1.0,PASS,4,4,1.0,PASS,4,4,1.0,PASS,6,6,1.0,PASS,6,6,1.0,PASS,2,2,1.0,PASS,9,9,1.0,PASS,8,8,1.0,PASS,20,20,1.0,PASS
S14_WU04_R_02,S14,WU04,R,PASS,PASS,PASS,PASS,PASS,PASS,PASS,PASS,True,,4,4,1.0,PASS,4,4,1.0,PASS,4,4,1.0,PASS,6,6,1.0,PASS,6,6,1.0,PASS,2,2,1.0,PASS,9,9,1.0,PASS,8,8,1.0,PASS,20,20,1.0,PASS
S14_WU05_L_01,S14,WU05,L,PASS,PASS,PASS,PASS,PASS,PASS,PASS,PASS,True,,4,4,1.0,PASS,4,4,1.0,PASS,4,4,1.0,PASS,6,6,1.0,PASS,6,6,1.0,PASS,2,2,1.0,PASS,9,9,1.0,PASS,8,8,1.0,PASS,20,20,1.0,PASS
S14_WU05_R_01,S14,WU05,R,PASS,PASS,PASS,PASS,PASS,PASS,PASS,PASS,True,,4,4,1.0,PASS,4,4,1.0,PASS,4,4,1.0,PASS,6,6,1.0,PASS,6,6,1.0,PASS,2,2,1.0,PASS,9,9,1.0,PASS,8,8,1.0,PASS,20,20,1.0,PASS
S14_WU05_L_02,S14,WU05,L,PASS,PASS,PASS,PASS,PASS,PASS,PASS,PASS,True,,4,4,1.0,PASS,4,4,1.0,PASS,4,4,1.0,PASS,6,6,1.0,PASS,6,6,1.0,PASS,2,2,1.0,PASS,9,9,1.0,PASS,8,8,1.0,PASS,20,20,1.0,PASS
S14_WU05_R_02,S14,WU05,R,PASS,PASS,PASS,PASS,PASS,PASS,PASS,PASS,True,,4,4,1.0,PASS,4,4,1.0,PASS,4,4,1.0,PASS,6,6,1.0,PASS,6,6,1.0,PASS,2,2,1.0,PASS,9,9,1.0,PASS,8,8,1.0,PASS,20,20,1.0,PASS
S14_WU05_L_03,S14,WU05,L,PASS,PASS,PASS,PASS,PASS,PASS,PASS,PASS,True,,4,4,1.0,PASS,4,4,1.0,PASS,4,4,1.0,PASS,6,6,1.0,PASS,6,6,1.0,PASS,2,2,1.0,PASS,9,9,1.0,PASS,8,8,1.0,PASS,20,20,1.0,PASS
S14_WU06_L_01,S14,WU06,L,PASS,PASS,PASS,PASS,PASS,PASS,PASS,PASS,True,,4,4,1.0,PASS,4,4,1.0,PASS,4,4,1.0,PASS,6,6,1.0,PASS,6,6,1.0,PASS,2,2,1.0,PASS,9,9,1.0,PASS,8,8,1.0,PASS,20,20,1.0,PASS
S14_WU06_R_01,S14,WU06,R,PASS,PASS,PASS,PASS,PASS,PASS,PASS,PASS,True,,4,4,1.0,PASS,4,4,1.0,PASS,4,4,1.0,PASS,6,6,1.0,PASS,6,6,1.0,PASS,2,2,1.0,PASS,9,9,1.0,PASS,8,8,1.0,PASS,20,20,1.0,PASS
S14_WU06_L_02,S14,WU06,L,PASS,PASS,PASS,PASS,PASS,PASS,PASS,PASS,True,,4,4,1.0,PASS,4,4,1.0,PASS,4,4,1.0,PASS,6,6,1.0,PASS,6,6,1.0,PASS,2,2,1.0,PASS,9,9,1.0,PASS,8,8,1.0,PASS,20,20,1.0,PASS
S14_WU07_R_01,S14,WU07,R,PASS,PASS,PASS,PASS,PASS,PASS,PASS,PASS,True,,4,4,1.0,PASS,4,4,1.0,PASS,4,4,1.0,PASS,6,6,1.0,PASS,6,6,1.0,PASS,2,2,1.0,PASS,9,9,1.0,PASS,8,8,1.0,PASS,20,20,1.0,PASS
S14_WU07_L_01,S14,WU07,L,PASS,PASS,PASS,PASS,PASS,PASS,PASS,PASS,True,,4,4,1.0,PASS,4,4,1.0,PASS,4,4,1.0,PASS,6,6,1.0,PASS,6,6,1.0,PASS,2,2,1.0,PASS,9,9,1.0,PASS,8,8,1.0,PASS,20,20,1.0,PASS
S14_WU07_R_02,S14,WU07,R,PASS,PASS,PASS,PASS,PASS,PASS,PASS,PASS,True,,4,4,1.0,PASS,4,4,1.0,PASS,4,4,1.0,PASS,6,6,1.0,PASS,6,6,1.0,PASS,2,2,1.0,PASS,9,9,1.0,PASS,8,8,1.0,PASS,20,20,1.0,PASS
S14_WU07_L_02,S14,WU07,L,PASS,PASS,PASS,PASS,PASS,PASS,PASS,PASS,True,,4,4,1.0,PASS,4,4,1.0,PASS,4,4,1.0,PASS,6,6,1.0,PASS,6,6,1.0,PASS,2,2,1.0,PASS,9,9,1.0,PASS,8,8,1.0,PASS,20,20,1.0,PASS
S14_WU07_R_03,S14,WU07,R,PASS,PASS,PASS,PASS,PASS,PASS,PASS,PASS,True,,4,4,1.0,PASS,4,4,1.0,PASS,4,4,1.0,PASS,6,6,1.0,PASS,6,6,1.0,PASS,2,2,1.0,PASS,9,9,1.0,PASS,8,8,1.0,PASS,20,20,1.0,PASS
S14_WU08_R_01,S14,WU08,R,PASS,PASS,PASS,PASS,PASS,PASS,PASS,PASS,True,,4,4,1.0,PASS,4,4,1.0,PASS,4,4,1.0,PASS,6,6,1.0,PASS,6,6,1.0,PASS,2,2,1.0,PASS,9,9,1.0,PASS,8,8,1.0,PASS,20,20,1.0,PASS
S14_WU08_L_01,S14,WU08,L,PASS,PASS,PASS,PASS,PASS,PASS,PASS,PASS,True,,4,4,1.0,PASS,4,4,1.0,PASS,4,4,1.0,PASS,6,6,1.0,PASS,6,6,1.0,PASS,2,2,1.0,PASS,9,9,1.0,PASS,8,8,1.0,PASS,20,20,1.0,PASS
S14_WU08_R_02,S14,WU08,R,PASS,PASS,PASS,PASS,PASS,PASS,PASS,PASS,True,,4,4,1.0,PASS,4,4,1.0,PASS,4,4,1.0,PASS,6,6,1.0,PASS,6,6,1.0,PASS,2,2,1.0,PASS,9,9,1.0,PASS,8,8,1.0,PASS,20,20,1.0,PASS
S14_WU08_L_02,S14,WU08,L,PASS,PASS,PASS,PASS,PASS,PASS,PASS,PASS,True,,4,4,1.0,PASS,4,4,1.0,PASS,4,4,1.0,PASS,6,6,1.0,PASS,6,6,1.0,PASS,2,2,1.0,PASS,9,9,1.0,PASS,8,8,1.0,PASS,20,20,1.0,PASS
S14_WU08_R_03,S14,WU08,R,PASS,PASS,PASS,PASS,PASS,PASS,PASS,PASS,True,,4,4,1.0,PASS,4,4,1.0,PASS,4,4,1.0,PASS,6,6,1.0,PASS,6,6,1.0,PASS,2,2,1.0,PASS,9,9,1.0,PASS,8,8,1.0,PASS,20,20,1.0,PASS
S14_WU09_L_01,S14,WU09,L,PASS,PASS,PASS,PASS,PASS,PASS,PASS,PASS,True,,4,4,1.0,PASS,4,4,1.0,PASS,4,4,1.0,PASS,6,6,1.0,PASS,6,6,1.0,PASS,2,2,1.0,PASS,9,9,1.0,PASS,8,8,1.0,PASS,20,20,1.0,PASS
S14_WU09_R_01,S14,WU09,R,PASS,PASS,PASS,PASS,PASS,PASS,PASS,PASS,True,,4,4,1.0,PASS,4,4,1.0,PASS,4,4,1.0,PASS,6,6,1.0,PASS,6,6,1.0,PASS,2,2,1.0,PASS,9,9,1.0,PASS,8,8,1.0,PASS,20,20,1.0,PASS
S14_WU09_L_02,S14,WU09,L,PASS,PASS,PASS,PASS,PASS,PASS,PASS,PASS,True,,4,4,1.0,PASS,4,4,1.0,PASS,4,4,1.0,PASS,6,6,1.0,PASS,6,6,1.0,PASS,2,2,1.0,PASS,9,9,1.0,PASS,8,8,1.0,PASS,20,20,1.0,PASS
S14_WU09_R_02,S14,WU09,R,PASS,PASS,PASS,PASS,PASS,PASS,PASS,PASS,True,,4,4,1.0,PASS,4,4,1.0,PASS,4,4,1.0,PASS,6,6,1.0,PASS,6,6,1.0,PASS,2,2,1.0,PASS,9,9,1.0,PASS,8,8,1.0,PASS,20,20,1.0,PASS
S14_WU09_L_03,S14,WU09,L,PASS,PASS,PASS,PASS,PASS,PASS,PASS,PASS,True,,4,4,1.0,PASS,4,4,1.0,PASS,4,4,1.0,PASS,6,6,1.0,PASS,6,6,1.0,PASS,2,2,1.0,PASS,9,9,1.0,PASS,8,8,1.0,PASS,20,20,1.0,PASS
S15_WU01_R_01,S15,WU01,R,PASS,PASS,PASS,PASS,PASS,PASS,PASS,PASS,True,,4,4,1.0,PASS,4,4,1.0,PASS,4,4,1.0,PASS,6,6,1.0,PASS,6,6,1.0,PASS,2,2,1.0,PASS,9,9,1.0,PASS,8,8,1.0,PASS,20,20,1.0,PASS
S15_WU01_L_01,S15,WU01,L,PASS,PASS,PASS,PASS,PASS,PASS,PASS,PASS,True,,4,4,1.0,PASS,4,4,1.0,PASS,4,4,1.0,PASS,6,6,1.0,PASS,6,6,1.0,PASS,2,2,1.0,PASS,9,9,1.0,PASS,8,8,1.0,PASS,20,20,1.0,PASS
S15_WU01_R_02,S15,WU01,R,PASS,PASS,PASS,PASS,PASS,PASS,PASS,PASS,True,,4,4,1.0,PASS,4,4,1.0,PASS,4,4,1.0,PASS,6,6,1.0,PASS,6,6,1.0,PASS,2,2,1.0,PASS,9,9,1.0,PASS,8,8,1.0,PASS,20,20,1.0,PASS
S15_WU01_L_02,S15,WU01,L,PASS,PASS,PASS,PASS,PASS,PASS,PASS,PASS,True,,4,4,1.0,PASS,4,4,1.0,PASS,4,4,1.0,PASS,6,6,1.0,PASS,6,6,1.0,PASS,2,2,1.0,PASS,9,9,1.0,PASS,8,8,1.0,PASS,20,20,1.0,PASS
S15_WU01_R_03,S15,WU01,R,PASS,PASS,PASS,PASS,PASS,PASS,PASS,PASS,True,,4,4,1.0,PASS,4,4,1.0,PASS,4,4,1.0,PASS,6,6,1.0,PASS,6,6,1.0,PASS,2,2,1.0,PASS,9,9,1.0,PASS,8,8,1.0,PASS,20,20,1.0,PASS
S15_WU02_R_01,S15,WU02,R,PASS,PASS,PASS,PASS,PASS,PASS,PASS,PASS,True,,4,4,1.0,PASS,4,4,1.0,PASS,4,4,1.0,PASS,6,6,1.0,PASS,6,6,1.0,PASS,2,2,1.0,PASS,9,9,1.0,PASS,8,8,1.0,PASS,20,20,1.0,PASS
S15_WU02_L_01,S15,WU02,L,PASS,PASS,PASS,PASS,PASS,PASS,PASS,PASS,True,,4,4,1.0,PASS,4,4,1.0,PASS,4,4,1.0,PASS,6,6,1.0,PASS,6,6,1.0,PASS,2,2,1.0,PASS,9,9,1.0,PASS,8,8,1.0,PASS,20,20,1.0,PASS
S15_WU02_R_02,S15,WU02,R,PASS,PASS,PASS,PASS,PASS,PASS,PASS,PASS,True,,4,4,1.0,PASS,4,4,1.0,PASS,4,4,1.0,PASS,6,6,1.0,PASS,6,6,1.0,PASS,2,2,1.0,PASS,9,9,1.0,PASS,8,8,1.0,PASS,20,20,1.0,PASS
S15_WU02_L_02,S15,WU02,L,PASS,PASS,PASS,PASS,PASS,PASS,PASS,PASS,True,,4,4,1.0,PASS,4,4,1.0,PASS,4,4,1.0,PASS,6,6,1.0,PASS,6,6,1.0,PASS,2,2,1.0,PASS,9,9,1.0,PASS,8,8,1.0,PASS,20,20,1.0,PASS
S15_WU02_R_03,S15,WU02,R,PASS,PASS,PASS,PASS,PASS,PASS,PASS,PASS,True,,4,4,1.0,PASS,4,4,1.0,PASS,4,4,1.0,PASS,6,6,1.0,PASS,6,6,1.0,PASS,2,2,1.0,PASS,9,9,1.0,PASS,8,8,1.0,PASS,20,20,1.0,PASS
S15_WU03_R_01,S15,WU03,R,PASS,PASS,PASS,PASS,PASS,PASS,PASS,PASS,True,,4,4,1.0,PASS,4,4,1.0,PASS,4,4,1.0,PASS,6,6,1.0,PASS,6,6,1.0,PASS,2,2,1.0,PASS,9,9,1.0,PASS,8,8,1.0,PASS,20,20,1.0,PASS
S15_WU03_L_01,S15,WU03,L,PASS,PASS,PASS,PASS,PASS,PASS,PASS,PASS,True,,4,4,1.0,PASS,4,4,1.0,PASS,4,4,1.0,PASS,6,6,1.0,PASS,6,6,1.0,PASS,2,2,1.0,PASS,9,9,1.0,PASS,8,8,1.0,PASS,20,20,1.0,PASS
S15_WU03_R_02,S15,WU03,R,PASS,PASS,PASS,PASS,PASS,PASS,PASS,PASS,True,,4,4,1.0,PASS,4,4,1.0,PASS,4,4,1.0,PASS,6,6,1.0,PASS,6,6,1.0,PASS,2,2,1.0,PASS,9,9,1.0,PASS,8,8,1.0,PASS,20,20,1.0,PASS
S15_WU03_L_02,S15,WU03,L,PASS,PASS,PASS,PASS,PASS,PASS,PASS,PASS,True,,4,4,1.0,PASS,4,4,1.0,PASS,4,4,1.0,PASS,6,6,1.0,PASS,6,6,1.0,PASS,2,2,1.0,PASS,9,9,1.0,PASS,8,8,1.0,PASS,20,20,1.0,PASS
S15_WU04_R_01,S15,WU04,R,PASS,PASS,PASS,PASS,PASS,PASS,PASS,PASS,True,,4,4,1.0,PASS,4,4,1.0,PASS,4,4,1.0,PASS,6,6,1.0,PASS,6,6,1.0,PASS,2,2,1.0,PASS,9,9,1.0,PASS,8,8,1.0,PASS,20,20,1.0,PASS
S15_WU04_L_01,S15,WU04,L,PASS,PASS,PASS,PASS,PASS,PASS,PASS,PASS,True,,4,4,1.0,PASS,4,4,1.0,PASS,4,4,1.0,PASS,6,6,1.0,PASS,6,6,1.0,PASS,2,2,1.0,PASS,9,9,1.0,PASS,8,8,1.0,PASS,20,20,1.0,PASS
S15_WU04_R_02,S15,WU04,R,PASS,PASS,PASS,PASS,PASS,PASS,PASS,PASS,True,,4,4,1.0,PASS,4,4,1.0,PASS,4,4,1.0,PASS,6,6,1.0,PASS,6,6,1.0,PASS,2,2,1.0,PASS,9,9,1.0,PASS,8,8,1.0,PASS,20,20,1.0,PASS
S15_WU04_L_02,S15,WU04,L,PASS,PASS,PASS,PASS,PASS,PASS,PASS,PASS,True,,4,4,1.0,PASS,4,4,1.0,PASS,4,4,1.0,PASS,6,6,1.0,PASS,6,6,1.0,PASS,2,2,1.0,PASS,9,9,1.0,PASS,8,8,1.0,PASS,20,20,1.0,PASS
S15_WU05_R_01,S15,WU05,R,PASS,PASS,PASS,PASS,PASS,PASS,PASS,PASS,True,,4,4,1.0,PASS,4,4,1.0,PASS,4,4,1.0,PASS,6,6,1.0,PASS,6,6,1.0,PASS,2,2,1.0,PASS,9,9,1.0,PASS,8,8,1.0,PASS,20,20,1.0,PASS
S15_WU05_L_01,S15,WU05,L,PASS,PASS,PASS,PASS,PASS,PASS,PASS,PASS,True,,4,4,1.0,PASS,4,4,1.0,PASS,4,4,1.0,PASS,6,6,1.0,PASS,6,6,1.0,PASS,2,2,1.0,PASS,9,9,1.0,PASS,8,8,1.0,PASS,20,20,1.0,PASS
S15_WU05_R_02,S15,WU05,R,PASS,PASS,PASS,PASS,PASS,PASS,PASS,PASS,True,,4,4,1.0,PASS,4,4,1.0,PASS,4,4,1.0,PASS,6,6,1.0,PASS,6,6,1.0,PASS,2,2,1.0,PASS,9,9,1.0,PASS,8,8,1.0,PASS,20,20,1.0,PASS
S15_WU05_L_02,S15,WU05,L,PASS,PASS,PASS,PASS,PASS,PASS,PASS,PASS,True,,4,4,1.0,PASS,4,4,1.0,PASS,4,4,1.0,PASS,6,6,1.0,PASS,6,6,1.0,PASS,2,2,1.0,PASS,9,9,1.0,PASS,8,8,1.0,PASS,20,20,1.0,PASS
S15_WU05_R_03,S15,WU05,R,PASS,PASS,PASS,PASS,PASS,PASS,PASS,PASS,True,,4,4,1.0,PASS,4,4,1.0,PASS,4,4,1.0,PASS,6,6,1.0,PASS,6,6,1.0,PASS,2,2,1.0,PASS,9,9,1.0,PASS,8,8,1.0,PASS,20,20,1.0,PASS
S15_WU06_L_01,S15,WU06,L,PASS,PASS,PASS,PASS,PASS,PASS,PASS,PASS,True,,4,4,1.0,PASS,4,4,1.0,PASS,4,4,1.0,PASS,6,6,1.0,PASS,6,6,1.0,PASS,2,2,1.0,PASS,9,9,1.0,PASS,8,8,1.0,PASS,20,20,1.0,PASS
S15_WU06_R_01,S15,WU06,R,PASS,PASS,PASS,PASS,PASS,PASS,PASS,PASS,True,,4,4,1.0,PASS,4,4,1.0,PASS,4,4,1.0,PASS,6,6,1.0,PASS,6,6,1.0,PASS,2,2,1.0,PASS,9,9,1.0,PASS,8,8,1.0,PASS,20,20,1.0,PASS
S15_WU06_L_02,S15,WU06,L,PASS,PASS,PASS,PASS,PASS,PASS,PASS,PASS,True,,4,4,1.0,PASS,4,4,1.0,PASS,4,4,1.0,PASS,6,6,1.0,PASS,6,6,1.0,PASS,2,2,1.0,PASS,9,9,1.0,PASS,8,8,1.0,PASS,20,20,1.0,PASS
S15_WU06_R_02,S15,WU06,R,PASS,PASS,PASS,PASS,PASS,PASS,PASS,PASS,True,,4,4,1.0,PASS,4,4,1.0,PASS,4,4,1.0,PASS,6,6,1.0,PASS,6,6,1.0,PASS,2,2,1.0,PASS,9,9,1.0,PASS,8,8,1.0,PASS,20,20,1.0,PASS
S15_WU06_L_03,S15,WU06,L,PASS,PASS,PASS,PASS,PASS,PASS,PASS,PASS,True,,4,4,1.0,PASS,4,4,1.0,PASS,4,4,1.0,PASS,6,6,1.0,PASS,6,6,1.0,PASS,2,2,1.0,PASS,9,9,1.0,PASS,8,8,1.0,PASS,20,20,1.0,PASS
S15_WU07_L_01,S15,WU07,L,PASS,PASS,PASS,PASS,PASS,PASS,PASS,PASS,True,,4,4,1.0,PASS,4,4,1.0,PASS,4,4,1.0,PASS,6,6,1.0,PASS,6,6,1.0,PASS,2,2,1.0,PASS,9,9,1.0,PASS,8,8,1.0,PASS,20,20,1.0,PASS
S15_WU07_R_01,S15,WU07,R,PASS,PASS,PASS,PASS,PASS,PASS,PASS,PASS,True,,4,4,1.0,PASS,4,4,1.0,PASS,4,4,1.0,PASS,6,6,1.0,PASS,6,6,1.0,PASS,2,2,1.0,PASS,9,9,1.0,PASS,8,8,1.0,PASS,20,20,1.0,PASS
S15_WU07_L_02,S15,WU07,L,PASS,PASS,PASS,PASS,PASS,PASS,PASS,PASS,True,,4,4,1.0,PASS,4,4,1.0,PASS,4,4,1.0,PASS,6,6,1.0,PASS,6,6,1.0,PASS,2,2,1.0,PASS,9,9,1.0,PASS,8,8,1.0,PASS,20,20,1.0,PASS
S15_WU07_R_02,S15,WU07,R,PASS,PASS,PASS,PASS,PASS,PASS,PASS,PASS,True,,4,4,1.0,PASS,4,4,1.0,PASS,4,4,1.0,PASS,6,6,1.0,PASS,6,6,1.0,PASS,2,2,1.0,PASS,9,9,1.0,PASS,8,8,1.0,PASS,20,20,1.0,PASS
S15_WU07_L_03,S15,WU07,L,PASS,PASS,PASS,PASS,PASS,PASS,PASS,PASS,True,,4,4,1.0,PASS,4,4,1.0,PASS,4,4,1.0,PASS,6,6,1.0,PASS,6,6,1.0,PASS,2,2,1.0,PASS,9,9,1.0,PASS,8,8,1.0,PASS,20,20,1.0,PASS
S15_WU07_R_03,S15,WU07,R,PASS,PASS,PASS,PASS,PASS,PASS,PASS,PASS,True,,4,4,1.0,PASS,4,4,1.0,PASS,4,4,1.0,PASS,6,6,1.0,PASS,6,6,1.0,PASS,2,2,1.0,PASS,9,9,1.0,PASS,8,8,1.0,PASS,20,20,1.0,PASS
S15_WU08_L_01,S15,WU08,L,PASS,PASS,PASS,PASS,PASS,PASS,PASS,PASS,True,,4,4,1.0,PASS,4,4,1.0,PASS,4,4,1.0,PASS,6,6,1.0,PASS,6,6,1.0,PASS,2,2,1.0,PASS,9,9,1.0,PASS,8,8,1.0,PASS,20,20,1.0,PASS
S15_WU08_R_01,S15,WU08,R,PASS,PASS,PASS,PASS,PASS,PASS,PASS,PASS,True,,4,4,1.0,PASS,4,4,1.0,PASS,4,4,1.0,PASS,6,6,1.0,PASS,6,6,1.0,PASS,2,2,1.0,PASS,9,9,1.0,PASS,8,8,1.0,PASS,20,20,1.0,PASS
S15_WU08_L_02,S15,WU08,L,PASS,PASS,PASS,PASS,PASS,PASS,PASS,PASS,True,,4,4,1.0,PASS,4,4,1.0,PASS,4,4,1.0,PASS,6,6,1.0,PASS,6,6,1.0,PASS,2,2,1.0,PASS,9,9,1.0,PASS,8,8,1.0,PASS,20,20,1.0,PASS
S15_WU08_R_02,S15,WU08,R,PASS,PASS,PASS,PASS,PASS,PASS,PASS,PASS,True,,4,4,1.0,PASS,4,4,1.0,PASS,4,4,1.0,PASS,6,6,1.0,PASS,6,6,1.0,PASS,2,2,1.0,PASS,9,9,1.0,PASS,8,8,1.0,PASS,20,20,1.0,PASS
S15_WU08_L_03,S15,WU08,L,PASS,PASS,PASS,PASS,PASS,PASS,PASS,PASS,True,,4,4,1.0,PASS,4,4,1.0,PASS,4,4,1.0,PASS,6,6,1.0,PASS,6,6,1.0,PASS,2,2,1.0,PASS,9,9,1.0,PASS,8,8,1.0,PASS,20,20,1.0,PASS
S15_WU10_L_01,S15,WU10,L,PASS,PASS,PASS,PASS,PASS,PASS,PASS,PASS,True,,4,4,1.0,PASS,4,4,1.0,PASS,4,4,1.0,PASS,6,6,1.0,PASS,6,6,1.0,PASS,2,2,1.0,PASS,9,9,1.0,PASS,8,8,1.0,PASS,20,20,1.0,PASS
S15_WU10_R_01,S15,WU10,R,PASS,PASS,PASS,PASS,PASS,PASS,PASS,PASS,True,,4,4,1.0,PASS,4,4,1.0,PASS,4,4,1.0,PASS,6,6,1.0,PASS,6,6,1.0,PASS,2,2,1.0,PASS,9,9,1.0,PASS,8,8,1.0,PASS,20,20,1.0,PASS
S15_WU10_L_02,S15,WU10,L,PASS,PASS,PASS,PASS,PASS,PASS,PASS,PASS,True,,4,4,1.0,PASS,4,4,1.0,PASS,4,4,1.0,PASS,6,6,1.0,PASS,6,6,1.0,PASS,2,2,1.0,PASS,9,9,1.0,PASS,8,8,1.0,PASS,20,20,1.0,PASS
S15_WU10_R_02,S15,WU10,R,PASS,PASS,PASS,PASS,PASS,PASS,PASS,PASS,True,,4,4,1.0,PASS,4,4,1.0,PASS,4,4,1.0,PASS,6,6,1.0,PASS,6,6,1.0,PASS,2,2,1.0,PASS,9,9,1.0,PASS,8,8,1.0,PASS,20,20,1.0,PASS
S17_WU0_R_01,S17,WU0,R,PASS,PASS,PASS,PASS,PASS,PASS,PASS,PASS,True,,4,4,1.0,PASS,4,4,1.0,PASS,4,4,1.0,PASS,6,6,1.0,PASS,6,6,1.0,PASS,2,2,1.0,PASS,9,9,1.0,PASS,8,8,1.0,PASS,20,20,1.0,PASS
S17_WU0_L_01,S17,WU0,L,PASS,PASS,PASS,PASS,PASS,PASS,PASS,PASS,True,,4,4,1.0,PASS,4,4,1.0,PASS,4,4,1.0,PASS,6,6,1.0,PASS,6,6,1.0,PASS,2,2,1.0,PASS,9,9,1.0,PASS,8,8,1.0,PASS,20,20,1.0,PASS
S17_WU0_R_02,S17,WU0,R,PASS,PASS,PASS,PASS,PASS,PASS,PASS,PASS,True,,4,4,1.0,PASS,4,4,1.0,PASS,4,4,1.0,PASS,6,6,1.0,PASS,6,6,1.0,PASS,2,2,1.0,PASS,9,9,1.0,PASS,8,8,1.0,PASS,20,20,1.0,PASS
S17_WU0_L_02,S17,WU0,L,PASS,PASS,PASS,PASS,PASS,PASS,PASS,PASS,True,,4,4,1.0,PASS,4,4,1.0,PASS,4,4,1.0,PASS,6,6,1.0,PASS,6,6,1.0,PASS,2,2,1.0,PASS,9,9,1.0,PASS,8,8,1.0,PASS,20,20,1.0,PASS
S17_WU11_L_01,S17,WU11,L,PASS,PASS,PASS,PASS,PASS,PASS,PASS,PASS,True,,4,4,1.0,PASS,4,4,1.0,PASS,4,4,1.0,PASS,6,6,1.0,PASS,6,6,1.0,PASS,2,2,1.0,PASS,9,9,1.0,PASS,8,8,1.0,PASS,20,20,1.0,PASS
S17_WU11_R_01,S17,WU11,R,PASS,PASS,PASS,PASS,PASS,PASS,PASS,PASS,True,,4,4,1.0,PASS,4,4,1.0,PASS,4,4,1.0,PASS,6,6,1.0,PASS,6,6,1.0,PASS,2,2,1.0,PASS,9,9,1.0,PASS,8,8,1.0,PASS,20,20,1.0,PASS
S17_WU11_L_02,S17,WU11,L,PASS,PASS,PASS,PASS,PASS,PASS,PASS,PASS,True,,4,4,1.0,PASS,4,4,1.0,PASS,4,4,1.0,PASS,6,6,1.0,PASS,6,6,1.0,PASS,2,2,1.0,PASS,9,9,1.0,PASS,8,8,1.0,PASS,20,20,1.0,PASS
S17_WU11_R_02,S17,WU11,R,PASS,PASS,PASS,PASS,PASS,PASS,PASS,PASS,True,,4,4,1.0,PASS,4,4,1.0,PASS,4,4,1.0,PASS,6,6,1.0,PASS,6,6,1.0,PASS,2,2,1.0,PASS,9,9,1.0,PASS,8,8,1.0,PASS,20,20,1.0,PASS
S17_WU11_L_03,S17,WU11,L,PASS,PASS,PASS,PASS,PASS,PASS,PASS,PASS,True,,4,4,1.0,PASS,4,4,1.0,PASS,4,4,1.0,PASS,6,6,1.0,PASS,6,6,1.0,PASS,2,2,1.0,PASS,9,9,1.0,PASS,8,8,1.0,PASS,20,20,1.0,PASS
S17_WU13_R_01,S17,WU13,R,PASS,PASS,PASS,PASS,PASS,PASS,PASS,PASS,True,,4,4,1.0,PASS,4,4,1.0,PASS,4,4,1.0,PASS,6,6,1.0,PASS,6,6,1.0,PASS,2,2,1.0,PASS,9,9,1.0,PASS,8,8,1.0,PASS,20,20,1.0,PASS
S17_WU13_L_01,S17,WU13,L,PASS,PASS,PASS,PASS,PASS,PASS,PASS,PASS,True,,4,4,1.0,PASS,4,4,1.0,PASS,4,4,1.0,PASS,6,6,1.0,PASS,6,6,1.0,PASS,2,2,1.0,PASS,9,9,1.0,PASS,8,8,1.0,PASS,20,20,1.0,PASS
S17_WU13_R_02,S17,WU13,R,PASS,PASS,PASS,PASS,PASS,PASS,PASS,PASS,True,,4,4,1.0,PASS,4,4,1.0,PASS,4,4,1.0,PASS,6,6,1.0,PASS,6,6,1.0,PASS,2,2,1.0,PASS,9,9,1.0,PASS,8,8,1.0,PASS,20,20,1.0,PASS
S17_WU13_L_02,S17,WU13,L,PASS,PASS,PASS,PASS,PASS,PASS,PASS,PASS,True,,4,4,1.0,PASS,4,4,1.0,PASS,4,4,1.0,PASS,6,6,1.0,PASS,6,6,1.0,PASS,2,2,1.0,PASS,9,9,1.0,PASS,8,8,1.0,PASS,20,20,1.0,PASS
S17_WU13_R_03,S17,WU13,R,PASS,PASS,PASS,PASS,PASS,PASS,PASS,PASS,True,,4,4,1.0,PASS,4,4,1.0,PASS,4,4,1.0,PASS,6,6,1.0,PASS,6,6,1.0,PASS,2,2,1.0,PASS,9,9,1.0,PASS,8,8,1.0,PASS,20,20,1.0,PASS
S17_WU3_R_01,S17,WU3,R,PASS,PASS,PASS,PASS,PASS,PASS,PASS,PASS,True,,4,4,1.0,PASS,4,4,1.0,PASS,4,4,1.0,PASS,6,6,1.0,PASS,6,6,1.0,PASS,2,2,1.0,PASS,9,9,1.0,PASS,8,8,1.0,PASS,20,20,1.0,PASS
S17_WU3_L_01,S17,WU3,L,PASS,PASS,PASS,PASS,PASS,PASS,PASS,PASS,True,,4,4,1.0,PASS,4,4,1.0,PASS,4,4,1.0,PASS,6,6,1.0,PASS,6,6,1.0,PASS,2,2,1.0,PASS,9,9,1.0,PASS,8,8,1.0,PASS,20,20,1.0,PASS
S17_WU3_R_02,S17,WU3,R,PASS,PASS,PASS,PASS,PASS,PASS,PASS,PASS,True,,4,4,1.0,PASS,4,4,1.0,PASS,4,4,1.0,PASS,6,6,1.0,PASS,6,6,1.0,PASS,2,2,1.0,PASS,9,9,1.0,PASS,8,8,1.0,PASS,20,20,1.0,PASS
S17_WU3_L_02,S17,WU3,L,PASS,PASS,PASS,PASS,PASS,PASS,PASS,PASS,True,,4,4,1.0,PASS,4,4,1.0,PASS,4,4,1.0,PASS,6,6,1.0,PASS,6,6,1.0,PASS,2,2,1.0,PASS,9,9,1.0,PASS,8,8,1.0,PASS,20,20,1.0,PASS
S17_WU3_R_03,S17,WU3,R,PASS,PASS,PASS,PASS,PASS,PASS,PASS,PASS,True,,4,4,1.0,PASS,4,4,1.0,PASS,4,4,1.0,PASS,6,6,1.0,PASS,6,6,1.0,PASS,2,2,1.0,PASS,9,9,1.0,PASS,8,8,1.0,PASS,20,20,1.0,PASS
S17_WU4_R_01,S17,WU4,R,PASS,PASS,PASS,PASS,PASS,PASS,PASS,PASS,True,,4,4,1.0,PASS,4,4,1.0,PASS,4,4,1.0,PASS,6,6,1.0,PASS,6,6,1.0,PASS,2,2,1.0,PASS,9,9,1.0,PASS,8,8,1.0,PASS,20,20,1.0,PASS
S17_WU4_L_01,S17,WU4,L,PASS,PASS,PASS,PASS,PASS,PASS,PASS,PASS,True,,4,4,1.0,PASS,4,4,1.0,PASS,4,4,1.0,PASS,6,6,1.0,PASS,6,6,1.0,PASS,2,2,1.0,PASS,9,9,1.0,PASS,8,8,1.0,PASS,20,20,1.0,PASS
S17_WU4_R_02,S17,WU4,R,PASS,PASS,PASS,PASS,PASS,PASS,PASS,PASS,True,,4,4,1.0,PASS,4,4,1.0,PASS,4,4,1.0,PASS,6,6,1.0,PASS,6,6,1.0,PASS,2,2,1.0,PASS,9,9,1.0,PASS,8,8,1.0,PASS,20,20,1.0,PASS
S17_WU4_L_02,S17,WU4,L,PASS,PASS,PASS,PASS,PASS,PASS,PASS,PASS,True,,4,4,1.0,PASS,4,4,1.0,PASS,4,4,1.0,PASS,6,6,1.0,PASS,6,6,1.0,PASS,2,2,1.0,PASS,9,9,1.0,PASS,8,8,1.0,PASS,20,20,1.0,PASS
S17_WU5_R_01,S17,WU5,R,PASS,PASS,PASS,PASS,PASS,PASS,PASS,PASS,True,,4,4,1.0,PASS,4,4,1.0,PASS,4,4,1.0,PASS,6,6,1.0,PASS,6,6,1.0,PASS,2,2,1.0,PASS,9,9,1.0,PASS,8,8,1.0,PASS,20,20,1.0,PASS
S17_WU5_L_01,S17,WU5,L,PASS,PASS,PASS,PASS,PASS,PASS,PASS,PASS,True,,4,4,1.0,PASS,4,4,1.0,PASS,4,4,1.0,PASS,6,6,1.0,PASS,6,6,1.0,PASS,2,2,1.0,PASS,9,9,1.0,PASS,8,8,1.0,PASS,20,20,1.0,PASS
S17_WU5_R_02,S17,WU5,R,PASS,PASS,PASS,PASS,PASS,PASS,PASS,PASS,True,,4,4,1.0,PASS,4,4,1.0,PASS,4,4,1.0,PASS,6,6,1.0,PASS,6,6,1.0,PASS,2,2,1.0,PASS,9,9,1.0,PASS,8,8,1.0,PASS,20,20,1.0,PASS
S17_WU5_L_02,S17,WU5,L,PASS,PASS,PASS,PASS,PASS,PASS,PASS,PASS,True,,4,4,1.0,PASS,4,4,1.0,PASS,4,4,1.0,PASS,6,6,1.0,PASS,6,6,1.0,PASS,2,2,1.0,PASS,9,9,1.0,PASS,8,8,1.0,PASS,20,20,1.0,PASS
S17_WU5_R_03,S17,WU5,R,PASS,PASS,PASS,PASS,PASS,PASS,PASS,PASS,True,,4,4,1.0,PASS,4,4,1.0,PASS,4,4,1.0,PASS,6,6,1.0,PASS,6,6,1.0,PASS,2,2,1.0,PASS,9,9,1.0,PASS,8,8,1.0,PASS,20,20,1.0,PASS
S17_WU6_R_01,S17,WU6,R,PASS,PASS,PASS,PASS,PASS,PASS,PASS,PASS,True,,4,4,1.0,PASS,4,4,1.0,PASS,4,4,1.0,PASS,6,6,1.0,PASS,6,6,1.0,PASS,2,2,1.0,PASS,9,9,1.0,PASS,8,8,1.0,PASS,20,20,1.0,PASS
S17_WU6_L_01,S17,WU6,L,PASS,PASS,PASS,PASS,PASS,PASS,PASS,PASS,True,,4,4,1.0,PASS,4,4,1.0,PASS,4,4,1.0,PASS,6,6,1.0,PASS,6,6,1.0,PASS,2,2,1.0,PASS,9,9,1.0,PASS,8,8,1.0,PASS,20,20,1.0,PASS
S17_WU6_R_02,S17,WU6,R,PASS,PASS,PASS,PASS,PASS,PASS,PASS,PASS,True,,4,4,1.0,PASS,4,4,1.0,PASS,4,4,1.0,PASS,6,6,1.0,PASS,6,6,1.0,PASS,2,2,1.0,PASS,9,9,1.0,PASS,8,8,1.0,PASS,20,20,1.0,PASS
S17_WU6_L_02,S17,WU6,L,PASS,PASS,PASS,PASS,PASS,PASS,PASS,PASS,True,,4,4,1.0,PASS,4,4,1.0,PASS,4,4,1.0,PASS,6,6,1.0,PASS,6,6,1.0,PASS,2,2,1.0,PASS,9,9,1.0,PASS,8,8,1.0,PASS,20,20,1.0,PASS
S17_WU7_R_01,S17,WU7,R,PASS,PASS,PASS,PASS,PASS,PASS,PASS,PASS,True,,4,4,1.0,PASS,4,4,1.0,PASS,4,4,1.0,PASS,6,6,1.0,PASS,6,6,1.0,PASS,2,2,1.0,PASS,9,9,1.0,PASS,8,8,1.0,PASS,20,20,1.0,PASS
S17_WU7_L_01,S17,WU7,L,PASS,PASS,PASS,PASS,PASS,PASS,PASS,PASS,True,,4,4,1.0,PASS,4,4,1.0,PASS,4,4,1.0,PASS,6,6,1.0,PASS,6,6,1.0,PASS,2,2,1.0,PASS,9,9,1.0,PASS,8,8,1.0,PASS,20,20,1.0,PASS
S17_WU7_R_02,S17,WU7,R,PASS,PASS,PASS,PASS,PASS,PASS,PASS,PASS,True,,4,4,1.0,PASS,4,4,1.0,PASS,4,4,1.0,PASS,6,6,1.0,PASS,6,6,1.0,PASS,2,2,1.0,PASS,9,9,1.0,PASS,8,8,1.0,PASS,20,20,1.0,PASS
S17_WU7_L_02,S17,WU7,L,PASS,PASS,PASS,PASS,PASS,PASS,PASS,PASS,True,,4,4,1.0,PASS,4,4,1.0,PASS,4,4,1.0,PASS,6,6,1.0,PASS,6,6,1.0,PASS,2,2,1.0,PASS,9,9,1.0,PASS,8,8,1.0,PASS,20,20,1.0,PASS
S17_WU9_L_01,S17,WU9,L,PASS,PASS,PASS,PASS,PASS,PASS,PASS,PASS,True,,4,4,1.0,PASS,4,4,1.0,PASS,4,4,1.0,PASS,6,6,1.0,PASS,6,6,1.0,PASS,2,2,1.0,PASS,9,9,1.0,PASS,8,8,1.0,PASS,20,20,1.0,PASS
S17_WU9_R_01,S17,WU9,R,PASS,PASS,PASS,PASS,PASS,PASS,PASS,PASS,True,,4,4,1.0,PASS,4,4,1.0,PASS,4,4,1.0,PASS,6,6,1.0,PASS,6,6,1.0,PASS,2,2,1.0,PASS,9,9,1.0,PASS,8,8,1.0,PASS,20,20,1.0,PASS
S17_WU9_L_02,S17,WU9,L,PASS,PASS,PASS,PASS,PASS,PASS,PASS,PASS,True,,4,4,1.0,PASS,4,4,1.0,PASS,4,4,1.0,PASS,6,6,1.0,PASS,6,6,1.0,PASS,2,2,1.0,PASS,9,9,1.0,PASS,8,8,1.0,PASS,20,20,1.0,PASS
S17_WU9_R_02,S17,WU9,R,PASS,PASS,PASS,PASS,PASS,PASS,PASS,PASS,True,,4,4,1.0,PASS,4,4,1.0,PASS,4,4,1.0,PASS,6,6,1.0,PASS,6,6,1.0,PASS,2,2,1.0,PASS,9,9,1.0,PASS,8,8,1.0,PASS,20,20,1.0,PASS
S17_WU9_L_03,S17,WU9,L,PASS,PASS,PASS,PASS,PASS,PASS,PASS,PASS,True,,4,4,1.0,PASS,4,4,1.0,PASS,4,4,1.0,PASS,6,6,1.0,PASS,6,6,1.0,PASS,2,2,1.0,PASS,9,9,1.0,PASS,8,8,1.0,PASS,20,20,1.0,PASS
S19_WU02_L_01,S19,WU02,L,PASS,PASS,PASS,PASS,PASS,PASS,PASS,PASS,True,,4,4,1.0,PASS,4,4,1.0,PASS,4,4,1.0,PASS,6,6,1.0,PASS,6,6,1.0,PASS,2,2,1.0,PASS,9,9,1.0,PASS,8,8,1.0,PASS,20,20,1.0,PASS
S19_WU03_L_01,S19,WU03,L,PASS,PASS,PASS,PASS,PASS,PASS,WARNING,PASS,True,upper-body warning,4,4,1.0,PASS,4,4,1.0,PASS,4,4,1.0,PASS,6,6,1.0,PASS,6,6,1.0,PASS,2,2,1.0,PASS,9,9,1.0,PASS,8,8,1.0,PASS,20,20,0.953879,WARNING
S19_WU03_R_01,S19,WU03,R,PASS,PASS,PASS,PASS,PASS,PASS,WARNING,PASS,True,upper-body warning,4,4,1.0,PASS,4,4,1.0,PASS,4,4,1.0,PASS,6,6,1.0,PASS,6,6,1.0,PASS,2,2,1.0,PASS,9,9,1.0,PASS,8,8,1.0,PASS,20,20,0.95,WARNING
S19_WU04_L_01,S19,WU04,L,PASS,PASS,PASS,PASS,PASS,PASS,PASS,PASS,True,,4,4,1.0,PASS,4,4,1.0,PASS,4,4,1.0,PASS,6,6,1.0,PASS,6,6,1.0,PASS,2,2,1.0,PASS,9,9,1.0,PASS,8,8,1.0,PASS,20,20,1.0,PASS
S23_WU01_L_01,S23,WU01,L,PASS,PASS,PASS,PASS,PASS,PASS,PASS,PASS,True,,4,4,1.0,PASS,4,4,1.0,PASS,4,4,1.0,PASS,6,6,1.0,PASS,6,6,1.0,PASS,2,2,1.0,PASS,9,9,1.0,PASS,8,8,1.0,PASS,20,20,1.0,PASS
S23_WU01_R_01,S23,WU01,R,PASS,PASS,PASS,PASS,PASS,PASS,PASS,PASS,True,,4,4,1.0,PASS,4,4,1.0,PASS,4,4,1.0,PASS,6,6,1.0,PASS,6,6,1.0,PASS,2,2,1.0,PASS,9,9,1.0,PASS,8,8,1.0,PASS,20,20,1.0,PASS
S23_WU01_L_02,S23,WU01,L,PASS,PASS,PASS,PASS,PASS,PASS,PASS,PASS,True,,4,4,1.0,PASS,4,4,1.0,PASS,4,4,1.0,PASS,6,6,1.0,PASS,6,6,1.0,PASS,2,2,1.0,PASS,9,9,1.0,PASS,8,8,1.0,PASS,20,20,1.0,PASS
S23_WU01_R_02,S23,WU01,R,PASS,PASS,PASS,PASS,PASS,PASS,PASS,PASS,True,,4,4,1.0,PASS,4,4,1.0,PASS,4,4,1.0,PASS,6,6,1.0,PASS,6,6,1.0,PASS,2,2,1.0,PASS,9,9,1.0,PASS,8,8,1.0,PASS,20,20,1.0,PASS
S23_WU01_L_03,S23,WU01,L,PASS,PASS,PASS,PASS,PASS,PASS,PASS,PASS,True,,4,4,1.0,PASS,4,4,1.0,PASS,4,4,1.0,PASS,6,6,1.0,PASS,6,6,1.0,PASS,2,2,1.0,PASS,9,9,1.0,PASS,8,8,1.0,PASS,20,20,1.0,PASS
S23_WU02_R_01,S23,WU02,R,PASS,PASS,PASS,PASS,PASS,PASS,PASS,PASS,True,,4,4,1.0,PASS,4,4,1.0,PASS,4,4,1.0,PASS,6,6,1.0,PASS,6,6,1.0,PASS,2,2,1.0,PASS,9,9,1.0,PASS,8,8,1.0,PASS,20,20,1.0,PASS
S23_WU02_L_01,S23,WU02,L,PASS,PASS,PASS,PASS,PASS,PASS,PASS,PASS,True,,4,4,1.0,PASS,4,4,1.0,PASS,4,4,1.0,PASS,6,6,1.0,PASS,6,6,1.0,PASS,2,2,1.0,PASS,9,9,1.0,PASS,8,8,1.0,PASS,20,20,1.0,PASS
S23_WU02_R_02,S23,WU02,R,PASS,PASS,PASS,PASS,PASS,PASS,PASS,PASS,True,,4,4,1.0,PASS,4,4,1.0,PASS,4,4,1.0,PASS,6,6,1.0,PASS,6,6,1.0,PASS,2,2,1.0,PASS,9,9,1.0,PASS,8,8,1.0,PASS,20,20,1.0,PASS
S23_WU02_L_02,S23,WU02,L,PASS,PASS,PASS,PASS,PASS,PASS,PASS,PASS,True,,4,4,1.0,PASS,4,4,1.0,PASS,4,4,1.0,PASS,6,6,1.0,PASS,6,6,1.0,PASS,2,2,1.0,PASS,9,9,1.0,PASS,8,8,1.0,PASS,20,20,1.0,PASS
S23_WU02_R_03,S23,WU02,R,PASS,PASS,PASS,PASS,PASS,PASS,PASS,PASS,True,,4,4,1.0,PASS,4,4,1.0,PASS,4,4,1.0,PASS,6,6,1.0,PASS,6,6,1.0,PASS,2,2,1.0,PASS,9,9,1.0,PASS,8,8,1.0,PASS,20,20,1.0,PASS
S23_WU03_R_01,S23,WU03,R,PASS,PASS,PASS,PASS,PASS,PASS,PASS,PASS,True,,4,4,1.0,PASS,4,4,1.0,PASS,4,4,1.0,PASS,6,6,1.0,PASS,6,6,1.0,PASS,2,2,1.0,PASS,9,9,1.0,PASS,8,8,1.0,PASS,20,20,1.0,PASS
S23_WU03_L_01,S23,WU03,L,PASS,PASS,PASS,PASS,PASS,PASS,PASS,PASS,True,,4,4,1.0,PASS,4,4,1.0,PASS,4,4,1.0,PASS,6,6,1.0,PASS,6,6,1.0,PASS,2,2,1.0,PASS,9,9,1.0,PASS,8,8,1.0,PASS,20,20,1.0,PASS
S23_WU03_R_02,S23,WU03,R,PASS,PASS,PASS,PASS,PASS,PASS,PASS,PASS,True,,4,4,1.0,PASS,4,4,1.0,PASS,4,4,1.0,PASS,6,6,1.0,PASS,6,6,1.0,PASS,2,2,1.0,PASS,9,9,1.0,PASS,8,8,1.0,PASS,20,20,1.0,PASS
S23_WU03_L_02,S23,WU03,L,PASS,PASS,PASS,PASS,PASS,PASS,PASS,PASS,True,,4,4,1.0,PASS,4,4,1.0,PASS,4,4,1.0,PASS,6,6,1.0,PASS,6,6,1.0,PASS,2,2,1.0,PASS,9,9,1.0,PASS,8,8,1.0,PASS,20,20,1.0,PASS
S23_WU04_L_01,S23,WU04,L,PASS,PASS,PASS,PASS,PASS,PASS,PASS,PASS,True,,4,4,1.0,PASS,4,4,1.0,PASS,4,4,1.0,PASS,6,6,1.0,PASS,6,6,1.0,PASS,2,2,1.0,PASS,9,9,1.0,PASS,8,8,1.0,PASS,20,20,1.0,PASS
S23_WU04_R_01,S23,WU04,R,PASS,PASS,PASS,PASS,PASS,PASS,PASS,PASS,True,,4,4,1.0,PASS,4,4,1.0,PASS,4,4,1.0,PASS,6,6,1.0,PASS,6,6,1.0,PASS,2,2,1.0,PASS,9,9,1.0,PASS,8,8,1.0,PASS,20,20,1.0,PASS
S23_WU04_L_02,S23,WU04,L,PASS,PASS,PASS,PASS,PASS,PASS,PASS,PASS,True,,4,4,1.0,PASS,4,4,1.0,PASS,4,4,1.0,PASS,6,6,1.0,PASS,6,6,1.0,PASS,2,2,1.0,PASS,9,9,1.0,PASS,8,8,1.0,PASS,20,20,1.0,PASS
S23_WU04_R_02,S23,WU04,R,PASS,PASS,PASS,PASS,PASS,PASS,PASS,PASS,True,,4,4,1.0,PASS,4,4,1.0,PASS,4,4,1.0,PASS,6,6,1.0,PASS,6,6,1.0,PASS,2,2,1.0,PASS,9,9,1.0,PASS,8,8,1.0,PASS,20,20,1.0,PASS
S23_WU04_L_03,S23,WU04,L,PASS,PASS,PASS,PASS,PASS,PASS,PASS,PASS,True,,4,4,1.0,PASS,4,4,1.0,PASS,4,4,1.0,PASS,6,6,1.0,PASS,6,6,1.0,PASS,2,2,1.0,PASS,9,9,1.0,PASS,8,8,1.0,PASS,20,20,1.0,PASS
S23_WU05_L_01,S23,WU05,L,PASS,PASS,PASS,PASS,PASS,PASS,PASS,PASS,True,,4,4,1.0,PASS,4,4,1.0,PASS,4,4,1.0,PASS,6,6,1.0,PASS,6,6,1.0,PASS,2,2,1.0,PASS,9,9,1.0,PASS,8,8,1.0,PASS,20,20,1.0,PASS
S23_WU05_R_01,S23,WU05,R,PASS,PASS,PASS,PASS,PASS,PASS,PASS,PASS,True,,4,4,1.0,PASS,4,4,1.0,PASS,4,4,1.0,PASS,6,6,1.0,PASS,6,6,1.0,PASS,2,2,1.0,PASS,9,9,1.0,PASS,8,8,1.0,PASS,20,20,1.0,PASS
S23_WU05_L_02,S23,WU05,L,PASS,PASS,PASS,PASS,PASS,PASS,PASS,PASS,True,,4,4,1.0,PASS,4,4,1.0,PASS,4,4,1.0,PASS,6,6,1.0,PASS,6,6,1.0,PASS,2,2,1.0,PASS,9,9,1.0,PASS,8,8,1.0,PASS,20,20,1.0,PASS
S23_WU05_R_02,S23,WU05,R,PASS,PASS,PASS,PASS,PASS,PASS,PASS,PASS,True,,4,4,1.0,PASS,4,4,1.0,PASS,4,4,1.0,PASS,6,6,1.0,PASS,6,6,1.0,PASS,2,2,1.0,PASS,9,9,1.0,PASS,8,8,1.0,PASS,20,20,1.0,PASS
S23_WU06_L_01,S23,WU06,L,PASS,PASS,PASS,PASS,PASS,PASS,PASS,PASS,True,,4,4,1.0,PASS,4,4,1.0,PASS,4,4,1.0,PASS,6,6,1.0,PASS,6,6,1.0,PASS,2,2,1.0,PASS,9,9,1.0,PASS,8,8,1.0,PASS,20,20,1.0,PASS
S23_WU06_R_01,S23,WU06,R,PASS,PASS,PASS,PASS,PASS,PASS,PASS,PASS,True,,4,4,1.0,PASS,4,4,1.0,PASS,4,4,1.0,PASS,6,6,1.0,PASS,6,6,1.0,PASS,2,2,1.0,PASS,9,9,1.0,PASS,8,8,1.0,PASS,20,20,1.0,PASS
S23_WU06_L_02,S23,WU06,L,PASS,PASS,PASS,PASS,PASS,PASS,PASS,PASS,True,,4,4,1.0,PASS,4,4,1.0,PASS,4,4,1.0,PASS,6,6,1.0,PASS,6,6,1.0,PASS,2,2,1.0,PASS,9,9,1.0,PASS,8,8,1.0,PASS,20,20,1.0,PASS
S23_WU06_R_02,S23,WU06,R,PASS,PASS,PASS,PASS,PASS,PASS,PASS,PASS,True,,4,4,1.0,PASS,4,4,1.0,PASS,4,4,1.0,PASS,6,6,1.0,PASS,6,6,1.0,PASS,2,2,1.0,PASS,9,9,1.0,PASS,8,8,1.0,PASS,20,20,1.0,PASS
S23_WU07_L_01,S23,WU07,L,PASS,PASS,PASS,PASS,PASS,PASS,PASS,PASS,True,,4,4,1.0,PASS,4,4,1.0,PASS,4,4,1.0,PASS,6,6,1.0,PASS,6,6,1.0,PASS,2,2,1.0,PASS,9,9,1.0,PASS,8,8,1.0,PASS,20,20,1.0,PASS
S23_WU07_R_01,S23,WU07,R,PASS,PASS,PASS,PASS,PASS,PASS,PASS,PASS,True,,4,4,1.0,PASS,4,4,1.0,PASS,4,4,1.0,PASS,6,6,1.0,PASS,6,6,1.0,PASS,2,2,1.0,PASS,9,9,1.0,PASS,8,8,1.0,PASS,20,20,1.0,PASS
S23_WU07_L_02,S23,WU07,L,PASS,PASS,PASS,PASS,PASS,PASS,PASS,PASS,True,,4,4,1.0,PASS,4,4,1.0,PASS,4,4,1.0,PASS,6,6,1.0,PASS,6,6,1.0,PASS,2,2,1.0,PASS,9,9,1.0,PASS,8,8,1.0,PASS,20,20,1.0,PASS
S23_WU07_R_02,S23,WU07,R,PASS,PASS,PASS,PASS,PASS,PASS,PASS,PASS,True,,4,4,1.0,PASS,4,4,1.0,PASS,4,4,1.0,PASS,6,6,1.0,PASS,6,6,1.0,PASS,2,2,1.0,PASS,9,9,1.0,PASS,8,8,1.0,PASS,20,20,1.0,PASS
S23_WU07_L_03,S23,WU07,L,PASS,PASS,PASS,PASS,PASS,PASS,PASS,PASS,True,,4,4,1.0,PASS,4,4,1.0,PASS,4,4,1.0,PASS,6,6,1.0,PASS,6,6,1.0,PASS,2,2,1.0,PASS,9,9,1.0,PASS,8,8,1.0,PASS,20,20,1.0,PASS
S23_WU08_L_01,S23,WU08,L,PASS,PASS,PASS,PASS,PASS,PASS,PASS,PASS,True,,4,4,1.0,PASS,4,4,1.0,PASS,4,4,1.0,PASS,6,6,1.0,PASS,6,6,1.0,PASS,2,2,1.0,PASS,9,9,1.0,PASS,8,8,1.0,PASS,20,20,1.0,PASS
S23_WU08_R_01,S23,WU08,R,PASS,PASS,PASS,PASS,PASS,PASS,PASS,PASS,True,,4,4,1.0,PASS,4,4,1.0,PASS,4,4,1.0,PASS,6,6,1.0,PASS,6,6,1.0,PASS,2,2,1.0,PASS,9,9,1.0,PASS,8,8,1.0,PASS,20,20,1.0,PASS
S23_WU08_L_02,S23,WU08,L,PASS,PASS,PASS,PASS,PASS,PASS,PASS,PASS,True,,4,4,1.0,PASS,4,4,1.0,PASS,4,4,1.0,PASS,6,6,1.0,PASS,6,6,1.0,PASS,2,2,1.0,PASS,9,9,1.0,PASS,8,8,1.0,PASS,20,20,1.0,PASS
S23_WU08_R_02,S23,WU08,R,PASS,PASS,PASS,PASS,PASS,PASS,PASS,PASS,True,,4,4,1.0,PASS,4,4,1.0,PASS,4,4,1.0,PASS,6,6,1.0,PASS,6,6,1.0,PASS,2,2,1.0,PASS,9,9,1.0,PASS,8,8,1.0,PASS,20,20,1.0,PASS
S23_WU09_R_01,S23,WU09,R,PASS,PASS,PASS,PASS,PASS,PASS,PASS,PASS,True,,4,4,1.0,PASS,4,4,1.0,PASS,4,4,1.0,PASS,6,6,1.0,PASS,6,6,1.0,PASS,2,2,1.0,PASS,9,9,1.0,PASS,8,8,1.0,PASS,20,20,1.0,PASS
S23_WU09_L_01,S23,WU09,L,PASS,PASS,PASS,PASS,PASS,PASS,PASS,PASS,True,,4,4,1.0,PASS,4,4,1.0,PASS,4,4,1.0,PASS,6,6,1.0,PASS,6,6,1.0,PASS,2,2,1.0,PASS,9,9,1.0,PASS,8,8,1.0,PASS,20,20,1.0,PASS
S23_WU09_R_02,S23,WU09,R,PASS,PASS,PASS,PASS,PASS,PASS,PASS,PASS,True,,4,4,1.0,PASS,4,4,1.0,PASS,4,4,1.0,PASS,6,6,1.0,PASS,6,6,1.0,PASS,2,2,1.0,PASS,9,9,1.0,PASS,8,8,1.0,PASS,20,20,1.0,PASS
S23_WU09_L_02,S23,WU09,L,PASS,PASS,PASS,PASS,PASS,PASS,PASS,PASS,True,,4,4,1.0,PASS,4,4,1.0,PASS,4,4,1.0,PASS,6,6,1.0,PASS,6,6,1.0,PASS,2,2,1.0,PASS,9,9,1.0,PASS,8,8,1.0,PASS,20,20,1.0,PASS
S23_WU09_R_03,S23,WU09,R,PASS,PASS,PASS,PASS,PASS,PASS,PASS,PASS,True,,4,4,1.0,PASS,4,4,1.0,PASS,4,4,1.0,PASS,6,6,1.0,PASS,6,6,1.0,PASS,2,2,1.0,PASS,9,9,1.0,PASS,8,8,1.0,PASS,20,20,1.0,PASS
S26_WU01_L_01,S26,WU01,L,PASS,PASS,PASS,PASS,PASS,PASS,PASS,PASS,True,,4,4,1.0,PASS,4,4,1.0,PASS,4,4,1.0,PASS,6,6,1.0,PASS,6,6,1.0,PASS,2,2,1.0,PASS,9,9,1.0,PASS,8,8,1.0,PASS,20,20,1.0,PASS
S26_WU01_R_01,S26,WU01,R,PASS,PASS,PASS,PASS,PASS,PASS,PASS,PASS,True,,4,4,1.0,PASS,4,4,1.0,PASS,4,4,1.0,PASS,6,6,1.0,PASS,6,6,1.0,PASS,2,2,1.0,PASS,9,9,1.0,PASS,8,8,1.0,PASS,20,20,1.0,PASS
S26_WU01_L_02,S26,WU01,L,PASS,PASS,PASS,PASS,PASS,PASS,PASS,PASS,True,,4,4,1.0,PASS,4,4,1.0,PASS,4,4,1.0,PASS,6,6,1.0,PASS,6,6,1.0,PASS,2,2,1.0,PASS,9,9,1.0,PASS,8,8,1.0,PASS,20,20,1.0,PASS
S26_WU01_R_02,S26,WU01,R,PASS,PASS,PASS,PASS,PASS,PASS,PASS,PASS,True,,4,4,1.0,PASS,4,4,1.0,PASS,4,4,1.0,PASS,6,6,1.0,PASS,6,6,1.0,PASS,2,2,1.0,PASS,9,9,1.0,PASS,8,8,1.0,PASS,20,20,1.0,PASS
S26_WU01_L_03,S26,WU01,L,PASS,PASS,PASS,PASS,PASS,PASS,PASS,PASS,True,,4,4,1.0,PASS,4,4,1.0,PASS,4,4,1.0,PASS,6,6,1.0,PASS,6,6,1.0,PASS,2,2,1.0,PASS,9,9,1.0,PASS,8,8,1.0,PASS,20,20,1.0,PASS
S26_WU02_L_01,S26,WU02,L,PASS,PASS,PASS,PASS,PASS,PASS,PASS,PASS,True,,4,4,1.0,PASS,4,4,1.0,PASS,4,4,1.0,PASS,6,6,1.0,PASS,6,6,1.0,PASS,2,2,1.0,PASS,9,9,1.0,PASS,8,8,1.0,PASS,20,20,1.0,PASS
S26_WU02_R_01,S26,WU02,R,PASS,PASS,PASS,PASS,PASS,PASS,PASS,PASS,True,,4,4,1.0,PASS,4,4,1.0,PASS,4,4,1.0,PASS,6,6,1.0,PASS,6,6,1.0,PASS,2,2,1.0,PASS,9,9,1.0,PASS,8,8,1.0,PASS,20,20,1.0,PASS
S26_WU02_L_02,S26,WU02,L,PASS,PASS,PASS,PASS,PASS,PASS,PASS,PASS,True,,4,4,1.0,PASS,4,4,1.0,PASS,4,4,1.0,PASS,6,6,1.0,PASS,6,6,1.0,PASS,2,2,1.0,PASS,9,9,1.0,PASS,8,8,1.0,PASS,20,20,1.0,PASS
S26_WU02_R_02,S26,WU02,R,PASS,PASS,PASS,PASS,PASS,PASS,PASS,PASS,True,,4,4,1.0,PASS,4,4,1.0,PASS,4,4,1.0,PASS,6,6,1.0,PASS,6,6,1.0,PASS,2,2,1.0,PASS,9,9,1.0,PASS,8,8,1.0,PASS,20,20,1.0,PASS
S26_WU02_L_03,S26,WU02,L,PASS,PASS,PASS,PASS,PASS,PASS,PASS,PASS,True,,4,4,1.0,PASS,4,4,1.0,PASS,4,4,1.0,PASS,6,6,1.0,PASS,6,6,1.0,PASS,2,2,1.0,PASS,9,9,1.0,PASS,8,8,1.0,PASS,20,20,1.0,PASS
S26_WU02_R_03,S26,WU02,R,PASS,PASS,PASS,PASS,PASS,PASS,PASS,PASS,True,,4,4,1.0,PASS,4,4,1.0,PASS,4,4,1.0,PASS,6,6,1.0,PASS,6,6,1.0,PASS,2,2,1.0,PASS,9,9,1.0,PASS,8,8,1.0,PASS,20,20,1.0,PASS
S26_WU03_R_01,S26,WU03,R,PASS,PASS,PASS,PASS,PASS,PASS,PASS,PASS,True,,4,4,1.0,PASS,4,4,1.0,PASS,4,4,1.0,PASS,6,6,1.0,PASS,6,6,1.0,PASS,2,2,1.0,PASS,9,9,1.0,PASS,8,8,1.0,PASS,20,20,1.0,PASS
S26_WU03_L_01,S26,WU03,L,PASS,PASS,PASS,PASS,PASS,PASS,PASS,PASS,True,,4,4,1.0,PASS,4,4,1.0,PASS,4,4,1.0,PASS,6,6,1.0,PASS,6,6,1.0,PASS,2,2,1.0,PASS,9,9,1.0,PASS,8,8,1.0,PASS,20,20,1.0,PASS
S26_WU03_R_02,S26,WU03,R,PASS,PASS,PASS,PASS,PASS,PASS,PASS,PASS,True,,4,4,1.0,PASS,4,4,1.0,PASS,4,4,1.0,PASS,6,6,1.0,PASS,6,6,1.0,PASS,2,2,1.0,PASS,9,9,1.0,PASS,8,8,1.0,PASS,20,20,1.0,PASS
S26_WU04_R_01,S26,WU04,R,PASS,PASS,PASS,PASS,PASS,PASS,PASS,PASS,True,,4,4,1.0,PASS,4,4,1.0,PASS,4,4,1.0,PASS,6,6,1.0,PASS,6,6,1.0,PASS,2,2,1.0,PASS,9,9,1.0,PASS,8,8,1.0,PASS,20,20,1.0,PASS
S26_WU04_L_01,S26,WU04,L,PASS,PASS,PASS,PASS,PASS,PASS,PASS,PASS,True,,4,4,1.0,PASS,4,4,1.0,PASS,4,4,1.0,PASS,6,6,1.0,PASS,6,6,1.0,PASS,2,2,1.0,PASS,9,9,1.0,PASS,8,8,1.0,PASS,20,20,1.0,PASS
S26_WU04_R_02,S26,WU04,R,PASS,PASS,PASS,PASS,PASS,PASS,PASS,PASS,True,,4,4,1.0,PASS,4,4,1.0,PASS,4,4,1.0,PASS,6,6,1.0,PASS,6,6,1.0,PASS,2,2,1.0,PASS,9,9,1.0,PASS,8,8,1.0,PASS,20,20,1.0,PASS
S26_WU04_L_02,S26,WU04,L,PASS,PASS,PASS,PASS,PASS,PASS,PASS,PASS,True,,4,4,1.0,PASS,4,4,1.0,PASS,4,4,1.0,PASS,6,6,1.0,PASS,6,6,1.0,PASS,2,2,1.0,PASS,9,9,1.0,PASS,8,8,1.0,PASS,20,20,1.0,PASS
S26_WU04_R_03,S26,WU04,R,PASS,PASS,PASS,PASS,PASS,PASS,PASS,PASS,True,,4,4,1.0,PASS,4,4,1.0,PASS,4,4,1.0,PASS,6,6,1.0,PASS,6,6,1.0,PASS,2,2,1.0,PASS,9,9,1.0,PASS,8,8,1.0,PASS,20,20,1.0,PASS
S26_WU05_L_01,S26,WU05,L,PASS,PASS,PASS,PASS,PASS,PASS,PASS,PASS,True,,4,4,1.0,PASS,4,4,1.0,PASS,4,4,1.0,PASS,6,6,1.0,PASS,6,6,1.0,PASS,2,2,1.0,PASS,9,9,1.0,PASS,8,8,1.0,PASS,20,20,1.0,PASS
S26_WU05_R_01,S26,WU05,R,PASS,PASS,PASS,PASS,PASS,PASS,PASS,PASS,True,,4,4,1.0,PASS,4,4,1.0,PASS,4,4,1.0,PASS,6,6,1.0,PASS,6,6,1.0,PASS,2,2,1.0,PASS,9,9,1.0,PASS,8,8,1.0,PASS,20,20,1.0,PASS
S26_WU05_L_02,S26,WU05,L,PASS,PASS,PASS,PASS,PASS,PASS,PASS,PASS,True,,4,4,1.0,PASS,4,4,1.0,PASS,4,4,1.0,PASS,6,6,1.0,PASS,6,6,1.0,PASS,2,2,1.0,PASS,9,9,1.0,PASS,8,8,1.0,PASS,20,20,1.0,PASS
S26_WU05_R_02,S26,WU05,R,PASS,PASS,PASS,PASS,PASS,PASS,PASS,PASS,True,,4,4,1.0,PASS,4,4,1.0,PASS,4,4,1.0,PASS,6,6,1.0,PASS,6,6,1.0,PASS,2,2,1.0,PASS,9,9,1.0,PASS,8,8,1.0,PASS,20,20,1.0,PASS
S26_WU06_R_01,S26,WU06,R,PASS,PASS,PASS,PASS,PASS,PASS,PASS,PASS,True,,4,4,1.0,PASS,4,4,1.0,PASS,4,4,1.0,PASS,6,6,1.0,PASS,6,6,1.0,PASS,2,2,1.0,PASS,9,9,1.0,PASS,8,8,1.0,PASS,20,20,1.0,PASS
S26_WU06_L_01,S26,WU06,L,PASS,PASS,PASS,PASS,PASS,PASS,PASS,PASS,True,,4,4,1.0,PASS,4,4,1.0,PASS,4,4,1.0,PASS,6,6,1.0,PASS,6,6,1.0,PASS,2,2,1.0,PASS,9,9,1.0,PASS,8,8,1.0,PASS,20,20,1.0,PASS
S26_WU06_R_02,S26,WU06,R,PASS,PASS,PASS,PASS,PASS,PASS,PASS,PASS,True,,4,4,1.0,PASS,4,4,1.0,PASS,4,4,1.0,PASS,6,6,1.0,PASS,6,6,1.0,PASS,2,2,1.0,PASS,9,9,1.0,PASS,8,8,1.0,PASS,20,20,1.0,PASS
S26_WU06_L_02,S26,WU06,L,PASS,PASS,PASS,PASS,PASS,PASS,PASS,PASS,True,,4,4,1.0,PASS,4,4,1.0,PASS,4,4,1.0,PASS,6,6,1.0,PASS,6,6,1.0,PASS,2,2,1.0,PASS,9,9,1.0,PASS,8,8,1.0,PASS,20,20,1.0,PASS
S26_WU06_R_03,S26,WU06,R,PASS,PASS,PASS,PASS,PASS,PASS,PASS,PASS,True,,4,4,1.0,PASS,4,4,1.0,PASS,4,4,1.0,PASS,6,6,1.0,PASS,6,6,1.0,PASS,2,2,1.0,PASS,9,9,1.0,PASS,8,8,1.0,PASS,20,20,1.0,PASS
S26_WU06_L_03,S26,WU06,L,PASS,PASS,PASS,PASS,PASS,PASS,PASS,PASS,True,,4,4,1.0,PASS,4,4,1.0,PASS,4,4,1.0,PASS,6,6,1.0,PASS,6,6,1.0,PASS,2,2,1.0,PASS,9,9,1.0,PASS,8,8,1.0,PASS,20,20,1.0,PASS
S26_WU07_L_01,S26,WU07,L,PASS,PASS,PASS,PASS,PASS,PASS,PASS,PASS,True,,4,4,1.0,PASS,4,4,1.0,PASS,4,4,1.0,PASS,6,6,1.0,PASS,6,6,1.0,PASS,2,2,1.0,PASS,9,9,1.0,PASS,8,8,1.0,PASS,20,20,1.0,PASS
S26_WU07_R_01,S26,WU07,R,PASS,PASS,PASS,PASS,PASS,PASS,PASS,PASS,True,,4,4,1.0,PASS,4,4,1.0,PASS,4,4,1.0,PASS,6,6,1.0,PASS,6,6,1.0,PASS,2,2,1.0,PASS,9,9,1.0,PASS,8,8,1.0,PASS,20,20,1.0,PASS
S26_WU07_L_02,S26,WU07,L,PASS,PASS,PASS,PASS,PASS,PASS,PASS,PASS,True,,4,4,1.0,PASS,4,4,1.0,PASS,4,4,1.0,PASS,6,6,1.0,PASS,6,6,1.0,PASS,2,2,1.0,PASS,9,9,1.0,PASS,8,8,1.0,PASS,20,20,1.0,PASS
S26_WU07_R_02,S26,WU07,R,PASS,PASS,PASS,PASS,PASS,PASS,PASS,PASS,True,,4,4,1.0,PASS,4,4,1.0,PASS,4,4,1.0,PASS,6,6,1.0,PASS,6,6,1.0,PASS,2,2,1.0,PASS,9,9,1.0,PASS,8,8,1.0,PASS,20,20,1.0,PASS
S26_WU07_L_03,S26,WU07,L,PASS,PASS,PASS,PASS,PASS,PASS,PASS,PASS,True,,4,4,1.0,PASS,4,4,1.0,PASS,4,4,1.0,PASS,6,6,1.0,PASS,6,6,1.0,PASS,2,2,1.0,PASS,9,9,1.0,PASS,8,8,1.0,PASS,20,20,1.0,PASS
S26_WU08_L_01,S26,WU08,L,PASS,PASS,PASS,PASS,PASS,PASS,PASS,PASS,True,,4,4,1.0,PASS,4,4,1.0,PASS,4,4,1.0,PASS,6,6,1.0,PASS,6,6,1.0,PASS,2,2,1.0,PASS,9,9,1.0,PASS,8,8,1.0,PASS,20,20,1.0,PASS
S26_WU08_R_01,S26,WU08,R,PASS,PASS,PASS,PASS,PASS,PASS,PASS,PASS,True,,4,4,1.0,PASS,4,4,1.0,PASS,4,4,1.0,PASS,6,6,1.0,PASS,6,6,1.0,PASS,2,2,1.0,PASS,9,9,1.0,PASS,8,8,1.0,PASS,20,20,1.0,PASS
S26_WU08_L_02,S26,WU08,L,PASS,PASS,PASS,PASS,PASS,PASS,PASS,PASS,True,,4,4,1.0,PASS,4,4,1.0,PASS,4,4,1.0,PASS,6,6,1.0,PASS,6,6,1.0,PASS,2,2,1.0,PASS,9,9,1.0,PASS,8,8,1.0,PASS,20,20,1.0,PASS
S26_WU08_R_02,S26,WU08,R,PASS,PASS,PASS,PASS,PASS,PASS,PASS,PASS,True,,4,4,1.0,PASS,4,4,1.0,PASS,4,4,1.0,PASS,6,6,1.0,PASS,6,6,1.0,PASS,2,2,1.0,PASS,9,9,1.0,PASS,8,8,1.0,PASS,20,20,1.0,PASS
S26_WU08_L_03,S26,WU08,L,PASS,PASS,PASS,PASS,PASS,PASS,PASS,PASS,True,,4,4,1.0,PASS,4,4,1.0,PASS,4,4,1.0,PASS,6,6,1.0,PASS,6,6,1.0,PASS,2,2,1.0,PASS,9,9,1.0,PASS,8,8,1.0,PASS,20,20,1.0,PASS
S26_WU09_R_01,S26,WU09,R,PASS,PASS,PASS,PASS,PASS,PASS,PASS,PASS,True,,4,4,1.0,PASS,4,4,1.0,PASS,4,4,1.0,PASS,6,6,1.0,PASS,6,6,1.0,PASS,2,2,1.0,PASS,9,9,1.0,PASS,8,8,1.0,PASS,20,20,1.0,PASS
S26_WU09_L_01,S26,WU09,L,PASS,PASS,PASS,PASS,PASS,PASS,PASS,PASS,True,,4,4,1.0,PASS,4,4,1.0,PASS,4,4,1.0,PASS,6,6,1.0,PASS,6,6,1.0,PASS,2,2,1.0,PASS,9,9,1.0,PASS,8,8,1.0,PASS,20,20,1.0,PASS
S26_WU09_R_02,S26,WU09,R,PASS,PASS,PASS,PASS,PASS,PASS,PASS,PASS,True,,4,4,1.0,PASS,4,4,1.0,PASS,4,4,1.0,PASS,6,6,1.0,PASS,6,6,1.0,PASS,2,2,1.0,PASS,9,9,1.0,PASS,8,8,1.0,PASS,20,20,1.0,PASS
S26_WU09_L_02,S26,WU09,L,PASS,PASS,PASS,PASS,PASS,PASS,PASS,PASS,True,,4,4,1.0,PASS,4,4,1.0,PASS,4,4,1.0,PASS,6,6,1.0,PASS,6,6,1.0,PASS,2,2,1.0,PASS,9,9,1.0,PASS,8,8,1.0,PASS,20,20,1.0,PASS
S26_WU09_R_03,S26,WU09,R,PASS,PASS,PASS,PASS,PASS,PASS,PASS,PASS,True,,4,4,1.0,PASS,4,4,1.0,PASS,4,4,1.0,PASS,6,6,1.0,PASS,6,6,1.0,PASS,2,2,1.0,PASS,9,9,1.0,PASS,8,8,1.0,PASS,20,20,1.0,PASS
S27_WU01_L_01,S27,WU01,L,PASS,PASS,PASS,PASS,PASS,PASS,PASS,PASS,True,,4,4,1.0,PASS,4,4,1.0,PASS,4,4,1.0,PASS,6,6,1.0,PASS,6,6,1.0,PASS,2,2,1.0,PASS,9,9,1.0,PASS,8,8,1.0,PASS,20,20,1.0,PASS
S27_WU01_R_01,S27,WU01,R,PASS,PASS,PASS,PASS,PASS,PASS,PASS,PASS,True,,4,4,1.0,PASS,4,4,1.0,PASS,4,4,1.0,PASS,6,6,1.0,PASS,6,6,1.0,PASS,2,2,1.0,PASS,9,9,1.0,PASS,8,8,1.0,PASS,20,20,1.0,PASS
S27_WU01_L_02,S27,WU01,L,PASS,PASS,PASS,PASS,PASS,PASS,PASS,PASS,True,,4,4,1.0,PASS,4,4,1.0,PASS,4,4,1.0,PASS,6,6,1.0,PASS,6,6,1.0,PASS,2,2,1.0,PASS,9,9,1.0,PASS,8,8,1.0,PASS,20,20,1.0,PASS
S27_WU01_R_02,S27,WU01,R,PASS,PASS,PASS,PASS,PASS,PASS,PASS,PASS,True,,4,4,1.0,PASS,4,4,1.0,PASS,4,4,1.0,PASS,6,6,1.0,PASS,6,6,1.0,PASS,2,2,1.0,PASS,9,9,1.0,PASS,8,8,1.0,PASS,20,20,1.0,PASS
S27_WU02_L_01,S27,WU02,L,PASS,PASS,PASS,PASS,PASS,PASS,PASS,PASS,True,,4,4,1.0,PASS,4,4,1.0,PASS,4,4,1.0,PASS,6,6,1.0,PASS,6,6,1.0,PASS,2,2,1.0,PASS,9,9,1.0,PASS,8,8,1.0,PASS,20,20,1.0,PASS
S27_WU02_R_01,S27,WU02,R,PASS,PASS,PASS,PASS,PASS,PASS,PASS,PASS,True,,4,4,1.0,PASS,4,4,1.0,PASS,4,4,1.0,PASS,6,6,1.0,PASS,6,6,1.0,PASS,2,2,1.0,PASS,9,9,1.0,PASS,8,8,1.0,PASS,20,20,1.0,PASS
S27_WU02_L_02,S27,WU02,L,PASS,PASS,PASS,PASS,PASS,PASS,PASS,PASS,True,,4,4,1.0,PASS,4,4,1.0,PASS,4,4,1.0,PASS,6,6,1.0,PASS,6,6,1.0,PASS,2,2,1.0,PASS,9,9,1.0,PASS,8,8,1.0,PASS,20,20,1.0,PASS
S27_WU03_L_01,S27,WU03,L,PASS,PASS,PASS,PASS,PASS,PASS,PASS,PASS,True,,4,4,1.0,PASS,4,4,1.0,PASS,4,4,1.0,PASS,6,6,1.0,PASS,6,6,1.0,PASS,2,2,1.0,PASS,9,9,1.0,PASS,8,8,1.0,PASS,20,20,1.0,PASS
S27_WU03_R_01,S27,WU03,R,PASS,PASS,PASS,PASS,PASS,PASS,PASS,PASS,True,,4,4,1.0,PASS,4,4,1.0,PASS,4,4,1.0,PASS,6,6,1.0,PASS,6,6,1.0,PASS,2,2,1.0,PASS,9,9,1.0,PASS,8,8,1.0,PASS,20,20,1.0,PASS
S27_WU04_L_01,S27,WU04,L,PASS,PASS,PASS,PASS,PASS,PASS,PASS,PASS,True,,4,4,1.0,PASS,4,4,1.0,PASS,4,4,1.0,PASS,6,6,1.0,PASS,6,6,1.0,PASS,2,2,1.0,PASS,9,9,1.0,PASS,8,8,1.0,PASS,20,20,1.0,PASS
S27_WU04_R_01,S27,WU04,R,PASS,PASS,PASS,PASS,PASS,PASS,PASS,PASS,True,,4,4,1.0,PASS,4,4,1.0,PASS,4,4,1.0,PASS,6,6,1.0,PASS,6,6,1.0,PASS,2,2,1.0,PASS,9,9,1.0,PASS,8,8,1.0,PASS,20,20,1.0,PASS
S27_WU04_L_02,S27,WU04,L,PASS,PASS,PASS,PASS,PASS,PASS,PASS,PASS,True,,4,4,1.0,PASS,4,4,1.0,PASS,4,4,1.0,PASS,6,6,1.0,PASS,6,6,1.0,PASS,2,2,1.0,PASS,9,9,1.0,PASS,8,8,1.0,PASS,20,20,1.0,PASS
S27_WU05_L_01,S27,WU05,L,PASS,PASS,PASS,PASS,PASS,PASS,PASS,PASS,True,,4,4,1.0,PASS,4,4,1.0,PASS,4,4,1.0,PASS,6,6,1.0,PASS,6,6,1.0,PASS,2,2,1.0,PASS,9,9,1.0,PASS,8,8,1.0,PASS,20,20,1.0,PASS
S27_WU05_R_01,S27,WU05,R,PASS,PASS,PASS,PASS,PASS,PASS,PASS,PASS,True,,4,4,1.0,PASS,4,4,1.0,PASS,4,4,1.0,PASS,6,6,1.0,PASS,6,6,1.0,PASS,2,2,1.0,PASS,9,9,1.0,PASS,8,8,1.0,PASS,20,20,1.0,PASS
S27_WU05_L_02,S27,WU05,L,PASS,PASS,PASS,PASS,PASS,PASS,PASS,PASS,True,,4,4,1.0,PASS,4,4,1.0,PASS,4,4,1.0,PASS,6,6,1.0,PASS,6,6,1.0,PASS,2,2,1.0,PASS,9,9,1.0,PASS,8,8,1.0,PASS,20,20,1.0,PASS
S27_WU05_R_02,S27,WU05,R,PASS,PASS,PASS,PASS,PASS,PASS,PASS,PASS,True,,4,4,1.0,PASS,4,4,1.0,PASS,4,4,1.0,PASS,6,6,1.0,PASS,6,6,1.0,PASS,2,2,1.0,PASS,9,9,1.0,PASS,8,8,1.0,PASS,20,20,1.0,PASS
S27_WU06_L_01,S27,WU06,L,PASS,PASS,PASS,PASS,PASS,PASS,PASS,PASS,True,,4,4,1.0,PASS,4,4,1.0,PASS,4,4,1.0,PASS,6,6,1.0,PASS,6,6,1.0,PASS,2,2,1.0,PASS,9,9,1.0,PASS,8,8,1.0,PASS,20,20,1.0,PASS
S27_WU06_R_01,S27,WU06,R,PASS,PASS,PASS,PASS,PASS,PASS,PASS,PASS,True,,4,4,1.0,PASS,4,4,1.0,PASS,4,4,1.0,PASS,6,6,1.0,PASS,6,6,1.0,PASS,2,2,1.0,PASS,9,9,1.0,PASS,8,8,1.0,PASS,20,20,1.0,PASS
S27_WU06_L_02,S27,WU06,L,PASS,PASS,PASS,PASS,PASS,PASS,PASS,PASS,True,,4,4,1.0,PASS,4,4,1.0,PASS,4,4,1.0,PASS,6,6,1.0,PASS,6,6,1.0,PASS,2,2,1.0,PASS,9,9,1.0,PASS,8,8,1.0,PASS,20,20,1.0,PASS
S27_WU06_R_02,S27,WU06,R,PASS,PASS,PASS,PASS,PASS,PASS,PASS,PASS,True,,4,4,1.0,PASS,4,4,1.0,PASS,4,4,1.0,PASS,6,6,1.0,PASS,6,6,1.0,PASS,2,2,1.0,PASS,9,9,1.0,PASS,8,8,1.0,PASS,20,20,1.0,PASS
S27_WU07_L_01,S27,WU07,L,PASS,PASS,PASS,PASS,PASS,PASS,PASS,PASS,True,,4,4,1.0,PASS,4,4,1.0,PASS,4,4,1.0,PASS,6,6,1.0,PASS,6,6,1.0,PASS,2,2,1.0,PASS,9,9,1.0,PASS,8,8,1.0,PASS,20,20,1.0,PASS
S27_WU07_R_01,S27,WU07,R,PASS,PASS,PASS,PASS,PASS,PASS,PASS,PASS,True,,4,4,1.0,PASS,4,4,1.0,PASS,4,4,1.0,PASS,6,6,1.0,PASS,6,6,1.0,PASS,2,2,1.0,PASS,9,9,1.0,PASS,8,8,1.0,PASS,20,20,1.0,PASS
S27_WU07_L_02,S27,WU07,L,PASS,PASS,PASS,PASS,PASS,PASS,PASS,PASS,True,,4,4,1.0,PASS,4,4,1.0,PASS,4,4,1.0,PASS,6,6,1.0,PASS,6,6,1.0,PASS,2,2,1.0,PASS,9,9,1.0,PASS,8,8,1.0,PASS,20,20,1.0,PASS
S27_WU07_R_02,S27,WU07,R,PASS,PASS,PASS,PASS,PASS,PASS,PASS,PASS,True,,4,4,1.0,PASS,4,4,1.0,PASS,4,4,1.0,PASS,6,6,1.0,PASS,6,6,1.0,PASS,2,2,1.0,PASS,9,9,1.0,PASS,8,8,1.0,PASS,20,20,1.0,PASS
S27_WU07_L_03,S27,WU07,L,PASS,PASS,PASS,PASS,PASS,PASS,PASS,PASS,True,,4,4,1.0,PASS,4,4,1.0,PASS,4,4,1.0,PASS,6,6,1.0,PASS,6,6,1.0,PASS,2,2,1.0,PASS,9,9,1.0,PASS,8,8,1.0,PASS,20,20,1.0,PASS
S27_WU08_L_01,S27,WU08,L,PASS,PASS,PASS,PASS,PASS,PASS,PASS,PASS,True,,4,4,1.0,PASS,4,4,1.0,PASS,4,4,1.0,PASS,6,6,1.0,PASS,6,6,1.0,PASS,2,2,1.0,PASS,9,9,1.0,PASS,8,8,1.0,PASS,20,20,1.0,PASS
S27_WU08_R_01,S27,WU08,R,PASS,PASS,PASS,PASS,PASS,PASS,PASS,PASS,True,,4,4,1.0,PASS,4,4,1.0,PASS,4,4,1.0,PASS,6,6,1.0,PASS,6,6,1.0,PASS,2,2,1.0,PASS,9,9,1.0,PASS,8,8,1.0,PASS,20,20,1.0,PASS
S27_WU08_L_02,S27,WU08,L,PASS,PASS,PASS,PASS,PASS,PASS,PASS,PASS,True,,4,4,1.0,PASS,4,4,1.0,PASS,4,4,1.0,PASS,6,6,1.0,PASS,6,6,1.0,PASS,2,2,1.0,PASS,9,9,1.0,PASS,8,8,1.0,PASS,20,20,1.0,PASS
S27_WU09_L_01,S27,WU09,L,PASS,PASS,PASS,PASS,PASS,PASS,PASS,PASS,True,,4,4,1.0,PASS,4,4,1.0,PASS,4,4,1.0,PASS,6,6,1.0,PASS,6,6,1.0,PASS,2,2,1.0,PASS,9,9,1.0,PASS,8,8,1.0,PASS,20,20,1.0,PASS
S27_WU09_R_01,S27,WU09,R,PASS,PASS,PASS,PASS,PASS,PASS,PASS,PASS,True,,4,4,1.0,PASS,4,4,1.0,PASS,4,4,1.0,PASS,6,6,1.0,PASS,6,6,1.0,PASS,2,2,1.0,PASS,9,9,1.0,PASS,8,8,1.0,PASS,20,20,1.0,PASS
S27_WU09_L_02,S27,WU09,L,PASS,PASS,PASS,PASS,PASS,PASS,PASS,PASS,True,,4,4,1.0,PASS,4,4,1.0,PASS,4,4,1.0,PASS,6,6,1.0,PASS,6,6,1.0,PASS,2,2,1.0,PASS,9,9,1.0,PASS,8,8,1.0,PASS,20,20,1.0,PASS
S27_WU09_R_02,S27,WU09,R,PASS,PASS,PASS,PASS,PASS,PASS,PASS,PASS,True,,4,4,1.0,PASS,4,4,1.0,PASS,4,4,1.0,PASS,6,6,1.0,PASS,6,6,1.0,PASS,2,2,1.0,PASS,9,9,1.0,PASS,8,8,1.0,PASS,20,20,1.0,PASS
S27_WU09_L_03,S27,WU09,L,PASS,PASS,PASS,PASS,PASS,PASS,PASS,PASS,True,,4,4,1.0,PASS,4,4,1.0,PASS,4,4,1.0,PASS,6,6,1.0,PASS,6,6,1.0,PASS,2,2,1.0,PASS,9,9,1.0,PASS,8,8,1.0,PASS,20,20,1.0,PASS
S27_WU10_L_01,S27,WU10,L,PASS,PASS,PASS,PASS,PASS,PASS,PASS,PASS,True,,4,4,1.0,PASS,4,4,1.0,PASS,4,4,1.0,PASS,6,6,1.0,PASS,6,6,1.0,PASS,2,2,1.0,PASS,9,9,1.0,PASS,8,8,1.0,PASS,20,20,1.0,PASS
S27_WU10_R_01,S27,WU10,R,PASS,PASS,PASS,PASS,PASS,PASS,PASS,PASS,True,,4,4,1.0,PASS,4,4,1.0,PASS,4,4,1.0,PASS,6,6,1.0,PASS,6,6,1.0,PASS,2,2,1.0,PASS,9,9,1.0,PASS,8,8,1.0,PASS,20,20,1.0,PASS
S27_WU10_L_02,S27,WU10,L,PASS,PASS,PASS,PASS,PASS,PASS,PASS,PASS,True,,4,4,1.0,PASS,4,4,1.0,PASS,4,4,1.0,PASS,6,6,1.0,PASS,6,6,1.0,PASS,2,2,1.0,PASS,9,9,1.0,PASS,8,8,1.0,PASS,20,20,1.0,PASS
S30_WU04_L_01,S30,WU04,L,PASS,PASS,PASS,PASS,PASS,PASS,PASS,PASS,True,,4,4,1.0,PASS,4,4,1.0,PASS,4,4,1.0,PASS,6,6,1.0,PASS,6,6,1.0,PASS,2,2,1.0,PASS,9,9,1.0,PASS,8,8,1.0,PASS,20,20,1.0,PASS
S30_WU04_R_01,S30,WU04,R,PASS,PASS,PASS,PASS,PASS,PASS,PASS,PASS,True,,4,4,1.0,PASS,4,4,1.0,PASS,4,4,1.0,PASS,6,6,1.0,PASS,6,6,1.0,PASS,2,2,1.0,PASS,9,9,1.0,PASS,8,8,1.0,PASS,20,20,1.0,PASS
S30_WU06_R_01,S30,WU06,R,PASS,PASS,PASS,PASS,PASS,PASS,WARNING,PASS,True,upper-body warning,4,4,1.0,PASS,4,4,1.0,PASS,4,4,1.0,PASS,6,6,1.0,PASS,6,6,1.0,PASS,2,2,1.0,PASS,9,9,1.0,PASS,8,8,1.0,PASS,19,20,1.0,WARNING
S31_WU01_R_01,S31,WU01,R,PASS,PASS,PASS,PASS,PASS,PASS,PASS,PASS,True,,4,4,1.0,PASS,4,4,1.0,PASS,4,4,1.0,PASS,6,6,1.0,PASS,6,6,1.0,PASS,2,2,1.0,PASS,9,9,1.0,PASS,8,8,1.0,PASS,20,20,1.0,PASS
S31_WU01_L_01,S31,WU01,L,PASS,PASS,PASS,PASS,PASS,PASS,PASS,PASS,True,,4,4,1.0,PASS,4,4,1.0,PASS,4,4,1.0,PASS,6,6,1.0,PASS,6,6,1.0,PASS,2,2,1.0,PASS,9,9,1.0,PASS,8,8,1.0,PASS,20,20,1.0,PASS
S31_WU01_R_02,S31,WU01,R,PASS,PASS,PASS,PASS,PASS,PASS,PASS,PASS,True,,4,4,1.0,PASS,4,4,1.0,PASS,4,4,1.0,PASS,6,6,1.0,PASS,6,6,1.0,PASS,2,2,1.0,PASS,9,9,1.0,PASS,8,8,1.0,PASS,20,20,1.0,PASS
S31_WU01_L_02,S31,WU01,L,PASS,PASS,PASS,PASS,PASS,PASS,PASS,PASS,True,,4,4,1.0,PASS,4,4,1.0,PASS,4,4,1.0,PASS,6,6,1.0,PASS,6,6,1.0,PASS,2,2,1.0,PASS,9,9,1.0,PASS,8,8,1.0,PASS,20,20,1.0,PASS
S31_WU02_L_01,S31,WU02,L,PASS,PASS,PASS,PASS,PASS,PASS,PASS,PASS,True,,4,4,1.0,PASS,4,4,1.0,PASS,4,4,1.0,PASS,6,6,1.0,PASS,6,6,1.0,PASS,2,2,1.0,PASS,9,9,1.0,PASS,8,8,1.0,PASS,20,20,1.0,PASS
S31_WU02_R_01,S31,WU02,R,PASS,PASS,PASS,PASS,PASS,PASS,PASS,PASS,True,,4,4,1.0,PASS,4,4,1.0,PASS,4,4,1.0,PASS,6,6,1.0,PASS,6,6,1.0,PASS,2,2,1.0,PASS,9,9,1.0,PASS,8,8,1.0,PASS,20,20,1.0,PASS
S31_WU02_L_02,S31,WU02,L,PASS,PASS,PASS,PASS,PASS,PASS,PASS,PASS,True,,4,4,1.0,PASS,4,4,1.0,PASS,4,4,1.0,PASS,6,6,1.0,PASS,6,6,1.0,PASS,2,2,1.0,PASS,9,9,1.0,PASS,8,8,1.0,PASS,20,20,1.0,PASS
S31_WU02_R_02,S31,WU02,R,PASS,PASS,PASS,PASS,PASS,PASS,PASS,PASS,True,,4,4,1.0,PASS,4,4,1.0,PASS,4,4,1.0,PASS,6,6,1.0,PASS,6,6,1.0,PASS,2,2,1.0,PASS,9,9,1.0,PASS,8,8,1.0,PASS,20,20,1.0,PASS
S31_WU02_L_03,S31,WU02,L,PASS,PASS,PASS,PASS,PASS,PASS,PASS,PASS,True,,4,4,1.0,PASS,4,4,1.0,PASS,4,4,1.0,PASS,6,6,1.0,PASS,6,6,1.0,PASS,2,2,1.0,PASS,9,9,1.0,PASS,8,8,1.0,PASS,20,20,1.0,PASS
S31_WU06_L_01,S31,WU06,L,PASS,PASS,PASS,PASS,PASS,PASS,PASS,PASS,True,,4,4,1.0,PASS,4,4,1.0,PASS,4,4,1.0,PASS,6,6,1.0,PASS,6,6,1.0,PASS,2,2,1.0,PASS,9,9,1.0,PASS,8,8,1.0,PASS,20,20,1.0,PASS
S31_WU06_R_01,S31,WU06,R,PASS,PASS,PASS,PASS,PASS,PASS,PASS,PASS,True,,4,4,1.0,PASS,4,4,1.0,PASS,4,4,1.0,PASS,6,6,1.0,PASS,6,6,1.0,PASS,2,2,1.0,PASS,9,9,1.0,PASS,8,8,1.0,PASS,20,20,1.0,PASS
S31_WU06_L_02,S31,WU06,L,PASS,PASS,PASS,PASS,PASS,PASS,PASS,PASS,True,,4,4,1.0,PASS,4,4,1.0,PASS,4,4,1.0,PASS,6,6,1.0,PASS,6,6,1.0,PASS,2,2,1.0,PASS,9,9,1.0,PASS,8,8,1.0,PASS,20,20,1.0,PASS
S31_WU06_R_02,S31,WU06,R,PASS,PASS,PASS,PASS,PASS,PASS,PASS,PASS,True,,4,4,1.0,PASS,4,4,1.0,PASS,4,4,1.0,PASS,6,6,1.0,PASS,6,6,1.0,PASS,2,2,1.0,PASS,9,9,1.0,PASS,8,8,1.0,PASS,20,20,1.0,PASS
S31_WU06_L_03,S31,WU06,L,PASS,PASS,PASS,PASS,PASS,PASS,PASS,PASS,True,,4,4,1.0,PASS,4,4,1.0,PASS,4,4,1.0,PASS,6,6,1.0,PASS,6,6,1.0,PASS,2,2,1.0,PASS,9,9,1.0,PASS,8,8,1.0,PASS,20,20,1.0,PASS
S31_WU07_R_01,S31,WU07,R,PASS,PASS,PASS,PASS,PASS,PASS,PASS,PASS,True,,4,4,1.0,PASS,4,4,1.0,PASS,4,4,1.0,PASS,6,6,1.0,PASS,6,6,1.0,PASS,2,2,1.0,PASS,9,9,1.0,PASS,8,8,1.0,PASS,20,20,1.0,PASS
S31_WU07_L_01,S31,WU07,L,PASS,PASS,PASS,PASS,PASS,PASS,PASS,PASS,True,,4,4,1.0,PASS,4,4,1.0,PASS,4,4,1.0,PASS,6,6,1.0,PASS,6,6,1.0,PASS,2,2,1.0,PASS,9,9,1.0,PASS,8,8,1.0,PASS,20,20,1.0,PASS
S31_WU07_R_02,S31,WU07,R,PASS,PASS,PASS,PASS,PASS,PASS,PASS,PASS,True,,4,4,1.0,PASS,4,4,1.0,PASS,4,4,1.0,PASS,6,6,1.0,PASS,6,6,1.0,PASS,2,2,1.0,PASS,9,9,1.0,PASS,8,8,1.0,PASS,20,20,1.0,PASS
S31_WU07_L_02,S31,WU07,L,PASS,PASS,PASS,PASS,PASS,PASS,PASS,PASS,True,,4,4,1.0,PASS,4,4,1.0,PASS,4,4,1.0,PASS,6,6,1.0,PASS,6,6,1.0,PASS,2,2,1.0,PASS,9,9,1.0,PASS,8,8,1.0,PASS,20,20,1.0,PASS
S31_WU08_R_01,S31,WU08,R,PASS,PASS,PASS,PASS,PASS,PASS,PASS,PASS,True,,4,4,1.0,PASS,4,4,1.0,PASS,4,4,1.0,PASS,6,6,1.0,PASS,6,6,1.0,PASS,2,2,1.0,PASS,9,9,1.0,PASS,8,8,1.0,PASS,20,20,1.0,PASS
S31_WU08_L_01,S31,WU08,L,PASS,PASS,PASS,PASS,PASS,PASS,PASS,PASS,True,,4,4,1.0,PASS,4,4,1.0,PASS,4,4,1.0,PASS,6,6,1.0,PASS,6,6,1.0,PASS,2,2,1.0,PASS,9,9,1.0,PASS,8,8,1.0,PASS,20,20,1.0,PASS
S31_WU08_R_02,S31,WU08,R,PASS,PASS,PASS,PASS,PASS,PASS,PASS,PASS,True,,4,4,1.0,PASS,4,4,1.0,PASS,4,4,1.0,PASS,6,6,1.0,PASS,6,6,1.0,PASS,2,2,1.0,PASS,9,9,1.0,PASS,8,8,1.0,PASS,20,20,1.0,PASS
S31_WU08_L_02,S31,WU08,L,PASS,PASS,PASS,PASS,PASS,PASS,PASS,PASS,True,,4,4,1.0,PASS,4,4,1.0,PASS,4,4,1.0,PASS,6,6,1.0,PASS,6,6,1.0,PASS,2,2,1.0,PASS,9,9,1.0,PASS,8,8,1.0,PASS,20,20,1.0,PASS
S31_WU08_R_03,S31,WU08,R,PASS,PASS,PASS,PASS,PASS,PASS,PASS,PASS,True,,4,4,1.0,PASS,4,4,1.0,PASS,4,4,1.0,PASS,6,6,1.0,PASS,6,6,1.0,PASS,2,2,1.0,PASS,9,9,1.0,PASS,8,8,1.0,PASS,20,20,1.0,PASS
S31_WU10_L_01,S31,WU10,L,PASS,PASS,PASS,PASS,PASS,PASS,PASS,PASS,True,,4,4,1.0,PASS,4,4,1.0,PASS,4,4,1.0,PASS,6,6,1.0,PASS,6,6,1.0,PASS,2,2,1.0,PASS,9,9,1.0,PASS,8,8,1.0,PASS,20,20,1.0,PASS
S31_WU10_R_01,S31,WU10,R,PASS,PASS,PASS,PASS,PASS,PASS,PASS,PASS,True,,4,4,1.0,PASS,4,4,1.0,PASS,4,4,1.0,PASS,6,6,1.0,PASS,6,6,1.0,PASS,2,2,1.0,PASS,9,9,1.0,PASS,8,8,1.0,PASS,20,20,1.0,PASS
S31_WU10_L_02,S31,WU10,L,PASS,PASS,PASS,PASS,PASS,PASS,PASS,PASS,True,,4,4,1.0,PASS,4,4,1.0,PASS,4,4,1.0,PASS,6,6,1.0,PASS,6,6,1.0,PASS,2,2,1.0,PASS,9,9,1.0,PASS,8,8,1.0,PASS,20,20,1.0,PASS
S31_WU10_R_02,S31,WU10,R,PASS,PASS,PASS,PASS,PASS,PASS,PASS,PASS,True,,4,4,1.0,PASS,4,4,1.0,PASS,4,4,1.0,PASS,6,6,1.0,PASS,6,6,1.0,PASS,2,2,1.0,PASS,9,9,1.0,PASS,8,8,1.0,PASS,20,20,1.0,PASS
S31_WU11_R_01,S31,WU11,R,PASS,PASS,PASS,PASS,PASS,PASS,PASS,PASS,True,,4,4,1.0,PASS,4,4,1.0,PASS,4,4,1.0,PASS,6,6,1.0,PASS,6,6,1.0,PASS,2,2,1.0,PASS,9,9,1.0,PASS,8,8,1.0,PASS,20,20,1.0,PASS
S31_WU11_L_01,S31,WU11,L,PASS,PASS,PASS,PASS,PASS,PASS,PASS,PASS,True,,4,4,1.0,PASS,4,4,1.0,PASS,4,4,1.0,PASS,6,6,1.0,PASS,6,6,1.0,PASS,2,2,1.0,PASS,9,9,1.0,PASS,8,8,1.0,PASS,20,20,1.0,PASS
S31_WU11_R_02,S31,WU11,R,PASS,PASS,PASS,PASS,PASS,PASS,PASS,PASS,True,,4,4,1.0,PASS,4,4,1.0,PASS,4,4,1.0,PASS,6,6,1.0,PASS,6,6,1.0,PASS,2,2,1.0,PASS,9,9,1.0,PASS,8,8,1.0,PASS,20,20,1.0,PASS
S31_WU11_L_02,S31,WU11,L,PASS,PASS,PASS,PASS,PASS,PASS,PASS,PASS,True,,4,4,1.0,PASS,4,4,1.0,PASS,4,4,1.0,PASS,6,6,1.0,PASS,6,6,1.0,PASS,2,2,1.0,PASS,9,9,1.0,PASS,8,8,1.0,PASS,20,20,1.0,PASS
S31_WU13_L_01,S31,WU13,L,PASS,PASS,PASS,PASS,PASS,PASS,PASS,PASS,True,,4,4,1.0,PASS,4,4,1.0,PASS,4,4,1.0,PASS,6,6,1.0,PASS,6,6,1.0,PASS,2,2,1.0,PASS,9,9,1.0,PASS,8,8,1.0,PASS,20,20,1.0,PASS
S31_WU13_R_01,S31,WU13,R,PASS,PASS,PASS,PASS,PASS,PASS,PASS,PASS,True,,4,4,1.0,PASS,4,4,1.0,PASS,4,4,1.0,PASS,6,6,1.0,PASS,6,6,1.0,PASS,2,2,1.0,PASS,9,9,1.0,PASS,8,8,1.0,PASS,20,20,1.0,PASS
S32_WU01_R_01,S32,WU01,R,PASS,PASS,PASS,PASS,PASS,PASS,PASS,PASS,True,,4,4,1.0,PASS,4,4,1.0,PASS,4,4,1.0,PASS,6,6,1.0,PASS,6,6,1.0,PASS,2,2,1.0,PASS,9,9,1.0,PASS,8,8,1.0,PASS,20,20,1.0,PASS
S32_WU02_L_01,S32,WU02,L,PASS,PASS,PASS,PASS,PASS,PASS,PASS,PASS,True,,4,4,1.0,PASS,4,4,1.0,PASS,4,4,1.0,PASS,6,6,1.0,PASS,6,6,1.0,PASS,2,2,1.0,PASS,9,9,1.0,PASS,8,8,1.0,PASS,20,20,1.0,PASS
S32_WU04_R_01,S32,WU04,R,PASS,PASS,PASS,PASS,PASS,PASS,PASS,PASS,True,,4,4,1.0,PASS,4,4,1.0,PASS,4,4,1.0,PASS,6,6,1.0,PASS,6,6,1.0,PASS,2,2,1.0,PASS,9,9,1.0,PASS,8,8,1.0,PASS,20,20,1.0,PASS
S32_WU04_L_01,S32,WU04,L,PASS,PASS,PASS,PASS,PASS,PASS,PASS,PASS,True,,4,4,1.0,PASS,4,4,1.0,PASS,4,4,1.0,PASS,6,6,1.0,PASS,6,6,1.0,PASS,2,2,1.0,PASS,9,9,1.0,PASS,8,8,1.0,PASS,20,20,1.0,PASS
S32_WU05_R_01,S32,WU05,R,PASS,PASS,PASS,PASS,PASS,PASS,PASS,PASS,True,,4,4,1.0,PASS,4,4,1.0,PASS,4,4,1.0,PASS,6,6,1.0,PASS,6,6,1.0,PASS,2,2,1.0,PASS,9,9,1.0,PASS,8,8,1.0,PASS,20,20,1.0,PASS
S32_WU05_L_01,S32,WU05,L,PASS,PASS,PASS,PASS,PASS,PASS,PASS,PASS,True,,4,4,1.0,PASS,4,4,1.0,PASS,4,4,1.0,PASS,6,6,1.0,PASS,6,6,1.0,PASS,2,2,1.0,PASS,9,9,1.0,PASS,8,8,1.0,PASS,20,20,1.0,PASS
S32_WU06_L_01,S32,WU06,L,PASS,PASS,PASS,PASS,PASS,PASS,PASS,PASS,True,,4,4,1.0,PASS,4,4,1.0,PASS,4,4,1.0,PASS,6,6,1.0,PASS,6,6,1.0,PASS,2,2,1.0,PASS,9,9,1.0,PASS,8,8,1.0,PASS,20,20,1.0,PASS
S32_WU06_R_01,S32,WU06,R,PASS,PASS,PASS,PASS,PASS,PASS,PASS,PASS,True,,4,4,1.0,PASS,4,4,1.0,PASS,4,4,1.0,PASS,6,6,1.0,PASS,6,6,1.0,PASS,2,2,1.0,PASS,9,9,1.0,PASS,8,8,1.0,PASS,20,20,1.0,PASS
S32_WU07_L_01,S32,WU07,L,PASS,PASS,PASS,PASS,PASS,PASS,PASS,PASS,True,,4,4,1.0,PASS,4,4,1.0,PASS,4,4,1.0,PASS,6,6,1.0,PASS,6,6,1.0,PASS,2,2,1.0,PASS,9,9,1.0,PASS,8,8,1.0,PASS,20,20,1.0,PASS
S32_WU08_R_01,S32,WU08,R,PASS,PASS,PASS,PASS,PASS,PASS,PASS,PASS,True,,4,4,1.0,PASS,4,4,1.0,PASS,4,4,1.0,PASS,6,6,1.0,PASS,6,6,1.0,PASS,2,2,1.0,PASS,9,9,1.0,PASS,8,8,1.0,PASS,20,20,1.0,PASS
S32_WU08_L_01,S32,WU08,L,PASS,PASS,PASS,PASS,PASS,PASS,PASS,PASS,True,,4,4,1.0,PASS,4,4,1.0,PASS,4,4,1.0,PASS,6,6,1.0,PASS,6,6,1.0,PASS,2,2,1.0,PASS,9,9,1.0,PASS,8,8,1.0,PASS,20,20,1.0,PASS
S32_WU09_L_01,S32,WU09,L,PASS,PASS,PASS,PASS,PASS,PASS,PASS,PASS,True,,4,4,1.0,PASS,4,4,1.0,PASS,4,4,1.0,PASS,6,6,1.0,PASS,6,6,1.0,PASS,2,2,1.0,PASS,9,9,1.0,PASS,8,8,1.0,PASS,20,20,1.0,PASS
S32_WU09_R_01,S32,WU09,R,PASS,PASS,PASS,PASS,PASS,PASS,PASS,PASS,True,,4,4,1.0,PASS,4,4,1.0,PASS,4,4,1.0,PASS,6,6,1.0,PASS,6,6,1.0,PASS,2,2,1.0,PASS,9,9,1.0,PASS,8,8,1.0,PASS,20,20,1.0,PASS
S32_WU10_L_01,S32,WU10,L,PASS,PASS,PASS,PASS,PASS,PASS,PASS,PASS,True,,4,4,1.0,PASS,4,4,1.0,PASS,4,4,1.0,PASS,6,6,1.0,PASS,6,6,1.0,PASS,2,2,1.0,PASS,9,9,1.0,PASS,8,8,1.0,PASS,20,20,1.0,PASS
S32_WU10_R_01,S32,WU10,R,PASS,PASS,PASS,PASS,PASS,PASS,PASS,PASS,True,,4,4,1.0,PASS,4,4,1.0,PASS,4,4,1.0,PASS,6,6,1.0,PASS,6,6,1.0,PASS,2,2,1.0,PASS,9,9,1.0,PASS,8,8,1.0,PASS,20,20,1.0,PASS
S32_WU11_L_01,S32,WU11,L,PASS,PASS,PASS,PASS,PASS,PASS,PASS,PASS,True,,4,4,1.0,PASS,4,4,1.0,PASS,4,4,1.0,PASS,6,6,1.0,PASS,6,6,1.0,PASS,2,2,1.0,PASS,9,9,1.0,PASS,8,8,1.0,PASS,20,20,1.0,PASS
S34_WU01_R_01,S34,WU01,R,PASS,PASS,PASS,PASS,PASS,PASS,PASS,PASS,True,,4,4,1.0,PASS,4,4,1.0,PASS,4,4,1.0,PASS,6,6,1.0,PASS,6,6,1.0,PASS,2,2,1.0,PASS,9,9,1.0,PASS,8,8,1.0,PASS,20,20,1.0,PASS
S34_WU01_L_01,S34,WU01,L,PASS,PASS,PASS,PASS,PASS,PASS,PASS,PASS,True,,4,4,1.0,PASS,4,4,1.0,PASS,4,4,1.0,PASS,6,6,1.0,PASS,6,6,1.0,PASS,2,2,1.0,PASS,9,9,1.0,PASS,8,8,1.0,PASS,20,20,1.0,PASS
S34_WU01_R_02,S34,WU01,R,PASS,PASS,PASS,PASS,PASS,PASS,PASS,PASS,True,,4,4,1.0,PASS,4,4,1.0,PASS,4,4,1.0,PASS,6,6,1.0,PASS,6,6,1.0,PASS,2,2,1.0,PASS,9,9,1.0,PASS,8,8,1.0,PASS,20,20,1.0,PASS
S34_WU02_R_01,S34,WU02,R,PASS,PASS,PASS,PASS,PASS,PASS,PASS,PASS,True,,4,4,1.0,PASS,4,4,1.0,PASS,4,4,1.0,PASS,6,6,1.0,PASS,6,6,1.0,PASS,2,2,1.0,PASS,9,9,1.0,PASS,8,8,1.0,PASS,20,20,1.0,PASS
S34_WU02_L_01,S34,WU02,L,PASS,PASS,PASS,PASS,PASS,PASS,PASS,PASS,True,,4,4,1.0,PASS,4,4,1.0,PASS,4,4,1.0,PASS,6,6,1.0,PASS,6,6,1.0,PASS,2,2,1.0,PASS,9,9,1.0,PASS,8,8,1.0,PASS,20,20,1.0,PASS
S34_WU02_R_02,S34,WU02,R,PASS,PASS,PASS,PASS,PASS,PASS,PASS,PASS,True,,4,4,1.0,PASS,4,4,1.0,PASS,4,4,1.0,PASS,6,6,1.0,PASS,6,6,1.0,PASS,2,2,1.0,PASS,9,9,1.0,PASS,8,8,1.0,PASS,20,20,1.0,PASS
S34_WU02_L_02,S34,WU02,L,PASS,PASS,PASS,PASS,PASS,PASS,PASS,PASS,True,,4,4,1.0,PASS,4,4,1.0,PASS,4,4,1.0,PASS,6,6,1.0,PASS,6,6,1.0,PASS,2,2,1.0,PASS,9,9,1.0,PASS,8,8,1.0,PASS,20,20,1.0,PASS
S34_WU03_L_01,S34,WU03,L,PASS,PASS,PASS,PASS,PASS,PASS,PASS,PASS,True,,4,4,1.0,PASS,4,4,1.0,PASS,4,4,1.0,PASS,6,6,1.0,PASS,6,6,1.0,PASS,2,2,1.0,PASS,9,9,1.0,PASS,8,8,1.0,PASS,20,20,1.0,PASS
S34_WU03_R_01,S34,WU03,R,PASS,PASS,PASS,PASS,PASS,PASS,PASS,PASS,True,,4,4,1.0,PASS,4,4,1.0,PASS,4,4,1.0,PASS,6,6,1.0,PASS,6,6,1.0,PASS,2,2,1.0,PASS,9,9,1.0,PASS,8,8,1.0,PASS,20,20,1.0,PASS
S34_WU03_L_02,S34,WU03,L,PASS,PASS,PASS,PASS,PASS,PASS,PASS,PASS,True,,4,4,1.0,PASS,4,4,1.0,PASS,4,4,1.0,PASS,6,6,1.0,PASS,6,6,1.0,PASS,2,2,1.0,PASS,9,9,1.0,PASS,8,8,1.0,PASS,20,20,1.0,PASS
S34_WU03_R_02,S34,WU03,R,PASS,PASS,PASS,PASS,PASS,PASS,PASS,PASS,True,,4,4,1.0,PASS,4,4,1.0,PASS,4,4,1.0,PASS,6,6,1.0,PASS,6,6,1.0,PASS,2,2,1.0,PASS,9,9,1.0,PASS,8,8,1.0,PASS,20,20,1.0,PASS
S34_WU04_R_01,S34,WU04,R,PASS,PASS,PASS,PASS,PASS,PASS,PASS,PASS,True,,4,4,1.0,PASS,4,4,1.0,PASS,4,4,1.0,PASS,6,6,1.0,PASS,6,6,1.0,PASS,2,2,1.0,PASS,9,9,1.0,PASS,8,8,1.0,PASS,20,20,1.0,PASS
S34_WU04_L_01,S34,WU04,L,PASS,PASS,PASS,PASS,PASS,PASS,PASS,PASS,True,,4,4,1.0,PASS,4,4,1.0,PASS,4,4,1.0,PASS,6,6,1.0,PASS,6,6,1.0,PASS,2,2,1.0,PASS,9,9,1.0,PASS,8,8,1.0,PASS,20,20,1.0,PASS
S34_WU04_R_02,S34,WU04,R,PASS,PASS,PASS,PASS,PASS,PASS,PASS,PASS,True,,4,4,1.0,PASS,4,4,1.0,PASS,4,4,1.0,PASS,6,6,1.0,PASS,6,6,1.0,PASS,2,2,1.0,PASS,9,9,1.0,PASS,8,8,1.0,PASS,20,20,1.0,PASS
S34_WU04_L_02,S34,WU04,L,PASS,PASS,PASS,PASS,PASS,PASS,PASS,PASS,True,,4,4,1.0,PASS,4,4,1.0,PASS,4,4,1.0,PASS,6,6,1.0,PASS,6,6,1.0,PASS,2,2,1.0,PASS,9,9,1.0,PASS,8,8,1.0,PASS,20,20,1.0,PASS
S34_WU04_R_03,S34,WU04,R,PASS,PASS,PASS,PASS,PASS,PASS,PASS,PASS,True,,4,4,1.0,PASS,4,4,1.0,PASS,4,4,1.0,PASS,6,6,1.0,PASS,6,6,1.0,PASS,2,2,1.0,PASS,9,9,1.0,PASS,8,8,1.0,PASS,20,20,1.0,PASS
S34_WU05_L_01,S34,WU05,L,PASS,PASS,PASS,PASS,PASS,PASS,PASS,PASS,True,,4,4,1.0,PASS,4,4,1.0,PASS,4,4,1.0,PASS,6,6,1.0,PASS,6,6,1.0,PASS,2,2,1.0,PASS,9,9,1.0,PASS,8,8,1.0,PASS,20,20,1.0,PASS
S34_WU05_R_01,S34,WU05,R,PASS,PASS,PASS,PASS,PASS,PASS,PASS,PASS,True,,4,4,1.0,PASS,4,4,1.0,PASS,4,4,1.0,PASS,6,6,1.0,PASS,6,6,1.0,PASS,2,2,1.0,PASS,9,9,1.0,PASS,8,8,1.0,PASS,20,20,1.0,PASS
S34_WU05_L_02,S34,WU05,L,PASS,PASS,PASS,PASS,PASS,PASS,PASS,PASS,True,,4,4,1.0,PASS,4,4,1.0,PASS,4,4,1.0,PASS,6,6,1.0,PASS,6,6,1.0,PASS,2,2,1.0,PASS,9,9,1.0,PASS,8,8,1.0,PASS,20,20,1.0,PASS
S34_WU06_L_01,S34,WU06,L,PASS,PASS,PASS,PASS,PASS,PASS,PASS,PASS,True,,4,4,1.0,PASS,4,4,1.0,PASS,4,4,1.0,PASS,6,6,1.0,PASS,6,6,1.0,PASS,2,2,1.0,PASS,9,9,1.0,PASS,8,8,1.0,PASS,20,20,1.0,PASS
S34_WU06_R_01,S34,WU06,R,PASS,PASS,PASS,PASS,PASS,PASS,PASS,PASS,True,,4,4,1.0,PASS,4,4,1.0,PASS,4,4,1.0,PASS,6,6,1.0,PASS,6,6,1.0,PASS,2,2,1.0,PASS,9,9,1.0,PASS,8,8,1.0,PASS,20,20,1.0,PASS
S34_WU06_L_02,S34,WU06,L,PASS,PASS,PASS,PASS,PASS,PASS,PASS,PASS,True,,4,4,1.0,PASS,4,4,1.0,PASS,4,4,1.0,PASS,6,6,1.0,PASS,6,6,1.0,PASS,2,2,1.0,PASS,9,9,1.0,PASS,8,8,1.0,PASS,20,20,1.0,PASS
S34_WU08_L_01,S34,WU08,L,PASS,PASS,PASS,PASS,PASS,PASS,PASS,PASS,True,,4,4,1.0,PASS,4,4,1.0,PASS,4,4,1.0,PASS,6,6,1.0,PASS,6,6,1.0,PASS,2,2,1.0,PASS,9,9,1.0,PASS,8,8,1.0,PASS,20,20,1.0,PASS
S34_WU08_R_01,S34,WU08,R,PASS,PASS,PASS,PASS,PASS,PASS,PASS,PASS,True,,4,4,1.0,PASS,4,4,1.0,PASS,4,4,1.0,PASS,6,6,1.0,PASS,6,6,1.0,PASS,2,2,1.0,PASS,9,9,1.0,PASS,8,8,1.0,PASS,20,20,1.0,PASS
S34_WU08_L_02,S34,WU08,L,PASS,PASS,PASS,PASS,PASS,PASS,PASS,PASS,True,,4,4,1.0,PASS,4,4,1.0,PASS,4,4,1.0,PASS,6,6,1.0,PASS,6,6,1.0,PASS,2,2,1.0,PASS,9,9,1.0,PASS,8,8,1.0,PASS,20,20,1.0,PASS
S34_WU08_R_02,S34,WU08,R,PASS,PASS,PASS,PASS,PASS,PASS,PASS,PASS,True,,4,4,1.0,PASS,4,4,1.0,PASS,4,4,1.0,PASS,6,6,1.0,PASS,6,6,1.0,PASS,2,2,1.0,PASS,9,9,1.0,PASS,8,8,1.0,PASS,20,20,1.0,PASS
S34_WU08_L_03,S34,WU08,L,PASS,PASS,PASS,PASS,PASS,PASS,PASS,PASS,True,,4,4,1.0,PASS,4,4,1.0,PASS,4,4,1.0,PASS,6,6,1.0,PASS,6,6,1.0,PASS,2,2,1.0,PASS,9,9,1.0,PASS,8,8,1.0,PASS,20,20,1.0,PASS
S34_WU11_R_01,S34,WU11,R,PASS,PASS,PASS,PASS,PASS,PASS,PASS,PASS,True,,4,4,1.0,PASS,4,4,1.0,PASS,4,4,1.0,PASS,6,6,1.0,PASS,6,6,1.0,PASS,2,2,1.0,PASS,9,9,1.0,PASS,8,8,1.0,PASS,20,20,1.0,PASS
S34_WU11_L_01,S34,WU11,L,PASS,PASS,PASS,PASS,PASS,PASS,PASS,PASS,True,,4,4,1.0,PASS,4,4,1.0,PASS,4,4,1.0,PASS,6,6,1.0,PASS,6,6,1.0,PASS,2,2,1.0,PASS,9,9,1.0,PASS,8,8,1.0,PASS,20,20,1.0,PASS
S34_WU11_R_02,S34,WU11,R,PASS,PASS,PASS,PASS,PASS,PASS,PASS,PASS,True,,4,4,1.0,PASS,4,4,1.0,PASS,4,4,1.0,PASS,6,6,1.0,PASS,6,6,1.0,PASS,2,2,1.0,PASS,9,9,1.0,PASS,8,8,1.0,PASS,20,20,1.0,PASS
S34_WU11_L_02,S34,WU11,L,PASS,PASS,PASS,PASS,PASS,PASS,PASS,PASS,True,,4,4,1.0,PASS,4,4,1.0,PASS,4,4,1.0,PASS,6,6,1.0,PASS,6,6,1.0,PASS,2,2,1.0,PASS,9,9,1.0,PASS,8,8,1.0,PASS,20,20,1.0,PASS
S34_WU12_L_01,S34,WU12,L,PASS,PASS,PASS,PASS,PASS,PASS,PASS,PASS,True,,4,4,1.0,PASS,4,4,1.0,PASS,4,4,1.0,PASS,6,6,1.0,PASS,6,6,1.0,PASS,2,2,1.0,PASS,9,9,1.0,PASS,8,8,1.0,PASS,20,20,1.0,PASS
S34_WU12_R_01,S34,WU12,R,PASS,PASS,PASS,PASS,PASS,PASS,PASS,PASS,True,,4,4,1.0,PASS,4,4,1.0,PASS,4,4,1.0,PASS,6,6,1.0,PASS,6,6,1.0,PASS,2,2,1.0,PASS,9,9,1.0,PASS,8,8,1.0,PASS,20,20,1.0,PASS
S34_WU12_L_02,S34,WU12,L,PASS,PASS,PASS,PASS,PASS,PASS,PASS,PASS,True,,4,4,1.0,PASS,4,4,1.0,PASS,4,4,1.0,PASS,6,6,1.0,PASS,6,6,1.0,PASS,2,2,1.0,PASS,9,9,1.0,PASS,8,8,1.0,PASS,20,20,1.0,PASS
S34_WU12_R_02,S34,WU12,R,PASS,PASS,PASS,PASS,PASS,PASS,PASS,PASS,True,,4,4,1.0,PASS,4,4,1.0,PASS,4,4,1.0,PASS,6,6,1.0,PASS,6,6,1.0,PASS,2,2,1.0,PASS,9,9,1.0,PASS,8,8,1.0,PASS,20,20,1.0,PASS
S35_WU01_L_01,S35,WU01,L,PASS,PASS,PASS,PASS,PASS,PASS,PASS,PASS,True,,4,4,1.0,PASS,4,4,1.0,PASS,4,4,1.0,PASS,6,6,1.0,PASS,6,6,1.0,PASS,2,2,1.0,PASS,9,9,1.0,PASS,8,8,1.0,PASS,20,20,1.0,PASS
S35_WU01_R_01,S35,WU01,R,PASS,PASS,PASS,PASS,PASS,PASS,PASS,PASS,True,,4,4,1.0,PASS,4,4,1.0,PASS,4,4,1.0,PASS,6,6,1.0,PASS,6,6,1.0,PASS,2,2,1.0,PASS,9,9,1.0,PASS,8,8,1.0,PASS,20,20,1.0,PASS
S35_WU01_L_02,S35,WU01,L,PASS,PASS,PASS,PASS,PASS,PASS,PASS,PASS,True,,4,4,1.0,PASS,4,4,1.0,PASS,4,4,1.0,PASS,6,6,1.0,PASS,6,6,1.0,PASS,2,2,1.0,PASS,9,9,1.0,PASS,8,8,1.0,PASS,20,20,1.0,PASS
S35_WU02_R_01,S35,WU02,R,PASS,PASS,PASS,PASS,PASS,PASS,PASS,PASS,True,,4,4,1.0,PASS,4,4,1.0,PASS,4,4,1.0,PASS,6,6,1.0,PASS,6,6,1.0,PASS,2,2,1.0,PASS,9,9,1.0,PASS,8,8,1.0,PASS,20,20,1.0,PASS
S35_WU03_L_01,S35,WU03,L,PASS,PASS,PASS,PASS,PASS,PASS,PASS,PASS,True,,4,4,1.0,PASS,4,4,1.0,PASS,4,4,1.0,PASS,6,6,1.0,PASS,6,6,1.0,PASS,2,2,1.0,PASS,9,9,1.0,PASS,8,8,1.0,PASS,20,20,1.0,PASS
S35_WU03_R_01,S35,WU03,R,PASS,PASS,PASS,PASS,PASS,PASS,PASS,PASS,True,,4,4,1.0,PASS,4,4,1.0,PASS,4,4,1.0,PASS,6,6,1.0,PASS,6,6,1.0,PASS,2,2,1.0,PASS,9,9,1.0,PASS,8,8,1.0,PASS,20,20,1.0,PASS
S35_WU04_R_01,S35,WU04,R,PASS,PASS,PASS,PASS,PASS,PASS,PASS,PASS,True,,4,4,1.0,PASS,4,4,1.0,PASS,4,4,1.0,PASS,6,6,1.0,PASS,6,6,1.0,PASS,2,2,1.0,PASS,9,9,1.0,PASS,8,8,1.0,PASS,20,20,1.0,PASS
S35_WU05_R_01,S35,WU05,R,PASS,PASS,PASS,PASS,PASS,PASS,PASS,PASS,True,,4,4,1.0,PASS,4,4,1.0,PASS,4,4,1.0,PASS,6,6,1.0,PASS,6,6,1.0,PASS,2,2,1.0,PASS,9,9,1.0,PASS,8,8,1.0,PASS,20,20,1.0,PASS
S35_WU05_L_01,S35,WU05,L,PASS,PASS,PASS,PASS,PASS,PASS,PASS,PASS,True,,4,4,1.0,PASS,4,4,1.0,PASS,4,4,1.0,PASS,6,6,1.0,PASS,6,6,1.0,PASS,2,2,1.0,PASS,9,9,1.0,PASS,8,8,1.0,PASS,20,20,1.0,PASS
S35_WU06_L_01,S35,WU06,L,PASS,PASS,PASS,PASS,PASS,PASS,PASS,PASS,True,,4,4,1.0,PASS,4,4,1.0,PASS,4,4,1.0,PASS,6,6,1.0,PASS,6,6,1.0,PASS,2,2,1.0,PASS,9,9,1.0,PASS,8,8,1.0,PASS,20,20,1.0,PASS
S35_WU08_L_01,S35,WU08,L,PASS,PASS,PASS,PASS,PASS,PASS,PASS,PASS,True,,4,4,1.0,PASS,4,4,1.0,PASS,4,4,1.0,PASS,6,6,1.0,PASS,6,6,1.0,PASS,2,2,1.0,PASS,9,9,1.0,PASS,8,8,1.0,PASS,20,20,1.0,PASS
S35_WU09_L_01,S35,WU09,L,PASS,PASS,PASS,PASS,PASS,PASS,PASS,PASS,True,,4,4,1.0,PASS,4,4,1.0,PASS,4,4,1.0,PASS,6,6,1.0,PASS,6,6,1.0,PASS,2,2,1.0,PASS,9,9,1.0,PASS,8,8,1.0,PASS,20,20,1.0,PASS
S35_WU09_R_01,S35,WU09,R,PASS,PASS,PASS,PASS,PASS,PASS,PASS,PASS,True,,4,4,1.0,PASS,4,4,1.0,PASS,4,4,1.0,PASS,6,6,1.0,PASS,6,6,1.0,PASS,2,2,1.0,PASS,9,9,1.0,PASS,8,8,1.0,PASS,20,20,1.0,PASS
S35_WU09_L_02,S35,WU09,L,PASS,PASS,PASS,PASS,PASS,PASS,PASS,PASS,True,,4,4,1.0,PASS,4,4,1.0,PASS,4,4,1.0,PASS,6,6,1.0,PASS,6,6,1.0,PASS,2,2,1.0,PASS,9,9,1.0,PASS,8,8,1.0,PASS,20,20,1.0,PASS
S35_WU10_L_01,S35,WU10,L,PASS,PASS,PASS,PASS,PASS,PASS,PASS,PASS,True,,4,4,1.0,PASS,4,4,1.0,PASS,4,4,1.0,PASS,6,6,1.0,PASS,6,6,1.0,PASS,2,2,1.0,PASS,9,9,1.0,PASS,8,8,1.0,PASS,20,20,1.0,PASS
S35_WU10_R_01,S35,WU10,R,PASS,PASS,PASS,PASS,PASS,PASS,PASS,PASS,True,,4,4,1.0,PASS,4,4,1.0,PASS,4,4,1.0,PASS,6,6,1.0,PASS,6,6,1.0,PASS,2,2,1.0,PASS,9,9,1.0,PASS,8,8,1.0,PASS,20,20,1.0,PASS
S35_WU11_R_01,S35,WU11,R,PASS,PASS,PASS,PASS,PASS,PASS,PASS,PASS,True,,4,4,1.0,PASS,4,4,1.0,PASS,4,4,1.0,PASS,6,6,1.0,PASS,6,6,1.0,PASS,2,2,1.0,PASS,9,9,1.0,PASS,8,8,1.0,PASS,20,20,1.0,PASS
S35_WU12_R_01,S35,WU12,R,PASS,PASS,PASS,PASS,PASS,PASS,PASS,PASS,True,,4,4,1.0,PASS,4,4,1.0,PASS,4,4,1.0,PASS,6,6,1.0,PASS,6,6,1.0,PASS,2,2,1.0,PASS,9,9,1.0,PASS,8,8,1.0,PASS,20,20,1.0,PASS
S35_WU12_L_01,S35,WU12,L,PASS,PASS,PASS,PASS,PASS,PASS,PASS,PASS,True,,4,4,1.0,PASS,4,4,1.0,PASS,4,4,1.0,PASS,6,6,1.0,PASS,6,6,1.0,PASS,2,2,1.0,PASS,9,9,1.0,PASS,8,8,1.0,PASS,20,20,1.0,PASS
S37_WU01_L_01,S37,WU01,L,PASS,PASS,PASS,PASS,PASS,PASS,PASS,PASS,True,,4,4,1.0,PASS,4,4,1.0,PASS,4,4,1.0,PASS,6,6,1.0,PASS,6,6,1.0,PASS,2,2,1.0,PASS,9,9,1.0,PASS,8,8,1.0,PASS,20,20,1.0,PASS
S37_WU01_R_01,S37,WU01,R,PASS,PASS,PASS,PASS,PASS,PASS,PASS,PASS,True,,4,4,1.0,PASS,4,4,1.0,PASS,4,4,1.0,PASS,6,6,1.0,PASS,6,6,1.0,PASS,2,2,1.0,PASS,9,9,1.0,PASS,8,8,1.0,PASS,20,20,1.0,PASS
S37_WU01_L_02,S37,WU01,L,PASS,PASS,PASS,PASS,PASS,PASS,PASS,PASS,True,,4,4,1.0,PASS,4,4,1.0,PASS,4,4,1.0,PASS,6,6,1.0,PASS,6,6,1.0,PASS,2,2,1.0,PASS,9,9,1.0,PASS,8,8,1.0,PASS,20,20,1.0,PASS
S37_WU01_R_02,S37,WU01,R,PASS,PASS,PASS,PASS,PASS,PASS,PASS,PASS,True,,4,4,1.0,PASS,4,4,1.0,PASS,4,4,1.0,PASS,6,6,1.0,PASS,6,6,1.0,PASS,2,2,1.0,PASS,9,9,1.0,PASS,8,8,1.0,PASS,20,20,1.0,PASS
S37_WU02_R_01,S37,WU02,R,PASS,PASS,PASS,PASS,PASS,PASS,PASS,PASS,True,,4,4,1.0,PASS,4,4,1.0,PASS,4,4,1.0,PASS,6,6,1.0,PASS,6,6,1.0,PASS,2,2,1.0,PASS,9,9,1.0,PASS,8,8,1.0,PASS,20,20,1.0,PASS
S37_WU02_L_01,S37,WU02,L,PASS,PASS,PASS,PASS,PASS,PASS,PASS,PASS,True,,4,4,1.0,PASS,4,4,1.0,PASS,4,4,1.0,PASS,6,6,1.0,PASS,6,6,1.0,PASS,2,2,1.0,PASS,9,9,1.0,PASS,8,8,1.0,PASS,20,20,1.0,PASS
S37_WU02_R_02,S37,WU02,R,PASS,PASS,PASS,PASS,PASS,PASS,PASS,PASS,True,,4,4,1.0,PASS,4,4,1.0,PASS,4,4,1.0,PASS,6,6,1.0,PASS,6,6,1.0,PASS,2,2,1.0,PASS,9,9,1.0,PASS,8,8,1.0,PASS,20,20,1.0,PASS
S37_WU02_L_02,S37,WU02,L,PASS,PASS,PASS,PASS,PASS,PASS,PASS,PASS,True,,4,4,1.0,PASS,4,4,1.0,PASS,4,4,1.0,PASS,6,6,1.0,PASS,6,6,1.0,PASS,2,2,1.0,PASS,9,9,1.0,PASS,8,8,1.0,PASS,20,20,1.0,PASS
S37_WU02_R_03,S37,WU02,R,PASS,PASS,PASS,PASS,PASS,PASS,PASS,PASS,True,,4,4,1.0,PASS,4,4,1.0,PASS,4,4,1.0,PASS,6,6,1.0,PASS,6,6,1.0,PASS,2,2,1.0,PASS,9,9,1.0,PASS,8,8,1.0,PASS,20,20,1.0,PASS
S37_WU03_R_01,S37,WU03,R,PASS,PASS,PASS,PASS,PASS,PASS,PASS,PASS,True,,4,4,1.0,PASS,4,4,1.0,PASS,4,4,1.0,PASS,6,6,1.0,PASS,6,6,1.0,PASS,2,2,1.0,PASS,9,9,1.0,PASS,8,8,1.0,PASS,20,20,1.0,PASS
S37_WU03_L_01,S37,WU03,L,PASS,PASS,PASS,PASS,PASS,PASS,PASS,PASS,True,,4,4,1.0,PASS,4,4,1.0,PASS,4,4,1.0,PASS,6,6,1.0,PASS,6,6,1.0,PASS,2,2,1.0,PASS,9,9,1.0,PASS,8,8,1.0,PASS,20,20,1.0,PASS
S37_WU04_R_01,S37,WU04,R,PASS,PASS,PASS,PASS,PASS,PASS,PASS,PASS,True,,4,4,1.0,PASS,4,4,1.0,PASS,4,4,1.0,PASS,6,6,1.0,PASS,6,6,1.0,PASS,2,2,1.0,PASS,9,9,1.0,PASS,8,8,1.0,PASS,20,20,1.0,PASS
S37_WU04_L_01,S37,WU04,L,PASS,PASS,PASS,PASS,PASS,PASS,PASS,PASS,True,,4,4,1.0,PASS,4,4,1.0,PASS,4,4,1.0,PASS,6,6,1.0,PASS,6,6,1.0,PASS,2,2,1.0,PASS,9,9,1.0,PASS,8,8,1.0,PASS,20,20,1.0,PASS
S37_WU04_R_02,S37,WU04,R,PASS,PASS,PASS,PASS,PASS,PASS,PASS,PASS,True,,4,4,1.0,PASS,4,4,1.0,PASS,4,4,1.0,PASS,6,6,1.0,PASS,6,6,1.0,PASS,2,2,1.0,PASS,9,9,1.0,PASS,8,8,1.0,PASS,20,20,1.0,PASS
S37_WU04_L_02,S37,WU04,L,PASS,PASS,PASS,PASS,PASS,PASS,PASS,PASS,True,,4,4,1.0,PASS,4,4,1.0,PASS,4,4,1.0,PASS,6,6,1.0,PASS,6,6,1.0,PASS,2,2,1.0,PASS,9,9,1.0,PASS,8,8,1.0,PASS,20,20,1.0,PASS
S37_WU04_R_03,S37,WU04,R,PASS,PASS,PASS,PASS,PASS,PASS,PASS,PASS,True,,4,4,1.0,PASS,4,4,1.0,PASS,4,4,1.0,PASS,6,6,1.0,PASS,6,6,1.0,PASS,2,2,1.0,PASS,9,9,1.0,PASS,8,8,1.0,PASS,20,20,1.0,PASS
S37_WU05_R_01,S37,WU05,R,PASS,PASS,PASS,PASS,PASS,PASS,PASS,PASS,True,,4,4,1.0,PASS,4,4,1.0,PASS,4,4,1.0,PASS,6,6,1.0,PASS,6,6,1.0,PASS,2,2,1.0,PASS,9,9,1.0,PASS,8,8,1.0,PASS,20,20,1.0,PASS
S37_WU05_L_01,S37,WU05,L,PASS,PASS,PASS,PASS,PASS,PASS,PASS,PASS,True,,4,4,1.0,PASS,4,4,1.0,PASS,4,4,1.0,PASS,6,6,1.0,PASS,6,6,1.0,PASS,2,2,1.0,PASS,9,9,1.0,PASS,8,8,1.0,PASS,20,20,1.0,PASS
S37_WU05_R_02,S37,WU05,R,PASS,PASS,PASS,PASS,PASS,PASS,PASS,PASS,True,,4,4,1.0,PASS,4,4,1.0,PASS,4,4,1.0,PASS,6,6,1.0,PASS,6,6,1.0,PASS,2,2,1.0,PASS,9,9,1.0,PASS,8,8,1.0,PASS,20,20,1.0,PASS
S37_WU05_L_02,S37,WU05,L,PASS,PASS,PASS,PASS,PASS,PASS,PASS,PASS,True,,4,4,1.0,PASS,4,4,1.0,PASS,4,4,1.0,PASS,6,6,1.0,PASS,6,6,1.0,PASS,2,2,1.0,PASS,9,9,1.0,PASS,8,8,1.0,PASS,20,20,1.0,PASS
S37_WU06_L_01,S37,WU06,L,PASS,PASS,PASS,PASS,PASS,PASS,PASS,PASS,True,,4,4,1.0,PASS,4,4,1.0,PASS,4,4,1.0,PASS,6,6,1.0,PASS,6,6,1.0,PASS,2,2,1.0,PASS,9,9,1.0,PASS,8,8,1.0,PASS,20,20,1.0,PASS
S37_WU06_R_01,S37,WU06,R,PASS,PASS,PASS,PASS,PASS,PASS,PASS,PASS,True,,4,4,1.0,PASS,4,4,1.0,PASS,4,4,1.0,PASS,6,6,1.0,PASS,6,6,1.0,PASS,2,2,1.0,PASS,9,9,1.0,PASS,8,8,1.0,PASS,20,20,1.0,PASS
S37_WU06_L_02,S37,WU06,L,PASS,PASS,PASS,PASS,PASS,PASS,PASS,PASS,True,,4,4,1.0,PASS,4,4,1.0,PASS,4,4,1.0,PASS,6,6,1.0,PASS,6,6,1.0,PASS,2,2,1.0,PASS,9,9,1.0,PASS,8,8,1.0,PASS,20,20,1.0,PASS
S37_WU06_R_02,S37,WU06,R,PASS,PASS,PASS,PASS,PASS,PASS,PASS,PASS,True,,4,4,1.0,PASS,4,4,1.0,PASS,4,4,1.0,PASS,6,6,1.0,PASS,6,6,1.0,PASS,2,2,1.0,PASS,9,9,1.0,PASS,8,8,1.0,PASS,20,20,1.0,PASS
S37_WU07_R_01,S37,WU07,R,PASS,PASS,PASS,PASS,PASS,PASS,PASS,PASS,True,,4,4,1.0,PASS,4,4,1.0,PASS,4,4,1.0,PASS,6,6,1.0,PASS,6,6,1.0,PASS,2,2,1.0,PASS,9,9,1.0,PASS,8,8,1.0,PASS,20,20,1.0,PASS
S37_WU07_L_01,S37,WU07,L,PASS,PASS,PASS,PASS,PASS,PASS,PASS,PASS,True,,4,4,1.0,PASS,4,4,1.0,PASS,4,4,1.0,PASS,6,6,1.0,PASS,6,6,1.0,PASS,2,2,1.0,PASS,9,9,1.0,PASS,8,8,1.0,PASS,20,20,1.0,PASS
S37_WU07_R_02,S37,WU07,R,PASS,PASS,PASS,PASS,PASS,PASS,PASS,PASS,True,,4,4,1.0,PASS,4,4,1.0,PASS,4,4,1.0,PASS,6,6,1.0,PASS,6,6,1.0,PASS,2,2,1.0,PASS,9,9,1.0,PASS,8,8,1.0,PASS,20,20,1.0,PASS
S37_WU07_L_02,S37,WU07,L,PASS,PASS,PASS,PASS,PASS,PASS,PASS,PASS,True,,4,4,1.0,PASS,4,4,1.0,PASS,4,4,1.0,PASS,6,6,1.0,PASS,6,6,1.0,PASS,2,2,1.0,PASS,9,9,1.0,PASS,8,8,1.0,PASS,20,20,1.0,PASS
S37_WU08_L_01,S37,WU08,L,PASS,PASS,PASS,PASS,PASS,PASS,PASS,PASS,True,,4,4,1.0,PASS,4,4,1.0,PASS,4,4,1.0,PASS,6,6,1.0,PASS,6,6,1.0,PASS,2,2,1.0,PASS,9,9,1.0,PASS,8,8,1.0,PASS,20,20,1.0,PASS
S37_WU08_R_01,S37,WU08,R,PASS,PASS,PASS,PASS,PASS,PASS,PASS,PASS,True,,4,4,1.0,PASS,4,4,1.0,PASS,4,4,1.0,PASS,6,6,1.0,PASS,6,6,1.0,PASS,2,2,1.0,PASS,9,9,1.0,PASS,8,8,1.0,PASS,20,20,1.0,PASS
S37_WU08_L_02,S37,WU08,L,PASS,PASS,PASS,PASS,PASS,PASS,PASS,PASS,True,,4,4,1.0,PASS,4,4,1.0,PASS,4,4,1.0,PASS,6,6,1.0,PASS,6,6,1.0,PASS,2,2,1.0,PASS,9,9,1.0,PASS,8,8,1.0,PASS,20,20,1.0,PASS
S37_WU08_R_02,S37,WU08,R,PASS,PASS,PASS,PASS,PASS,PASS,PASS,PASS,True,,4,4,1.0,PASS,4,4,1.0,PASS,4,4,1.0,PASS,6,6,1.0,PASS,6,6,1.0,PASS,2,2,1.0,PASS,9,9,1.0,PASS,8,8,1.0,PASS,20,20,1.0,PASS
S37_WU09_R_01,S37,WU09,R,PASS,PASS,PASS,PASS,PASS,PASS,PASS,PASS,True,,4,4,1.0,PASS,4,4,1.0,PASS,4,4,1.0,PASS,6,6,1.0,PASS,6,6,1.0,PASS,2,2,1.0,PASS,9,9,1.0,PASS,8,8,1.0,PASS,20,20,1.0,PASS
S37_WU09_L_01,S37,WU09,L,PASS,PASS,PASS,PASS,PASS,PASS,PASS,PASS,True,,4,4,1.0,PASS,4,4,1.0,PASS,4,4,1.0,PASS,6,6,1.0,PASS,6,6,1.0,PASS,2,2,1.0,PASS,9,9,1.0,PASS,8,8,1.0,PASS,20,20,1.0,PASS
S37_WU09_R_02,S37,WU09,R,PASS,PASS,PASS,PASS,PASS,PASS,PASS,PASS,True,,4,4,1.0,PASS,4,4,1.0,PASS,4,4,1.0,PASS,6,6,1.0,PASS,6,6,1.0,PASS,2,2,1.0,PASS,9,9,1.0,PASS,8,8,1.0,PASS,20,20,1.0,PASS
S37_WU09_L_02,S37,WU09,L,PASS,PASS,PASS,PASS,PASS,PASS,PASS,PASS,True,,4,4,1.0,PASS,4,4,1.0,PASS,4,4,1.0,PASS,6,6,1.0,PASS,6,6,1.0,PASS,2,2,1.0,PASS,9,9,1.0,PASS,8,8,1.0,PASS,20,20,1.0,PASS
S37_WU09_R_03,S37,WU09,R,PASS,PASS,PASS,PASS,PASS,PASS,PASS,PASS,True,,4,4,1.0,PASS,4,4,1.0,PASS,4,4,1.0,PASS,6,6,1.0,PASS,6,6,1.0,PASS,2,2,1.0,PASS,9,9,1.0,PASS,8,8,1.0,PASS,20,20,1.0,PASS
S38_WU01_L_01,S38,WU01,L,PASS,PASS,PASS,PASS,PASS,PASS,PASS,PASS,True,,4,4,1.0,PASS,4,4,1.0,PASS,4,4,1.0,PASS,6,6,1.0,PASS,6,6,1.0,PASS,2,2,1.0,PASS,9,9,1.0,PASS,8,8,1.0,PASS,20,20,1.0,PASS
S38_WU01_R_01,S38,WU01,R,PASS,PASS,PASS,PASS,PASS,PASS,PASS,PASS,True,,4,4,1.0,PASS,4,4,1.0,PASS,4,4,1.0,PASS,6,6,1.0,PASS,6,6,1.0,PASS,2,2,1.0,PASS,9,9,1.0,PASS,8,8,1.0,PASS,20,20,1.0,PASS
S38_WU01_L_02,S38,WU01,L,PASS,PASS,PASS,PASS,PASS,PASS,PASS,PASS,True,,4,4,1.0,PASS,4,4,1.0,PASS,4,4,1.0,PASS,6,6,1.0,PASS,6,6,1.0,PASS,2,2,1.0,PASS,9,9,1.0,PASS,8,8,1.0,PASS,20,20,1.0,PASS
S38_WU02_R_01,S38,WU02,R,PASS,PASS,PASS,PASS,PASS,PASS,PASS,PASS,True,,4,4,1.0,PASS,4,4,1.0,PASS,4,4,1.0,PASS,6,6,1.0,PASS,6,6,1.0,PASS,2,2,1.0,PASS,9,9,1.0,PASS,8,8,1.0,PASS,20,20,1.0,PASS
S38_WU02_L_01,S38,WU02,L,PASS,PASS,PASS,PASS,PASS,PASS,PASS,PASS,True,,4,4,1.0,PASS,4,4,1.0,PASS,4,4,1.0,PASS,6,6,1.0,PASS,6,6,1.0,PASS,2,2,1.0,PASS,9,9,1.0,PASS,8,8,1.0,PASS,20,20,1.0,PASS
S38_WU02_R_02,S38,WU02,R,PASS,PASS,PASS,PASS,PASS,PASS,PASS,PASS,True,,4,4,1.0,PASS,4,4,1.0,PASS,4,4,1.0,PASS,6,6,1.0,PASS,6,6,1.0,PASS,2,2,1.0,PASS,9,9,1.0,PASS,8,8,1.0,PASS,20,20,1.0,PASS
S38_WU02_L_02,S38,WU02,L,PASS,PASS,PASS,PASS,PASS,PASS,PASS,PASS,True,,4,4,1.0,PASS,4,4,1.0,PASS,4,4,1.0,PASS,6,6,1.0,PASS,6,6,1.0,PASS,2,2,1.0,PASS,9,9,1.0,PASS,8,8,1.0,PASS,20,20,1.0,PASS
S38_WU02_R_03,S38,WU02,R,PASS,PASS,PASS,PASS,PASS,PASS,PASS,PASS,True,,4,4,1.0,PASS,4,4,1.0,PASS,4,4,1.0,PASS,6,6,1.0,PASS,6,6,1.0,PASS,2,2,1.0,PASS,9,9,1.0,PASS,8,8,1.0,PASS,20,20,1.0,PASS
S38_WU03_R_01,S38,WU03,R,PASS,PASS,PASS,PASS,PASS,PASS,PASS,PASS,True,,4,4,1.0,PASS,4,4,1.0,PASS,4,4,1.0,PASS,6,6,1.0,PASS,6,6,1.0,PASS,2,2,1.0,PASS,9,9,1.0,PASS,8,8,1.0,PASS,20,20,1.0,PASS
S38_WU03_L_01,S38,WU03,L,PASS,PASS,PASS,PASS,PASS,PASS,PASS,PASS,True,,4,4,1.0,PASS,4,4,1.0,PASS,4,4,1.0,PASS,6,6,1.0,PASS,6,6,1.0,PASS,2,2,1.0,PASS,9,9,1.0,PASS,8,8,1.0,PASS,20,20,1.0,PASS
S38_WU03_R_02,S38,WU03,R,PASS,PASS,PASS,PASS,PASS,PASS,PASS,PASS,True,,4,4,1.0,PASS,4,4,1.0,PASS,4,4,1.0,PASS,6,6,1.0,PASS,6,6,1.0,PASS,2,2,1.0,PASS,9,9,1.0,PASS,8,8,1.0,PASS,20,20,1.0,PASS
S38_WU03_L_02,S38,WU03,L,PASS,PASS,PASS,PASS,PASS,PASS,PASS,PASS,True,,4,4,1.0,PASS,4,4,1.0,PASS,4,4,1.0,PASS,6,6,1.0,PASS,6,6,1.0,PASS,2,2,1.0,PASS,9,9,1.0,PASS,8,8,1.0,PASS,20,20,1.0,PASS
S38_WU04_R_01,S38,WU04,R,PASS,PASS,PASS,PASS,PASS,PASS,PASS,PASS,True,,4,4,1.0,PASS,4,4,1.0,PASS,4,4,1.0,PASS,6,6,1.0,PASS,6,6,1.0,PASS,2,2,1.0,PASS,9,9,1.0,PASS,8,8,1.0,PASS,20,20,1.0,PASS
S38_WU04_L_01,S38,WU04,L,PASS,PASS,PASS,PASS,PASS,PASS,PASS,PASS,True,,4,4,1.0,PASS,4,4,1.0,PASS,4,4,1.0,PASS,6,6,1.0,PASS,6,6,1.0,PASS,2,2,1.0,PASS,9,9,1.0,PASS,8,8,1.0,PASS,20,20,1.0,PASS
S38_WU04_R_02,S38,WU04,R,PASS,PASS,PASS,PASS,PASS,PASS,PASS,PASS,True,,4,4,1.0,PASS,4,4,1.0,PASS,4,4,1.0,PASS,6,6,1.0,PASS,6,6,1.0,PASS,2,2,1.0,PASS,9,9,1.0,PASS,8,8,1.0,PASS,20,20,1.0,PASS
S38_WU05_L_01,S38,WU05,L,PASS,PASS,PASS,PASS,PASS,PASS,PASS,PASS,True,,4,4,1.0,PASS,4,4,1.0,PASS,4,4,1.0,PASS,6,6,1.0,PASS,6,6,1.0,PASS,2,2,1.0,PASS,9,9,1.0,PASS,8,8,1.0,PASS,20,20,1.0,PASS
S38_WU05_R_01,S38,WU05,R,PASS,PASS,PASS,PASS,PASS,PASS,PASS,PASS,True,,4,4,1.0,PASS,4,4,1.0,PASS,4,4,1.0,PASS,6,6,1.0,PASS,6,6,1.0,PASS,2,2,1.0,PASS,9,9,1.0,PASS,8,8,1.0,PASS,20,20,1.0,PASS
S38_WU05_L_02,S38,WU05,L,PASS,PASS,PASS,PASS,PASS,PASS,PASS,PASS,True,,4,4,1.0,PASS,4,4,1.0,PASS,4,4,1.0,PASS,6,6,1.0,PASS,6,6,1.0,PASS,2,2,1.0,PASS,9,9,1.0,PASS,8,8,1.0,PASS,20,20,1.0,PASS
S38_WU06_L_01,S38,WU06,L,PASS,PASS,PASS,PASS,PASS,PASS,PASS,PASS,True,,4,4,1.0,PASS,4,4,1.0,PASS,4,4,1.0,PASS,6,6,1.0,PASS,6,6,1.0,PASS,2,2,1.0,PASS,9,9,1.0,PASS,8,8,1.0,PASS,20,20,1.0,PASS
S38_WU06_R_01,S38,WU06,R,PASS,PASS,PASS,PASS,PASS,PASS,PASS,PASS,True,,4,4,1.0,PASS,4,4,1.0,PASS,4,4,1.0,PASS,6,6,1.0,PASS,6,6,1.0,PASS,2,2,1.0,PASS,9,9,1.0,PASS,8,8,1.0,PASS,20,20,1.0,PASS
S38_WU06_L_02,S38,WU06,L,PASS,PASS,PASS,PASS,PASS,PASS,PASS,PASS,True,,4,4,1.0,PASS,4,4,1.0,PASS,4,4,1.0,PASS,6,6,1.0,PASS,6,6,1.0,PASS,2,2,1.0,PASS,9,9,1.0,PASS,8,8,1.0,PASS,20,20,1.0,PASS
S38_WU06_R_02,S38,WU06,R,PASS,PASS,PASS,PASS,PASS,PASS,PASS,PASS,True,,4,4,1.0,PASS,4,4,1.0,PASS,4,4,1.0,PASS,6,6,1.0,PASS,6,6,1.0,PASS,2,2,1.0,PASS,9,9,1.0,PASS,8,8,1.0,PASS,20,20,1.0,PASS
S38_WU07_L_01,S38,WU07,L,PASS,PASS,PASS,PASS,PASS,PASS,PASS,PASS,True,,4,4,1.0,PASS,4,4,1.0,PASS,4,4,1.0,PASS,6,6,1.0,PASS,6,6,1.0,PASS,2,2,1.0,PASS,9,9,1.0,PASS,8,8,1.0,PASS,20,20,1.0,PASS
S38_WU07_R_01,S38,WU07,R,PASS,PASS,PASS,PASS,PASS,PASS,PASS,PASS,True,,4,4,1.0,PASS,4,4,1.0,PASS,4,4,1.0,PASS,6,6,1.0,PASS,6,6,1.0,PASS,2,2,1.0,PASS,9,9,1.0,PASS,8,8,1.0,PASS,20,20,1.0,PASS
S38_WU07_L_02,S38,WU07,L,PASS,PASS,PASS,PASS,PASS,PASS,PASS,PASS,True,,4,4,1.0,PASS,4,4,1.0,PASS,4,4,1.0,PASS,6,6,1.0,PASS,6,6,1.0,PASS,2,2,1.0,PASS,9,9,1.0,PASS,8,8,1.0,PASS,20,20,1.0,PASS
S38_WU07_R_02,S38,WU07,R,PASS,PASS,PASS,PASS,PASS,PASS,PASS,PASS,True,,4,4,1.0,PASS,4,4,1.0,PASS,4,4,1.0,PASS,6,6,1.0,PASS,6,6,1.0,PASS,2,2,1.0,PASS,9,9,1.0,PASS,8,8,1.0,PASS,20,20,1.0,PASS
S38_WU08_R_01,S38,WU08,R,PASS,PASS,PASS,PASS,PASS,PASS,PASS,PASS,True,,4,4,1.0,PASS,4,4,1.0,PASS,4,4,1.0,PASS,6,6,1.0,PASS,6,6,1.0,PASS,2,2,1.0,PASS,9,9,1.0,PASS,8,8,1.0,PASS,20,20,1.0,PASS
S38_WU08_L_01,S38,WU08,L,PASS,PASS,PASS,PASS,PASS,PASS,PASS,PASS,True,,4,4,1.0,PASS,4,4,1.0,PASS,4,4,1.0,PASS,6,6,1.0,PASS,6,6,1.0,PASS,2,2,1.0,PASS,9,9,1.0,PASS,8,8,1.0,PASS,20,20,1.0,PASS
S38_WU08_R_02,S38,WU08,R,PASS,PASS,PASS,PASS,PASS,PASS,PASS,PASS,True,,4,4,1.0,PASS,4,4,1.0,PASS,4,4,1.0,PASS,6,6,1.0,PASS,6,6,1.0,PASS,2,2,1.0,PASS,9,9,1.0,PASS,8,8,1.0,PASS,20,20,1.0,PASS
S38_WU08_L_02,S38,WU08,L,PASS,PASS,PASS,PASS,PASS,PASS,PASS,PASS,True,,4,4,1.0,PASS,4,4,1.0,PASS,4,4,1.0,PASS,6,6,1.0,PASS,6,6,1.0,PASS,2,2,1.0,PASS,9,9,1.0,PASS,8,8,1.0,PASS,20,20,1.0,PASS
S38_WU08_R_03,S38,WU08,R,PASS,PASS,PASS,PASS,PASS,PASS,PASS,PASS,True,,4,4,1.0,PASS,4,4,1.0,PASS,4,4,1.0,PASS,6,6,1.0,PASS,6,6,1.0,PASS,2,2,1.0,PASS,9,9,1.0,PASS,8,8,1.0,PASS,20,20,1.0,PASS
S38_WU09_L_01,S38,WU09,L,PASS,PASS,PASS,PASS,PASS,PASS,PASS,PASS,True,,4,4,1.0,PASS,4,4,1.0,PASS,4,4,1.0,PASS,6,6,1.0,PASS,6,6,1.0,PASS,2,2,1.0,PASS,9,9,1.0,PASS,8,8,1.0,PASS,20,20,1.0,PASS
S38_WU09_R_01,S38,WU09,R,PASS,PASS,PASS,PASS,PASS,PASS,PASS,PASS,True,,4,4,1.0,PASS,4,4,1.0,PASS,4,4,1.0,PASS,6,6,1.0,PASS,6,6,1.0,PASS,2,2,1.0,PASS,9,9,1.0,PASS,8,8,1.0,PASS,20,20,1.0,PASS
S38_WU09_L_02,S38,WU09,L,PASS,PASS,PASS,PASS,PASS,PASS,PASS,PASS,True,,4,4,1.0,PASS,4,4,1.0,PASS,4,4,1.0,PASS,6,6,1.0,PASS,6,6,1.0,PASS,2,2,1.0,PASS,9,9,1.0,PASS,8,8,1.0,PASS,20,20,1.0,PASS
S38_WU09_R_02,S38,WU09,R,PASS,PASS,PASS,PASS,PASS,PASS,PASS,PASS,True,,4,4,1.0,PASS,4,4,1.0,PASS,4,4,1.0,PASS,6,6,1.0,PASS,6,6,1.0,PASS,2,2,1.0,PASS,9,9,1.0,PASS,8,8,1.0,PASS,20,20,1.0,PASS
S39_WU01_L_01,S39,WU01,L,PASS,PASS,PASS,PASS,PASS,PASS,PASS,PASS,True,,4,4,1.0,PASS,4,4,1.0,PASS,4,4,1.0,PASS,6,6,1.0,PASS,6,6,1.0,PASS,2,2,1.0,PASS,9,9,1.0,PASS,8,8,1.0,PASS,20,20,1.0,PASS
S39_WU01_R_01,S39,WU01,R,PASS,PASS,PASS,PASS,PASS,PASS,PASS,PASS,True,,4,4,1.0,PASS,4,4,1.0,PASS,4,4,1.0,PASS,6,6,1.0,PASS,6,6,1.0,PASS,2,2,1.0,PASS,9,9,1.0,PASS,8,8,1.0,PASS,20,20,1.0,PASS
S39_WU01_L_02,S39,WU01,L,PASS,PASS,PASS,PASS,PASS,PASS,PASS,PASS,True,,4,4,1.0,PASS,4,4,1.0,PASS,4,4,1.0,PASS,6,6,1.0,PASS,6,6,1.0,PASS,2,2,1.0,PASS,9,9,1.0,PASS,8,8,1.0,PASS,20,20,1.0,PASS
S39_WU01_R_02,S39,WU01,R,PASS,PASS,PASS,PASS,PASS,PASS,PASS,PASS,True,,4,4,1.0,PASS,4,4,1.0,PASS,4,4,1.0,PASS,6,6,1.0,PASS,6,6,1.0,PASS,2,2,1.0,PASS,9,9,1.0,PASS,8,8,1.0,PASS,20,20,1.0,PASS
S39_WU01_L_03,S39,WU01,L,PASS,PASS,PASS,PASS,PASS,PASS,PASS,PASS,True,,4,4,1.0,PASS,4,4,1.0,PASS,4,4,1.0,PASS,6,6,1.0,PASS,6,6,1.0,PASS,2,2,1.0,PASS,9,9,1.0,PASS,8,8,1.0,PASS,20,20,1.0,PASS
S39_WU01_R_03,S39,WU01,R,PASS,PASS,PASS,PASS,PASS,PASS,PASS,PASS,True,,4,4,1.0,PASS,4,4,1.0,PASS,4,4,1.0,PASS,6,6,1.0,PASS,6,6,1.0,PASS,2,2,1.0,PASS,9,9,1.0,PASS,8,8,1.0,PASS,20,20,1.0,PASS
S39_WU02_L_01,S39,WU02,L,PASS,PASS,PASS,PASS,PASS,PASS,PASS,PASS,True,,4,4,1.0,PASS,4,4,1.0,PASS,4,4,1.0,PASS,6,6,1.0,PASS,6,6,1.0,PASS,2,2,1.0,PASS,9,9,1.0,PASS,8,8,1.0,PASS,20,20,1.0,PASS
S39_WU02_R_01,S39,WU02,R,PASS,PASS,PASS,PASS,PASS,PASS,PASS,PASS,True,,4,4,1.0,PASS,4,4,1.0,PASS,4,4,1.0,PASS,6,6,1.0,PASS,6,6,1.0,PASS,2,2,1.0,PASS,9,9,1.0,PASS,8,8,1.0,PASS,20,20,1.0,PASS
S39_WU02_L_02,S39,WU02,L,PASS,PASS,PASS,PASS,PASS,PASS,PASS,PASS,True,,4,4,1.0,PASS,4,4,1.0,PASS,4,4,1.0,PASS,6,6,1.0,PASS,6,6,1.0,PASS,2,2,1.0,PASS,9,9,1.0,PASS,8,8,1.0,PASS,20,20,1.0,PASS
S39_WU02_R_02,S39,WU02,R,PASS,PASS,PASS,PASS,PASS,PASS,PASS,PASS,True,,4,4,1.0,PASS,4,4,1.0,PASS,4,4,1.0,PASS,6,6,1.0,PASS,6,6,1.0,PASS,2,2,1.0,PASS,9,9,1.0,PASS,8,8,1.0,PASS,20,20,1.0,PASS
S39_WU03_R_01,S39,WU03,R,PASS,PASS,PASS,PASS,PASS,PASS,PASS,PASS,True,,4,4,1.0,PASS,4,4,1.0,PASS,4,4,1.0,PASS,6,6,1.0,PASS,6,6,1.0,PASS,2,2,1.0,PASS,9,9,1.0,PASS,8,8,1.0,PASS,20,20,1.0,PASS
S39_WU03_L_01,S39,WU03,L,PASS,PASS,PASS,PASS,PASS,PASS,PASS,PASS,True,,4,4,1.0,PASS,4,4,1.0,PASS,4,4,1.0,PASS,6,6,1.0,PASS,6,6,1.0,PASS,2,2,1.0,PASS,9,9,1.0,PASS,8,8,1.0,PASS,20,20,1.0,PASS
S39_WU03_R_02,S39,WU03,R,PASS,PASS,PASS,PASS,PASS,PASS,PASS,PASS,True,,4,4,1.0,PASS,4,4,1.0,PASS,4,4,1.0,PASS,6,6,1.0,PASS,6,6,1.0,PASS,2,2,1.0,PASS,9,9,1.0,PASS,8,8,1.0,PASS,20,20,1.0,PASS
S39_WU04_L_01,S39,WU04,L,PASS,PASS,PASS,PASS,PASS,PASS,PASS,PASS,True,,4,4,1.0,PASS,4,4,1.0,PASS,4,4,1.0,PASS,6,6,1.0,PASS,6,6,1.0,PASS,2,2,1.0,PASS,9,9,1.0,PASS,8,8,1.0,PASS,20,20,1.0,PASS
S39_WU04_R_01,S39,WU04,R,PASS,PASS,PASS,PASS,PASS,PASS,PASS,PASS,True,,4,4,1.0,PASS,4,4,1.0,PASS,4,4,1.0,PASS,6,6,1.0,PASS,6,6,1.0,PASS,2,2,1.0,PASS,9,9,1.0,PASS,8,8,1.0,PASS,20,20,1.0,PASS
S39_WU04_L_02,S39,WU04,L,PASS,PASS,PASS,PASS,PASS,PASS,PASS,PASS,True,,4,4,1.0,PASS,4,4,1.0,PASS,4,4,1.0,PASS,6,6,1.0,PASS,6,6,1.0,PASS,2,2,1.0,PASS,9,9,1.0,PASS,8,8,1.0,PASS,20,20,1.0,PASS
S39_WU04_R_02,S39,WU04,R,PASS,PASS,PASS,PASS,PASS,PASS,PASS,PASS,True,,4,4,1.0,PASS,4,4,1.0,PASS,4,4,1.0,PASS,6,6,1.0,PASS,6,6,1.0,PASS,2,2,1.0,PASS,9,9,1.0,PASS,8,8,1.0,PASS,20,20,1.0,PASS
S39_WU04_L_03,S39,WU04,L,PASS,PASS,PASS,PASS,PASS,PASS,PASS,PASS,True,,4,4,1.0,PASS,4,4,1.0,PASS,4,4,1.0,PASS,6,6,1.0,PASS,6,6,1.0,PASS,2,2,1.0,PASS,9,9,1.0,PASS,8,8,1.0,PASS,20,20,1.0,PASS
S39_WU04_R_03,S39,WU04,R,PASS,PASS,PASS,PASS,PASS,PASS,PASS,PASS,True,,4,4,1.0,PASS,4,4,1.0,PASS,4,4,1.0,PASS,6,6,1.0,PASS,6,6,1.0,PASS,2,2,1.0,PASS,9,9,1.0,PASS,8,8,1.0,PASS,20,20,1.0,PASS
S39_WU05_L_01,S39,WU05,L,PASS,PASS,PASS,PASS,PASS,PASS,PASS,PASS,True,,4,4,1.0,PASS,4,4,1.0,PASS,4,4,1.0,PASS,6,6,1.0,PASS,6,6,1.0,PASS,2,2,1.0,PASS,9,9,1.0,PASS,8,8,1.0,PASS,20,20,1.0,PASS
S39_WU05_R_01,S39,WU05,R,PASS,PASS,PASS,PASS,PASS,PASS,PASS,PASS,True,,4,4,1.0,PASS,4,4,1.0,PASS,4,4,1.0,PASS,6,6,1.0,PASS,6,6,1.0,PASS,2,2,1.0,PASS,9,9,1.0,PASS,8,8,1.0,PASS,20,20,1.0,PASS
S39_WU05_L_02,S39,WU05,L,PASS,PASS,PASS,PASS,PASS,PASS,PASS,PASS,True,,4,4,1.0,PASS,4,4,1.0,PASS,4,4,1.0,PASS,6,6,1.0,PASS,6,6,1.0,PASS,2,2,1.0,PASS,9,9,1.0,PASS,8,8,1.0,PASS,20,20,1.0,PASS
S39_WU05_R_02,S39,WU05,R,PASS,PASS,PASS,PASS,PASS,PASS,PASS,PASS,True,,4,4,1.0,PASS,4,4,1.0,PASS,4,4,1.0,PASS,6,6,1.0,PASS,6,6,1.0,PASS,2,2,1.0,PASS,9,9,1.0,PASS,8,8,1.0,PASS,20,20,1.0,PASS
S39_WU06_L_01,S39,WU06,L,PASS,PASS,PASS,PASS,PASS,PASS,PASS,PASS,True,,4,4,1.0,PASS,4,4,1.0,PASS,4,4,1.0,PASS,6,6,1.0,PASS,6,6,1.0,PASS,2,2,1.0,PASS,9,9,1.0,PASS,8,8,1.0,PASS,20,20,1.0,PASS
S39_WU06_R_01,S39,WU06,R,PASS,PASS,PASS,PASS,PASS,PASS,PASS,PASS,True,,4,4,1.0,PASS,4,4,1.0,PASS,4,4,1.0,PASS,6,6,1.0,PASS,6,6,1.0,PASS,2,2,1.0,PASS,9,9,1.0,PASS,8,8,1.0,PASS,20,20,1.0,PASS
S39_WU06_L_02,S39,WU06,L,PASS,PASS,PASS,PASS,PASS,PASS,PASS,PASS,True,,4,4,1.0,PASS,4,4,1.0,PASS,4,4,1.0,PASS,6,6,1.0,PASS,6,6,1.0,PASS,2,2,1.0,PASS,9,9,1.0,PASS,8,8,1.0,PASS,20,20,1.0,PASS
S39_WU07_L_01,S39,WU07,L,PASS,PASS,PASS,PASS,PASS,PASS,PASS,PASS,True,,4,4,1.0,PASS,4,4,1.0,PASS,4,4,1.0,PASS,6,6,1.0,PASS,6,6,1.0,PASS,2,2,1.0,PASS,9,9,1.0,PASS,8,8,1.0,PASS,20,20,1.0,PASS
S39_WU07_R_01,S39,WU07,R,PASS,PASS,PASS,PASS,PASS,PASS,PASS,PASS,True,,4,4,1.0,PASS,4,4,1.0,PASS,4,4,1.0,PASS,6,6,1.0,PASS,6,6,1.0,PASS,2,2,1.0,PASS,9,9,1.0,PASS,8,8,1.0,PASS,20,20,1.0,PASS
S39_WU07_L_02,S39,WU07,L,PASS,PASS,PASS,PASS,PASS,PASS,PASS,PASS,True,,4,4,1.0,PASS,4,4,1.0,PASS,4,4,1.0,PASS,6,6,1.0,PASS,6,6,1.0,PASS,2,2,1.0,PASS,9,9,1.0,PASS,8,8,1.0,PASS,20,20,1.0,PASS
S39_WU07_R_02,S39,WU07,R,PASS,PASS,PASS,PASS,PASS,PASS,PASS,PASS,True,,4,4,1.0,PASS,4,4,1.0,PASS,4,4,1.0,PASS,6,6,1.0,PASS,6,6,1.0,PASS,2,2,1.0,PASS,9,9,1.0,PASS,8,8,1.0,PASS,20,20,1.0,PASS
S39_WU07_L_03,S39,WU07,L,PASS,PASS,PASS,PASS,PASS,PASS,PASS,PASS,True,,4,4,1.0,PASS,4,4,1.0,PASS,4,4,1.0,PASS,6,6,1.0,PASS,6,6,1.0,PASS,2,2,1.0,PASS,9,9,1.0,PASS,8,8,1.0,PASS,20,20,1.0,PASS
S39_WU08_R_01,S39,WU08,R,PASS,PASS,PASS,PASS,PASS,PASS,PASS,PASS,True,,4,4,1.0,PASS,4,4,1.0,PASS,4,4,1.0,PASS,6,6,1.0,PASS,6,6,1.0,PASS,2,2,1.0,PASS,9,9,1.0,PASS,8,8,1.0,PASS,20,20,1.0,PASS
S39_WU08_L_01,S39,WU08,L,PASS,PASS,PASS,PASS,PASS,PASS,PASS,PASS,True,,4,4,1.0,PASS,4,4,1.0,PASS,4,4,1.0,PASS,6,6,1.0,PASS,6,6,1.0,PASS,2,2,1.0,PASS,9,9,1.0,PASS,8,8,1.0,PASS,20,20,1.0,PASS
S39_WU08_R_02,S39,WU08,R,PASS,PASS,PASS,PASS,PASS,PASS,PASS,PASS,True,,4,4,1.0,PASS,4,4,1.0,PASS,4,4,1.0,PASS,6,6,1.0,PASS,6,6,1.0,PASS,2,2,1.0,PASS,9,9,1.0,PASS,8,8,1.0,PASS,20,20,1.0,PASS
S39_WU08_L_02,S39,WU08,L,PASS,PASS,PASS,PASS,PASS,PASS,PASS,PASS,True,,4,4,1.0,PASS,4,4,1.0,PASS,4,4,1.0,PASS,6,6,1.0,PASS,6,6,1.0,PASS,2,2,1.0,PASS,9,9,1.0,PASS,8,8,1.0,PASS,20,20,1.0,PASS
S39_WU08_R_03,S39,WU08,R,PASS,PASS,PASS,PASS,PASS,PASS,PASS,PASS,True,,4,4,1.0,PASS,4,4,1.0,PASS,4,4,1.0,PASS,6,6,1.0,PASS,6,6,1.0,PASS,2,2,1.0,PASS,9,9,1.0,PASS,8,8,1.0,PASS,20,20,1.0,PASS
S39_WU09_R_01,S39,WU09,R,PASS,PASS,PASS,PASS,PASS,PASS,PASS,PASS,True,,4,4,1.0,PASS,4,4,1.0,PASS,4,4,1.0,PASS,6,6,1.0,PASS,6,6,1.0,PASS,2,2,1.0,PASS,9,9,1.0,PASS,8,8,1.0,PASS,20,20,1.0,PASS
S39_WU09_L_01,S39,WU09,L,PASS,PASS,PASS,PASS,PASS,PASS,PASS,PASS,True,,4,4,1.0,PASS,4,4,1.0,PASS,4,4,1.0,PASS,6,6,1.0,PASS,6,6,1.0,PASS,2,2,1.0,PASS,9,9,1.0,PASS,8,8,1.0,PASS,20,20,1.0,PASS
S39_WU09_R_02,S39,WU09,R,PASS,PASS,PASS,PASS,PASS,PASS,PASS,PASS,True,,4,4,1.0,PASS,4,4,1.0,PASS,4,4,1.0,PASS,6,6,1.0,PASS,6,6,1.0,PASS,2,2,1.0,PASS,9,9,1.0,PASS,8,8,1.0,PASS,20,20,1.0,PASS
S39_WU09_L_02,S39,WU09,L,PASS,PASS,PASS,PASS,PASS,PASS,PASS,PASS,True,,4,4,1.0,PASS,4,4,1.0,PASS,4,4,1.0,PASS,6,6,1.0,PASS,6,6,1.0,PASS,2,2,1.0,PASS,9,9,1.0,PASS,8,8,1.0,PASS,20,20,1.0,PASS
S39_WU10_R_01,S39,WU10,R,PASS,PASS,PASS,PASS,PASS,PASS,PASS,PASS,True,,4,4,1.0,PASS,4,4,1.0,PASS,4,4,1.0,PASS,6,6,1.0,PASS,6,6,1.0,PASS,2,2,1.0,PASS,9,9,1.0,PASS,8,8,1.0,PASS,20,20,1.0,PASS
S39_WU10_L_01,S39,WU10,L,PASS,PASS,PASS,PASS,PASS,PASS,PASS,PASS,True,,4,4,1.0,PASS,4,4,1.0,PASS,4,4,1.0,PASS,6,6,1.0,PASS,6,6,1.0,PASS,2,2,1.0,PASS,9,9,1.0,PASS,8,8,1.0,PASS,20,20,1.0,PASS
S39_WU10_R_02,S39,WU10,R,PASS,PASS,PASS,PASS,PASS,PASS,PASS,PASS,True,,4,4,1.0,PASS,4,4,1.0,PASS,4,4,1.0,PASS,6,6,1.0,PASS,6,6,1.0,PASS,2,2,1.0,PASS,9,9,1.0,PASS,8,8,1.0,PASS,20,20,1.0,PASS
S39_WU10_L_02,S39,WU10,L,PASS,PASS,PASS,PASS,PASS,PASS,PASS,PASS,True,,4,4,1.0,PASS,4,4,1.0,PASS,4,4,1.0,PASS,6,6,1.0,PASS,6,6,1.0,PASS,2,2,1.0,PASS,9,9,1.0,PASS,8,8,1.0,PASS,20,20,1.0,PASS
S40_WU01_L_01,S40,WU01,L,PASS,PASS,PASS,PASS,PASS,PASS,PASS,PASS,True,,4,4,1.0,PASS,4,4,1.0,PASS,4,4,1.0,PASS,6,6,1.0,PASS,6,6,1.0,PASS,2,2,1.0,PASS,9,9,1.0,PASS,8,8,1.0,PASS,20,20,1.0,PASS
S40_WU01_R_01,S40,WU01,R,PASS,PASS,PASS,PASS,PASS,PASS,PASS,PASS,True,,4,4,1.0,PASS,4,4,1.0,PASS,4,4,1.0,PASS,6,6,1.0,PASS,6,6,1.0,PASS,2,2,1.0,PASS,9,9,1.0,PASS,8,8,1.0,PASS,20,20,1.0,PASS
S40_WU01_L_02,S40,WU01,L,PASS,PASS,PASS,PASS,PASS,PASS,PASS,PASS,True,,4,4,1.0,PASS,4,4,1.0,PASS,4,4,1.0,PASS,6,6,1.0,PASS,6,6,1.0,PASS,2,2,1.0,PASS,9,9,1.0,PASS,8,8,1.0,PASS,20,20,1.0,PASS
S40_WU01_R_02,S40,WU01,R,PASS,PASS,PASS,PASS,PASS,PASS,PASS,PASS,True,,4,4,1.0,PASS,4,4,1.0,PASS,4,4,1.0,PASS,6,6,1.0,PASS,6,6,1.0,PASS,2,2,1.0,PASS,9,9,1.0,PASS,8,8,1.0,PASS,20,20,1.0,PASS
S40_WU01_L_03,S40,WU01,L,PASS,PASS,PASS,PASS,PASS,PASS,PASS,PASS,True,,4,4,1.0,PASS,4,4,1.0,PASS,4,4,1.0,PASS,6,6,1.0,PASS,6,6,1.0,PASS,2,2,1.0,PASS,9,9,1.0,PASS,8,8,1.0,PASS,20,20,1.0,PASS
S40_WU02_L_01,S40,WU02,L,PASS,PASS,PASS,PASS,PASS,PASS,PASS,PASS,True,,4,4,1.0,PASS,4,4,1.0,PASS,4,4,1.0,PASS,6,6,1.0,PASS,6,6,1.0,PASS,2,2,1.0,PASS,9,9,1.0,PASS,8,8,1.0,PASS,20,20,1.0,PASS
S40_WU02_R_01,S40,WU02,R,PASS,PASS,PASS,PASS,PASS,PASS,PASS,PASS,True,,4,4,1.0,PASS,4,4,1.0,PASS,4,4,1.0,PASS,6,6,1.0,PASS,6,6,1.0,PASS,2,2,1.0,PASS,9,9,1.0,PASS,8,8,1.0,PASS,20,20,1.0,PASS
S40_WU03_L_01,S40,WU03,L,PASS,PASS,PASS,PASS,PASS,PASS,PASS,PASS,True,,4,4,1.0,PASS,4,4,1.0,PASS,4,4,1.0,PASS,6,6,1.0,PASS,6,6,1.0,PASS,2,2,1.0,PASS,9,9,1.0,PASS,8,8,1.0,PASS,20,20,1.0,PASS
S40_WU03_R_01,S40,WU03,R,PASS,PASS,PASS,PASS,PASS,PASS,PASS,PASS,True,,4,4,1.0,PASS,4,4,1.0,PASS,4,4,1.0,PASS,6,6,1.0,PASS,6,6,1.0,PASS,2,2,1.0,PASS,9,9,1.0,PASS,8,8,1.0,PASS,20,20,1.0,PASS
S40_WU03_L_02,S40,WU03,L,PASS,PASS,PASS,PASS,PASS,PASS,PASS,PASS,True,,4,4,1.0,PASS,4,4,1.0,PASS,4,4,1.0,PASS,6,6,1.0,PASS,6,6,1.0,PASS,2,2,1.0,PASS,9,9,1.0,PASS,8,8,1.0,PASS,20,20,1.0,PASS
S40_WU03_R_02,S40,WU03,R,PASS,PASS,PASS,PASS,PASS,PASS,PASS,PASS,True,,4,4,1.0,PASS,4,4,1.0,PASS,4,4,1.0,PASS,6,6,1.0,PASS,6,6,1.0,PASS,2,2,1.0,PASS,9,9,1.0,PASS,8,8,1.0,PASS,20,20,1.0,PASS
S40_WU04_L_01,S40,WU04,L,PASS,PASS,PASS,PASS,PASS,PASS,PASS,PASS,True,,4,4,1.0,PASS,4,4,1.0,PASS,4,4,1.0,PASS,6,6,1.0,PASS,6,6,1.0,PASS,2,2,1.0,PASS,9,9,1.0,PASS,8,8,1.0,PASS,20,20,1.0,PASS
S40_WU04_R_01,S40,WU04,R,PASS,PASS,PASS,PASS,PASS,PASS,PASS,PASS,True,,4,4,1.0,PASS,4,4,1.0,PASS,4,4,1.0,PASS,6,6,1.0,PASS,6,6,1.0,PASS,2,2,1.0,PASS,9,9,1.0,PASS,8,8,1.0,PASS,20,20,1.0,PASS
S40_WU04_L_02,S40,WU04,L,PASS,PASS,PASS,PASS,PASS,PASS,PASS,PASS,True,,4,4,1.0,PASS,4,4,1.0,PASS,4,4,1.0,PASS,6,6,1.0,PASS,6,6,1.0,PASS,2,2,1.0,PASS,9,9,1.0,PASS,8,8,1.0,PASS,20,20,1.0,PASS
S40_WU05_L_01,S40,WU05,L,PASS,PASS,PASS,PASS,PASS,PASS,PASS,PASS,True,,4,4,1.0,PASS,4,4,1.0,PASS,4,4,1.0,PASS,6,6,1.0,PASS,6,6,1.0,PASS,2,2,1.0,PASS,9,9,1.0,PASS,8,8,1.0,PASS,20,20,1.0,PASS
S40_WU05_R_01,S40,WU05,R,PASS,PASS,PASS,PASS,PASS,PASS,PASS,PASS,True,,4,4,1.0,PASS,4,4,1.0,PASS,4,4,1.0,PASS,6,6,1.0,PASS,6,6,1.0,PASS,2,2,1.0,PASS,9,9,1.0,PASS,8,8,1.0,PASS,20,20,1.0,PASS
S40_WU05_L_02,S40,WU05,L,PASS,PASS,PASS,PASS,PASS,PASS,PASS,PASS,True,,4,4,1.0,PASS,4,4,1.0,PASS,4,4,1.0,PASS,6,6,1.0,PASS,6,6,1.0,PASS,2,2,1.0,PASS,9,9,1.0,PASS,8,8,1.0,PASS,20,20,1.0,PASS
S40_WU05_R_02,S40,WU05,R,PASS,PASS,PASS,PASS,PASS,PASS,PASS,PASS,True,,4,4,1.0,PASS,4,4,1.0,PASS,4,4,1.0,PASS,6,6,1.0,PASS,6,6,1.0,PASS,2,2,1.0,PASS,9,9,1.0,PASS,8,8,1.0,PASS,20,20,1.0,PASS
S40_WU07_R_01,S40,WU07,R,PASS,PASS,PASS,PASS,PASS,PASS,PASS,PASS,True,,4,4,1.0,PASS,4,4,1.0,PASS,4,4,1.0,PASS,6,6,1.0,PASS,6,6,1.0,PASS,2,2,1.0,PASS,9,9,1.0,PASS,8,8,1.0,PASS,20,20,1.0,PASS
S40_WU07_L_01,S40,WU07,L,PASS,PASS,PASS,PASS,PASS,PASS,PASS,PASS,True,,4,4,1.0,PASS,4,4,1.0,PASS,4,4,1.0,PASS,6,6,1.0,PASS,6,6,1.0,PASS,2,2,1.0,PASS,9,9,1.0,PASS,8,8,1.0,PASS,20,20,1.0,PASS
S40_WU07_R_02,S40,WU07,R,PASS,PASS,PASS,PASS,PASS,PASS,PASS,PASS,True,,4,4,1.0,PASS,4,4,1.0,PASS,4,4,1.0,PASS,6,6,1.0,PASS,6,6,1.0,PASS,2,2,1.0,PASS,9,9,1.0,PASS,8,8,1.0,PASS,20,20,1.0,PASS
S40_WU07_L_02,S40,WU07,L,PASS,PASS,PASS,PASS,PASS,PASS,PASS,PASS,True,,4,4,1.0,PASS,4,4,1.0,PASS,4,4,1.0,PASS,6,6,1.0,PASS,6,6,1.0,PASS,2,2,1.0,PASS,9,9,1.0,PASS,8,8,1.0,PASS,20,20,1.0,PASS
S40_WU07_R_03,S40,WU07,R,PASS,PASS,PASS,PASS,PASS,PASS,PASS,PASS,True,,4,4,1.0,PASS,4,4,1.0,PASS,4,4,1.0,PASS,6,6,1.0,PASS,6,6,1.0,PASS,2,2,1.0,PASS,9,9,1.0,PASS,8,8,1.0,PASS,20,20,1.0,PASS
S40_WU09_L_01,S40,WU09,L,PASS,PASS,PASS,PASS,PASS,PASS,PASS,PASS,True,,4,4,1.0,PASS,4,4,1.0,PASS,4,4,1.0,PASS,6,6,1.0,PASS,6,6,1.0,PASS,2,2,1.0,PASS,9,9,1.0,PASS,8,8,1.0,PASS,20,20,1.0,PASS
S40_WU09_R_01,S40,WU09,R,PASS,PASS,PASS,PASS,PASS,PASS,PASS,PASS,True,,4,4,1.0,PASS,4,4,1.0,PASS,4,4,1.0,PASS,6,6,1.0,PASS,6,6,1.0,PASS,2,2,1.0,PASS,9,9,1.0,PASS,8,8,1.0,PASS,20,20,1.0,PASS
S40_WU09_L_02,S40,WU09,L,PASS,PASS,PASS,PASS,PASS,PASS,PASS,PASS,True,,4,4,1.0,PASS,4,4,1.0,PASS,4,4,1.0,PASS,6,6,1.0,PASS,6,6,1.0,PASS,2,2,1.0,PASS,9,9,1.0,PASS,8,8,1.0,PASS,20,20,1.0,PASS
S40_WU09_R_02,S40,WU09,R,PASS,PASS,PASS,PASS,PASS,PASS,PASS,PASS,True,,4,4,1.0,PASS,4,4,1.0,PASS,4,4,1.0,PASS,6,6,1.0,PASS,6,6,1.0,PASS,2,2,1.0,PASS,9,9,1.0,PASS,8,8,1.0,PASS,20,20,1.0,PASS
S40_WU11_L_01,S40,WU11,L,PASS,PASS,PASS,PASS,PASS,PASS,PASS,PASS,True,,4,4,1.0,PASS,4,4,1.0,PASS,4,4,1.0,PASS,6,6,1.0,PASS,6,6,1.0,PASS,2,2,1.0,PASS,9,9,1.0,PASS,8,8,1.0,PASS,20,20,1.0,PASS
S40_WU11_R_01,S40,WU11,R,PASS,PASS,PASS,PASS,PASS,PASS,PASS,PASS,True,,4,4,1.0,PASS,4,4,1.0,PASS,4,4,1.0,PASS,6,6,1.0,PASS,6,6,1.0,PASS,2,2,1.0,PASS,9,9,1.0,PASS,8,8,1.0,PASS,20,20,1.0,PASS
S40_WU11_L_02,S40,WU11,L,PASS,PASS,PASS,PASS,PASS,PASS,PASS,PASS,True,,4,4,1.0,PASS,4,4,1.0,PASS,4,4,1.0,PASS,6,6,1.0,PASS,6,6,1.0,PASS,2,2,1.0,PASS,9,9,1.0,PASS,8,8,1.0,PASS,20,20,1.0,PASS
S40_WU11_R_02,S40,WU11,R,PASS,PASS,PASS,PASS,PASS,PASS,PASS,PASS,True,,4,4,1.0,PASS,4,4,1.0,PASS,4,4,1.0,PASS,6,6,1.0,PASS,6,6,1.0,PASS,2,2,1.0,PASS,9,9,1.0,PASS,8,8,1.0,PASS,20,20,1.0,PASS
S41_WU01_R_01,S41,WU01,R,PASS,PASS,PASS,PASS,PASS,PASS,PASS,PASS,True,,4,4,1.0,PASS,4,4,1.0,PASS,4,4,1.0,PASS,6,6,1.0,PASS,6,6,1.0,PASS,2,2,1.0,PASS,9,9,1.0,PASS,8,8,1.0,PASS,20,20,1.0,PASS
S41_WU01_L_01,S41,WU01,L,PASS,PASS,PASS,PASS,PASS,PASS,PASS,PASS,True,,4,4,1.0,PASS,4,4,1.0,PASS,4,4,1.0,PASS,6,6,1.0,PASS,6,6,1.0,PASS,2,2,1.0,PASS,9,9,1.0,PASS,8,8,1.0,PASS,20,20,1.0,PASS
S41_WU01_R_02,S41,WU01,R,PASS,PASS,PASS,PASS,PASS,PASS,PASS,PASS,True,,4,4,1.0,PASS,4,4,1.0,PASS,4,4,1.0,PASS,6,6,1.0,PASS,6,6,1.0,PASS,2,2,1.0,PASS,9,9,1.0,PASS,8,8,1.0,PASS,20,20,1.0,PASS
S41_WU01_L_02,S41,WU01,L,PASS,PASS,PASS,PASS,PASS,PASS,PASS,PASS,True,,4,4,1.0,PASS,4,4,1.0,PASS,4,4,1.0,PASS,6,6,1.0,PASS,6,6,1.0,PASS,2,2,1.0,PASS,9,9,1.0,PASS,8,8,1.0,PASS,20,20,1.0,PASS
S41_WU02_R_01,S41,WU02,R,PASS,PASS,PASS,PASS,PASS,PASS,PASS,PASS,True,,4,4,1.0,PASS,4,4,1.0,PASS,4,4,1.0,PASS,6,6,1.0,PASS,6,6,1.0,PASS,2,2,1.0,PASS,9,9,1.0,PASS,8,8,1.0,PASS,20,20,1.0,PASS
S41_WU02_L_01,S41,WU02,L,PASS,PASS,PASS,PASS,PASS,PASS,PASS,PASS,True,,4,4,1.0,PASS,4,4,1.0,PASS,4,4,1.0,PASS,6,6,1.0,PASS,6,6,1.0,PASS,2,2,1.0,PASS,9,9,1.0,PASS,8,8,1.0,PASS,20,20,1.0,PASS
S41_WU02_R_02,S41,WU02,R,PASS,PASS,PASS,PASS,PASS,PASS,PASS,PASS,True,,4,4,1.0,PASS,4,4,1.0,PASS,4,4,1.0,PASS,6,6,1.0,PASS,6,6,1.0,PASS,2,2,1.0,PASS,9,9,1.0,PASS,8,8,1.0,PASS,20,20,1.0,PASS
S41_WU02_L_02,S41,WU02,L,PASS,PASS,PASS,PASS,PASS,PASS,PASS,PASS,True,,4,4,1.0,PASS,4,4,1.0,PASS,4,4,1.0,PASS,6,6,1.0,PASS,6,6,1.0,PASS,2,2,1.0,PASS,9,9,1.0,PASS,8,8,1.0,PASS,20,20,1.0,PASS
S41_WU03_L_01,S41,WU03,L,PASS,PASS,PASS,PASS,PASS,PASS,PASS,PASS,True,,4,4,1.0,PASS,4,4,1.0,PASS,4,4,1.0,PASS,6,6,1.0,PASS,6,6,1.0,PASS,2,2,1.0,PASS,9,9,1.0,PASS,8,8,1.0,PASS,20,20,1.0,PASS
S41_WU03_R_01,S41,WU03,R,PASS,PASS,PASS,PASS,PASS,PASS,PASS,PASS,True,,4,4,1.0,PASS,4,4,1.0,PASS,4,4,1.0,PASS,6,6,1.0,PASS,6,6,1.0,PASS,2,2,1.0,PASS,9,9,1.0,PASS,8,8,1.0,PASS,20,20,1.0,PASS
S41_WU04_L_01,S41,WU04,L,PASS,PASS,PASS,PASS,PASS,PASS,PASS,PASS,True,,4,4,1.0,PASS,4,4,1.0,PASS,4,4,1.0,PASS,6,6,1.0,PASS,6,6,1.0,PASS,2,2,1.0,PASS,9,9,1.0,PASS,8,8,1.0,PASS,20,20,1.0,PASS
S41_WU04_R_01,S41,WU04,R,PASS,PASS,PASS,PASS,PASS,PASS,PASS,PASS,True,,4,4,1.0,PASS,4,4,1.0,PASS,4,4,1.0,PASS,6,6,1.0,PASS,6,6,1.0,PASS,2,2,1.0,PASS,9,9,1.0,PASS,8,8,1.0,PASS,20,20,1.0,PASS
S41_WU05_L_01,S41,WU05,L,PASS,PASS,PASS,PASS,PASS,PASS,PASS,PASS,True,,4,4,1.0,PASS,4,4,1.0,PASS,4,4,1.0,PASS,6,6,1.0,PASS,6,6,1.0,PASS,2,2,1.0,PASS,9,9,1.0,PASS,8,8,1.0,PASS,20,20,1.0,PASS
S41_WU05_R_01,S41,WU05,R,PASS,PASS,PASS,PASS,PASS,PASS,PASS,PASS,True,,4,4,1.0,PASS,4,4,1.0,PASS,4,4,1.0,PASS,6,6,1.0,PASS,6,6,1.0,PASS,2,2,1.0,PASS,9,9,1.0,PASS,8,8,1.0,PASS,20,20,1.0,PASS
S41_WU05_L_02,S41,WU05,L,PASS,PASS,PASS,PASS,PASS,PASS,PASS,PASS,True,,4,4,1.0,PASS,4,4,1.0,PASS,4,4,1.0,PASS,6,6,1.0,PASS,6,6,1.0,PASS,2,2,1.0,PASS,9,9,1.0,PASS,8,8,1.0,PASS,20,20,1.0,PASS
S41_WU06_L_01,S41,WU06,L,PASS,PASS,PASS,PASS,PASS,PASS,PASS,PASS,True,,4,4,1.0,PASS,4,4,1.0,PASS,4,4,1.0,PASS,6,6,1.0,PASS,6,6,1.0,PASS,2,2,1.0,PASS,9,9,1.0,PASS,8,8,1.0,PASS,20,20,1.0,PASS
S41_WU06_R_01,S41,WU06,R,PASS,PASS,PASS,PASS,PASS,PASS,PASS,PASS,True,,4,4,1.0,PASS,4,4,1.0,PASS,4,4,1.0,PASS,6,6,1.0,PASS,6,6,1.0,PASS,2,2,1.0,PASS,9,9,1.0,PASS,8,8,1.0,PASS,20,20,1.0,PASS
S41_WU06_L_02,S41,WU06,L,PASS,PASS,PASS,PASS,PASS,PASS,PASS,PASS,True,,4,4,1.0,PASS,4,4,1.0,PASS,4,4,1.0,PASS,6,6,1.0,PASS,6,6,1.0,PASS,2,2,1.0,PASS,9,9,1.0,PASS,8,8,1.0,PASS,20,20,1.0,PASS
S41_WU07_R_01,S41,WU07,R,PASS,PASS,PASS,PASS,PASS,PASS,PASS,PASS,True,,4,4,1.0,PASS,4,4,1.0,PASS,4,4,1.0,PASS,6,6,1.0,PASS,6,6,1.0,PASS,2,2,1.0,PASS,9,9,1.0,PASS,8,8,1.0,PASS,20,20,1.0,PASS
S41_WU07_L_01,S41,WU07,L,PASS,PASS,PASS,PASS,PASS,PASS,PASS,PASS,True,,4,4,1.0,PASS,4,4,1.0,PASS,4,4,1.0,PASS,6,6,1.0,PASS,6,6,1.0,PASS,2,2,1.0,PASS,9,9,1.0,PASS,8,8,1.0,PASS,20,20,1.0,PASS
S41_WU07_R_02,S41,WU07,R,PASS,PASS,PASS,PASS,PASS,PASS,PASS,PASS,True,,4,4,1.0,PASS,4,4,1.0,PASS,4,4,1.0,PASS,6,6,1.0,PASS,6,6,1.0,PASS,2,2,1.0,PASS,9,9,1.0,PASS,8,8,1.0,PASS,20,20,1.0,PASS
S41_WU08_R_01,S41,WU08,R,PASS,PASS,PASS,PASS,PASS,PASS,PASS,PASS,True,,4,4,1.0,PASS,4,4,1.0,PASS,4,4,1.0,PASS,6,6,1.0,PASS,6,6,1.0,PASS,2,2,1.0,PASS,9,9,1.0,PASS,8,8,1.0,PASS,20,20,1.0,PASS
S41_WU08_L_01,S41,WU08,L,PASS,PASS,PASS,PASS,PASS,PASS,PASS,PASS,True,,4,4,1.0,PASS,4,4,1.0,PASS,4,4,1.0,PASS,6,6,1.0,PASS,6,6,1.0,PASS,2,2,1.0,PASS,9,9,1.0,PASS,8,8,1.0,PASS,20,20,1.0,PASS
S41_WU08_R_02,S41,WU08,R,PASS,PASS,PASS,PASS,PASS,PASS,PASS,PASS,True,,4,4,1.0,PASS,4,4,1.0,PASS,4,4,1.0,PASS,6,6,1.0,PASS,6,6,1.0,PASS,2,2,1.0,PASS,9,9,1.0,PASS,8,8,1.0,PASS,20,20,1.0,PASS
S42_WU01_R_01,S42,WU01,R,PASS,PASS,PASS,PASS,PASS,PASS,PASS,PASS,True,,4,4,1.0,PASS,4,4,1.0,PASS,4,4,1.0,PASS,6,6,1.0,PASS,6,6,1.0,PASS,2,2,1.0,PASS,9,9,1.0,PASS,8,8,1.0,PASS,20,20,1.0,PASS
S42_WU01_L_01,S42,WU01,L,PASS,PASS,PASS,PASS,PASS,PASS,PASS,PASS,True,,4,4,1.0,PASS,4,4,1.0,PASS,4,4,1.0,PASS,6,6,1.0,PASS,6,6,1.0,PASS,2,2,1.0,PASS,9,9,1.0,PASS,8,8,1.0,PASS,20,20,1.0,PASS
S42_WU01_R_02,S42,WU01,R,PASS,PASS,PASS,PASS,PASS,PASS,PASS,PASS,True,,4,4,1.0,PASS,4,4,1.0,PASS,4,4,1.0,PASS,6,6,1.0,PASS,6,6,1.0,PASS,2,2,1.0,PASS,9,9,1.0,PASS,8,8,1.0,PASS,20,20,1.0,PASS
S42_WU01_L_02,S42,WU01,L,PASS,PASS,PASS,PASS,PASS,PASS,PASS,PASS,True,,4,4,1.0,PASS,4,4,1.0,PASS,4,4,1.0,PASS,6,6,1.0,PASS,6,6,1.0,PASS,2,2,1.0,PASS,9,9,1.0,PASS,8,8,1.0,PASS,20,20,1.0,PASS
S42_WU01_R_03,S42,WU01,R,PASS,PASS,PASS,PASS,PASS,PASS,PASS,PASS,True,,4,4,1.0,PASS,4,4,1.0,PASS,4,4,1.0,PASS,6,6,1.0,PASS,6,6,1.0,PASS,2,2,1.0,PASS,9,9,1.0,PASS,8,8,1.0,PASS,20,20,1.0,PASS
S42_WU01_L_03,S42,WU01,L,PASS,PASS,PASS,PASS,PASS,PASS,PASS,PASS,True,,4,4,1.0,PASS,4,4,1.0,PASS,4,4,1.0,PASS,6,6,1.0,PASS,6,6,1.0,PASS,2,2,1.0,PASS,9,9,1.0,PASS,8,8,1.0,PASS,20,20,1.0,PASS
S42_WU02_L_01,S42,WU02,L,PASS,PASS,PASS,PASS,PASS,PASS,PASS,PASS,True,,4,4,1.0,PASS,4,4,1.0,PASS,4,4,1.0,PASS,6,6,1.0,PASS,6,6,1.0,PASS,2,2,1.0,PASS,9,9,1.0,PASS,8,8,1.0,PASS,20,20,1.0,PASS
S42_WU02_R_01,S42,WU02,R,PASS,PASS,PASS,PASS,PASS,PASS,PASS,PASS,True,,4,4,1.0,PASS,4,4,1.0,PASS,4,4,1.0,PASS,6,6,1.0,PASS,6,6,1.0,PASS,2,2,1.0,PASS,9,9,1.0,PASS,8,8,1.0,PASS,20,20,1.0,PASS
S42_WU02_L_02,S42,WU02,L,PASS,PASS,PASS,PASS,PASS,PASS,PASS,PASS,True,,4,4,1.0,PASS,4,4,1.0,PASS,4,4,1.0,PASS,6,6,1.0,PASS,6,6,1.0,PASS,2,2,1.0,PASS,9,9,1.0,PASS,8,8,1.0,PASS,20,20,1.0,PASS
S42_WU02_R_02,S42,WU02,R,PASS,PASS,PASS,PASS,PASS,PASS,PASS,PASS,True,,4,4,1.0,PASS,4,4,1.0,PASS,4,4,1.0,PASS,6,6,1.0,PASS,6,6,1.0,PASS,2,2,1.0,PASS,9,9,1.0,PASS,8,8,1.0,PASS,20,20,1.0,PASS
S42_WU03_R_01,S42,WU03,R,PASS,PASS,PASS,PASS,PASS,PASS,PASS,PASS,True,,4,4,1.0,PASS,4,4,1.0,PASS,4,4,1.0,PASS,6,6,1.0,PASS,6,6,1.0,PASS,2,2,1.0,PASS,9,9,1.0,PASS,8,8,1.0,PASS,20,20,1.0,PASS
S42_WU03_L_01,S42,WU03,L,PASS,PASS,PASS,PASS,PASS,PASS,PASS,PASS,True,,4,4,1.0,PASS,4,4,1.0,PASS,4,4,1.0,PASS,6,6,1.0,PASS,6,6,1.0,PASS,2,2,1.0,PASS,9,9,1.0,PASS,8,8,1.0,PASS,20,20,1.0,PASS
S42_WU03_R_02,S42,WU03,R,PASS,PASS,PASS,PASS,PASS,PASS,PASS,PASS,True,,4,4,1.0,PASS,4,4,1.0,PASS,4,4,1.0,PASS,6,6,1.0,PASS,6,6,1.0,PASS,2,2,1.0,PASS,9,9,1.0,PASS,8,8,1.0,PASS,20,20,1.0,PASS
S42_WU03_L_02,S42,WU03,L,PASS,PASS,PASS,PASS,PASS,PASS,PASS,PASS,True,,4,4,1.0,PASS,4,4,1.0,PASS,4,4,1.0,PASS,6,6,1.0,PASS,6,6,1.0,PASS,2,2,1.0,PASS,9,9,1.0,PASS,8,8,1.0,PASS,20,20,1.0,PASS
S42_WU03_R_03,S42,WU03,R,PASS,PASS,PASS,PASS,PASS,PASS,PASS,PASS,True,,4,4,1.0,PASS,4,4,1.0,PASS,4,4,1.0,PASS,6,6,1.0,PASS,6,6,1.0,PASS,2,2,1.0,PASS,9,9,1.0,PASS,8,8,1.0,PASS,20,20,1.0,PASS
S42_WU04_R_01,S42,WU04,R,PASS,PASS,PASS,PASS,PASS,PASS,PASS,PASS,True,,4,4,1.0,PASS,4,4,1.0,PASS,4,4,1.0,PASS,6,6,1.0,PASS,6,6,1.0,PASS,2,2,1.0,PASS,9,9,1.0,PASS,8,8,1.0,PASS,20,20,1.0,PASS
S42_WU04_L_01,S42,WU04,L,PASS,PASS,PASS,PASS,PASS,PASS,PASS,PASS,True,,4,4,1.0,PASS,4,4,1.0,PASS,4,4,1.0,PASS,6,6,1.0,PASS,6,6,1.0,PASS,2,2,1.0,PASS,9,9,1.0,PASS,8,8,1.0,PASS,20,20,1.0,PASS
S42_WU04_R_02,S42,WU04,R,PASS,PASS,PASS,PASS,PASS,PASS,PASS,PASS,True,,4,4,1.0,PASS,4,4,1.0,PASS,4,4,1.0,PASS,6,6,1.0,PASS,6,6,1.0,PASS,2,2,1.0,PASS,9,9,1.0,PASS,8,8,1.0,PASS,20,20,1.0,PASS
S42_WU04_L_02,S42,WU04,L,PASS,PASS,PASS,PASS,PASS,PASS,PASS,PASS,True,,4,4,1.0,PASS,4,4,1.0,PASS,4,4,1.0,PASS,6,6,1.0,PASS,6,6,1.0,PASS,2,2,1.0,PASS,9,9,1.0,PASS,8,8,1.0,PASS,20,20,1.0,PASS
S42_WU04_R_03,S42,WU04,R,PASS,PASS,PASS,PASS,PASS,PASS,PASS,PASS,True,,4,4,1.0,PASS,4,4,1.0,PASS,4,4,1.0,PASS,6,6,1.0,PASS,6,6,1.0,PASS,2,2,1.0,PASS,9,9,1.0,PASS,8,8,1.0,PASS,20,20,1.0,PASS
S42_WU05_R_01,S42,WU05,R,PASS,PASS,PASS,PASS,PASS,PASS,PASS,PASS,True,,4,4,1.0,PASS,4,4,1.0,PASS,4,4,1.0,PASS,6,6,1.0,PASS,6,6,1.0,PASS,2,2,1.0,PASS,9,9,1.0,PASS,8,8,1.0,PASS,20,20,1.0,PASS
S42_WU05_L_01,S42,WU05,L,PASS,PASS,PASS,PASS,PASS,PASS,PASS,PASS,True,,4,4,1.0,PASS,4,4,1.0,PASS,4,4,1.0,PASS,6,6,1.0,PASS,6,6,1.0,PASS,2,2,1.0,PASS,9,9,1.0,PASS,8,8,1.0,PASS,20,20,1.0,PASS
S42_WU05_R_02,S42,WU05,R,PASS,PASS,PASS,PASS,PASS,PASS,PASS,PASS,True,,4,4,1.0,PASS,4,4,1.0,PASS,4,4,1.0,PASS,6,6,1.0,PASS,6,6,1.0,PASS,2,2,1.0,PASS,9,9,1.0,PASS,8,8,1.0,PASS,20,20,1.0,PASS
S42_WU05_L_02,S42,WU05,L,PASS,PASS,PASS,PASS,PASS,PASS,PASS,PASS,True,,4,4,1.0,PASS,4,4,1.0,PASS,4,4,1.0,PASS,6,6,1.0,PASS,6,6,1.0,PASS,2,2,1.0,PASS,9,9,1.0,PASS,8,8,1.0,PASS,20,20,1.0,PASS
S42_WU05_R_03,S42,WU05,R,PASS,PASS,PASS,PASS,PASS,PASS,PASS,PASS,True,,4,4,1.0,PASS,4,4,1.0,PASS,4,4,1.0,PASS,6,6,1.0,PASS,6,6,1.0,PASS,2,2,1.0,PASS,9,9,1.0,PASS,8,8,1.0,PASS,20,20,1.0,PASS
S42_WU08_R_01,S42,WU08,R,PASS,PASS,PASS,PASS,PASS,PASS,PASS,PASS,True,,4,4,1.0,PASS,4,4,1.0,PASS,4,4,1.0,PASS,6,6,1.0,PASS,6,6,1.0,PASS,2,2,1.0,PASS,9,9,1.0,PASS,8,8,1.0,PASS,20,20,1.0,PASS
S42_WU08_L_01,S42,WU08,L,PASS,PASS,PASS,PASS,PASS,PASS,PASS,PASS,True,,4,4,1.0,PASS,4,4,1.0,PASS,4,4,1.0,PASS,6,6,1.0,PASS,6,6,1.0,PASS,2,2,1.0,PASS,9,9,1.0,PASS,8,8,1.0,PASS,20,20,1.0,PASS
S42_WU08_R_02,S42,WU08,R,PASS,PASS,PASS,PASS,PASS,PASS,PASS,PASS,True,,4,4,1.0,PASS,4,4,1.0,PASS,4,4,1.0,PASS,6,6,1.0,PASS,6,6,1.0,PASS,2,2,1.0,PASS,9,9,1.0,PASS,8,8,1.0,PASS,20,20,1.0,PASS
S42_WU08_L_02,S42,WU08,L,PASS,PASS,PASS,PASS,PASS,PASS,PASS,PASS,True,,4,4,1.0,PASS,4,4,1.0,PASS,4,4,1.0,PASS,6,6,1.0,PASS,6,6,1.0,PASS,2,2,1.0,PASS,9,9,1.0,PASS,8,8,1.0,PASS,20,20,1.0,PASS
S42_WU08_R_03,S42,WU08,R,PASS,PASS,PASS,PASS,PASS,PASS,PASS,PASS,True,,4,4,1.0,PASS,4,4,1.0,PASS,4,4,1.0,PASS,6,6,1.0,PASS,6,6,1.0,PASS,2,2,1.0,PASS,9,9,1.0,PASS,8,8,1.0,PASS,20,20,1.0,PASS
S43_WU01_L_01,S43,WU01,L,PASS,PASS,PASS,PASS,PASS,PASS,PASS,PASS,True,,4,4,1.0,PASS,4,4,1.0,PASS,4,4,1.0,PASS,6,6,1.0,PASS,6,6,1.0,PASS,2,2,1.0,PASS,9,9,1.0,PASS,8,8,1.0,PASS,20,20,1.0,PASS
S43_WU01_R_01,S43,WU01,R,PASS,PASS,PASS,PASS,PASS,PASS,PASS,PASS,True,,4,4,1.0,PASS,4,4,1.0,PASS,4,4,1.0,PASS,6,6,1.0,PASS,6,6,1.0,PASS,2,2,1.0,PASS,9,9,1.0,PASS,8,8,1.0,PASS,20,20,1.0,PASS
S43_WU01_L_02,S43,WU01,L,PASS,PASS,PASS,PASS,PASS,PASS,PASS,PASS,True,,4,4,1.0,PASS,4,4,1.0,PASS,4,4,1.0,PASS,6,6,1.0,PASS,6,6,1.0,PASS,2,2,1.0,PASS,9,9,1.0,PASS,8,8,1.0,PASS,20,20,1.0,PASS
S43_WU02_L_01,S43,WU02,L,PASS,PASS,PASS,PASS,PASS,PASS,PASS,PASS,True,,4,4,1.0,PASS,4,4,1.0,PASS,4,4,1.0,PASS,6,6,1.0,PASS,6,6,1.0,PASS,2,2,1.0,PASS,9,9,1.0,PASS,8,8,1.0,PASS,20,20,1.0,PASS
S43_WU02_R_01,S43,WU02,R,PASS,PASS,PASS,PASS,PASS,PASS,PASS,PASS,True,,4,4,1.0,PASS,4,4,1.0,PASS,4,4,1.0,PASS,6,6,1.0,PASS,6,6,1.0,PASS,2,2,1.0,PASS,9,9,1.0,PASS,8,8,1.0,PASS,20,20,1.0,PASS
S43_WU03_L_01,S43,WU03,L,PASS,PASS,PASS,PASS,PASS,PASS,PASS,PASS,True,,4,4,1.0,PASS,4,4,1.0,PASS,4,4,1.0,PASS,6,6,1.0,PASS,6,6,1.0,PASS,2,2,1.0,PASS,9,9,1.0,PASS,8,8,1.0,PASS,20,20,1.0,PASS
S43_WU03_R_01,S43,WU03,R,PASS,PASS,PASS,PASS,PASS,PASS,PASS,PASS,True,,4,4,1.0,PASS,4,4,1.0,PASS,4,4,1.0,PASS,6,6,1.0,PASS,6,6,1.0,PASS,2,2,1.0,PASS,9,9,1.0,PASS,8,8,1.0,PASS,20,20,1.0,PASS
S43_WU03_L_02,S43,WU03,L,PASS,PASS,PASS,PASS,PASS,PASS,PASS,PASS,True,,4,4,1.0,PASS,4,4,1.0,PASS,4,4,1.0,PASS,6,6,1.0,PASS,6,6,1.0,PASS,2,2,1.0,PASS,9,9,1.0,PASS,8,8,1.0,PASS,20,20,1.0,PASS
S43_WU04_L_01,S43,WU04,L,PASS,PASS,PASS,PASS,PASS,PASS,PASS,PASS,True,,4,4,1.0,PASS,4,4,1.0,PASS,4,4,1.0,PASS,6,6,1.0,PASS,6,6,1.0,PASS,2,2,1.0,PASS,9,9,1.0,PASS,8,8,1.0,PASS,20,20,1.0,PASS
S43_WU04_R_01,S43,WU04,R,PASS,PASS,PASS,PASS,PASS,PASS,PASS,PASS,True,,4,4,1.0,PASS,4,4,1.0,PASS,4,4,1.0,PASS,6,6,1.0,PASS,6,6,1.0,PASS,2,2,1.0,PASS,9,9,1.0,PASS,8,8,1.0,PASS,20,20,1.0,PASS
S43_WU05_R_01,S43,WU05,R,PASS,PASS,PASS,PASS,PASS,PASS,PASS,PASS,True,,4,4,1.0,PASS,4,4,1.0,PASS,4,4,1.0,PASS,6,6,1.0,PASS,6,6,1.0,PASS,2,2,1.0,PASS,9,9,1.0,PASS,8,8,1.0,PASS,20,20,1.0,PASS
S43_WU05_L_01,S43,WU05,L,PASS,PASS,PASS,PASS,PASS,PASS,PASS,PASS,True,,4,4,1.0,PASS,4,4,1.0,PASS,4,4,1.0,PASS,6,6,1.0,PASS,6,6,1.0,PASS,2,2,1.0,PASS,9,9,1.0,PASS,8,8,1.0,PASS,20,20,1.0,PASS
S43_WU05_R_02,S43,WU05,R,PASS,PASS,PASS,PASS,PASS,PASS,PASS,PASS,True,,4,4,1.0,PASS,4,4,1.0,PASS,4,4,1.0,PASS,6,6,1.0,PASS,6,6,1.0,PASS,2,2,1.0,PASS,9,9,1.0,PASS,8,8,1.0,PASS,20,20,1.0,PASS
S43_WU05_L_02,S43,WU05,L,PASS,PASS,PASS,PASS,PASS,PASS,PASS,PASS,True,,4,4,1.0,PASS,4,4,1.0,PASS,4,4,1.0,PASS,6,6,1.0,PASS,6,6,1.0,PASS,2,2,1.0,PASS,9,9,1.0,PASS,8,8,1.0,PASS,20,20,1.0,PASS
S43_WU06_L_01,S43,WU06,L,PASS,PASS,PASS,PASS,PASS,PASS,PASS,PASS,True,,4,4,1.0,PASS,4,4,1.0,PASS,4,4,1.0,PASS,6,6,1.0,PASS,6,6,1.0,PASS,2,2,1.0,PASS,9,9,1.0,PASS,8,8,1.0,PASS,20,20,1.0,PASS
S43_WU06_R_01,S43,WU06,R,PASS,PASS,PASS,PASS,PASS,PASS,PASS,PASS,True,,4,4,1.0,PASS,4,4,1.0,PASS,4,4,1.0,PASS,6,6,1.0,PASS,6,6,1.0,PASS,2,2,1.0,PASS,9,9,1.0,PASS,8,8,1.0,PASS,20,20,1.0,PASS
S43_WU06_L_02,S43,WU06,L,PASS,PASS,PASS,PASS,PASS,PASS,PASS,PASS,True,,4,4,1.0,PASS,4,4,1.0,PASS,4,4,1.0,PASS,6,6,1.0,PASS,6,6,1.0,PASS,2,2,1.0,PASS,9,9,1.0,PASS,8,8,1.0,PASS,20,20,1.0,PASS
S46_WU01_R_01,S46,WU01,R,PASS,PASS,PASS,PASS,PASS,PASS,PASS,PASS,True,,4,4,1.0,PASS,4,4,1.0,PASS,4,4,1.0,PASS,6,6,1.0,PASS,6,6,1.0,PASS,2,2,1.0,PASS,9,9,1.0,PASS,8,8,1.0,PASS,20,20,1.0,PASS
S46_WU01_L_01,S46,WU01,L,PASS,PASS,PASS,PASS,PASS,PASS,PASS,PASS,True,,4,4,1.0,PASS,4,4,1.0,PASS,4,4,1.0,PASS,6,6,1.0,PASS,6,6,1.0,PASS,2,2,1.0,PASS,9,9,1.0,PASS,8,8,1.0,PASS,20,20,1.0,PASS
S46_WU02_R_01,S46,WU02,R,PASS,PASS,PASS,PASS,PASS,PASS,PASS,PASS,True,,4,4,1.0,PASS,4,4,1.0,PASS,4,4,1.0,PASS,6,6,1.0,PASS,6,6,1.0,PASS,2,2,1.0,PASS,9,9,1.0,PASS,8,8,1.0,PASS,20,20,1.0,PASS
S46_WU02_L_01,S46,WU02,L,PASS,PASS,PASS,PASS,PASS,PASS,PASS,PASS,True,,4,4,1.0,PASS,4,4,1.0,PASS,4,4,1.0,PASS,6,6,1.0,PASS,6,6,1.0,PASS,2,2,1.0,PASS,9,9,1.0,PASS,8,8,1.0,PASS,20,20,1.0,PASS
S46_WU02_R_02,S46,WU02,R,PASS,PASS,PASS,PASS,PASS,PASS,PASS,PASS,True,,4,4,1.0,PASS,4,4,1.0,PASS,4,4,1.0,PASS,6,6,1.0,PASS,6,6,1.0,PASS,2,2,1.0,PASS,9,9,1.0,PASS,8,8,1.0,PASS,20,20,1.0,PASS
S46_WU02_L_02,S46,WU02,L,PASS,PASS,PASS,PASS,PASS,PASS,PASS,PASS,True,,4,4,1.0,PASS,4,4,1.0,PASS,4,4,1.0,PASS,6,6,1.0,PASS,6,6,1.0,PASS,2,2,1.0,PASS,9,9,1.0,PASS,8,8,1.0,PASS,20,20,1.0,PASS
S46_WU03_L_01,S46,WU03,L,PASS,PASS,PASS,PASS,PASS,PASS,PASS,PASS,True,,4,4,1.0,PASS,4,4,1.0,PASS,4,4,1.0,PASS,6,6,1.0,PASS,6,6,1.0,PASS,2,2,1.0,PASS,9,9,1.0,PASS,8,8,1.0,PASS,20,20,1.0,PASS
S46_WU03_R_01,S46,WU03,R,PASS,PASS,PASS,PASS,PASS,PASS,PASS,PASS,True,,4,4,1.0,PASS,4,4,1.0,PASS,4,4,1.0,PASS,6,6,1.0,PASS,6,6,1.0,PASS,2,2,1.0,PASS,9,9,1.0,PASS,8,8,1.0,PASS,20,20,1.0,PASS
S46_WU03_L_02,S46,WU03,L,PASS,PASS,PASS,PASS,PASS,PASS,PASS,PASS,True,,4,4,1.0,PASS,4,4,1.0,PASS,4,4,1.0,PASS,6,6,1.0,PASS,6,6,1.0,PASS,2,2,1.0,PASS,9,9,1.0,PASS,8,8,1.0,PASS,20,20,1.0,PASS
S46_WU03_R_02,S46,WU03,R,PASS,PASS,PASS,PASS,PASS,PASS,PASS,PASS,True,,4,4,1.0,PASS,4,4,1.0,PASS,4,4,1.0,PASS,6,6,1.0,PASS,6,6,1.0,PASS,2,2,1.0,PASS,9,9,1.0,PASS,8,8,1.0,PASS,20,20,1.0,PASS
S46_WU03_L_03,S46,WU03,L,PASS,PASS,PASS,PASS,PASS,PASS,PASS,PASS,True,,4,4,1.0,PASS,4,4,1.0,PASS,4,4,1.0,PASS,6,6,1.0,PASS,6,6,1.0,PASS,2,2,1.0,PASS,9,9,1.0,PASS,8,8,1.0,PASS,20,20,1.0,PASS
S46_WU04_L_01,S46,WU04,L,PASS,PASS,PASS,PASS,PASS,PASS,PASS,PASS,True,,4,4,1.0,PASS,4,4,1.0,PASS,4,4,1.0,PASS,6,6,1.0,PASS,6,6,1.0,PASS,2,2,1.0,PASS,9,9,1.0,PASS,8,8,1.0,PASS,20,20,1.0,PASS
S46_WU04_R_01,S46,WU04,R,PASS,PASS,PASS,PASS,PASS,PASS,PASS,PASS,True,,4,4,1.0,PASS,4,4,1.0,PASS,4,4,1.0,PASS,6,6,1.0,PASS,6,6,1.0,PASS,2,2,1.0,PASS,9,9,1.0,PASS,8,8,1.0,PASS,20,20,1.0,PASS
S46_WU05_R_01,S46,WU05,R,PASS,PASS,PASS,PASS,PASS,PASS,PASS,PASS,True,,4,4,1.0,PASS,4,4,1.0,PASS,4,4,1.0,PASS,6,6,1.0,PASS,6,6,1.0,PASS,2,2,1.0,PASS,9,9,1.0,PASS,8,8,1.0,PASS,20,20,1.0,PASS
S46_WU05_L_01,S46,WU05,L,PASS,PASS,PASS,PASS,PASS,PASS,PASS,PASS,True,,4,4,1.0,PASS,4,4,1.0,PASS,4,4,1.0,PASS,6,6,1.0,PASS,6,6,1.0,PASS,2,2,1.0,PASS,9,9,1.0,PASS,8,8,1.0,PASS,20,20,1.0,PASS
S46_WU05_R_02,S46,WU05,R,PASS,PASS,PASS,PASS,PASS,PASS,PASS,PASS,True,,4,4,1.0,PASS,4,4,1.0,PASS,4,4,1.0,PASS,6,6,1.0,PASS,6,6,1.0,PASS,2,2,1.0,PASS,9,9,1.0,PASS,8,8,1.0,PASS,20,20,1.0,PASS
S46_WU05_L_02,S46,WU05,L,PASS,PASS,PASS,PASS,PASS,PASS,PASS,PASS,True,,4,4,1.0,PASS,4,4,1.0,PASS,4,4,1.0,PASS,6,6,1.0,PASS,6,6,1.0,PASS,2,2,1.0,PASS,9,9,1.0,PASS,8,8,1.0,PASS,20,20,1.0,PASS
S46_WU05_R_03,S46,WU05,R,PASS,PASS,PASS,PASS,PASS,PASS,PASS,PASS,True,,4,4,1.0,PASS,4,4,1.0,PASS,4,4,1.0,PASS,6,6,1.0,PASS,6,6,1.0,PASS,2,2,1.0,PASS,9,9,1.0,PASS,8,8,1.0,PASS,20,20,1.0,PASS
S46_WU06_L_01,S46,WU06,L,PASS,PASS,PASS,PASS,PASS,PASS,PASS,PASS,True,,4,4,1.0,PASS,4,4,1.0,PASS,4,4,1.0,PASS,6,6,1.0,PASS,6,6,1.0,PASS,2,2,1.0,PASS,9,9,1.0,PASS,8,8,1.0,PASS,20,20,1.0,PASS
S46_WU06_R_01,S46,WU06,R,PASS,PASS,PASS,PASS,PASS,PASS,PASS,PASS,True,,4,4,1.0,PASS,4,4,1.0,PASS,4,4,1.0,PASS,6,6,1.0,PASS,6,6,1.0,PASS,2,2,1.0,PASS,9,9,1.0,PASS,8,8,1.0,PASS,20,20,1.0,PASS
S46_WU06_L_02,S46,WU06,L,PASS,PASS,PASS,PASS,PASS,PASS,PASS,PASS,True,,4,4,1.0,PASS,4,4,1.0,PASS,4,4,1.0,PASS,6,6,1.0,PASS,6,6,1.0,PASS,2,2,1.0,PASS,9,9,1.0,PASS,8,8,1.0,PASS,20,20,1.0,PASS
S46_WU06_R_02,S46,WU06,R,PASS,PASS,PASS,PASS,PASS,PASS,PASS,PASS,True,,4,4,1.0,PASS,4,4,1.0,PASS,4,4,1.0,PASS,6,6,1.0,PASS,6,6,1.0,PASS,2,2,1.0,PASS,9,9,1.0,PASS,8,8,1.0,PASS,20,20,1.0,PASS
S46_WU08_R_01,S46,WU08,R,PASS,PASS,PASS,PASS,PASS,PASS,PASS,PASS,True,,4,4,1.0,PASS,4,4,1.0,PASS,4,4,1.0,PASS,6,6,1.0,PASS,6,6,1.0,PASS,2,2,1.0,PASS,9,9,1.0,PASS,8,8,1.0,PASS,20,20,1.0,PASS
S46_WU08_L_01,S46,WU08,L,PASS,PASS,PASS,PASS,PASS,PASS,PASS,PASS,True,,4,4,1.0,PASS,4,4,1.0,PASS,4,4,1.0,PASS,6,6,1.0,PASS,6,6,1.0,PASS,2,2,1.0,PASS,9,9,1.0,PASS,8,8,1.0,PASS,20,20,1.0,PASS
S46_WU08_R_02,S46,WU08,R,PASS,PASS,PASS,PASS,PASS,PASS,PASS,PASS,True,,4,4,1.0,PASS,4,4,1.0,PASS,4,4,1.0,PASS,6,6,1.0,PASS,6,6,1.0,PASS,2,2,1.0,PASS,9,9,1.0,PASS,8,8,1.0,PASS,20,20,1.0,PASS
S46_WU08_L_02,S46,WU08,L,PASS,PASS,PASS,PASS,PASS,PASS,PASS,PASS,True,,4,4,1.0,PASS,4,4,1.0,PASS,4,4,1.0,PASS,6,6,1.0,PASS,6,6,1.0,PASS,2,2,1.0,PASS,9,9,1.0,PASS,8,8,1.0,PASS,20,20,1.0,PASS
S46_WU11_R_01,S46,WU11,R,PASS,PASS,PASS,PASS,PASS,PASS,PASS,PASS,True,,4,4,1.0,PASS,4,4,1.0,PASS,4,4,1.0,PASS,6,6,1.0,PASS,6,6,1.0,PASS,2,2,1.0,PASS,9,9,1.0,PASS,8,8,1.0,PASS,20,20,1.0,PASS
S46_WU11_L_01,S46,WU11,L,PASS,PASS,PASS,PASS,PASS,PASS,PASS,PASS,True,,4,4,1.0,PASS,4,4,1.0,PASS,4,4,1.0,PASS,6,6,1.0,PASS,6,6,1.0,PASS,2,2,1.0,PASS,9,9,1.0,PASS,8,8,1.0,PASS,20,20,1.0,PASS
S46_WU11_R_02,S46,WU11,R,PASS,PASS,PASS,PASS,PASS,PASS,PASS,PASS,True,,4,4,1.0,PASS,4,4,1.0,PASS,4,4,1.0,PASS,6,6,1.0,PASS,6,6,1.0,PASS,2,2,1.0,PASS,9,9,1.0,PASS,8,8,1.0,PASS,20,20,1.0,PASS
S46_WU11_L_02,S46,WU11,L,PASS,PASS,PASS,PASS,PASS,PASS,PASS,PASS,True,,4,4,1.0,PASS,4,4,1.0,PASS,4,4,1.0,PASS,6,6,1.0,PASS,6,6,1.0,PASS,2,2,1.0,PASS,9,9,1.0,PASS,8,8,1.0,PASS,20,20,1.0,PASS
S46_WU11_R_03,S46,WU11,R,PASS,PASS,PASS,PASS,PASS,PASS,PASS,PASS,True,,4,4,1.0,PASS,4,4,1.0,PASS,4,4,1.0,PASS,6,6,1.0,PASS,6,6,1.0,PASS,2,2,1.0,PASS,9,9,1.0,PASS,8,8,1.0,PASS,20,20,1.0,PASS
S46_WU14_R_01,S46,WU14,R,PASS,PASS,PASS,PASS,PASS,PASS,PASS,PASS,True,,4,4,1.0,PASS,4,4,1.0,PASS,4,4,1.0,PASS,6,6,1.0,PASS,6,6,1.0,PASS,2,2,1.0,PASS,9,9,1.0,PASS,8,8,1.0,PASS,20,20,1.0,PASS
S46_WU14_L_01,S46,WU14,L,PASS,PASS,PASS,PASS,PASS,PASS,PASS,PASS,True,,4,4,1.0,PASS,4,4,1.0,PASS,4,4,1.0,PASS,6,6,1.0,PASS,6,6,1.0,PASS,2,2,1.0,PASS,9,9,1.0,PASS,8,8,1.0,PASS,20,20,1.0,PASS
S46_WU14_R_02,S46,WU14,R,PASS,PASS,PASS,PASS,PASS,PASS,PASS,PASS,True,,4,4,1.0,PASS,4,4,1.0,PASS,4,4,1.0,PASS,6,6,1.0,PASS,6,6,1.0,PASS,2,2,1.0,PASS,9,9,1.0,PASS,8,8,1.0,PASS,20,20,1.0,PASS
S46_WU14_L_02,S46,WU14,L,PASS,PASS,PASS,PASS,PASS,PASS,PASS,PASS,True,,4,4,1.0,PASS,4,4,1.0,PASS,4,4,1.0,PASS,6,6,1.0,PASS,6,6,1.0,PASS,2,2,1.0,PASS,9,9,1.0,PASS,8,8,1.0,PASS,20,20,1.0,PASS
S48_WU01_L_01,S48,WU01,L,PASS,PASS,PASS,PASS,PASS,PASS,PASS,PASS,True,,4,4,1.0,PASS,4,4,1.0,PASS,4,4,1.0,PASS,6,6,1.0,PASS,6,6,1.0,PASS,2,2,1.0,PASS,9,9,1.0,PASS,8,8,1.0,PASS,20,20,1.0,PASS
S48_WU01_R_01,S48,WU01,R,PASS,PASS,PASS,PASS,PASS,PASS,PASS,PASS,True,,4,4,1.0,PASS,4,4,1.0,PASS,4,4,1.0,PASS,6,6,1.0,PASS,6,6,1.0,PASS,2,2,1.0,PASS,9,9,1.0,PASS,8,8,1.0,PASS,20,20,1.0,PASS
S48_WU01_L_02,S48,WU01,L,PASS,PASS,PASS,PASS,PASS,PASS,PASS,PASS,True,,4,4,1.0,PASS,4,4,1.0,PASS,4,4,1.0,PASS,6,6,1.0,PASS,6,6,1.0,PASS,2,2,1.0,PASS,9,9,1.0,PASS,8,8,1.0,PASS,20,20,1.0,PASS
S48_WU02_L_01,S48,WU02,L,PASS,PASS,PASS,PASS,PASS,PASS,PASS,PASS,True,,4,4,1.0,PASS,4,4,1.0,PASS,4,4,1.0,PASS,6,6,1.0,PASS,6,6,1.0,PASS,2,2,1.0,PASS,9,9,1.0,PASS,8,8,1.0,PASS,20,20,1.0,PASS
S48_WU02_R_01,S48,WU02,R,PASS,PASS,PASS,PASS,PASS,PASS,PASS,PASS,True,,4,4,1.0,PASS,4,4,1.0,PASS,4,4,1.0,PASS,6,6,1.0,PASS,6,6,1.0,PASS,2,2,1.0,PASS,9,9,1.0,PASS,8,8,1.0,PASS,20,20,1.0,PASS
S48_WU02_L_02,S48,WU02,L,PASS,PASS,PASS,PASS,PASS,PASS,PASS,PASS,True,,4,4,1.0,PASS,4,4,1.0,PASS,4,4,1.0,PASS,6,6,1.0,PASS,6,6,1.0,PASS,2,2,1.0,PASS,9,9,1.0,PASS,8,8,1.0,PASS,20,20,1.0,PASS
S48_WU02_R_02,S48,WU02,R,PASS,PASS,PASS,PASS,PASS,PASS,PASS,PASS,True,,4,4,1.0,PASS,4,4,1.0,PASS,4,4,1.0,PASS,6,6,1.0,PASS,6,6,1.0,PASS,2,2,1.0,PASS,9,9,1.0,PASS,8,8,1.0,PASS,20,20,1.0,PASS
S48_WU03_L_01,S48,WU03,L,PASS,PASS,PASS,PASS,PASS,PASS,PASS,PASS,True,,4,4,1.0,PASS,4,4,1.0,PASS,4,4,1.0,PASS,6,6,1.0,PASS,6,6,1.0,PASS,2,2,1.0,PASS,9,9,1.0,PASS,8,8,1.0,PASS,20,20,1.0,PASS
S48_WU03_R_01,S48,WU03,R,PASS,PASS,PASS,PASS,PASS,PASS,PASS,PASS,True,,4,4,1.0,PASS,4,4,1.0,PASS,4,4,1.0,PASS,6,6,1.0,PASS,6,6,1.0,PASS,2,2,1.0,PASS,9,9,1.0,PASS,8,8,1.0,PASS,20,20,1.0,PASS
S48_WU04_L_01,S48,WU04,L,PASS,PASS,PASS,PASS,PASS,PASS,PASS,PASS,True,,4,4,1.0,PASS,4,4,1.0,PASS,4,4,1.0,PASS,6,6,1.0,PASS,6,6,1.0,PASS,2,2,1.0,PASS,9,9,1.0,PASS,8,8,1.0,PASS,20,20,1.0,PASS
S48_WU04_R_01,S48,WU04,R,PASS,PASS,PASS,PASS,PASS,PASS,PASS,PASS,True,,4,4,1.0,PASS,4,4,1.0,PASS,4,4,1.0,PASS,6,6,1.0,PASS,6,6,1.0,PASS,2,2,1.0,PASS,9,9,1.0,PASS,8,8,1.0,PASS,20,20,1.0,PASS
S48_WU04_L_02,S48,WU04,L,PASS,PASS,PASS,PASS,PASS,PASS,PASS,PASS,True,,4,4,1.0,PASS,4,4,1.0,PASS,4,4,1.0,PASS,6,6,1.0,PASS,6,6,1.0,PASS,2,2,1.0,PASS,9,9,1.0,PASS,8,8,1.0,PASS,20,20,1.0,PASS
S48_WU04_R_02,S48,WU04,R,PASS,PASS,PASS,PASS,PASS,PASS,PASS,PASS,True,,4,4,1.0,PASS,4,4,1.0,PASS,4,4,1.0,PASS,6,6,1.0,PASS,6,6,1.0,PASS,2,2,1.0,PASS,9,9,1.0,PASS,8,8,1.0,PASS,20,20,1.0,PASS
S48_WU05_L_01,S48,WU05,L,PASS,PASS,PASS,PASS,PASS,PASS,PASS,PASS,True,,4,4,1.0,PASS,4,4,1.0,PASS,4,4,1.0,PASS,6,6,1.0,PASS,6,6,1.0,PASS,2,2,1.0,PASS,9,9,1.0,PASS,8,8,1.0,PASS,20,20,1.0,PASS
S48_WU05_R_01,S48,WU05,R,PASS,PASS,PASS,PASS,PASS,PASS,PASS,PASS,True,,4,4,1.0,PASS,4,4,1.0,PASS,4,4,1.0,PASS,6,6,1.0,PASS,6,6,1.0,PASS,2,2,1.0,PASS,9,9,1.0,PASS,8,8,1.0,PASS,20,20,1.0,PASS
S48_WU05_L_02,S48,WU05,L,PASS,PASS,PASS,PASS,PASS,PASS,PASS,PASS,True,,4,4,1.0,PASS,4,4,1.0,PASS,4,4,1.0,PASS,6,6,1.0,PASS,6,6,1.0,PASS,2,2,1.0,PASS,9,9,1.0,PASS,8,8,1.0,PASS,20,20,1.0,PASS
S48_WU07_L_01,S48,WU07,L,PASS,PASS,PASS,PASS,PASS,PASS,PASS,PASS,True,,4,4,1.0,PASS,4,4,1.0,PASS,4,4,1.0,PASS,6,6,1.0,PASS,6,6,1.0,PASS,2,2,1.0,PASS,9,9,1.0,PASS,8,8,1.0,PASS,20,20,1.0,PASS
S48_WU07_R_01,S48,WU07,R,PASS,PASS,PASS,PASS,PASS,PASS,PASS,PASS,True,,4,4,1.0,PASS,4,4,1.0,PASS,4,4,1.0,PASS,6,6,1.0,PASS,6,6,1.0,PASS,2,2,1.0,PASS,9,9,1.0,PASS,8,8,1.0,PASS,20,20,1.0,PASS
S48_WU07_L_02,S48,WU07,L,PASS,PASS,PASS,PASS,PASS,PASS,PASS,PASS,True,,4,4,1.0,PASS,4,4,1.0,PASS,4,4,1.0,PASS,6,6,1.0,PASS,6,6,1.0,PASS,2,2,1.0,PASS,9,9,1.0,PASS,8,8,1.0,PASS,20,20,1.0,PASS
S48_WU07_R_02,S48,WU07,R,PASS,PASS,PASS,PASS,PASS,PASS,PASS,PASS,True,,4,4,1.0,PASS,4,4,1.0,PASS,4,4,1.0,PASS,6,6,1.0,PASS,6,6,1.0,PASS,2,2,1.0,PASS,9,9,1.0,PASS,8,8,1.0,PASS,20,20,1.0,PASS
S48_WU09_R_01,S48,WU09,R,PASS,PASS,PASS,PASS,PASS,PASS,PASS,PASS,True,,4,4,1.0,PASS,4,4,1.0,PASS,4,4,1.0,PASS,6,6,1.0,PASS,6,6,1.0,PASS,2,2,1.0,PASS,9,9,1.0,PASS,8,8,1.0,PASS,20,20,1.0,PASS
S48_WU09_L_01,S48,WU09,L,PASS,PASS,PASS,PASS,PASS,PASS,PASS,PASS,True,,4,4,1.0,PASS,4,4,1.0,PASS,4,4,1.0,PASS,6,6,1.0,PASS,6,6,1.0,PASS,2,2,1.0,PASS,9,9,1.0,PASS,8,8,1.0,PASS,20,20,1.0,PASS
S48_WU09_R_02,S48,WU09,R,PASS,PASS,PASS,PASS,PASS,PASS,PASS,PASS,True,,4,4,1.0,PASS,4,4,1.0,PASS,4,4,1.0,PASS,6,6,1.0,PASS,6,6,1.0,PASS,2,2,1.0,PASS,9,9,1.0,PASS,8,8,1.0,PASS,20,20,1.0,PASS
S48_WU10_L_01,S48,WU10,L,PASS,PASS,PASS,PASS,PASS,PASS,PASS,PASS,True,,4,4,1.0,PASS,4,4,1.0,PASS,4,4,1.0,PASS,6,6,1.0,PASS,6,6,1.0,PASS,2,2,1.0,PASS,9,9,1.0,PASS,8,8,1.0,PASS,20,20,1.0,PASS
S48_WU10_R_01,S48,WU10,R,PASS,PASS,PASS,PASS,PASS,PASS,PASS,PASS,True,,4,4,1.0,PASS,4,4,1.0,PASS,4,4,1.0,PASS,6,6,1.0,PASS,6,6,1.0,PASS,2,2,1.0,PASS,9,9,1.0,PASS,8,8,1.0,PASS,20,20,1.0,PASS
S48_WU10_L_02,S48,WU10,L,PASS,PASS,PASS,PASS,PASS,PASS,PASS,PASS,True,,4,4,1.0,PASS,4,4,1.0,PASS,4,4,1.0,PASS,6,6,1.0,PASS,6,6,1.0,PASS,2,2,1.0,PASS,9,9,1.0,PASS,8,8,1.0,PASS,20,20,1.0,PASS
S48_WU11_R_01,S48,WU11,R,PASS,PASS,PASS,PASS,PASS,PASS,PASS,PASS,True,,4,4,1.0,PASS,4,4,1.0,PASS,4,4,1.0,PASS,6,6,1.0,PASS,6,6,1.0,PASS,2,2,1.0,PASS,9,9,1.0,PASS,8,8,1.0,PASS,20,20,1.0,PASS
S48_WU11_L_01,S48,WU11,L,PASS,PASS,PASS,PASS,PASS,PASS,PASS,PASS,True,,4,4,1.0,PASS,4,4,1.0,PASS,4,4,1.0,PASS,6,6,1.0,PASS,6,6,1.0,PASS,2,2,1.0,PASS,9,9,1.0,PASS,8,8,1.0,PASS,20,20,1.0,PASS
S48_WU11_R_02,S48,WU11,R,PASS,PASS,PASS,PASS,PASS,PASS,PASS,PASS,True,,4,4,1.0,PASS,4,4,1.0,PASS,4,4,1.0,PASS,6,6,1.0,PASS,6,6,1.0,PASS,2,2,1.0,PASS,9,9,1.0,PASS,8,8,1.0,PASS,20,20,1.0,PASS
S48_WU11_L_02,S48,WU11,L,PASS,PASS,PASS,PASS,PASS,PASS,PASS,PASS,True,,4,4,1.0,PASS,4,4,1.0,PASS,4,4,1.0,PASS,6,6,1.0,PASS,6,6,1.0,PASS,2,2,1.0,PASS,9,9,1.0,PASS,8,8,1.0,PASS,20,20,1.0,PASS
S48_WU12_L_01,S48,WU12,L,PASS,PASS,PASS,PASS,PASS,PASS,PASS,PASS,True,,4,4,1.0,PASS,4,4,1.0,PASS,4,4,1.0,PASS,6,6,1.0,PASS,6,6,1.0,PASS,2,2,1.0,PASS,9,9,1.0,PASS,8,8,1.0,PASS,20,20,1.0,PASS
S48_WU12_R_01,S48,WU12,R,PASS,PASS,PASS,PASS,PASS,PASS,PASS,PASS,True,,4,4,1.0,PASS,4,4,1.0,PASS,4,4,1.0,PASS,6,6,1.0,PASS,6,6,1.0,PASS,2,2,1.0,PASS,9,9,1.0,PASS,8,8,1.0,PASS,20,20,1.0,PASS
S48_WU12_L_02,S48,WU12,L,PASS,PASS,PASS,PASS,PASS,PASS,PASS,PASS,True,,4,4,1.0,PASS,4,4,1.0,PASS,4,4,1.0,PASS,6,6,1.0,PASS,6,6,1.0,PASS,2,2,1.0,PASS,9,9,1.0,PASS,8,8,1.0,PASS,20,20,1.0,PASS
