{
  "frame_statistics": {
    "min_frames": 11,
    "max_frames": 460,
    "mean_frames": 270.6511627906977,
    "std_frames": 88.59798285002374,
    "total_sessions": 301,
    "resolved_sessions": 301,
    "unresolved_sessions": 0
  },
  "sampling_rate_validation": {
    "vrate_values": [
      [
        "S11",
        100
      ],
      [
        "S12",
        100
      ],
      [
        "S13",
        100
      ],
      [
        "S14",
        100
      ],
      [
        "S15",
        100
      ],
      [
        "S17",
        100
      ],
      [
        "S19",
        100
      ],
      [
        "S2",
        100
      ],
      [
        "S23",
        100
      ],
      [
        "S26",
        100
      ],
      [
        "S27",
        100
      ],
      [
        "S3",
        100
      ],
      [
        "S30",
        100
      ],
      [
        "S31",
        100
      ],
      [
        "S32",
        100
      ],
      [
        "S34",
        100
      ],
      [
        "S35",
        100
      ],
      [
        "S37",
        100
      ],
      [
        "S38",
        100
      ],
      [
        "S39",
        100
      ],
      [
        "S4",
        100
      ],
      [
        "S40",
        100
      ],
      [
        "S41",
        100
      ],
      [
        "S42",
        100
      ],
      [
        "S43",
        100
      ],
      [
        "S46",
        100
      ],
      [
        "S48",
        100
      ],
      [
        "S5",
        100
      ],
      [
        "S7",
        100
      ],
      [
        "S8",
        100
      ],
      [
        "S9",
        100
      ]
    ],
    "fprate_values": [
      [
        "S11",
        1000
      ],
      [
        "S12",
        1000
      ],
      [
        "S13",
        1000
      ],
      [
        "S14",
        1000
      ],
      [
        "S15",
        1000
      ],
      [
        "S17",
        1000
      ],
      [
        "S19",
        1000
      ],
      [
        "S2",
        1000
      ],
      [
        "S23",
        1000
      ],
      [
        "S26",
        1000
      ],
      [
        "S27",
        1000
      ],
      [
        "S3",
        1000
      ],
      [
        "S30",
        1000
      ],
      [
        "S31",
        1000
      ],
      [
        "S32",
        1000
      ],
      [
        "S34",
        1000
      ],
      [
        "S35",
        1000
      ],
      [
        "S37",
        1000
      ],
      [
        "S38",
        1000
      ],
      [
        "S39",
        1000
      ],
      [
        "S4",
        1000
      ],
      [
        "S40",
        1000
      ],
      [
        "S41",
        1000
      ],
      [
        "S42",
        1000
      ],
      [
        "S43",
        1000
      ],
      [
        "S46",
        1000
      ],
      [
        "S48",
        1000
      ],
      [
        "S5",
        1000
      ],
      [
        "S7",
        1000
      ],
      [
        "S8",
        1000
      ],
      [
        "S9",
        1000
      ]
    ],
    "vrate_unique": [
      100
    ],
    "fprate_unique": [
      1000
    ],
    "vrate_consistent": true,
    "fprate_consistent": true,
    "subjects_missing_vrate": 0,
    "subjects_missing_fprate": 0
  },
  "metadata_validation": {
    "Mass": {
      "present_count": 31,
      "missing_count": 0,
      "missing_subjects": [],
      "min_value": 47.720001220703125,
      "max_value": 100,
      "mean_value": 64.13832289172757
    },
    "Height": {
      "present_count": 31,
      "missing_count": 0,
      "missing_subjects": [],
      "min_value": 140.97000122070312,
      "max_value": 167.63999938964844,
      "mean_value": 160.02000033470893
    },
    "LLegLength": {
      "present_count": 31,
      "missing_count": 0,
      "missing_subjects": [],
      "min_value": 67,
      "max_value": 98,
      "mean_value": 83.91935483870968
    },
    "RLegLength": {
      "present_count": 31,
      "missing_count": 0,
      "missing_subjects": [],
      "min_value": 67.5,
      "max_value": 99.4000015258789,
      "mean_value": 84.35806446690714
    }
  },
  "inconsistencies": {
    "missing_subjects": [],
    "unexpected_subjects": [],
    "subjects_with_missing_sessions": [
      "S12",
      "S13",
      "S14",
      "S15",
      "S17",
      "S19",
      "S3",
      "S30",
      "S31",
      "S34",
      "S4",
      "S40",
      "S41",
      "S42",
      "S43",
      "S46",
      "S48",
      "S5",
      "S7"
    ],
    "inconsistent_session_counts": true,
    "markers_not_in_all_subjects": [],
    "joint_angles_not_in_all_subjects": [],