feature,n_subjects,n_victims,n_controls,victim_median,control_median,victim_mean,control_mean,abs_median_diff,rel_median_diff,cliffs_delta,standardized_median_iqr,cliffs_delta_ci_lo,cliffs_delta_ci_hi,cliffs_magnitude,direction,victim_consistency,control_consistency,mannwhitney_u,raw_p,test,fdr_q,adjusted_p,full_cliffs_delta,loso_delta_median,loso_delta_min,loso_delta_max,loso_direction_agreement,loso_max_abs_shift,observed_cliffs_delta,perm_p,n_perm,unit,anatomical_region,family,side,source_signal,rank_score,signature_status,rank
LHipAngles_ax3_tpeak_vel_pct__median,31,17,14,48.0,59.75,48.38235294117647,62.92857142857143,11.75,-0.19665271966527198,-0.49159663865546216,-0.9215686274509803,-0.8235294117647058,-0.10073529411764716,large,VICTIMS_LOWER,0.8823529411764706,0.7857142857142857,60.5,0.021085331235427343,mannwhitneyu_two_sided,0.9960585779461091,0.9960585779461091,-0.49159663865546216,-0.48660714285714285,-0.5972850678733032,-0.45248868778280543,1.0,0.105688429217841,-0.49159663865546216,0.028,999,subject,hip,kinematic,left,LHipAngles,0.06506426099851705,exploratory,1
LKneeAngles_ax3_tmax_pct__median,31,17,14,35.0,54.0,37.23529411764706,56.464285714285715,19.0,-0.35185185185185186,-0.542016806722689,-0.7755102040816326,-0.8236344537815126,-0.16376050420168076,large,VICTIMS_LOWER,0.7647058823529411,0.8571428571428571,54.5,0.011039235074033062,mannwhitneyu_two_sided,0.9960585779461091,0.9960585779461091,-0.542016806722689,-0.53125,-0.6244343891402715,-0.5067873303167421,1.0,0.08241758241758246,-0.542016806722689,0.008,999,subject,knee,kinematic,left,LKneeAngles,0.062172516065249615,exploratory,2
RKneeAngles_ax3_peak_acc__median,31,17,14,8337.98392627289,6154.209856734655,9235.771002182546,6962.485988518019,2183.7740695382345,0.35484231450906634,0.48739495798319327,0.846221554092774,0.1092436974789916,0.8235294117647058,large,VICTIMS_HIGHER,0.8235294117647058,0.8571428571428571,177.0,0.022464730556831344,mannwhitneyu_two_sided,0.9960585779461091,0.9960585779461091,0.48739495798319327,0.4732142857142857,0.45535714285714285,0.583710407239819,1.0,0.09631544925662577,0.48739495798319327,0.024,999,subject,knee,kinematic,right,RKneeAngles,0.06020761245674739,exploratory,3
LFootProgressAngles_ax2_mean__median,31,17,14,2.784906970244823,4.278495300989967,2.64042462845212,4.485236417722811,1.4935883307451436,-0.3490919647380597,-0.4369747899159664,-0.6432885386057211,-0.7899159663865546,-0.025210084033613446,medium,VICTIMS_LOWER,0.8823529411764706,0.7142857142857143,67.0,0.040928680307670905,mannwhitneyu_two_sided,0.9960585779461091,0.9960585779461091,-0.4369747899159664,-0.4375,-0.5384615384615384,-0.3936651583710407,1.0,0.10148674854557205,-0.4369747899159664,0.047,999,subject,foot,kinematic,left,LFootProgressAngles,0.057834898665348494,exploratory,4
LFootProgressAngles_ax1_std__median,31,17,14,28.445942557153195,29.55999851223615,28.472807113787468,29.202181218958483,1.1140559550829536,-0.037687957075566096,-0.4117647058823529,-0.6548328583276259,-0.748109243697479,0.025210084033613446,medium,VICTIMS_LOWER,0.8823529411764706,0.6428571428571429,70.0,0.05420820007627732,mannwhitneyu_two_sided,0.9960585779461091,0.9960585779461091,-0.4117647058823529,-0.41964285714285715,-0.5,-0.375,1.0,0.08823529411764708,-0.4117647058823529,0.058,999,subject,foot,kinematic,left,LFootProgressAngles,0.05449826989619377,exploratory,5
RAnkleAngles_ax3_peak_acc__median,31,17,14,8946.699889720381,7307.652479872864,9685.842917584981,7875.840075555637,1639.047409847517,0.22429192060813932,0.3949579831932773,0.49756261008517716,-0.05042016806722689,0.7310924369747899,medium,VICTIMS_HIGHER,0.8823529411764706,0.7142857142857143,166.0,0.06492404931469167,mannwhitneyu_two_sided,0.9960585779461091,0.9960585779461091,0.3949579831932773,0.39285714285714285,0.35714285714285715,0.48214285714285715,1.0,0.08718487394957986,0.3949579831932773,0.062,999,subject,ankle,kinematic,right,RAnkleAngles,0.05227385071675729,exploratory,6
LHipAngles_ax2_tpeak_vel_pct__median,31,17,14,24.0,57.0,28.794117647058822,47.142857142857146,33.0,-0.5789473684210527,-0.42436974789915966,-1.3678756476683938,-0.7647058823529411,-0.03771008403361354,medium,VICTIMS_LOWER,0.7647058823529411,0.7857142857142857,68.5,0.04648727390948352,mannwhitneyu_two_sided,0.9960585779461091,0.9960585779461091,-0.42436974789915966,-0.41517857142857145,-0.5044642857142857,-0.38009049773755654,1.0,0.08009453781512604,-0.42436974789915966,0.054,999,subject,hip,kinematic,left,LHipAngles,0.04867770637666831,exploratory,7
LAnkleAngles_ax1_phase_40_50_rom__median,31,17,14,1.8446979522705078,3.2468125224113464,2.844702916986802,3.378047525882721,1.4021145701408386,-0.4318434034803816,-0.46218487394957986,-0.918741908773201,-0.8151260504201681,-0.06722689075630252,medium,VICTIMS_LOWER,0.7647058823529411,0.9285714285714286,64.0,0.030515468558537658,mannwhitneyu_two_sided,0.9960585779461091,0.9960585779461091,-0.46218487394957986,-0.4479638009049774,-0.5565610859728507,-0.42857142857142855,1.0,0.09437621202327084,-0.46218487394957986,0.037,999,subject,ankle,phase,left,LAnkleAngles,0.047713791398912506,exploratory,8
RFootProgressAngles_ax3_peak_acc__median,31,17,14,3637.557675721352,2651.248037506136,3606.3615400181016,2745.666731577165,986.3096382152162,0.37201711204017573,0.4117647058823529,1.0466116702558106,-0.017016806722689064,0.7478991596638656,medium,VICTIMS_HIGHER,0.7647058823529411,0.9285714285714286,168.0,0.05420820007627732,mannwhitneyu_two_sided,0.9960585779461091,0.9960585779461091,0.4117647058823529,0.40271493212669685,0.375,0.5,1.0,0.08823529411764708,0.4117647058823529,0.07,999,subject,foot,kinematic,right,RFootProgressAngles,0.0472318339100346,exploratory,9
LKneeAngles_ax3_peak_acc__median,31,17,14,8510.805138210217,6285.686241138581,9469.284854909263,7945.394674082928,2225.1188970716357,0.3539977675800408,0.35294117647058826,0.47272843812954785,-0.03382352941176469,0.7478991596638656,medium,VICTIMS_HIGHER,0.8823529411764706,0.6428571428571429,161.0,0.09949440800504383,mannwhitneyu_two_sided,0.9960585779461091,0.9960585779461091,0.35294117647058826,0.3392857142857143,0.31221719457013575,0.45701357466063347,1.0,0.10407239819004521,0.35294117647058826,0.101,999,subject,knee,kinematic,left,LKneeAngles,0.04671280276816609,exploratory,10
RKneeAngles_ax1_phase_0_10_rom__median,31,17,14,11.008238315582275,13.275313138961792,11.088118258644553,12.402709578829151,2.2670748233795166,-0.17077373615586255,-0.3865546218487395,-0.7219622089214557,-0.790126050420168,0.025210084033613446,medium,VICTIMS_LOWER,0.8823529411764706,0.7142857142857143,73.0,0.07090482557629343,mannwhitneyu_two_sided,0.9960585779461091,0.9960585779461091,-0.3865546218487395,-0.375,-0.49321266968325794,-0.3393665158371041,1.0,0.10665804783451843,-0.3865546218487395,0.074,999,subject,knee,phase,right,RKneeAngles,0.04604547701433515,exploratory,11
LAnkleAngles_ax2_tmin_pct__median,31,17,14,52.5,41.75,48.970588235294116,35.107142857142854,10.75,0.25748502994011974,0.3319327731092437,0.441025641025641,-0.14285714285714285,0.7310924369747899,medium,VICTIMS_HIGHER,0.8823529411764706,0.7142857142857143,158.5,0.12062690189299562,mannwhitneyu_two_sided,0.9960585779461091,0.9960585779461091,0.3319327731092437,0.32589285714285715,0.28054298642533937,0.4343891402714932,1.0,0.10245636716224954,0.3319327731092437,0.113,999,subject,ankle,kinematic,left,LAnkleAngles,0.04393227879387049,exploratory,12
sym_HipAngles_ax1_tmax_pct_absdiff,31,17,14,2.0,7.5,14.117647058823529,32.714285714285715,5.5,-0.7333333333333333,-0.4117647058823529,-0.15547703180212014,-0.7563025210084033,-0.029306722689075724,medium,VICTIMS_LOWER,0.8235294117647058,0.7142857142857143,70.0,0.0519587387776346,mannwhitneyu_two_sided,0.9960585779461091,0.9960585779461091,-0.4117647058823529,-0.3936651583710407,-0.4955357142857143,-0.37104072398190047,1.0,0.08377100840336138,-0.4117647058823529,0.051,999,subject,hip,symmetry,bilateral,LHipAngles|RHipAngles,0.04323529411764705,exploratory,13
RHipAngles_ax1_phase_60_70_rom__median,31,17,14,11.493815183639526,9.904807090759277,11.4112889381016,10.609272497040886,1.589008092880249,0.16042796980495658,0.3865546218487395,0.8459184028337475,0.008403361344537815,0.7647058823529411,medium,VICTIMS_HIGHER,0.8235294117647058,0.8571428571428571,165.0,0.07090482557629343,mannwhitneyu_two_sided,0.9960585779461091,0.9960585779461091,0.3865546218487395,0.3665158371040724,0.35714285714285715,0.49321266968325794,1.0,0.10665804783451843,0.3865546218487395,0.062,999,subject,hip,phase,right,RHipAngles,0.0429757785467128,exploratory,14
LHipAngles_ax3_tmax_pct__median,31,17,14,43.0,58.25,47.411764705882355,60.285714285714285,15.25,-0.26180257510729615,-0.3949579831932773,-0.5674418604651162,-0.7478991596638656,0.02100840336134454,medium,VICTIMS_LOWER,0.7058823529411765,0.6428571428571429,72.0,0.06457278440870777,mannwhitneyu_two_sided,0.9960585779461091,0.9960585779461091,-0.3949579831932773,-0.4017857142857143,-0.4660633484162896,-0.34841628959276016,1.0,0.0711053652230123,-0.3949579831932773,0.052,999,subject,hip,kinematic,left,LHipAngles,0.04181908057340583,exploratory,15
RKneeAngles_ax2_tmax_pct__median,31,17,14,53.0,49.75,63.1764705882353,52.92857142857143,3.25,0.06532663316582915,0.3487394957983193,0.14168937329700274,-0.07174369747899158,0.7058823529411765,medium,VICTIMS_HIGHER,0.7647058823529411,0.6428571428571429,160.5,0.10325582440165085,mannwhitneyu_two_sided,0.9960585779461091,0.9960585779461091,0.3487394957983193,0.3438914027149321,0.2986425339366516,0.4072398190045249,1.0,0.05850032320620557,0.3487394957983193,0.104,999,subject,knee,kinematic,right,RKneeAngles,0.04000247157686603,exploratory,16
RHipAngles_ax1_peak_acc__median,31,17,14,2356.7974056440926,2027.9810898349901,2622.654388506975,2327.5703041876977,328.81631580910243,0.16213973466382622,0.33613445378151263,0.5641547621946299,-0.07563025210084033,0.7144957983193275,medium,VICTIMS_HIGHER,0.7647058823529411,0.7857142857142857,159.0,0.11689950779539895,mannwhitneyu_two_sided,0.9960585779461091,0.9960585779461091,0.33613445378151263,0.3212669683257919,0.29411764705882354,0.43891402714932126,1.0,0.10277957336780863,0.33613445378151263,0.122,999,subject,hip,kinematic,right,RHipAngles,0.03855659911023233,exploratory,17
RKneeAngles_ax1_phase_20_30_rom__median,31,17,14,5.456448554992676,6.892841339111328,6.019351033603444,6.8911522797175815,1.4363927841186523,-0.2083890682305828,-0.3949579831932773,-0.9299919082386233,-0.7647058823529411,0.04201680672268908,medium,VICTIMS_LOWER,0.7058823529411765,0.9285714285714286,72.0,0.06492404931469167,mannwhitneyu_two_sided,0.9960585779461091,0.9960585779461091,-0.3949579831932773,-0.38461538461538464,-0.502262443438914,-0.34841628959276016,1.0,0.10730446024563672,-0.3949579831932773,0.066,999,subject,knee,phase,right,RKneeAngles,0.03763717251606525,exploratory,18
RHipAngles_ax1_median__median,31,17,14,27.89836311340332,25.215672492980957,29.184644250308764,23.830910478319442,2.6826906204223633,0.10638981058978768,0.3277310924369748,0.24717692795079949,-0.08424369747899159,0.6974789915966386,small,VICTIMS_HIGHER,0.7647058823529411,0.7142857142857143,158.0,0.12645617291148628,mannwhitneyu_two_sided,0.9960585779461091,0.9960585779461091,0.3277310924369748,0.3212669683257919,0.27601809954751133,0.42081447963800905,1.0,0.09308338720103426,0.3277310924369748,0.13,999,subject,hip,kinematic,right,RHipAngles,0.03759268413247652,exploratory,19
LKneeAngles_ax2_tmax_pct__median,31,17,14,44.0,65.5,50.26470588235294,63.892857142857146,21.5,-0.3282442748091603,-0.35294117647058826,-0.8249400479616307,-0.7058823529411765,0.05903361344537796,medium,VICTIMS_LOWER,0.7058823529411765,0.7857142857142857,77.0,0.09928969978543735,mannwhitneyu_two_sided,0.9960585779461091,0.9960585779461091,-0.35294117647058826,-0.3438914027149321,-0.42857142857142855,-0.3031674208144796,1.0,0.07563025210084029,-0.35294117647058826,0.097,999,subject,knee,kinematic,left,LKneeAngles,0.037370242214532876,exploratory,20
LFootProgressAngles_ax1_rom__median,31,17,14,101.4367618560791,105.91759157180786,101.8563219799715,105.21533169065204,4.48082971572876,-0.042304867862209064,-0.35294117647058826,-0.5650000604263284,-0.6974789915966386,0.06722689075630252,medium,VICTIMS_LOWER,0.7058823529411765,0.7142857142857143,77.0,0.09949440800504383,mannwhitneyu_two_sided,0.9960585779461091,0.9960585779461091,-0.35294117647058826,-0.3482142857142857,-0.42857142857142855,-0.3031674208144796,1.0,0.07563025210084029,-0.35294117647058826,0.099,999,subject,foot,kinematic,left,LFootProgressAngles,0.037370242214532876,exploratory,21
LFootProgressAngles_ax2_rom__median,31,17,14,11.96575117111206,17.295776903629303,14.175571328576874,17.29124334028789,5.330025732517242,-0.3081692000432084,-0.35294117647058826,-0.6504661913263895,-0.7313025210084033,0.07563025210084033,medium,VICTIMS_LOWER,0.7058823529411765,0.9285714285714286,77.0,0.09949440800504383,mannwhitneyu_two_sided,0.9960585779461091,0.9960585779461091,-0.35294117647058826,-0.3482142857142857,-0.4375,-0.31221719457013575,1.0,0.08455882352941174,-0.35294117647058826,0.101,999,subject,foot,kinematic,left,LFootProgressAngles,0.037370242214532876,exploratory,22
RKneeAngles_ax3_tmax_pct__median,31,17,14,60.0,38.25,52.294117647058826,41.67857142857143,21.75,0.5686274509803921,0.31512605042016806,0.7435897435897436,-0.07605042016806719,0.7059873949579831,small,VICTIMS_HIGHER,0.7647058823529411,0.7142857142857143,156.5,0.14151611924649787,mannwhitneyu_two_sided,0.9960585779461091,0.9960585779461091,0.31512605042016806,0.30357142857142855,0.27601809954751133,0.416289592760181,1.0,0.10116354234001296,0.31512605042016806,0.147,999,subject,knee,kinematic,right,RKneeAngles,0.036146811665842805,exploratory,23
LAJC_ax2_excursion__median,31,17,14,55.00042724609375,61.42218017578125,54.492261437808764,62.210972377232146,6.4217529296875,-0.1045510418436693,-0.31932773109243695,-0.4953372274060231,-0.6976890756302521,0.06743697478991577,small,VICTIMS_LOWER,0.7647058823529411,0.7142857142857143,81.0,0.13661042588145178,mannwhitneyu_two_sided,0.9960585779461091,0.9960585779461091,-0.31932773109243695,-0.31221719457013575,-0.39285714285714285,-0.2669683257918552,1.0,0.0735294117647059,-0.31932773109243695,0.143,999,subject,ankle,spatial,left,LAJC,0.03479733069698467,exploratory,24
RAnkleAngles_ax3_peak_vel__median,31,17,14,369.221985096715,324.990711194088,380.59562710701806,328.8451722213234,44.23127390262698,0.1361001172621564,0.3277310924369748,0.4265382797907339,-0.06764705882352938,0.6554621848739496,small,VICTIMS_HIGHER,0.7058823529411765,0.7142857142857143,158.0,0.12645617291148628,mannwhitneyu_two_sided,0.9960585779461091,0.9960585779461091,0.3277310924369748,0.32142857142857145,0.2850678733031674,0.4107142857142857,1.0,0.08298319327731091,0.3277310924369748,0.13,999,subject,ankle,kinematic,right,RAnkleAngles,0.034700939199209094,exploratory,25
sym_HipAngles_ax1_max_si,31,17,14,-4.173582993123,0.34182670408904126,-4.706206258116857,-0.3880122637274611,4.515409697212042,-13.209645832807253,-0.3277310924369748,-0.47630073224523134,-0.7226890756302521,0.1514705882352939,small,VICTIMS_LOWER,0.8235294117647058,0.6428571428571429,80.0,0.12645617291148628,mannwhitneyu_two_sided,0.9960585779461091,0.9960585779461091,-0.3277310924369748,-0.3125,-0.4298642533936652,-0.27601809954751133,1.0,0.1021331609566904,-0.3277310924369748,0.135,999,subject,hip,symmetry,bilateral,LHipAngles|RHipAngles,0.03441176470588235,exploratory,26
var_RKneeAngles_ax1_tmax_pct_mad,31,17,14,2.0,3.0,4.411764705882353,5.821428571428571,1.0,-0.3333333333333333,-0.3949579831932773,-1.4545454545454546,-0.7647058823529411,0.008508403361344442,medium,VICTIMS_LOWER,0.7647058823529411,0.7857142857142857,72.0,0.0591155080789585,mannwhitneyu_two_sided,0.9960585779461091,0.9960585779461091,-0.3949579831932773,-0.38392857142857145,-0.4796380090497738,-0.35294117647058826,1.0,0.08468002585649648,-0.3949579831932773,0.059,999,subject,mixed,variability,none,RKneeAngles_ax1_tmax_pct,0.033978002965892234,exploratory,27
RKneeAngles_ax3_tpeak_vel_pct__median,31,17,14,41.0,57.0,42.088235294117645,55.357142857142854,16.0,-0.2807017543859649,-0.3445378151260504,-0.6066350710900474,-0.7269957983193277,0.08834033613445369,medium,VICTIMS_LOWER,0.6470588235294118,0.9285714285714286,78.0,0.1069599837938576,mannwhitneyu_two_sided,0.9960585779461091,0.9960585779461091,-0.3445378151260504,-0.3482142857142857,-0.42857142857142855,-0.3031674208144796,1.0,0.08403361344537813,-0.3445378151260504,0.1,999,subject,knee,kinematic,right,RKneeAngles,0.033440434997528426,exploratory,28
sym_HipAngles_ax1_rom_absdiff,31,17,14,1.1471055150032043,1.8239128589630127,1.6051084701629246,2.5790680402091573,0.6768073439598083,-0.3710743858369461,-0.33613445378151263,-0.35348533346422684,-0.6638655462184874,0.04201680672268908,medium,VICTIMS_LOWER,0.7647058823529411,0.6428571428571429,79.0,0.11689950779539895,mannwhitneyu_two_sided,0.9960585779461091,0.9960585779461091,-0.33613445378151263,-0.33031674208144796,-0.4117647058823529,-0.2850678733031674,1.0,0.07563025210084029,-0.33613445378151263,0.136,999,subject,hip,symmetry,bilateral,LHipAngles|RHipAngles,0.03277310924369748,exploratory,29
LAnkleAngles_ax1_phase_90_100_rom__median,31,17,14,2.6440701484680176,3.535673499107361,3.474690598600051,3.7049458154610226,0.8916033506393433,-0.25217355360002647,-0.33613445378151263,-0.4454180010509007,-0.6890756302521008,0.07563025210084033,medium,VICTIMS_LOWER,0.7058823529411765,0.7857142857142857,79.0,0.11689950779539895,mannwhitneyu_two_sided,0.9960585779461091,0.9960585779461091,-0.33613445378151263,-0.32142857142857145,-0.41964285714285715,-0.29411764705882354,1.0,0.08350840336134452,-0.33613445378151263,0.125,999,subject,ankle,phase,left,LAnkleAngles,0.03203163618388532,exploratory,30
LKneeAngles_ax1_phase_50_60_rom__median,31,17,14,10.78540900349617,13.221336841583252,10.861393377184868,11.923670300415584,2.435927838087082,-0.184242173637517,-0.2689075630252101,-0.7065880144555793,-0.7142857142857143,0.14285714285714285,small,VICTIMS_LOWER,0.8823529411764706,0.6428571428571429,87.0,0.2111652971287249,mannwhitneyu_two_sided,0.9960585779461091,0.9960585779461091,-0.2689075630252101,-0.26785714285714285,-0.3665158371040724,-0.21266968325791855,1.0,0.0976082740788623,-0.2689075630252101,0.221,999,subject,knee,phase,left,LKneeAngles,0.03203163618388531,exploratory,31
sym_HipAngles_ax1_rom_si,31,17,14,0.6312491299200761,3.2906219522103957,0.7486549280905583,3.6802306806601583,2.6593728222903197,-0.8081672282359723,-0.3025210084033613,-0.5431292921051418,-0.6638655462184874,0.11764705882352941,small,VICTIMS_LOWER,0.8235294117647058,0.7142857142857143,83.0,0.1587924654037347,mannwhitneyu_two_sided,0.9960585779461091,0.9960585779461091,-0.3025210084033613,-0.29464285714285715,-0.3936651583710407,-0.248868778280543,1.0,0.09114414996767939,-0.3025210084033613,0.164,999,subject,hip,symmetry,bilateral,LHipAngles|RHipAngles,0.03176470588235294,exploratory,32
RHipAngles_ax1_phase_50_60_rom__median,31,17,14,2.757620334625244,2.3743213415145874,2.7021768636563244,2.4148735957486287,0.38329899311065674,0.16143517998543072,0.3025210084033613,0.6299811340650348,-0.10084033613445378,0.6724789915966385,small,VICTIMS_HIGHER,0.7647058823529411,0.7857142857142857,155.0,0.1587924654037347,mannwhitneyu_two_sided,0.9960585779461091,0.9960585779461091,0.3025210084033613,0.2857142857142857,0.248868778280543,0.38461538461538464,1.0,0.08209437621202331,0.3025210084033613,0.161,999,subject,hip,phase,right,RHipAngles,0.031230845279288186,exploratory,33
LAnkleAngles_ax1_min__median,31,17,14,-13.789246559143066,-17.235797882080078,-13.984889759736902,-16.69296247618539,3.4465513229370117,0.19996470987399798,0.31932773109243695,0.5208598410714378,-0.059033613445378136,0.6724789915966385,small,VICTIMS_HIGHER,0.6470588235294118,0.7142857142857143,157.0,0.13661042588145178,mannwhitneyu_two_sided,0.9960585779461091,0.9960585779461091,0.31932773109243695,0.3125,0.2669683257918552,0.42081447963800905,1.0,0.1014867485455721,0.31932773109243695,0.128,999,subject,ankle,kinematic,left,LAnkleAngles,0.030993573900148293,exploratory,34
LAnkleAngles_ax2_tpeak_vel_pct__median,31,17,14,45.0,39.75,45.1764705882353,36.67857142857143,5.25,0.1320754716981132,0.2857142857142857,0.16535433070866143,-0.12605042016806722,0.6555672268907562,small,VICTIMS_HIGHER,0.7058823529411765,0.5714285714285714,153.0,0.18262537707902482,mannwhitneyu_two_sided,0.9960585779461091,0.9960585779461091,0.2857142857142857,0.2857142857142857,0.23076923076923078,0.37104072398190047,1.0,0.08532643826761477,0.2857142857142857,0.178,999,subject,ankle,kinematic,left,LAnkleAngles,0.03025210084033613,exploratory,35
LFootProgressAngles_ax1_max__median,31,17,14,-16.543182373046875,-13.915430068969727,-16.42602482964011,-14.381860154015678,2.6277523040771484,-0.18883730442056704,-0.2857142857142857,-0.5037008956137565,-0.680672268907563,0.13445378151260504,small,VICTIMS_LOWER,0.7058823529411765,0.7142857142857143,85.0,0.18359867349944814,mannwhitneyu_two_sided,0.9960585779461091,0.9960585779461091,-0.2857142857142857,-0.2767857142857143,-0.3665158371040724,-0.2398190045248869,1.0,0.08080155138978667,-0.2857142857142857,0.201,999,subject,foot,kinematic,left,LFootProgressAngles,0.03025210084033613,exploratory,36
RKneeAngles_ax1_msjerk__median,31,17,14,2957067023.55923,2093099022.7305312,3983905062.401385,2837113508.6991563,863968000.8286986,0.41276976934498677,0.3277310924369748,0.35402386617993514,-0.07563025210084033,0.6890756302521008,small,VICTIMS_HIGHER,0.7647058823529411,0.7142857142857143,158.0,0.12645617291148628,mannwhitneyu_two_sided,0.9960585779461091,0.9960585779461091,0.3277310924369748,0.3125,0.2850678733031674,0.4107142857142857,1.0,0.08298319327731091,0.3277310924369748,0.136,999,subject,knee,smoothness,right,RKneeAngles,0.030074147305981215,exploratory,37
RKJC_ax3_excursion__median,31,17,14,96.98410034179688,92.95501708984375,97.36373811609604,90.91524832589286,4.029083251953125,0.04334444097900491,0.29411764705882354,0.24847891358111823,-0.15126050420168066,0.6556722689075628,small,VICTIMS_HIGHER,0.7058823529411765,0.7142857142857143,154.0,0.17085858498744178,mannwhitneyu_two_sided,0.9960585779461091,0.9960585779461091,0.29411764705882354,0.2857142857142857,0.25,0.38461538461538464,1.0,0.0904977375565611,0.29411764705882354,0.18,999,subject,knee,spatial,right,RKJC,0.029584775086505193,exploratory,38
LKneeAngles_ax1_phase_10_20_mean__median,31,17,14,32.060254859924314,30.246326160430907,35.00808171664967,31.532263510567795,1.813928699493406,0.059971868645205526,0.2857142857142857,0.1935350466131674,-0.15987394957983192,0.6722689075630253,small,VICTIMS_HIGHER,0.7647058823529411,0.6428571428571429,153.0,0.18359867349944814,mannwhitneyu_two_sided,0.9960585779461091,0.9960585779461091,0.2857142857142857,0.27601809954751133,0.2398190045248869,0.38461538461538464,1.0,0.09890109890109894,0.2857142857142857,0.187,999,subject,knee,phase,left,LKneeAngles,0.029495798319327728,exploratory,39
sym_AnkleAngles_ax1_tmax_pct_si,31,17,14,0.0,1.9424799622819424,6.8906206821456735,7.582902855737851,1.9424799622819424,-1.0,-0.3277310924369748,-0.3682320277273909,-0.6850840336134454,0.06302521008403361,small,VICTIMS_LOWER,0.7058823529411765,0.5714285714285714,80.0,0.12315851862396551,mannwhitneyu_two_sided,0.9960585779461091,0.9960585779461091,-0.3277310924369748,-0.32589285714285715,-0.4107142857142857,-0.2850678733031674,1.0,0.08298319327731091,-0.3277310924369748,0.105,999,subject,ankle,symmetry,bilateral,LAnkleAngles|RAnkleAngles,0.029495798319327728,exploratory,40
sym_HEE_ax1_excursion_absdiff,31,17,14,9.852310180664062,6.173652648925781,11.521588718189912,9.197589193071638,3.6786575317382812,0.5958640274940589,0.3025210084033613,0.41815079307522224,-0.07563025210084033,0.6892857142857141,small,VICTIMS_HIGHER,0.7647058823529411,0.7857142857142857,155.0,0.1587924654037347,mannwhitneyu_two_sided,0.9960585779461091,0.9960585779461091,0.3025210084033613,0.2857142857142857,0.248868778280543,0.40271493212669685,1.0,0.10019392372333552,0.3025210084033613,0.165,999,subject,foot,symmetry,bilateral,LHEE|RHEE,0.029495798319327728,exploratory,41
RHipAngles_ax3_tmax_pct__median,31,17,14,56.0,44.75,56.088235294117645,50.464285714285715,11.25,0.25139664804469275,0.25630252100840334,0.703125,-0.17657563025210085,0.6638655462184874,small,VICTIMS_HIGHER,0.7647058823529411,0.7857142857142857,149.5,0.2334860190468656,mannwhitneyu_two_sided,0.9960585779461091,0.9960585779461091,0.25630252100840334,0.23660714285714285,0.19909502262443438,0.35294117647058826,1.0,0.09663865546218492,0.25630252100840334,0.218,999,subject,hip,kinematic,right,RHipAngles,0.029399406821552145,exploratory,42
LFootProgressAngles_ax2_median__median,31,17,14,2.3883159160614014,3.09575617313385,2.438128880718175,3.5215396072183336,0.7074402570724487,-0.22851937216886925,-0.3025210084033613,-0.30634990722553646,-0.680672268907563,0.09243697478991597,small,VICTIMS_LOWER,0.6470588235294118,0.7142857142857143,83.0,0.1587924654037347,mannwhitneyu_two_sided,0.9960585779461091,0.9960585779461091,-0.3025210084033613,-0.3031674208144796,-0.3665158371040724,-0.248868778280543,1.0,0.06399482870071105,-0.3025210084033613,0.164,999,subject,foot,kinematic,left,LFootProgressAngles,0.029362333168561544,exploratory,43
RFootProgressAngles_ax2_min__median,31,17,14,-3.0443007946014404,-5.01004683971405,-3.393169610733714,-4.7874855015959055,1.9657460451126099,0.39236081178530563,0.25210084033613445,0.4517014496610579,-0.16806722689075632,0.6638655462184874,small,VICTIMS_HIGHER,0.7647058823529411,0.6428571428571429,149.0,0.24160714823314522,mannwhitneyu_two_sided,0.9960585779461091,0.9960585779461091,0.25210084033613445,0.25,0.20361990950226244,0.33035714285714285,1.0,0.0782563025210084,0.25210084033613445,0.249,999,subject,foot,kinematic,right,RFootProgressAngles,0.028917449332674244,exploratory,44
RKneeAngles_ax2_rom__median,31,17,14,17.60690450668335,13.058582961559296,17.548426063621747,13.853125972141113,4.548321545124054,0.34830130945394316,0.29411764705882354,0.4794440208639858,-0.12605042016806722,0.6808823529411763,small,VICTIMS_HIGHER,0.6470588235294118,0.7857142857142857,154.0,0.17085858498744178,mannwhitneyu_two_sided,0.9960585779461091,0.9960585779461091,0.29411764705882354,0.29411764705882354,0.248868778280543,0.375,1.0,0.08088235294117646,0.29411764705882354,0.166,999,subject,knee,kinematic,right,RKneeAngles,0.02854671280276817,exploratory,45
LHipAngles_ax2_peak_acc__median,31,17,14,1847.906351166803,1611.2886737874308,1932.6737212409905,1662.778392011532,236.61767737937225,0.14684996005289866,0.2689075630252101,0.31192512385785803,-0.12626050420168067,0.6470588235294118,small,VICTIMS_HIGHER,0.7058823529411765,0.6428571428571429,151.0,0.2111652971287249,mannwhitneyu_two_sided,0.9960585779461091,0.9960585779461091,0.2689075630252101,0.26785714285714285,0.21266968325791855,0.3393665158371041,1.0,0.07045895281189402,0.2689075630252101,0.228,999,subject,hip,kinematic,left,LHipAngles,0.02847256549678695,exploratory,46
LFootProgressAngles_ax2_tmax_pct__median,31,17,14,58.0,41.0,49.970588235294116,40.785714285714285,17.0,0.4146341463414634,0.24789915966386555,0.7157894736842105,-0.17237394957983193,0.6596638655462185,small,VICTIMS_HIGHER,0.7647058823529411,0.7142857142857143,148.5,0.24896101704788232,mannwhitneyu_two_sided,0.9960585779461091,0.9960585779461091,0.24789915966386555,0.22767857142857142,0.19457013574660634,0.33031674208144796,1.0,0.0824175824175824,0.24789915966386555,0.236,999,subject,foot,kinematic,left,LFootProgressAngles,0.02843549184379634,exploratory,47
RAnkleAngles_ax1_phase_50_60_min__median,31,17,14,5.994480609893799,3.557046413421631,5.668437133817112,3.254891348736627,2.437434196472168,0.6852410436015441,0.29411764705882354,0.3417399934538435,-0.08403361344537816,0.6556722689075628,small,VICTIMS_HIGHER,0.7058823529411765,0.6428571428571429,154.0,0.17085858498744178,mannwhitneyu_two_sided,0.9960585779461091,0.9960585779461091,0.29411764705882354,0.2850678733031674,0.2398190045248869,0.3755656108597285,1.0,0.08144796380090497,0.29411764705882354,0.193,999,subject,ankle,phase,right,RAnkleAngles,0.02802768166089966,exploratory,48
sym_HEE_path3d_absdiff,31,17,14,14.132933920061987,6.006848368423789,14.288814143781606,10.113839053552558,8.126085551638198,1.3528035091337758,0.3025210084033613,0.619533765568405,-0.12626050420168067,0.6890756302521008,small,VICTIMS_HIGHER,0.7058823529411765,0.7857142857142857,155.0,0.1587924654037347,mannwhitneyu_two_sided,0.9960585779461091,0.9960585779461091,0.3025210084033613,0.2857142857142857,0.248868778280543,0.40271493212669685,1.0,0.10019392372333552,0.3025210084033613,0.15,999,subject,foot,symmetry,bilateral,LHEE|RHEE,0.02722689075630252,exploratory,49
LAnkleAngles_ax1_phase_50_60_rom__median,31,17,14,9.343618035316467,10.667313575744629,9.872910180183894,11.058454579540662,1.3236955404281616,-0.12408893120363357,-0.2857142857142857,-0.4525423714501808,-0.6554621848739496,0.12605042016806722,small,VICTIMS_LOWER,0.7058823529411765,0.7142857142857143,85.0,0.18359867349944814,mannwhitneyu_two_sided,0.9960585779461091,0.9960585779461091,-0.2857142857142857,-0.27601809954751133,-0.3665158371040724,-0.2398190045248869,1.0,0.08080155138978667,-0.2857142857142857,0.193,999,subject,ankle,phase,left,LAnkleAngles,0.027226890756302517,exploratory,50
RKneeAngles_ax2_peak_acc__median,31,17,14,3736.592978732642,2990.733319066757,3978.019551352432,3583.54605381403,745.8596596658854,0.24939022644072695,0.25210084033613445,0.4761539006070214,-0.12605042016806722,0.6558823529411761,small,VICTIMS_HIGHER,0.7058823529411765,0.7857142857142857,149.0,0.24160714823314522,mannwhitneyu_two_sided,0.9960585779461091,0.9960585779461091,0.25210084033613445,0.2398190045248869,0.21266968325791855,0.34841628959276016,1.0,0.09631544925662572,0.25210084033613445,0.251,999,subject,knee,kinematic,right,RKneeAngles,0.026693030153237766,exploratory,51
LAnkleAngles_ax3_min__median,31,17,14,-3.3167624473571777,5.860651969909668,-3.158665053984698,-0.3127965841974531,9.177414417266846,-1.565937452758912,-0.226890756302521,-0.5653096232902002,-0.6302521008403361,0.17668067226890738,small,VICTIMS_LOWER,0.7647058823529411,0.6428571428571429,92.0,0.2928470165627216,mannwhitneyu_two_sided,0.9960585779461091,0.9960585779461091,-0.226890756302521,-0.21266968325791855,-0.3212669683257919,-0.18552036199095023,1.0,0.09437621202327087,-0.226890756302521,0.3,999,subject,ankle,kinematic,left,LAnkleAngles,0.026025704399406817,exploratory,52
LKneeAngles_ax1_max__median,31,17,14,71.94987487792969,69.30389213562012,72.07029656802906,70.54969269888741,2.6459827423095703,0.03817942486017484,0.24369747899159663,0.3668447288102953,-0.19369747899159662,0.6470588235294118,small,VICTIMS_HIGHER,0.7058823529411765,0.6428571428571429,148.0,0.2579351703686603,mannwhitneyu_two_sided,0.9960585779461091,0.9960585779461091,0.24369747899159663,0.23076923076923078,0.19457013574660634,0.3393665158371041,1.0,0.09566903684550745,0.24369747899159663,0.301,999,subject,knee,kinematic,left,LKneeAngles,0.025803262481463172,exploratory,53
RKneeAngles_ax1_phase_90_100_mean__median,31,17,14,19.772021900523793,17.67155530235984,17.73086911981756,15.912471417095755,2.100466598163951,0.11886144497329315,0.29411764705882354,0.41132933643018704,-0.13445378151260504,0.6638655462184874,small,VICTIMS_HIGHER,0.6470588235294118,0.8571428571428571,154.0,0.17085858498744178,mannwhitneyu_two_sided,0.9960585779461091,0.9960585779461091,0.29411764705882354,0.2857142857142857,0.2398190045248869,0.3936651583710407,1.0,0.09954751131221717,0.29411764705882354,0.178,999,subject,knee,phase,right,RKneeAngles,0.025692041522491355,exploratory,54
RTOE_ax3_excursion__median,31,17,14,113.14590454101562,116.70592498779297,112.20389803718118,113.63082327161517,3.5600204467773438,-0.03050419631350944,-0.2184873949579832,-0.3365328632330392,-0.6472689075630252,0.21008403361344538,small,VICTIMS_LOWER,0.8235294117647058,0.6428571428571429,93.0,0.31144131894886007,mannwhitneyu_two_sided,0.9960585779461091,0.9960585779461091,-0.2184873949579832,-0.20535714285714285,-0.31221719457013575,-0.167420814479638,1.0,0.09372979961215255,-0.2184873949579832,0.333,999,subject,foot,spatial,right,RTOE,0.025640138408304498,exploratory,55
RPSI_ax2_excursion__median,31,17,14,55.15460205078125,61.109397888183594,57.05749399521772,62.960436139787944,5.954795837402344,-0.09744484552602328,-0.3025210084033613,-0.3777403321060311,-0.680672268907563,0.1092436974789916,small,VICTIMS_LOWER,0.5882352941176471,0.7857142857142857,83.0,0.1587924654037347,mannwhitneyu_two_sided,0.9960585779461091,0.9960585779461091,-0.3025210084033613,-0.3031674208144796,-0.3936651583710407,-0.248868778280543,1.0,0.09114414996767939,-0.3025210084033613,0.168,999,subject,pelvis,spatial,right,RPSI,0.025358378645575875,exploratory,56
LFootProgressAngles_ax2_min__median,31,17,14,-1.943850815296173,-1.3020921349525452,-3.104620913125794,-1.7066917065531015,0.6417586803436279,-0.4928673348964026,-0.2605042016806723,-0.1676527510972227,-0.6304621848739496,0.15126050420168066,small,VICTIMS_LOWER,0.6470588235294118,0.5714285714285714,88.0,0.22602060714218963,mannwhitneyu_two_sided,0.9960585779461091,0.9960585779461091,-0.2605042016806723,-0.26785714285714285,-0.3393665158371041,-0.20361990950226244,1.0,0.0788623141564318,-0.2605042016806723,0.242,999,subject,foot,kinematic,left,LFootProgressAngles,0.025284231339594662,exploratory,57
sym_HEE_path3d_si,31,17,14,0.18352632201302513,-0.13321212046359626,0.32462195997991866,-0.11183713833376074,0.3167384424766214,2.3776998772658873,0.2773109243697479,0.23827202983708606,-0.11785714285714284,0.6890756302521008,small,VICTIMS_HIGHER,0.7058823529411765,0.8571428571428571,152.0,0.1970292009147897,mannwhitneyu_two_sided,0.9960585779461091,0.9960585779461091,0.2773109243697479,0.2669683257918552,0.22171945701357465,0.3755656108597285,1.0,0.09825468648998059,0.2773109243697479,0.196,999,subject,foot,symmetry,bilateral,LHEE|RHEE,0.02495798319327731,exploratory,58
RAnkleAngles_ax2_tmax_pct__median,31,17,14,51.0,32.0,49.794117647058826,40.857142857142854,19.0,0.59375,0.23529411764705882,0.5333333333333333,-0.17647058823529413,0.6388655462184871,small,VICTIMS_HIGHER,0.7058823529411765,0.7142857142857143,147.0,0.27467408550688477,mannwhitneyu_two_sided,0.9960585779461091,0.9960585779461091,0.23529411764705882,0.22171945701357465,0.17647058823529413,0.33031674208144796,1.0,0.09502262443438914,0.23529411764705882,0.27,999,subject,ankle,kinematic,right,RAnkleAngles,0.02491349480968858,exploratory,59
LKneeAngles_ax2_tmin_pct__median,31,17,14,51.0,50.0,52.88235294117647,46.214285714285715,1.0,0.02,0.2815126050420168,0.05970149253731343,-0.15126050420168066,0.6890756302521008,small,VICTIMS_HIGHER,0.5882352941176471,0.6428571428571429,152.5,0.18816543020938326,mannwhitneyu_two_sided,0.9960585779461091,0.9960585779461091,0.2815126050420168,0.28054298642533937,0.23529411764705882,0.36160714285714285,1.0,0.08009453781512604,0.2815126050420168,0.18,999,subject,knee,kinematic,left,LKneeAngles,0.024839347503707365,exploratory,60
LFootProgressAngles_ax3_peak_acc__median,31,17,14,2995.1602720713922,2510.4261273117804,3009.191373868567,2546.728920104955,484.7341447596118,0.19308839223987675,0.25210084033613445,0.5490484643191287,-0.15966386554621848,0.6218487394957983,small,VICTIMS_HIGHER,0.6470588235294118,0.8571428571428571,149.0,0.24160714823314522,mannwhitneyu_two_sided,0.9960585779461091,0.9960585779461091,0.25210084033613445,0.248868778280543,0.19457013574660634,0.32142857142857145,1.0,0.069327731092437,0.25210084033613445,0.243,999,subject,foot,kinematic,left,LFootProgressAngles,0.024468610973801284,exploratory,61
sym_HipAngles_ax1_tmax_pct_si,31,17,14,-1.1173184357541899,0.5649362877408827,-47.87490016840996,17.47015028676088,1.6822547234950727,-2.9777777777777774,-0.2689075630252101,-0.012738448086244296,-0.6388655462184873,0.12605042016806722,small,VICTIMS_LOWER,0.7058823529411765,0.5,87.0,0.21042807709917521,mannwhitneyu_two_sided,0.9960585779461091,0.9960585779461091,-0.2689075630252101,-0.28125,-0.32142857142857145,-0.21266968325791855,1.0,0.056237879767291526,-0.2689075630252101,0.225,999,subject,hip,symmetry,bilateral,LHipAngles|RHipAngles,0.024201680672268907,exploratory,62
RAnkleAngles_ax2_peak_acc__median,31,17,14,1929.5731711478065,1436.456798435761,1923.2541803877739,1725.5931051097166,493.11637271204563,0.3432866016221497,0.21008403361344538,0.5345766467945093,-0.22710084033613445,0.6218487394957983,small,VICTIMS_HIGHER,0.7647058823529411,0.6428571428571429,144.0,0.330797823330896,mannwhitneyu_two_sided,0.9960585779461091,0.9960585779461091,0.21008403361344538,0.19642857142857142,0.1493212669683258,0.3031674208144796,1.0,0.09308338720103423,0.21008403361344538,0.336,999,subject,ankle,kinematic,right,RAnkleAngles,0.024097874443895204,exploratory,63
RFootProgressAngles_ax1_max__median,31,17,14,-16.0554141998291,-14.660781860351562,-15.217721953111536,-13.875641311917986,1.394632339477539,-0.09512673694771802,-0.24369747899159663,-0.28729748304075925,-0.6302521008403361,0.17647058823529413,small,VICTIMS_LOWER,0.6470588235294118,0.7857142857142857,90.0,0.2579351703686603,mannwhitneyu_two_sided,0.9960585779461091,0.9960585779461091,-0.24369747899159663,-0.2398190045248869,-0.3125,-0.18552036199095023,1.0,0.06880252100840337,-0.24369747899159663,0.275,999,subject,foot,kinematic,right,RFootProgressAngles,0.023652990608007907,exploratory,64
RAnkleAngles_ax1_phase_90_100_rom__median,31,17,14,2.6075387001037598,3.4570246934890747,3.3194353580474854,3.6735005719321117,0.8494859933853149,-0.2457274878554464,-0.226890756302521,-0.5899419521038005,-0.6386554621848739,0.17647058823529413,small,VICTIMS_LOWER,0.7647058823529411,0.7857142857142857,92.0,0.2928470165627216,mannwhitneyu_two_sided,0.9960585779461091,0.9960585779461091,-0.226890756302521,-0.20535714285714285,-0.3212669683257919,-0.18552036199095023,1.0,0.09437621202327087,-0.226890756302521,0.307,999,subject,ankle,phase,right,RAnkleAngles,0.023423133959466137,exploratory,65
LTOE_ax2_excursion__median,31,17,14,60.01493835449219,69.79340362548828,64.11449062123017,71.70636095319476,9.778465270996094,-0.14010586621434,-0.2773109243697479,-0.48815372647298827,-0.6302521008403361,0.1346638655462183,small,VICTIMS_LOWER,0.5882352941176471,0.7857142857142857,86.0,0.1970292009147897,mannwhitneyu_two_sided,0.9960585779461091,0.9960585779461091,-0.2773109243697479,-0.27601809954751133,-0.34841628959276016,-0.22171945701357465,1.0,0.07110536522301225,-0.2773109243697479,0.19,999,subject,foot,spatial,left,LTOE,0.023245180425111218,exploratory,66
var_RHipAngles_ax1_rom_mad,31,17,14,1.420577347278595,1.1029715165495872,1.5028858140987509,1.293216167816094,0.3176058307290077,0.2879546987057021,0.2689075630252101,0.4391670508026223,-0.12605042016806722,0.6470588235294118,small,VICTIMS_HIGHER,0.7647058823529411,0.7142857142857143,151.0,0.2111652971287249,mannwhitneyu_two_sided,0.9960585779461091,0.9960585779461091,0.2689075630252101,0.2579185520361991,0.21266968325791855,0.3665158371040724,1.0,0.0976082740788623,0.2689075630252101,0.214,999,subject,mixed,variability,none,RHipAngles_ax1_rom,0.023133959466139394,exploratory,67
RKneeAngles_ax3_peak_vel__median,31,17,14,261.1586521492412,230.05911150586667,268.6776925655908,238.56917091651962,31.099540643374553,0.13518065178905767,0.23529411764705882,0.41932565189075366,-0.17647058823529413,0.6136554621848738,small,VICTIMS_HIGHER,0.6470588235294118,0.7857142857142857,147.0,0.27501302114502435,mannwhitneyu_two_sided,0.9960585779461091,0.9960585779461091,0.23529411764705882,0.23076923076923078,0.17647058823529413,0.3212669683257919,1.0,0.08597285067873306,0.23529411764705882,0.308,999,subject,knee,kinematic,right,RKneeAngles,0.022837370242214532,exploratory,68
sym_FootProgressAngles_ax1_rom_si,31,17,14,-0.6632480973257906,0.5988414291383415,-0.4946336706040344,0.7357033208836914,1.262089526464132,-2.1075521249091307,-0.25210084033613445,-0.3775660952012059,-0.6218487394957983,0.16848739495798282,small,VICTIMS_LOWER,0.7058823529411765,0.7142857142857143,89.0,0.24160714823314522,mannwhitneyu_two_sided,0.9960585779461091,0.9960585779461091,-0.25210084033613445,-0.2398190045248869,-0.3393665158371041,-0.19457013574660634,1.0,0.08726567550096964,-0.25210084033613445,0.26,999,subject,foot,symmetry,bilateral,LFootProgressAngles|RFootProgressAngles,0.0226890756302521,exploratory,69
sym_FootProgressAngles_ax1_tmax_pct_absdiff,31,17,14,0.0,1.0,0.4411764705882353,0.7142857142857143,1.0,-1.0,-0.29411764705882354,-1.3333333333333333,-0.6428571428571429,0.09243697478991597,small,VICTIMS_LOWER,0.5882352941176471,0.8571428571428571,84.0,0.13711732415027356,mannwhitneyu_two_sided,0.9960585779461091,0.9960585779461091,-0.29411764705882354,-0.27601809954751133,-0.375,-0.25892857142857145,1.0,0.08088235294117646,-0.29411764705882354,0.147,999,subject,foot,symmetry,bilateral,LFootProgressAngles|RFootProgressAngles,0.022058823529411766,exploratory,70
LKneeAngles_ax3_peak_vel__median,31,17,14,241.83704665336484,206.67901232999304,255.71398471677287,247.99780238727922,35.158034323371794,0.17010935908304461,0.17647058823529413,0.34992333782735113,-0.2773109243697479,0.6222689075630249,small,VICTIMS_HIGHER,0.8235294117647058,0.5714285714285714,140.0,0.41579890439747025,mannwhitneyu_two_sided,0.9960585779461091,0.9960585779461091,0.17647058823529413,0.17857142857142858,0.12217194570135746,0.2579185520361991,1.0,0.081447963800905,0.17647058823529413,0.436,999,subject,knee,kinematic,left,LKneeAngles,0.021799307958477506,exploratory,71
RAnkleAngles_ax1_min__median,31,17,14,-11.813532829284668,-15.511555194854736,-13.22566812178668,-14.847411905016218,3.6980223655700684,0.23840435850021807,0.20168067226890757,0.5558877645471192,-0.2184873949579832,0.5968487394957981,small,VICTIMS_HIGHER,0.7058823529411765,0.7142857142857143,143.0,0.3509160535416732,mannwhitneyu_two_sided,0.9960585779461091,0.9960585779461091,0.20168067226890757,0.1875,0.14027149321266968,0.29411764705882354,1.0,0.09243697478991597,0.20168067226890757,0.36,999,subject,ankle,kinematic,right,RAnkleAngles,0.021354424122590213,exploratory,72
RFootProgressAngles_ax3_tmax_pct__median,31,17,14,44.0,54.0,40.5,46.0,10.0,-0.18518518518518517,-0.20168067226890757,-0.35874439461883406,-0.5798319327731093,0.22710084033613426,small,VICTIMS_LOWER,0.7058823529411765,0.7142857142857143,95.0,0.3503325874596024,mannwhitneyu_two_sided,0.9960585779461091,0.9960585779461091,-0.20168067226890757,-0.1875,-0.27149321266968324,-0.14027149321266968,1.0,0.06981254040077567,-0.20168067226890757,0.335,999,subject,foot,kinematic,right,RFootProgressAngles,0.021354424122590213,exploratory,73
RHipAngles_ax3_rom__median,31,17,14,19.339293956756592,21.60544228553772,19.40974721400177,22.33559215068817,2.266148328781128,-0.10488784718367211,-0.2184873949579832,-0.21920625039867792,-0.6220588235294118,0.20168067226890757,small,VICTIMS_LOWER,0.6470588235294118,0.6428571428571429,93.0,0.31144131894886007,mannwhitneyu_two_sided,0.9960585779461091,0.9960585779461091,-0.2184873949579832,-0.21428571428571427,-0.31221719457013575,-0.1583710407239819,1.0,0.09372979961215255,-0.2184873949579832,0.333,999,subject,hip,kinematic,right,RHipAngles,0.021206129510627784,exploratory,74
var_LHipAngles_ax1_rom_sd,31,17,14,2.105100391782464,2.2989699480619654,2.0260198473971123,2.5444911140445567,0.19386955627950142,-0.08432887800161708,-0.226890756302521,-0.21565290010176852,-0.6388655462184873,0.21869747899159644,small,VICTIMS_LOWER,0.8235294117647058,0.5,92.0,0.2928470165627216,mannwhitneyu_two_sided,0.9960585779461091,0.9960585779461091,-0.226890756302521,-0.24107142857142858,-0.31221719457013575,-0.167420814479638,1.0,0.08532643826761474,-0.226890756302521,0.284,999,subject,mixed,variability,none,LHipAngles_ax1_rom,0.021020761245674736,exploratory,75
LHipAngles_ax1_phase_70_80_rom__median,31,17,14,13.85140347480774,15.237047672271729,14.073325942544376,14.692895701953343,1.3856441974639893,-0.09093915220765338,-0.20168067226890757,-0.4270293593967759,-0.6304621848739496,0.21008403361344538,small,VICTIMS_LOWER,0.7647058823529411,0.7142857142857143,95.0,0.3509160535416732,mannwhitneyu_two_sided,0.9960585779461091,0.9960585779461091,-0.20168067226890757,-0.1875,-0.29411764705882354,-0.1583710407239819,1.0,0.09243697478991597,-0.20168067226890757,0.334,999,subject,hip,phase,left,LHipAngles,0.020820563519525458,exploratory,76
RKneeAngles_ax1_min__median,31,17,14,10.183465003967285,8.81121015548706,9.706344707923776,8.190414718219213,1.3722548484802246,0.15573965712594787,0.19327731092436976,0.29694499153509507,-0.21029411764705883,0.5798319327731093,small,VICTIMS_HIGHER,0.7058823529411765,0.6428571428571429,142.0,0.371793069296558,mannwhitneyu_two_sided,0.9960585779461091,0.9960585779461091,0.19327731092436976,0.1875,0.13122171945701358,0.27601809954751133,1.0,0.08274078862314158,0.19327731092436976,0.365,999,subject,knee,kinematic,right,RKneeAngles,0.020464656450815622,exploratory,77
sym_AJC_ax1_excursion_absdiff,31,17,14,10.213470458984375,5.14979362487793,11.538609785192152,9.021704401288714,5.063676834106445,0.9832776229409531,0.226890756302521,0.5071552042592383,-0.15966386554621848,0.6304621848739493,small,VICTIMS_HIGHER,0.7058823529411765,0.7857142857142857,146.0,0.2928470165627216,mannwhitneyu_two_sided,0.9960585779461091,0.9960585779461091,0.226890756302521,0.21266968325791855,0.18552036199095023,0.3212669683257919,1.0,0.09437621202327087,0.226890756302521,0.288,999,subject,ankle,symmetry,bilateral,LAJC|RAJC,0.02042016806722689,exploratory,78
RKneeAngles_ax1_phase_50_60_min__median,31,17,14,13.757020950317383,11.712931632995605,13.70395668815164,12.092800055231367,2.0440893173217773,0.1745156021882284,0.21008403361344538,0.3373473159637527,-0.2184873949579832,0.6218487394957983,small,VICTIMS_HIGHER,0.7058823529411765,0.6428571428571429,144.0,0.330797823330896,mannwhitneyu_two_sided,0.9960585779461091,0.9960585779461091,0.21008403361344538,0.20361990950226244,0.1493212669683258,0.3031674208144796,1.0,0.09308338720103423,0.21008403361344538,0.319,999,subject,knee,phase,right,RKneeAngles,0.020019772614928325,exploratory,79
RKneeAngles_ax1_phase_50_60_rom__median,31,17,14,11.056957483291626,12.875836491584778,11.223024293780327,12.106552124023438,1.8188790082931519,-0.1412629780971443,-0.19327731092436976,-0.6448237867310488,-0.613655462184874,0.193487394957983,small,VICTIMS_LOWER,0.7647058823529411,0.6428571428571429,96.0,0.371793069296558,mannwhitneyu_two_sided,0.9960585779461091,0.9960585779461091,-0.19327731092436976,-0.1875,-0.2850678733031674,-0.13122171945701358,1.0,0.09179056237879765,-0.19327731092436976,0.376,999,subject,knee,phase,right,RKneeAngles,0.01995304003954523,exploratory,80
sym_FootProgressAngles_ax1_max_absdiff,31,17,14,3.0983047485351562,1.7625774145126343,3.110401293810676,2.424387812614441,1.335727334022522,0.7578261941997371,0.20168067226890757,0.5756795099654132,-0.26071428571428573,0.6388655462184871,small,VICTIMS_HIGHER,0.7647058823529411,0.7142857142857143,143.0,0.3509160535416732,mannwhitneyu_two_sided,0.9960585779461091,0.9960585779461091,0.20168067226890757,0.1875,0.15178571428571427,0.2850678733031674,1.0,0.08338720103425984,0.20168067226890757,0.337,999,subject,foot,symmetry,bilateral,LFootProgressAngles|RFootProgressAngles,0.019663865546218486,exploratory,81
LAnkleAngles_ax3_peak_acc__median,31,17,14,8863.995705874546,7100.376443634545,9322.074670895461,8118.92224633416,1763.6192622400013,0.24838390981665176,0.20168067226890757,0.4535592600672028,-0.20168067226890757,0.5966386554621849,small,VICTIMS_HIGHER,0.6470588235294118,0.6428571428571429,143.0,0.3509160535416732,mannwhitneyu_two_sided,0.9960585779461091,0.9960585779461091,0.20168067226890757,0.19642857142857142,0.1493212669683258,0.2850678733031674,1.0,0.08338720103425984,0.20168067226890757,0.354,999,subject,ankle,kinematic,left,LAnkleAngles,0.019574888779041028,exploratory,82
RAnkleAngles_ax3_max__median,31,17,14,25.934894561767578,22.30527973175049,25.44364090526805,20.061967509133474,3.62961483001709,0.16272447033473014,0.20168067226890757,0.2239479898767212,-0.25210084033613445,0.5882352941176471,small,VICTIMS_HIGHER,0.6470588235294118,0.5714285714285714,143.0,0.3509160535416732,mannwhitneyu_two_sided,0.9960585779461091,0.9960585779461091,0.20168067226890757,0.20535714285714285,0.14027149321266968,0.27601809954751133,1.0,0.07433742727860376,0.20168067226890757,0.332,999,subject,ankle,kinematic,right,RAnkleAngles,0.019574888779041028,exploratory,83
COM_msjerk__median,31,17,14,110566411.89686635,48963040.055520356,153652877.0371489,92465503.04516037,61603371.841345996,1.2581606814342505,0.2773109243697479,0.6157137841360819,-0.13445378151260504,0.6556722689075628,small,VICTIMS_HIGHER,0.5882352941176471,0.8571428571428571,152.0,0.1970292009147897,mannwhitneyu_two_sided,0.9960585779461091,0.9960585779461091,0.2773109243697479,0.27601809954751133,0.22171945701357465,0.3665158371040724,1.0,0.08920491273432446,0.2773109243697479,0.2,999,subject,whole_body,smoothness,none,CentreOfMass,0.019574888779041028,exploratory,84
LKJC_ax2_excursion__median,31,17,14,54.82051086425781,56.41363525390625,52.62341746161966,56.27019173758371,1.5931243896484375,-0.028240059029667385,-0.19327731092436976,-0.12611104123865594,-0.5884453781512605,0.17647058823529413,small,VICTIMS_LOWER,0.7058823529411765,0.5714285714285714,96.0,0.371793069296558,mannwhitneyu_two_sided,0.9960585779461091,0.9960585779461091,-0.19327731092436976,-0.1875,-0.2850678733031674,-0.13122171945701358,1.0,0.09179056237879765,-0.19327731092436976,0.365,999,subject,knee,spatial,left,LKJC,0.01944142362827484,exploratory,85
RAbsAnkleAngle_ax1_peak_acc__median,31,17,14,7904.1874998992735,7407.514400085253,8265.473621001134,7393.003183265987,496.67309981402013,0.06704990000536536,0.2184873949579832,0.21864382498414192,-0.19327731092436976,0.6136554621848738,small,VICTIMS_HIGHER,0.5882352941176471,0.7142857142857143,145.0,0.31144131894886007,mannwhitneyu_two_sided,0.9960585779461091,0.9960585779461091,0.2184873949579832,0.21266968325791855,0.167420814479638,0.3031674208144796,1.0,0.08468002585649642,0.2184873949579832,0.31,999,subject,ankle,kinematic,right,RAbsAnkleAngle,0.019278299555116167,exploratory,86
var_LAnkleAngles_ax1_rom_sd,31,17,14,2.08042713516468,2.6265763746763824,4.003714395191482,4.246390629279968,0.5461492395117022,-0.20793198506515642,-0.2184873949579832,-0.4866395564788676,-0.6218487394957983,0.21869747899159644,small,VICTIMS_LOWER,0.7647058823529411,0.6428571428571429,93.0,0.31144131894886007,mannwhitneyu_two_sided,0.9960585779461091,0.9960585779461091,-0.2184873949579832,-0.21428571428571427,-0.3031674208144796,-0.1583710407239819,1.0,0.08468002585649642,-0.2184873949579832,0.324,999,subject,mixed,variability,none,LAnkleAngles_ax1_rom,0.01879634206623826,exploratory,87
var_LAnkleAngles_ax1_rom_cv,31,17,14,0.06480998997987304,0.07717829063988577,0.11913219001096073,0.1151970062838973,0.012368300660012724,-0.16025621398798875,-0.2184873949579832,-0.49562237240117946,-0.6050420168067226,0.20189075630252082,small,VICTIMS_LOWER,0.7647058823529411,0.6428571428571429,93.0,0.31144131894886007,mannwhitneyu_two_sided,0.9960585779461091,0.9960585779461091,-0.2184873949579832,-0.21428571428571427,-0.3031674208144796,-0.167420814479638,1.0,0.08468002585649642,-0.2184873949579832,0.326,999,subject,mixed,variability,none,LAnkleAngles_ax1_rom,0.01879634206623826,exploratory,88
cycle_duration_s__median,31,17,14,1.03,1.05,1.041470588235294,1.0585714285714287,0.020000000000000018,-0.019047619047619063,-0.21008403361344538,-0.2857142857142857,-0.5714285714285714,0.21428571428571427,small,VICTIMS_LOWER,0.5882352941176471,0.5714285714285714,94.0,0.32849549924237254,mannwhitneyu_two_sided,0.9960585779461091,0.9960585779461091,-0.21008403361344538,-0.21266968325791855,-0.2857142857142857,-0.1583710407239819,1.0,0.07563025210084032,-0.21008403361344538,0.347,999,subject,gait_cycle,temporal,ipsilateral,events,0.018536826495304005,exploratory,89
RAJC_ax2_excursion__median,31,17,14,57.120025634765625,58.30856895446777,55.35395902745864,59.665017536708284,1.1885433197021484,-0.020383681867244294,-0.24369747899159663,-0.08220346914921173,-0.6304621848739496,0.14285714285714285,small,VICTIMS_LOWER,0.5294117647058824,0.5,90.0,0.2579351703686603,mannwhitneyu_two_sided,0.9960585779461091,0.9960585779461091,-0.24369747899159663,-0.25892857142857145,-0.32142857142857145,-0.19457013574660634,1.0,0.07773109243697482,-0.24369747899159663,0.266,999,subject,ankle,spatial,right,RAJC,0.018384824518042506,exploratory,90
LHEE_ax2_excursion__median,31,17,14,57.1712646484375,58.03208923339844,56.02268286312328,61.5851080758231,0.8608245849609375,-0.014833596314252953,-0.24369747899159663,-0.04907444457975956,-0.6388655462184873,0.16806722689075632,small,VICTIMS_LOWER,0.5294117647058824,0.5714285714285714,90.0,0.2579351703686603,mannwhitneyu_two_sided,0.9960585779461091,0.9960585779461091,-0.24369747899159663,-0.25,-0.32142857142857145,-0.19457013574660634,1.0,0.07773109243697482,-0.24369747899159663,0.282,999,subject,foot,spatial,left,LHEE,0.018384824518042506,exploratory,91
LAnkleAngles_ax1_phase_0_10_rom__median,31,17,14,9.140610694885254,10.591844320297241,9.459037020145093,9.828417279890605,1.4512336254119873,-0.137014251864614,-0.17647058823529413,-0.531799952479053,-0.6052521008403361,0.2523109243697477,small,VICTIMS_LOWER,0.7647058823529411,0.7142857142857143,98.0,0.41579890439747025,mannwhitneyu_two_sided,0.9960585779461091,0.9960585779461091,-0.17647058823529413,-0.16071428571428573,-0.2669683257918552,-0.13122171945701358,1.0,0.09049773755656107,-0.17647058823529413,0.424,999,subject,ankle,phase,left,LAnkleAngles,0.018217993079584775,exploratory,92
var_LKneeAngles_ax1_rom_mad,31,17,14,1.0971808433532715,1.0709338188171387,1.2292322046397364,1.012408013854708,0.026247024536132812,0.024508540187033235,0.226890756302521,0.08058861355867297,-0.17647058823529413,0.5966386554621849,small,VICTIMS_HIGHER,0.7058823529411765,0.6428571428571429,146.0,0.2928470165627216,mannwhitneyu_two_sided,0.9960585779461091,0.9960585779461091,0.226890756302521,0.22321428571428573,0.167420814479638,0.29464285714285715,1.0,0.06775210084033614,0.226890756302521,0.317,999,subject,mixed,variability,none,LKneeAngles_ax1_rom,0.018017795353435492,exploratory,93
LAnkleAngles_ax3_peak_vel__median,31,17,14,331.1541894937541,296.33459997351497,336.20128149753987,311.0736046031646,34.819589520239106,0.11750092470926825,0.16806722689075632,0.2848082900088163,-0.22710084033613445,0.5714285714285714,small,VICTIMS_HIGHER,0.7058823529411765,0.6428571428571429,139.0,0.43890886310183785,mannwhitneyu_two_sided,0.9960585779461091,0.9960585779461091,0.16806722689075632,0.16071428571428573,0.11312217194570136,0.24107142857142858,1.0,0.07300420168067226,0.16806722689075632,0.438,999,subject,ankle,kinematic,left,LAnkleAngles,0.017795353435491844,exploratory,94
LAnkleAngles_ax1_phase_70_80_rom__median,31,17,14,5.623543206602335,7.261406406760216,6.650345856871675,7.433628228093896,1.6378632001578808,-0.22555729681140899,-0.20168067226890757,-0.39401318097353544,-0.5970588235294118,0.23550420168067207,small,VICTIMS_LOWER,0.6470588235294118,0.7142857142857143,95.0,0.3509160535416732,mannwhitneyu_two_sided,0.9960585779461091,0.9960585779461091,-0.20168067226890757,-0.1875,-0.2767857142857143,-0.15178571428571427,1.0,0.07510504201680673,-0.20168067226890757,0.351,999,subject,ankle,phase,left,LAnkleAngles,0.017617399901136924,exploratory,95
LKneeAngles_ax1_phase_70_80_rom__median,31,17,14,6.010440826416016,6.363591194152832,6.2798302313860725,6.9068420955113,0.3531503677368164,-0.055495451697354106,-0.2184873949579832,-0.195310089478556,-0.6134453781512605,0.21029411764705863,small,VICTIMS_LOWER,0.5882352941176471,0.6428571428571429,93.0,0.31144131894886007,mannwhitneyu_two_sided,0.9960585779461091,0.9960585779461091,-0.2184873949579832,-0.22171945701357465,-0.27601809954751133,-0.1583710407239819,1.0,0.0601163542340013,-0.2184873949579832,0.3,999,subject,knee,phase,left,LKneeAngles,0.01735046959960455,exploratory,96
LKneeAngles_ax1_median__median,31,17,14,24.194107055664062,20.75311279296875,22.117824947132785,21.017066955566406,3.4409942626953125,0.16580617553724938,0.15126050420168066,0.5730187165806186,-0.2689075630252101,0.5464285714285712,small,VICTIMS_HIGHER,0.7647058823529411,0.6428571428571429,137.0,0.4872755078332215,mannwhitneyu_two_sided,0.9960585779461091,0.9960585779461091,0.15126050420168066,0.14027149321266968,0.09502262443438914,0.2398190045248869,1.0,0.08855850032320622,0.15126050420168066,0.484,999,subject,knee,kinematic,left,LKneeAngles,0.017350469599604547,exploratory,97
LKneeAngles_ax1_vel_rms__median,31,17,14,192.93982773852562,190.3710867330778,194.49072288096752,192.37485578814986,2.5687410054478335,0.0134933358291404,0.17647058823529413,0.16122467828741663,-0.226890756302521,0.5798319327731093,small,VICTIMS_HIGHER,0.6470588235294118,0.5714285714285714,140.0,0.41579890439747025,mannwhitneyu_two_sided,0.9960585779461091,0.9960585779461091,0.17647058823529413,0.17857142857142858,0.12217194570135746,0.2579185520361991,1.0,0.081447963800905,0.17647058823529413,0.406,999,subject,knee,kinematic,left,LKneeAngles,0.017128027681660902,exploratory,98
RFootProgressAngles_ax1_std__median,31,17,14,28.83289306545901,28.990519810683516,28.76047688639003,29.142319699362435,0.15762674522450482,-0.0054371824394268565,-0.17647058823529413,-0.10050610754264344,-0.6134453781512605,0.23550420168067207,small,VICTIMS_LOWER,0.6470588235294118,0.6428571428571429,98.0,0.41579890439747025,mannwhitneyu_two_sided,0.9960585779461091,0.9960585779461091,-0.17647058823529413,-0.167420814479638,-0.2669683257918552,-0.11312217194570136,1.0,0.09049773755656107,-0.17647058823529413,0.437,999,subject,foot,kinematic,right,RFootProgressAngles,0.017128027681660902,exploratory,99
LPSI_ax3_excursion__median,31,17,14,47.9395751953125,49.39500427246094,47.00534596162684,49.50144958496094,1.4554290771484375,-0.02946510681769247,-0.226890756302521,-0.16057940101120763,-0.6218487394957983,0.20189075630252082,small,VICTIMS_LOWER,0.5294117647058824,0.5714285714285714,92.0,0.2928470165627216,mannwhitneyu_two_sided,0.9960585779461091,0.9960585779461091,-0.226890756302521,-0.23214285714285715,-0.30357142857142855,-0.17647058823529413,1.0,0.07668067226890754,-0.226890756302521,0.301,999,subject,pelvis,spatial,left,LPSI,0.017116905585763714,exploratory,100
RFootProgressAngles_ax1_rom__median,31,17,14,101.68239068984985,104.29848098754883,102.71197164759917,104.89394279888698,2.6160902976989746,-0.025082726737039287,-0.19327731092436976,-0.38419985729600936,-0.5968487394957983,0.226890756302521,small,VICTIMS_LOWER,0.5882352941176471,0.7142857142857143,96.0,0.371793069296558,mannwhitneyu_two_sided,0.9960585779461091,0.9960585779461091,-0.19327731092436976,-0.1875,-0.25892857142857145,-0.13122171945701358,1.0,0.0656512605042017,-0.19327731092436976,0.396,999,subject,foot,kinematic,right,RFootProgressAngles,0.017053880375679686,exploratory,101
coord_right_hip_knee_ax1_corr__median,31,17,14,0.1612495613988134,0.11777194844538297,0.15752229000159074,0.13077194260634176,0.043477612953430445,0.36916781565852497,0.2184873949579832,0.45197957770744607,-0.17668067226890757,0.6470588235294118,small,VICTIMS_HIGHER,0.6470588235294118,0.6428571428571429,145.0,0.31144131894886007,mannwhitneyu_two_sided,0.9960585779461091,0.9960585779461091,0.2184873949579832,0.21266968325791855,0.1583710407239819,0.3031674208144796,1.0,0.08468002585649642,0.2184873949579832,0.3,999,subject,hip,coordination,right,RHipAngles|RKneeAngles,0.016964903608502228,exploratory,102
RKneeAngles_ax1_phase_70_80_rom__median,31,17,14,6.4320220947265625,6.744145393371582,6.559928136713364,7.244157995496478,0.31212329864501953,-0.04628063015245592,-0.23529411764705882,-0.17177790141081625,-0.6220588235294118,0.1850840336134452,small,VICTIMS_LOWER,0.5294117647058824,0.5714285714285714,91.0,0.27501302114502435,mannwhitneyu_two_sided,0.9960585779461091,0.9960585779461091,-0.23529411764705882,-0.248868778280543,-0.29464285714285715,-0.17647058823529413,1.0,0.05934873949579833,-0.23529411764705882,0.249,999,subject,knee,phase,right,RKneeAngles,0.016816608996539792,exploratory,103
LKneeAngles_ax3_tpeak_vel_pct__median,31,17,14,50.0,56.5,44.294117647058826,50.714285714285715,6.5,-0.11504424778761062,-0.18907563025210083,-0.2639593908629442,-0.5672268907563025,0.226890756302521,small,VICTIMS_LOWER,0.5882352941176471,0.6428571428571429,96.5,0.38053855086338517,mannwhitneyu_two_sided,0.9960585779461091,0.9960585779461091,-0.18907563025210083,-0.18303571428571427,-0.2579185520361991,-0.12669683257918551,1.0,0.06884292178409829,-0.18907563025210083,0.387,999,subject,knee,kinematic,left,LKneeAngles,0.0166831438457736,exploratory,104
RHipAngles_ax1_phase_40_50_rom__median,31,17,14,5.551887512207031,4.289270877838135,5.077037561465712,4.608319508177893,1.2626166343688965,0.29436626184944437,0.15966386554621848,0.5583085118573774,-0.2691176470588235,0.5546218487394958,small,VICTIMS_HIGHER,0.7647058823529411,0.6428571428571429,138.0,0.46273979492564543,mannwhitneyu_two_sided,0.9960585779461091,0.9960585779461091,0.15966386554621848,0.15178571428571427,0.09502262443438914,0.248868778280543,1.0,0.08920491273432452,0.15966386554621848,0.437,999,subject,hip,phase,right,RHipAngles,0.01648294611962432,exploratory,105
RFootProgressAngles_ax2_max__median,31,17,14,10.455816745758057,6.947147369384766,10.049617346595316,9.43898195028305,3.508669376373291,0.505051813329248,0.14285714285714285,0.5639661885691261,-0.3277310924369748,0.5714285714285714,negligible,VICTIMS_HIGHER,0.7647058823529411,0.6428571428571429,136.0,0.512497079202056,mannwhitneyu_two_sided,0.9960585779461091,0.9960585779461091,0.14285714285714285,0.13392857142857142,0.07692307692307693,0.23076923076923078,1.0,0.08791208791208793,0.14285714285714285,0.482,999,subject,foot,kinematic,right,RFootProgressAngles,0.016386554621848737,exploratory,106
RKneeAngles_ax2_tmin_pct__median,31,17,14,55.0,49.0,52.88235294117647,46.57142857142857,6.0,0.12244897959183673,0.18487394957983194,0.16161616161616163,-0.24401260504201677,0.5925420168067226,small,VICTIMS_HIGHER,0.5882352941176471,0.6428571428571429,141.0,0.3929459269205442,mannwhitneyu_two_sided,0.9960585779461091,0.9960585779461091,0.18487394957983194,0.18099547511312217,0.12217194570135746,0.27601809954751133,1.0,0.09114414996767939,0.18487394957983194,0.399,999,subject,knee,kinematic,right,RKneeAngles,0.016312407315867524,exploratory,107
LAnkleAngles_ax1_rom__median,31,17,14,33.591004371643066,33.81073474884033,32.647342169986054,34.26648589542934,0.21973037719726562,-0.006498834728955487,-0.18487394957983194,-0.026310411907812612,-0.5884453781512605,0.21869747899159644,small,VICTIMS_LOWER,0.5882352941176471,0.5,97.0,0.39342338542861877,mannwhitneyu_two_sided,0.9960585779461091,0.9960585779461091,-0.18487394957983194,-0.19642857142857142,-0.25892857142857145,-0.13122171945701358,1.0,0.07405462184873951,-0.18487394957983194,0.417,999,subject,ankle,kinematic,left,LAnkleAngles,0.016312407315867524,exploratory,108
LAnkleAngles_ax1_phase_10_20_mean__median,31,17,14,2.3664400627836586,-1.3777855177409948,0.0019152891109971884,-1.2826817362037084,3.7442255805246534,2.71756781611673,0.16806722689075632,0.5277819004544473,-0.23550420168067226,0.6136554621848738,small,VICTIMS_HIGHER,0.7058823529411765,0.7857142857142857,139.0,0.43890886310183785,mannwhitneyu_two_sided,0.9960585779461091,0.9960585779461091,0.16806722689075632,0.14285714285714285,0.10407239819004525,0.2579185520361991,1.0,0.0898513251454428,0.16806722689075632,0.423,999,subject,ankle,phase,left,LAnkleAngles,0.01601581809194266,exploratory,109
sym_ASI_ax1_excursion_absdiff,31,17,14,9.155048370361328,6.963210105895996,13.44955818793353,9.92106464930943,2.191838264465332,0.3147741100917557,0.19327731092436976,0.18907026687139394,-0.25210084033613445,0.6134453781512605,small,VICTIMS_HIGHER,0.6470588235294118,0.6428571428571429,142.0,0.371793069296558,mannwhitneyu_two_sided,0.9960585779461091,0.9960585779461091,0.19327731092436976,0.1875,0.13122171945701358,0.2669683257918552,1.0,0.07369101486748544,0.19327731092436976,0.398,999,subject,pelvis,symmetry,bilateral,LASI|RASI,0.015945378151260504,exploratory,110
RKneeAngles_ax1_tpeak_vel_pct__median,31,17,14,69.5,47.25,67.3529411764706,59.82142857142857,22.25,0.4708994708994709,0.1638655462184874,0.5021156558533145,-0.25210084033613445,0.5590336134453779,small,VICTIMS_HIGHER,0.6470588235294118,0.7142857142857143,138.5,0.44862356697245487,mannwhitneyu_two_sided,0.9960585779461091,0.9960585779461091,0.1638655462184874,0.14732142857142858,0.11312217194570136,0.24434389140271492,1.0,0.08047834518422753,0.1638655462184874,0.411,999,subject,knee,kinematic,right,RKneeAngles,0.015904597132970835,exploratory,111
sym_AJC_path3d_si,31,17,14,-0.06790901671318815,-0.42110020444973795,-0.004412258276338176,-0.2839970793789302,0.3531911877365498,0.838734306002234,0.17647058823529413,0.3422185093594305,-0.24369747899159663,0.5800420168067225,small,VICTIMS_HIGHER,0.7058823529411765,0.5714285714285714,140.0,0.41579890439747025,mannwhitneyu_two_sided,0.9960585779461091,0.9960585779461091,0.17647058823529413,0.16964285714285715,0.12217194570135746,0.2669683257918552,1.0,0.09049773755656107,0.17647058823529413,0.425,999,subject,ankle,symmetry,bilateral,LAJC|RAJC,0.015882352941176472,exploratory,112
LKneeAngles_ax1_phase_40_50_mean__median,31,17,14,15.935063409805297,15.0674418091774,16.15913240236833,14.440147210231848,0.8676216006278974,0.05758254198794645,0.2184873949579832,0.14108643996664164,-0.20168067226890757,0.5966386554621849,small,VICTIMS_HIGHER,0.5294117647058824,0.5714285714285714,145.0,0.31144131894886007,mannwhitneyu_two_sided,0.9960585779461091,0.9960585779461091,0.2184873949579832,0.22321428571428573,0.1583710407239819,0.29411764705882354,1.0,0.07563025210084034,0.2184873949579832,0.315,999,subject,knee,phase,left,LKneeAngles,0.015615422639644095,exploratory,113
RHipAngles_ax3_min__median,31,17,14,-30.193142890930176,-26.344160079956055,-28.12994896664339,-23.841360466820852,3.848982810974121,-0.14610383475093663,-0.17647058823529413,-0.21128839630650992,-0.5714285714285714,0.23529411764705882,small,VICTIMS_LOWER,0.5882352941176471,0.7857142857142857,98.0,0.41579890439747025,mannwhitneyu_two_sided,0.9960585779461091,0.9960585779461091,-0.17647058823529413,-0.17647058823529413,-0.25,-0.125,1.0,0.07352941176470587,-0.17647058823529413,0.408,999,subject,hip,kinematic,right,RHipAngles,0.015570934256055364,exploratory,114
LKneeAngles_ax2_peak_acc__median,31,17,14,4000.709268405857,3272.196694815004,4100.8008986157,3706.271207775591,728.5125735908532,0.22263715831790493,0.15966386554621848,0.42112929437764096,-0.22710084033613445,0.6050420168067226,small,VICTIMS_HIGHER,0.6470588235294118,0.7142857142857143,138.0,0.46273979492564543,mannwhitneyu_two_sided,0.9960585779461091,0.9960585779461091,0.15966386554621848,0.1493212669683258,0.10714285714285714,0.23214285714285715,1.0,0.07247899159663868,0.15966386554621848,0.48,999,subject,knee,kinematic,left,LKneeAngles,0.015496786950074146,exploratory,115
RHipAngles_ax1_phase_0_10_rom__median,31,17,14,2.5715293884277344,2.4348543882369995,2.620829017723308,2.4330999851226807,0.13667500019073486,0.056132720236176784,0.17647058823529413,0.27036520820066273,-0.23550420168067226,0.5798319327731093,small,VICTIMS_HIGHER,0.6470588235294118,0.5714285714285714,140.0,0.41579890439747025,mannwhitneyu_two_sided,0.9960585779461091,0.9960585779461091,0.17647058823529413,0.17857142857142858,0.11312217194570136,0.24107142857142858,1.0,0.06460084033613445,0.17647058823529413,0.414,999,subject,hip,phase,right,RHipAngles,0.015415224913494813,exploratory,116
RAnkleAngles_ax1_phase_60_70_max__median,31,17,14,8.229772090911865,7.7515270709991455,7.646906856228323,6.230168725763049,0.4782450199127197,0.06169687798704618,0.19327731092436976,0.14610404331498097,-0.20168067226890757,0.5716386554621846,small,VICTIMS_HIGHER,0.5882352941176471,0.7142857142857143,142.0,0.371793069296558,mannwhitneyu_two_sided,0.9960585779461091,0.9960585779461091,0.19327731092436976,0.19457013574660634,0.13122171945701358,0.2669683257918552,1.0,0.07369101486748544,0.19327731092436976,0.371,999,subject,ankle,phase,right,RAnkleAngles,0.015348492338111717,exploratory,117
coord_right_knee_ankle_ax1_lag_pct__median,31,17,14,-4.0,-5.0,-4.676470588235294,-5.142857142857143,1.0,0.2,0.21428571428571427,0.4,-0.16806722689075632,0.6012605042016803,small,VICTIMS_HIGHER,0.5882352941176471,0.6428571428571429,144.5,0.3147480447398059,mannwhitneyu_two_sided,0.9960585779461091,0.9960585779461091,0.21428571428571427,0.2081447963800905,0.16289592760180996,0.3031674208144796,1.0,0.08888170652876534,0.21428571428571427,0.327,999,subject,knee,coordination,right,RKneeAngles|RAnkleAngles,0.015126050420168067,exploratory,118
LKneeAngles_ax1_phase_20_30_rom__median,31,17,14,6.335609436035156,6.615816354751587,6.830038863069871,7.427698203495571,0.28020691871643066,-0.04235409565369533,-0.21008403361344538,-0.16144041732338194,-0.6050420168067226,0.21029411764705863,small,VICTIMS_LOWER,0.5294117647058824,0.7142857142857143,94.0,0.330797823330896,mannwhitneyu_two_sided,0.9960585779461091,0.9960585779461091,-0.21008403361344538,-0.22171945701357465,-0.2767857142857143,-0.1493212669683258,1.0,0.06670168067226892,-0.21008403361344538,0.326,999,subject,knee,phase,left,LKneeAngles,0.015014829461196245,exploratory,119
RAnkleAngles_ax1_mean__median,31,17,14,8.361208162832968,7.0741630814379395,7.658361256710395,6.9237404882221565,1.2870450813950285,0.18193602078133256,0.16806722689075632,0.33730223458897785,-0.21008403361344538,0.5294117647058824,small,VICTIMS_HIGHER,0.5882352941176471,0.6428571428571429,139.0,0.43890886310183785,mannwhitneyu_two_sided,0.9960585779461091,0.9960585779461091,0.16806722689075632,0.167420814479638,0.10407239819004525,0.2398190045248869,1.0,0.07175177763413057,0.16806722689075632,0.462,999,subject,ankle,kinematic,right,RAnkleAngles,0.014829461196243204,exploratory,120
LKJC_ax3_excursion__median,31,17,14,92.85519409179688,85.99124145507812,89.25950981588925,86.36132267543248,6.86395263671875,0.07982153206038411,0.17647058823529413,0.4027608127542655,-0.24432773109243694,0.6050420168067226,small,VICTIMS_HIGHER,0.5882352941176471,0.7857142857142857,140.0,0.41579890439747025,mannwhitneyu_two_sided,0.9960585779461091,0.9960585779461091,0.17647058823529413,0.1583710407239819,0.125,0.2579185520361991,1.0,0.081447963800905,0.17647058823529413,0.427,999,subject,knee,spatial,left,LKJC,0.014792387543252595,exploratory,121
LKneeAngles_ax3_max__median,31,17,14,0.8133844137191772,-1.6562827825546265,0.7973078910042258,-1.0567528722541673,2.4696671962738037,1.4910903031091254,0.15126050420168066,0.2399350823732021,-0.26071428571428573,0.5882352941176471,small,VICTIMS_HIGHER,0.6470588235294118,0.7142857142857143,137.0,0.4872755078332215,mannwhitneyu_two_sided,0.9960585779461091,0.9960585779461091,0.15126050420168066,0.14027149321266968,0.08597285067873303,0.23076923076923078,1.0,0.07950872656755012,0.15126050420168066,0.489,999,subject,knee,kinematic,left,LKneeAngles,0.014681166584280772,exploratory,122
LKneeAngles_ax1_phase_30_40_rom__median,31,17,14,18.273975372314453,11.407820224761963,16.84527385936064,14.588706527437482,6.86615514755249,0.6018814297799614,0.16806722689075632,0.5427709160537579,-0.26071428571428573,0.5462184873949579,small,VICTIMS_HIGHER,0.6470588235294118,0.6428571428571429,139.0,0.43890886310183785,mannwhitneyu_two_sided,0.9960585779461091,0.9960585779461091,0.16806722689075632,0.1583710407239819,0.11312217194570136,0.2579185520361991,1.0,0.0898513251454428,0.16806722689075632,0.451,999,subject,knee,phase,left,LKneeAngles,0.014681166584280772,exploratory,123
RKneeAngles_ax1_phase_40_50_mean__median,31,17,14,18.631565284729003,17.304523372650145,17.696271763128394,16.54872414810317,1.3270419120788581,0.07668757373440589,0.16806722689075632,0.2399842695669521,-0.25210084033613445,0.554831932773109,small,VICTIMS_HIGHER,0.6470588235294118,0.6428571428571429,139.0,0.43890886310183785,mannwhitneyu_two_sided,0.9960585779461091,0.9960585779461091,0.16806722689075632,0.16071428571428573,0.10407239819004525,0.2579185520361991,1.0,0.0898513251454428,0.16806722689075632,0.435,999,subject,knee,phase,right,RKneeAngles,0.014681166584280772,exploratory,124
LASI_ax2_excursion__median,31,17,14,57.25880432128906,56.82604217529297,54.88693955365349,58.84445898873465,0.43276214599609375,0.007615560215528289,-0.2184873949579832,0.02751790257918786,-0.5966386554621849,0.20189075630252082,small,VICTIMS_LOWER,0.47058823529411764,0.5,93.0,0.31144131894886007,mannwhitneyu_two_sided,0.9960585779461091,0.9960585779461091,-0.2184873949579832,-0.23214285714285715,-0.3031674208144796,-0.1583710407239819,1.0,0.08468002585649642,-0.2184873949579832,0.316,999,subject,pelvis,spatial,left,LASI,0.014651507661888285,exploratory,125
LKneeAngles_ax2_tpeak_vel_pct__median,31,17,14,44.0,54.75,50.0,54.25,10.75,-0.1963470319634703,-0.14705882352941177,-0.42574257425742573,-0.5756302521008403,0.29411764705882354,small,VICTIMS_LOWER,0.6470588235294118,0.7857142857142857,101.5,0.4994123847384315,mannwhitneyu_two_sided,0.9960585779461091,0.9960585779461091,-0.14705882352941177,-0.13574660633484162,-0.2171945701357466,-0.08144796380090498,1.0,0.07013574660633484,-0.14705882352941177,0.512,999,subject,knee,kinematic,left,LKneeAngles,0.014273356401384085,exploratory,126
RKneeAngles_ax2_tpeak_vel_pct__median,31,17,14,53.0,43.5,52.55882352941177,48.714285714285715,9.5,0.21839080459770116,0.14705882352941177,0.3559718969555035,-0.29411764705882354,0.6050420168067226,small,VICTIMS_HIGHER,0.6470588235294118,0.6428571428571429,136.5,0.49967212842128306,mannwhitneyu_two_sided,0.9960585779461091,0.9960585779461091,0.14705882352941177,0.13839285714285715,0.09049773755656108,0.22624434389140272,1.0,0.07918552036199095,0.14705882352941177,0.498,999,subject,knee,kinematic,right,RKneeAngles,0.014273356401384085,exploratory,127
RHipAngles_ax2_max__median,31,17,14,9.040038108825684,8.658909320831299,9.64082170935238,8.645727515220642,0.38112878799438477,0.04401579620166232,0.15966386554621848,0.09511288016693081,-0.24390756302521008,0.5380252100840334,small,VICTIMS_HIGHER,0.5882352941176471,0.5714285714285714,138.0,0.46273979492564543,mannwhitneyu_two_sided,0.9960585779461091,0.9960585779461091,0.15966386554621848,0.16071428571428573,0.09502262443438914,0.2398190045248869,1.0,0.08015513897866841,0.15966386554621848,0.473,999,subject,hip,kinematic,right,RHipAngles,0.014087988136431043,exploratory,128
RTOE_ax2_excursion__median,31,17,14,60.17474365234375,64.55550146102905,63.89617572111242,69.02147586005074,4.380757808685303,-0.0678603327298121,-0.16806722689075632,-0.21943967555341243,-0.5630252100840336,0.24369747899159663,small,VICTIMS_LOWER,0.5882352941176471,0.7142857142857143,99.0,0.43890886310183785,mannwhitneyu_two_sided,0.9960585779461091,0.9960585779461091,-0.16806722689075632,-0.167420814479638,-0.248868778280543,-0.11312217194570136,1.0,0.08080155138978667,-0.16806722689075632,0.444,999,subject,foot,spatial,right,RTOE,0.014087988136431043,exploratory,129
RAnkleAngles_ax1_phase_80_90_rom__median,31,17,14,3.4083776473999023,3.345363736152649,3.882114118512939,3.451903611421585,0.06301391124725342,0.018836191283559157,0.17647058823529413,0.04573798565497962,-0.3111344537815126,0.6050420168067226,small,VICTIMS_HIGHER,0.5882352941176471,0.5,140.0,0.41579890439747025,mannwhitneyu_two_sided,0.9960585779461091,0.9960585779461091,0.17647058823529413,0.1875,0.11312217194570136,0.248868778280543,1.0,0.07239819004524886,0.17647058823529413,0.403,999,subject,ankle,phase,right,RAnkleAngles,0.014013840830449828,exploratory,130
var_LHipAngles_ax1_rom_mad,31,17,14,1.287489891052246,1.3741281032562256,1.3094482312307638,1.5329643147332328,0.08663821220397949,-0.0630495890439005,-0.17647058823529413,-0.1427448215649221,-0.5968487394957983,0.23550420168067207,small,VICTIMS_LOWER,0.7058823529411765,0.6428571428571429,98.0,0.41579890439747025,mannwhitneyu_two_sided,0.9960585779461091,0.9960585779461091,-0.17647058823529413,-0.16964285714285715,-0.2669683257918552,-0.11312217194570136,1.0,0.09049773755656107,-0.17647058823529413,0.403,999,subject,mixed,variability,none,LHipAngles_ax1_rom,0.014013840830449828,exploratory,131
sym_FootProgressAngles_ax1_max_si,31,17,14,-12.756271082977017,-3.4183621619906295,-8.235237485344552,-0.9849575179554669,9.337908920986388,-2.731690932229546,-0.18487394957983194,-0.3326097755685828,-0.5966386554621849,0.24369747899159663,small,VICTIMS_LOWER,0.5882352941176471,0.7142857142857143,97.0,0.39342338542861877,mannwhitneyu_two_sided,0.9960585779461091,0.9960585779461091,-0.18487394957983194,-0.16964285714285715,-0.2669683257918552,-0.12217194570135746,1.0,0.08209437621202326,-0.18487394957983194,0.405,999,subject,foot,symmetry,bilateral,LFootProgressAngles|RFootProgressAngles,0.013865546218487394,exploratory,132
sym_AbsAnkleAngle_ax1_max_absdiff,31,17,14,2.869685173034668,2.0069150924682617,3.0738281081704533,2.9261758668082103,0.8627700805664062,0.42989864583922377,0.15126050420168066,0.32440618384496256,-0.2523109243697479,0.5462184873949579,small,VICTIMS_HIGHER,0.7058823529411765,0.7142857142857143,137.0,0.4872755078332215,mannwhitneyu_two_sided,0.9960585779461091,0.9960585779461091,0.15126050420168066,0.13392857142857142,0.09502262443438914,0.2398190045248869,1.0,0.08855850032320622,0.15126050420168066,0.499,999,subject,ankle,symmetry,bilateral,LAbsAnkleAngle|RAbsAnkleAngle,0.01361344537815126,exploratory,133
LAnkleAngles_ax1_phase_0_10_min__median,31,17,14,3.7087141275405884,3.2277945280075073,4.239025891703718,3.237554119633777,0.48091959953308105,0.14899325076616604,0.16806722689075632,0.07869688114685167,-0.23529411764705882,0.554831932773109,small,VICTIMS_HIGHER,0.5882352941176471,0.5714285714285714,139.0,0.43890886310183785,mannwhitneyu_two_sided,0.9960585779461091,0.9960585779461091,0.16806722689075632,0.16964285714285715,0.10407239819004525,0.22321428571428573,1.0,0.06399482870071106,0.16806722689075632,0.465,999,subject,ankle,phase,left,LAnkleAngles,0.013346515076618885,exploratory,134
LKneeAngles_ax1_phase_80_90_rom__median,31,17,14,12.492502450942993,18.90445375442505,15.268546419108615,17.757619040352957,6.411951303482056,-0.33917675626999705,-0.15126050420168066,-0.3847056722464866,-0.5798319327731093,0.26911764705882335,small,VICTIMS_LOWER,0.6470588235294118,0.6428571428571429,101.0,0.4872755078332215,mannwhitneyu_two_sided,0.9960585779461091,0.9960585779461091,-0.15126050420168066,-0.14285714285714285,-0.2398190045248869,-0.08597285067873303,1.0,0.08855850032320622,-0.15126050420168066,0.459,999,subject,knee,phase,left,LKneeAngles,0.013213049925852696,exploratory,135
sym_PSI_ax1_excursion_absdiff,31,17,14,5.96868896484375,10.420661926269531,10.676960468292236,10.998328345162529,4.451972961425781,-0.42722554410893676,-0.15966386554621848,-0.3865740111043414,-0.5716386554621848,0.2773109243697479,small,VICTIMS_LOWER,0.6470588235294118,0.6428571428571429,100.0,0.46273979492564543,mannwhitneyu_two_sided,0.9960585779461091,0.9960585779461091,-0.15966386554621848,-0.1493212669683258,-0.2398190045248869,-0.10714285714285714,1.0,0.08015513897866841,-0.15966386554621848,0.5,999,subject,pelvis,symmetry,bilateral,LPSI|RPSI,0.013172268907563024,exploratory,136
LAnkleAngles_ax1_tmax_pct__median,31,17,14,51.0,50.75,49.94117647058823,53.714285714285715,0.25,0.0049261083743842365,-0.18487394957983194,0.1111111111111111,-0.5505252100840337,0.22699579831932765,small,VICTIMS_LOWER,0.47058823529411764,0.35714285714285715,97.0,0.38845252553126963,mannwhitneyu_two_sided,0.9960585779461091,0.9960585779461091,-0.18487394957983194,-0.20361990950226244,-0.27149321266968324,-0.12217194570135746,1.0,0.0866192630898513,-0.18487394957983194,0.381,999,subject,ankle,kinematic,left,LAnkleAngles,0.01304992585269402,exploratory,137
LAnkleAngles_ax2_rom__median,31,17,14,6.086965560913086,6.291471481323242,6.010038960067665,7.509581280606134,0.20450592041015625,-0.032505260655992664,-0.13445378151260504,-0.06364325055475965,-0.5716386554621848,0.3697478991596639,negligible,VICTIMS_LOWER,0.6470588235294118,0.5,103.0,0.5383828679426088,mannwhitneyu_two_sided,0.9960585779461091,0.9960585779461091,-0.13445378151260504,-0.14285714285714285,-0.22171945701357465,-0.06787330316742081,1.0,0.08726567550096961,-0.13445378151260504,0.535,999,subject,ankle,kinematic,left,LAnkleAngles,0.013049925852694018,exploratory,138
RHipAngles_ax1_phase_90_100_rom__median,31,17,14,5.01112174987793,6.445189297199249,5.293692336362951,5.704838837896075,1.4340675473213196,-0.22250200594488237,-0.13445378151260504,-0.40603071609111724,-0.5630252100840336,0.285924369747899,negligible,VICTIMS_LOWER,0.7058823529411765,0.7142857142857143,103.0,0.5383828679426088,mannwhitneyu_two_sided,0.9960585779461091,0.9960585779461091,-0.13445378151260504,-0.11607142857142858,-0.22171945701357465,-0.09502262443438914,1.0,0.08726567550096961,-0.13445378151260504,0.524,999,subject,hip,phase,right,RHipAngles,0.012812654473554128,exploratory,139
RAnkleAngles_ax1_phase_20_30_rom__median,31,17,14,6.201229663565755,7.281242370605469,7.1931455609772135,7.711187827800002,1.0800127070397139,-0.14832808085056312,-0.13445378151260504,-0.23066283683464825,-0.5464285714285714,0.3027310924369746,negligible,VICTIMS_LOWER,0.7058823529411765,0.7142857142857143,103.0,0.5383828679426088,mannwhitneyu_two_sided,0.9960585779461091,0.9960585779461091,-0.13445378151260504,-0.11607142857142858,-0.20361990950226244,-0.06787330316742081,1.0,0.0691661279896574,-0.13445378151260504,0.503,999,subject,ankle,phase,right,RAnkleAngles,0.012812654473554128,exploratory,140
RAnkleAngles_ax3_tpeak_vel_pct__median,31,17,14,44.0,50.75,39.3235294117647,50.142857142857146,6.75,-0.1330049261083744,-0.15966386554621848,-0.24,-0.5714285714285714,0.2523109243697477,small,VICTIMS_LOWER,0.5294117647058824,0.7142857142857143,100.0,0.46201667320462814,mannwhitneyu_two_sided,0.9960585779461091,0.9960585779461091,-0.15966386554621848,-0.167420814479638,-0.22321428571428573,-0.09502262443438914,1.0,0.06464124111182934,-0.15966386554621848,0.459,999,subject,ankle,kinematic,right,RAnkleAngles,0.012679189322787937,exploratory,141
LHipAngles_ax1_rom__median,31,17,14,46.01620960235596,46.84220480918884,47.05748077350504,47.979965584618704,0.8259952068328857,-0.017633568065328422,-0.14285714285714285,-0.14635148284702937,-0.5632352941176471,0.285924369747899,negligible,VICTIMS_LOWER,0.5882352941176471,0.7142857142857143,102.0,0.512497079202056,mannwhitneyu_two_sided,0.9960585779461091,0.9960585779461091,-0.14285714285714285,-0.13122171945701358,-0.23076923076923078,-0.07692307692307693,1.0,0.08791208791208793,-0.14285714285714285,0.527,999,subject,hip,kinematic,left,LHipAngles,0.012605042016806721,exploratory,142
LFootProgressAngles_ax3_min__median,31,17,14,-11.943827629089355,-12.957363843917847,-11.604664756971246,-12.880916357040405,1.0135362148284912,0.07822086552769315,0.14285714285714285,0.13393779714730397,-0.2773109243697479,0.5630252100840336,negligible,VICTIMS_HIGHER,0.5882352941176471,0.6428571428571429,136.0,0.512497079202056,mannwhitneyu_two_sided,0.9960585779461091,0.9960585779461091,0.14285714285714285,0.14027149321266968,0.08928571428571429,0.21428571428571427,1.0,0.07142857142857142,0.14285714285714285,0.546,999,subject,foot,kinematic,left,LFootProgressAngles,0.012605042016806721,exploratory,143
LHipAngles_ax1_phase_80_90_rom__median,31,17,14,8.735376834869385,9.097380727529526,8.626803468255435,8.88518237216132,0.362003892660141,-0.039792100990638256,-0.14285714285714285,-0.21065728045404777,-0.5380252100840336,0.285924369747899,negligible,VICTIMS_LOWER,0.6470588235294118,0.5714285714285714,102.0,0.512497079202056,mannwhitneyu_two_sided,0.9960585779461091,0.9960585779461091,-0.14285714285714285,-0.14285714285714285,-0.22171945701357465,-0.07692307692307693,1.0,0.0788623141564318,-0.14285714285714285,0.491,999,subject,hip,phase,left,LHipAngles,0.012478991596638655,exploratory,144
RHipAngles_ax1_phase_20_30_rom__median,31,17,14,13.507362365722656,14.596625804901123,13.991976787062253,14.721498517585653,1.0892634391784668,-0.07462433124871391,-0.14285714285714285,-0.24450521438435743,-0.5630252100840336,0.2773109243697479,negligible,VICTIMS_LOWER,0.6470588235294118,0.7142857142857143,102.0,0.512497079202056,mannwhitneyu_two_sided,0.9960585779461091,0.9960585779461091,-0.14285714285714285,-0.125,-0.23076923076923078,-0.07692307692307693,1.0,0.08791208791208793,-0.14285714285714285,0.494,999,subject,hip,phase,right,RHipAngles,0.012478991596638655,exploratory,145
sym_TOE_path3d_absdiff,31,17,14,13.59765394898136,9.770659552267489,14.471737368530365,10.766055032646282,3.8269943967138715,0.39168229905479984,0.18487394957983194,0.39099377567369115,-0.24369747899159663,0.5716386554621846,small,VICTIMS_HIGHER,0.5294117647058824,0.7857142857142857,141.0,0.39342338542861877,mannwhitneyu_two_sided,0.9960585779461091,0.9960585779461091,0.18487394957983194,0.19457013574660634,0.12217194570135746,0.2669683257918552,1.0,0.08209437621202326,0.18487394957983194,0.365,999,subject,foot,symmetry,bilateral,LTOE|RTOE,0.012478991596638655,exploratory,146
LKneeAngles_ax3_rom__median,31,17,14,18.85239887237549,20.815397068858147,20.016363819951522,22.085759245923587,1.9629981964826584,-0.09430510453338861,-0.11764705882352941,-0.2394676911152742,-0.5548319327731093,0.33613445378151263,negligible,VICTIMS_LOWER,0.7058823529411765,0.5,105.0,0.5920471376173804,mannwhitneyu_two_sided,0.9960585779461091,0.9960585779461091,-0.11764705882352941,-0.125,-0.19457013574660634,-0.058823529411764705,1.0,0.07692307692307693,-0.11764705882352941,0.605,999,subject,knee,kinematic,left,LKneeAngles,0.01245674740484429,exploratory,147
LAnkleAngles_ax3_tpeak_vel_pct__median,31,17,14,44.0,46.0,43.73529411764706,40.607142857142854,2.0,-0.043478260869565216,0.17647058823529413,-0.05536332179930796,-0.24789915966386555,0.5547268907563024,small,VICTIMS_HIGHER,0.47058823529411764,0.42857142857142855,140.0,0.41490384744559083,mannwhitneyu_two_sided,0.9960585779461091,0.9960585779461091,0.17647058823529413,0.19642857142857142,0.11312217194570136,0.25339366515837103,1.0,0.0769230769230769,0.17647058823529413,0.426,999,subject,ankle,kinematic,left,LAnkleAngles,0.01245674740484429,exploratory,148
LFootProgressAngles_ax2_tmin_pct__median,31,17,14,51.0,49.5,51.588235294117645,50.67857142857143,1.5,0.030303030303030304,0.11764705882352941,0.38095238095238093,-0.28991596638655465,0.5169117647058823,negligible,VICTIMS_HIGHER,0.7058823529411765,0.5714285714285714,133.0,0.5906586586711771,mannwhitneyu_two_sided,0.9960585779461091,0.9960585779461091,0.11764705882352941,0.11160714285714286,0.058823529411764705,0.20361990950226244,1.0,0.08597285067873303,0.11764705882352941,0.586,999,subject,foot,kinematic,left,LFootProgressAngles,0.01245674740484429,exploratory,149
var_RHipAngles_ax1_rom_sd,31,17,14,2.1058029971010868,1.8385970828116416,2.1354919042474183,2.017261880905767,0.2672059142894452,0.14533141425462578,0.14285714285714285,0.4001764971194544,-0.294327731092437,0.5632352941176468,negligible,VICTIMS_HIGHER,0.7647058823529411,0.6428571428571429,136.0,0.512497079202056,mannwhitneyu_two_sided,0.9960585779461091,0.9960585779461091,0.14285714285714285,0.125,0.07692307692307693,0.23076923076923078,1.0,0.08791208791208793,0.14285714285714285,0.531,999,subject,mixed,variability,none,RHipAngles_ax1_rom,0.012289915966386553,exploratory,150
RAnkleAngles_ax1_phase_30_40_rom__median,31,17,14,3.947904050350189,3.652937650680542,4.123522735693875,3.5845913908311298,0.2949663996696472,0.08074772357932115,0.16806722689075632,0.12356536136360294,-0.22710084033613445,0.5632352941176468,small,VICTIMS_HIGHER,0.5294117647058824,0.5714285714285714,139.0,0.43890886310183785,mannwhitneyu_two_sided,0.9960585779461091,0.9960585779461091,0.16806722689075632,0.16964285714285715,0.10407239819004525,0.23214285714285715,1.0,0.06407563025210083,0.16806722689075632,0.444,999,subject,ankle,phase,right,RAnkleAngles,0.012011863568956995,exploratory,151
RAnkleAngles_ax1_max__median,31,17,14,18.845537185668945,18.3374981880188,19.191983952241785,18.115856783730642,0.5080389976501465,0.02770492421818396,0.15126050420168066,0.0887814631994425,-0.2773109243697479,0.5462184873949579,small,VICTIMS_HIGHER,0.5294117647058824,0.5714285714285714,137.0,0.4872755078332215,mannwhitneyu_two_sided,0.9960585779461091,0.9960585779461091,0.15126050420168066,0.15178571428571427,0.08597285067873303,0.21428571428571427,1.0,0.06528765352294763,0.15126050420168066,0.5,999,subject,ankle,kinematic,right,RAnkleAngles,0.012011863568956994,exploratory,152
RKneeAngles_ax2_peak_vel__median,31,17,14,138.14602048301015,129.04832854256398,145.62909955523511,133.49479685013847,9.097691940446168,0.07049833223872774,0.13445378151260504,0.1513607881776885,-0.2857142857142857,0.5380252100840334,negligible,VICTIMS_HIGHER,0.5882352941176471,0.6428571428571429,135.0,0.5383828679426088,mannwhitneyu_two_sided,0.9960585779461091,0.9960585779461091,0.13445378151260504,0.13122171945701358,0.08928571428571429,0.22171945701357465,1.0,0.08726567550096961,0.13445378151260504,0.536,999,subject,knee,kinematic,right,RKneeAngles,0.011863568956994561,exploratory,153
LAJC_ax3_excursion__median,31,17,14,159.8203010559082,152.86173057556152,157.18372614243452,155.18281718662806,6.95857048034668,0.04552199202603537,0.11764705882352941,0.3581521999226913,-0.30273109243697477,0.5462184873949579,negligible,VICTIMS_HIGHER,0.7058823529411765,0.6428571428571429,133.0,0.5920471376173804,mannwhitneyu_two_sided,0.9960585779461091,0.9960585779461091,0.11764705882352941,0.10714285714285714,0.058823529411764705,0.20361990950226244,1.0,0.08597285067873303,0.11764705882352941,0.574,999,subject,ankle,spatial,left,LAJC,0.011833910034602076,exploratory,154
RKneeAngles_ax1_phase_90_100_rom__median,31,17,14,22.31615972518921,8.79544460773468,16.95740205750746,13.861555376223155,13.520715117454529,1.5372406649647323,0.13445378151260504,0.654238477144816,-0.2857142857142857,0.5462184873949579,negligible,VICTIMS_HIGHER,0.6470588235294118,0.6428571428571429,135.0,0.5383828679426088,mannwhitneyu_two_sided,0.9960585779461091,0.9960585779461091,0.13445378151260504,0.125,0.07692307692307693,0.22171945701357465,1.0,0.08726567550096961,0.13445378151260504,0.518,999,subject,knee,phase,right,RKneeAngles,0.011744933267424616,exploratory,155
sym_KneeAngles_ax1_tmax_pct_si,31,17,14,0.0,0.0,-0.3075944832262566,-0.0015770592638498068,0.0,,-0.22268907563025211,0.0,-0.621953781512605,0.16806722689075632,small,VICTIMS_LOWER,0.4117647058823529,0.42857142857142855,92.5,0.2897657029128322,mannwhitneyu_two_sided,0.9960585779461091,0.9960585779461091,-0.22268907563025211,-0.22171945701357465,-0.3167420814479638,-0.18099547511312217,1.0,0.09405300581771167,-0.22268907563025211,0.28,999,subject,knee,symmetry,bilateral,LKneeAngles|RKneeAngles,0.011691176470588234,exploratory,156
var_RKneeAngles_ax1_rom_mad,31,17,14,1.1921586990356445,0.9923659563064575,1.1881262037683935,1.019159231867109,0.199792742729187,0.20132970247468668,0.17647058823529413,0.2923239589298114,-0.25210084033613445,0.5714285714285714,small,VICTIMS_HIGHER,0.5882352941176471,0.6428571428571429,140.0,0.41579890439747025,mannwhitneyu_two_sided,0.9960585779461091,0.9960585779461091,0.17647058823529413,0.16964285714285715,0.11312217194570136,0.24107142857142858,1.0,0.06460084033613445,0.17647058823529413,0.411,999,subject,mixed,variability,none,RKneeAngles_ax1_rom,0.011678200692041523,exploratory,157
RAnkleAngles_ax2_rom__median,31,17,14,6.045899987220764,6.886891603469849,6.190555733792922,6.555268860289028,0.8409916162490845,-0.1221148327389623,-0.1092436974789916,-0.3735304225144723,-0.5630252100840336,0.35294117647058826,negligible,VICTIMS_LOWER,0.7058823529411765,0.6428571428571429,106.0,0.6197691020252198,mannwhitneyu_two_sided,0.9960585779461091,0.9960585779461091,-0.1092436974789916,-0.09821428571428571,-0.18552036199095023,-0.04072398190045249,1.0,0.07627666451195864,-0.1092436974789916,0.653,999,subject,ankle,kinematic,right,RAnkleAngles,0.0115669797330697,exploratory,158
RFootProgressAngles_ax3_tmin_pct__median,31,17,14,57.0,46.75,59.44117647058823,55.642857142857146,10.25,0.2192513368983957,0.1092436974789916,0.3014705882352941,-0.3067226890756303,0.5463235294117645,negligible,VICTIMS_HIGHER,0.7058823529411765,0.6428571428571429,132.0,0.6194511284424897,mannwhitneyu_two_sided,0.9960585779461091,0.9960585779461091,0.1092436974789916,0.08928571428571429,0.0625,0.19457013574660634,1.0,0.08532643826761474,0.1092436974789916,0.613,999,subject,foot,kinematic,right,RFootProgressAngles,0.0115669797330697,exploratory,159
LKneeAngles_ax1_phase_60_70_rom__median,31,17,14,13.2033931016922,17.504549980163574,17.342183540849124,19.090417419161117,4.3011568784713745,-0.24571650704219827,-0.14285714285714285,-0.24263212602674786,-0.5296218487394958,0.2523109243697477,negligible,VICTIMS_LOWER,0.5882352941176471,0.6428571428571429,102.0,0.512497079202056,mannwhitneyu_two_sided,0.9960585779461091,0.9960585779461091,-0.14285714285714285,-0.13392857142857142,-0.21428571428571427,-0.08928571428571429,1.0,0.07142857142857142,-0.14285714285714285,0.516,999,subject,knee,phase,left,LKneeAngles,0.01134453781512605,exploratory,160
LAnkleAngles_ax1_phase_70_80_min__median,31,17,14,0.08893059194087982,-2.1328199803829193,0.07549526761559879,-1.50781130364963,2.221750572323799,1.0416962485155046,0.14285714285714285,0.17289772044048252,-0.294327731092437,0.5378151260504201,negligible,VICTIMS_HIGHER,0.5882352941176471,0.5714285714285714,136.0,0.512497079202056,mannwhitneyu_two_sided,0.9960585779461091,0.9960585779461091,0.14285714285714285,0.14027149321266968,0.07692307692307693,0.23076923076923078,1.0,0.08791208791208793,0.14285714285714285,0.494,999,subject,ankle,phase,left,LAnkleAngles,0.01134453781512605,exploratory,161
LAnkleAngles_ax1_phase_60_70_rom__median,31,17,14,9.527121782302856,10.788967820815742,10.625603005290031,10.962263282255403,1.2618460385128856,-0.11695706757771002,-0.14285714285714285,-0.2243811563995543,-0.5464285714285714,0.26071428571428557,negligible,VICTIMS_LOWER,0.5882352941176471,0.6428571428571429,102.0,0.512497079202056,mannwhitneyu_two_sided,0.9960585779461091,0.9960585779461091,-0.14285714285714285,-0.13392857142857142,-0.23076923076923078,-0.09502262443438914,1.0,0.08791208791208793,-0.14285714285714285,0.487,999,subject,ankle,phase,left,LAnkleAngles,0.01134453781512605,exploratory,162
var_LAnkleAngles_ax1_rom_mad,31,17,14,1.1061426401138306,1.5780303478240967,1.377859683597789,1.5257630007607597,0.4718877077102661,-0.2990358888604007,-0.16806722689075632,-0.6784985544234813,-0.5798319327731093,0.26071428571428557,small,VICTIMS_LOWER,0.5882352941176471,0.7857142857142857,99.0,0.43890886310183785,mannwhitneyu_two_sided,0.9960585779461091,0.9960585779461091,-0.16806722689075632,-0.1583710407239819,-0.248868778280543,-0.11312217194570136,1.0,0.08080155138978667,-0.16806722689075632,0.43,999,subject,mixed,variability,none,LAnkleAngles_ax1_rom,0.011122095897182403,exploratory,163
RKneeAngles_ax1_peak_acc__median,31,17,14,6761.475280743266,6414.680383970637,6856.9948115817815,6804.429741073387,346.7948967726288,0.05406269307496899,0.12605042016806722,0.1729871932613463,-0.31932773109243695,0.5464285714285712,negligible,VICTIMS_HIGHER,0.5882352941176471,0.5714285714285714,134.0,0.5649085443053756,mannwhitneyu_two_sided,0.9960585779461091,0.9960585779461091,0.12605042016806722,0.125,0.07692307692307693,0.21266968325791855,1.0,0.08661926308985132,0.12605042016806722,0.561,999,subject,knee,kinematic,right,RKneeAngles,0.011122095897182402,exploratory,164
LKneeAngles_ax1_acc_rms__median,31,17,14,2458.0331514421778,2375.314585067339,2580.2490428583133,2466.3196919185575,82.7185663748387,0.03482425734042031,0.12605042016806722,0.18604100400242124,-0.3025210084033613,0.5210084033613446,negligible,VICTIMS_HIGHER,0.5882352941176471,0.6428571428571429,134.0,0.5649085443053756,mannwhitneyu_two_sided,0.9960585779461091,0.9960585779461091,0.12605042016806722,0.12217194570135746,0.07142857142857142,0.19642857142857142,1.0,0.0703781512605042,0.12605042016806722,0.552,999,subject,knee,kinematic,left,LKneeAngles,0.011122095897182402,exploratory,165
LFootProgressAngles_ax1_min__median,31,17,14,-117.21829986572266,-118.78748321533203,-118.0811408547794,-119.47252164568219,1.569183349609375,0.01321000586202199,0.12605042016806722,0.34918687221634964,-0.3025210084033613,0.5044117647058821,negligible,VICTIMS_HIGHER,0.5882352941176471,0.5714285714285714,134.0,0.5649085443053756,mannwhitneyu_two_sided,0.9960585779461091,0.9960585779461091,0.12605042016806722,0.12217194570135746,0.058823529411764705,0.19457013574660634,1.0,0.06851971557853911,0.12605042016806722,0.552,999,subject,foot,kinematic,left,LFootProgressAngles,0.011122095897182402,exploratory,166
RAnkleAngles_ax1_phase_10_20_rom__median,31,17,14,9.989776611328125,11.761403560638428,10.324143188841203,11.191908431904656,1.7716269493103027,-0.15063057229320478,-0.12605042016806722,-0.31035308390626876,-0.5294117647058824,0.29411764705882354,negligible,VICTIMS_LOWER,0.6470588235294118,0.5714285714285714,104.0,0.5649085443053756,mannwhitneyu_two_sided,0.9960585779461091,0.9960585779461091,-0.12605042016806722,-0.125,-0.21266968325791855,-0.058823529411764705,1.0,0.08661926308985132,-0.12605042016806722,0.569,999,subject,ankle,phase,right,RAnkleAngles,0.011010874938210579,exploratory,167
LFootProgressAngles_ax3_tmin_pct__median,31,17,14,45.0,63.0,54.911764705882355,60.392857142857146,18.0,-0.2857142857142857,-0.1134453781512605,-0.5294117647058824,-0.5211134453781513,0.29842436974789904,negligible,VICTIMS_LOWER,0.6470588235294118,0.7142857142857143,105.5,0.6052545638169095,mannwhitneyu_two_sided,0.9960585779461091,0.9960585779461091,-0.1134453781512605,-0.09954751131221719,-0.19909502262443438,-0.04524886877828054,1.0,0.08564964447317387,-0.1134453781512605,0.573,999,subject,foot,kinematic,left,LFootProgressAngles,0.011010874938210577,exploratory,168
LAnkleAngles_ax1_phase_10_20_min__median,31,17,14,-2.6519620418548584,-5.404258608818054,-5.431392347001854,-6.896176363740649,2.752296566963196,0.5092829130109191,0.15126050420168066,0.27985003577634404,-0.2689075630252101,0.5630252100840336,small,VICTIMS_HIGHER,0.5294117647058824,0.7857142857142857,137.0,0.4872755078332215,mannwhitneyu_two_sided,0.9960585779461091,0.9960585779461091,0.15126050420168066,0.1583710407239819,0.08597285067873303,0.2398190045248869,1.0,0.08855850032320622,0.15126050420168066,0.479,999,subject,ankle,phase,left,LAnkleAngles,0.010810677212061295,exploratory,169
RKJC_ax2_excursion__median,31,17,14,53.54882049560547,53.72763633728027,51.94021023021025,55.477883747645784,0.1788158416748047,-0.003328191111037744,-0.14285714285714285,-0.014185369403884178,-0.5546218487394958,0.2605042016806723,negligible,VICTIMS_LOWER,0.5294117647058824,0.5,102.0,0.512497079202056,mannwhitneyu_two_sided,0.9960585779461091,0.9960585779461091,-0.14285714285714285,-0.15178571428571427,-0.22171945701357465,-0.07692307692307693,1.0,0.0788623141564318,-0.14285714285714285,0.512,999,subject,knee,spatial,right,RKJC,0.010777310924369746,exploratory,170
LHipAngles_ax2_peak_vel__median,31,17,14,90.95271259926172,85.9892540158564,90.41126070142215,88.64838050027478,4.963458583405313,0.05772184722628309,0.10084033613445378,0.2417720415819138,-0.3445378151260504,0.5378151260504201,negligible,VICTIMS_HIGHER,0.7058823529411765,0.5714285714285714,131.0,0.6480424001516927,mannwhitneyu_two_sided,0.9960585779461091,0.9960585779461091,0.10084033613445378,0.09821428571428571,0.04072398190045249,0.16964285714285715,1.0,0.06880252100840337,0.10084033613445378,0.663,999,subject,hip,kinematic,left,LHipAngles,0.010677212061295106,exploratory,171
var_cycle_duration_s_cv,31,17,14,0.02839667408763122,0.03467494637075107,0.03427956432719795,0.036587665109713355,0.006278272283119848,-0.1810607640453536,-0.13445378151260504,-0.45800979399950814,-0.5294117647058824,0.29453781512605004,negligible,VICTIMS_LOWER,0.7058823529411765,0.7142857142857143,103.0,0.5383828679426088,mannwhitneyu_two_sided,0.9960585779461091,0.9960585779461091,-0.13445378151260504,-0.11607142857142858,-0.22171945701357465,-0.06787330316742081,1.0,0.08726567550096961,-0.13445378151260504,0.55,999,subject,gait_cycle,variability,none,cycle_duration_s,0.010677212061295106,exploratory,172
LHipAngles_ax2_min__median,31,17,14,-7.157620668411255,-8.483658790588379,-7.987495513523326,-8.508511679513115,1.326038122177124,0.1563049805407317,0.13445378151260504,0.3938226469829232,-0.3025210084033613,0.5546218487394958,negligible,VICTIMS_HIGHER,0.5294117647058824,0.7857142857142857,135.0,0.5383828679426088,mannwhitneyu_two_sided,0.9960585779461091,0.9960585779461091,0.13445378151260504,0.14027149321266968,0.08035714285714286,0.20535714285714285,1.0,0.07090336134453781,0.13445378151260504,0.545,999,subject,hip,kinematic,left,LHipAngles,0.010677212061295105,exploratory,173
LHipAngles_ax2_std__median,31,17,14,4.620788554236073,4.704917876079619,4.604727519522905,4.784710264023398,0.08412932184354549,-0.017881145656392712,-0.13445378151260504,-0.10122016989412592,-0.5294117647058824,0.31113445378151244,negligible,VICTIMS_LOWER,0.5294117647058824,0.7142857142857143,103.0,0.5383828679426088,mannwhitneyu_two_sided,0.9960585779461091,0.9960585779461091,-0.13445378151260504,-0.14027149321266968,-0.22171945701357465,-0.06787330316742081,1.0,0.08726567550096961,-0.13445378151260504,0.534,999,subject,hip,kinematic,left,LHipAngles,0.010677212061295105,exploratory,174
RHipAngles_ax2_peak_vel__median,31,17,14,88.87691351124273,87.28355150321174,90.92975389840905,89.28839108283833,1.5933620080309936,0.018255008883000863,0.13445378151260504,0.13204467008265466,-0.30273109243697477,0.5378151260504201,negligible,VICTIMS_HIGHER,0.5294117647058824,0.6428571428571429,135.0,0.5383828679426088,mannwhitneyu_two_sided,0.9960585779461091,0.9960585779461091,0.13445378151260504,0.14027149321266968,0.06787330316742081,0.22171945701357465,1.0,0.08726567550096961,0.13445378151260504,0.541,999,subject,hip,kinematic,right,RHipAngles,0.010677212061295105,exploratory,175
LFootProgressAngles_ax3_acc_rms__median,31,17,14,1032.5676571584488,923.463053248618,1027.8934075119107,911.256107462346,109.10460390983076,0.11814723234028207,0.13445378151260504,0.48477088765646237,-0.2857142857142857,0.5294117647058824,negligible,VICTIMS_HIGHER,0.5294117647058824,0.7857142857142857,135.0,0.5383828679426088,mannwhitneyu_two_sided,0.9960585779461091,0.9960585779461091,0.13445378151260504,0.14027149321266968,0.06787330316742081,0.19642857142857142,1.0,0.06658047834518423,0.13445378151260504,0.54,999,subject,foot,kinematic,left,LFootProgressAngles,0.010677212061295105,exploratory,176
LHipAngles_ax3_rom__median,31,17,14,20.442315101623535,18.127710163593292,20.279463613734524,19.919961678130285,2.314604938030243,0.127683249408895,0.1092436974789916,0.2008295408171881,-0.30273109243697477,0.5380252100840334,negligible,VICTIMS_HIGHER,0.6470588235294118,0.6428571428571429,132.0,0.6197691020252198,mannwhitneyu_two_sided,0.9960585779461091,0.9960585779461091,0.1092436974789916,0.09821428571428571,0.049773755656108594,0.18552036199095023,1.0,0.07627666451195864,0.1092436974789916,0.62,999,subject,hip,kinematic,left,LHipAngles,0.010603064755313892,exploratory,177
RAnkleAngles_ax1_phase_20_30_min__median,31,17,14,0.029261291027069092,-3.701023817062378,-0.2623414467362797,-1.590592337506158,3.730285108089447,1.0079062693117968,0.1092436974789916,0.3644726066983475,-0.3365546218487395,0.5294117647058824,negligible,VICTIMS_HIGHER,0.7058823529411765,0.6428571428571429,132.0,0.6197691020252198,mannwhitneyu_two_sided,0.9960585779461091,0.9960585779461091,0.1092436974789916,0.09821428571428571,0.04072398190045249,0.19457013574660634,1.0,0.08532643826761474,0.1092436974789916,0.593,999,subject,ankle,phase,right,RAnkleAngles,0.01041028175976273,exploratory,178
LFootProgressAngles_ax2_tpeak_vel_pct__median,31,17,14,21.0,48.5,34.14705882352941,41.107142857142854,27.5,-0.5670103092783505,-0.10504201680672269,-0.6758832565284179,-0.5421218487394958,0.35294117647058826,negligible,VICTIMS_LOWER,0.6470588235294118,0.7142857142857143,106.5,0.633290451578316,mannwhitneyu_two_sided,0.9960585779461091,0.9960585779461091,-0.10504201680672269,-0.08597285067873303,-0.19004524886877827,-0.03619909502262444,1.0,0.08500323206205558,-0.10504201680672269,0.594,999,subject,foot,kinematic,left,LFootProgressAngles,0.010195254572417203,exploratory,179
LASI_path3d__median,31,17,14,1402.181792126144,1415.9912513752001,1406.5862764122712,1426.052841472632,13.80945924905609,-0.009752503227434806,-0.13445378151260504,-0.13274242596987693,-0.5378151260504201,0.2773109243697479,negligible,VICTIMS_LOWER,0.5294117647058824,0.6428571428571429,103.0,0.5383828679426088,mannwhitneyu_two_sided,0.9960585779461091,0.9960585779461091,-0.13445378151260504,-0.14027149321266968,-0.20535714285714285,-0.07692307692307693,1.0,0.07090336134453781,-0.13445378151260504,0.533,999,subject,pelvis,spatial,left,LASI,0.01014335145823035,exploratory,180
RHipAngles_ax3_tmin_pct__median,31,17,14,50.0,50.0,51.61764705882353,50.0,0.0,0.0,0.1638655462184874,0.0,-0.24800420168067228,0.5462184873949579,small,VICTIMS_HIGHER,0.4117647058823529,0.35714285714285715,138.5,0.43769472533978826,mannwhitneyu_two_sided,0.9960585779461091,0.9960585779461091,0.1638655462184874,0.1583710407239819,0.09954751131221719,0.25339366515837103,1.0,0.08952811893988363,0.1638655462184874,0.441,999,subject,hip,kinematic,right,RHipAngles,0.010121107266435985,exploratory,181
LAbsAnkleAngle_ax1_mean__median,31,17,14,5.851054582855489,5.979328360039704,6.500183711124581,5.648039078746977,0.12827377718421484,-0.021452873878189737,0.14285714285714285,-0.029036394906015013,-0.2773109243697479,0.5378151260504201,negligible,VICTIMS_HIGHER,0.47058823529411764,0.5,136.0,0.512497079202056,mannwhitneyu_two_sided,0.9960585779461091,0.9960585779461091,0.14285714285714285,0.15178571428571427,0.07692307692307693,0.21266968325791855,1.0,0.0698125404007757,0.14285714285714285,0.544,999,subject,ankle,kinematic,left,LAbsAnkleAngle,0.010084033613445377,exploratory,182
var_RKneeAngles_ax1_tmax_pct_cv,31,17,14,0.4966236032831215,0.5065706517623929,0.5047068646239663,0.5051710676332419,0.009947048479271414,-0.019636053617920764,-0.12605042016806722,-0.3405141609386002,-0.5548319327731093,0.2857142857142857,negligible,VICTIMS_LOWER,0.7058823529411765,0.6428571428571429,104.0,0.5649085443053756,mannwhitneyu_two_sided,0.9960585779461091,0.9960585779461091,-0.12605042016806722,-0.11312217194570136,-0.20361990950226244,-0.06787330316742081,1.0,0.07756948933419522,-0.12605042016806722,0.556,999,subject,mixed,variability,none,RKneeAngles_ax1_tmax_pct,0.010009886307464163,exploratory,183
var_CentreOfMass_path3d_sd,31,17,14,56.850860818737694,49.13145851960218,54.03715928383828,53.68003088724705,7.719402299135517,0.15711730389716957,0.12605042016806722,0.43672806070061193,-0.30273109243697477,0.5546218487394958,negligible,VICTIMS_HIGHER,0.7058823529411765,0.7142857142857143,134.0,0.5649085443053756,mannwhitneyu_two_sided,0.9960585779461091,0.9960585779461091,0.12605042016806722,0.10714285714285714,0.058823529411764705,0.21266968325791855,1.0,0.08661926308985132,0.12605042016806722,0.562,999,subject,mixed,variability,none,CentreOfMass_path3d,0.010009886307464163,exploratory,184
RHipAngles_ax1_phase_80_90_rom__median,31,17,14,8.951731324195862,8.688323974609375,8.869192131301936,8.568156123161316,0.2634073495864868,0.030317394972409456,0.12605042016806722,0.14676666888625675,-0.29411764705882354,0.5126050420168067,negligible,VICTIMS_HIGHER,0.5882352941176471,0.6428571428571429,134.0,0.5649085443053756,mannwhitneyu_two_sided,0.9960585779461091,0.9960585779461091,0.12605042016806722,0.12217194570135746,0.058823529411764705,0.19457013574660634,1.0,0.06851971557853911,0.12605042016806722,0.558,999,subject,hip,phase,right,RHipAngles,0.01000988630746416,exploratory,185
LHipAngles_ax2_vel_rms__median,31,17,14,44.47201983859219,38.95233108524711,42.409081501123474,40.85035477261744,5.519688753345079,0.14170368241287665,0.10084033613445378,0.555662236909971,-0.31932773109243695,0.5128151260504199,negligible,VICTIMS_HIGHER,0.6470588235294118,0.6428571428571429,131.0,0.6480424001516927,mannwhitneyu_two_sided,0.9960585779461091,0.9960585779461091,0.10084033613445378,0.08928571428571429,0.03167420814479638,0.18552036199095023,1.0,0.08468002585649645,0.10084033613445378,0.652,999,subject,hip,kinematic,left,LHipAngles,0.009787444389520514,exploratory,186
RKneeAngles_ax1_std__median,31,17,14,20.411536526190208,19.974834626602195,20.371129158030254,20.107852173880847,0.4367018995880123,0.021862604009067442,0.10084033613445378,0.23706549570784,-0.31092436974789917,0.5378151260504201,negligible,VICTIMS_HIGHER,0.6470588235294118,0.5714285714285714,131.0,0.6480424001516927,mannwhitneyu_two_sided,0.9960585779461091,0.9960585779461091,0.10084033613445378,0.09821428571428571,0.03167420814479638,0.17647058823529413,1.0,0.07563025210084034,0.10084033613445378,0.678,999,subject,knee,kinematic,right,RKneeAngles,0.009787444389520514,exploratory,187
sym_HipAngles_ax1_max_absdiff,31,17,14,2.3358917236328125,2.6512060165405273,2.325039358700023,2.9068566049848283,0.31531429290771484,-0.11893239942143698,-0.14285714285714285,-0.09459729090435122,-0.5546218487394958,0.24369747899159663,negligible,VICTIMS_LOWER,0.5294117647058824,0.5714285714285714,102.0,0.512497079202056,mannwhitneyu_two_sided,0.9960585779461091,0.9960585779461091,-0.14285714285714285,-0.1493212669683258,-0.22171945701357465,-0.07692307692307693,1.0,0.0788623141564318,-0.14285714285714285,0.544,999,subject,hip,symmetry,bilateral,LHipAngles|RHipAngles,0.00964285714285714,exploratory,188
RKneeAngles_ax1_phase_10_20_min__median,31,17,14,25.767009735107422,28.095101356506348,25.37109447928036,26.05582751546587,2.328091621398926,-0.08286468134986028,-0.1092436974789916,-0.2754647410539909,-0.5464285714285714,0.3025210084033613,negligible,VICTIMS_LOWER,0.6470588235294118,0.5714285714285714,106.0,0.6197691020252198,mannwhitneyu_two_sided,0.9960585779461091,0.9960585779461091,-0.1092436974789916,-0.10714285714285714,-0.19457013574660634,-0.04072398190045249,1.0,0.08532643826761474,-0.1092436974789916,0.632,999,subject,knee,phase,right,RKneeAngles,0.009542758279782503,exploratory,189
LAnkleAngles_ax1_max__median,31,17,14,17.636372566223145,17.307551383972168,18.856712229111615,17.584314346313477,0.32882118225097656,0.01899871188916329,0.11764705882352941,0.039761492624896054,-0.30273109243697477,0.5128151260504199,negligible,VICTIMS_HIGHER,0.5294117647058824,0.5,133.0,0.5920471376173804,mannwhitneyu_two_sided,0.9960585779461091,0.9960585779461091,0.11764705882352941,0.125,0.049773755656108594,0.17857142857142858,1.0,0.06787330316742082,0.11764705882352941,0.622,999,subject,ankle,kinematic,left,LAnkleAngles,0.009342560553633217,exploratory,190
LFootProgressAngles_ax1_tmin_pct__median,31,17,14,50.0,50.0,46.029411764705884,50.0,0.0,0.0,0.1722689075630252,0.0,-0.20168067226890757,0.5546218487394958,small,VICTIMS_HIGHER,0.35294117647058826,0.21428571428571427,139.5,0.37999363697783795,mannwhitneyu_two_sided,0.9960585779461091,0.9960585779461091,0.1722689075630252,0.167420814479638,0.12053571428571429,0.24553571428571427,1.0,0.07326680672268907,0.1722689075630252,0.406,999,subject,foot,kinematic,left,LFootProgressAngles,0.00912011863568957,exploratory,191
RHipAngles_ax1_phase_30_40_rom__median,31,17,14,8.458364963531494,8.48387336730957,8.569967543377595,8.888570457696915,0.025508403778076172,-0.003006693131036852,-0.12605042016806722,-0.018901657189853226,-0.5294117647058824,0.3025210084033613,negligible,VICTIMS_LOWER,0.5294117647058824,0.5714285714285714,104.0,0.5649085443053756,mannwhitneyu_two_sided,0.9960585779461091,0.9960585779461091,-0.12605042016806722,-0.13122171945701358,-0.20361990950226244,-0.058823529411764705,1.0,0.07756948933419522,-0.12605042016806722,0.551,999,subject,hip,phase,right,RHipAngles,0.009008897676717744,exploratory,192
RHipAngles_ax1_vel_rms__median,31,17,14,108.2124024314671,105.90377659389145,107.97597229341454,106.06102323808875,2.308625837575647,0.021799277720080938,0.10084033613445378,0.14520292231655726,-0.32794117647058824,0.4957983193277311,negligible,VICTIMS_HIGHER,0.5882352941176471,0.5,131.0,0.6480424001516927,mannwhitneyu_two_sided,0.9960585779461091,0.9960585779461091,0.10084033613445378,0.10714285714285714,0.03167420814479638,0.17647058823529413,1.0,0.07563025210084034,0.10084033613445378,0.691,999,subject,hip,kinematic,right,RHipAngles,0.008897676717745922,exploratory,193
RAnkleAngles_ax1_peak_vel__median,31,17,14,343.76611032906146,333.739257818644,360.89863179177985,349.3687841680859,10.026852510417484,0.030043970781124404,0.10084033613445378,0.1251946585566278,-0.37815126050420167,0.5294117647058824,negligible,VICTIMS_HIGHER,0.5882352941176471,0.5,131.0,0.6480424001516927,mannwhitneyu_two_sided,0.9960585779461091,0.9960585779461091,0.10084033613445378,0.10714285714285714,0.04072398190045249,0.18552036199095023,1.0,0.08468002585649645,0.10084033613445378,0.65,999,subject,ankle,kinematic,right,RAnkleAngles,0.008897676717745922,exploratory,194
RFootProgressAngles_ax1_median__median,31,17,14,-84.78788757324219,-84.29659271240234,-84.25909132115981,-83.97484806605748,0.49129486083984375,-0.005828169858727407,-0.10084033613445378,-0.18469385029637742,-0.5462184873949579,0.31092436974789917,negligible,VICTIMS_LOWER,0.5882352941176471,0.5714285714285714,107.0,0.6480424001516927,mannwhitneyu_two_sided,0.9960585779461091,0.9960585779461091,-0.10084033613445378,-0.09502262443438914,-0.18552036199095023,-0.05357142857142857,1.0,0.08468002585649645,-0.10084033613445378,0.648,999,subject,foot,kinematic,right,RFootProgressAngles,0.008897676717745922,exploratory,195
RFootProgressAngles_ax1_acc_rms__median,31,17,14,3410.647870533398,3202.531207798227,3425.850934850155,3295.215541823273,208.11666273517085,0.06498505376884467,0.10084033613445378,0.3399144521187262,-0.32794117647058824,0.5128151260504199,negligible,VICTIMS_HIGHER,0.5882352941176471,0.7142857142857143,131.0,0.6480424001516927,mannwhitneyu_two_sided,0.9960585779461091,0.9960585779461091,0.10084033613445378,0.08597285067873303,0.044642857142857144,0.16964285714285715,1.0,0.06880252100840337,0.10084033613445378,0.669,999,subject,foot,kinematic,right,RFootProgressAngles,0.008897676717745922,exploratory,196
RAnkleAngles_ax1_median__median,31,17,14,9.529196739196777,8.588140487670898,9.108296716914458,8.632069775036403,0.9410562515258789,0.10957625260984676,0.1092436974789916,0.26153703055665417,-0.27752100840336136,0.4960084033613444,negligible,VICTIMS_HIGHER,0.5294117647058824,0.6428571428571429,132.0,0.6197691020252198,mannwhitneyu_two_sided,0.9960585779461091,0.9960585779461091,0.1092436974789916,0.11312217194570136,0.049773755656108594,0.17857142857142858,1.0,0.06932773109243698,0.1092436974789916,0.641,999,subject,ankle,kinematic,right,RAnkleAngles,0.008675234799802275,exploratory,197
LAnkleAngles_ax1_phase_10_20_max__median,31,17,14,6.926864147186279,5.5702805519104,6.7045287314583275,6.133011720010212,1.356583595275879,0.24353954574345826,0.1092436974789916,0.2341281990706334,-0.31092436974789917,0.5128151260504199,negligible,VICTIMS_HIGHER,0.5882352941176471,0.5714285714285714,132.0,0.6197691020252198,mannwhitneyu_two_sided,0.9960585779461091,0.9960585779461091,0.1092436974789916,0.10714285714285714,0.05357142857142857,0.17857142857142858,1.0,0.06932773109243698,0.1092436974789916,0.613,999,subject,ankle,phase,left,LAnkleAngles,0.008675234799802275,exploratory,198
LAnkleAngles_ax1_phase_10_20_rom__median,31,17,14,9.86390545964241,10.681150861084461,11.269068635342752,11.984771675696331,0.8172454014420509,-0.07651286009072207,-0.1092436974789916,-0.13193053182535167,-0.4957983193277311,0.3025210084033613,negligible,VICTIMS_LOWER,0.5882352941176471,0.5,106.0,0.6197691020252198,mannwhitneyu_two_sided,0.9960585779461091,0.9960585779461091,-0.1092436974789916,-0.11607142857142858,-0.18552036199095023,-0.049773755656108594,1.0,0.07627666451195864,-0.1092436974789916,0.63,999,subject,ankle,phase,left,LAnkleAngles,0.008675234799802275,exploratory,199
var_RAnkleAngles_ax1_rom_sd,31,17,14,1.946969118768785,2.2947491941134768,2.2319623842565837,2.605262800460289,0.3477800753446918,-0.15155472163878397,-0.11764705882352941,-0.3140928552351284,-0.5126050420168067,0.3277310924369748,negligible,VICTIMS_LOWER,0.6470588235294118,0.5714285714285714,105.0,0.5920471376173804,mannwhitneyu_two_sided,0.9960585779461091,0.9960585779461091,-0.11764705882352941,-0.11312217194570136,-0.17857142857142858,-0.049773755656108594,1.0,0.06787330316742082,-0.11764705882352941,0.591,999,subject,mixed,variability,none,RAnkleAngles_ax1_rom,0.00856401384083045,exploratory,200
RAnkleAngles_ax2_tmin_pct__median,31,17,14,51.0,50.5,49.26470588235294,48.535714285714285,0.5,0.009900990099009901,0.09663865546218488,0.14545454545454545,-0.3320378151260504,0.47478991596638653,negligible,VICTIMS_HIGHER,0.5882352941176471,0.5,130.5,0.660896884761407,mannwhitneyu_two_sided,0.9960585779461091,0.9960585779461091,0.09663865546218488,0.09375,0.027149321266968326,0.18099547511312217,1.0,0.08435681965093729,0.09663865546218488,0.629,999,subject,ankle,kinematic,right,RAnkleAngles,0.008526940187839843,exploratory,201
sym_AnkleAngles_ax1_rom_absdiff,31,17,14,2.3371119499206543,2.667271137237549,4.0681654074612785,4.127463119370597,0.33015918731689453,-0.12378163686007387,-0.12605042016806722,-0.08113946447504035,-0.5546218487394958,0.2857142857142857,negligible,VICTIMS_LOWER,0.5294117647058824,0.5714285714285714,104.0,0.5649085443053756,mannwhitneyu_two_sided,0.9960585779461091,0.9960585779461091,-0.12605042016806722,-0.13122171945701358,-0.20361990950226244,-0.06787330316742081,1.0,0.07756948933419522,-0.12605042016806722,0.576,999,subject,ankle,symmetry,bilateral,LAnkleAngles|RAnkleAngles,0.008508403361344537,exploratory,202
sym_AbsAnkleAngle_ax1_rom_absdiff,31,17,14,2.1068315505981445,3.131227493286133,2.7413623823839077,3.3734815376145497,1.0243959426879883,-0.3271547483804552,-0.1092436974789916,-0.3547609572530323,-0.5294117647058824,0.29411764705882354,negligible,VICTIMS_LOWER,0.5882352941176471,0.6428571428571429,106.0,0.6197691020252198,mannwhitneyu_two_sided,0.9960585779461091,0.9960585779461091,-0.1092436974789916,-0.10407239819004525,-0.19457013574660634,-0.04072398190045249,1.0,0.08532643826761474,-0.1092436974789916,0.635,999,subject,ankle,symmetry,bilateral,LAbsAnkleAngle|RAbsAnkleAngle,0.00819327731092437,exploratory,203
RFootProgressAngles_ax3_median__median,31,17,14,-4.357010841369629,-3.62559175491333,-4.836152488256202,-4.0047460517713,0.7314190864562988,-0.20173785023233634,-0.09243697478991597,-0.09136031159732885,-0.49600840336134455,0.3277310924369748,negligible,VICTIMS_LOWER,0.5882352941176471,0.5714285714285714,108.0,0.6768326043999054,mannwhitneyu_two_sided,0.9960585779461091,0.9960585779461091,-0.09243697478991597,-0.08597285067873303,-0.167420814479638,-0.02262443438914027,1.0,0.07498383968972203,-0.09243697478991597,0.68,999,subject,foot,kinematic,right,RFootProgressAngles,0.008156203657933762,exploratory,204
LKneeAngles_ax1_phase_0_10_rom__median,31,17,14,11.165128350257874,12.112973690032959,11.015889169538722,11.378322444856167,0.9478453397750854,-0.07825042504261448,-0.09243697478991597,-0.2920226087982571,-0.5380252100840336,0.29411764705882354,negligible,VICTIMS_LOWER,0.6470588235294118,0.5714285714285714,108.0,0.6768326043999054,mannwhitneyu_two_sided,0.9960585779461091,0.9960585779461091,-0.09243697478991597,-0.08928571428571429,-0.17647058823529413,-0.02262443438914027,1.0,0.08403361344537816,-0.09243697478991597,0.696,999,subject,knee,phase,left,LKneeAngles,0.008074641621354427,exploratory,205
RAnkleAngles_ax1_phase_60_70_rom__median,31,17,14,10.61592298746109,8.783820480108261,11.426643945715007,9.986230381897517,1.832102507352829,0.20857695253469571,0.09243697478991597,0.33578352210574847,-0.3025210084033613,0.48739495798319327,negligible,VICTIMS_HIGHER,0.6470588235294118,0.5714285714285714,130.0,0.6768326043999054,mannwhitneyu_two_sided,0.9960585779461091,0.9960585779461091,0.09243697478991597,0.08035714285714286,0.03167420814479638,0.16071428571428573,1.0,0.06827731092436976,0.09243697478991597,0.669,999,subject,ankle,phase,right,RAnkleAngles,0.008074641621354427,exploratory,206
RHipAngles_ax2_mean__median,31,17,14,1.5051599971507446,1.4013068549205907,2.243490283463458,1.3928339535919119,0.10385314223015385,0.07411163505372205,0.10084033613445378,0.03452590496700729,-0.3445378151260504,0.4957983193277311,negligible,VICTIMS_HIGHER,0.5294117647058824,0.5714285714285714,131.0,0.6480424001516927,mannwhitneyu_two_sided,0.9960585779461091,0.9960585779461091,0.10084033613445378,0.10407239819004525,0.03167420814479638,0.17647058823529413,1.0,0.07563025210084034,0.10084033613445378,0.653,999,subject,hip,kinematic,right,RHipAngles,0.00800790904597133,exploratory,207
RHipAngles_ax2_tpeak_vel_pct__median,31,17,14,56.0,44.25,38.64705882352941,39.892857142857146,11.75,0.2655367231638418,0.10084033613445378,0.2946708463949843,-0.3236344537815126,0.5252100840336135,negligible,VICTIMS_HIGHER,0.5294117647058824,0.6428571428571429,131.0,0.6470790605274314,mannwhitneyu_two_sided,0.9960585779461091,0.9960585779461091,0.10084033613445378,0.10407239819004525,0.04072398190045249,0.16964285714285715,1.0,0.06880252100840337,0.10084033613445378,0.622,999,subject,hip,kinematic,right,RHipAngles,0.00800790904597133,exploratory,208
LAnkleAngles_ax1_phase_60_70_min__median,31,17,14,-3.877647638320923,-8.282131433486938,-5.8703805322156235,-6.9852679542132785,4.404483795166016,0.531805590208032,0.10084033613445378,0.3582474573056366,-0.3195378151260504,0.5296218487394956,negligible,VICTIMS_HIGHER,0.5882352941176471,0.6428571428571429,131.0,0.6480424001516927,mannwhitneyu_two_sided,0.9960585779461091,0.9960585779461091,0.10084033613445378,0.08928571428571429,0.04072398190045249,0.18552036199095023,1.0,0.08468002585649645,0.10084033613445378,0.639,999,subject,ankle,phase,left,LAnkleAngles,0.00800790904597133,exploratory,209
sym_AbsAnkleAngle_ax1_tmax_pct_absdiff,31,17,14,2.0,1.0,1.5588235294117647,2.75,1.0,1.0,0.1134453781512605,0.64,-0.3277310924369748,0.4957983193277311,negligible,VICTIMS_HIGHER,0.5294117647058824,0.7142857142857143,132.5,0.5997027286960193,mannwhitneyu_two_sided,0.9960585779461091,0.9960585779461091,0.1134453781512605,0.1085972850678733,0.06334841628959276,0.19909502262443438,1.0,0.08564964447317387,0.1134453781512605,0.602,999,subject,ankle,symmetry,bilateral,LAbsAnkleAngle|RAbsAnkleAngle,0.007657563025210082,exploratory,210
RHEE_ax2_excursion__median,31,17,14,56.041046142578125,56.91665267944336,54.82488250732422,57.68626403808594,0.8756065368652344,-0.015384013213086897,-0.10084033613445378,-0.06615285218338492,-0.5462184873949579,0.31932773109243695,negligible,VICTIMS_LOWER,0.5294117647058824,0.5714285714285714,107.0,0.6480424001516927,mannwhitneyu_two_sided,0.9960585779461091,0.9960585779461091,-0.10084033613445378,-0.10407239819004525,-0.16964285714285715,-0.04072398190045249,1.0,0.06880252100840337,-0.10084033613445378,0.662,999,subject,foot,spatial,right,RHEE,0.007607513593672763,exploratory,211
CentreOfMass_ax2_excursion__median,31,17,14,43.49607849121094,45.32321739196777,43.49507500143612,45.77328627450125,1.827138900756836,-0.040313530369109306,-0.10084033613445378,-0.14018645977044294,-0.5126050420168067,0.31953781512605023,negligible,VICTIMS_LOWER,0.5294117647058824,0.6428571428571429,107.0,0.6480424001516927,mannwhitneyu_two_sided,0.9960585779461091,0.9960585779461091,-0.10084033613445378,-0.09502262443438914,-0.167420814479638,-0.03167420814479638,1.0,0.0691661279896574,-0.10084033613445378,0.671,999,subject,whole_body,spatial,none,CentreOfMass,0.007607513593672763,exploratory,212
LHipAngles_ax2_max__median,31,17,14,8.937753200531006,6.855503797531128,8.287289787741269,7.750313920634134,2.082249402999878,0.303733972658546,0.08403361344537816,0.3994821535178362,-0.3195378151260504,0.5042016806722689,negligible,VICTIMS_HIGHER,0.5882352941176471,0.7142857142857143,129.0,0.7061030154647306,mannwhitneyu_two_sided,0.9960585779461091,0.9960585779461091,0.08403361344537816,0.06787330316742081,0.013574660633484163,0.167420814479638,1.0,0.08338720103425984,0.08403361344537816,0.713,999,subject,hip,kinematic,left,LHipAngles,0.007414730598121602,exploratory,213
LFootProgressAngles_ax3_tpeak_vel_pct__median,31,17,14,49.5,49.5,52.35294117647059,48.57142857142857,0.0,0.0,0.10504201680672269,0.0,-0.3277310924369748,0.4960084033613444,negligible,VICTIMS_HIGHER,0.47058823529411764,0.5,131.5,0.633290451578316,mannwhitneyu_two_sided,0.9960585779461091,0.9960585779461091,0.10504201680672269,0.11160714285714286,0.03619909502262444,0.18099547511312217,1.0,0.07595345830639948,0.10504201680672269,0.607,999,subject,foot,kinematic,left,LFootProgressAngles,0.007414730598121601,exploratory,214
RFootProgressAngles_ax2_median__median,31,17,14,1.3690368235111237,1.103628158569336,1.4710345816634156,1.1945544800588064,0.2654086649417877,0.240487398659567,0.09243697478991597,0.14588968723173007,-0.3111344537815126,0.5210084033613446,negligible,VICTIMS_HIGHER,0.5294117647058824,0.5714285714285714,130.0,0.6768326043999054,mannwhitneyu_two_sided,0.9960585779461091,0.9960585779461091,0.09243697478991597,0.09502262443438914,0.02262443438914027,0.1583710407239819,1.0,0.0698125404007757,0.09243697478991597,0.667,999,subject,foot,kinematic,right,RFootProgressAngles,0.007340583292140386,exploratory,215
LHipAngles_ax2_tmin_pct__median,31,17,14,25.0,40.0,40.05882352941177,43.607142857142854,15.0,-0.375,-0.08823529411764706,-0.3333333333333333,-0.4790966386554622,0.34044117647058814,negligible,VICTIMS_LOWER,0.5294117647058824,0.6428571428571429,108.5,0.6904913291874992,mannwhitneyu_two_sided,0.9960585779461091,0.9960585779461091,-0.08823529411764706,-0.08144796380090498,-0.17194570135746606,-0.03619909502262444,1.0,0.083710407239819,-0.08823529411764706,0.694,999,subject,hip,kinematic,left,LHipAngles,0.007006920415224913,exploratory,216
LHipAngles_ax1_phase_30_40_rom__median,31,17,14,9.207647562026978,9.472861289978027,9.168679079588722,9.220488020351954,0.2652137279510498,-0.02799721434025822,-0.08403361344537816,-0.16692009837356792,-0.4792016806722689,0.3445378151260504,negligible,VICTIMS_LOWER,0.5882352941176471,0.5714285714285714,109.0,0.7061030154647306,mannwhitneyu_two_sided,0.9960585779461091,0.9960585779461091,-0.08403361344537816,-0.07692307692307693,-0.167420814479638,-0.02262443438914027,1.0,0.08338720103425984,-0.08403361344537816,0.713,999,subject,hip,phase,left,LHipAngles,0.006673257538309442,exploratory,217
LAnkleAngles_ax1_peak_acc__median,31,17,14,9593.746439896364,8854.351165101047,9385.29981893953,9085.527217033536,739.3952747953172,0.08350643214938258,0.07563025210084033,0.23083534574450634,-0.33613445378151263,0.4789915966386555,negligible,VICTIMS_HIGHER,0.5882352941176471,0.7142857142857143,128.0,0.735814797438752,mannwhitneyu_two_sided,0.9960585779461091,0.9960585779461091,0.07563025210084033,0.0625,0.013574660633484163,0.1493212669683258,1.0,0.07369101486748546,0.07563025210084033,0.757,999,subject,ankle,kinematic,left,LAnkleAngles,0.0066732575383094414,exploratory,218
LAnkleAngles_ax1_phase_80_90_rom__median,31,17,14,3.0309009552001953,3.471431016921997,3.5955182655769238,3.690303879656962,0.44053006172180176,-0.12690157447299794,-0.09243697478991597,-0.2538602361940703,-0.5210084033613446,0.33613445378151263,negligible,VICTIMS_LOWER,0.5294117647058824,0.6428571428571429,108.0,0.6768326043999054,mannwhitneyu_two_sided,0.9960585779461091,0.9960585779461091,-0.09243697478991597,-0.08597285067873303,-0.167420814479638,-0.03571428571428571,1.0,0.07498383968972203,-0.09243697478991597,0.677,999,subject,ankle,phase,left,LAnkleAngles,0.006606524962926348,exploratory,219
RAbsAnkleAngle_ax1_tmax_pct__median,31,17,14,50.0,50.25,50.411764705882355,49.607142857142854,0.25,-0.004975124378109453,0.09243697478991597,-0.06451612903225806,-0.3235294117647059,0.48760504201680654,negligible,VICTIMS_HIGHER,0.47058823529411764,0.42857142857142855,130.0,0.6730165704469888,mannwhitneyu_two_sided,0.9960585779461091,0.9960585779461091,0.09243697478991597,0.10267857142857142,0.03167420814479638,0.16071428571428573,1.0,0.06827731092436976,0.09243697478991597,0.644,999,subject,ankle,kinematic,right,RAbsAnkleAngle,0.00652496292634701,exploratory,220
LHipAngles_ax1_phase_90_100_rom__median,31,17,14,5.044956207275391,4.6687304973602295,4.6640389517826195,5.112882169229644,0.37622570991516113,0.08058415668411034,-0.10084033613445378,0.09341787604594168,-0.5126050420168067,0.35294117647058826,negligible,VICTIMS_LOWER,0.47058823529411764,0.5,107.0,0.6480424001516927,mannwhitneyu_two_sided,0.9960585779461091,0.9960585779461091,-0.10084033613445378,-0.10714285714285714,-0.17647058823529413,-0.03167420814479638,1.0,0.07563025210084034,-0.10084033613445378,0.637,999,subject,hip,phase,left,LHipAngles,0.006406327236777064,exploratory,221
coord_left_knee_ankle_ax1_corr__median,31,17,14,-0.6701446837029993,-0.6780622887187073,-0.6629022047326202,-0.6784772706880045,0.00791760501570804,0.01167681074060239,0.10084033613445378,0.06524262602197305,-0.31092436974789917,0.5380252100840334,negligible,VICTIMS_HIGHER,0.5294117647058824,0.5,131.0,0.6480424001516927,mannwhitneyu_two_sided,0.9960585779461091,0.9960585779461091,0.10084033613445378,0.10714285714285714,0.03167420814479638,0.17647058823529413,1.0,0.07563025210084034,0.10084033613445378,0.676,999,subject,knee,coordination,left,LKneeAngles|LAnkleAngles,0.006406327236777064,exploratory,222
LKneeAngles_ax3_tmin_pct__median,31,17,14,48.0,54.5,49.35294117647059,52.535714285714285,6.5,-0.11926605504587157,-0.07983193277310924,-0.65,-0.48739495798319327,0.31943277310924356,negligible,VICTIMS_LOWER,0.5294117647058824,0.7142857142857143,109.5,0.7189172770787906,mannwhitneyu_two_sided,0.9960585779461091,0.9960585779461091,-0.07983193277310924,-0.07239819004524888,-0.14732142857142858,-0.022321428571428572,1.0,0.06748949579831934,-0.07983193277310924,0.726,999,subject,knee,kinematic,left,LKneeAngles,0.006339594661393969,exploratory,223
LFootProgressAngles_ax1_median__median,31,17,14,-85.2220344543457,-85.3366470336914,-85.045758191277,-85.21542685372489,0.11461257934570312,0.00134306400977359,0.06722689075630252,0.037553398288817444,-0.3531512605042017,0.46218487394957986,negligible,VICTIMS_HIGHER,0.6470588235294118,0.5714285714285714,127.0,0.7659271287306254,mannwhitneyu_two_sided,0.9960585779461091,0.9960585779461091,0.06722689075630252,0.0625,-0.004524886877828055,0.1493212669683258,0.967741935483871,0.08209437621202327,0.06722689075630252,0.783,999,subject,foot,kinematic,left,LFootProgressAngles,0.006314480251303557,exploratory,224
sym_AJC_path3d_absdiff,31,17,14,8.913923920146772,10.416383202563111,11.03582146573229,12.542602005658377,1.5024592824163392,-0.1442400162511913,-0.09243697478991597,-0.1103576992775234,-0.4792016806722689,0.33613445378151263,negligible,VICTIMS_LOWER,0.5294117647058824,0.5714285714285714,108.0,0.6768326043999054,mannwhitneyu_two_sided,0.9960585779461091,0.9960585779461091,-0.09243697478991597,-0.09502262443438914,-0.167420814479638,-0.02262443438914027,1.0,0.07498383968972203,-0.09243697478991597,0.66,999,subject,ankle,symmetry,bilateral,LAJC|RAJC,0.006239495798319328,exploratory,225
var_RKneeAngles_ax1_tmax_pct_sd,31,17,14,25.459739184204757,25.508183112440335,25.4576329125609,25.75356220894997,0.04844392823557797,-0.0018991524414748253,-0.08403361344537816,-0.1442170269716545,-0.49600840336134455,0.35315126050420154,negligible,VICTIMS_LOWER,0.6470588235294118,0.5714285714285714,109.0,0.7061030154647306,mannwhitneyu_two_sided,0.9960585779461091,0.9960585779461091,-0.08403361344537816,-0.08035714285714286,-0.14285714285714285,-0.013574660633484163,1.0,0.07045895281189399,-0.08403361344537816,0.703,999,subject,mixed,variability,none,RKneeAngles_ax1_tmax_pct,0.006117152743450321,exploratory,226
RAnkleAngles_ax1_rom__median,31,17,14,32.04097938537598,32.422000885009766,32.46409226866329,33.25467079026358,0.38102149963378906,-0.011751942792955553,-0.07563025210084033,-0.04820859614484775,-0.49600840336134455,0.3447478991596637,negligible,VICTIMS_LOWER,0.5294117647058824,0.5,110.0,0.735814797438752,mannwhitneyu_two_sided,0.9960585779461091,0.9960585779461091,-0.07563025210084033,-0.08035714285714286,-0.14285714285714285,-0.013574660633484163,1.0,0.06722689075630252,-0.07563025210084033,0.744,999,subject,ankle,kinematic,right,RAnkleAngles,0.006005931784478497,exploratory,227
RFootProgressAngles_ax1_min__median,31,17,14,-117.08047866821289,-118.88898086547852,-118.07681723201976,-118.64184706551688,1.808502197265625,0.015211688956371188,0.06722689075630252,0.35798307937801793,-0.3363445378151261,0.48739495798319327,negligible,VICTIMS_HIGHER,0.5882352941176471,0.6428571428571429,127.0,0.7659271287306254,mannwhitneyu_two_sided,0.9960585779461091,0.9960585779461091,0.06722689075630252,0.05357142857142857,0.004524886877828055,0.1493212669683258,1.0,0.08209437621202327,0.06722689075630252,0.755,999,subject,foot,kinematic,right,RFootProgressAngles,0.005931784478497281,exploratory,228
RHipAngles_ax2_rom__median,31,17,14,16.61125659942627,15.915655612945557,16.060661736656638,15.816133345876422,0.6956009864807129,0.04370545602374818,0.06722689075630252,0.25931752566252914,-0.3195378151260504,0.48760504201680654,negligible,VICTIMS_HIGHER,0.5882352941176471,0.6428571428571429,127.0,0.7659271287306254,mannwhitneyu_two_sided,0.9960585779461091,0.9960585779461091,0.06722689075630252,0.058823529411764705,-0.004524886877828055,0.1493212669683258,0.967741935483871,0.08209437621202327,0.06722689075630252,0.752,999,subject,hip,kinematic,right,RHipAngles,0.005740436592094143,exploratory,229
sym_ASI_path3d_si,31,17,14,0.1531865348421549,0.05433370848572719,0.29450031688048817,0.020094662792320004,0.0988528263564277,1.8193646101369125,0.08403361344537816,0.0854853325073543,-0.29411764705882354,0.5212184873949578,negligible,VICTIMS_HIGHER,0.5294117647058824,0.6428571428571429,129.0,0.7061030154647306,mannwhitneyu_two_sided,0.9960585779461091,0.9960585779461091,0.08403361344537816,0.08597285067873303,0.026785714285714284,0.15178571428571427,1.0,0.06775210084033612,0.08403361344537816,0.694,999,subject,pelvis,symmetry,bilateral,LASI|RASI,0.005672268907563025,exploratory,230
sym_KJC_ax1_excursion_absdiff,31,17,14,7.361015319824219,12.348991394042969,11.661846932242899,11.673552240644183,4.98797607421875,-0.40391768971714564,-0.07563025210084033,-0.41226156628153215,-0.4792016806722689,0.33613445378151263,negligible,VICTIMS_LOWER,0.5882352941176471,0.7142857142857143,110.0,0.735814797438752,mannwhitneyu_two_sided,0.9960585779461091,0.9960585779461091,-0.07563025210084033,-0.06787330316742081,-0.14285714285714285,-0.013574660633484163,1.0,0.06722689075630252,-0.07563025210084033,0.719,999,subject,knee,symmetry,bilateral,LKJC|RKJC,0.005672268907563025,exploratory,231
sym_TOE_path3d_si,31,17,14,0.14744714749224666,-0.047990250628558516,0.1837449965828529,0.013558668609310733,0.19543739812080518,4.072439621819819,0.07563025210084033,0.13474104981892582,-0.3363445378151261,0.5042016806722689,negligible,VICTIMS_HIGHER,0.5882352941176471,0.6428571428571429,128.0,0.735814797438752,mannwhitneyu_two_sided,0.9960585779461091,0.9960585779461091,0.07563025210084033,0.06787330316742081,0.017857142857142856,0.1493212669683258,1.0,0.07369101486748546,0.07563025210084033,0.721,999,subject,foot,symmetry,bilateral,LTOE|RTOE,0.005672268907563025,exploratory,232
LFootProgressAngles_ax1_mean__median,31,17,14,-75.09052274722865,-75.11233395397073,-75.39579945743674,-75.43997887337561,0.021811206742086142,0.0002903811610414366,-0.07563025210084033,0.00879819614681001,-0.47058823529411764,0.3445378151260504,negligible,VICTIMS_LOWER,0.47058823529411764,0.5,110.0,0.735814797438752,mannwhitneyu_two_sided,0.9960585779461091,0.9960585779461091,-0.07563025210084033,-0.08035714285714286,-0.1583710407239819,-0.013574660633484163,1.0,0.08274078862314156,-0.07563025210084033,0.759,999,subject,foot,kinematic,left,LFootProgressAngles,0.005338606030647553,exploratory,233
RFootProgressAngles_ax2_mean__median,31,17,14,1.533417970615227,1.6344180843138165,1.7441942175753926,1.3791301821458892,0.10100011369858941,-0.061795763683679894,0.07563025210084033,-0.051085084302005083,-0.34474789915966386,0.5042016806722689,negligible,VICTIMS_HIGHER,0.47058823529411764,0.42857142857142855,128.0,0.735814797438752,mannwhitneyu_two_sided,0.9960585779461091,0.9960585779461091,0.07563025210084033,0.08928571428571429,0.004524886877828055,0.13392857142857142,1.0,0.07110536522301228,0.07563025210084033,0.738,999,subject,foot,kinematic,right,RFootProgressAngles,0.005338606030647553,exploratory,234
LHipAngles_ax1_phase_0_10_rom__median,31,17,14,2.5257644653320312,2.433210715651512,2.623152154333451,2.591425919506167,0.0925537496805191,0.03803770429135936,0.06722689075630252,0.10361326084777679,-0.3195378151260504,0.5126050420168067,negligible,VICTIMS_HIGHER,0.5882352941176471,0.5,127.0,0.7659271287306254,mannwhitneyu_two_sided,0.9960585779461091,0.9960585779461091,0.06722689075630252,0.07142857142857142,0.004524886877828055,0.1493212669683258,1.0,0.08209437621202327,0.06722689075630252,0.769,999,subject,hip,phase,left,LHipAngles,0.005338606030647553,exploratory,235
LHipAngles_ax1_phase_40_50_rom__median,31,17,14,4.829073458909988,5.647714376449585,5.06394697638119,5.205736489168236,0.8186409175395966,-0.14495083550139307,-0.06722689075630252,-0.25462972236956155,-0.4957983193277311,0.37815126050420167,negligible,VICTIMS_LOWER,0.5882352941176471,0.6428571428571429,111.0,0.7659271287306254,mannwhitneyu_two_sided,0.9960585779461091,0.9960585779461091,-0.06722689075630252,-0.05357142857142857,-0.1493212669683258,-0.017857142857142856,1.0,0.08209437621202327,-0.06722689075630252,0.766,999,subject,hip,phase,left,LHipAngles,0.005338606030647553,exploratory,236
sym_AbsAnkleAngle_ax1_tmax_pct_si,31,17,14,0.0,0.0,10.94968526833014,3.5907172112340513,0.0,,-0.08823529411764706,0.0,-0.47478991596638653,0.31932773109243695,negligible,VICTIMS_LOWER,0.47058823529411764,0.35714285714285715,108.5,0.688840765980064,mannwhitneyu_two_sided,0.9960585779461091,0.9960585779461091,-0.08823529411764706,-0.08144796380090498,-0.17194570135746606,-0.027149321266968326,1.0,0.083710407239819,-0.08823529411764706,0.681,999,subject,ankle,symmetry,bilateral,LAbsAnkleAngle|RAbsAnkleAngle,0.005294117647058823,exploratory,237
sym_KneeAngles_ax1_rom_si,31,17,14,-0.5179410811934165,-0.04815386903117512,-0.2488818116958844,-0.26883408269712816,0.4697872121622414,-9.75595983488052,-0.07563025210084033,-0.10955918245305078,-0.496218487394958,0.37836134453781495,negligible,VICTIMS_LOWER,0.5294117647058824,0.6428571428571429,110.0,0.735814797438752,mannwhitneyu_two_sided,0.9960585779461091,0.9960585779461091,-0.07563025210084033,-0.07692307692307693,-0.1493212669683258,-0.013574660633484163,1.0,0.07369101486748546,-0.07563025210084033,0.763,999,subject,knee,symmetry,bilateral,LKneeAngles|RKneeAngles,0.005105042016806722,exploratory,238
sym_KneeAngles_ax1_rom_absdiff,31,17,14,1.6932912468910217,1.9072456434369087,1.7975537636700798,1.836529903113842,0.213954396545887,-0.11217977992616375,-0.06722689075630252,-0.12431398563501876,-0.48739495798319327,0.3277310924369748,negligible,VICTIMS_LOWER,0.5882352941176471,0.5714285714285714,111.0,0.7659271287306254,mannwhitneyu_two_sided,0.9960585779461091,0.9960585779461091,-0.06722689075630252,-0.0625,-0.1493212669683258,-0.013574660633484163,1.0,0.08209437621202327,-0.06722689075630252,0.758,999,subject,knee,symmetry,bilateral,LKneeAngles|RKneeAngles,0.0050420168067226885,exploratory,239
var_LKneeAngles_ax1_tmax_pct_sd,31,17,14,25.22931750044899,25.168988671638125,25.20713151588665,25.42438210754225,0.060328828810863655,0.002396950850824041,0.07563025210084033,0.1644853541028274,-0.3445378151260504,0.5044117647058821,negligible,VICTIMS_HIGHER,0.5882352941176471,0.5,128.0,0.735814797438752,mannwhitneyu_two_sided,0.9960585779461091,0.9960585779461091,0.07563025210084033,0.08035714285714286,0.02262443438914027,0.1583710407239819,1.0,0.08274078862314156,0.07563025210084033,0.735,999,subject,mixed,variability,none,LKneeAngles_ax1_tmax_pct,0.005004943153732081,exploratory,240
var_CentreOfMass_path3d_mad,31,17,14,35.9350398288957,33.29470022038333,35.518661685819275,36.54535793500264,2.640339608512363,0.07930209886364803,0.07563025210084033,0.18934642275464555,-0.33613445378151263,0.47920168067226876,negligible,VICTIMS_HIGHER,0.5882352941176471,0.5714285714285714,128.0,0.735814797438752,mannwhitneyu_two_sided,0.9960585779461091,0.9960585779461091,0.07563025210084033,0.07142857142857142,0.004524886877828055,0.1583710407239819,1.0,0.08274078862314156,0.07563025210084033,0.738,999,subject,mixed,variability,none,CentreOfMass_path3d,0.005004943153732081,exploratory,241
LHipAngles_ax1_tmin_pct__median,31,17,14,53.5,54.0,35.0,41.142857142857146,0.5,-0.009259259259259259,-0.06722689075630252,-0.01444043321299639,-0.46649159663865547,0.3445378151260504,negligible,VICTIMS_LOWER,0.5294117647058824,0.5714285714285714,111.0,0.7633422538692862,mannwhitneyu_two_sided,0.9960585779461091,0.9960585779461091,-0.06722689075630252,-0.058823529411764705,-0.13574660633484162,0.0,0.9354838709677419,0.0685197155785391,-0.06722689075630252,0.73,999,subject,hip,kinematic,left,LHipAngles,0.0049941798351219036,exploratory,242
LAnkleAngles_ax1_phase_50_60_max__median,31,17,14,14.155278205871582,14.046911239624023,13.911169402739581,14.230880737304688,0.1083669662475586,0.0077146473270133025,-0.07563025210084033,0.01459243764137082,-0.46218487394957986,0.3363445378151259,negligible,VICTIMS_LOWER,0.47058823529411764,0.5,110.0,0.735814797438752,mannwhitneyu_two_sided,0.9960585779461091,0.9960585779461091,-0.07563025210084033,-0.08035714285714286,-0.14285714285714285,-0.017857142857142856,1.0,0.06722689075630252,-0.07563025210084033,0.745,999,subject,ankle,phase,left,LAnkleAngles,0.004804745427582798,exploratory,243
LAnkleAngles_ax1_peak_vel__median,31,17,14,379.81948038721646,371.57759412714563,377.64401593675956,377.8330874786049,8.241886260070828,0.02218079451058246,-0.06722689075630252,0.08239205416360049,-0.4957983193277311,0.35294117647058826,negligible,VICTIMS_LOWER,0.47058823529411764,0.35714285714285715,111.0,0.7659271287306254,mannwhitneyu_two_sided,0.9960585779461091,0.9960585779461091,-0.06722689075630252,-0.07692307692307693,-0.14027149321266968,-0.004524886877828055,1.0,0.07304460245636717,-0.06722689075630252,0.775,999,subject,ankle,kinematic,left,LAnkleAngles,0.004745427582797825,exploratory,244
LFootProgressAngles_ax3_rom__median,31,17,14,13.72250497341156,13.669397458434105,15.148914699168767,14.925011221851621,0.05310751497745514,0.0038851394246852823,-0.06722689075630252,0.00944193001332655,-0.48739495798319327,0.37857142857142817,negligible,VICTIMS_LOWER,0.47058823529411764,0.5,111.0,0.7659271287306254,mannwhitneyu_two_sided,0.9960585779461091,0.9960585779461091,-0.06722689075630252,-0.07142857142857142,-0.13392857142857142,-0.008928571428571428,1.0,0.0667016806722689,-0.06722689075630252,0.758,999,subject,foot,kinematic,left,LFootProgressAngles,0.004745427582797825,exploratory,245
RAnkleAngles_ax1_phase_70_80_min__median,31,17,14,-2.1931331157684326,-0.16053974628448486,-0.2585536311654484,-0.46217717443193707,2.0325933694839478,-12.660997768627873,0.08403361344537816,-0.15109633438551062,-0.33613445378151263,0.5212184873949578,negligible,VICTIMS_HIGHER,0.4117647058823529,0.5,129.0,0.7061030154647306,mannwhitneyu_two_sided,0.9960585779461091,0.9960585779461091,0.08403361344537816,0.08928571428571429,0.026785714285714284,0.1583710407239819,1.0,0.07433742727860373,0.08403361344537816,0.689,999,subject,ankle,phase,right,RAnkleAngles,0.004671280276816609,exploratory,246
RKneeAngles_ax1_median__median,31,17,14,24.314687728881836,25.648139476776123,23.83982178744148,23.353731155395508,1.333451747894287,-0.05199019402953969,-0.05042016806722689,-0.20249363349476446,-0.5042016806722689,0.35315126050420154,negligible,VICTIMS_LOWER,0.7058823529411765,0.5714285714285714,113.0,0.8271812329599,mannwhitneyu_two_sided,0.9960585779461091,0.9960585779461091,-0.05042016806722689,-0.044642857142857144,-0.11312217194570136,0.02262443438914027,0.8709677419354839,0.07304460245636717,-0.05042016806722689,0.851,999,subject,knee,kinematic,right,RKneeAngles,0.004649753639596256,exploratory,247
RHipAngles_ax1_rom__median,31,17,14,45.89175271987915,46.20792293548584,47.352580199346825,46.48523172416857,0.31617021560668945,-0.006842337753378725,0.06722689075630252,-0.05201810315612272,-0.35294117647058826,0.453781512605042,negligible,VICTIMS_HIGHER,0.47058823529411764,0.42857142857142855,127.0,0.7659271287306254,mannwhitneyu_two_sided,0.9960585779461091,0.9960585779461091,0.06722689075630252,0.07692307692307693,-0.004524886877828055,0.13122171945701358,0.967741935483871,0.07175177763413057,0.06722689075630252,0.763,999,subject,hip,kinematic,right,RHipAngles,0.004592349273675314,exploratory,248
RFootProgressAngles_ax1_mean__median,31,17,14,-74.97919543426815,-74.96067707137306,-74.83631532860134,-74.49550892777289,0.018518362895093787,-0.00024704103029194515,-0.058823529411764705,-0.005410343104445191,-0.4789915966386555,0.33613445378151263,negligible,VICTIMS_LOWER,0.5294117647058824,0.5,112.0,0.7963973678502935,mannwhitneyu_two_sided,0.9960585779461091,0.9960585779461091,-0.058823529411764705,-0.0625,-0.14027149321266968,0.013574660633484163,0.967741935483871,0.08144796380090498,-0.058823529411764705,0.802,999,subject,foot,kinematic,right,RFootProgressAngles,0.0045205938162741375,exploratory,249
RAnkleAngles_ax1_phase_40_50_rom__median,31,17,14,3.1608314514160156,2.7327712774276733,3.334368439281688,3.2337539196014404,0.4280601739883423,0.15663959055924742,0.06722689075630252,0.25188853937972244,-0.3363445378151261,0.46260504201680636,negligible,VICTIMS_HIGHER,0.5294117647058824,0.7142857142857143,127.0,0.7659271287306254,mannwhitneyu_two_sided,0.9960585779461091,0.9960585779461091,0.06722689075630252,0.06787330316742081,-0.004524886877828055,0.14027149321266968,0.9354838709677419,0.07304460245636717,0.06722689075630252,0.765,999,subject,ankle,phase,right,RAnkleAngles,0.004494761851609713,exploratory,250
RKneeAngles_ax1_max__median,31,17,14,72.8664321899414,73.16376495361328,74.11027235143325,72.87379278455462,0.297332763671875,-0.004063934706755285,0.06722689075630252,-0.05215678116697486,-0.4035714285714286,0.4957983193277311,negligible,VICTIMS_HIGHER,0.47058823529411764,0.5,127.0,0.7659271287306254,mannwhitneyu_two_sided,0.9960585779461091,0.9960585779461091,0.06722689075630252,0.07142857142857142,-0.004524886877828055,0.13122171945701358,0.9354838709677419,0.07175177763413057,0.06722689075630252,0.767,999,subject,knee,kinematic,right,RKneeAngles,0.004439270964552803,exploratory,251
RKneeAngles_ax1_tmin_pct__median,31,17,14,50.0,50.0,57.55882352941177,52.857142857142854,0.0,0.0,0.06722689075630252,0.0,-0.3236344537815126,0.46638655462184875,negligible,VICTIMS_HIGHER,0.47058823529411764,0.14285714285714285,127.0,0.7556173023312748,mannwhitneyu_two_sided,0.9960585779461091,0.9960585779461091,0.06722689075630252,0.049107142857142856,-0.004524886877828055,0.14479638009049775,0.9354838709677419,0.07756948933419523,0.06722689075630252,0.748,999,subject,knee,kinematic,right,RKneeAngles,0.004439270964552803,exploratory,252
RFootProgressAngles_ax3_rom__median,31,17,14,14.179060965776443,14.54079794883728,14.849933510317522,15.1726821405547,0.3617369830608368,-0.024877381855771003,-0.058823529411764705,-0.06133445661030112,-0.4623949579831933,0.3277310924369748,negligible,VICTIMS_LOWER,0.5882352941176471,0.5,112.0,0.7963973678502935,mannwhitneyu_two_sided,0.9960585779461091,0.9960585779461091,-0.058823529411764705,-0.0625,-0.125,0.004524886877828055,0.8387096774193549,0.0661764705882353,-0.058823529411764705,0.785,999,subject,foot,kinematic,right,RFootProgressAngles,0.004353164415671392,exploratory,253
var_cycle_duration_s_mad,31,17,14,0.020000000000000018,0.020000000000000018,0.020000000000000025,0.02357142857142856,0.0,0.0,-0.10504201680672269,0.0,-0.5045168067226891,0.31512605042016806,negligible,VICTIMS_LOWER,0.35294117647058826,0.42857142857142855,106.5,0.6276309434260917,mannwhitneyu_two_sided,0.9960585779461091,0.9960585779461091,-0.10504201680672269,-0.10714285714285714,-0.19004524886877827,-0.03619909502262444,1.0,0.08500323206205558,-0.10504201680672269,0.601,999,subject,gait_cycle,variability,none,cycle_duration_s,0.004170785961443401,exploratory,254
RAnkleAngles_ax1_phase_10_20_max__median,31,17,14,8.607449531555176,7.52477502822876,6.758989975075512,6.653499526636941,1.082674503326416,0.1438813119681087,0.058823529411764705,0.25570943901410775,-0.31932773109243695,0.46239495798319313,negligible,VICTIMS_HIGHER,0.5294117647058824,0.7142857142857143,126.0,0.7963973678502935,mannwhitneyu_two_sided,0.9960585779461091,0.9960585779461091,0.058823529411764705,0.058823529411764705,0.0,0.13122171945701358,0.967741935483871,0.07239819004524888,0.058823529411764705,0.791,999,subject,ankle,phase,right,RAnkleAngles,0.0040685344346467235,exploratory,255
LHipAngles_ax1_peak_vel__median,31,17,14,222.46884161709693,227.64769196519126,221.42077984701848,224.476392872635,5.178850348094329,-0.02274940854171369,-0.05042016806722689,-0.1814838555054265,-0.453781512605042,0.42016806722689076,negligible,VICTIMS_LOWER,0.5882352941176471,0.5714285714285714,113.0,0.8271812329599,mannwhitneyu_two_sided,0.9960585779461091,0.9960585779461091,-0.05042016806722689,-0.044642857142857144,-0.12217194570135746,0.02262443438914027,0.9032258064516129,0.07304460245636717,-0.05042016806722689,0.845,999,subject,hip,kinematic,left,LHipAngles,0.004018305614465901,exploratory,256
sym_KneeAngles_ax1_tmax_pct_absdiff,31,17,14,0.5,0.5,0.5294117647058824,0.6428571428571429,0.0,0.0,-0.07563025210084033,0.0,-0.44548319327731095,0.3319327731092437,negligible,VICTIMS_LOWER,0.4117647058823529,0.42857142857142855,110.0,0.7183573256766775,mannwhitneyu_two_sided,0.9960585779461091,0.9960585779461091,-0.07563025210084033,-0.08597285067873303,-0.12669683257918551,-0.004524886877828055,1.0,0.07110536522301228,-0.07563025210084033,0.706,999,subject,knee,symmetry,bilateral,LKneeAngles|RKneeAngles,0.003970588235294117,exploratory,257
RHipAngles_ax1_peak_vel__median,31,17,14,216.1818605102638,215.5383127988791,218.19476542947973,215.8516728096397,0.6435477113846844,0.002985769458004364,0.058823529411764705,0.02389808211125785,-0.3531512605042017,0.5042016806722689,negligible,VICTIMS_HIGHER,0.5294117647058824,0.5714285714285714,126.0,0.7963973678502935,mannwhitneyu_two_sided,0.9960585779461091,0.9960585779461091,0.058823529411764705,0.058823529411764705,-0.013574660633484163,0.12217194570135746,0.8387096774193549,0.07239819004524886,0.058823529411764705,0.832,999,subject,hip,kinematic,right,RHipAngles,0.0039178479741042525,exploratory,258
LFootProgressAngles_ax3_peak_vel__median,31,17,14,124.34908839629927,121.54745762777992,140.36049893375673,126.71491361737344,2.8016307685193453,0.023049686297009202,0.05042016806722689,0.08165932580399576,-0.3445378151260504,0.46239495798319313,negligible,VICTIMS_HIGHER,0.5882352941176471,0.5714285714285714,125.0,0.8271812329599,mannwhitneyu_two_sided,0.9960585779461091,0.9960585779461091,0.05042016806722689,0.044642857142857144,-0.008928571428571428,0.11607142857142858,0.8709677419354839,0.06565126050420168,0.05042016806722689,0.817,999,subject,foot,kinematic,left,LFootProgressAngles,0.0038747946996635467,exploratory,259
LHipAngles_ax3_tmin_pct__median,31,17,14,50.0,50.0,49.294117647058826,53.357142857142854,0.0,0.0,-0.1092436974789916,0.0,-0.49159663865546216,0.2857142857142857,negligible,VICTIMS_LOWER,0.23529411764705882,0.42857142857142855,106.0,0.6109318917947164,mannwhitneyu_two_sided,0.9960585779461091,0.9960585779461091,-0.1092436974789916,-0.125,-0.167420814479638,-0.04072398190045249,1.0,0.06851971557853911,-0.1092436974789916,0.619,999,subject,hip,kinematic,left,LHipAngles,0.003855659911023233,exploratory,260
LFootProgressAngles_ax3_mean__median,31,17,14,-3.9150301372945897,-3.972679889230703,-2.714905903951564,-3.7784752452000445,0.057649751936113436,0.014511552288014106,0.05042016806722689,0.00790812365248145,-0.38676470588235295,0.48760504201680654,negligible,VICTIMS_HIGHER,0.5882352941176471,0.5,125.0,0.8271812329599,mannwhitneyu_two_sided,0.9960585779461091,0.9960585779461091,0.05042016806722689,0.05357142857142857,-0.02262443438914027,0.11312217194570136,0.8387096774193549,0.07304460245636717,0.05042016806722689,0.837,999,subject,foot,kinematic,left,LFootProgressAngles,0.0037312837848611936,exploratory,261
sym_AbsAnkleAngle_ax1_max_si,31,17,14,-0.39367428668825144,-7.745355755439817,-6.322177600996524,-9.584068630663902,7.351681468751566,0.9491728593083977,0.058823529411764705,0.2849631813585789,-0.3449579831932773,0.46239495798319313,negligible,VICTIMS_HIGHER,0.5294117647058824,0.6428571428571429,126.0,0.7963973678502935,mannwhitneyu_two_sided,0.9960585779461091,0.9960585779461091,0.058823529411764705,0.058823529411764705,-0.013574660633484163,0.14027149321266968,0.9354838709677419,0.08144796380090498,0.058823529411764705,0.793,999,subject,ankle,symmetry,bilateral,LAbsAnkleAngle|RAbsAnkleAngle,0.0037144212523719158,exploratory,262
var_LKneeAngles_ax1_tmax_pct_cv,31,17,14,0.4893900486755438,0.4909765234462583,0.49094608489969255,0.5009431256337484,0.0015864747707144966,-0.0032312640115228445,0.06722689075630252,-0.05103896113623918,-0.37815126050420167,0.4957983193277311,negligible,VICTIMS_HIGHER,0.47058823529411764,0.5,127.0,0.7659271287306254,mannwhitneyu_two_sided,0.9960585779461091,0.9960585779461091,0.06722689075630252,0.07142857142857142,0.004524886877828055,0.1493212669683258,1.0,0.08209437621202327,0.06722689075630252,0.781,999,subject,mixed,variability,none,LKneeAngles_ax1_tmax_pct,0.0035590706870983688,exploratory,263
RAnkleAngles_ax1_phase_70_80_rom__median,31,17,14,6.4490647315979,6.132424473762512,6.563190774006002,7.2206041898046225,0.3166402578353882,0.05163378027566892,0.058823529411764705,0.09257543008992239,-0.3949579831932773,0.5042016806722689,negligible,VICTIMS_HIGHER,0.5294117647058824,0.5,126.0,0.7963973678502935,mannwhitneyu_two_sided,0.9960585779461091,0.9960585779461091,0.058823529411764705,0.0625,-0.013574660633484163,0.14027149321266968,0.8387096774193549,0.08144796380090498,0.058823529411764705,0.8,999,subject,ankle,phase,right,RAnkleAngles,0.0035260631766938274,exploratory,264
RAnkleAngles_ax3_rom__median,31,17,14,30.897772073745728,30.590513706207275,31.985954768517438,31.16228682867118,0.30725836753845215,0.010044236932055993,0.05042016806722689,0.04796368184956195,-0.36134453781512604,0.4287815126050418,negligible,VICTIMS_HIGHER,0.5294117647058824,0.5,125.0,0.8271812329599,mannwhitneyu_two_sided,0.9960585779461091,0.9960585779461091,0.05042016806722689,0.05357142857142857,-0.013574660633484163,0.11607142857142858,0.8387096774193549,0.06565126050420168,0.05042016806722689,0.822,999,subject,ankle,kinematic,right,RAnkleAngles,0.003358155406375074,exploratory,265
RFootProgressAngles_ax2_tmax_pct__median,31,17,14,57.0,53.5,46.11764705882353,49.142857142857146,3.5,0.06542056074766354,-0.0546218487394958,0.13526570048309178,-0.42867647058823527,0.3487394957983193,negligible,VICTIMS_LOWER,0.47058823529411764,0.35714285714285715,112.5,0.8115851157553948,mannwhitneyu_two_sided,0.9960585779461091,0.9960585779461091,-0.0546218487394958,-0.06334841628959276,-0.12053571428571429,0.004464285714285714,0.8387096774193549,0.06591386554621849,-0.0546218487394958,0.769,999,subject,foot,kinematic,right,RFootProgressAngles,0.003233779280213034,exploratory,266
LHipAngles_ax1_tmax_pct__median,31,17,14,41.0,42.0,42.5,44.535714285714285,1.0,-0.023809523809523808,-0.04201680672268908,-0.18604651162790697,-0.4622899159663866,0.4117647058823529,negligible,VICTIMS_LOWER,0.5882352941176471,0.5714285714285714,114.0,0.8573192967337717,mannwhitneyu_two_sided,0.9960585779461091,0.9960585779461091,-0.04201680672268908,-0.03125,-0.11312217194570136,0.02262443438914027,0.8387096774193549,0.07110536522301228,-0.04201680672268908,0.84,999,subject,hip,kinematic,left,LHipAngles,0.003109403154050995,exploratory,267
RHipAngles_ax3_tpeak_vel_pct__median,31,17,14,47.0,46.0,55.88235294117647,55.82142857142857,1.0,0.021739130434782608,0.046218487394957986,0.07476635514018691,-0.3698529411764706,0.44138655462184856,negligible,VICTIMS_HIGHER,0.5294117647058824,0.6428571428571429,124.5,0.840536264186794,mannwhitneyu_two_sided,0.9960585779461091,0.9960585779461091,0.046218487394957986,0.03167420814479638,-0.02262443438914027,0.11312217194570136,0.8387096774193549,0.06884292178409826,0.046218487394957986,0.849,999,subject,hip,kinematic,right,RHipAngles,0.0030783091225104844,exploratory,268
opposite_foot_off_pct__median,31,17,14,15.306122448979592,15.216404358353511,15.120860851682815,15.08238004498155,0.08971809062608038,0.005896142644029231,0.046218487394957986,0.08231510346310326,-0.3277310924369748,0.46638655462184875,negligible,VICTIMS_HIGHER,0.5294117647058824,0.5714285714285714,124.5,0.842613889985807,mannwhitneyu_two_sided,0.9960585779461091,0.9960585779461091,0.046218487394957986,0.04524886877828054,-0.027149321266968326,0.11764705882352941,0.8387096774193549,0.07336780866192631,0.046218487394957986,0.834,999,subject,gait_cycle,temporal,ipsilateral,events,0.0030783091225104844,exploratory,269
sym_AbsAnkleAngle_ax1_rom_si,31,17,14,-0.45827333769893963,-1.292055169245255,-2.35969623053548,-0.7701811923599541,0.8337818315463155,0.645314419533156,-0.058823529411764705,0.04096740444108058,-0.46218487394957986,0.3865546218487395,negligible,VICTIMS_LOWER,0.4117647058823529,0.5,112.0,0.7963973678502935,mannwhitneyu_two_sided,0.9960585779461091,0.9960585779461091,-0.058823529411764705,-0.0625,-0.13122171945701358,0.013574660633484163,0.9032258064516129,0.07239819004524888,-0.058823529411764705,0.787,999,subject,ankle,symmetry,bilateral,LAbsAnkleAngle|RAbsAnkleAngle,0.0027893738140417454,exploratory,270
RFootProgressAngles_ax3_tpeak_vel_pct__median,31,17,14,47.0,46.75,45.76470588235294,48.392857142857146,0.25,0.0053475935828877,-0.05042016806722689,0.013245033112582781,-0.45388655462184874,0.3740546218487394,negligible,VICTIMS_LOWER,0.47058823529411764,0.35714285714285715,113.0,0.826889007767085,mannwhitneyu_two_sided,0.9960585779461091,0.9960585779461091,-0.05042016806722689,-0.058823529411764705,-0.10714285714285714,0.02262443438914027,0.7741935483870968,0.07304460245636717,-0.05042016806722689,0.814,999,subject,foot,kinematic,right,RFootProgressAngles,0.0027554095642051885,exploratory,271
RHipAngles_ax1_tmin_pct__median,31,17,14,54.0,53.0,40.529411764705884,38.035714285714285,1.0,0.018867924528301886,0.03361344537815126,0.022598870056497175,-0.36995798319327733,0.42468487394957954,negligible,VICTIMS_HIGHER,0.6470588235294118,0.5714285714285714,123.0,0.8886774942731801,mannwhitneyu_two_sided,0.9960585779461091,0.9960585779461091,0.03361344537815126,0.022321428571428572,-0.027149321266968326,0.09821428571428571,0.8387096774193549,0.06460084033613445,0.03361344537815126,0.892,999,subject,hip,kinematic,right,RHipAngles,0.002736274775564875,exploratory,272
LFootProgressAngles_ax3_tmax_pct__median,31,17,14,49.0,43.75,41.088235294117645,38.964285714285715,5.25,0.12,0.04201680672268908,0.13003095975232198,-0.36144957983193277,0.453781512605042,negligible,VICTIMS_HIGHER,0.5294117647058824,0.5,124.0,0.8579920062876204,mannwhitneyu_two_sided,0.9960585779461091,0.9960585779461091,0.04201680672268908,0.044642857142857144,-0.03167420814479638,0.12217194570135746,0.8064516129032258,0.08015513897866838,0.04201680672268908,0.852,999,subject,foot,kinematic,left,LFootProgressAngles,0.0026908296525441295,exploratory,273
RAnkleAngles_ax1_phase_0_10_rom__median,31,17,14,9.307007789611816,9.282788515090942,9.372190003885942,9.207003259233066,0.024219274520874023,0.002609051631576113,0.04201680672268908,0.00869205472660397,-0.39516806722689074,0.4539915966386553,negligible,VICTIMS_HIGHER,0.5294117647058824,0.5714285714285714,124.0,0.8582329939436477,mannwhitneyu_two_sided,0.9960585779461091,0.9960585779461091,0.04201680672268908,0.04072398190045249,-0.03167420814479638,0.11312217194570136,0.8709677419354839,0.07369101486748546,0.04201680672268908,0.855,999,subject,ankle,phase,right,RAnkleAngles,0.002615486422272894,exploratory,274
var_stance_pct_mad,31,17,14,0.6213511259382827,0.6018193798950406,0.5746867030312217,0.5629224325189696,0.019531746043242038,0.0324544983025446,0.04201680672268908,0.10417942592015973,-0.35294117647058826,0.4369747899159664,negligible,VICTIMS_HIGHER,0.6470588235294118,0.5714285714285714,124.0,0.8582329939436477,mannwhitneyu_two_sided,0.9960585779461091,0.9960585779461091,0.04201680672268908,0.03571428571428571,-0.03167420814479638,0.11312217194570136,0.8387096774193549,0.07369101486748546,0.04201680672268908,0.868,999,subject,gait_cycle,variability,none,stance_pct,0.0025652576020920707,exploratory,275
RKneeAngles_ax3_max__median,31,17,14,5.189884662628174,2.071014478802681,4.743934347349055,8.13911667891911,3.118870183825493,1.505962520179294,-0.05042016806722689,0.17285556486847972,-0.4455882352941177,0.40336134453781514,negligible,VICTIMS_LOWER,0.4117647058823529,0.42857142857142855,113.0,0.8271812329599,mannwhitneyu_two_sided,0.9960585779461091,0.9960585779461091,-0.05042016806722689,-0.0625,-0.11312217194570136,0.02262443438914027,0.7741935483870968,0.07304460245636717,-0.05042016806722689,0.816,999,subject,knee,kinematic,right,RKneeAngles,0.00241098336867954,exploratory,276
sym_KJC_path3d_absdiff,31,17,14,11.435124650518674,8.014070858651394,14.190007158228703,11.729222981350874,3.42105379186728,0.42688090138037216,0.04201680672268908,0.2688084075108528,-0.3949579831932773,0.44537815126050423,negligible,VICTIMS_HIGHER,0.5882352941176471,0.5714285714285714,124.0,0.8582329939436477,mannwhitneyu_two_sided,0.9960585779461091,0.9960585779461091,0.04201680672268908,0.03167420814479638,-0.02262443438914027,0.11312217194570136,0.7419354838709677,0.07110536522301228,0.04201680672268908,0.853,999,subject,knee,symmetry,bilateral,LKJC|RKJC,0.002338031986988344,exploratory,277
RHipAngles_ax1_tmax_pct__median,31,17,14,43.0,43.75,44.05882352941177,47.464285714285715,0.75,-0.017142857142857144,-0.03361344537815126,-0.12,-0.45819327731092435,0.40756302521008403,negligible,VICTIMS_LOWER,0.5882352941176471,0.5714285714285714,115.0,0.8889705948886293,mannwhitneyu_two_sided,0.9960585779461091,0.9960585779461091,-0.03361344537815126,-0.026785714285714284,-0.11312217194570136,0.04072398190045249,0.7741935483870968,0.07950872656755009,-0.03361344537815126,0.877,999,subject,hip,kinematic,right,RHipAngles,0.002296174636837657,exploratory,278
LAnkleAngles_ax1_phase_60_70_max__median,31,17,14,6.55443549156189,7.131964206695557,6.215101081658812,5.773646797452654,0.577528715133667,-0.08097751171990986,0.05042016806722689,-0.0851281245694975,-0.3531512605042017,0.42016806722689076,negligible,VICTIMS_HIGHER,0.4117647058823529,0.42857142857142855,125.0,0.8271812329599,mannwhitneyu_two_sided,0.9960585779461091,0.9960585779461091,0.05042016806722689,0.0625,-0.02262443438914027,0.10714285714285714,0.8064516129032258,0.07304460245636717,0.05042016806722689,0.848,999,subject,ankle,phase,left,LAnkleAngles,0.0022602969081370683,exploratory,279
sym_KJC_ax1_excursion_si,31,17,14,0.014372588414330428,-0.0232895950744364,0.09482068009777629,-0.06251705209688227,0.03766218348876683,1.617124873506554,0.04201680672268908,0.034102417008803516,-0.40336134453781514,0.48739495798319327,negligible,VICTIMS_HIGHER,0.5882352941176471,0.5714285714285714,124.0,0.8582329939436477,mannwhitneyu_two_sided,0.9960585779461091,0.9960585779461091,0.04201680672268908,0.03571428571428571,-0.017857142857142856,0.11312217194570136,0.7096774193548387,0.07110536522301228,0.04201680672268908,0.866,999,subject,knee,symmetry,bilateral,LKJC|RKJC,0.0022363784223366767,exploratory,280
var_LKneeAngles_ax1_rom_sd,31,17,14,1.6909766532065909,1.7209174423073805,1.9006873444115717,1.9340552677226046,0.029940789100789678,-0.017398155405203817,0.05042016806722689,-0.04100067336332928,-0.34474789915966386,0.4789915966386555,negligible,VICTIMS_HIGHER,0.47058823529411764,0.5,125.0,0.8271812329599,mannwhitneyu_two_sided,0.9960585779461091,0.9960585779461091,0.05042016806722689,0.05357142857142857,-0.013574660633484163,0.13122171945701358,0.8064516129032258,0.08080155138978669,0.05042016806722689,0.819,999,subject,mixed,variability,none,LKneeAngles_ax1_rom,0.0021526637220353035,exploratory,281
LAnkleAngles_ax1_phase_50_60_min__median,31,17,14,2.918707489967346,3.678581714630127,3.8876328928505672,3.283227707658495,0.7598742246627808,-0.20656717278854422,0.04201680672268908,-0.11474390806517815,-0.3869747899159664,0.43718487394957967,negligible,VICTIMS_HIGHER,0.47058823529411764,0.5,124.0,0.8582329939436477,mannwhitneyu_two_sided,0.9960585779461091,0.9960585779461091,0.04201680672268908,0.044642857142857144,-0.03167420814479638,0.10407239819004525,0.7741935483870968,0.07369101486748546,0.04201680672268908,0.861,999,subject,ankle,phase,left,LAnkleAngles,0.002066557173153892,exploratory,282
RHipAngles_ax2_min__median,31,17,14,-7.552038908004761,-7.045219659805298,-6.4773545475567085,-7.283186623028347,0.5068192481994629,-0.07193803354223158,-0.03361344537815126,-0.12762871715781604,-0.47058823529411764,0.36134453781512604,negligible,VICTIMS_LOWER,0.5882352941176471,0.5714285714285714,115.0,0.8895056756162,mannwhitneyu_two_sided,0.9960585779461091,0.9960585779461091,-0.03361344537815126,-0.026785714285714284,-0.11312217194570136,0.03167420814479638,0.6774193548387096,0.07950872656755009,-0.03361344537815126,0.886,999,subject,hip,kinematic,right,RHipAngles,0.00200915280723295,exploratory,283
LTOE_ax3_excursion__median,31,17,14,108.89958190917969,108.42275810241699,110.18975196165196,110.68252811261586,0.4768238067626953,0.004397820301825229,-0.04201680672268908,0.039370078430148184,-0.42857142857142855,0.37836134453781495,negligible,VICTIMS_LOWER,0.47058823529411764,0.5,114.0,0.8582329939436477,mannwhitneyu_two_sided,0.9960585779461091,0.9960585779461091,-0.04201680672268908,-0.044642857142857144,-0.12217194570135746,0.03167420814479638,0.7096774193548387,0.08015513897866838,-0.04201680672268908,0.855,999,subject,foot,spatial,left,LTOE,0.0019995854129127933,exploratory,284
LKneeAngles_ax1_peak_acc__median,31,17,14,6520.278725239319,5775.2935997685845,6603.850259138477,6266.1223676326,744.9851254707346,0.12899519524004566,0.03361344537815126,0.4600912085138086,-0.3949579831932773,0.42857142857142855,negligible,VICTIMS_HIGHER,0.5294117647058824,0.7142857142857143,123.0,0.8895056756162,mannwhitneyu_two_sided,0.9960585779461091,0.9960585779461091,0.03361344537815126,0.03167420814479638,-0.04072398190045249,0.10407239819004525,0.7419354838709677,0.07433742727860375,0.03361344537815126,0.887,999,subject,knee,kinematic,left,LKneeAngles,0.001980450624272479,exploratory,285
var_RAnkleAngles_ax1_rom_mad,31,17,14,1.2495012283325195,1.3461222648620605,1.2948233660529642,1.3083114964621407,0.09662103652954102,-0.07177731105981071,-0.03361344537815126,-0.10196392095807208,-0.428781512605042,0.37815126050420167,negligible,VICTIMS_LOWER,0.6470588235294118,0.5,115.0,0.8895056756162,mannwhitneyu_two_sided,0.9960585779461091,0.9960585779461091,-0.03361344537815126,-0.03571428571428571,-0.11312217194570136,0.03167420814479638,0.7096774193548387,0.07950872656755009,-0.03361344537815126,0.888,999,subject,mixed,variability,none,RAnkleAngles_ax1_rom,0.0017364820691084784,exploratory,286
LKneeAngles_ax2_rom__median,31,17,14,15.854199886322021,14.75715047121048,17.003912684891155,16.944709349955833,1.0970494151115417,0.0743401930644917,-0.03361344537815126,0.12462981633826756,-0.453781512605042,0.4119747899159662,negligible,VICTIMS_LOWER,0.47058823529411764,0.42857142857142855,115.0,0.8895056756162,mannwhitneyu_two_sided,0.9960585779461091,0.9960585779461091,-0.03361344537815126,-0.04072398190045249,-0.10407239819004525,0.03167420814479638,0.7096774193548387,0.07045895281189399,-0.03361344537815126,0.899,999,subject,knee,kinematic,left,LKneeAngles,0.0016838614003476153,exploratory,287
LHipAngles_ax2_rom__median,31,17,14,16.475003719329834,15.655803322792053,16.21311497951255,16.22290832230023,0.8192003965377808,0.052325669890421485,0.025210084033613446,0.20128711609159028,-0.3615546218487395,0.46218487394957986,negligible,VICTIMS_HIGHER,0.6470588235294118,0.6428571428571429,122.0,0.9209512705693832,mannwhitneyu_two_sided,0.9960585779461091,0.9960585779461091,0.025210084033613446,0.008928571428571428,-0.049773755656108594,0.10407239819004525,0.6774193548387096,0.0788623141564318,0.025210084033613446,0.911,999,subject,hip,kinematic,left,LHipAngles,0.001657551065967184,exploratory,288
LKneeAngles_ax1_peak_vel__median,31,17,14,418.2878729501974,424.45500146665256,429.02895987706916,424.9484597233759,6.167128516455136,-0.01452952255279211,-0.025210084033613446,-0.1040528213181007,-0.4623949579831933,0.37836134453781495,negligible,VICTIMS_LOWER,0.6470588235294118,0.5714285714285714,116.0,0.9209512705693832,mannwhitneyu_two_sided,0.9960585779461091,0.9960585779461091,-0.025210084033613446,-0.017857142857142856,-0.09502262443438914,0.04072398190045249,0.6774193548387096,0.0698125404007757,-0.025210084033613446,0.916,999,subject,knee,kinematic,left,LKneeAngles,0.001657551065967184,exploratory,289
LAnkleAngles_ax2_tmax_pct__median,31,17,14,51.5,55.75,51.088235294117645,50.785714285714285,4.25,-0.07623318385650224,0.037815126050420166,-0.1259259259259259,-0.3740546218487395,0.4327731092436975,negligible,VICTIMS_HIGHER,0.4117647058823529,0.5,123.5,0.8736170903737107,mannwhitneyu_two_sided,0.9960585779461091,0.9960585779461091,0.037815126050420166,0.04017857142857143,-0.03619909502262444,0.11764705882352941,0.7096774193548387,0.07983193277310924,0.037815126050420166,0.867,999,subject,ankle,kinematic,left,LAnkleAngles,0.0016575510659671837,exploratory,290
LHipAngles_ax1_phase_10_20_rom__median,31,17,14,10.637628555297852,10.536857038736343,10.906824452035567,11.081700712442398,0.10077151656150818,0.009563716788701295,0.03361344537815126,0.03612059943664538,-0.37815126050420167,0.4455882352941175,negligible,VICTIMS_HIGHER,0.5294117647058824,0.5714285714285714,123.0,0.8895056756162,mannwhitneyu_two_sided,0.9960585779461091,0.9960585779461091,0.03361344537815126,0.03167420814479638,-0.02262443438914027,0.11312217194570136,0.6451612903225806,0.07950872656755009,0.03361344537815126,0.887,999,subject,hip,phase,left,LHipAngles,0.0015499178798654186,exploratory,291
sym_FootProgressAngles_ax1_tmax_pct_si,31,17,14,0.0,-0.7274266291050007,-0.4707482489463723,-0.3063762920847593,0.7274266291050007,1.0,-0.046218487394957986,0.4240067108975825,-0.46638655462184875,0.36134453781512604,negligible,VICTIMS_LOWER,0.35294117647058826,0.2857142857142857,113.5,0.8377596701303964,mannwhitneyu_two_sided,0.9960585779461091,0.9960585779461091,-0.046218487394957986,-0.06696428571428571,-0.10407239819004525,0.027149321266968326,0.7419354838709677,0.07336780866192631,-0.046218487394957986,0.86,999,subject,foot,symmetry,bilateral,LFootProgressAngles|RFootProgressAngles,0.0015431011114123072,exploratory,292
RHipAngles_ax3_peak_acc__median,31,17,14,8014.020330395927,6428.481291957619,7405.511376773892,7435.335426409612,1585.5390384383081,0.2466428642208081,0.025210084033613446,0.30176649136788053,-0.3949579831932773,0.44537815126050423,negligible,VICTIMS_HIGHER,0.5882352941176471,0.6428571428571429,122.0,0.9209512705693832,mannwhitneyu_two_sided,0.9960585779461091,0.9960585779461091,0.025210084033613446,0.013574660633484163,-0.026785714285714284,0.10407239819004525,0.6774193548387096,0.0788623141564318,0.025210084033613446,0.919,999,subject,hip,kinematic,right,RHipAngles,0.0015068646054247127,exploratory,293
RKneeAngles_ax1_rom__median,31,17,14,63.374921798706055,63.65731191635132,64.44767041592037,64.55587970358985,0.28239011764526367,-0.004436098684410952,-0.025210084033613446,-0.05779801508324559,-0.4117647058823529,0.4117647058823529,negligible,VICTIMS_LOWER,0.5882352941176471,0.5,116.0,0.9209512705693832,mannwhitneyu_two_sided,0.9960585779461091,0.9960585779461091,-0.025210084033613446,-0.026785714285714284,-0.10407239819004525,0.04072398190045249,0.6774193548387096,0.0788623141564318,-0.025210084033613446,0.924,999,subject,knee,kinematic,right,RKneeAngles,0.0015068646054247127,exploratory,294
LKneeAngles_ax1_tmin_pct__median,31,17,14,50.0,50.5,53.64705882352941,49.785714285714285,0.5,-0.009900990099009901,0.037815126050420166,-0.36363636363636365,-0.3782563025210084,0.453781512605042,negligible,VICTIMS_HIGHER,0.35294117647058826,0.2857142857142857,123.5,0.8697992180847584,mannwhitneyu_two_sided,0.9960585779461091,0.9960585779461091,0.037815126050420166,0.05357142857142857,-0.03167420814479638,0.09821428571428571,0.7419354838709677,0.06948933419521655,0.037815126050420166,0.873,999,subject,knee,kinematic,left,LKneeAngles,0.0014853379682043596,exploratory,295
LHipAngles_ax3_mean__median,31,17,14,-5.895473557238532,-5.791091682666009,-6.280459498836354,-5.665729034183576,0.1043818745725229,-0.018024559149177426,-0.025210084033613446,-0.004907385567923625,-0.43718487394957983,0.4035714285714284,negligible,VICTIMS_LOWER,0.5294117647058824,0.5,116.0,0.9209512705693832,mannwhitneyu_two_sided,0.9960585779461091,0.9960585779461091,-0.025210084033613446,-0.026785714285714284,-0.09502262443438914,0.04072398190045249,0.7096774193548387,0.0698125404007757,-0.025210084033613446,0.927,999,subject,hip,kinematic,left,LHipAngles,0.0014207580565433005,exploratory,296
LKneeAngles_ax1_std__median,31,17,14,20.06221796541085,20.154056877618977,20.312469196755067,20.294875176943698,0.09183891220812868,-0.004556844945203838,0.03361344537815126,-0.06594024224577243,-0.4035714285714286,0.5296218487394956,negligible,VICTIMS_HIGHER,0.4117647058823529,0.5,123.0,0.8895056756162,mannwhitneyu_two_sided,0.9960585779461091,0.9960585779461091,0.03361344537815126,0.03571428571428571,-0.04072398190045249,0.11312217194570136,0.6774193548387096,0.07950872656755009,0.03361344537815126,0.885,999,subject,knee,kinematic,left,LKneeAngles,0.0014064069650630649,exploratory,297
RAnkleAngles_ax1_phase_80_90_min__median,31,17,14,7.18805193901062,8.074751377105713,7.860952268628513,7.347785008805139,0.8866994380950928,-0.1098113609552296,0.03361344537815126,-0.17263232256872557,-0.3949579831932773,0.4369747899159664,negligible,VICTIMS_HIGHER,0.4117647058823529,0.42857142857142855,123.0,0.8895056756162,mannwhitneyu_two_sided,0.9960585779461091,0.9960585779461091,0.03361344537815126,0.044642857142857144,-0.03167420814479638,0.09821428571428571,0.7096774193548387,0.06528765352294763,0.03361344537815126,0.878,999,subject,ankle,phase,right,RAnkleAngles,0.001326040852773747,exploratory,298
RAnkleAngles_ax1_phase_50_60_rom__median,31,17,14,8.343701362609863,9.043255150318146,9.77204109840643,9.764761337212153,0.6995537877082825,-0.07735641382225866,-0.025210084033613446,-0.20126381667474091,-0.4792016806722689,0.3949579831932773,negligible,VICTIMS_LOWER,0.5294117647058824,0.6428571428571429,116.0,0.9209512705693832,mannwhitneyu_two_sided,0.9960585779461091,0.9960585779461091,-0.025210084033613446,-0.02262443438914027,-0.10407239819004525,0.049773755656108594,0.6451612903225806,0.0788623141564318,-0.025210084033613446,0.924,999,subject,ankle,phase,right,RAnkleAngles,0.001162438409899064,exploratory,299
coord_right_knee_ankle_ax1_corr__median,31,17,14,-0.725582419291839,-0.7101000828881275,-0.6900325644748154,-0.6941677834854886,0.015482336403711439,-0.021803034215601688,-0.025210084033613446,-0.11892419739662882,-0.4369747899159664,0.3697478991596639,negligible,VICTIMS_LOWER,0.5882352941176471,0.5,116.0,0.9209512705693832,mannwhitneyu_two_sided,0.9960585779461091,0.9960585779461091,-0.025210084033613446,-0.026785714285714284,-0.10407239819004525,0.03167420814479638,0.6451612903225806,0.0788623141564318,-0.025210084033613446,0.908,999,subject,knee,coordination,right,RKneeAngles|RAnkleAngles,0.0011480873184188285,exploratory,300
RFootProgressAngles_ax2_tpeak_vel_pct__median,31,17,14,53.0,41.5,41.588235294117645,39.82142857142857,11.5,0.27710843373493976,-0.029411764705882353,0.27794561933534745,-0.42867647058823527,0.37815126050420167,negligible,VICTIMS_LOWER,0.35294117647058826,0.42857142857142855,115.5,0.90506691530059,mannwhitneyu_two_sided,0.9960585779461091,0.9960585779461091,-0.029411764705882353,-0.04017857142857143,-0.08482142857142858,0.04524886877828054,0.6774193548387096,0.0746606334841629,-0.029411764705882353,0.901,999,subject,foot,kinematic,right,RFootProgressAngles,0.0010548052237972989,exploratory,301
LFootProgressAngles_ax2_peak_acc__median,31,17,14,4932.891489757181,4521.6700889911335,5437.223629886263,5815.373437644594,411.22140076604774,0.09094458301308725,-0.025210084033613446,0.1936802068428363,-0.44537815126050423,0.4119747899159662,negligible,VICTIMS_LOWER,0.4117647058823529,0.35714285714285715,116.0,0.9209512705693832,mannwhitneyu_two_sided,0.9960585779461091,0.9960585779461091,-0.025210084033613446,-0.04072398190045249,-0.09502262443438914,0.04072398190045249,0.6774193548387096,0.0698125404007757,-0.025210084033613446,0.915,999,subject,foot,kinematic,left,LFootProgressAngles,0.0010548052237972986,exploratory,302
sym_AnkleAngles_ax1_tmax_pct_absdiff,31,17,14,2.0,1.0,1.7941176470588236,3.5714285714285716,1.0,1.0,-0.037815126050420166,0.5925925925925926,-0.47478991596638653,0.33623949579831924,negligible,VICTIMS_LOWER,0.29411764705882354,0.2857142857142857,114.5,0.8705414372019278,mannwhitneyu_two_sided,0.9960585779461091,0.9960585779461091,-0.037815126050420166,-0.058823529411764705,-0.09502262443438914,0.03619909502262444,0.7096774193548387,0.0740142210730446,-0.037815126050420166,0.851,999,subject,ankle,symmetry,bilateral,LAnkleAngles|RAnkleAngles,0.0010063702900515044,exploratory,303
sym_FootProgressAngles_ax1_rom_absdiff,31,17,14,2.2191238403320312,1.67875337600708,2.2931019278133618,2.4724603721073697,0.5403704643249512,0.32188793901950263,-0.025210084033613446,0.18389677436734006,-0.4623949579831933,0.4117647058823529,negligible,VICTIMS_LOWER,0.4117647058823529,0.42857142857142855,116.0,0.9209512705693832,mannwhitneyu_two_sided,0.9960585779461091,0.9960585779461091,-0.025210084033613446,-0.03571428571428571,-0.09502262443438914,0.04072398190045249,0.6774193548387096,0.0698125404007757,-0.025210084033613446,0.918,999,subject,foot,symmetry,bilateral,LFootProgressAngles|RFootProgressAngles,0.0008965844402277039,exploratory,304
RFootProgressAngles_ax2_tmin_pct__median,31,17,14,50.0,52.0,57.794117647058826,52.464285714285715,2.0,-0.038461538461538464,0.02100840336134454,-0.19393939393939394,-0.40766806722689075,0.4202731092436974,negligible,VICTIMS_HIGHER,0.4117647058823529,0.42857142857142855,121.5,0.9366087931526743,mannwhitneyu_two_sided,0.9960585779461091,0.9960585779461091,0.02100840336134454,0.03571428571428571,-0.05429864253393665,0.09049773755656108,0.6774193548387096,0.0753070458952812,0.02100840336134454,0.917,999,subject,foot,kinematic,right,RFootProgressAngles,0.0008790043531644156,exploratory,305
var_LKneeAngles_ax1_tmax_pct_mad,31,17,14,2.0,2.5,4.970588235294118,5.5,0.5,-0.2,0.025210084033613446,-0.2857142857142857,-0.3908613445378151,0.4412815126050419,negligible,VICTIMS_HIGHER,0.47058823529411764,0.2857142857142857,122.0,0.9190756787039852,mannwhitneyu_two_sided,0.9960585779461091,0.9960585779461091,0.025210084033613446,0.04017857142857143,-0.049773755656108594,0.10407239819004525,0.6451612903225806,0.0788623141564318,0.025210084033613446,0.926,999,subject,mixed,variability,none,LKneeAngles_ax1_tmax_pct,0.0008610654888141214,exploratory,306
sym_AnkleAngles_ax1_max_si,31,17,14,-2.1315070306207256,-4.115511553704562,-4.907235002780681,-5.943519992395417,1.9840045230838363,0.4820796873472369,-0.025210084033613446,0.0660190709931397,-0.44537815126050423,0.42857142857142855,negligible,VICTIMS_LOWER,0.4117647058823529,0.5,116.0,0.9209512705693832,mannwhitneyu_two_sided,0.9960585779461091,0.9960585779461091,-0.025210084033613446,-0.026785714285714284,-0.10407239819004525,0.04072398190045249,0.6451612903225806,0.0788623141564318,-0.025210084033613446,0.914,999,subject,ankle,symmetry,bilateral,LAnkleAngles|RAnkleAngles,0.0008538899430740037,exploratory,307
LKneeAngles_ax1_rom__median,31,17,14,63.08200263977051,63.675114676356316,64.2804629399496,64.32292807102203,0.5931120365858078,-0.009314659888724796,-0.01680672268907563,-0.1341625030945262,-0.43718487394957983,0.4287815126050418,negligible,VICTIMS_LOWER,0.5882352941176471,0.5714285714285714,117.0,0.9525209600525544,mannwhitneyu_two_sided,0.9960585779461091,0.9960585779461091,-0.01680672268907563,-0.004524886877828055,-0.09502262443438914,0.058823529411764705,0.5483870967741935,0.07821590174531351,-0.01680672268907563,0.958,999,subject,knee,kinematic,left,LKneeAngles,0.0008132285172133369,exploratory,308
RFootProgressAngles_ax2_rom__median,31,17,14,15.71806526184082,13.319171905517578,13.35067239929648,14.033538823149033,2.398893356323242,0.18010829602172795,0.01680672268907563,0.3173025264213985,-0.4369747899159664,0.47058823529411764,negligible,VICTIMS_HIGHER,0.5882352941176471,0.7142857142857143,121.0,0.9525209600525544,mannwhitneyu_two_sided,0.9960585779461091,0.9960585779461091,0.01680672268907563,0.004524886877828055,-0.04072398190045249,0.09502262443438914,0.5161290322580645,0.07821590174531351,0.01680672268907563,0.951,999,subject,foot,kinematic,right,RFootProgressAngles,0.0007653915456125523,exploratory,309
RAnkleAngles_ax1_phase_10_20_mean__median,31,17,14,0.32366758957505226,0.595992066990584,-0.8198146797223564,-0.2765539628586599,0.2723244774155318,-0.45692634600090104,-0.01680672268907563,-0.0404261837560011,-0.42058823529411765,0.3697478991596639,negligible,VICTIMS_LOWER,0.5294117647058824,0.5,117.0,0.9525209600525544,mannwhitneyu_two_sided,0.9960585779461091,0.9960585779461091,-0.01680672268907563,-0.017857142857142856,-0.07692307692307693,0.058823529411764705,0.6129032258064516,0.07563025210084033,-0.01680672268907563,0.955,999,subject,ankle,phase,right,RAnkleAngles,0.0007362109929360739,exploratory,310
RHEE_ax3_excursion__median,31,17,14,239.8844108581543,235.22672843933105,240.10494131200454,240.43303503308977,4.657682418823242,0.01980082131705767,-0.01680672268907563,0.22598224046628299,-0.38676470588235295,0.3949579831932773,negligible,VICTIMS_LOWER,0.47058823529411764,0.42857142857142855,117.0,0.9525209600525544,mannwhitneyu_two_sided,0.9960585779461091,0.9960585779461091,-0.01680672268907563,-0.02262443438914027,-0.08035714285714286,0.049773755656108594,0.5806451612903226,0.06658047834518423,-0.01680672268907563,0.943,999,subject,foot,spatial,right,RHEE,0.0006544097714987322,exploratory,311
RKneeAngles_ax3_std__median,31,17,14,4.526611957634742,4.323533388913919,4.856189172741371,5.860874736953251,0.20307856872082297,0.04697051010211736,-0.01680672268907563,0.09769906036911048,-0.4203781512605042,0.3865546218487395,negligible,VICTIMS_LOWER,0.4117647058823529,0.42857142857142855,117.0,0.9525209600525544,mannwhitneyu_two_sided,0.9960585779461091,0.9960585779461091,-0.01680672268907563,-0.026785714285714284,-0.09502262443438914,0.058823529411764705,0.6129032258064516,0.07821590174531351,-0.01680672268907563,0.947,999,subject,knee,kinematic,right,RKneeAngles,0.0006362317222904341,exploratory,312
RFootProgressAngles_ax1_tmin_pct__median,31,17,14,50.0,50.0,49.55882352941177,49.57142857142857,0.0,0.0,-0.01680672268907563,0.0,-0.3908613445378151,0.3406512605042014,negligible,VICTIMS_LOWER,0.47058823529411764,0.07142857142857142,117.0,0.9482738036039455,mannwhitneyu_two_sided,0.9960585779461091,0.9960585779461091,-0.01680672268907563,-0.008928571428571428,-0.09049773755656108,0.05429864253393665,0.5161290322580645,0.07369101486748546,-0.01680672268907563,0.949,999,subject,foot,kinematic,right,RFootProgressAngles,0.0006123132364900418,exploratory,313
LAnkleAngles_ax1_phase_30_40_rom__median,31,17,14,3.318669319152832,3.0158099830150604,3.627381138941821,3.6629773506096432,0.3028593361377716,0.1004238787733528,0.01680672268907563,0.18107384579103933,-0.41197478991596637,0.4287815126050418,negligible,VICTIMS_HIGHER,0.6470588235294118,0.6428571428571429,121.0,0.9525209600525544,mannwhitneyu_two_sided,0.9960585779461091,0.9960585779461091,0.01680672268907563,0.0,-0.049773755656108594,0.08597285067873303,0.3548387096774194,0.0691661279896574,0.01680672268907563,0.947,999,subject,ankle,phase,left,LAnkleAngles,0.0005209446207325436,exploratory,314
RAnkleAngles_ax1_phase_90_100_max__median,31,17,14,12.850042343139648,14.644407033920288,14.805839538574219,14.870801755360194,1.7943646907806396,-0.12252900965019753,0.01680672268907563,-0.19922412269420206,-0.39516806722689074,0.4369747899159664,negligible,VICTIMS_HIGHER,0.35294117647058826,0.42857142857142855,121.0,0.9525209600525544,mannwhitneyu_two_sided,0.9960585779461091,0.9960585779461091,0.01680672268907563,0.03571428571428571,-0.044642857142857144,0.08035714285714286,0.6451612903225806,0.06355042016806724,0.01680672268907563,0.955,999,subject,ankle,phase,right,RAnkleAngles,0.0005166392932884729,exploratory,315
var_stance_pct_sd,31,17,14,0.8352094575871658,0.8182479644161034,0.8458159564523126,0.8463317125562586,0.016961493171062436,0.02072903802842461,-0.01680672268907563,0.09537807443121818,-0.4369747899159664,0.42058823529411726,negligible,VICTIMS_LOWER,0.47058823529411764,0.42857142857142855,117.0,0.9525209600525544,mannwhitneyu_two_sided,0.9960585779461091,0.9960585779461091,-0.01680672268907563,-0.02262443438914027,-0.09502262443438914,0.058823529411764705,0.5806451612903226,0.07821590174531351,-0.01680672268907563,0.959,999,subject,gait_cycle,variability,none,stance_pct,0.0005166392932884729,exploratory,316
coord_left_hip_knee_ax1_corr__median,31,17,14,0.14876600494452985,0.18759283541845992,0.17094115853009986,0.17085579097309148,0.03882683047393007,-0.20697395178936212,0.01680672268907563,-0.37883226879859644,-0.40336134453781514,0.4789915966386555,negligible,VICTIMS_HIGHER,0.4117647058823529,0.35714285714285715,121.0,0.9525209600525544,mannwhitneyu_two_sided,0.9960585779461091,0.9960585779461091,0.01680672268907563,0.03167420814479638,-0.058823529411764705,0.08597285067873303,0.6129032258064516,0.07563025210084033,0.01680672268907563,0.953,999,subject,hip,coordination,left,LHipAngles|LKneeAngles,0.0005089853778323473,exploratory,317
mid_stance_pct__median,31,17,14,31.775700934579437,31.865384615384613,31.812776131529283,31.783876769911945,0.08968368080517664,-0.0028144546782553925,0.012605042016806723,-0.13544445871956773,-0.36134453781512604,0.4328781512605041,negligible,VICTIMS_HIGHER,0.4117647058823529,0.5,120.5,0.9683113661150504,mannwhitneyu_two_sided,0.9960585779461091,0.9960585779461091,0.012605042016806723,0.013392857142857142,-0.049773755656108594,0.07589285714285714,0.6129032258064516,0.06328781512605042,0.012605042016806723,0.967,999,subject,gait_cycle,temporal,ipsilateral,events,0.00047717379171782564,exploratory,318
LHipAngles_ax1_vel_rms__median,31,17,14,107.3853820835449,108.02150914836797,108.55538478036864,109.21500406313818,0.6361270648230715,-0.005888892590357615,-0.008403361344537815,-0.05152931448019757,-0.43718487394957983,0.42899159663865505,negligible,VICTIMS_LOWER,0.5294117647058824,0.5,118.0,0.9841653411945137,mannwhitneyu_two_sided,0.9960585779461091,0.9960585779461091,-0.008403361344537815,-0.008928571428571428,-0.06787330316742081,0.06787330316742081,0.5806451612903226,0.07627666451195862,-0.008403361344537815,0.984,999,subject,hip,kinematic,left,LHipAngles,0.00038747946996635466,exploratory,319
RKneeAngles_ax3_rom__median,31,17,14,18.038105964660645,18.481164932250977,19.98272904797512,21.92913133757455,0.44305896759033203,-0.023973541127657053,-0.008403361344537815,-0.07024849113530891,-0.428781512605042,0.40336134453781514,negligible,VICTIMS_LOWER,0.5882352941176471,0.5,118.0,0.9841653411945137,mannwhitneyu_two_sided,0.9960585779461091,0.9960585779461091,-0.008403361344537815,-0.008928571428571428,-0.08597285067873303,0.06787330316742081,0.5161290322580645,0.07756948933419522,-0.008403361344537815,0.984,999,subject,knee,kinematic,right,RKneeAngles,0.0003826957728062762,exploratory,320
RHipAngles_ax1_phase_70_80_rom__median,31,17,14,13.937704086303711,13.921650886535645,14.322617755216712,14.410218017441887,0.016053199768066406,0.0011531103529964463,0.008403361344537815,0.005560587711804778,-0.42857142857142855,0.42016806722689076,negligible,VICTIMS_HIGHER,0.5294117647058824,0.5,120.0,0.9841653411945137,mannwhitneyu_two_sided,0.9960585779461091,0.9960585779461091,0.008403361344537815,0.008928571428571428,-0.06787330316742081,0.08597285067873303,0.6129032258064516,0.07756948933419522,0.008403361344537815,0.994,999,subject,hip,phase,right,RHipAngles,0.00036810549646803696,exploratory,321
RAJC_ax3_excursion__median,31,17,14,159.44567108154297,159.19208908081055,158.19661353616152,159.8153988974435,0.2535820007324219,0.0015929309188454474,0.008403361344537815,0.011114743106894653,-0.3949579831932773,0.47058823529411764,negligible,VICTIMS_HIGHER,0.5294117647058824,0.5,120.0,0.9841653411945137,mannwhitneyu_two_sided,0.9960585779461091,0.9960585779461091,0.008403361344537815,0.008928571428571428,-0.058823529411764705,0.08597285067873303,0.5483870967741935,0.07756948933419522,0.008403361344537815,0.982,999,subject,ankle,spatial,right,RAJC,0.00034765519110870145,exploratory,322
sym_KneeAngles_ax1_max_si,31,17,14,-1.398686171961135,-2.06627354889402,-2.760410495369389,-3.018859505662491,0.6675873769328848,0.32308760729682345,0.008403361344537815,0.09593841753495351,-0.3953781512605042,0.42016806722689076,negligible,VICTIMS_HIGHER,0.5294117647058824,0.6428571428571429,120.0,0.9841653411945137,mannwhitneyu_two_sided,0.9960585779461091,0.9960585779461091,0.008403361344537815,0.004524886877828055,-0.06787330316742081,0.08597285067873303,0.5806451612903226,0.07756948933419522,0.008403361344537815,0.976,999,subject,knee,symmetry,bilateral,LKneeAngles|RKneeAngles,0.00032935754947140144,exploratory,323
LAnkleAngles_ax3_rom__median,31,17,14,28.498523473739624,28.25709891319275,28.50754368655822,28.90270699773516,0.241424560546875,0.008543855166750967,-0.008403361344537815,0.03962747609967163,-0.42016806722689076,0.42016806722689076,negligible,VICTIMS_LOWER,0.47058823529411764,0.5,118.0,0.9841653411945137,mannwhitneyu_two_sided,0.9960585779461091,0.9960585779461091,-0.008403361344537815,-0.008928571428571428,-0.07692307692307693,0.05357142857142857,0.5483870967741935,0.06851971557853911,-0.008403361344537815,0.987,999,subject,ankle,kinematic,left,LAnkleAngles,0.00032529140688533474,exploratory,324
RFootProgressAngles_ax3_min__median,31,17,14,-14.273764610290527,-13.69623589515686,-15.086203617208144,-14.28218868800572,0.577528715133667,-0.04216696613248955,0.008403361344537815,-0.07784778925697224,-0.3949579831932773,0.43718487394957967,negligible,VICTIMS_HIGHER,0.47058823529411764,0.42857142857142855,120.0,0.9841653411945137,mannwhitneyu_two_sided,0.9960585779461091,0.9960585779461091,0.008403361344537815,0.013574660633484163,-0.05357142857142857,0.07142857142857142,0.5483870967741935,0.06302521008403361,0.008403361344537815,0.984,999,subject,foot,kinematic,right,RFootProgressAngles,0.00032529140688533474,exploratory,325
RKneeAngles_ax3_tmin_pct__median,31,17,14,51.5,46.5,52.61764705882353,53.92857142857143,5.0,0.10752688172043011,-0.008403361344537815,0.39603960396039606,-0.41186974789915964,0.41186974789915953,negligible,VICTIMS_LOWER,0.4117647058823529,0.42857142857142855,118.0,0.9841124080861574,mannwhitneyu_two_sided,0.9960585779461091,0.9960585779461091,-0.008403361344537815,-0.02262443438914027,-0.06787330316742081,0.06787330316742081,0.6129032258064516,0.07627666451195862,-0.008403361344537815,0.979,999,subject,knee,kinematic,right,RKneeAngles,0.00031811586114521704,exploratory,326
LFootProgressAngles_ax1_peak_vel__median,31,17,14,535.9419072684229,518.4329539246856,528.6206584321772,525.9157219137279,17.50895334373729,0.03377284027025965,0.008403361344537815,0.29984875731090815,-0.4117647058823529,0.44537815126050423,negligible,VICTIMS_HIGHER,0.5882352941176471,0.5714285714285714,120.0,0.9841653411945137,mannwhitneyu_two_sided,0.9960585779461091,0.9960585779461091,0.008403361344537815,0.0,-0.058823529411764705,0.07142857142857142,0.41935483870967744,0.06722689075630252,0.008403361344537815,0.984,999,subject,foot,kinematic,left,LFootProgressAngles,0.00031094031540509945,exploratory,327
LASI_ax3_excursion__median,31,17,14,48.940155029296875,50.966766357421875,49.664173799402576,49.60894121442522,2.026611328125,-0.039763388438510995,0.008403361344537815,-0.2046544022361347,-0.38676470588235295,0.4369747899159664,negligible,VICTIMS_HIGHER,0.4117647058823529,0.42857142857142855,120.0,0.9841653411945137,mannwhitneyu_two_sided,0.9960585779461091,0.9960585779461091,0.008403361344537815,0.017857142857142856,-0.06787330316742081,0.07692307692307693,0.5806451612903226,0.07627666451195862,0.008403361344537815,0.983,999,subject,pelvis,spatial,left,LASI,0.00028630427503069535,exploratory,328
sym_AnkleAngles_ax1_max_absdiff,31,17,14,2.4390697479248047,3.2372984886169434,3.2300951340619255,3.508812734058925,0.7982287406921387,-0.24657248736836818,-0.008403361344537815,-0.2743338393288403,-0.44537815126050423,0.3951680672268906,negligible,VICTIMS_LOWER,0.5882352941176471,0.6428571428571429,118.0,0.9841653411945137,mannwhitneyu_two_sided,0.9960585779461091,0.9960585779461091,-0.008403361344537815,0.004524886877828055,-0.08597285067873303,0.06787330316742081,0.41935483870967744,0.07756948933419522,-0.008403361344537815,0.985,999,subject,ankle,symmetry,bilateral,LAnkleAngles|RAnkleAngles,0.0002642992680943345,exploratory,329
coord_left_knee_ankle_ax1_lag_pct__median,31,17,14,-6.0,-5.5,-5.352941176470588,-5.464285714285714,0.5,-0.09090909090909091,-0.008403361344537815,-0.5,-0.4161764705882353,0.3697478991596639,negligible,VICTIMS_LOWER,0.5294117647058824,0.5,118.0,0.9837815474238981,mannwhitneyu_two_sided,0.9960585779461091,0.9960585779461091,-0.008403361344537815,0.008928571428571428,-0.08597285067873303,0.05429864253393665,0.4838709677419355,0.07756948933419522,-0.008403361344537815,0.986,999,subject,knee,coordination,left,LKneeAngles|LAnkleAngles,0.00025831964664423644,exploratory,330
var_RKneeAngles_ax1_rom_sd,31,17,14,1.8066628637378046,1.7935133943400996,1.7996058789729668,1.9101831070730568,0.013149469397705005,0.007331681736641384,-0.008403361344537815,0.023749227486943057,-0.4203781512605042,0.4035714285714284,negligible,VICTIMS_LOWER,0.47058823529411764,0.5,118.0,0.9841653411945137,mannwhitneyu_two_sided,0.9960585779461091,0.9960585779461091,-0.008403361344537815,-0.008928571428571428,-0.07692307692307693,0.06787330316742081,0.5161290322580645,0.07627666451195862,-0.008403361344537815,0.981,999,subject,mixed,variability,none,RKneeAngles_ax1_rom,0.0002296174636837657,exploratory,331
LHipAngles_ax3_peak_acc__median,31,17,14,5511.934376578139,5475.879911463406,7096.7642002524235,7076.96984932677,36.05446511473292,0.006584232250830628,0.0,0.006595037270038728,-0.3949579831932773,0.44537815126050423,negligible,TIED,,,119.0,1.0,mannwhitneyu_two_sided,1.0,1.0,0.0,0.0,-0.07692307692307693,0.07692307692307693,0.06451612903225806,0.07692307692307693,0.0,1.0,999,subject,hip,kinematic,left,LHipAngles,0.0,exploratory,332
LHipAngles_ax1_phase_50_60_rom__median,31,17,14,2.637831300497055,2.3126277923583984,2.4898375860031914,2.5167122073471546,0.3252035081386566,0.14062077313661306,0.0,0.33535598142938755,-0.3865546218487395,0.4369747899159664,negligible,TIED,,,119.0,1.0,mannwhitneyu_two_sided,1.0,1.0,0.0,-0.013574660633484163,-0.07692307692307693,0.07692307692307693,0.0,0.07692307692307693,0.0,1.0,999,subject,hip,phase,left,LHipAngles,0.0,exploratory,333
sym_KneeAngles_ax1_max_absdiff,31,17,14,3.1287269592285156,2.1794586181640625,3.250390557681813,3.7251792635236467,0.9492683410644531,0.43555235834856093,0.0,0.24802621894634208,-0.428781512605042,0.44537815126050423,negligible,TIED,,,119.0,1.0,mannwhitneyu_two_sided,1.0,1.0,0.0,-0.013574660633484163,-0.06787330316742081,0.07692307692307693,0.03225806451612903,0.07692307692307693,0.0,1.0,999,subject,knee,symmetry,bilateral,LKneeAngles|RKneeAngles,0.0,exploratory,334
sym_KJC_path3d_si,31,17,14,-0.316250707166987,-0.3098892772449916,-0.057093724061739425,-0.02428104340600202,0.0063614299219953985,-0.02052807369958204,0.0,-0.004860806685356184,-0.43718487394957983,0.4119747899159662,negligible,TIED,,,119.0,1.0,mannwhitneyu_two_sided,1.0,1.0,0.0,0.0,-0.0625,0.06787330316742081,0.0967741935483871,0.06787330316742081,0.0,1.0,999,subject,knee,symmetry,bilateral,LKJC|RKJC,0.0,exploratory,335
