phenotype,feature,n_in,n_out,median_in,median_out,cliffs_delta,cliffs_magnitude,direction,family,anatomical_region,side,source_signal,abs_delta
1,RKneeAngles_ax1_tmin_pct__median,27,4,50.0,93.75,-1.0,large,LOWER_IN_PHENOTYPE,kinematic,knee,right,RKneeAngles,1.0
1,LASI_ax3_excursion__median,27,4,48.60888671875,56.727569580078125,-0.9074074074074074,large,LOWER_IN_PHENOTYPE,spatial,pelvis,left,LASI,0.9074074074074074
1,LPSI_ax3_excursion__median,27,4,46.6502685546875,57.60284423828125,-0.8333333333333334,large,LOWER_IN_PHENOTYPE,spatial,pelvis,left,LPSI,0.8333333333333334
1,LKneeAngles_ax1_tmin_pct__median,27,4,50.0,46.5,0.7777777777777778,large,HIGHER_IN_PHENOTYPE,kinematic,knee,left,LKneeAngles,0.7777777777777778
1,RHipAngles_ax3_rom__median,27,4,19.339293956756592,27.536627769470215,-0.7222222222222222,large,LOWER_IN_PHENOTYPE,kinematic,hip,right,RHipAngles,0.7222222222222222
1,LKneeAngles_ax2_tmin_pct__median,27,4,50.0,64.0,-0.6851851851851852,large,LOWER_IN_PHENOTYPE,kinematic,knee,left,LKneeAngles,0.6851851851851852
1,RFootProgressAngles_ax2_min__median,27,4,-3.0443007946014404,-7.103898882865906,0.6851851851851852,large,HIGHER_IN_PHENOTYPE,kinematic,foot,right,RFootProgressAngles,0.6851851851851852
1,RKneeAngles_ax1_phase_20_30_rom__median,27,4,6.045631408691406,7.369823455810547,-0.6851851851851852,large,LOWER_IN_PHENOTYPE,phase,knee,right,RKneeAngles,0.6851851851851852
1,RHEE_ax2_excursion__median,27,4,54.935516357421875,64.82096481323242,-0.6666666666666666,large,LOWER_IN_PHENOTYPE,spatial,foot,right,RHEE,0.6666666666666666
1,LHipAngles_ax1_rom__median,27,4,46.083396434783936,50.927505135536194,-0.6296296296296297,large,LOWER_IN_PHENOTYPE,kinematic,hip,left,LHipAngles,0.6296296296296297
1,LKneeAngles_ax1_peak_acc__median,27,4,6062.162126327045,5264.908033965732,0.6296296296296297,large,HIGHER_IN_PHENOTYPE,kinematic,knee,left,LKneeAngles,0.6296296296296297
1,sym_FootProgressAngles_ax1_max_si,27,4,-9.884498545198271,18.085666207424097,-0.6296296296296297,large,LOWER_IN_PHENOTYPE,symmetry,foot,bilateral,LFootProgressAngles|RFootProgressAngles,0.6296296296296297
1,cycle_duration_s__median,27,4,1.03,1.0950000000000002,-0.6203703703703703,large,LOWER_IN_PHENOTYPE,temporal,gait_cycle,ipsilateral,events,0.6203703703703703
1,sym_HEE_ax1_excursion_absdiff,27,4,7.0286865234375,14.822982788085938,-0.6111111111111112,large,LOWER_IN_PHENOTYPE,symmetry,foot,bilateral,LHEE|RHEE,0.6111111111111112
1,LKneeAngles_ax1_acc_rms__median,27,4,2458.0331514421778,2282.8625270631455,0.5925925925925926,large,HIGHER_IN_PHENOTYPE,kinematic,knee,left,LKneeAngles,0.5925925925925926
1,RKneeAngles_ax1_phase_90_100_mean__median,27,4,18.483737338672984,14.33312049779025,0.5925925925925926,large,HIGHER_IN_PHENOTYPE,phase,knee,right,RKneeAngles,0.5925925925925926
1,sym_AJC_path3d_si,27,4,-0.30539165942047064,0.8843952113395377,-0.5925925925925926,large,LOWER_IN_PHENOTYPE,symmetry,ankle,bilateral,LAJC|RAJC,0.5925925925925926
1,RHipAngles_ax3_tpeak_vel_pct__median,27,4,46.0,77.25,-0.5833333333333334,large,LOWER_IN_PHENOTYPE,kinematic,hip,right,RHipAngles,0.5833333333333334
1,LFootProgressAngles_ax3_tpeak_vel_pct__median,27,4,49.0,63.5,-0.5740740740740741,large,LOWER_IN_PHENOTYPE,kinematic,foot,left,LFootProgressAngles,0.5740740740740741
1,RFootProgressAngles_ax2_mean__median,27,4,1.711580257014473,0.8992736046349441,0.5740740740740741,large,HIGHER_IN_PHENOTYPE,kinematic,foot,right,RFootProgressAngles,0.5740740740740741
1,RHipAngles_ax1_phase_20_30_rom__median,27,4,13.74302864074707,17.637189388275146,-0.5740740740740741,large,LOWER_IN_PHENOTYPE,phase,hip,right,RHipAngles,0.5740740740740741
1,RKneeAngles_ax1_phase_70_80_rom__median,27,4,6.418025970458984,7.448378562927246,-0.5740740740740741,large,LOWER_IN_PHENOTYPE,phase,knee,right,RKneeAngles,0.5740740740740741
1,var_LHipAngles_ax1_rom_mad,27,4,1.297790765762329,1.7999616861343384,-0.5740740740740741,large,LOWER_IN_PHENOTYPE,variability,mixed,none,LHipAngles_ax1_rom,0.5740740740740741
1,LAnkleAngles_ax2_tmin_pct__median,27,4,51.0,57.0,-0.5555555555555556,large,LOWER_IN_PHENOTYPE,kinematic,ankle,left,LAnkleAngles,0.5555555555555556
1,RFootProgressAngles_ax2_rom__median,27,4,12.886872291564941,16.363983750343323,-0.5555555555555556,large,LOWER_IN_PHENOTYPE,kinematic,foot,right,RFootProgressAngles,0.5555555555555556
1,sym_ASI_ax1_excursion_absdiff,27,4,7.257403373718262,25.461849212646484,-0.5555555555555556,large,LOWER_IN_PHENOTYPE,symmetry,pelvis,bilateral,LASI|RASI,0.5555555555555556
1,sym_PSI_ax1_excursion_absdiff,27,4,6.8932342529296875,26.6854248046875,-0.5555555555555556,large,LOWER_IN_PHENOTYPE,symmetry,pelvis,bilateral,LPSI|RPSI,0.5555555555555556
1,LFootProgressAngles_ax2_tpeak_vel_pct__median,27,4,38.0,59.0,-0.5462962962962963,large,LOWER_IN_PHENOTYPE,kinematic,foot,left,LFootProgressAngles,0.5462962962962963
1,RHipAngles_ax1_rom__median,27,4,45.700711250305176,51.550225496292114,-0.5370370370370371,large,LOWER_IN_PHENOTYPE,kinematic,hip,right,RHipAngles,0.5370370370370371
1,LASI_ax2_excursion__median,27,4,54.51031494140625,63.87622833251953,-0.5370370370370371,large,LOWER_IN_PHENOTYPE,spatial,pelvis,left,LASI,0.5370370370370371
1,LKneeAngles_ax1_phase_40_50_mean__median,27,4,16.377349948883058,12.587239241600036,0.5370370370370371,large,HIGHER_IN_PHENOTYPE,phase,knee,left,LKneeAngles,0.5370370370370371
1,LFootProgressAngles_ax3_peak_vel__median,27,4,126.26247762655164,109.92419456621754,0.5185185185185185,large,HIGHER_IN_PHENOTYPE,kinematic,foot,left,LFootProgressAngles,0.5185185185185185
1,var_CentreOfMass_path3d_mad,27,4,33.880789931301024,67.21352177683707,-0.5185185185185185,large,LOWER_IN_PHENOTYPE,variability,mixed,none,CentreOfMass_path3d,0.5185185185185185
1,opposite_foot_off_pct__median,27,4,15.178571428571427,15.937996379889917,-0.5,large,LOWER_IN_PHENOTYPE,temporal,gait_cycle,ipsilateral,events,0.5
1,LHipAngles_ax1_phase_70_80_rom__median,27,4,14.42274284362793,16.807856559753418,-0.5,large,LOWER_IN_PHENOTYPE,phase,hip,left,LHipAngles,0.5
1,RKneeAngles_ax1_tpeak_vel_pct__median,27,4,66.0,42.0,0.49074074074074076,large,HIGHER_IN_PHENOTYPE,kinematic,knee,right,RKneeAngles,0.49074074074074076
1,RKneeAngles_ax1_phase_90_100_rom__median,27,4,17.46446943283081,4.308483749628067,0.48148148148148145,large,HIGHER_IN_PHENOTYPE,phase,knee,right,RKneeAngles,0.48148148148148145
1,RHipAngles_ax2_min__median,27,4,-7.59039306640625,-5.561169624328613,-0.48148148148148145,large,LOWER_IN_PHENOTYPE,kinematic,hip,right,RHipAngles,0.48148148148148145
1,RHipAngles_ax2_max__median,27,4,8.550296783447266,10.946595668792725,-0.48148148148148145,large,LOWER_IN_PHENOTYPE,kinematic,hip,right,RHipAngles,0.48148148148148145
1,LKneeAngles_ax1_vel_rms__median,27,4,193.31213943043576,187.04742423679141,0.48148148148148145,large,HIGHER_IN_PHENOTYPE,kinematic,knee,left,LKneeAngles,0.48148148148148145
1,RTOE_ax3_excursion__median,27,4,113.14590454101562,117.22932052612305,-0.48148148148148145,large,LOWER_IN_PHENOTYPE,spatial,foot,right,RTOE,0.48148148148148145
1,var_LHipAngles_ax1_rom_sd,27,4,2.0717203851638906,2.673316953514796,-0.48148148148148145,large,LOWER_IN_PHENOTYPE,variability,mixed,none,LHipAngles_ax1_rom,0.48148148148148145
1,LFootProgressAngles_ax3_tmax_pct__median,27,4,36.0,58.5,-0.4722222222222222,medium,LOWER_IN_PHENOTYPE,kinematic,foot,left,LFootProgressAngles,0.4722222222222222
1,LFootProgressAngles_ax3_acc_rms__median,27,4,951.1121741945361,819.6990771005978,0.46296296296296297,medium,HIGHER_IN_PHENOTYPE,kinematic,foot,left,LFootProgressAngles,0.46296296296296297
1,LHipAngles_ax1_phase_40_50_rom__median,27,4,5.245563343167305,7.263430833816528,-0.46296296296296297,medium,LOWER_IN_PHENOTYPE,phase,hip,left,LHipAngles,0.46296296296296297
1,LAnkleAngles_ax1_phase_70_80_min__median,27,4,0.08893059194087982,-8.035527467727661,0.46296296296296297,medium,HIGHER_IN_PHENOTYPE,phase,ankle,left,LAnkleAngles,0.46296296296296297
1,var_RHipAngles_ax1_rom_mad,27,4,1.2240440845489502,1.9232993125915527,-0.46296296296296297,medium,LOWER_IN_PHENOTYPE,variability,mixed,none,RHipAngles_ax1_rom,0.46296296296296297
1,var_CentreOfMass_path3d_sd,27,4,51.31374754702984,83.50003488420955,-0.46296296296296297,medium,LOWER_IN_PHENOTYPE,variability,mixed,none,CentreOfMass_path3d,0.46296296296296297
1,LAnkleAngles_ax3_rom__median,27,4,27.901694774627686,31.82202970981598,-0.4444444444444444,medium,LOWER_IN_PHENOTYPE,kinematic,ankle,left,LAnkleAngles,0.4444444444444444
1,LAnkleAngles_ax1_phase_0_10_min__median,27,4,3.9909510612487793,0.32136258482933044,0.4444444444444444,medium,HIGHER_IN_PHENOTYPE,phase,ankle,left,LAnkleAngles,0.4444444444444444
1,RAnkleAngles_ax1_phase_20_30_min__median,27,4,-1.0714093446731567,-8.012019157409668,0.4444444444444444,medium,HIGHER_IN_PHENOTYPE,phase,ankle,right,RAnkleAngles,0.4444444444444444
1,sym_HipAngles_ax1_rom_absdiff,27,4,1.6688411235809326,1.0128822326660156,0.4444444444444444,medium,HIGHER_IN_PHENOTYPE,symmetry,hip,bilateral,LHipAngles|RHipAngles,0.4444444444444444
1,LHipAngles_ax2_tpeak_vel_pct__median,27,4,27.5,60.0,-0.4351851851851852,medium,LOWER_IN_PHENOTYPE,kinematic,hip,left,LHipAngles,0.4351851851851852
1,LFootProgressAngles_ax3_tmin_pct__median,27,4,51.0,73.5,-0.4351851851851852,medium,LOWER_IN_PHENOTYPE,kinematic,foot,left,LFootProgressAngles,0.4351851851851852
1,RHipAngles_ax1_tmax_pct__median,27,4,43.0,48.0,-0.42592592592592593,medium,LOWER_IN_PHENOTYPE,kinematic,hip,right,RHipAngles,0.42592592592592593
1,RHipAngles_ax2_mean__median,27,4,1.1259860052625732,2.8381627767028674,-0.42592592592592593,medium,LOWER_IN_PHENOTYPE,kinematic,hip,right,RHipAngles,0.42592592592592593
1,LAnkleAngles_ax3_peak_vel__median,27,4,306.42192069472907,368.972364783157,-0.42592592592592593,medium,LOWER_IN_PHENOTYPE,kinematic,ankle,left,LAnkleAngles,0.42592592592592593
1,RAJC_ax2_excursion__median,27,4,56.416412353515625,66.52879333496094,-0.42592592592592593,medium,LOWER_IN_PHENOTYPE,spatial,ankle,right,RAJC,0.42592592592592593
1,LKneeAngles_ax1_phase_80_90_rom__median,27,4,13.30472183227539,25.21314811706543,-0.42592592592592593,medium,LOWER_IN_PHENOTYPE,phase,knee,left,LKneeAngles,0.42592592592592593
1,sym_KJC_path3d_absdiff,27,4,8.482534959441182,21.619541410794568,-0.42592592592592593,medium,LOWER_IN_PHENOTYPE,symmetry,knee,bilateral,LKJC|RKJC,0.42592592592592593
1,sym_TOE_path3d_si,27,4,-0.0195526551262684,0.8494723379699052,-0.42592592592592593,medium,LOWER_IN_PHENOTYPE,symmetry,foot,bilateral,LTOE|RTOE,0.42592592592592593
1,var_LKneeAngles_ax1_tmax_pct_sd,27,4,25.19477069925891,25.577978176979954,-0.42592592592592593,medium,LOWER_IN_PHENOTYPE,variability,mixed,none,LKneeAngles_ax1_tmax_pct,0.42592592592592593
1,LHipAngles_ax3_rom__median,27,4,18.402953624725342,27.082680225372314,-0.4074074074074074,medium,LOWER_IN_PHENOTYPE,kinematic,hip,left,LHipAngles,0.4074074074074074
1,LKneeAngles_ax2_tpeak_vel_pct__median,27,4,45.0,66.0,-0.4074074074074074,medium,LOWER_IN_PHENOTYPE,kinematic,knee,left,LKneeAngles,0.4074074074074074
1,LFootProgressAngles_ax2_median__median,27,4,2.444300413131714,3.6650874614715576,-0.4074074074074074,medium,LOWER_IN_PHENOTYPE,kinematic,foot,left,LFootProgressAngles,0.4074074074074074
1,RFootProgressAngles_ax1_median__median,27,4,-84.03380584716797,-85.28315734863281,0.4074074074074074,medium,HIGHER_IN_PHENOTYPE,kinematic,foot,right,RFootProgressAngles,0.4074074074074074
1,LASI_path3d__median,27,4,1407.0418758839924,1458.61950906428,-0.4074074074074074,medium,LOWER_IN_PHENOTYPE,spatial,pelvis,left,LASI,0.4074074074074074
1,RHipAngles_ax1_phase_90_100_rom__median,27,4,5.455069541931152,7.192080438137054,-0.4074074074074074,medium,LOWER_IN_PHENOTYPE,phase,hip,right,RHipAngles,0.4074074074074074
1,RAnkleAngles_ax1_phase_90_100_rom__median,27,4,2.9972782135009766,4.419088840484619,-0.4074074074074074,medium,LOWER_IN_PHENOTYPE,phase,ankle,right,RAnkleAngles,0.4074074074074074
1,sym_KneeAngles_ax1_tmax_pct_absdiff,27,4,0.5,0.0,0.4074074074074074,medium,HIGHER_IN_PHENOTYPE,symmetry,knee,bilateral,LKneeAngles|RKneeAngles,0.4074074074074074
1,sym_FootProgressAngles_ax1_tmax_pct_absdiff,27,4,1.0,0.25,0.4074074074074074,medium,HIGHER_IN_PHENOTYPE,symmetry,foot,bilateral,LFootProgressAngles|RFootProgressAngles,0.4074074074074074
1,LAnkleAngles_ax2_tmax_pct__median,27,4,49.5,60.5,-0.39814814814814814,medium,LOWER_IN_PHENOTYPE,kinematic,ankle,left,LAnkleAngles,0.39814814814814814
1,sym_AnkleAngles_ax1_tmax_pct_si,27,4,0.0,-0.970873786407767,0.39814814814814814,medium,HIGHER_IN_PHENOTYPE,symmetry,ankle,bilateral,LAnkleAngles|RAnkleAngles,0.39814814814814814
1,LKneeAngles_ax1_peak_vel__median,27,4,421.25395190859064,403.29553534904403,0.3888888888888889,medium,HIGHER_IN_PHENOTYPE,kinematic,knee,left,LKneeAngles,0.3888888888888889
1,RKneeAngles_ax3_tpeak_vel_pct__median,27,4,47.0,59.0,-0.3888888888888889,medium,LOWER_IN_PHENOTYPE,kinematic,knee,right,RKneeAngles,0.3888888888888889
1,LFootProgressAngles_ax1_tmin_pct__median,27,4,50.0,50.0,0.3888888888888889,medium,HIGHER_IN_PHENOTYPE,kinematic,foot,left,LFootProgressAngles,0.3888888888888889
1,LKneeAngles_ax1_phase_60_70_rom__median,27,4,14.03290319442749,28.854801177978516,-0.3888888888888889,medium,LOWER_IN_PHENOTYPE,phase,knee,left,LKneeAngles,0.3888888888888889
1,RAnkleAngles_ax1_phase_50_60_min__median,27,4,5.245344638824463,1.069824367761612,0.3888888888888889,medium,HIGHER_IN_PHENOTYPE,phase,ankle,right,RAnkleAngles,0.3888888888888889
1,sym_AnkleAngles_ax1_tmax_pct_absdiff,27,4,1.5,0.5,0.3888888888888889,medium,HIGHER_IN_PHENOTYPE,symmetry,ankle,bilateral,LAnkleAngles|RAnkleAngles,0.3888888888888889
1,sym_FootProgressAngles_ax1_rom_si,27,4,-0.15394928152894077,1.329606252081424,-0.3888888888888889,medium,LOWER_IN_PHENOTYPE,symmetry,foot,bilateral,LFootProgressAngles|RFootProgressAngles,0.3888888888888889
1,RFootProgressAngles_ax2_tmin_pct__median,27,4,50.0,72.5,-0.37962962962962965,medium,LOWER_IN_PHENOTYPE,kinematic,foot,right,RFootProgressAngles,0.37962962962962965
1,RKneeAngles_ax2_peak_acc__median,27,4,3282.360104646662,4680.0995605168955,-0.37037037037037035,medium,LOWER_IN_PHENOTYPE,kinematic,knee,right,RKneeAngles,0.37037037037037035
1,RFootProgressAngles_ax2_median__median,27,4,1.1494675874710083,0.7194945737719536,0.37037037037037035,medium,HIGHER_IN_PHENOTYPE,kinematic,foot,right,RFootProgressAngles,0.37037037037037035
1,LHipAngles_ax1_phase_30_40_rom__median,27,4,9.207647562026978,9.84495735168457,-0.37037037037037035,medium,LOWER_IN_PHENOTYPE,phase,hip,left,LHipAngles,0.37037037037037035
1,RHipAngles_ax1_phase_80_90_rom__median,27,4,8.75838851928711,9.098306000232697,-0.37037037037037035,medium,LOWER_IN_PHENOTYPE,phase,hip,right,RHipAngles,0.37037037037037035
1,LAnkleAngles_ax1_phase_50_60_rom__median,27,4,10.372661471366882,8.974851131439209,0.37037037037037035,medium,HIGHER_IN_PHENOTYPE,phase,ankle,left,LAnkleAngles,0.37037037037037035
1,LAnkleAngles_ax1_phase_90_100_rom__median,27,4,3.029794216156006,4.252154886722565,-0.37037037037037035,medium,LOWER_IN_PHENOTYPE,phase,ankle,left,LAnkleAngles,0.37037037037037035
1,RAnkleAngles_ax1_phase_60_70_rom__median,27,4,10.61592298746109,8.01480582356453,0.37037037037037035,medium,HIGHER_IN_PHENOTYPE,phase,ankle,right,RAnkleAngles,0.37037037037037035
1,sym_KJC_ax1_excursion_si,27,4,-0.017878278505354474,0.9084188471824926,-0.37037037037037035,medium,LOWER_IN_PHENOTYPE,symmetry,knee,bilateral,LKJC|RKJC,0.37037037037037035
1,sym_HEE_path3d_si,27,4,-0.01932358610723561,0.5083350108004104,-0.37037037037037035,medium,LOWER_IN_PHENOTYPE,symmetry,foot,bilateral,LHEE|RHEE,0.37037037037037035
1,var_cycle_duration_s_mad,27,4,0.020000000000000018,0.025000000000000022,-0.37037037037037035,medium,LOWER_IN_PHENOTYPE,variability,gait_cycle,none,cycle_duration_s,0.37037037037037035
1,var_stance_pct_sd,27,4,0.815281006849209,0.8659800703390393,-0.37037037037037035,medium,LOWER_IN_PHENOTYPE,variability,gait_cycle,none,stance_pct,0.37037037037037035
1,RFootProgressAngles_ax3_tpeak_vel_pct__median,27,4,47.0,37.25,0.3611111111111111,medium,HIGHER_IN_PHENOTYPE,kinematic,foot,right,RFootProgressAngles,0.3611111111111111
1,RKneeAngles_ax1_peak_acc__median,27,4,6761.475280743266,5562.640579553648,0.35185185185185186,medium,HIGHER_IN_PHENOTYPE,kinematic,knee,right,RKneeAngles,0.35185185185185186
1,LKneeAngles_ax3_tpeak_vel_pct__median,27,4,54.0,44.5,0.35185185185185186,medium,HIGHER_IN_PHENOTYPE,kinematic,knee,left,LKneeAngles,0.35185185185185186
1,LFootProgressAngles_ax2_tmax_pct__median,27,4,55.0,63.0,-0.35185185185185186,medium,LOWER_IN_PHENOTYPE,kinematic,foot,left,LFootProgressAngles,0.35185185185185186
1,LHipAngles_ax1_phase_90_100_rom__median,27,4,5.377084255218506,3.371366500854492,0.35185185185185186,medium,HIGHER_IN_PHENOTYPE,phase,hip,left,LHipAngles,0.35185185185185186
1,coord_left_knee_ankle_ax1_lag_pct__median,27,4,-6.0,-4.5,-0.3425925925925926,medium,LOWER_IN_PHENOTYPE,coordination,knee,left,LKneeAngles|LAnkleAngles,0.3425925925925926
1,LFootProgressAngles_ax2_mean__median,27,4,3.232014710360234,3.9957400541568155,-0.3333333333333333,medium,LOWER_IN_PHENOTYPE,kinematic,foot,left,LFootProgressAngles,0.3333333333333333
1,LFootProgressAngles_ax3_peak_acc__median,27,4,2751.0320847012986,2166.032073083252,0.3333333333333333,medium,HIGHER_IN_PHENOTYPE,kinematic,foot,left,LFootProgressAngles,0.3333333333333333
1,RAnkleAngles_ax1_phase_10_20_rom__median,27,4,9.989776611328125,15.051938623189926,-0.3333333333333333,medium,LOWER_IN_PHENOTYPE,phase,ankle,right,RAnkleAngles,0.3333333333333333
1,sym_AbsAnkleAngle_ax1_rom_absdiff,27,4,2.715359687805176,3.536403179168701,-0.3333333333333333,medium,LOWER_IN_PHENOTYPE,symmetry,ankle,bilateral,LAbsAnkleAngle|RAbsAnkleAngle,0.3333333333333333
1,sym_AbsAnkleAngle_ax1_tmax_pct_absdiff,27,4,1.0,0.5,0.3333333333333333,medium,HIGHER_IN_PHENOTYPE,symmetry,ankle,bilateral,LAbsAnkleAngle|RAbsAnkleAngle,0.3333333333333333
1,sym_TOE_path3d_absdiff,27,4,9.769525125264636,14.734243124184559,-0.3333333333333333,medium,LOWER_IN_PHENOTYPE,symmetry,foot,bilateral,LTOE|RTOE,0.3333333333333333
1,LKneeAngles_ax2_peak_acc__median,27,4,3634.3869413099555,4528.767241802796,-0.3148148148148148,small,LOWER_IN_PHENOTYPE,kinematic,knee,left,LKneeAngles,0.3148148148148148
1,LAnkleAngles_ax1_peak_acc__median,27,4,9442.633916239158,8121.518906368423,0.3148148148148148,small,HIGHER_IN_PHENOTYPE,kinematic,ankle,left,LAnkleAngles,0.3148148148148148
1,LAnkleAngles_ax3_peak_acc__median,27,4,7930.387558990619,9714.963572671426,-0.3148148148148148,small,LOWER_IN_PHENOTYPE,kinematic,ankle,left,LAnkleAngles,0.3148148148148148
1,LKJC_ax2_excursion__median,27,4,55.743896484375,44.52803039550781,0.3148148148148148,small,HIGHER_IN_PHENOTYPE,spatial,knee,left,LKJC,0.3148148148148148
1,RKJC_ax2_excursion__median,27,4,54.55643844604492,49.5855598449707,0.3148148148148148,small,HIGHER_IN_PHENOTYPE,spatial,knee,right,RKJC,0.3148148148148148
1,coord_left_knee_ankle_ax1_corr__median,27,4,-0.6666344706009106,-0.7183925019363748,0.3148148148148148,small,HIGHER_IN_PHENOTYPE,coordination,knee,left,LKneeAngles|LAnkleAngles,0.3148148148148148
1,sym_KneeAngles_ax1_rom_absdiff,27,4,1.715639591217041,0.4563932418823242,0.3148148148148148,small,HIGHER_IN_PHENOTYPE,symmetry,knee,bilateral,LKneeAngles|RKneeAngles,0.3148148148148148
1,sym_KJC_ax1_excursion_absdiff,27,4,10.057319641113281,18.165634155273438,-0.3148148148148148,small,LOWER_IN_PHENOTYPE,symmetry,knee,bilateral,LKJC|RKJC,0.3148148148148148
1,sym_AJC_ax1_excursion_absdiff,27,4,7.740699768066406,12.022281646728516,-0.3148148148148148,small,LOWER_IN_PHENOTYPE,symmetry,ankle,bilateral,LAJC|RAJC,0.3148148148148148
1,var_RKneeAngles_ax1_rom_mad,27,4,1.0714788436889648,1.5653420686721802,-0.3148148148148148,small,LOWER_IN_PHENOTYPE,variability,mixed,none,RKneeAngles_ax1_rom,0.3148148148148148
1,LHipAngles_ax3_peak_acc__median,27,4,5372.188933399948,8372.305250341577,-0.2962962962962963,small,LOWER_IN_PHENOTYPE,kinematic,hip,left,LHipAngles,0.2962962962962963
1,RAbsAnkleAngle_ax1_peak_acc__median,27,4,7696.458185124263,6264.819455022903,0.2962962962962963,small,HIGHER_IN_PHENOTYPE,kinematic,ankle,right,RAbsAnkleAngle,0.2962962962962963
1,RFootProgressAngles_ax1_acc_rms__median,27,4,3320.8477931393954,3080.3151150912627,0.2962962962962963,small,HIGHER_IN_PHENOTYPE,kinematic,foot,right,RFootProgressAngles,0.2962962962962963
1,RHipAngles_ax1_phase_30_40_rom__median,27,4,8.458364963531494,9.284828186035156,-0.2962962962962963,small,LOWER_IN_PHENOTYPE,phase,hip,right,RHipAngles,0.2962962962962963
1,RHipAngles_ax1_phase_40_50_rom__median,27,4,5.501885160803795,3.092151641845703,0.2962962962962963,small,HIGHER_IN_PHENOTYPE,phase,hip,right,RHipAngles,0.2962962962962963
1,LKneeAngles_ax1_phase_70_80_rom__median,27,4,6.11650276184082,6.5041117668151855,-0.2962962962962963,small,LOWER_IN_PHENOTYPE,phase,knee,left,LKneeAngles,0.2962962962962963
1,RKneeAngles_ax1_phase_50_60_min__median,27,4,13.693439483642578,11.006268501281738,0.2962962962962963,small,HIGHER_IN_PHENOTYPE,phase,knee,right,RKneeAngles,0.2962962962962963
1,LAnkleAngles_ax1_phase_60_70_rom__median,27,4,9.71796989440918,13.663756310939789,-0.2962962962962963,small,LOWER_IN_PHENOTYPE,phase,ankle,left,LAnkleAngles,0.2962962962962963
1,RAnkleAngles_ax1_phase_90_100_max__median,27,4,13.434653759002686,16.43335199356079,-0.2962962962962963,small,LOWER_IN_PHENOTYPE,phase,ankle,right,RAnkleAngles,0.2962962962962963
1,RAnkleAngles_ax1_phase_10_20_mean__median,27,4,0.11347454190254211,1.6852173209190369,-0.2962962962962963,small,LOWER_IN_PHENOTYPE,phase,ankle,right,RAnkleAngles,0.2962962962962963
1,RAnkleAngles_ax1_phase_40_50_rom__median,27,4,2.717207431793213,4.367608070373535,-0.2962962962962963,small,LOWER_IN_PHENOTYPE,phase,ankle,right,RAnkleAngles,0.2962962962962963
1,coord_left_hip_knee_ax1_corr__median,27,4,0.16727588319418307,0.22374331908073536,-0.2962962962962963,small,LOWER_IN_PHENOTYPE,coordination,hip,left,LHipAngles|LKneeAngles,0.2962962962962963
1,sym_KJC_path3d_si,27,4,-0.34972859627127545,0.7586456234571028,-0.2962962962962963,small,LOWER_IN_PHENOTYPE,symmetry,knee,bilateral,LKJC|RKJC,0.2962962962962963
1,LHipAngles_ax3_tmin_pct__median,27,4,50.0,49.5,0.28703703703703703,small,HIGHER_IN_PHENOTYPE,kinematic,hip,left,LHipAngles,0.28703703703703703
1,sym_HipAngles_ax1_tmax_pct_si,27,4,-1.1173184357541899,39.02019767941555,-0.28703703703703703,small,LOWER_IN_PHENOTYPE,symmetry,hip,bilateral,LHipAngles|RHipAngles,0.28703703703703703
1,LHipAngles_ax2_peak_vel__median,27,4,88.3019141504365,97.62400347532463,-0.2777777777777778,small,LOWER_IN_PHENOTYPE,kinematic,hip,left,LHipAngles,0.2777777777777778
1,LHipAngles_ax2_peak_acc__median,27,4,1733.3410887123055,1452.672652437713,0.2777777777777778,small,HIGHER_IN_PHENOTYPE,kinematic,hip,left,LHipAngles,0.2777777777777778
1,mid_stance_pct__median,27,4,31.73076923076923,31.907267943017878,-0.2777777777777778,small,LOWER_IN_PHENOTYPE,temporal,gait_cycle,ipsilateral,events,0.2777777777777778
1,LHEE_ax2_excursion__median,27,4,57.523193359375,60.267730712890625,-0.2777777777777778,small,LOWER_IN_PHENOTYPE,spatial,foot,left,LHEE,0.2777777777777778
1,LHipAngles_ax1_phase_80_90_rom__median,27,4,8.735376834869385,9.723626494407654,-0.2777777777777778,small,LOWER_IN_PHENOTYPE,phase,hip,left,LHipAngles,0.2777777777777778
1,sym_AbsAnkleAngle_ax1_rom_si,27,4,-0.8761796251791412,6.804978378751791,-0.2777777777777778,small,LOWER_IN_PHENOTYPE,symmetry,ankle,bilateral,LAbsAnkleAngle|RAbsAnkleAngle,0.2777777777777778
1,var_RKneeAngles_ax1_tmax_pct_cv,27,4,0.5001241179088065,0.50988629992396,-0.2777777777777778,small,LOWER_IN_PHENOTYPE,variability,mixed,none,RKneeAngles_ax1_tmax_pct,0.2777777777777778
1,LHipAngles_ax1_tmin_pct__median,27,4,53.5,54.5,-0.25925925925925924,small,LOWER_IN_PHENOTYPE,kinematic,hip,left,LHipAngles,0.25925925925925924
1,LKneeAngles_ax3_tmin_pct__median,27,4,54.0,51.0,0.25925925925925924,small,HIGHER_IN_PHENOTYPE,kinematic,knee,left,LKneeAngles,0.25925925925925924
1,RKneeAngles_ax3_rom__median,27,4,18.038105964660645,17.444139301776886,0.25925925925925924,small,HIGHER_IN_PHENOTYPE,kinematic,knee,right,RKneeAngles,0.25925925925925924
1,LFootProgressAngles_ax1_max__median,27,4,-15.378725051879883,-14.22773790359497,-0.25925925925925924,small,LOWER_IN_PHENOTYPE,kinematic,foot,left,LFootProgressAngles,0.25925925925925924
1,RHipAngles_ax1_phase_0_10_rom__median,27,4,2.5305862426757812,2.7160844802856445,-0.25925925925925924,small,LOWER_IN_PHENOTYPE,phase,hip,right,RHipAngles,0.25925925925925924
1,LKneeAngles_ax1_phase_50_60_rom__median,27,4,10.78540900349617,12.53648591041565,-0.25925925925925924,small,LOWER_IN_PHENOTYPE,phase,knee,left,LKneeAngles,0.25925925925925924
1,RKneeAngles_ax1_msjerk__median,27,4,2453407993.119476,2062765001.6900668,0.25925925925925924,small,HIGHER_IN_PHENOTYPE,smoothness,knee,right,RKneeAngles,0.25925925925925924
1,sym_KneeAngles_ax1_max_absdiff,27,4,2.65460205078125,1.3217277526855469,0.25925925925925924,small,HIGHER_IN_PHENOTYPE,symmetry,knee,bilateral,LKneeAngles|RKneeAngles,0.25925925925925924
1,RKneeAngles_ax3_tmin_pct__median,27,4,51.5,48.0,0.25,small,HIGHER_IN_PHENOTYPE,kinematic,knee,right,RKneeAngles,0.25
1,RAbsAnkleAngle_ax1_tmax_pct__median,27,4,50.0,49.0,0.25,small,HIGHER_IN_PHENOTYPE,kinematic,ankle,right,RAbsAnkleAngle,0.25
1,LAJC_ax2_excursion__median,27,4,56.304107666015625,61.292755126953125,-0.24074074074074073,small,LOWER_IN_PHENOTYPE,spatial,ankle,left,LAJC,0.24074074074074073
1,CentreOfMass_ax2_excursion__median,27,4,44.552940368652344,46.320556640625,-0.24074074074074073,small,LOWER_IN_PHENOTYPE,spatial,whole_body,none,CentreOfMass,0.24074074074074073
1,RKneeAngles_ax1_phase_0_10_rom__median,27,4,12.357471704483032,12.269978284835815,-0.24074074074074073,small,LOWER_IN_PHENOTYPE,phase,knee,right,RKneeAngles,0.24074074074074073
1,LAnkleAngles_ax1_phase_10_20_max__median,27,4,6.926864147186279,4.708056092262268,0.24074074074074073,small,HIGHER_IN_PHENOTYPE,phase,ankle,left,LAnkleAngles,0.24074074074074073
1,var_stance_pct_mad,27,4,0.6168831168831161,0.6391225194505239,-0.24074074074074073,small,LOWER_IN_PHENOTYPE,variability,gait_cycle,none,stance_pct,0.24074074074074073
1,var_RHipAngles_ax1_rom_sd,27,4,1.9083680102113358,2.3396109303735435,-0.24074074074074073,small,LOWER_IN_PHENOTYPE,variability,mixed,none,RHipAngles_ax1_rom,0.24074074074074073
1,LHipAngles_ax3_mean__median,27,4,-5.895473557238532,-11.015078854083203,0.2222222222222222,small,HIGHER_IN_PHENOTYPE,kinematic,hip,left,LHipAngles,0.2222222222222222
1,RHipAngles_ax1_peak_vel__median,27,4,216.1818605102638,205.61549787595288,0.2222222222222222,small,HIGHER_IN_PHENOTYPE,kinematic,hip,right,RHipAngles,0.2222222222222222
1,RKneeAngles_ax3_peak_vel__median,27,4,246.0774143644256,228.00784014264428,0.2222222222222222,small,HIGHER_IN_PHENOTYPE,kinematic,knee,right,RKneeAngles,0.2222222222222222
1,LAbsAnkleAngle_ax1_mean__median,27,4,5.851054582855489,5.403390528763285,0.2222222222222222,small,HIGHER_IN_PHENOTYPE,kinematic,ankle,left,LAbsAnkleAngle,0.2222222222222222
1,RAnkleAngles_ax3_peak_acc__median,27,4,8118.404502364374,8869.899585067675,-0.2222222222222222,small,LOWER_IN_PHENOTYPE,kinematic,ankle,right,RAnkleAngles,0.2222222222222222
1,LFootProgressAngles_ax1_peak_vel__median,27,4,521.9199212363095,539.9495791084357,-0.2222222222222222,small,LOWER_IN_PHENOTYPE,kinematic,foot,left,LFootProgressAngles,0.2222222222222222
1,LFootProgressAngles_ax3_rom__median,27,4,13.769503682851791,12.785669982433319,0.2222222222222222,small,HIGHER_IN_PHENOTYPE,kinematic,foot,left,LFootProgressAngles,0.2222222222222222
1,RFootProgressAngles_ax2_tpeak_vel_pct__median,27,4,53.0,36.0,0.2222222222222222,small,HIGHER_IN_PHENOTYPE,kinematic,foot,right,RFootProgressAngles,0.2222222222222222
1,RFootProgressAngles_ax3_rom__median,27,4,14.067898154258728,14.638151407241821,-0.2222222222222222,small,LOWER_IN_PHENOTYPE,kinematic,foot,right,RFootProgressAngles,0.2222222222222222
1,RTOE_ax2_excursion__median,27,4,62.34161376953125,77.7153549194336,-0.2222222222222222,small,LOWER_IN_PHENOTYPE,spatial,foot,right,RTOE,0.2222222222222222
1,LHipAngles_ax1_phase_50_60_rom__median,27,4,2.3299617767333984,2.632030874490738,-0.2222222222222222,small,LOWER_IN_PHENOTYPE,phase,hip,left,LHipAngles,0.2222222222222222
1,RAnkleAngles_ax1_phase_30_40_rom__median,27,4,3.6319851875305176,3.9858875274658203,-0.2222222222222222,small,LOWER_IN_PHENOTYPE,phase,ankle,right,RAnkleAngles,0.2222222222222222
1,coord_right_hip_knee_ax1_corr__median,27,4,0.12524601889699186,0.17639308850905472,-0.2222222222222222,small,LOWER_IN_PHENOTYPE,coordination,hip,right,RHipAngles|RKneeAngles,0.2222222222222222
1,sym_ASI_path3d_si,27,4,0.056262686611840855,0.8490516447749976,-0.2222222222222222,small,LOWER_IN_PHENOTYPE,symmetry,pelvis,bilateral,LASI|RASI,0.2222222222222222
1,sym_HEE_path3d_absdiff,27,4,10.037832246843209,11.977399271757463,-0.2222222222222222,small,LOWER_IN_PHENOTYPE,symmetry,foot,bilateral,LHEE|RHEE,0.2222222222222222
1,var_LKneeAngles_ax1_tmax_pct_mad,27,4,3.0,2.0,0.2222222222222222,small,HIGHER_IN_PHENOTYPE,variability,mixed,none,LKneeAngles_ax1_tmax_pct,0.2222222222222222
1,RHipAngles_ax2_tpeak_vel_pct__median,27,4,55.0,43.0,-0.21296296296296297,small,LOWER_IN_PHENOTYPE,kinematic,hip,right,RHipAngles,0.21296296296296297
1,RFootProgressAngles_ax3_tmin_pct__median,27,4,52.0,44.5,0.21296296296296297,small,HIGHER_IN_PHENOTYPE,kinematic,foot,right,RFootProgressAngles,0.21296296296296297
1,sym_AbsAnkleAngle_ax1_tmax_pct_si,27,4,0.0,-0.970873786407767,0.21296296296296297,small,HIGHER_IN_PHENOTYPE,symmetry,ankle,bilateral,LAbsAnkleAngle|RAbsAnkleAngle,0.21296296296296297
1,RHipAngles_ax1_tmin_pct__median,27,4,54.0,32.0,0.2037037037037037,small,HIGHER_IN_PHENOTYPE,kinematic,hip,right,RHipAngles,0.2037037037037037
1,RHipAngles_ax3_min__median,27,4,-26.7708797454834,-31.264509201049805,0.2037037037037037,small,HIGHER_IN_PHENOTYPE,kinematic,hip,right,RHipAngles,0.2037037037037037
1,RKneeAngles_ax1_median__median,27,4,24.710152626037598,22.008903980255127,0.2037037037037037,small,HIGHER_IN_PHENOTYPE,kinematic,knee,right,RKneeAngles,0.2037037037037037
1,LAnkleAngles_ax2_rom__median,27,4,6.0464454889297485,6.875598430633545,-0.2037037037037037,small,LOWER_IN_PHENOTYPE,kinematic,ankle,left,LAnkleAngles,0.2037037037037037
1,LFootProgressAngles_ax1_rom__median,27,4,103.04450607299805,106.50719022750854,-0.2037037037037037,small,LOWER_IN_PHENOTYPE,kinematic,foot,left,LFootProgressAngles,0.2037037037037037
1,RFootProgressAngles_ax3_median__median,27,4,-4.0551347732543945,-5.866329491138458,0.2037037037037037,small,HIGHER_IN_PHENOTYPE,kinematic,foot,right,RFootProgressAngles,0.2037037037037037
1,RFootProgressAngles_ax3_peak_acc__median,27,4,2799.9795958604573,3603.683059969897,-0.2037037037037037,small,LOWER_IN_PHENOTYPE,kinematic,foot,right,RFootProgressAngles,0.2037037037037037
1,LKneeAngles_ax1_phase_20_30_rom__median,27,4,6.414131164550781,7.262488842010498,-0.2037037037037037,small,LOWER_IN_PHENOTYPE,phase,knee,left,LKneeAngles,0.2037037037037037
1,RAnkleAngles_ax1_phase_20_30_rom__median,27,4,6.2460421323776245,9.465441226959229,-0.2037037037037037,small,LOWER_IN_PHENOTYPE,phase,ankle,right,RAnkleAngles,0.2037037037037037
1,sym_AbsAnkleAngle_ax1_max_absdiff,27,4,2.195340633392334,2.2073898315429688,-0.2037037037037037,small,LOWER_IN_PHENOTYPE,symmetry,ankle,bilateral,LAbsAnkleAngle|RAbsAnkleAngle,0.2037037037037037
1,var_RAnkleAngles_ax1_rom_sd,27,4,2.0224210690557793,2.0377119203475633,0.2037037037037037,small,HIGHER_IN_PHENOTYPE,variability,mixed,none,RAnkleAngles_ax1_rom,0.2037037037037037
1,RKneeAngles_ax3_tmax_pct__median,27,4,49.0,42.0,0.19444444444444445,small,HIGHER_IN_PHENOTYPE,kinematic,knee,right,RKneeAngles,0.19444444444444445
1,RAnkleAngles_ax1_max__median,27,4,18.75582218170166,20.19154453277588,-0.18518518518518517,small,LOWER_IN_PHENOTYPE,kinematic,ankle,right,RAnkleAngles,0.18518518518518517
1,RAnkleAngles_ax3_peak_vel__median,27,4,328.51564275609957,367.21228207348986,-0.18518518518518517,small,LOWER_IN_PHENOTYPE,kinematic,ankle,right,RAnkleAngles,0.18518518518518517
1,LFootProgressAngles_ax1_min__median,27,4,-117.5862808227539,-117.31998062133789,-0.18518518518518517,small,LOWER_IN_PHENOTYPE,kinematic,foot,left,LFootProgressAngles,0.18518518518518517
1,RFootProgressAngles_ax1_mean__median,27,4,-74.75010950730578,-75.32091605309212,0.18518518518518517,small,HIGHER_IN_PHENOTYPE,kinematic,foot,right,RFootProgressAngles,0.18518518518518517
1,RFootProgressAngles_ax1_tmin_pct__median,27,4,50.0,50.0,-0.18518518518518517,small,LOWER_IN_PHENOTYPE,kinematic,foot,right,RFootProgressAngles,0.18518518518518517
1,RFootProgressAngles_ax3_tmax_pct__median,27,4,51.0,36.5,0.18518518518518517,small,HIGHER_IN_PHENOTYPE,kinematic,foot,right,RFootProgressAngles,0.18518518518518517
1,RHEE_ax3_excursion__median,27,4,235.91311645507812,245.63488674163818,-0.18518518518518517,small,LOWER_IN_PHENOTYPE,spatial,foot,right,RHEE,0.18518518518518517
1,LAnkleAngles_ax1_phase_40_50_rom__median,27,4,2.613642454147339,3.5695137977600098,-0.18518518518518517,small,LOWER_IN_PHENOTYPE,phase,ankle,left,LAnkleAngles,0.18518518518518517
1,sym_AnkleAngles_ax1_rom_absdiff,27,4,2.3970022201538086,3.9798110723495483,-0.18518518518518517,small,LOWER_IN_PHENOTYPE,symmetry,ankle,bilateral,LAnkleAngles|RAnkleAngles,0.18518518518518517
1,RKneeAngles_ax2_tmin_pct__median,27,4,50.0,43.0,0.17592592592592593,small,HIGHER_IN_PHENOTYPE,kinematic,knee,right,RKneeAngles,0.17592592592592593
1,RHipAngles_ax1_vel_rms__median,27,4,105.9432852454537,112.7568232459644,-0.16666666666666666,small,LOWER_IN_PHENOTYPE,kinematic,hip,right,RHipAngles,0.16666666666666666
1,RHipAngles_ax3_peak_acc__median,27,4,6905.493061373025,7604.66871457432,-0.16666666666666666,small,LOWER_IN_PHENOTYPE,kinematic,hip,right,RHipAngles,0.16666666666666666
1,LKneeAngles_ax1_median__median,27,4,23.398656845092773,21.352099418640137,0.16666666666666666,small,HIGHER_IN_PHENOTYPE,kinematic,knee,left,LKneeAngles,0.16666666666666666
1,LKneeAngles_ax3_peak_vel__median,27,4,232.50863858249576,268.75914484543244,-0.16666666666666666,small,LOWER_IN_PHENOTYPE,kinematic,knee,left,LKneeAngles,0.16666666666666666
1,RKneeAngles_ax1_std__median,27,4,20.14268626327599,20.469790859938357,-0.16666666666666666,small,LOWER_IN_PHENOTYPE,kinematic,knee,right,RKneeAngles,0.16666666666666666
1,RAnkleAngles_ax2_rom__median,27,4,6.313891768455505,7.273505628108978,-0.16666666666666666,small,LOWER_IN_PHENOTYPE,kinematic,ankle,right,RAnkleAngles,0.16666666666666666
1,LFootProgressAngles_ax1_median__median,27,4,-85.22943878173828,-86.12463760375977,0.16666666666666666,small,HIGHER_IN_PHENOTYPE,kinematic,foot,left,LFootProgressAngles,0.16666666666666666
1,LFootProgressAngles_ax3_min__median,27,4,-12.51360273361206,-9.36681616306305,-0.16666666666666666,small,LOWER_IN_PHENOTYPE,kinematic,foot,left,LFootProgressAngles,0.16666666666666666
1,RFootProgressAngles_ax1_min__median,27,4,-117.5531005859375,-118.99632263183594,0.16666666666666666,small,HIGHER_IN_PHENOTYPE,kinematic,foot,right,RFootProgressAngles,0.16666666666666666
1,RFootProgressAngles_ax1_rom__median,27,4,101.91355752944946,104.46303510665894,-0.16666666666666666,small,LOWER_IN_PHENOTYPE,kinematic,foot,right,RFootProgressAngles,0.16666666666666666
1,RFootProgressAngles_ax2_max__median,27,4,7.7871620655059814,11.126366138458252,-0.16666666666666666,small,LOWER_IN_PHENOTYPE,kinematic,foot,right,RFootProgressAngles,0.16666666666666666
1,LKneeAngles_ax1_phase_10_20_mean__median,27,4,31.95909023284912,30.633601808547972,0.16666666666666666,small,HIGHER_IN_PHENOTYPE,phase,knee,left,LKneeAngles,0.16666666666666666
1,LAnkleAngles_ax1_phase_30_40_rom__median,27,4,3.2598700523376465,3.0312967002391815,0.16666666666666666,small,HIGHER_IN_PHENOTYPE,phase,ankle,left,LAnkleAngles,0.16666666666666666
1,RAnkleAngles_ax1_phase_60_70_max__median,27,4,7.970399379730225,7.780064344406128,0.16666666666666666,small,HIGHER_IN_PHENOTYPE,phase,ankle,right,RAnkleAngles,0.16666666666666666
1,coord_right_knee_ankle_ax1_lag_pct__median,27,4,-5.0,-4.25,-0.16666666666666666,small,LOWER_IN_PHENOTYPE,coordination,knee,right,RKneeAngles|RAnkleAngles,0.16666666666666666
1,sym_HipAngles_ax1_max_absdiff,27,4,2.4513301849365234,2.599285125732422,-0.16666666666666666,small,LOWER_IN_PHENOTYPE,symmetry,hip,bilateral,LHipAngles|RHipAngles,0.16666666666666666
1,sym_HipAngles_ax1_tmax_pct_absdiff,27,4,2.5,3.25,-0.16666666666666666,small,LOWER_IN_PHENOTYPE,symmetry,hip,bilateral,LHipAngles|RHipAngles,0.16666666666666666
1,sym_FootProgressAngles_ax1_rom_absdiff,27,4,2.0321264266967773,1.3978989124298096,0.16666666666666666,small,HIGHER_IN_PHENOTYPE,symmetry,foot,bilateral,LFootProgressAngles|RFootProgressAngles,0.16666666666666666
1,var_LAnkleAngles_ax1_rom_mad,27,4,1.5618176460266113,1.1676554679870605,0.16666666666666666,small,HIGHER_IN_PHENOTYPE,variability,mixed,none,LAnkleAngles_ax1_rom,0.16666666666666666
1,LHipAngles_ax2_max__median,27,4,8.135395050048828,6.637102365493774,0.14814814814814814,small,HIGHER_IN_PHENOTYPE,kinematic,hip,left,LHipAngles,0.14814814814814814
1,RHipAngles_ax2_peak_vel__median,27,4,88.21631238531324,87.28355150321174,0.14814814814814814,small,HIGHER_IN_PHENOTYPE,kinematic,hip,right,RHipAngles,0.14814814814814814
1,LAnkleAngles_ax1_tmax_pct__median,27,4,50.5,51.25,-0.14814814814814814,small,LOWER_IN_PHENOTYPE,kinematic,ankle,left,LAnkleAngles,0.14814814814814814
1,RHipAngles_ax1_phase_50_60_rom__median,27,4,2.610210657119751,2.3066844940185547,0.14814814814814814,small,HIGHER_IN_PHENOTYPE,phase,hip,right,RHipAngles,0.14814814814814814
1,LAnkleAngles_ax1_phase_10_20_mean__median,27,4,1.936595267802477,-0.34547800989821553,0.14814814814814814,small,HIGHER_IN_PHENOTYPE,phase,ankle,left,LAnkleAngles,0.14814814814814814
1,LAnkleAngles_ax1_phase_10_20_min__median,27,4,-3.877302408218384,-5.200841546058655,0.14814814814814814,small,HIGHER_IN_PHENOTYPE,phase,ankle,left,LAnkleAngles,0.14814814814814814
1,LAnkleAngles_ax1_phase_50_60_max__median,27,4,14.155278205871582,13.864713668823242,-0.14814814814814814,small,LOWER_IN_PHENOTYPE,phase,ankle,left,LAnkleAngles,0.14814814814814814
1,RAnkleAngles_ax1_phase_50_60_rom__median,27,4,8.417227268218994,9.18552976846695,-0.14814814814814814,small,LOWER_IN_PHENOTYPE,phase,ankle,right,RAnkleAngles,0.14814814814814814
1,var_LKneeAngles_ax1_tmax_pct_cv,27,4,0.4893900486755438,0.48972631807193684,0.14814814814814814,small,HIGHER_IN_PHENOTYPE,variability,mixed,none,LKneeAngles_ax1_tmax_pct,0.14814814814814814
1,LKneeAngles_ax1_rom__median,27,4,63.61022067070007,63.32807660102844,0.12962962962962962,negligible,HIGHER_IN_PHENOTYPE,kinematic,knee,left,LKneeAngles,0.12962962962962962
1,LKneeAngles_ax3_rom__median,27,4,18.85239887237549,18.554417669773102,0.12962962962962962,negligible,HIGHER_IN_PHENOTYPE,kinematic,knee,left,LKneeAngles,0.12962962962962962
1,RAnkleAngles_ax1_peak_vel__median,27,4,343.76611032906146,336.0540683869067,0.12962962962962962,negligible,HIGHER_IN_PHENOTYPE,kinematic,ankle,right,RAnkleAngles,0.12962962962962962
1,LTOE_ax3_excursion__median,27,4,108.89958190917969,110.36937713623047,-0.12962962962962962,negligible,LOWER_IN_PHENOTYPE,spatial,foot,left,LTOE,0.12962962962962962
1,RAnkleAngles_ax1_phase_80_90_min__median,27,4,7.921721458435059,6.500909090042114,0.12962962962962962,negligible,HIGHER_IN_PHENOTYPE,phase,ankle,right,RAnkleAngles,0.12962962962962962
1,sym_KneeAngles_ax1_max_si,27,4,-2.4132923708607916,0.2694852514040562,-0.12962962962962962,negligible,LOWER_IN_PHENOTYPE,symmetry,knee,bilateral,LKneeAngles|RKneeAngles,0.12962962962962962
1,sym_KneeAngles_ax1_tmax_pct_si,27,4,0.0,0.0,0.12962962962962962,negligible,HIGHER_IN_PHENOTYPE,symmetry,knee,bilateral,LKneeAngles|RKneeAngles,0.12962962962962962
1,sym_AnkleAngles_ax1_max_si,27,4,-2.1315070306207256,-2.606762362735861,0.12962962962962962,negligible,HIGHER_IN_PHENOTYPE,symmetry,ankle,bilateral,LAnkleAngles|RAnkleAngles,0.12962962962962962
1,var_LKneeAngles_ax1_rom_mad,27,4,1.0968468189239502,1.1129209995269775,0.12962962962962962,negligible,HIGHER_IN_PHENOTYPE,variability,mixed,none,LKneeAngles_ax1_rom,0.12962962962962962
1,var_RKneeAngles_ax1_tmax_pct_sd,27,4,25.48061102998785,25.50190315155369,0.12962962962962962,negligible,HIGHER_IN_PHENOTYPE,variability,mixed,none,RKneeAngles_ax1_tmax_pct,0.12962962962962962
1,RHipAngles_ax1_peak_acc__median,27,4,2213.147229623857,2298.6651348188916,-0.1111111111111111,negligible,LOWER_IN_PHENOTYPE,kinematic,hip,right,RHipAngles,0.1111111111111111
1,LHipAngles_ax2_min__median,27,4,-8.364709854125977,-8.321333527565002,0.1111111111111111,negligible,HIGHER_IN_PHENOTYPE,kinematic,hip,left,LHipAngles,0.1111111111111111
1,RKneeAngles_ax2_rom__median,27,4,16.322220265865326,13.435487508773804,0.1111111111111111,negligible,HIGHER_IN_PHENOTYPE,kinematic,knee,right,RKneeAngles,0.1111111111111111
1,RAnkleAngles_ax1_median__median,27,4,8.616094589233398,8.85179853439331,0.1111111111111111,negligible,HIGHER_IN_PHENOTYPE,kinematic,ankle,right,RAnkleAngles,0.1111111111111111
1,RAnkleAngles_ax3_rom__median,27,4,30.897772073745728,32.267194509506226,-0.1111111111111111,negligible,LOWER_IN_PHENOTYPE,kinematic,ankle,right,RAnkleAngles,0.1111111111111111
1,LFootProgressAngles_ax2_rom__median,27,4,14.40348196029663,15.50665819644928,-0.1111111111111111,negligible,LOWER_IN_PHENOTYPE,kinematic,foot,left,LFootProgressAngles,0.1111111111111111
1,RHipAngles_ax1_phase_60_70_rom__median,27,4,10.745813369750977,10.34073543548584,0.1111111111111111,negligible,HIGHER_IN_PHENOTYPE,phase,hip,right,RHipAngles,0.1111111111111111
1,LKneeAngles_ax1_phase_30_40_rom__median,27,4,15.85001277923584,9.732372760772705,0.1111111111111111,negligible,HIGHER_IN_PHENOTYPE,phase,knee,left,LKneeAngles,0.1111111111111111
1,LAnkleAngles_ax1_phase_10_20_rom__median,27,4,9.86390545964241,10.528532518073916,-0.1111111111111111,negligible,LOWER_IN_PHENOTYPE,phase,ankle,left,LAnkleAngles,0.1111111111111111
1,sym_FootProgressAngles_ax1_max_absdiff,27,4,2.852534294128418,2.3603404760360718,0.1111111111111111,negligible,HIGHER_IN_PHENOTYPE,symmetry,foot,bilateral,LFootProgressAngles|RFootProgressAngles,0.1111111111111111
1,sym_AJC_path3d_absdiff,27,4,9.401172474443229,13.481380969510496,-0.1111111111111111,negligible,LOWER_IN_PHENOTYPE,symmetry,ankle,bilateral,LAJC|RAJC,0.1111111111111111
1,var_RKneeAngles_ax1_rom_sd,27,4,1.7660533289724403,1.9796039262077385,-0.1111111111111111,negligible,LOWER_IN_PHENOTYPE,variability,mixed,none,RKneeAngles_ax1_rom,0.1111111111111111
1,LKneeAngles_ax3_tmax_pct__median,27,4,47.0,53.0,-0.10185185185185185,negligible,LOWER_IN_PHENOTYPE,kinematic,knee,left,LKneeAngles,0.10185185185185185
1,LHipAngles_ax1_vel_rms__median,27,4,106.66611310080873,111.92938145305448,-0.09259259259259259,negligible,LOWER_IN_PHENOTYPE,kinematic,hip,left,LHipAngles,0.09259259259259259
1,LHipAngles_ax3_tmax_pct__median,27,4,46.0,54.75,-0.09259259259259259,negligible,LOWER_IN_PHENOTYPE,kinematic,hip,left,LHipAngles,0.09259259259259259
1,LKneeAngles_ax3_max__median,27,4,-0.9855008721351624,0.8858403563499451,-0.09259259259259259,negligible,LOWER_IN_PHENOTYPE,kinematic,knee,left,LKneeAngles,0.09259259259259259
1,LKneeAngles_ax3_peak_acc__median,27,4,6882.197589523746,9299.851879361788,-0.09259259259259259,negligible,LOWER_IN_PHENOTYPE,kinematic,knee,left,LKneeAngles,0.09259259259259259
1,LAnkleAngles_ax1_rom__median,27,4,33.617746353149414,32.71734380722046,-0.09259259259259259,negligible,LOWER_IN_PHENOTYPE,kinematic,ankle,left,LAnkleAngles,0.09259259259259259
1,LAnkleAngles_ax1_peak_vel__median,27,4,376.99007271970476,358.2419753426019,0.09259259259259259,negligible,HIGHER_IN_PHENOTYPE,kinematic,ankle,left,LAnkleAngles,0.09259259259259259
1,RAnkleAngles_ax1_mean__median,27,4,8.045921871936557,7.243654666450059,0.09259259259259259,negligible,HIGHER_IN_PHENOTYPE,kinematic,ankle,right,RAnkleAngles,0.09259259259259259
1,LFootProgressAngles_ax2_tmin_pct__median,27,4,51.0,50.5,-0.09259259259259259,negligible,LOWER_IN_PHENOTYPE,kinematic,foot,left,LFootProgressAngles,0.09259259259259259
1,LFootProgressAngles_ax2_peak_acc__median,27,4,4492.404838819893,4846.965869693808,-0.09259259259259259,negligible,LOWER_IN_PHENOTYPE,kinematic,foot,left,LFootProgressAngles,0.09259259259259259
1,LFootProgressAngles_ax3_mean__median,27,4,-3.957991383010798,-1.8189870686198832,-0.09259259259259259,negligible,LOWER_IN_PHENOTYPE,kinematic,foot,left,LFootProgressAngles,0.09259259259259259
1,RKJC_ax3_excursion__median,27,4,95.31486511230469,97.69718933105469,-0.09259259259259259,negligible,LOWER_IN_PHENOTYPE,spatial,knee,right,RKJC,0.09259259259259259
1,LAnkleAngles_ax1_phase_80_90_rom__median,27,4,3.349358558654785,3.349952220916748,-0.09259259259259259,negligible,LOWER_IN_PHENOTYPE,phase,ankle,left,LAnkleAngles,0.09259259259259259
1,COM_msjerk__median,27,4,52610805.02162788,95182927.60015157,-0.09259259259259259,negligible,LOWER_IN_PHENOTYPE,smoothness,whole_body,none,CentreOfMass,0.09259259259259259
1,sym_KneeAngles_ax1_rom_si,27,4,-0.05170087916689072,0.20416642167673732,0.09259259259259259,negligible,HIGHER_IN_PHENOTYPE,symmetry,knee,bilateral,LKneeAngles|RKneeAngles,0.09259259259259259
1,var_RAnkleAngles_ax1_rom_mad,27,4,1.2495012283325195,1.4081001281738281,-0.09259259259259259,negligible,LOWER_IN_PHENOTYPE,variability,mixed,none,RAnkleAngles_ax1_rom,0.09259259259259259
1,RHipAngles_ax3_tmax_pct__median,27,4,52.0,52.75,0.08333333333333333,negligible,HIGHER_IN_PHENOTYPE,kinematic,hip,right,RHipAngles,0.08333333333333333
1,LAnkleAngles_ax2_tpeak_vel_pct__median,27,4,43.0,45.5,-0.08333333333333333,negligible,LOWER_IN_PHENOTYPE,kinematic,ankle,left,LAnkleAngles,0.08333333333333333
1,RHipAngles_ax1_median__median,27,4,26.77942657470703,27.58154010772705,-0.07407407407407407,negligible,LOWER_IN_PHENOTYPE,kinematic,hip,right,RHipAngles,0.07407407407407407
1,LHipAngles_ax2_tmin_pct__median,27,4,36.0,43.5,-0.07407407407407407,negligible,LOWER_IN_PHENOTYPE,kinematic,hip,left,LHipAngles,0.07407407407407407
1,LKneeAngles_ax1_max__median,27,4,71.35272979736328,72.43791198730469,0.07407407407407407,negligible,HIGHER_IN_PHENOTYPE,kinematic,knee,left,LKneeAngles,0.07407407407407407
1,RKneeAngles_ax1_min__median,27,4,9.484312057495117,9.261657953262329,0.07407407407407407,negligible,HIGHER_IN_PHENOTYPE,kinematic,knee,right,RKneeAngles,0.07407407407407407
1,RKneeAngles_ax1_max__median,27,4,73.56836700439453,72.79460906982422,0.07407407407407407,negligible,HIGHER_IN_PHENOTYPE,kinematic,knee,right,RKneeAngles,0.07407407407407407
1,RKneeAngles_ax2_peak_vel__median,27,4,133.62038388315864,146.47013546680682,-0.07407407407407407,negligible,LOWER_IN_PHENOTYPE,kinematic,knee,right,RKneeAngles,0.07407407407407407
1,RKneeAngles_ax2_tpeak_vel_pct__median,27,4,51.5,44.5,0.07407407407407407,negligible,HIGHER_IN_PHENOTYPE,kinematic,knee,right,RKneeAngles,0.07407407407407407
1,RKneeAngles_ax3_max__median,27,4,5.109008312225342,1.3800521492958069,0.07407407407407407,negligible,HIGHER_IN_PHENOTYPE,kinematic,knee,right,RKneeAngles,0.07407407407407407
1,LAnkleAngles_ax1_max__median,27,4,17.636372566223145,17.047234535217285,0.07407407407407407,negligible,HIGHER_IN_PHENOTYPE,kinematic,ankle,left,LAnkleAngles,0.07407407407407407
1,RAnkleAngles_ax2_tmin_pct__median,27,4,51.0,51.5,-0.07407407407407407,negligible,LOWER_IN_PHENOTYPE,kinematic,ankle,right,RAnkleAngles,0.07407407407407407
1,RAnkleAngles_ax2_peak_acc__median,27,4,1834.6509786063873,2051.0166560077573,-0.07407407407407407,negligible,LOWER_IN_PHENOTYPE,kinematic,ankle,right,RAnkleAngles,0.07407407407407407
1,RFootProgressAngles_ax3_min__median,27,4,-14.207793712615967,-14.227353811264038,0.07407407407407407,negligible,HIGHER_IN_PHENOTYPE,kinematic,foot,right,RFootProgressAngles,0.07407407407407407
1,LKneeAngles_ax1_phase_0_10_rom__median,27,4,11.291387557983398,10.526671171188354,0.07407407407407407,negligible,HIGHER_IN_PHENOTYPE,phase,knee,left,LKneeAngles,0.07407407407407407
1,sym_AnkleAngles_ax1_max_absdiff,27,4,2.886136531829834,2.5361013412475586,-0.07407407407407407,negligible,LOWER_IN_PHENOTYPE,symmetry,ankle,bilateral,LAnkleAngles|RAnkleAngles,0.07407407407407407
1,sym_AbsAnkleAngle_ax1_max_si,27,4,-6.158338682580621,-2.725155020813756,0.07407407407407407,negligible,HIGHER_IN_PHENOTYPE,symmetry,ankle,bilateral,LAbsAnkleAngle|RAbsAnkleAngle,0.07407407407407407
1,var_cycle_duration_s_cv,27,4,0.03290637555156494,0.030616998488805915,-0.07407407407407407,negligible,LOWER_IN_PHENOTYPE,variability,gait_cycle,none,cycle_duration_s,0.07407407407407407
1,RFootProgressAngles_ax2_tmax_pct__median,27,4,56.0,53.75,0.06481481481481481,negligible,HIGHER_IN_PHENOTYPE,kinematic,foot,right,RFootProgressAngles,0.06481481481481481
1,sym_FootProgressAngles_ax1_tmax_pct_si,27,4,0.0,-0.35842293906810035,-0.06481481481481481,negligible,LOWER_IN_PHENOTYPE,symmetry,foot,bilateral,LFootProgressAngles|RFootProgressAngles,0.06481481481481481
1,RKneeAngles_ax3_std__median,27,4,4.477142835742847,4.416073917340174,0.05555555555555555,negligible,HIGHER_IN_PHENOTYPE,kinematic,knee,right,RKneeAngles,0.05555555555555555
1,RAnkleAngles_ax3_max__median,27,4,24.779563903808594,26.938434600830078,-0.05555555555555555,negligible,LOWER_IN_PHENOTYPE,kinematic,ankle,right,RAnkleAngles,0.05555555555555555
1,LFootProgressAngles_ax1_mean__median,27,4,-75.09052274722865,-74.97439276581943,-0.05555555555555555,negligible,LOWER_IN_PHENOTYPE,kinematic,foot,left,LFootProgressAngles,0.05555555555555555
1,LFootProgressAngles_ax2_min__median,27,4,-1.549383282661438,-1.957190215587616,-0.05555555555555555,negligible,LOWER_IN_PHENOTYPE,kinematic,foot,left,LFootProgressAngles,0.05555555555555555
1,RFootProgressAngles_ax1_max__median,27,4,-14.95202350616455,-15.749537467956543,0.05555555555555555,negligible,HIGHER_IN_PHENOTYPE,kinematic,foot,right,RFootProgressAngles,0.05555555555555555
1,LKJC_ax3_excursion__median,27,4,89.8695068359375,83.76634216308594,0.05555555555555555,negligible,HIGHER_IN_PHENOTYPE,spatial,knee,left,LKJC,0.05555555555555555
1,LTOE_ax2_excursion__median,27,4,65.51589965820312,66.97720336914062,-0.05555555555555555,negligible,LOWER_IN_PHENOTYPE,spatial,foot,left,LTOE,0.05555555555555555
1,LHipAngles_ax1_phase_0_10_rom__median,27,4,2.5257644653320312,2.5792675018310547,0.05555555555555555,negligible,HIGHER_IN_PHENOTYPE,phase,hip,left,LHipAngles,0.05555555555555555
1,RHipAngles_ax1_phase_70_80_rom__median,27,4,14.123552799224854,13.083294868469238,0.05555555555555555,negligible,HIGHER_IN_PHENOTYPE,phase,hip,right,RHipAngles,0.05555555555555555
1,LAnkleAngles_ax1_phase_60_70_min__median,27,4,-5.4220662117004395,-8.47313404083252,0.05555555555555555,negligible,HIGHER_IN_PHENOTYPE,phase,ankle,left,LAnkleAngles,0.05555555555555555
1,LAnkleAngles_ax1_phase_60_70_max__median,27,4,6.972733497619629,5.429996609687805,-0.05555555555555555,negligible,LOWER_IN_PHENOTYPE,phase,ankle,left,LAnkleAngles,0.05555555555555555
1,var_LKneeAngles_ax1_rom_sd,27,4,1.6581434942649511,2.048603002398649,-0.05555555555555555,negligible,LOWER_IN_PHENOTYPE,variability,mixed,none,LKneeAngles_ax1_rom,0.05555555555555555
1,var_LAnkleAngles_ax1_rom_cv,27,4,0.06824253183503672,0.06314437268322308,0.05555555555555555,negligible,HIGHER_IN_PHENOTYPE,variability,mixed,none,LAnkleAngles_ax1_rom,0.05555555555555555
1,RKneeAngles_ax2_tmax_pct__median,27,4,51.0,59.0,-0.046296296296296294,negligible,LOWER_IN_PHENOTYPE,kinematic,knee,right,RKneeAngles,0.046296296296296294
1,RAnkleAngles_ax2_tmax_pct__median,27,4,37.5,35.75,0.046296296296296294,negligible,HIGHER_IN_PHENOTYPE,kinematic,ankle,right,RAnkleAngles,0.046296296296296294
1,RHipAngles_ax2_rom__median,27,4,15.971790313720703,16.559940099716187,-0.037037037037037035,negligible,LOWER_IN_PHENOTYPE,kinematic,hip,right,RHipAngles,0.037037037037037035
1,RKneeAngles_ax1_rom__median,27,4,63.601412773132324,62.990256547927856,0.037037037037037035,negligible,HIGHER_IN_PHENOTYPE,kinematic,knee,right,RKneeAngles,0.037037037037037035
1,RKneeAngles_ax3_peak_acc__median,27,4,8012.53631388869,7808.88190088344,0.037037037037037035,negligible,HIGHER_IN_PHENOTYPE,kinematic,knee,right,RKneeAngles,0.037037037037037035
1,LAnkleAngles_ax3_min__median,27,4,-0.9455469846725464,-4.104976058006287,0.037037037037037035,negligible,HIGHER_IN_PHENOTYPE,kinematic,ankle,left,LAnkleAngles,0.037037037037037035
1,RAnkleAngles_ax1_min__median,27,4,-14.311639308929443,-12.888804912567139,-0.037037037037037035,negligible,LOWER_IN_PHENOTYPE,kinematic,ankle,right,RAnkleAngles,0.037037037037037035
1,LFootProgressAngles_ax1_std__median,27,4,28.928925678621876,28.689631258759093,0.037037037037037035,negligible,HIGHER_IN_PHENOTYPE,kinematic,foot,left,LFootProgressAngles,0.037037037037037035
1,RFootProgressAngles_ax1_std__median,27,4,28.92061763798796,28.881889517121778,0.037037037037037035,negligible,HIGHER_IN_PHENOTYPE,kinematic,foot,right,RFootProgressAngles,0.037037037037037035
1,RKneeAngles_ax1_phase_10_20_min__median,27,4,27.75389862060547,25.270540237426758,0.037037037037037035,negligible,HIGHER_IN_PHENOTYPE,phase,knee,right,RKneeAngles,0.037037037037037035
1,RKneeAngles_ax1_phase_40_50_mean__median,27,4,18.287748622894288,16.695038378238678,0.037037037037037035,negligible,HIGHER_IN_PHENOTYPE,phase,knee,right,RKneeAngles,0.037037037037037035
1,LAnkleAngles_ax1_phase_0_10_rom__median,27,4,9.715598940849304,9.852774739265442,-0.037037037037037035,negligible,LOWER_IN_PHENOTYPE,phase,ankle,left,LAnkleAngles,0.037037037037037035
1,RAnkleAngles_ax1_phase_10_20_max__median,27,4,7.4651360511779785,7.7431700229644775,0.037037037037037035,negligible,HIGHER_IN_PHENOTYPE,phase,ankle,right,RAnkleAngles,0.037037037037037035
1,RAnkleAngles_ax1_phase_70_80_rom__median,27,4,6.4490647315979,6.628798246383667,-0.037037037037037035,negligible,LOWER_IN_PHENOTYPE,phase,ankle,right,RAnkleAngles,0.037037037037037035
1,RAnkleAngles_ax1_phase_80_90_rom__median,27,4,3.4083776473999023,3.607738971710205,-0.037037037037037035,negligible,LOWER_IN_PHENOTYPE,phase,ankle,right,RAnkleAngles,0.037037037037037035
1,var_RKneeAngles_ax1_tmax_pct_mad,27,4,2.5,2.5,0.037037037037037035,negligible,HIGHER_IN_PHENOTYPE,variability,mixed,none,RKneeAngles_ax1_tmax_pct,0.037037037037037035
1,LHipAngles_ax1_tmax_pct__median,27,4,41.0,43.0,0.027777777777777776,negligible,HIGHER_IN_PHENOTYPE,kinematic,hip,left,LHipAngles,0.027777777777777776
1,LHipAngles_ax3_tpeak_vel_pct__median,27,4,53.0,58.0,-0.027777777777777776,negligible,LOWER_IN_PHENOTYPE,kinematic,hip,left,LHipAngles,0.027777777777777776
1,LHipAngles_ax1_peak_vel__median,27,4,227.47144788017442,217.2196160942083,0.018518518518518517,negligible,HIGHER_IN_PHENOTYPE,kinematic,hip,left,LHipAngles,0.018518518518518517
1,LHipAngles_ax2_std__median,27,4,4.722326754698048,4.682109746681954,0.018518518518518517,negligible,HIGHER_IN_PHENOTYPE,kinematic,hip,left,LHipAngles,0.018518518518518517
1,LHipAngles_ax2_rom__median,27,4,16.146670818328857,16.213020086288452,-0.018518518518518517,negligible,LOWER_IN_PHENOTYPE,kinematic,hip,left,LHipAngles,0.018518518518518517
1,LHipAngles_ax2_vel_rms__median,27,4,40.27689118076854,42.05037555231975,0.018518518518518517,negligible,HIGHER_IN_PHENOTYPE,kinematic,hip,left,LHipAngles,0.018518518518518517
1,LKneeAngles_ax2_rom__median,27,4,14.853896260261536,17.00665807723999,-0.018518518518518517,negligible,LOWER_IN_PHENOTYPE,kinematic,knee,left,LKneeAngles,0.018518518518518517
1,LKneeAngles_ax2_tmax_pct__median,27,4,51.5,52.75,-0.018518518518518517,negligible,LOWER_IN_PHENOTYPE,kinematic,knee,left,LKneeAngles,0.018518518518518517
1,RAnkleAngles_ax1_rom__median,27,4,32.04097938537598,32.63845682144165,-0.018518518518518517,negligible,LOWER_IN_PHENOTYPE,kinematic,ankle,right,RAnkleAngles,0.018518518518518517
1,RAnkleAngles_ax3_tpeak_vel_pct__median,27,4,55.5,45.0,0.018518518518518517,negligible,HIGHER_IN_PHENOTYPE,kinematic,ankle,right,RAnkleAngles,0.018518518518518517
1,RAJC_ax3_excursion__median,27,4,159.44567108154297,154.88529205322266,0.018518518518518517,negligible,HIGHER_IN_PHENOTYPE,spatial,ankle,right,RAJC,0.018518518518518517
1,LHipAngles_ax1_phase_10_20_rom__median,27,4,10.563635647296906,10.760730624198914,-0.018518518518518517,negligible,LOWER_IN_PHENOTYPE,phase,hip,left,LHipAngles,0.018518518518518517
1,LAnkleAngles_ax1_phase_50_60_min__median,27,4,4.0281442403793335,1.4786815233528614,0.018518518518518517,negligible,HIGHER_IN_PHENOTYPE,phase,ankle,left,LAnkleAngles,0.018518518518518517
1,LAnkleAngles_ax1_phase_70_80_rom__median,27,4,6.445256233215332,6.792505919933319,-0.018518518518518517,negligible,LOWER_IN_PHENOTYPE,phase,ankle,left,LAnkleAngles,0.018518518518518517
1,RAnkleAngles_ax1_phase_0_10_rom__median,27,4,9.293025970458984,9.289779424667358,0.018518518518518517,negligible,HIGHER_IN_PHENOTYPE,phase,ankle,right,RAnkleAngles,0.018518518518518517
1,RAnkleAngles_ax1_phase_70_80_min__median,27,4,-2.1931331157684326,0.27845215797424316,0.018518518518518517,negligible,HIGHER_IN_PHENOTYPE,phase,ankle,right,RAnkleAngles,0.018518518518518517
1,sym_HipAngles_ax1_rom_si,27,4,2.4778275981964777,1.9771611040326014,0.018518518518518517,negligible,HIGHER_IN_PHENOTYPE,symmetry,hip,bilateral,LHipAngles|RHipAngles,0.018518518518518517
1,var_LAnkleAngles_ax1_rom_sd,27,4,2.271869482165441,2.0360419932666862,0.018518518518518517,negligible,HIGHER_IN_PHENOTYPE,variability,mixed,none,LAnkleAngles_ax1_rom,0.018518518518518517
1,LAnkleAngles_ax3_tpeak_vel_pct__median,27,4,47.0,44.5,-0.009259259259259259,negligible,LOWER_IN_PHENOTYPE,kinematic,ankle,left,LAnkleAngles,0.009259259259259259
1,RHipAngles_ax3_tmin_pct__median,27,4,50.0,50.5,0.0,negligible,TIED,kinematic,hip,right,RHipAngles,0.0
1,LKneeAngles_ax1_std__median,27,4,20.06221796541085,20.333094548680137,0.0,negligible,TIED,kinematic,knee,left,LKneeAngles,0.0
1,LAnkleAngles_ax1_min__median,27,4,-15.756983757019043,-15.350963592529297,0.0,negligible,TIED,kinematic,ankle,left,LAnkleAngles,0.0
1,RPSI_ax2_excursion__median,27,4,58.32594299316406,61.261756896972656,0.0,negligible,TIED,spatial,pelvis,right,RPSI,0.0
1,LAJC_ax3_excursion__median,27,4,156.0667724609375,159.64924430847168,0.0,negligible,TIED,spatial,ankle,left,LAJC,0.0
1,RKneeAngles_ax1_phase_50_60_rom__median,27,4,11.977596998214722,11.816102266311646,0.0,negligible,TIED,phase,knee,right,RKneeAngles,0.0
1,coord_right_knee_ankle_ax1_corr__median,27,4,-0.725582419291839,-0.6935408169547055,0.0,negligible,TIED,coordination,knee,right,RKneeAngles|RAnkleAngles,0.0
1,sym_HipAngles_ax1_max_si,27,4,-2.204932500976117,-2.924736480286579,0.0,negligible,TIED,symmetry,hip,bilateral,LHipAngles|RHipAngles,0.0
2,RKneeAngles_ax1_tmin_pct__median,4,27,93.75,50.0,1.0,large,HIGHER_IN_PHENOTYPE,kinematic,knee,right,RKneeAngles,1.0
2,LASI_ax3_excursion__median,4,27,56.727569580078125,48.60888671875,0.9074074074074074,large,HIGHER_IN_PHENOTYPE,spatial,pelvis,left,LASI,0.9074074074074074
2,LPSI_ax3_excursion__median,4,27,57.60284423828125,46.6502685546875,0.8333333333333334,large,HIGHER_IN_PHENOTYPE,spatial,pelvis,left,LPSI,0.8333333333333334
2,LKneeAngles_ax1_tmin_pct__median,4,27,46.5,50.0,-0.7777777777777778,large,LOWER_IN_PHENOTYPE,kinematic,knee,left,LKneeAngles,0.7777777777777778
2,RHipAngles_ax3_rom__median,4,27,27.536627769470215,19.339293956756592,0.7222222222222222,large,HIGHER_IN_PHENOTYPE,kinematic,hip,right,RHipAngles,0.7222222222222222
2,LKneeAngles_ax2_tmin_pct__median,4,27,64.0,50.0,0.6851851851851852,large,HIGHER_IN_PHENOTYPE,kinematic,knee,left,LKneeAngles,0.6851851851851852
2,RFootProgressAngles_ax2_min__median,4,27,-7.103898882865906,-3.0443007946014404,-0.6851851851851852,large,LOWER_IN_PHENOTYPE,kinematic,foot,right,RFootProgressAngles,0.6851851851851852
2,RKneeAngles_ax1_phase_20_30_rom__median,4,27,7.369823455810547,6.045631408691406,0.6851851851851852,large,HIGHER_IN_PHENOTYPE,phase,knee,right,RKneeAngles,0.6851851851851852
2,RHEE_ax2_excursion__median,4,27,64.82096481323242,54.935516357421875,0.6666666666666666,large,HIGHER_IN_PHENOTYPE,spatial,foot,right,RHEE,0.6666666666666666
2,LHipAngles_ax1_rom__median,4,27,50.927505135536194,46.083396434783936,0.6296296296296297,large,HIGHER_IN_PHENOTYPE,kinematic,hip,left,LHipAngles,0.6296296296296297
2,LKneeAngles_ax1_peak_acc__median,4,27,5264.908033965732,6062.162126327045,-0.6296296296296297,large,LOWER_IN_PHENOTYPE,kinematic,knee,left,LKneeAngles,0.6296296296296297
2,sym_FootProgressAngles_ax1_max_si,4,27,18.085666207424097,-9.884498545198271,0.6296296296296297,large,HIGHER_IN_PHENOTYPE,symmetry,foot,bilateral,LFootProgressAngles|RFootProgressAngles,0.6296296296296297
2,cycle_duration_s__median,4,27,1.0950000000000002,1.03,0.6203703703703703,large,HIGHER_IN_PHENOTYPE,temporal,gait_cycle,ipsilateral,events,0.6203703703703703
2,sym_HEE_ax1_excursion_absdiff,4,27,14.822982788085938,7.0286865234375,0.6111111111111112,large,HIGHER_IN_PHENOTYPE,symmetry,foot,bilateral,LHEE|RHEE,0.6111111111111112
2,LKneeAngles_ax1_acc_rms__median,4,27,2282.8625270631455,2458.0331514421778,-0.5925925925925926,large,LOWER_IN_PHENOTYPE,kinematic,knee,left,LKneeAngles,0.5925925925925926
2,RKneeAngles_ax1_phase_90_100_mean__median,4,27,14.33312049779025,18.483737338672984,-0.5925925925925926,large,LOWER_IN_PHENOTYPE,phase,knee,right,RKneeAngles,0.5925925925925926
2,sym_AJC_path3d_si,4,27,0.8843952113395377,-0.30539165942047064,0.5925925925925926,large,HIGHER_IN_PHENOTYPE,symmetry,ankle,bilateral,LAJC|RAJC,0.5925925925925926
2,RHipAngles_ax3_tpeak_vel_pct__median,4,27,77.25,46.0,0.5833333333333334,large,HIGHER_IN_PHENOTYPE,kinematic,hip,right,RHipAngles,0.5833333333333334
2,LFootProgressAngles_ax3_tpeak_vel_pct__median,4,27,63.5,49.0,0.5740740740740741,large,HIGHER_IN_PHENOTYPE,kinematic,foot,left,LFootProgressAngles,0.5740740740740741
2,RFootProgressAngles_ax2_mean__median,4,27,0.8992736046349441,1.711580257014473,-0.5740740740740741,large,LOWER_IN_PHENOTYPE,kinematic,foot,right,RFootProgressAngles,0.5740740740740741
2,RHipAngles_ax1_phase_20_30_rom__median,4,27,17.637189388275146,13.74302864074707,0.5740740740740741,large,HIGHER_IN_PHENOTYPE,phase,hip,right,RHipAngles,0.5740740740740741
2,RKneeAngles_ax1_phase_70_80_rom__median,4,27,7.448378562927246,6.418025970458984,0.5740740740740741,large,HIGHER_IN_PHENOTYPE,phase,knee,right,RKneeAngles,0.5740740740740741
2,var_LHipAngles_ax1_rom_mad,4,27,1.7999616861343384,1.297790765762329,0.5740740740740741,large,HIGHER_IN_PHENOTYPE,variability,mixed,none,LHipAngles_ax1_rom,0.5740740740740741
2,LAnkleAngles_ax2_tmin_pct__median,4,27,57.0,51.0,0.5555555555555556,large,HIGHER_IN_PHENOTYPE,kinematic,ankle,left,LAnkleAngles,0.5555555555555556
2,RFootProgressAngles_ax2_rom__median,4,27,16.363983750343323,12.886872291564941,0.5555555555555556,large,HIGHER_IN_PHENOTYPE,kinematic,foot,right,RFootProgressAngles,0.5555555555555556
2,sym_ASI_ax1_excursion_absdiff,4,27,25.461849212646484,7.257403373718262,0.5555555555555556,large,HIGHER_IN_PHENOTYPE,symmetry,pelvis,bilateral,LASI|RASI,0.5555555555555556
2,sym_PSI_ax1_excursion_absdiff,4,27,26.6854248046875,6.8932342529296875,0.5555555555555556,large,HIGHER_IN_PHENOTYPE,symmetry,pelvis,bilateral,LPSI|RPSI,0.5555555555555556
2,LFootProgressAngles_ax2_tpeak_vel_pct__median,4,27,59.0,38.0,0.5462962962962963,large,HIGHER_IN_PHENOTYPE,kinematic,foot,left,LFootProgressAngles,0.5462962962962963
2,RHipAngles_ax1_rom__median,4,27,51.550225496292114,45.700711250305176,0.5370370370370371,large,HIGHER_IN_PHENOTYPE,kinematic,hip,right,RHipAngles,0.5370370370370371
2,LASI_ax2_excursion__median,4,27,63.87622833251953,54.51031494140625,0.5370370370370371,large,HIGHER_IN_PHENOTYPE,spatial,pelvis,left,LASI,0.5370370370370371
2,LKneeAngles_ax1_phase_40_50_mean__median,4,27,12.587239241600036,16.377349948883058,-0.5370370370370371,large,LOWER_IN_PHENOTYPE,phase,knee,left,LKneeAngles,0.5370370370370371
2,LFootProgressAngles_ax3_peak_vel__median,4,27,109.92419456621754,126.26247762655164,-0.5185185185185185,large,LOWER_IN_PHENOTYPE,kinematic,foot,left,LFootProgressAngles,0.5185185185185185
2,var_CentreOfMass_path3d_mad,4,27,67.21352177683707,33.880789931301024,0.5185185185185185,large,HIGHER_IN_PHENOTYPE,variability,mixed,none,CentreOfMass_path3d,0.5185185185185185
2,opposite_foot_off_pct__median,4,27,15.937996379889917,15.178571428571427,0.5,large,HIGHER_IN_PHENOTYPE,temporal,gait_cycle,ipsilateral,events,0.5
2,LHipAngles_ax1_phase_70_80_rom__median,4,27,16.807856559753418,14.42274284362793,0.5,large,HIGHER_IN_PHENOTYPE,phase,hip,left,LHipAngles,0.5
2,RKneeAngles_ax1_tpeak_vel_pct__median,4,27,42.0,66.0,-0.49074074074074076,large,LOWER_IN_PHENOTYPE,kinematic,knee,right,RKneeAngles,0.49074074074074076
2,RKneeAngles_ax1_phase_90_100_rom__median,4,27,4.308483749628067,17.46446943283081,-0.48148148148148145,large,LOWER_IN_PHENOTYPE,phase,knee,right,RKneeAngles,0.48148148148148145
2,RHipAngles_ax2_min__median,4,27,-5.561169624328613,-7.59039306640625,0.48148148148148145,large,HIGHER_IN_PHENOTYPE,kinematic,hip,right,RHipAngles,0.48148148148148145
2,RHipAngles_ax2_max__median,4,27,10.946595668792725,8.550296783447266,0.48148148148148145,large,HIGHER_IN_PHENOTYPE,kinematic,hip,right,RHipAngles,0.48148148148148145
2,LKneeAngles_ax1_vel_rms__median,4,27,187.04742423679141,193.31213943043576,-0.48148148148148145,large,LOWER_IN_PHENOTYPE,kinematic,knee,left,LKneeAngles,0.48148148148148145
2,RTOE_ax3_excursion__median,4,27,117.22932052612305,113.14590454101562,0.48148148148148145,large,HIGHER_IN_PHENOTYPE,spatial,foot,right,RTOE,0.48148148148148145
2,var_LHipAngles_ax1_rom_sd,4,27,2.673316953514796,2.0717203851638906,0.48148148148148145,large,HIGHER_IN_PHENOTYPE,variability,mixed,none,LHipAngles_ax1_rom,0.48148148148148145
2,LFootProgressAngles_ax3_tmax_pct__median,4,27,58.5,36.0,0.4722222222222222,medium,HIGHER_IN_PHENOTYPE,kinematic,foot,left,LFootProgressAngles,0.4722222222222222
2,LFootProgressAngles_ax3_acc_rms__median,4,27,819.6990771005978,951.1121741945361,-0.46296296296296297,medium,LOWER_IN_PHENOTYPE,kinematic,foot,left,LFootProgressAngles,0.46296296296296297
2,LHipAngles_ax1_phase_40_50_rom__median,4,27,7.263430833816528,5.245563343167305,0.46296296296296297,medium,HIGHER_IN_PHENOTYPE,phase,hip,left,LHipAngles,0.46296296296296297
2,LAnkleAngles_ax1_phase_70_80_min__median,4,27,-8.035527467727661,0.08893059194087982,-0.46296296296296297,medium,LOWER_IN_PHENOTYPE,phase,ankle,left,LAnkleAngles,0.46296296296296297
2,var_RHipAngles_ax1_rom_mad,4,27,1.9232993125915527,1.2240440845489502,0.46296296296296297,medium,HIGHER_IN_PHENOTYPE,variability,mixed,none,RHipAngles_ax1_rom,0.46296296296296297
2,var_CentreOfMass_path3d_sd,4,27,83.50003488420955,51.31374754702984,0.46296296296296297,medium,HIGHER_IN_PHENOTYPE,variability,mixed,none,CentreOfMass_path3d,0.46296296296296297
2,LAnkleAngles_ax3_rom__median,4,27,31.82202970981598,27.901694774627686,0.4444444444444444,medium,HIGHER_IN_PHENOTYPE,kinematic,ankle,left,LAnkleAngles,0.4444444444444444
2,LAnkleAngles_ax1_phase_0_10_min__median,4,27,0.32136258482933044,3.9909510612487793,-0.4444444444444444,medium,LOWER_IN_PHENOTYPE,phase,ankle,left,LAnkleAngles,0.4444444444444444
2,RAnkleAngles_ax1_phase_20_30_min__median,4,27,-8.012019157409668,-1.0714093446731567,-0.4444444444444444,medium,LOWER_IN_PHENOTYPE,phase,ankle,right,RAnkleAngles,0.4444444444444444
2,sym_HipAngles_ax1_rom_absdiff,4,27,1.0128822326660156,1.6688411235809326,-0.4444444444444444,medium,LOWER_IN_PHENOTYPE,symmetry,hip,bilateral,LHipAngles|RHipAngles,0.4444444444444444
2,LHipAngles_ax2_tpeak_vel_pct__median,4,27,60.0,27.5,0.4351851851851852,medium,HIGHER_IN_PHENOTYPE,kinematic,hip,left,LHipAngles,0.4351851851851852
2,LFootProgressAngles_ax3_tmin_pct__median,4,27,73.5,51.0,0.4351851851851852,medium,HIGHER_IN_PHENOTYPE,kinematic,foot,left,LFootProgressAngles,0.4351851851851852
2,RHipAngles_ax1_tmax_pct__median,4,27,48.0,43.0,0.42592592592592593,medium,HIGHER_IN_PHENOTYPE,kinematic,hip,right,RHipAngles,0.42592592592592593
2,RHipAngles_ax2_mean__median,4,27,2.8381627767028674,1.1259860052625732,0.42592592592592593,medium,HIGHER_IN_PHENOTYPE,kinematic,hip,right,RHipAngles,0.42592592592592593
2,LAnkleAngles_ax3_peak_vel__median,4,27,368.972364783157,306.42192069472907,0.42592592592592593,medium,HIGHER_IN_PHENOTYPE,kinematic,ankle,left,LAnkleAngles,0.42592592592592593
2,RAJC_ax2_excursion__median,4,27,66.52879333496094,56.416412353515625,0.42592592592592593,medium,HIGHER_IN_PHENOTYPE,spatial,ankle,right,RAJC,0.42592592592592593
2,LKneeAngles_ax1_phase_80_90_rom__median,4,27,25.21314811706543,13.30472183227539,0.42592592592592593,medium,HIGHER_IN_PHENOTYPE,phase,knee,left,LKneeAngles,0.42592592592592593
2,sym_KJC_path3d_absdiff,4,27,21.619541410794568,8.482534959441182,0.42592592592592593,medium,HIGHER_IN_PHENOTYPE,symmetry,knee,bilateral,LKJC|RKJC,0.42592592592592593
2,sym_TOE_path3d_si,4,27,0.8494723379699052,-0.0195526551262684,0.42592592592592593,medium,HIGHER_IN_PHENOTYPE,symmetry,foot,bilateral,LTOE|RTOE,0.42592592592592593
2,var_LKneeAngles_ax1_tmax_pct_sd,4,27,25.577978176979954,25.19477069925891,0.42592592592592593,medium,HIGHER_IN_PHENOTYPE,variability,mixed,none,LKneeAngles_ax1_tmax_pct,0.42592592592592593
2,LHipAngles_ax3_rom__median,4,27,27.082680225372314,18.402953624725342,0.4074074074074074,medium,HIGHER_IN_PHENOTYPE,kinematic,hip,left,LHipAngles,0.4074074074074074
2,LKneeAngles_ax2_tpeak_vel_pct__median,4,27,66.0,45.0,0.4074074074074074,medium,HIGHER_IN_PHENOTYPE,kinematic,knee,left,LKneeAngles,0.4074074074074074
2,LFootProgressAngles_ax2_median__median,4,27,3.6650874614715576,2.444300413131714,0.4074074074074074,medium,HIGHER_IN_PHENOTYPE,kinematic,foot,left,LFootProgressAngles,0.4074074074074074
2,RFootProgressAngles_ax1_median__median,4,27,-85.28315734863281,-84.03380584716797,-0.4074074074074074,medium,LOWER_IN_PHENOTYPE,kinematic,foot,right,RFootProgressAngles,0.4074074074074074
2,LASI_path3d__median,4,27,1458.61950906428,1407.0418758839924,0.4074074074074074,medium,HIGHER_IN_PHENOTYPE,spatial,pelvis,left,LASI,0.4074074074074074
2,RHipAngles_ax1_phase_90_100_rom__median,4,27,7.192080438137054,5.455069541931152,0.4074074074074074,medium,HIGHER_IN_PHENOTYPE,phase,hip,right,RHipAngles,0.4074074074074074
2,RAnkleAngles_ax1_phase_90_100_rom__median,4,27,4.419088840484619,2.9972782135009766,0.4074074074074074,medium,HIGHER_IN_PHENOTYPE,phase,ankle,right,RAnkleAngles,0.4074074074074074
2,sym_KneeAngles_ax1_tmax_pct_absdiff,4,27,0.0,0.5,-0.4074074074074074,medium,LOWER_IN_PHENOTYPE,symmetry,knee,bilateral,LKneeAngles|RKneeAngles,0.4074074074074074
2,sym_FootProgressAngles_ax1_tmax_pct_absdiff,4,27,0.25,1.0,-0.4074074074074074,medium,LOWER_IN_PHENOTYPE,symmetry,foot,bilateral,LFootProgressAngles|RFootProgressAngles,0.4074074074074074
2,LAnkleAngles_ax2_tmax_pct__median,4,27,60.5,49.5,0.39814814814814814,medium,HIGHER_IN_PHENOTYPE,kinematic,ankle,left,LAnkleAngles,0.39814814814814814
2,sym_AnkleAngles_ax1_tmax_pct_si,4,27,-0.970873786407767,0.0,-0.39814814814814814,medium,LOWER_IN_PHENOTYPE,symmetry,ankle,bilateral,LAnkleAngles|RAnkleAngles,0.39814814814814814
2,LKneeAngles_ax1_peak_vel__median,4,27,403.29553534904403,421.25395190859064,-0.3888888888888889,medium,LOWER_IN_PHENOTYPE,kinematic,knee,left,LKneeAngles,0.3888888888888889
2,RKneeAngles_ax3_tpeak_vel_pct__median,4,27,59.0,47.0,0.3888888888888889,medium,HIGHER_IN_PHENOTYPE,kinematic,knee,right,RKneeAngles,0.3888888888888889
2,LFootProgressAngles_ax1_tmin_pct__median,4,27,50.0,50.0,-0.3888888888888889,medium,LOWER_IN_PHENOTYPE,kinematic,foot,left,LFootProgressAngles,0.3888888888888889
2,LKneeAngles_ax1_phase_60_70_rom__median,4,27,28.854801177978516,14.03290319442749,0.3888888888888889,medium,HIGHER_IN_PHENOTYPE,phase,knee,left,LKneeAngles,0.3888888888888889
2,RAnkleAngles_ax1_phase_50_60_min__median,4,27,1.069824367761612,5.245344638824463,-0.3888888888888889,medium,LOWER_IN_PHENOTYPE,phase,ankle,right,RAnkleAngles,0.3888888888888889
2,sym_AnkleAngles_ax1_tmax_pct_absdiff,4,27,0.5,1.5,-0.3888888888888889,medium,LOWER_IN_PHENOTYPE,symmetry,ankle,bilateral,LAnkleAngles|RAnkleAngles,0.3888888888888889
2,sym_FootProgressAngles_ax1_rom_si,4,27,1.329606252081424,-0.15394928152894077,0.3888888888888889,medium,HIGHER_IN_PHENOTYPE,symmetry,foot,bilateral,LFootProgressAngles|RFootProgressAngles,0.3888888888888889
2,RFootProgressAngles_ax2_tmin_pct__median,4,27,72.5,50.0,0.37962962962962965,medium,HIGHER_IN_PHENOTYPE,kinematic,foot,right,RFootProgressAngles,0.37962962962962965
2,RKneeAngles_ax2_peak_acc__median,4,27,4680.0995605168955,3282.360104646662,0.37037037037037035,medium,HIGHER_IN_PHENOTYPE,kinematic,knee,right,RKneeAngles,0.37037037037037035
2,RFootProgressAngles_ax2_median__median,4,27,0.7194945737719536,1.1494675874710083,-0.37037037037037035,medium,LOWER_IN_PHENOTYPE,kinematic,foot,right,RFootProgressAngles,0.37037037037037035
2,LHipAngles_ax1_phase_30_40_rom__median,4,27,9.84495735168457,9.207647562026978,0.37037037037037035,medium,HIGHER_IN_PHENOTYPE,phase,hip,left,LHipAngles,0.37037037037037035
2,RHipAngles_ax1_phase_80_90_rom__median,4,27,9.098306000232697,8.75838851928711,0.37037037037037035,medium,HIGHER_IN_PHENOTYPE,phase,hip,right,RHipAngles,0.37037037037037035
2,LAnkleAngles_ax1_phase_50_60_rom__median,4,27,8.974851131439209,10.372661471366882,-0.37037037037037035,medium,LOWER_IN_PHENOTYPE,phase,ankle,left,LAnkleAngles,0.37037037037037035
2,LAnkleAngles_ax1_phase_90_100_rom__median,4,27,4.252154886722565,3.029794216156006,0.37037037037037035,medium,HIGHER_IN_PHENOTYPE,phase,ankle,left,LAnkleAngles,0.37037037037037035
2,RAnkleAngles_ax1_phase_60_70_rom__median,4,27,8.01480582356453,10.61592298746109,-0.37037037037037035,medium,LOWER_IN_PHENOTYPE,phase,ankle,right,RAnkleAngles,0.37037037037037035
2,sym_KJC_ax1_excursion_si,4,27,0.9084188471824926,-0.017878278505354474,0.37037037037037035,medium,HIGHER_IN_PHENOTYPE,symmetry,knee,bilateral,LKJC|RKJC,0.37037037037037035
2,sym_HEE_path3d_si,4,27,0.5083350108004104,-0.01932358610723561,0.37037037037037035,medium,HIGHER_IN_PHENOTYPE,symmetry,foot,bilateral,LHEE|RHEE,0.37037037037037035
2,var_cycle_duration_s_mad,4,27,0.025000000000000022,0.020000000000000018,0.37037037037037035,medium,HIGHER_IN_PHENOTYPE,variability,gait_cycle,none,cycle_duration_s,0.37037037037037035
2,var_stance_pct_sd,4,27,0.8659800703390393,0.815281006849209,0.37037037037037035,medium,HIGHER_IN_PHENOTYPE,variability,gait_cycle,none,stance_pct,0.37037037037037035
2,RFootProgressAngles_ax3_tpeak_vel_pct__median,4,27,37.25,47.0,-0.3611111111111111,medium,LOWER_IN_PHENOTYPE,kinematic,foot,right,RFootProgressAngles,0.3611111111111111
2,RKneeAngles_ax1_peak_acc__median,4,27,5562.640579553648,6761.475280743266,-0.35185185185185186,medium,LOWER_IN_PHENOTYPE,kinematic,knee,right,RKneeAngles,0.35185185185185186
2,LKneeAngles_ax3_tpeak_vel_pct__median,4,27,44.5,54.0,-0.35185185185185186,medium,LOWER_IN_PHENOTYPE,kinematic,knee,left,LKneeAngles,0.35185185185185186
2,LFootProgressAngles_ax2_tmax_pct__median,4,27,63.0,55.0,0.35185185185185186,medium,HIGHER_IN_PHENOTYPE,kinematic,foot,left,LFootProgressAngles,0.35185185185185186
2,LHipAngles_ax1_phase_90_100_rom__median,4,27,3.371366500854492,5.377084255218506,-0.35185185185185186,medium,LOWER_IN_PHENOTYPE,phase,hip,left,LHipAngles,0.35185185185185186
2,coord_left_knee_ankle_ax1_lag_pct__median,4,27,-4.5,-6.0,0.3425925925925926,medium,HIGHER_IN_PHENOTYPE,coordination,knee,left,LKneeAngles|LAnkleAngles,0.3425925925925926
2,LFootProgressAngles_ax2_mean__median,4,27,3.9957400541568155,3.232014710360234,0.3333333333333333,medium,HIGHER_IN_PHENOTYPE,kinematic,foot,left,LFootProgressAngles,0.3333333333333333
2,LFootProgressAngles_ax3_peak_acc__median,4,27,2166.032073083252,2751.0320847012986,-0.3333333333333333,medium,LOWER_IN_PHENOTYPE,kinematic,foot,left,LFootProgressAngles,0.3333333333333333
2,RAnkleAngles_ax1_phase_10_20_rom__median,4,27,15.051938623189926,9.989776611328125,0.3333333333333333,medium,HIGHER_IN_PHENOTYPE,phase,ankle,right,RAnkleAngles,0.3333333333333333
2,sym_AbsAnkleAngle_ax1_rom_absdiff,4,27,3.536403179168701,2.715359687805176,0.3333333333333333,medium,HIGHER_IN_PHENOTYPE,symmetry,ankle,bilateral,LAbsAnkleAngle|RAbsAnkleAngle,0.3333333333333333
2,sym_AbsAnkleAngle_ax1_tmax_pct_absdiff,4,27,0.5,1.0,-0.3333333333333333,medium,LOWER_IN_PHENOTYPE,symmetry,ankle,bilateral,LAbsAnkleAngle|RAbsAnkleAngle,0.3333333333333333
2,sym_TOE_path3d_absdiff,4,27,14.734243124184559,9.769525125264636,0.3333333333333333,medium,HIGHER_IN_PHENOTYPE,symmetry,foot,bilateral,LTOE|RTOE,0.3333333333333333
2,LKneeAngles_ax2_peak_acc__median,4,27,4528.767241802796,3634.3869413099555,0.3148148148148148,small,HIGHER_IN_PHENOTYPE,kinematic,knee,left,LKneeAngles,0.3148148148148148
2,LAnkleAngles_ax1_peak_acc__median,4,27,8121.518906368423,9442.633916239158,-0.3148148148148148,small,LOWER_IN_PHENOTYPE,kinematic,ankle,left,LAnkleAngles,0.3148148148148148
2,LAnkleAngles_ax3_peak_acc__median,4,27,9714.963572671426,7930.387558990619,0.3148148148148148,small,HIGHER_IN_PHENOTYPE,kinematic,ankle,left,LAnkleAngles,0.3148148148148148
2,LKJC_ax2_excursion__median,4,27,44.52803039550781,55.743896484375,-0.3148148148148148,small,LOWER_IN_PHENOTYPE,spatial,knee,left,LKJC,0.3148148148148148
2,RKJC_ax2_excursion__median,4,27,49.5855598449707,54.55643844604492,-0.3148148148148148,small,LOWER_IN_PHENOTYPE,spatial,knee,right,RKJC,0.3148148148148148
2,coord_left_knee_ankle_ax1_corr__median,4,27,-0.7183925019363748,-0.6666344706009106,-0.3148148148148148,small,LOWER_IN_PHENOTYPE,coordination,knee,left,LKneeAngles|LAnkleAngles,0.3148148148148148
2,sym_KneeAngles_ax1_rom_absdiff,4,27,0.4563932418823242,1.715639591217041,-0.3148148148148148,small,LOWER_IN_PHENOTYPE,symmetry,knee,bilateral,LKneeAngles|RKneeAngles,0.3148148148148148
2,sym_KJC_ax1_excursion_absdiff,4,27,18.165634155273438,10.057319641113281,0.3148148148148148,small,HIGHER_IN_PHENOTYPE,symmetry,knee,bilateral,LKJC|RKJC,0.3148148148148148
2,sym_AJC_ax1_excursion_absdiff,4,27,12.022281646728516,7.740699768066406,0.3148148148148148,small,HIGHER_IN_PHENOTYPE,symmetry,ankle,bilateral,LAJC|RAJC,0.3148148148148148
2,var_RKneeAngles_ax1_rom_mad,4,27,1.5653420686721802,1.0714788436889648,0.3148148148148148,small,HIGHER_IN_PHENOTYPE,variability,mixed,none,RKneeAngles_ax1_rom,0.3148148148148148
2,LHipAngles_ax3_peak_acc__median,4,27,8372.305250341577,5372.188933399948,0.2962962962962963,small,HIGHER_IN_PHENOTYPE,kinematic,hip,left,LHipAngles,0.2962962962962963
2,RAbsAnkleAngle_ax1_peak_acc__median,4,27,6264.819455022903,7696.458185124263,-0.2962962962962963,small,LOWER_IN_PHENOTYPE,kinematic,ankle,right,RAbsAnkleAngle,0.2962962962962963
2,RFootProgressAngles_ax1_acc_rms__median,4,27,3080.3151150912627,3320.8477931393954,-0.2962962962962963,small,LOWER_IN_PHENOTYPE,kinematic,foot,right,RFootProgressAngles,0.2962962962962963
2,RHipAngles_ax1_phase_30_40_rom__median,4,27,9.284828186035156,8.458364963531494,0.2962962962962963,small,HIGHER_IN_PHENOTYPE,phase,hip,right,RHipAngles,0.2962962962962963
2,RHipAngles_ax1_phase_40_50_rom__median,4,27,3.092151641845703,5.501885160803795,-0.2962962962962963,small,LOWER_IN_PHENOTYPE,phase,hip,right,RHipAngles,0.2962962962962963
2,LKneeAngles_ax1_phase_70_80_rom__median,4,27,6.5041117668151855,6.11650276184082,0.2962962962962963,small,HIGHER_IN_PHENOTYPE,phase,knee,left,LKneeAngles,0.2962962962962963
2,RKneeAngles_ax1_phase_50_60_min__median,4,27,11.006268501281738,13.693439483642578,-0.2962962962962963,small,LOWER_IN_PHENOTYPE,phase,knee,right,RKneeAngles,0.2962962962962963
2,LAnkleAngles_ax1_phase_60_70_rom__median,4,27,13.663756310939789,9.71796989440918,0.2962962962962963,small,HIGHER_IN_PHENOTYPE,phase,ankle,left,LAnkleAngles,0.2962962962962963
2,RAnkleAngles_ax1_phase_90_100_max__median,4,27,16.43335199356079,13.434653759002686,0.2962962962962963,small,HIGHER_IN_PHENOTYPE,phase,ankle,right,RAnkleAngles,0.2962962962962963
2,RAnkleAngles_ax1_phase_10_20_mean__median,4,27,1.6852173209190369,0.11347454190254211,0.2962962962962963,small,HIGHER_IN_PHENOTYPE,phase,ankle,right,RAnkleAngles,0.2962962962962963
2,RAnkleAngles_ax1_phase_40_50_rom__median,4,27,4.367608070373535,2.717207431793213,0.2962962962962963,small,HIGHER_IN_PHENOTYPE,phase,ankle,right,RAnkleAngles,0.2962962962962963
2,coord_left_hip_knee_ax1_corr__median,4,27,0.22374331908073536,0.16727588319418307,0.2962962962962963,small,HIGHER_IN_PHENOTYPE,coordination,hip,left,LHipAngles|LKneeAngles,0.2962962962962963
2,sym_KJC_path3d_si,4,27,0.7586456234571028,-0.34972859627127545,0.2962962962962963,small,HIGHER_IN_PHENOTYPE,symmetry,knee,bilateral,LKJC|RKJC,0.2962962962962963
2,LHipAngles_ax3_tmin_pct__median,4,27,49.5,50.0,-0.28703703703703703,small,LOWER_IN_PHENOTYPE,kinematic,hip,left,LHipAngles,0.28703703703703703
2,sym_HipAngles_ax1_tmax_pct_si,4,27,39.02019767941555,-1.1173184357541899,0.28703703703703703,small,HIGHER_IN_PHENOTYPE,symmetry,hip,bilateral,LHipAngles|RHipAngles,0.28703703703703703
2,LHipAngles_ax2_peak_vel__median,4,27,97.62400347532463,88.3019141504365,0.2777777777777778,small,HIGHER_IN_PHENOTYPE,kinematic,hip,left,LHipAngles,0.2777777777777778
2,LHipAngles_ax2_peak_acc__median,4,27,1452.672652437713,1733.3410887123055,-0.2777777777777778,small,LOWER_IN_PHENOTYPE,kinematic,hip,left,LHipAngles,0.2777777777777778
2,mid_stance_pct__median,4,27,31.907267943017878,31.73076923076923,0.2777777777777778,small,HIGHER_IN_PHENOTYPE,temporal,gait_cycle,ipsilateral,events,0.2777777777777778
2,LHEE_ax2_excursion__median,4,27,60.267730712890625,57.523193359375,0.2777777777777778,small,HIGHER_IN_PHENOTYPE,spatial,foot,left,LHEE,0.2777777777777778
2,LHipAngles_ax1_phase_80_90_rom__median,4,27,9.723626494407654,8.735376834869385,0.2777777777777778,small,HIGHER_IN_PHENOTYPE,phase,hip,left,LHipAngles,0.2777777777777778
2,sym_AbsAnkleAngle_ax1_rom_si,4,27,6.804978378751791,-0.8761796251791412,0.2777777777777778,small,HIGHER_IN_PHENOTYPE,symmetry,ankle,bilateral,LAbsAnkleAngle|RAbsAnkleAngle,0.2777777777777778
2,var_RKneeAngles_ax1_tmax_pct_cv,4,27,0.50988629992396,0.5001241179088065,0.2777777777777778,small,HIGHER_IN_PHENOTYPE,variability,mixed,none,RKneeAngles_ax1_tmax_pct,0.2777777777777778
2,LHipAngles_ax1_tmin_pct__median,4,27,54.5,53.5,0.25925925925925924,small,HIGHER_IN_PHENOTYPE,kinematic,hip,left,LHipAngles,0.25925925925925924
2,LKneeAngles_ax3_tmin_pct__median,4,27,51.0,54.0,-0.25925925925925924,small,LOWER_IN_PHENOTYPE,kinematic,knee,left,LKneeAngles,0.25925925925925924
2,RKneeAngles_ax3_rom__median,4,27,17.444139301776886,18.038105964660645,-0.25925925925925924,small,LOWER_IN_PHENOTYPE,kinematic,knee,right,RKneeAngles,0.25925925925925924
2,LFootProgressAngles_ax1_max__median,4,27,-14.22773790359497,-15.378725051879883,0.25925925925925924,small,HIGHER_IN_PHENOTYPE,kinematic,foot,left,LFootProgressAngles,0.25925925925925924
2,RHipAngles_ax1_phase_0_10_rom__median,4,27,2.7160844802856445,2.5305862426757812,0.25925925925925924,small,HIGHER_IN_PHENOTYPE,phase,hip,right,RHipAngles,0.25925925925925924
2,LKneeAngles_ax1_phase_50_60_rom__median,4,27,12.53648591041565,10.78540900349617,0.25925925925925924,small,HIGHER_IN_PHENOTYPE,phase,knee,left,LKneeAngles,0.25925925925925924
2,RKneeAngles_ax1_msjerk__median,4,27,2062765001.6900668,2453407993.119476,-0.25925925925925924,small,LOWER_IN_PHENOTYPE,smoothness,knee,right,RKneeAngles,0.25925925925925924
2,sym_KneeAngles_ax1_max_absdiff,4,27,1.3217277526855469,2.65460205078125,-0.25925925925925924,small,LOWER_IN_PHENOTYPE,symmetry,knee,bilateral,LKneeAngles|RKneeAngles,0.25925925925925924
2,RKneeAngles_ax3_tmin_pct__median,4,27,48.0,51.5,-0.25,small,LOWER_IN_PHENOTYPE,kinematic,knee,right,RKneeAngles,0.25
2,RAbsAnkleAngle_ax1_tmax_pct__median,4,27,49.0,50.0,-0.25,small,LOWER_IN_PHENOTYPE,kinematic,ankle,right,RAbsAnkleAngle,0.25
2,LAJC_ax2_excursion__median,4,27,61.292755126953125,56.304107666015625,0.24074074074074073,small,HIGHER_IN_PHENOTYPE,spatial,ankle,left,LAJC,0.24074074074074073
2,CentreOfMass_ax2_excursion__median,4,27,46.320556640625,44.552940368652344,0.24074074074074073,small,HIGHER_IN_PHENOTYPE,spatial,whole_body,none,CentreOfMass,0.24074074074074073
2,RKneeAngles_ax1_phase_0_10_rom__median,4,27,12.269978284835815,12.357471704483032,0.24074074074074073,small,HIGHER_IN_PHENOTYPE,phase,knee,right,RKneeAngles,0.24074074074074073
2,LAnkleAngles_ax1_phase_10_20_max__median,4,27,4.708056092262268,6.926864147186279,-0.24074074074074073,small,LOWER_IN_PHENOTYPE,phase,ankle,left,LAnkleAngles,0.24074074074074073
2,var_stance_pct_mad,4,27,0.6391225194505239,0.6168831168831161,0.24074074074074073,small,HIGHER_IN_PHENOTYPE,variability,gait_cycle,none,stance_pct,0.24074074074074073
2,var_RHipAngles_ax1_rom_sd,4,27,2.3396109303735435,1.9083680102113358,0.24074074074074073,small,HIGHER_IN_PHENOTYPE,variability,mixed,none,RHipAngles_ax1_rom,0.24074074074074073
2,LHipAngles_ax3_mean__median,4,27,-11.015078854083203,-5.895473557238532,-0.2222222222222222,small,LOWER_IN_PHENOTYPE,kinematic,hip,left,LHipAngles,0.2222222222222222
2,RHipAngles_ax1_peak_vel__median,4,27,205.61549787595288,216.1818605102638,-0.2222222222222222,small,LOWER_IN_PHENOTYPE,kinematic,hip,right,RHipAngles,0.2222222222222222
2,RKneeAngles_ax3_peak_vel__median,4,27,228.00784014264428,246.0774143644256,-0.2222222222222222,small,LOWER_IN_PHENOTYPE,kinematic,knee,right,RKneeAngles,0.2222222222222222
2,LAbsAnkleAngle_ax1_mean__median,4,27,5.403390528763285,5.851054582855489,-0.2222222222222222,small,LOWER_IN_PHENOTYPE,kinematic,ankle,left,LAbsAnkleAngle,0.2222222222222222
2,RAnkleAngles_ax3_peak_acc__median,4,27,8869.899585067675,8118.404502364374,0.2222222222222222,small,HIGHER_IN_PHENOTYPE,kinematic,ankle,right,RAnkleAngles,0.2222222222222222
2,LFootProgressAngles_ax1_peak_vel__median,4,27,539.9495791084357,521.9199212363095,0.2222222222222222,small,HIGHER_IN_PHENOTYPE,kinematic,foot,left,LFootProgressAngles,0.2222222222222222
2,LFootProgressAngles_ax3_rom__median,4,27,12.785669982433319,13.769503682851791,-0.2222222222222222,small,LOWER_IN_PHENOTYPE,kinematic,foot,left,LFootProgressAngles,0.2222222222222222
2,RFootProgressAngles_ax2_tpeak_vel_pct__median,4,27,36.0,53.0,-0.2222222222222222,small,LOWER_IN_PHENOTYPE,kinematic,foot,right,RFootProgressAngles,0.2222222222222222
2,RFootProgressAngles_ax3_rom__median,4,27,14.638151407241821,14.067898154258728,0.2222222222222222,small,HIGHER_IN_PHENOTYPE,kinematic,foot,right,RFootProgressAngles,0.2222222222222222
2,RTOE_ax2_excursion__median,4,27,77.7153549194336,62.34161376953125,0.2222222222222222,small,HIGHER_IN_PHENOTYPE,spatial,foot,right,RTOE,0.2222222222222222
2,LHipAngles_ax1_phase_50_60_rom__median,4,27,2.632030874490738,2.3299617767333984,0.2222222222222222,small,HIGHER_IN_PHENOTYPE,phase,hip,left,LHipAngles,0.2222222222222222
2,RAnkleAngles_ax1_phase_30_40_rom__median,4,27,3.9858875274658203,3.6319851875305176,0.2222222222222222,small,HIGHER_IN_PHENOTYPE,phase,ankle,right,RAnkleAngles,0.2222222222222222
2,coord_right_hip_knee_ax1_corr__median,4,27,0.17639308850905472,0.12524601889699186,0.2222222222222222,small,HIGHER_IN_PHENOTYPE,coordination,hip,right,RHipAngles|RKneeAngles,0.2222222222222222
2,sym_ASI_path3d_si,4,27,0.8490516447749976,0.056262686611840855,0.2222222222222222,small,HIGHER_IN_PHENOTYPE,symmetry,pelvis,bilateral,LASI|RASI,0.2222222222222222
2,sym_HEE_path3d_absdiff,4,27,11.977399271757463,10.037832246843209,0.2222222222222222,small,HIGHER_IN_PHENOTYPE,symmetry,foot,bilateral,LHEE|RHEE,0.2222222222222222
2,var_LKneeAngles_ax1_tmax_pct_mad,4,27,2.0,3.0,-0.2222222222222222,small,LOWER_IN_PHENOTYPE,variability,mixed,none,LKneeAngles_ax1_tmax_pct,0.2222222222222222
2,RHipAngles_ax2_tpeak_vel_pct__median,4,27,43.0,55.0,0.21296296296296297,small,HIGHER_IN_PHENOTYPE,kinematic,hip,right,RHipAngles,0.21296296296296297
2,RFootProgressAngles_ax3_tmin_pct__median,4,27,44.5,52.0,-0.21296296296296297,small,LOWER_IN_PHENOTYPE,kinematic,foot,right,RFootProgressAngles,0.21296296296296297
2,sym_AbsAnkleAngle_ax1_tmax_pct_si,4,27,-0.970873786407767,0.0,-0.21296296296296297,small,LOWER_IN_PHENOTYPE,symmetry,ankle,bilateral,LAbsAnkleAngle|RAbsAnkleAngle,0.21296296296296297
2,RHipAngles_ax1_tmin_pct__median,4,27,32.0,54.0,-0.2037037037037037,small,LOWER_IN_PHENOTYPE,kinematic,hip,right,RHipAngles,0.2037037037037037
2,RHipAngles_ax3_min__median,4,27,-31.264509201049805,-26.7708797454834,-0.2037037037037037,small,LOWER_IN_PHENOTYPE,kinematic,hip,right,RHipAngles,0.2037037037037037
2,RKneeAngles_ax1_median__median,4,27,22.008903980255127,24.710152626037598,-0.2037037037037037,small,LOWER_IN_PHENOTYPE,kinematic,knee,right,RKneeAngles,0.2037037037037037
2,LAnkleAngles_ax2_rom__median,4,27,6.875598430633545,6.0464454889297485,0.2037037037037037,small,HIGHER_IN_PHENOTYPE,kinematic,ankle,left,LAnkleAngles,0.2037037037037037
2,LFootProgressAngles_ax1_rom__median,4,27,106.50719022750854,103.04450607299805,0.2037037037037037,small,HIGHER_IN_PHENOTYPE,kinematic,foot,left,LFootProgressAngles,0.2037037037037037
2,RFootProgressAngles_ax3_median__median,4,27,-5.866329491138458,-4.0551347732543945,-0.2037037037037037,small,LOWER_IN_PHENOTYPE,kinematic,foot,right,RFootProgressAngles,0.2037037037037037
2,RFootProgressAngles_ax3_peak_acc__median,4,27,3603.683059969897,2799.9795958604573,0.2037037037037037,small,HIGHER_IN_PHENOTYPE,kinematic,foot,right,RFootProgressAngles,0.2037037037037037
2,LKneeAngles_ax1_phase_20_30_rom__median,4,27,7.262488842010498,6.414131164550781,0.2037037037037037,small,HIGHER_IN_PHENOTYPE,phase,knee,left,LKneeAngles,0.2037037037037037
2,RAnkleAngles_ax1_phase_20_30_rom__median,4,27,9.465441226959229,6.2460421323776245,0.2037037037037037,small,HIGHER_IN_PHENOTYPE,phase,ankle,right,RAnkleAngles,0.2037037037037037
2,sym_AbsAnkleAngle_ax1_max_absdiff,4,27,2.2073898315429688,2.195340633392334,0.2037037037037037,small,HIGHER_IN_PHENOTYPE,symmetry,ankle,bilateral,LAbsAnkleAngle|RAbsAnkleAngle,0.2037037037037037
2,var_RAnkleAngles_ax1_rom_sd,4,27,2.0377119203475633,2.0224210690557793,-0.2037037037037037,small,LOWER_IN_PHENOTYPE,variability,mixed,none,RAnkleAngles_ax1_rom,0.2037037037037037
2,RKneeAngles_ax3_tmax_pct__median,4,27,42.0,49.0,-0.19444444444444445,small,LOWER_IN_PHENOTYPE,kinematic,knee,right,RKneeAngles,0.19444444444444445
2,RAnkleAngles_ax1_max__median,4,27,20.19154453277588,18.75582218170166,0.18518518518518517,small,HIGHER_IN_PHENOTYPE,kinematic,ankle,right,RAnkleAngles,0.18518518518518517
2,RAnkleAngles_ax3_peak_vel__median,4,27,367.21228207348986,328.51564275609957,0.18518518518518517,small,HIGHER_IN_PHENOTYPE,kinematic,ankle,right,RAnkleAngles,0.18518518518518517
2,LFootProgressAngles_ax1_min__median,4,27,-117.31998062133789,-117.5862808227539,0.18518518518518517,small,HIGHER_IN_PHENOTYPE,kinematic,foot,left,LFootProgressAngles,0.18518518518518517
2,RFootProgressAngles_ax1_mean__median,4,27,-75.32091605309212,-74.75010950730578,-0.18518518518518517,small,LOWER_IN_PHENOTYPE,kinematic,foot,right,RFootProgressAngles,0.18518518518518517
2,RFootProgressAngles_ax1_tmin_pct__median,4,27,50.0,50.0,0.18518518518518517,small,HIGHER_IN_PHENOTYPE,kinematic,foot,right,RFootProgressAngles,0.18518518518518517
2,RFootProgressAngles_ax3_tmax_pct__median,4,27,36.5,51.0,-0.18518518518518517,small,LOWER_IN_PHENOTYPE,kinematic,foot,right,RFootProgressAngles,0.18518518518518517
2,RHEE_ax3_excursion__median,4,27,245.63488674163818,235.91311645507812,0.18518518518518517,small,HIGHER_IN_PHENOTYPE,spatial,foot,right,RHEE,0.18518518518518517
2,LAnkleAngles_ax1_phase_40_50_rom__median,4,27,3.5695137977600098,2.613642454147339,0.18518518518518517,small,HIGHER_IN_PHENOTYPE,phase,ankle,left,LAnkleAngles,0.18518518518518517
2,sym_AnkleAngles_ax1_rom_absdiff,4,27,3.9798110723495483,2.3970022201538086,0.18518518518518517,small,HIGHER_IN_PHENOTYPE,symmetry,ankle,bilateral,LAnkleAngles|RAnkleAngles,0.18518518518518517
2,RKneeAngles_ax2_tmin_pct__median,4,27,43.0,50.0,-0.17592592592592593,small,LOWER_IN_PHENOTYPE,kinematic,knee,right,RKneeAngles,0.17592592592592593
2,RHipAngles_ax1_vel_rms__median,4,27,112.7568232459644,105.9432852454537,0.16666666666666666,small,HIGHER_IN_PHENOTYPE,kinematic,hip,right,RHipAngles,0.16666666666666666
2,RHipAngles_ax3_peak_acc__median,4,27,7604.66871457432,6905.493061373025,0.16666666666666666,small,HIGHER_IN_PHENOTYPE,kinematic,hip,right,RHipAngles,0.16666666666666666
2,LKneeAngles_ax1_median__median,4,27,21.352099418640137,23.398656845092773,-0.16666666666666666,small,LOWER_IN_PHENOTYPE,kinematic,knee,left,LKneeAngles,0.16666666666666666
2,LKneeAngles_ax3_peak_vel__median,4,27,268.75914484543244,232.50863858249576,0.16666666666666666,small,HIGHER_IN_PHENOTYPE,kinematic,knee,left,LKneeAngles,0.16666666666666666
2,RKneeAngles_ax1_std__median,4,27,20.469790859938357,20.14268626327599,0.16666666666666666,small,HIGHER_IN_PHENOTYPE,kinematic,knee,right,RKneeAngles,0.16666666666666666
2,RAnkleAngles_ax2_rom__median,4,27,7.273505628108978,6.313891768455505,0.16666666666666666,small,HIGHER_IN_PHENOTYPE,kinematic,ankle,right,RAnkleAngles,0.16666666666666666
2,LFootProgressAngles_ax1_median__median,4,27,-86.12463760375977,-85.22943878173828,-0.16666666666666666,small,LOWER_IN_PHENOTYPE,kinematic,foot,left,LFootProgressAngles,0.16666666666666666
2,LFootProgressAngles_ax3_min__median,4,27,-9.36681616306305,-12.51360273361206,0.16666666666666666,small,HIGHER_IN_PHENOTYPE,kinematic,foot,left,LFootProgressAngles,0.16666666666666666
2,RFootProgressAngles_ax1_min__median,4,27,-118.99632263183594,-117.5531005859375,-0.16666666666666666,small,LOWER_IN_PHENOTYPE,kinematic,foot,right,RFootProgressAngles,0.16666666666666666
2,RFootProgressAngles_ax1_rom__median,4,27,104.46303510665894,101.91355752944946,0.16666666666666666,small,HIGHER_IN_PHENOTYPE,kinematic,foot,right,RFootProgressAngles,0.16666666666666666
2,RFootProgressAngles_ax2_max__median,4,27,11.126366138458252,7.7871620655059814,0.16666666666666666,small,HIGHER_IN_PHENOTYPE,kinematic,foot,right,RFootProgressAngles,0.16666666666666666
2,LKneeAngles_ax1_phase_10_20_mean__median,4,27,30.633601808547972,31.95909023284912,-0.16666666666666666,small,LOWER_IN_PHENOTYPE,phase,knee,left,LKneeAngles,0.16666666666666666
2,LAnkleAngles_ax1_phase_30_40_rom__median,4,27,3.0312967002391815,3.2598700523376465,-0.16666666666666666,small,LOWER_IN_PHENOTYPE,phase,ankle,left,LAnkleAngles,0.16666666666666666
2,RAnkleAngles_ax1_phase_60_70_max__median,4,27,7.780064344406128,7.970399379730225,-0.16666666666666666,small,LOWER_IN_PHENOTYPE,phase,ankle,right,RAnkleAngles,0.16666666666666666
2,coord_right_knee_ankle_ax1_lag_pct__median,4,27,-4.25,-5.0,0.16666666666666666,small,HIGHER_IN_PHENOTYPE,coordination,knee,right,RKneeAngles|RAnkleAngles,0.16666666666666666
2,sym_HipAngles_ax1_max_absdiff,4,27,2.599285125732422,2.4513301849365234,0.16666666666666666,small,HIGHER_IN_PHENOTYPE,symmetry,hip,bilateral,LHipAngles|RHipAngles,0.16666666666666666
2,sym_HipAngles_ax1_tmax_pct_absdiff,4,27,3.25,2.5,0.16666666666666666,small,HIGHER_IN_PHENOTYPE,symmetry,hip,bilateral,LHipAngles|RHipAngles,0.16666666666666666
2,sym_FootProgressAngles_ax1_rom_absdiff,4,27,1.3978989124298096,2.0321264266967773,-0.16666666666666666,small,LOWER_IN_PHENOTYPE,symmetry,foot,bilateral,LFootProgressAngles|RFootProgressAngles,0.16666666666666666
2,var_LAnkleAngles_ax1_rom_mad,4,27,1.1676554679870605,1.5618176460266113,-0.16666666666666666,small,LOWER_IN_PHENOTYPE,variability,mixed,none,LAnkleAngles_ax1_rom,0.16666666666666666
2,LHipAngles_ax2_max__median,4,27,6.637102365493774,8.135395050048828,-0.14814814814814814,small,LOWER_IN_PHENOTYPE,kinematic,hip,left,LHipAngles,0.14814814814814814
2,RHipAngles_ax2_peak_vel__median,4,27,87.28355150321174,88.21631238531324,-0.14814814814814814,small,LOWER_IN_PHENOTYPE,kinematic,hip,right,RHipAngles,0.14814814814814814
2,LAnkleAngles_ax1_tmax_pct__median,4,27,51.25,50.5,0.14814814814814814,small,HIGHER_IN_PHENOTYPE,kinematic,ankle,left,LAnkleAngles,0.14814814814814814
2,RHipAngles_ax1_phase_50_60_rom__median,4,27,2.3066844940185547,2.610210657119751,-0.14814814814814814,small,LOWER_IN_PHENOTYPE,phase,hip,right,RHipAngles,0.14814814814814814
2,LAnkleAngles_ax1_phase_10_20_mean__median,4,27,-0.34547800989821553,1.936595267802477,-0.14814814814814814,small,LOWER_IN_PHENOTYPE,phase,ankle,left,LAnkleAngles,0.14814814814814814
2,LAnkleAngles_ax1_phase_10_20_min__median,4,27,-5.200841546058655,-3.877302408218384,-0.14814814814814814,small,LOWER_IN_PHENOTYPE,phase,ankle,left,LAnkleAngles,0.14814814814814814
2,LAnkleAngles_ax1_phase_50_60_max__median,4,27,13.864713668823242,14.155278205871582,0.14814814814814814,small,HIGHER_IN_PHENOTYPE,phase,ankle,left,LAnkleAngles,0.14814814814814814
2,RAnkleAngles_ax1_phase_50_60_rom__median,4,27,9.18552976846695,8.417227268218994,0.14814814814814814,small,HIGHER_IN_PHENOTYPE,phase,ankle,right,RAnkleAngles,0.14814814814814814
2,var_LKneeAngles_ax1_tmax_pct_cv,4,27,0.48972631807193684,0.4893900486755438,-0.14814814814814814,small,LOWER_IN_PHENOTYPE,variability,mixed,none,LKneeAngles_ax1_tmax_pct,0.14814814814814814
2,LKneeAngles_ax1_rom__median,4,27,63.32807660102844,63.61022067070007,-0.12962962962962962,negligible,LOWER_IN_PHENOTYPE,kinematic,knee,left,LKneeAngles,0.12962962962962962
2,LKneeAngles_ax3_rom__median,4,27,18.554417669773102,18.85239887237549,-0.12962962962962962,negligible,LOWER_IN_PHENOTYPE,kinematic,knee,left,LKneeAngles,0.12962962962962962
2,RAnkleAngles_ax1_peak_vel__median,4,27,336.0540683869067,343.76611032906146,-0.12962962962962962,negligible,LOWER_IN_PHENOTYPE,kinematic,ankle,right,RAnkleAngles,0.12962962962962962
2,LTOE_ax3_excursion__median,4,27,110.36937713623047,108.89958190917969,0.12962962962962962,negligible,HIGHER_IN_PHENOTYPE,spatial,foot,left,LTOE,0.12962962962962962
2,RAnkleAngles_ax1_phase_80_90_min__median,4,27,6.500909090042114,7.921721458435059,-0.12962962962962962,negligible,LOWER_IN_PHENOTYPE,phase,ankle,right,RAnkleAngles,0.12962962962962962
2,sym_KneeAngles_ax1_max_si,4,27,0.2694852514040562,-2.4132923708607916,0.12962962962962962,negligible,HIGHER_IN_PHENOTYPE,symmetry,knee,bilateral,LKneeAngles|RKneeAngles,0.12962962962962962
2,sym_KneeAngles_ax1_tmax_pct_si,4,27,0.0,0.0,-0.12962962962962962,negligible,LOWER_IN_PHENOTYPE,symmetry,knee,bilateral,LKneeAngles|RKneeAngles,0.12962962962962962
2,sym_AnkleAngles_ax1_max_si,4,27,-2.606762362735861,-2.1315070306207256,-0.12962962962962962,negligible,LOWER_IN_PHENOTYPE,symmetry,ankle,bilateral,LAnkleAngles|RAnkleAngles,0.12962962962962962
2,var_LKneeAngles_ax1_rom_mad,4,27,1.1129209995269775,1.0968468189239502,-0.12962962962962962,negligible,LOWER_IN_PHENOTYPE,variability,mixed,none,LKneeAngles_ax1_rom,0.12962962962962962
2,var_RKneeAngles_ax1_tmax_pct_sd,4,27,25.50190315155369,25.48061102998785,-0.12962962962962962,negligible,LOWER_IN_PHENOTYPE,variability,mixed,none,RKneeAngles_ax1_tmax_pct,0.12962962962962962
2,RHipAngles_ax1_peak_acc__median,4,27,2298.6651348188916,2213.147229623857,0.1111111111111111,negligible,HIGHER_IN_PHENOTYPE,kinematic,hip,right,RHipAngles,0.1111111111111111
2,LHipAngles_ax2_min__median,4,27,-8.321333527565002,-8.364709854125977,-0.1111111111111111,negligible,LOWER_IN_PHENOTYPE,kinematic,hip,left,LHipAngles,0.1111111111111111
2,RKneeAngles_ax2_rom__median,4,27,13.435487508773804,16.322220265865326,-0.1111111111111111,negligible,LOWER_IN_PHENOTYPE,kinematic,knee,right,RKneeAngles,0.1111111111111111
2,RAnkleAngles_ax1_median__median,4,27,8.85179853439331,8.616094589233398,-0.1111111111111111,negligible,LOWER_IN_PHENOTYPE,kinematic,ankle,right,RAnkleAngles,0.1111111111111111
2,RAnkleAngles_ax3_rom__median,4,27,32.267194509506226,30.897772073745728,0.1111111111111111,negligible,HIGHER_IN_PHENOTYPE,kinematic,ankle,right,RAnkleAngles,0.1111111111111111
2,LFootProgressAngles_ax2_rom__median,4,27,15.50665819644928,14.40348196029663,0.1111111111111111,negligible,HIGHER_IN_PHENOTYPE,kinematic,foot,left,LFootProgressAngles,0.1111111111111111
2,RHipAngles_ax1_phase_60_70_rom__median,4,27,10.34073543548584,10.745813369750977,-0.1111111111111111,negligible,LOWER_IN_PHENOTYPE,phase,hip,right,RHipAngles,0.1111111111111111
2,LKneeAngles_ax1_phase_30_40_rom__median,4,27,9.732372760772705,15.85001277923584,-0.1111111111111111,negligible,LOWER_IN_PHENOTYPE,phase,knee,left,LKneeAngles,0.1111111111111111
2,LAnkleAngles_ax1_phase_10_20_rom__median,4,27,10.528532518073916,9.86390545964241,0.1111111111111111,negligible,HIGHER_IN_PHENOTYPE,phase,ankle,left,LAnkleAngles,0.1111111111111111
2,sym_FootProgressAngles_ax1_max_absdiff,4,27,2.3603404760360718,2.852534294128418,-0.1111111111111111,negligible,LOWER_IN_PHENOTYPE,symmetry,foot,bilateral,LFootProgressAngles|RFootProgressAngles,0.1111111111111111
2,sym_AJC_path3d_absdiff,4,27,13.481380969510496,9.401172474443229,0.1111111111111111,negligible,HIGHER_IN_PHENOTYPE,symmetry,ankle,bilateral,LAJC|RAJC,0.1111111111111111
2,var_RKneeAngles_ax1_rom_sd,4,27,1.9796039262077385,1.7660533289724403,0.1111111111111111,negligible,HIGHER_IN_PHENOTYPE,variability,mixed,none,RKneeAngles_ax1_rom,0.1111111111111111
2,LKneeAngles_ax3_tmax_pct__median,4,27,53.0,47.0,0.10185185185185185,negligible,HIGHER_IN_PHENOTYPE,kinematic,knee,left,LKneeAngles,0.10185185185185185
2,LHipAngles_ax1_vel_rms__median,4,27,111.92938145305448,106.66611310080873,0.09259259259259259,negligible,HIGHER_IN_PHENOTYPE,kinematic,hip,left,LHipAngles,0.09259259259259259
2,LHipAngles_ax3_tmax_pct__median,4,27,54.75,46.0,0.09259259259259259,negligible,HIGHER_IN_PHENOTYPE,kinematic,hip,left,LHipAngles,0.09259259259259259
2,LKneeAngles_ax3_max__median,4,27,0.8858403563499451,-0.9855008721351624,0.09259259259259259,negligible,HIGHER_IN_PHENOTYPE,kinematic,knee,left,LKneeAngles,0.09259259259259259
2,LKneeAngles_ax3_peak_acc__median,4,27,9299.851879361788,6882.197589523746,0.09259259259259259,negligible,HIGHER_IN_PHENOTYPE,kinematic,knee,left,LKneeAngles,0.09259259259259259
2,LAnkleAngles_ax1_rom__median,4,27,32.71734380722046,33.617746353149414,0.09259259259259259,negligible,HIGHER_IN_PHENOTYPE,kinematic,ankle,left,LAnkleAngles,0.09259259259259259
2,LAnkleAngles_ax1_peak_vel__median,4,27,358.2419753426019,376.99007271970476,-0.09259259259259259,negligible,LOWER_IN_PHENOTYPE,kinematic,ankle,left,LAnkleAngles,0.09259259259259259
2,RAnkleAngles_ax1_mean__median,4,27,7.243654666450059,8.045921871936557,-0.09259259259259259,negligible,LOWER_IN_PHENOTYPE,kinematic,ankle,right,RAnkleAngles,0.09259259259259259
2,LFootProgressAngles_ax2_tmin_pct__median,4,27,50.5,51.0,0.09259259259259259,negligible,HIGHER_IN_PHENOTYPE,kinematic,foot,left,LFootProgressAngles,0.09259259259259259
2,LFootProgressAngles_ax2_peak_acc__median,4,27,4846.965869693808,4492.404838819893,0.09259259259259259,negligible,HIGHER_IN_PHENOTYPE,kinematic,foot,left,LFootProgressAngles,0.09259259259259259
2,LFootProgressAngles_ax3_mean__median,4,27,-1.8189870686198832,-3.957991383010798,0.09259259259259259,negligible,HIGHER_IN_PHENOTYPE,kinematic,foot,left,LFootProgressAngles,0.09259259259259259
2,RKJC_ax3_excursion__median,4,27,97.69718933105469,95.31486511230469,0.09259259259259259,negligible,HIGHER_IN_PHENOTYPE,spatial,knee,right,RKJC,0.09259259259259259
2,LAnkleAngles_ax1_phase_80_90_rom__median,4,27,3.349952220916748,3.349358558654785,0.09259259259259259,negligible,HIGHER_IN_PHENOTYPE,phase,ankle,left,LAnkleAngles,0.09259259259259259
2,COM_msjerk__median,4,27,95182927.60015157,52610805.02162788,0.09259259259259259,negligible,HIGHER_IN_PHENOTYPE,smoothness,whole_body,none,CentreOfMass,0.09259259259259259
2,sym_KneeAngles_ax1_rom_si,4,27,0.20416642167673732,-0.05170087916689072,-0.09259259259259259,negligible,LOWER_IN_PHENOTYPE,symmetry,knee,bilateral,LKneeAngles|RKneeAngles,0.09259259259259259
2,var_RAnkleAngles_ax1_rom_mad,4,27,1.4081001281738281,1.2495012283325195,0.09259259259259259,negligible,HIGHER_IN_PHENOTYPE,variability,mixed,none,RAnkleAngles_ax1_rom,0.09259259259259259
2,RHipAngles_ax3_tmax_pct__median,4,27,52.75,52.0,-0.08333333333333333,negligible,LOWER_IN_PHENOTYPE,kinematic,hip,right,RHipAngles,0.08333333333333333
2,LAnkleAngles_ax2_tpeak_vel_pct__median,4,27,45.5,43.0,0.08333333333333333,negligible,HIGHER_IN_PHENOTYPE,kinematic,ankle,left,LAnkleAngles,0.08333333333333333
2,RHipAngles_ax1_median__median,4,27,27.58154010772705,26.77942657470703,0.07407407407407407,negligible,HIGHER_IN_PHENOTYPE,kinematic,hip,right,RHipAngles,0.07407407407407407
2,LHipAngles_ax2_tmin_pct__median,4,27,43.5,36.0,0.07407407407407407,negligible,HIGHER_IN_PHENOTYPE,kinematic,hip,left,LHipAngles,0.07407407407407407
2,LKneeAngles_ax1_max__median,4,27,72.43791198730469,71.35272979736328,-0.07407407407407407,negligible,LOWER_IN_PHENOTYPE,kinematic,knee,left,LKneeAngles,0.07407407407407407
2,RKneeAngles_ax1_min__median,4,27,9.261657953262329,9.484312057495117,-0.07407407407407407,negligible,LOWER_IN_PHENOTYPE,kinematic,knee,right,RKneeAngles,0.07407407407407407
2,RKneeAngles_ax1_max__median,4,27,72.79460906982422,73.56836700439453,-0.07407407407407407,negligible,LOWER_IN_PHENOTYPE,kinematic,knee,right,RKneeAngles,0.07407407407407407
2,RKneeAngles_ax2_peak_vel__median,4,27,146.47013546680682,133.62038388315864,0.07407407407407407,negligible,HIGHER_IN_PHENOTYPE,kinematic,knee,right,RKneeAngles,0.07407407407407407
2,RKneeAngles_ax2_tpeak_vel_pct__median,4,27,44.5,51.5,-0.07407407407407407,negligible,LOWER_IN_PHENOTYPE,kinematic,knee,right,RKneeAngles,0.07407407407407407
2,RKneeAngles_ax3_max__median,4,27,1.3800521492958069,5.109008312225342,-0.07407407407407407,negligible,LOWER_IN_PHENOTYPE,kinematic,knee,right,RKneeAngles,0.07407407407407407
2,LAnkleAngles_ax1_max__median,4,27,17.047234535217285,17.636372566223145,-0.07407407407407407,negligible,LOWER_IN_PHENOTYPE,kinematic,ankle,left,LAnkleAngles,0.07407407407407407
2,RAnkleAngles_ax2_tmin_pct__median,4,27,51.5,51.0,0.07407407407407407,negligible,HIGHER_IN_PHENOTYPE,kinematic,ankle,right,RAnkleAngles,0.07407407407407407
2,RAnkleAngles_ax2_peak_acc__median,4,27,2051.0166560077573,1834.6509786063873,0.07407407407407407,negligible,HIGHER_IN_PHENOTYPE,kinematic,ankle,right,RAnkleAngles,0.07407407407407407
2,RFootProgressAngles_ax3_min__median,4,27,-14.227353811264038,-14.207793712615967,-0.07407407407407407,negligible,LOWER_IN_PHENOTYPE,kinematic,foot,right,RFootProgressAngles,0.07407407407407407
2,LKneeAngles_ax1_phase_0_10_rom__median,4,27,10.526671171188354,11.291387557983398,-0.07407407407407407,negligible,LOWER_IN_PHENOTYPE,phase,knee,left,LKneeAngles,0.07407407407407407
2,sym_AnkleAngles_ax1_max_absdiff,4,27,2.5361013412475586,2.886136531829834,0.07407407407407407,negligible,HIGHER_IN_PHENOTYPE,symmetry,ankle,bilateral,LAnkleAngles|RAnkleAngles,0.07407407407407407
2,sym_AbsAnkleAngle_ax1_max_si,4,27,-2.725155020813756,-6.158338682580621,-0.07407407407407407,negligible,LOWER_IN_PHENOTYPE,symmetry,ankle,bilateral,LAbsAnkleAngle|RAbsAnkleAngle,0.07407407407407407
2,var_cycle_duration_s_cv,4,27,0.030616998488805915,0.03290637555156494,0.07407407407407407,negligible,HIGHER_IN_PHENOTYPE,variability,gait_cycle,none,cycle_duration_s,0.07407407407407407
2,RFootProgressAngles_ax2_tmax_pct__median,4,27,53.75,56.0,-0.06481481481481481,negligible,LOWER_IN_PHENOTYPE,kinematic,foot,right,RFootProgressAngles,0.06481481481481481
2,sym_FootProgressAngles_ax1_tmax_pct_si,4,27,-0.35842293906810035,0.0,0.06481481481481481,negligible,HIGHER_IN_PHENOTYPE,symmetry,foot,bilateral,LFootProgressAngles|RFootProgressAngles,0.06481481481481481
2,RKneeAngles_ax3_std__median,4,27,4.416073917340174,4.477142835742847,-0.05555555555555555,negligible,LOWER_IN_PHENOTYPE,kinematic,knee,right,RKneeAngles,0.05555555555555555
2,RAnkleAngles_ax3_max__median,4,27,26.938434600830078,24.779563903808594,0.05555555555555555,negligible,HIGHER_IN_PHENOTYPE,kinematic,ankle,right,RAnkleAngles,0.05555555555555555
2,LFootProgressAngles_ax1_mean__median,4,27,-74.97439276581943,-75.09052274722865,0.05555555555555555,negligible,HIGHER_IN_PHENOTYPE,kinematic,foot,left,LFootProgressAngles,0.05555555555555555
2,LFootProgressAngles_ax2_min__median,4,27,-1.957190215587616,-1.549383282661438,0.05555555555555555,negligible,HIGHER_IN_PHENOTYPE,kinematic,foot,left,LFootProgressAngles,0.05555555555555555
2,RFootProgressAngles_ax1_max__median,4,27,-15.749537467956543,-14.95202350616455,-0.05555555555555555,negligible,LOWER_IN_PHENOTYPE,kinematic,foot,right,RFootProgressAngles,0.05555555555555555
2,LKJC_ax3_excursion__median,4,27,83.76634216308594,89.8695068359375,-0.05555555555555555,negligible,LOWER_IN_PHENOTYPE,spatial,knee,left,LKJC,0.05555555555555555
2,LTOE_ax2_excursion__median,4,27,66.97720336914062,65.51589965820312,0.05555555555555555,negligible,HIGHER_IN_PHENOTYPE,spatial,foot,left,LTOE,0.05555555555555555
2,LHipAngles_ax1_phase_0_10_rom__median,4,27,2.5792675018310547,2.5257644653320312,-0.05555555555555555,negligible,LOWER_IN_PHENOTYPE,phase,hip,left,LHipAngles,0.05555555555555555
2,RHipAngles_ax1_phase_70_80_rom__median,4,27,13.083294868469238,14.123552799224854,-0.05555555555555555,negligible,LOWER_IN_PHENOTYPE,phase,hip,right,RHipAngles,0.05555555555555555
2,LAnkleAngles_ax1_phase_60_70_min__median,4,27,-8.47313404083252,-5.4220662117004395,-0.05555555555555555,negligible,LOWER_IN_PHENOTYPE,phase,ankle,left,LAnkleAngles,0.05555555555555555
2,LAnkleAngles_ax1_phase_60_70_max__median,4,27,5.429996609687805,6.972733497619629,0.05555555555555555,negligible,HIGHER_IN_PHENOTYPE,phase,ankle,left,LAnkleAngles,0.05555555555555555
2,var_LKneeAngles_ax1_rom_sd,4,27,2.048603002398649,1.6581434942649511,0.05555555555555555,negligible,HIGHER_IN_PHENOTYPE,variability,mixed,none,LKneeAngles_ax1_rom,0.05555555555555555
2,var_LAnkleAngles_ax1_rom_cv,4,27,0.06314437268322308,0.06824253183503672,-0.05555555555555555,negligible,LOWER_IN_PHENOTYPE,variability,mixed,none,LAnkleAngles_ax1_rom,0.05555555555555555
2,RKneeAngles_ax2_tmax_pct__median,4,27,59.0,51.0,0.046296296296296294,negligible,HIGHER_IN_PHENOTYPE,kinematic,knee,right,RKneeAngles,0.046296296296296294
2,RAnkleAngles_ax2_tmax_pct__median,4,27,35.75,37.5,-0.046296296296296294,negligible,LOWER_IN_PHENOTYPE,kinematic,ankle,right,RAnkleAngles,0.046296296296296294
2,RHipAngles_ax2_rom__median,4,27,16.559940099716187,15.971790313720703,0.037037037037037035,negligible,HIGHER_IN_PHENOTYPE,kinematic,hip,right,RHipAngles,0.037037037037037035
2,RKneeAngles_ax1_rom__median,4,27,62.990256547927856,63.601412773132324,-0.037037037037037035,negligible,LOWER_IN_PHENOTYPE,kinematic,knee,right,RKneeAngles,0.037037037037037035
2,RKneeAngles_ax3_peak_acc__median,4,27,7808.88190088344,8012.53631388869,-0.037037037037037035,negligible,LOWER_IN_PHENOTYPE,kinematic,knee,right,RKneeAngles,0.037037037037037035
2,LAnkleAngles_ax3_min__median,4,27,-4.104976058006287,-0.9455469846725464,-0.037037037037037035,negligible,LOWER_IN_PHENOTYPE,kinematic,ankle,left,LAnkleAngles,0.037037037037037035
2,RAnkleAngles_ax1_min__median,4,27,-12.888804912567139,-14.311639308929443,0.037037037037037035,negligible,HIGHER_IN_PHENOTYPE,kinematic,ankle,right,RAnkleAngles,0.037037037037037035
2,LFootProgressAngles_ax1_std__median,4,27,28.689631258759093,28.928925678621876,-0.037037037037037035,negligible,LOWER_IN_PHENOTYPE,kinematic,foot,left,LFootProgressAngles,0.037037037037037035
2,RFootProgressAngles_ax1_std__median,4,27,28.881889517121778,28.92061763798796,-0.037037037037037035,negligible,LOWER_IN_PHENOTYPE,kinematic,foot,right,RFootProgressAngles,0.037037037037037035
2,RKneeAngles_ax1_phase_10_20_min__median,4,27,25.270540237426758,27.75389862060547,-0.037037037037037035,negligible,LOWER_IN_PHENOTYPE,phase,knee,right,RKneeAngles,0.037037037037037035
2,RKneeAngles_ax1_phase_40_50_mean__median,4,27,16.695038378238678,18.287748622894288,-0.037037037037037035,negligible,LOWER_IN_PHENOTYPE,phase,knee,right,RKneeAngles,0.037037037037037035
2,LAnkleAngles_ax1_phase_0_10_rom__median,4,27,9.852774739265442,9.715598940849304,0.037037037037037035,negligible,HIGHER_IN_PHENOTYPE,phase,ankle,left,LAnkleAngles,0.037037037037037035
2,RAnkleAngles_ax1_phase_10_20_max__median,4,27,7.7431700229644775,7.4651360511779785,-0.037037037037037035,negligible,LOWER_IN_PHENOTYPE,phase,ankle,right,RAnkleAngles,0.037037037037037035
2,RAnkleAngles_ax1_phase_70_80_rom__median,4,27,6.628798246383667,6.4490647315979,0.037037037037037035,negligible,HIGHER_IN_PHENOTYPE,phase,ankle,right,RAnkleAngles,0.037037037037037035
2,RAnkleAngles_ax1_phase_80_90_rom__median,4,27,3.607738971710205,3.4083776473999023,0.037037037037037035,negligible,HIGHER_IN_PHENOTYPE,phase,ankle,right,RAnkleAngles,0.037037037037037035
2,var_RKneeAngles_ax1_tmax_pct_mad,4,27,2.5,2.5,-0.037037037037037035,negligible,LOWER_IN_PHENOTYPE,variability,mixed,none,RKneeAngles_ax1_tmax_pct,0.037037037037037035
2,LHipAngles_ax1_tmax_pct__median,4,27,43.0,41.0,-0.027777777777777776,negligible,LOWER_IN_PHENOTYPE,kinematic,hip,left,LHipAngles,0.027777777777777776
2,LHipAngles_ax3_tpeak_vel_pct__median,4,27,58.0,53.0,0.027777777777777776,negligible,HIGHER_IN_PHENOTYPE,kinematic,hip,left,LHipAngles,0.027777777777777776
2,LHipAngles_ax1_peak_vel__median,4,27,217.2196160942083,227.47144788017442,-0.018518518518518517,negligible,LOWER_IN_PHENOTYPE,kinematic,hip,left,LHipAngles,0.018518518518518517
2,LHipAngles_ax2_std__median,4,27,4.682109746681954,4.722326754698048,-0.018518518518518517,negligible,LOWER_IN_PHENOTYPE,kinematic,hip,left,LHipAngles,0.018518518518518517
2,LHipAngles_ax2_rom__median,4,27,16.213020086288452,16.146670818328857,0.018518518518518517,negligible,HIGHER_IN_PHENOTYPE,kinematic,hip,left,LHipAngles,0.018518518518518517
2,LHipAngles_ax2_vel_rms__median,4,27,42.05037555231975,40.27689118076854,-0.018518518518518517,negligible,LOWER_IN_PHENOTYPE,kinematic,hip,left,LHipAngles,0.018518518518518517
2,LKneeAngles_ax2_rom__median,4,27,17.00665807723999,14.853896260261536,0.018518518518518517,negligible,HIGHER_IN_PHENOTYPE,kinematic,knee,left,LKneeAngles,0.018518518518518517
2,LKneeAngles_ax2_tmax_pct__median,4,27,52.75,51.5,0.018518518518518517,negligible,HIGHER_IN_PHENOTYPE,kinematic,knee,left,LKneeAngles,0.018518518518518517
2,RAnkleAngles_ax1_rom__median,4,27,32.63845682144165,32.04097938537598,0.018518518518518517,negligible,HIGHER_IN_PHENOTYPE,kinematic,ankle,right,RAnkleAngles,0.018518518518518517
2,RAnkleAngles_ax3_tpeak_vel_pct__median,4,27,45.0,55.5,-0.018518518518518517,negligible,LOWER_IN_PHENOTYPE,kinematic,ankle,right,RAnkleAngles,0.018518518518518517
2,RAJC_ax3_excursion__median,4,27,154.88529205322266,159.44567108154297,-0.018518518518518517,negligible,LOWER_IN_PHENOTYPE,spatial,ankle,right,RAJC,0.018518518518518517
2,LHipAngles_ax1_phase_10_20_rom__median,4,27,10.760730624198914,10.563635647296906,0.018518518518518517,negligible,HIGHER_IN_PHENOTYPE,phase,hip,left,LHipAngles,0.018518518518518517
2,LAnkleAngles_ax1_phase_50_60_min__median,4,27,1.4786815233528614,4.0281442403793335,-0.018518518518518517,negligible,LOWER_IN_PHENOTYPE,phase,ankle,left,LAnkleAngles,0.018518518518518517
2,LAnkleAngles_ax1_phase_70_80_rom__median,4,27,6.792505919933319,6.445256233215332,0.018518518518518517,negligible,HIGHER_IN_PHENOTYPE,phase,ankle,left,LAnkleAngles,0.018518518518518517
2,RAnkleAngles_ax1_phase_0_10_rom__median,4,27,9.289779424667358,9.293025970458984,-0.018518518518518517,negligible,LOWER_IN_PHENOTYPE,phase,ankle,right,RAnkleAngles,0.018518518518518517
2,RAnkleAngles_ax1_phase_70_80_min__median,4,27,0.27845215797424316,-2.1931331157684326,-0.018518518518518517,negligible,LOWER_IN_PHENOTYPE,phase,ankle,right,RAnkleAngles,0.018518518518518517
2,sym_HipAngles_ax1_rom_si,4,27,1.9771611040326014,2.4778275981964777,-0.018518518518518517,negligible,LOWER_IN_PHENOTYPE,symmetry,hip,bilateral,LHipAngles|RHipAngles,0.018518518518518517
2,var_LAnkleAngles_ax1_rom_sd,4,27,2.0360419932666862,2.271869482165441,-0.018518518518518517,negligible,LOWER_IN_PHENOTYPE,variability,mixed,none,LAnkleAngles_ax1_rom,0.018518518518518517
2,LAnkleAngles_ax3_tpeak_vel_pct__median,4,27,44.5,47.0,0.009259259259259259,negligible,HIGHER_IN_PHENOTYPE,kinematic,ankle,left,LAnkleAngles,0.009259259259259259
2,RHipAngles_ax3_tmin_pct__median,4,27,50.5,50.0,0.0,negligible,TIED,kinematic,hip,right,RHipAngles,0.0
2,LKneeAngles_ax1_std__median,4,27,20.333094548680137,20.06221796541085,0.0,negligible,TIED,kinematic,knee,left,LKneeAngles,0.0
2,LAnkleAngles_ax1_min__median,4,27,-15.350963592529297,-15.756983757019043,0.0,negligible,TIED,kinematic,ankle,left,LAnkleAngles,0.0
2,RPSI_ax2_excursion__median,4,27,61.261756896972656,58.32594299316406,0.0,negligible,TIED,spatial,pelvis,right,RPSI,0.0
2,LAJC_ax3_excursion__median,4,27,159.64924430847168,156.0667724609375,0.0,negligible,TIED,spatial,ankle,left,LAJC,0.0
2,RKneeAngles_ax1_phase_50_60_rom__median,4,27,11.816102266311646,11.977596998214722,0.0,negligible,TIED,phase,knee,right,RKneeAngles,0.0
2,coord_right_knee_ankle_ax1_corr__median,4,27,-0.6935408169547055,-0.725582419291839,0.0,negligible,TIED,coordination,knee,right,RKneeAngles|RAnkleAngles,0.0
2,sym_HipAngles_ax1_max_si,4,27,-2.924736480286579,-2.204932500976117,0.0,negligible,TIED,symmetry,hip,bilateral,LHipAngles|RHipAngles,0.0
