null_mean_pairwise_pearson,null_mean_pairwise_dtw
0.8576116696107411,16.37265403642965
0.8409263144345814,14.20910678489018
0.8549318789961265,15.248489387176937
0.848969965652997,16.710374364109004
0.8329004232585655,16.39590716245993
0.8376683221610265,15.978136477165814
0.8307102278542254,15.559296280253749
0.8715590678625187,14.606791719977494
0.8179105074215216,16.264204567522526
0.8215647475127437,15.583882280177185
0.8336420887018421,15.95870186428312
0.8406157655808154,17.32505083650703
0.8411120668751751,14.939550387101114
0.8377616459775808,17.49175371756954
0.8435491565534234,16.55824464407777
0.8338099572713219,16.32643474063868
0.8335929742811352,16.852830782426427
0.8711463865846375,15.083972033114042
0.8629343330092224,16.706538151687365
0.8153785621131077,15.603529131901617
0.8444312612610565,12.32246084709859
0.8277978949650304,16.855085577986642
0.8659458047206069,15.718172718429495
0.8360169811393453,15.657696824664434
0.8364081261323387,17.50816260660891
0.8517974140858638,14.905256664325284
0.8333497679354851,14.400944253810914
0.8292242936402618,17.781105653428636
0.8226777240826396,14.560983335048808
0.8457064583557693,17.320578383882363
0.8091796458829278,17.11387930433771
0.8457432986751808,14.956738837057648
0.8524437377774686,15.646171189000697
0.8431180501793293,15.685931461029861
0.8693172766195293,15.854270842622123
0.8344798891094728,16.639929373603042
0.8418132032721418,15.938499700958753
0.8526845632108446,16.744722401324065
0.8284336665880724,17.55317519075212
0.8526070615381549,15.754985883767931
0.8505642717151082,15.684052297085458
0.8466751323178078,16.842992611233154
0.8273977351021214,15.02379087778543
0.8265879848622452,15.372203214209753
0.838826698786607,14.782586839551406
0.8394594111860342,14.833016043912577
0.8396969577414248,15.95654531156054
0.8477208912735289,14.281528387872399
0.8302463843142928,14.477001421663394
0.8567937341570975,16.911406243868264
0.837666779696788,14.84363566418449
0.8379970500587239,15.077563962768798
0.8248508188561751,16.45514978488035
0.840901662932744,16.11962572296558
0.8409495067078806,16.710179256064887
0.8374043236936116,17.519782150108327
0.8418524856662605,16.794688353644204
0.8333835381611981,17.233134286136348
0.8459722183878284,16.625655072954686
0.8331936776986093,18.00590258901766
0.8386720176017252,14.477399206538523
0.8635822402828334,16.225542394254777
0.8331777035007187,16.638560712942674
0.8462438228855819,16.310212465159534
0.8403594578559392,17.40191599408617
0.8510547231107789,15.871343466522065
0.872505592047138,15.620643307786258
0.8307817765727418,16.089603497562827
0.8724285014235487,15.32125726022385
0.8561073203829324,14.873470545941712
0.8397751336762035,16.638731338273868
0.8311952409773946,15.57367149005651
0.8388192526750503,14.991750977158269
0.8222071776183001,16.379176545642277
0.8430598236997686,16.171905021330222
0.8671757869923354,15.910201769918501
0.838986995798804,15.688665082750182
0.842890819427105,16.094983667820262
0.8425468971366811,15.198233898648972
0.8524729312703921,16.58049275862623
0.8496540884379197,14.880801267139908
0.853552450151584,16.153031599307994
0.8369218140132081,17.176232825982993
0.8760431864129608,15.95155585057173
0.8367449772640302,15.652380781850615
0.8426464903915928,16.063531944977058
0.8445640958996631,17.278257610581733
0.8306807921338916,16.364625344310056
0.8279641592441077,17.040548240154013
0.8617453146755469,15.935624015671815
0.8466913340237792,14.2925123793936
0.8420732940668176,15.903884942232942
0.8661910764155097,15.510983109472813
0.8433535955739493,16.086601876502908
0.8352635967900436,17.557604949605274
0.8356458694589218,17.304734459049044
0.8749224352180912,14.100265826224403
0.8429006258098232,15.508984197960615
0.8186251106979192,16.864734588984003
0.8541716971626075,16.274629454092153
0.8520773469815012,16.640489601232883
0.8441823228159278,17.486664797156347
0.8298554344660928,16.2933537137995
0.8365134909511065,17.05570810632057
0.8558145990294408,15.229061013654443
0.8194435384673283,15.791799550233131
0.8328110187748275,14.775937448198372
0.8179458342211477,16.2569354906439
0.8328491435555834,17.211380384130393
0.8467587414710506,16.221161899052557
0.8450071783674149,17.101634857837144
0.8342069382392389,17.453288995295498
0.8333643319855923,15.848039350345552
0.8600618034164794,16.54890584087705
0.8770391252702732,15.982161882749145
0.8354464397037011,16.825719288948175
0.8642818718669579,16.831848294522104
0.85674862586866,14.289759374302774
0.8197775180994791,15.566833818418766
0.8368592561200788,15.923516345147084
0.8473688160047471,15.184194954735531
0.8145285417177731,17.372176521438174
0.8522902175599971,14.544574958106702
0.8192068716921787,16.914359557158715
0.8383986283785956,17.183472016733422
0.8495217549363954,14.909369556401934
0.8465952679078129,15.462610600245876
0.8463181901101571,16.99594975137441
0.8535679716499193,15.333229985323351
0.8358285993510122,15.568682112275232
0.8281186149803285,17.63604873215424
0.8257304794691508,15.413624534334986
0.8439429516365572,15.382899513952248
0.8324925367965516,15.702247910260487
0.8337188241792947,16.07582984566446
0.8765127203984887,14.007890097309073
0.8272294742595233,17.258394092292196
0.88016743836612,15.329247818234178
0.8440189089602042,16.525045293412248
0.8044862894118472,15.766506988424277
0.8330994584223661,15.841784337130107
0.8360644650766291,15.824476425831422
0.8384636540479677,17.63382002406187
0.8509899770957526,16.362555407112986
0.8336119556669622,16.388053761291676
0.8410117327426074,16.733343625447002
0.8464533295740813,16.647305378830684
0.8607625484051163,14.139601915359151
0.842457821300176,17.422573419414707
0.8304908307175891,16.941954965044488
0.8400458220264637,14.886024087784952
0.8385300394127643,17.153122968263737
0.8741847249472045,15.401052387625578
0.8384075438178241,17.037126924295283
0.8161204228593876,17.3002982616442
0.827152323038001,15.824986370573592
0.8492855121121975,14.693662230820797
0.8293391220298981,16.531216070907305
0.8380394276817325,16.488220771096028
0.831160387149337,15.60886171916812
0.8435153999086062,17.247348064319947
0.8623748589546607,15.745705254783958
0.8463971713759726,17.530389422631576
0.8197856844601147,16.089873050671816
0.8557735411289452,16.546333295990177
0.8580935246070323,16.76977809210633
0.810946340727359,17.48133075029352
0.8472012403337388,16.195681727213753
0.8342738832831356,15.551865297492263
0.825927904774813,16.635398729176
0.8235462681202733,14.684036269795678
0.8426530791616799,17.255759254926655
0.8261905260806127,15.826874772377236
0.8367085636334677,16.307596381447436
0.8306467327608966,16.927042573770823
0.8217494041821324,16.279869683734663
0.8397384732968085,16.804130268993784
0.8265785434668865,17.113069471367915
0.8414950069503727,14.169250083983075
0.8492628687887788,14.161150229962217
0.818862954425049,16.950197379743596
0.8494282731222024,16.526131472650118
0.8311418225686323,15.280406801440884
0.8340874648392734,16.645061592552
0.838615964586424,17.563687488000756
0.8200508711182022,16.51296042304567
0.824405474949727,16.543195449516848
0.8272198824618547,16.13126006702936
0.8416268543032649,16.35951043704482
0.8219203554478559,15.327667610173338
0.8164132393037735,15.24719375424507
0.8378013800774555,17.22117258585561
0.8498253471284333,13.492884485999886
0.8282932581043422,16.569576701641456
0.8299863275945416,16.374050550729986
0.8473092374241861,16.245907209768593
0.8543674606580324,16.180690935346814
0.8399357768939955,15.376933007268486
0.8817126273256757,14.816986996986998
0.8229841176499768,16.02813947145229
0.8630835026377414,16.18367305349598
0.8560876721182974,16.01739011495645
0.8253622887448638,14.027270030728793
0.8266651678041318,17.44086762232884
0.8529975771442279,15.422821106751107
0.8263200812546146,17.22665548075388
0.8342755777611729,16.798171058703865
0.8032000682296524,16.396874222068632
0.8637299181499988,16.10776628672699
0.8218685930062866,14.96251103015925
0.8226584508737194,15.239899232312965
0.8618181455204715,15.260763079497822
0.8381725953076575,17.803299145674163
0.836208507427345,17.49025314319177
0.838010813418656,14.63967636193096
0.8672631253802261,16.48973148350348
0.8243360545605838,14.790192828960047
0.8508225835942014,16.24639137403723
0.8118684018415651,17.10620932443018
0.8478173119433845,16.588626079376585
0.8522269481743819,15.855404580009091
0.8620692139655909,15.550803567807419
0.8218262946762227,16.83661989134977
0.8213204179304602,16.830458480816105
0.8424391289348052,16.24144385739932
0.8575962055407019,16.14884725800632
0.849813870019978,16.56088646783419
0.8344192885929235,16.52846945603004
0.846892383889536,16.11846916755094
0.8647471272119418,15.153729009098607
0.8503015269323856,14.995222087102057
0.8413471985577194,14.007761333090954
0.8219099329855158,17.45730643808835
0.8670372860089189,14.982148355220843
0.8121184053123379,17.281631991110782
0.852001575918527,15.13671721670602
0.8450720702514335,16.967552261215502
0.8644408535390679,16.272475145358086
0.832689754691299,17.54084465921754
0.8393945163823768,16.37520238163341
0.8310783652764878,16.34616551974457
0.855938086874688,14.507439420596986
0.8196347397762653,15.829251889738487
0.8635830136166697,15.402050885961584
0.8503279125775642,14.782898677728403
0.818307361680298,15.580118680240838
0.8364174038409024,15.006922859797443
0.8056969588372241,16.69258321623798
0.8246203192738486,16.780324759506982
0.8430011290444078,16.03802777432276
0.8527766791520904,16.097864111057035
0.854101855095352,16.582740341735004
0.8311633916109878,15.156025982378006
0.8347014426760841,16.988476651454903
0.8465680428018113,16.267475883090977
0.8405388572325481,15.773521923966427
0.8270217032966111,14.216602980443183
0.821614535401122,13.59142414607967
0.8468759537919692,15.547579448857428
0.8576325292427759,16.96066957278599
0.8292100451482068,16.20226969095384
0.8421778650821464,14.713455826127555
0.8296674487004463,17.631599157873463
0.8268672249844006,16.82006446737829
0.8447751509100327,16.12079328147996
0.8479019498183215,15.762889998492307
0.8117328344466023,17.32951931237122
0.8539616818801957,16.887157805339104
0.8469388803548495,16.24852163621189
0.8402948693938362,15.068402582797555
0.829750290339883,15.984789236761175
0.8162267776303195,17.502590397920226
0.8571291378815862,16.946567935497015
0.8369562270928315,15.96329058824814
0.8540442946226626,14.486198217462885
0.8504682621163946,16.64457621369011
0.8581167946498004,16.38978488080861
0.868389179627751,15.61597237662703
0.8495959834157603,16.762588839455457
0.8697981383433461,15.99848515737341
0.82161946114488,17.229452575490768
0.8376700556337617,14.89648043559246
0.8133874181404189,17.392008858148866
0.8500497298525164,15.460130924060564
0.8356496462170645,17.111558678191496
0.8415740903666901,16.30878131365124
0.8292871303719629,16.381513490141256
0.8242158166713062,16.481175948719287
0.8694135940139885,13.615210695493955
0.8345553003820204,16.05520975609306
0.8368709265855409,16.06889476783919
0.826977440807429,15.265003737030142
0.8240548765100044,16.895481040554706
0.8255751823654912,17.114189016070245
0.8356533776441489,15.277545244235753
0.8139685787135029,17.60879964684248
0.8389740695876674,15.666598638062885
0.841740965634687,16.26237262697924
0.8640245540684934,15.013963909785687
0.8340246879416074,15.361246661963891
0.8446238861488556,16.27834748937232
0.8306985147541951,16.802467115337656
0.8459889561938173,16.500681152986246
0.8320104396435225,16.600778542400402
0.837909822951756,16.594551786924125
0.810810435196975,16.936982291444163
0.8273562371701351,16.047889730517863
0.8341578372660893,17.016872613950294
0.8468630321979055,17.76310994805336
0.8200565962274183,14.905293488340348
0.8446205272232744,15.215639665761094
0.8416868728557003,15.999339555538354
0.8271476359161477,17.033945197428725
0.8182593456278741,16.224051642090227
0.8306703423813433,16.096317216334256
0.8373174763990989,14.36499588479247
0.8628092332108789,14.901110051135886
0.8415707443647032,17.327008328492862
0.8655439970908553,15.00048072126684
0.8439187367826552,16.10860294557142
0.8605626641640872,16.560680386602275
0.8385282203946652,16.174844635902154
0.8379357467499666,14.49206266676157
0.8413760216637765,15.817756875067921
0.829522145896041,15.632487620120344
0.8454953304802258,16.90328342781963
0.8434372025862013,15.700634344829068
0.8500268412819634,15.859728917567246
0.8077873590092564,16.959483938356694
0.8581422992997824,15.885508491545394
0.8315832638242586,15.737070856603445
0.8506529073362015,16.30147183668969
0.8743298170519652,14.635185465766893
0.8357845078609535,16.773573841692905
0.8327863532611636,17.22565603418032
0.8483566207221863,16.216868905151927
0.8155404211303566,13.758269792238167
0.8391734830333494,14.868301202759696
0.8373939693717282,16.15708772292748
0.8304344104240345,16.817249965088667
0.8543262400280582,16.18975095243692
0.8524145129880684,16.47415754683996
0.8631526135337643,14.953924600237038
0.822623047385027,17.27064703217614
0.8363739763475703,15.020117238016828
0.8395904168973297,16.609507855946916
0.8569136689036125,13.920424365273597
0.8530458261905829,16.228193757743743
0.8628369731797298,16.16990763332819
0.8218172813989072,16.752662038726015
0.8337597999616895,18.150752068979624
0.8218579588733247,16.413647390850716
0.819168154241146,16.726826122380654
0.8504989503795395,15.150865252309602
0.8663799446660806,15.26874640049562
0.8484455516753965,15.844418009468464
0.8437144372462645,16.091907729161196
0.8406603370658837,15.959942885607774
0.8682911618181173,16.153415428205136
0.8648321161832749,15.108653161239177
0.8706893748955346,16.108352677197253
0.8491456664958331,15.302565851984369
0.8583309721811553,16.319033900765433
0.8284427343457068,17.064262170990514
0.8419202418939596,17.27029488835632
0.8226017383440621,15.607280657817372
0.831864121970559,16.94799152494244
0.8231739490832362,15.960896292270172
0.8176581009565984,15.461378241881773
0.8378926320649721,17.5861732433159
0.8405484465020554,15.22792148044826
0.8319661293454272,13.803815816465383
0.857356224743178,15.576978067545829
0.844720370811768,15.934860208233728
0.8230124233988011,14.89786985614272
0.8385846870673355,15.323769378239499
0.8701523333126745,12.548566762608756
0.8377780381109222,16.35425593462989
0.8299845239310257,18.178622278845364
0.8448798517895201,16.339269021195275
0.8355022098370909,16.78614201835125
0.8410189828680091,15.458511134076355
0.8456254431990246,15.206978172848148
0.8205320258826867,16.896230246611594
0.8540271928463555,14.576874171411253
0.8328685240642512,17.233443658757817
0.844673480768383,15.010569097976395
0.8314832610005496,15.967298129907496
0.8395900586763886,15.250624491536731
0.8564648972524899,15.654016312464464
0.8282232007522187,15.315108009400737
0.8661873806856759,15.727430992634348
0.818703912358373,16.75381362517813
0.8526487101114841,15.573295473904876
0.8649377815984982,16.011403301181854
0.838263504623849,16.43915201304084
0.867636642288821,15.75002355140906
0.837972007633859,16.206125500366714
0.843967913418556,17.193303070485438
0.8295307187325504,16.197944086904794
0.8248459589601973,17.788330394068684
0.8414073620404426,14.787696517630799
0.8201670598470244,15.50306009353799
0.8514099500682416,17.416456358850816
0.85121427780118,17.115738022495602
0.8365182165698024,16.172009479741764
0.848647303533375,17.18881219270845
0.8130269327027931,17.56134006875674
0.8403865896360488,17.316878815496604
0.8301460535001621,15.950339057155
0.8676123418155953,15.810317895585213
0.8528613777910627,15.425074044863402
0.8515660830874324,16.184690817591513
0.8379980084865255,15.416346743555339
0.8388032634356305,17.27784905488595
0.8246250844961253,17.57420069926702
0.8546170556502504,16.94055987157391
0.8386035070468045,17.031388533384163
0.8394194629994619,16.97302401102627
0.8220120052641261,17.086324416066514
0.8392304072866651,15.282527173904205
0.8461226373665317,16.69426807125979
0.8540508762515996,16.38690750399251
0.8316927959518825,15.890951462965079
0.8256274113877834,17.17965178410142
0.8256426513425685,16.53471885504229
0.8114231342171258,17.45398464413081
0.8401235452781531,14.66445340494839
0.8364826271769242,13.747700507993358
0.8328711767787595,16.66012716246966
0.8159806890299403,16.62477532664551
0.8364005499537955,15.988640385638055
0.8449429125180754,15.478217881060433
0.8332506810898878,16.641524212720945
0.8437761118922658,15.465990089018844
0.8313822907194659,15.111687795533337
0.8378139181069991,16.800035094670758
0.8389841436459956,17.489538431854474
0.8465015312851851,16.128811799853306
0.8402067768902975,15.75110393540339
0.8266593865518078,17.755988853989226
0.8069453945635727,17.5377771211168
0.8565188223327803,16.334614845578095
0.819852121712576,14.044117171636353
0.85246138396622,15.642348823603252
0.8454850835978731,15.66703789722707
0.8448591006126733,14.505155590434342
0.8530612405551299,16.05599169859902
0.8188035704936513,16.43106539457277
0.8396243273472094,16.33717979529025
0.8347388335228961,14.900380516679974
0.8392341976336478,16.408783953288065
0.8592087140319498,15.484892405505567
0.8402802167371458,17.48987037747142
0.8751375543064525,13.133955841000004
0.8387304083698247,15.835060991081747
0.8161468174663461,16.81941000671418
0.8524971394068706,16.302680194374798
0.8559860732004845,14.746631927257736
0.8019643544497654,17.814406376313276
0.85330520002617,16.856451677845712
0.8396992500987341,15.86702088773665
0.8375729919283916,15.035434778394128
0.8366773642238471,15.428083624948437
0.8312361334107349,16.04917262109365
0.8247402362245356,16.11326286259285
0.8263998405098661,17.154409419175895
0.835671136569479,14.531299859088806
0.8446714019289147,12.773950279994137
0.8537167604343158,16.52787148344611
0.8327467287596096,16.81938134893888
0.8271539416389103,16.790025825672473
0.8192477754868305,16.26958052142259
0.8401821175307275,14.69634127510101
0.8481520402784928,14.431226835680503
0.8565758776573323,14.531347318968798
0.8424091148084462,15.993964966622348
0.8404158012581763,16.46460727288215
0.8282903090240997,16.312626163534436
0.8353972383403382,14.539589039128797
0.8247676279828133,14.431925301353886
0.8672561998219401,16.900220041096052
0.8439305874372192,16.658326542186135
0.8215724136510048,15.147297119658859
0.839057451013653,16.11241804086291
0.8510292484190088,14.980730831644301
0.8407655389022933,15.753203233481116
0.8259915680675581,15.078722557843596
0.8615532459123908,14.55603892590747
0.8625244902575466,16.195619880936295
0.830781871517717,17.457561254926308
0.8415196956778074,17.02595996329885
0.8503214369982732,16.272708478192833
0.82473981714371,16.441046084221764
0.8253591525034221,15.166606089515973
0.829759157937978,16.147204264331297
0.8518863189665873,15.875309023071575
0.853686110239409,15.09445183045563
0.8334548204388175,14.83726034340834
0.8378728876245688,15.866829122332332
0.8255165558983601,15.908221617803042
0.8378927862067171,17.716016610209106
0.8403110361748256,15.891529764085933
0.8529669924276119,15.97476523249029
0.8640494807328555,14.899488668300725
0.8283046523210614,16.950837072616068
0.8343318616651983,16.09850565892166
0.8649016328403184,16.310648923648007
0.8324732214562761,16.35791074772311
0.8047833896005447,16.96127064418459
0.8504151496261029,16.406836966174772
0.8329919500031947,16.237418796227484
0.830150924153496,15.280646203777165
0.833800832133314,15.39471975686761
0.8555385073637547,16.177251959259692
0.8519912701810887,15.215374402362855
0.842255110484651,15.22847317712673
0.8539467628384022,16.47256447154201
0.8503831880256318,17.159256057258137
0.8347121560469066,15.460388546209105
0.8592770148213628,15.453357973059346
0.8438703278317937,15.381725734024448
0.8485264028172637,15.71490986195653
0.8457917442088041,17.518840323336693
0.8240931104852433,17.198239938718256
0.8697836865821871,15.8257693241313
0.8384864403987146,16.667857422738663
0.8260615717918008,15.26472958797396
0.833908651311189,16.05604415136489
0.847366644494918,16.812621845773478
0.8335165455965173,16.660166497965214
0.8395742055750445,14.01351269966024
0.842054936766999,15.43027127939026
0.8358644843221715,16.68400641300416
0.8489146358856688,16.621443854510133
0.8637620333366276,15.647294693740415
0.8332146947614149,16.207783902462996
0.8347245872757653,15.828432784953009
0.8208596775395672,16.45451905454297
0.8323871453443323,17.084039240106627
0.8263471189804328,16.96405292816223
0.8126089334859538,16.830200080078967
0.822075862011884,17.026999501643584
0.8349454082917763,12.729290154153537
0.8296653605384945,17.07637068250847
0.8532397199029691,15.907522536780354
0.8638437267892818,16.72665825972983
0.8320842702199848,16.402609385215456
0.8063371276108806,14.9154561265798
0.8377511721928057,16.969975828925012
0.8283824752452912,15.788940173899356
0.838009067637576,16.57895933332748
0.8605693280253918,15.881865615249113
0.8701475556293703,15.18009928801621
0.820093625680444,15.693768049814295
0.8443551588897208,14.416288344744009
0.8494911956091163,16.403793512427292
0.8459880192253659,15.619498694554748
0.8529329214781237,15.736144628826658
0.8183931114421408,16.372915013470337
0.8442298100930637,14.389682374578689
0.8448481126199848,16.129711044442963
0.8433076267769896,16.571133510874233
0.8245160203911029,16.14257097066098
0.8214751053485051,17.505352558336657
0.8210180905661181,16.07519168499042
0.8493915860781608,17.032949019966257
0.8585478170438131,15.577852718489128
0.8502065729655054,15.358612717689835
0.8182703811142301,14.554094578700992
0.8344862360301387,16.008365214571814
0.8203533872533099,16.817733787197973
0.8597636700901711,16.312695158035936
0.8580162272392177,17.01621102376401
0.8533761024558109,16.26551444462221
0.8149240505382078,15.930820368683703
0.8350539858225575,16.726841074180996
0.8345512825434654,17.607787782133993
0.8447718847447292,17.362402337781912
0.8534455777198019,15.849260726694206
0.8154385778833307,16.63066003049615
0.8409949062705003,13.974825899963903
0.8302251948142486,16.92641998089144
0.845003253216894,14.682290548226248
0.838841628942002,16.008627004400044
0.8546942714254232,15.393527452092135
0.8305487628382623,15.870496486143542
0.8333370473064812,15.597434911614831
0.8399542259737492,15.278878075843474
0.8295663890854282,15.681408648468993
0.8440888753157365,15.117992575043218
0.8496957472854775,13.223936727924013
0.8286998861091327,14.833908121408754
0.8613001214206779,15.17909976459678
0.8611279141971463,16.829279462067568
0.8567107250438387,14.515577206758616
0.8429764961373842,16.462335527359567
0.8374714087242658,16.390668180319285
0.8119221267572039,16.37142976067645
0.8194288962534638,17.678457304602215
0.843184659547742,16.536935814544925
0.818993279415277,16.382517484112633
0.8286607471259444,16.76997599738574
0.863858586216334,14.186352360832439
0.8448481754401213,15.46692003195478
0.8593752245372333,16.197213486926703
0.8320967084906052,15.306328625537342
0.8287439032832119,17.03623775361361
0.8222019921540583,17.93257014532181
0.8422186205183296,16.88731996795198
0.8421464953741197,16.662506464384865
0.8199725677806028,15.891838322156715
0.8358379702827561,13.209975422012286
0.8473261749907669,16.202803718729406
0.8244180765758088,17.88186253970188
0.8486575902261341,16.464573381135402
0.8166229873450188,13.873860764674392
0.8525867716338627,14.144723685353675
0.8203068046916497,16.175947308132628
0.8213213143306569,16.543022571787404
0.845242383893024,16.42047771931522
0.8384852306411498,16.993104225751352
0.8368110932804309,16.8424983605935
0.8527078900378681,16.24248845426241
0.8401620120975118,15.884043184261081
0.826425681194996,17.58117452463607
0.8523414314943626,13.847928824910118
0.8315176600321074,16.78720410715537
0.825417620564747,16.8830784212067
0.8159857724566243,17.628077880814526
0.8300465251535513,14.575670919379933
0.8293552222023584,16.59554174904677
0.8630969922683861,14.267072574629614
0.8115678993385611,17.02827321588944
0.820499416251562,17.44741668979925
0.837522179267815,15.210145889713624
0.8393698888852404,16.55583234282714
0.8253134768617443,17.12590359971088
0.8410731998104352,16.93914632119258
0.840004604486288,16.326913876965627
0.8551860406810325,16.168398708650987
0.822710950918616,16.019331525903066
0.8841516439505703,13.90684919555092
0.8405527223408774,16.0506459867944
0.8464871547364009,16.711212349358433
0.8571887003469202,15.79377303972885
0.8329636943797016,17.822312344677744
0.8546981135837219,15.294202269299802
0.8383585860600914,15.758036318052296
0.8620716123518077,14.224096023506922
0.8341334946444636,16.824749468971145
0.8269163311974853,15.724161718376449
0.8442131692005019,17.037838997214376
0.848358847006366,15.86570100398116
0.8330325139768395,16.668084484099474
0.8407540145691144,15.71554918576669
0.8315802726540218,15.5103144530984
0.8387847442318251,15.236710034357264
0.8319242444584763,17.070240762070707
0.8169046337651111,15.92740263919651
0.8379071577738338,16.31514265547039
0.83525259197819,14.595940914004311
0.8559879277480129,14.49730847200055
0.850007477626693,17.335518808893532
0.8352499713274146,16.631140356064268
0.8288815783357992,15.692311307480166
0.8629280714695756,14.76767872359089
0.8375327283811078,16.05148344963734
0.8341729643127892,15.61486981897358
0.8154700297148944,16.489856067485015
0.8426280074323319,16.761718005502434
0.8477987221438016,16.540991270380523
0.8432695627166767,16.292497363356805
0.8283160914479234,17.138505529098317
0.8474401868585776,16.460695352224583
0.822844018225573,16.496200556462078
0.8617457491483688,15.995446693012502
0.8547614147493582,16.10842667767041
0.8567436808778495,17.013536440903447
0.8498298307591808,17.38451159285783
0.8715493687288909,15.447890630626736
0.8343693950123812,16.52999779485831
0.8449718522862809,12.606533940360995
0.8285589011969949,15.43528634764349
0.8764005896008281,15.136550968409509
0.8172117427349512,16.826781400816056
0.8505486463622794,15.487475085752507
0.8378899368321919,15.75473154499963
0.8381317016975269,15.418581187954146
0.8229592761900478,17.588228352258582
0.854813039811539,16.31639869463785
0.8447905821302424,16.00415759825846
0.8285243892419931,16.698508979968967
0.8330761100981969,16.310335954891915
0.8112593766750926,16.747265944994478
0.8614584347305912,15.174524339470024
0.832394391379466,17.094941151552458
0.8482611368002743,17.685897028975422
0.8418594030838952,15.224919258014078
0.8481871203696607,16.0803493039004
0.8590064623764974,14.090923127576984
0.8225470624109791,16.45790443820819
0.8321186935399535,16.12961574898513
0.8294225433558879,15.209294257487693
0.8509760101579413,16.197221602175187
0.8334546318550079,16.714248507647152
0.8360668106252884,14.457091195412962
0.8473107506580543,14.70187190560093
0.8442584766340936,16.131241502602126
0.8338410423190866,17.537872624338636
0.8379930077021794,15.2673710905702
0.8152934615890962,17.22692492968111
0.8322669055873894,17.101146697032572
0.8644577351738926,15.784007046088838
0.8288038460902284,14.884281476705468
0.8279819564948995,16.538522565248037
0.8552323752718164,14.493052404493502
0.8446832049522102,16.36298989775169
0.8376863752146972,16.629985183003946
0.8616201415890518,14.425676428045369
0.8338256348549703,15.300581648790333
0.8402460116571723,13.493466990708336
0.8445220534470782,15.928151316842369
0.8541010742622458,15.959114653626147
0.8517430331183579,16.509392638671212
0.853416530550008,16.12102516126583
0.8316014951640488,16.55782149566832
0.8310449032302759,16.38181815409715
0.8121514298896856,17.136653479819376
0.8395104053715491,15.54224045685961
0.8273649651800611,16.286174127640262
0.8596183333803805,15.338821911655023
0.8230159176437125,16.856532012261937
0.8477012086382273,15.053082353076567
0.8470908487722436,12.607094800468667
0.8379961554475344,15.428024322740363
0.8504563317529614,16.20483571500092
0.8376559970394825,13.056644892057244
0.8452987890246555,16.21301455542356
0.8576078383156874,15.368183082155424
0.8368003573279775,17.065242437560233
0.8646996668997171,13.98062701260658
0.8297282588848992,16.31798066909087
0.8391289387553323,15.356261722514331
0.8329826152652413,16.98274301200337
0.8428936594381353,16.204784553614065
0.8454454967867484,16.38996790757621
0.8621156189824589,15.478385796867643
0.8326623400719381,16.23782732452777
0.8360508066500519,15.620323390760797
0.856804643874697,16.582782181088398
0.8543239637397345,15.622845751879828
0.8524205563591781,17.181808669919764
0.8207200772839341,17.50553751909965
0.8545588478502805,15.171231682350403
0.8382741085307014,16.920988515769704
0.8367626724330074,16.384214219360505
0.8381813930392674,14.709790365021957
0.8420693147807862,17.082247538065005
0.8166510867624387,15.998805831862498
0.8438325550226248,15.401364700166644
0.8299672006049095,16.463741356071385
0.8613308776927481,15.937242084711576
0.8725717347900369,16.30598827850721
0.8333345269141447,16.717884368594035
0.8362187838742677,16.50317856974404
0.8317535708554548,17.465273104435163
0.8669442906358098,15.308059820348136
0.826254078024252,17.80900686289858
0.8476703797264945,14.185498655256387
0.8337803665757173,16.74848541281312
0.8489082988286318,16.372495047433507
0.8540272121663857,15.87160191368396
0.8413841751831961,16.17830603527437
0.8303389710988908,15.03817673087042
0.8488256533291808,16.18616638335557
0.8474849997534565,16.16583105192155
0.829584756048961,16.205285232455342
0.8526553779204242,15.600756033049587
0.830434841092765,16.14864377894392
0.8338491827520707,17.36860881568542
0.8250532866864478,16.877963502565187
0.8546858843775579,16.424032128265747
0.8461287782881003,15.754363305056813
0.8483266685810649,15.491901027418649
0.841283159822357,16.04488339998475
0.8488411711076248,14.520156349766838
0.8530954384230526,15.072286821365209
0.8679653903440245,13.240050740246334
0.8523076081539704,15.260711274145697
0.8593803941360427,16.12933199770086
0.848314260705823,16.26181622506841
0.8744493200728672,15.51939573359278
0.816746985075791,16.402255891220445
0.8582827398030707,15.745845781070335
0.8293762420387353,15.23629918529664
0.832502356576195,17.916207816472866
0.8448950380813988,14.37227357269841
0.8390088046138379,16.500384331777624
0.8568976918670019,15.198421054465546
0.8403646527686447,15.849889626777488
0.8480539338995534,16.26556264690896
0.8447742216831277,17.122770010444345
0.8496708557999448,16.63034965198757
0.850428184066967,15.80789555223105
0.8306444797001875,15.929817509084023
0.8515432761058083,14.314131062019328
0.8266268952618808,14.177224060871785
0.8715829866119517,14.036934088510725
0.824188651913583,16.218731154824212
0.8621140902197094,16.903000300926582
0.8299319447469493,17.360091677403233
0.8450416792760368,16.81213942387937
0.8396304264911502,16.14778352528363
0.8257692190592166,15.037611155479448
0.8563650712855674,14.365834029105136
0.8335196465484839,16.17550442090055
0.8774418182467513,13.542311882130143
0.8448261377928502,16.807971158666906
0.8460868742356634,16.04779304669915
0.8473030035112671,14.544216991962633
0.8494873860026657,14.2927394524149
0.8205913367057414,17.630683870660256
0.851694263682361,14.491725757206586
0.8425341527859557,16.056388662245574
0.8449937971420124,17.112997925981215
0.8323203150556836,15.903453518176912
0.8580897150499891,15.64087191774342
0.8390557410223097,16.784057078689205
0.857775623980746,15.00049699108073
0.826104514789283,16.663477325438624
0.837033307960382,14.909828632755968
0.8159029990878793,16.305948685195606
0.8254318357435371,15.914702558303025
0.8360886792269961,14.092205483347717
0.8260868045678311,17.0867089649504
0.8501503461686362,14.19971680095677
0.8513941745571586,14.237517351490482
0.8336948733153827,16.746352020667725
0.8461102301991517,13.65139533314256
0.8506599685693773,17.26704258039298
0.8362149370963942,16.30947611180495
0.817756088819924,15.97654714190188
0.8346710250806071,17.398606759067206
0.8496308455209153,14.683204087756545
0.8572760681134713,16.420537559498726
0.8268928671639421,17.27153818347236
0.8365989916762318,17.2318972688557
0.8294789820713722,16.259232244730274
0.8584924046286746,16.224053618757573
0.839120009522472,16.765041210211603
0.8294583869976121,16.491174956200915
0.8412555145402288,16.559389392432394
0.8449519523982169,15.882974321817299
0.8320182827912035,17.50781222145919
0.8249668448254331,16.076241904699973
0.8344002151971495,16.72168621044108
0.8012730713959789,16.828745158901672
0.8210951364423583,17.559665103701327
0.8549996535171016,16.351016254803852
0.8283340247891804,15.21669484310757
0.8368430206191318,13.32847698162883
0.8451291410458612,16.218016790030248
0.8749615657390986,14.60243356850846
0.8304748989383247,17.274902157764945
0.8157858567167108,17.270794053299362
0.80586897507321,17.09867262901797
0.8320783515717873,16.043490552359774
0.8335874735761172,14.988279902847593
0.8541126687591722,14.866977742456443
0.8545379982667295,16.593822387029988
0.8518880613742499,16.955709720575705
0.8360180171979926,17.45859626975833
0.8332964298116147,16.06349392318702
0.8338698161402863,17.111356231066576
0.8518152978175492,15.649941802084362
0.8453251053893084,17.459899430604025
0.8246258329703641,16.94003773416978
0.8137220144650475,15.424139480201296
0.8140916920687001,17.59756274186521
0.8689200060809338,16.198290491540977
0.8439504276506234,16.016828369001445
0.8278554814948215,17.561488710336317
0.8390248210796539,15.520429440872405
0.8246107943993345,16.647033602861534
0.8223374214765232,17.30786927305375
0.831919236792643,17.126886970784962
0.8391219744694774,15.403267972405972
0.8217880002658182,16.942883829580694
0.8276151380789026,14.57153218815838
0.8821141729997845,13.332669625366592
0.8483649592827897,16.56899242889391
0.834990244578193,17.175958675339498
0.83267415120931,17.68048569600519
0.8555485638975707,13.477007236000345
0.8402194903461604,16.161145686168513
0.8480601879768427,16.205014754244726
0.8508360772122757,16.59901885762354
0.8401691779227797,16.109179345939413
0.8326430116916628,16.746777589727145
0.8450648669752652,16.771135796122717
0.8173367719884449,16.79314974865228
0.8443001154616283,15.78252297772184
0.8363179864368598,16.124300934415853
0.8154831716521413,14.71021547348848
0.8366626540901381,16.73333612938554
0.8097143407895246,17.196345543654093
0.8291192378960544,14.41300082381803
0.8687916238692637,15.563220165906651
0.871734560890787,14.967939048733628
0.8396767995296361,15.796792660218527
0.8357960434213352,17.166853475431996
0.8539783931418649,16.245747606497176
0.8287438305316276,17.188880411976104
0.8390508252945509,15.57029823978535
0.8453239198324418,15.123622427984566
0.8099258559784591,16.93616766008696
0.8446625960737327,13.29995918592729
0.8348102263534067,17.511405345577074
0.8397986838657742,16.063275043115194
0.8378479087506814,17.383961106238146
0.8344928571371129,17.324411006847
0.8447923642646035,15.740884497109185
0.8450092694144434,16.678887873838573
0.8405751430573489,17.21349051498364
0.8561731101939208,15.65537304848411
0.8425669802039651,15.21700744952111
0.8151888532786957,16.42462329867645
0.8378586606996571,16.118757765817197
0.8482564569794205,15.91965269473617
0.8180201050469177,17.069388788455438
0.8301007487710881,15.649837926705276
0.8385101128016045,16.508478271816184
0.8457731599656565,16.035751815199077
0.840526959962454,16.890940900164658
0.8359524982226662,14.73254329280659
0.847728654690037,15.775368279268925
0.8212035108865661,17.28275182254978
0.8293526284046165,15.65388796549736
0.8578593587909175,17.2083365991365
0.8396818525436017,16.935992179910397
0.8430083648109671,17.191211806005736
0.8479713508983538,15.840220945361045
0.8362902870101551,15.934221813060484
0.851282350881216,15.71288676483554
0.83121816864556,16.157778913766826
0.8498228309704645,15.455372475278786
0.8427670247326824,15.851735999450925
0.822644727773112,16.35113277127624
0.840099998610146,16.00452858765922
0.8484685847022679,17.834436303389428
0.8165276223206127,16.635722985492542
0.8498968864587946,15.945317185802942
0.8342239962488875,16.712673126493524
0.828604997910026,17.209277366594254
0.8455387033817607,15.88356826771799
0.8424799683360753,15.207268431772505
0.8527071568457739,16.716380868242926
0.8216987829880603,16.2431376904042
0.8410174537024453,16.935539148558927
0.8131002062766209,15.864997147629905
0.8396089016098037,14.281539685180833
0.8438094671648884,13.072904455643831
0.8679646046098357,16.1185878459216
0.8681064095345735,14.981729686816829
0.850217346860091,15.931328354200682
0.835889666509405,16.421195385275553
0.8311617086054942,16.801373577665114
0.8419334286836738,15.552893575862818
0.8424654483249068,17.16806379022516
0.8481925488232672,17.255712867234912
0.8245753166033318,16.694167342918064
0.8438705258500939,16.949701978305892
0.8316308183723766,15.808847417867574
0.8311591034604958,16.461737183559787
0.8273086230618544,16.298678603971194
0.826849429376777,13.704526345961298
0.8265658498540945,15.27680788673581
0.8202792798262797,15.345386024449388
0.8381322315607042,17.0410589102552
0.8315481356225586,15.251249358834594
0.8447804256283894,14.746036876586098
0.833287342345521,15.204997556502596
0.8359238432670054,15.995536960115809
0.8546453471960707,16.074494177500796
0.836892438632408,15.148614113383289
0.8365435717035542,15.709748313701153
0.8585613033424978,15.084051934730473
0.8520583048693862,15.061094663312597
0.8730887532135081,16.351763604970795
0.834341490198114,16.205868772563363
0.8553175466245785,15.722046832345084
0.8253486645934225,17.238020536982003
0.8388664733519074,16.851362787660204
0.8240748969274301,16.62245841571801
0.8342737752436958,16.738837264870416
0.842781621324412,15.310251351726144
0.8160502495051594,16.36509688627051
0.8423352853572527,17.387803416009532
0.8489297715293905,15.544293861780536
0.8576910574002103,15.252527502233185
0.8476069954400649,13.741808896760245
0.8471605558724985,15.9879100654256
0.8343996374602322,14.512726077154667
0.8213456176947457,16.567421098680075
0.8448548083822919,16.52061004979348
0.8607839880952923,15.96253506824489
0.8364575795654448,14.98128887475795
0.8400262632937893,15.515762199123598
0.8297342216748889,16.670439260545074
0.837741377392239,16.317493033017048
0.8495471592640556,13.666983341641005
0.8544866823245608,16.952003720676288
0.8313114871930559,16.689473395990582
0.8435773490346413,16.042529383407643
0.8528630058082883,15.813529377293065
0.8488720998544635,16.27477584838236
0.8536100139356848,15.627418881280553
0.8206056141311419,15.104251041864778
0.8442909303866873,15.099291670365986
0.8435369089377889,14.961353760181666
0.8138093164751221,17.510895881665203
0.8378719024269531,17.374417563924258
0.845220612025899,14.682062422065483
0.8536018185425537,16.285409497381977
0.8284651974132986,14.364148924510436
0.8705031265117572,16.28713309339848
0.8776081922903246,15.153566916105724
0.8359667757646162,15.523901523355853
0.8262708004637082,17.055911833841353
0.8536806972018379,15.280984108964061
0.86291268987756,17.166766120054884
0.868844622764889,15.29751231922999
0.8255305444250413,16.95729446464316
0.8216499352944032,16.708587440151543
0.8487872576150289,16.4019698640143
0.8289971738936837,15.38715566454061
0.8371070185856215,15.144448205082467
0.8232026014675488,17.13570859373449
0.8569350568926625,17.07136381705519
0.8659244109900871,15.813660705255538
0.8475708243415437,16.673364320746664
0.855093106145914,14.547407159609799
0.8550554849365036,16.89338062831427
0.8224702471321702,17.268120031763132
0.8602094681906419,13.700576393815824
0.8343400274433085,16.43301828500346
0.8490079828609031,15.321802908186099
0.8217722658555128,16.472374548540525
0.8329411561203578,15.93232024822756
0.8238665211318462,15.715876418993668
0.8368411578008285,16.94423617774939
0.8230483500734778,16.018426365831722
0.8577650030227367,15.753374577329135
0.8085932110843004,14.512597499300432
0.818625938607318,17.569591161356612
0.8096772677135178,15.765054028103378
0.8135794065817316,15.245692721268588
0.8258018581244495,16.196664723986174
0.8176870527995029,16.453029863491704
0.8320700116280775,16.636709741294183
0.8500901126000425,15.824198553710291
0.8276258398274133,16.93263314586579
0.840289778224526,16.97983500777654
0.833257696671463,16.139561632816005
0.8487258817738952,15.859646247893805
0.8378663122174919,15.940403140973643
0.8521910647641645,16.599376488735924
0.8555819511228949,16.01936344204579
0.8392630335759,14.825074411346145
0.8545157998493208,16.364091186982197
0.8361787718804852,17.520905094221554
0.8482292043004739,16.154849135825213
0.8543260110279455,14.246133081205551
0.8424578943108959,16.419131674014793
0.8264961375151056,16.543498325610656
0.8238064667711872,16.971941611072562
0.8382765454077347,16.412089348246663
0.8394531497977203,16.828335780066553
0.8298915494808637,15.782182045492448
0.847442760128073,17.686537691920947
0.8579337739953018,15.733774547546657
0.8184219149781721,17.486760080964828
0.8368258301217106,16.658107172074402
0.856145556273471,15.764023566434465
0.8374698785710736,15.479738732938046
0.8488788609130212,16.365829298006947
0.8192021235486324,17.02230896155947
0.8557465299222516,13.826446166901803
0.8802605119180206,14.882386411425491
0.831874443572341,17.547269892161758
0.8614461518415656,15.199529871238598
0.8232109440445097,17.93148287493904
0.8550690587518467,15.158417037864846
0.8315928627924959,15.152788053853678
0.8463174533091685,15.842729211817606
0.8446148544674332,16.510123465530842
0.8281580016300759,16.334672887763837
0.8232616499496213,17.257707927807857
0.8293874643817878,16.422854293201393
0.832344017119507,16.34688346108208
0.8278733520041083,15.688622012696953
0.8636708348655211,16.60497928988222
0.8325313487217211,15.942810533942437
0.8402577038364178,16.348612335910705
0.8440836483486912,16.52133388605229
0.8533178549338878,16.101536595537205
0.8551066761548003,14.62254012714419
0.8396845103689227,15.522495108249517
0.8089368007748338,17.114946304457295
0.8570328774624296,15.627280466608006
0.8327486805753964,17.004528357220906
0.8269984164392925,14.714478869936286
0.8370297695148108,16.36986251757146
0.840941746925956,14.712776154733916
0.8399862349565054,15.899252429727918
0.8324367820037453,16.129700946906024
0.8254234689482939,16.135496758133623
0.8568287930362252,15.305596121549078
0.852361145634771,15.885939339284718
0.8422382300973249,16.224255790891355
0.8254018134107954,16.820878074727602
0.8405491634912271,16.867472660636604
0.8379950811043978,16.33253199731816
0.8534873272475171,16.499791276218573
0.8320057708750647,14.267983277610421
0.8517205285164565,15.620540594734138
0.8213347175808544,16.299289716163276
0.8292637360364071,17.449291286382174
0.8648141513399947,14.973651938261156
0.8462221969931005,16.23964546484046
0.8430891627847729,16.1991555481825
0.8313974505961572,15.693484602116973
0.8281663499188533,16.143015725401465
0.862771284628828,14.5541762856553
0.8341316691327632,15.905410640399351
0.8353186910417026,17.088742084685865
0.8478320258601882,16.592659956999682
0.8353357737446347,16.11475060826076
0.8556616554915885,15.751393815542757
0.8214901304799634,16.246424129683515
0.8137696915589103,15.93813706452817
0.8342244606016767,16.38950763044119
0.8306959826122626,16.349054634638353
0.8511315880991237,14.4723161156819
0.8213610089152678,17.40010222846947
0.8421014971799875,16.343337581541288
0.8264850884954701,16.790846533774552
0.8719366838773493,15.135136994297177
0.8429971221348755,16.258591603210586
0.8430333362868202,17.263493605575075
0.8176045967339362,16.015300793605373
0.8610139692868293,15.65271350539951
0.834083208961436,16.59955217312294
0.8338912617836717,17.4285501602085
0.8379749860306619,15.341976096174463
0.837156450102178,16.329911530091945
0.8280413877850522,16.527632498563346
0.8311098732669823,17.51028099484986
0.8317112067831355,15.564771364975906
0.8366861243604115,16.082129653924124
0.8270760352300089,16.4930751798789
0.8170634246843639,17.772905630827236
0.8370161426588946,16.463704303537313
0.8358691697925269,16.27633301609987
0.8632084545274243,16.807296211625182
0.8469022059085297,15.848333797730424
0.8485458580860888,15.577154043761674
0.8401518193694427,15.425789424844107
0.8394639434457206,16.380004812073135
0.853478316075862,14.425828522396628
0.8525598509246253,15.53580249028994
0.8533947554398713,15.491800891001352
0.836847208460087,17.115018998976577
0.8535067231262786,16.288485686009064
0.8503735626119534,16.810680966038664
0.8156426663025006,15.008069647905659
0.8387242278554017,17.113641636922164
0.8458066070318573,14.938602894865674
0.8521011807257927,15.701582520230367
0.8625521984271858,15.57386860090356
0.845169928964984,13.048505294834262
0.8311471791052315,15.187049888292655
0.8411178841521996,17.240757674864224
0.8318618946433141,15.998403139345141
0.861576767933904,16.255358990685764
0.833430162344393,15.613483818554515
0.8400152627029166,16.30377372013052
0.8401627819883651,15.033205590089153
0.832229641149702,15.881481556447527
0.832857828250911,15.38547648834097
0.8465188963277875,16.237773451873135
0.8286097256013781,16.601362032775878
0.8633414970198438,14.731246894128084
0.8529610505854199,16.642041948674187
0.8419910884286405,16.400167956156885
0.8167309552544489,17.437124632118234
0.8507283048208123,15.894181451770985
0.8373124725640936,14.906358590611234
0.8220399641512026,15.769201300430597
0.828206422143965,17.201765271135375
0.8340322590774614,17.422156270761153
0.8352603138865398,17.468492723138613
0.8259448511700144,15.875884007885944
0.8450834373402599,15.83042074163234
0.8451990057953783,15.957244888686246
0.832965467760149,17.162927202218892
0.8421585907449581,16.473473224460136
0.8201119846571245,16.221160119602384
0.8182948810546108,14.644335093330499
0.8770217573291194,14.188361102839217
0.8202077852860219,16.577788850144735
0.8414123409974671,16.2121899892718
0.8480117823268283,16.283753447827362
0.833680985518802,15.949594883495102
0.8251851670353944,15.382914738452184
0.8112131911070821,16.47977578269732
0.8176085539055448,15.332326622203311
0.8655260110493077,14.768258969815703
0.8230644769166228,16.56699958443039
0.8325384834326162,15.832921132737141
0.8214563844436062,17.727156268709706
0.8169943477026016,16.97268008401306
0.8325675293242417,16.402731206187074
0.8307866789485955,16.801326474855802
0.8311805622416483,15.607460400667696
0.8378910362598271,14.378664149567422
0.8157055498019906,17.524738110706462
0.8396284890045593,16.28209722541871
0.8361746206552136,15.21918611395175
0.8349384725242488,16.038167420640125
0.8567198409065298,14.941874560190001
0.8388260797842643,17.12464616304972
0.8367229258920479,16.132568508754638
0.845953351144528,17.11999520332399
0.8500969449212326,14.49038645712083
0.8137481285409018,17.612852789688134
0.8468333353215968,14.529392233340333
0.8535632158459691,17.021437506312648
0.8314644908504979,16.120351064615946
0.8242540084671356,16.670365083995918
0.861541473316315,15.834664396258406
0.8248420634467974,16.49877144098767
0.819469709839885,16.615356013693212
0.8439673206057371,16.7877907655955
0.8618734949662613,13.573015437066926
0.8553328769503244,14.512170319336954
0.8417489933537664,15.474649298545827
0.8459963263451739,16.584115844554645
0.8153578763534092,14.270576497102388
0.8586676696802228,14.590638968107802
0.8239560822524239,16.19584475757033
0.8421364910245331,13.853398542848604
0.8572058369036298,15.985764190739564
0.8414020402477701,16.461158212943428
0.8240873750724663,15.806775021668415
0.8375012012150959,11.45477533639307
0.8512469893496885,16.4234758258707
0.8262413886568455,17.108260386316257
0.8346616341189671,13.664537670180275
0.8361585423684207,17.004926210154895
0.8387265954560198,16.619279482716646
0.8291964569775635,17.386354008862057
0.8256379640529076,17.44947607188315
0.8309740643866149,15.2707848293612
0.8532963964430959,15.828169691607075
0.826757904695319,17.37569233194444
0.8474555391877264,16.264723174090566
0.8405852242224242,16.563977171409178
0.8345276379965156,16.788893722942515
0.8290404711855284,17.284621605762414
0.8597946152643218,16.180797869526486
0.8524710751303523,16.666964552740374
0.8540697809472797,15.375193515993724
0.8561003252931599,15.490829975225017
0.8458656013259528,16.233916919367488
0.8040293613158226,16.893084573978303
0.8329782308316761,15.35834738341872
0.8231587807975805,16.958335309102136
0.8500326036955771,14.709954409266588
0.8427558419453156,16.77174881859291
0.8520315316017212,15.246050173878585
0.8207154203543606,17.25720507628378
0.8363996982745087,16.65666050238163
0.818558245599108,15.92558584557325
0.833060322564161,17.66759936162534
0.8624232071897588,17.214279775902614
0.8335233120490556,15.11758023387044
0.8244537722115574,16.52010658425768
0.8378931688300097,15.84809965264477
0.8528458296342164,15.564099132490716
0.8273354883277952,15.325994975367786
0.8148101258180173,17.265316526528448
0.8289707920802862,16.225682515231824
0.8207027064632987,17.229941419985888
0.8417949547286242,15.66958843471403
0.8415179877088645,16.810121854717476
0.8412321540851811,15.804436926133477
0.8218247883466353,14.625347060630013
0.8430567048234824,17.57041192531742
0.8406577352976227,16.05469880497485
0.8672632061357128,15.588897456423439
0.8383391468092212,17.336418765060134
0.8405683803634698,15.273705062027263
0.8460889678946465,16.57307444949493
0.8538313027912072,15.488182107586438
0.8784595487864987,14.53128658267041
0.8443936034505183,15.982480384342773
0.8417923102436856,17.357978255721935
0.8132186190827976,17.12785150228366
0.8287042529758257,15.525748232944716
0.8511079164639083,16.867810692778345
0.8359810593691267,14.980281164364955
0.8325355349637436,16.314350558639244
0.8391724677052821,18.041231153875888
0.8293063370372087,17.302973047721256
0.8343121392851297,15.721623757833534
0.8493013840344822,14.909258087796482
0.8370450604493834,16.139288021767882
0.8297333956114876,16.374446710175807
0.842156153162816,16.121094158080098
0.8356162391870269,15.458778849496944
0.8466364216658518,15.532536219915082
0.8542655899456529,14.02951269470295
0.8403433571607314,16.267930508336157
0.8773839845250261,13.671004355312219
0.846983992794862,15.629623719418781
0.8312625208966327,14.527364713859114
0.8465696922629524,15.554774382481002
0.8214379857629197,16.66043544256495
0.8523678298658107,15.909137599899738
0.8536986540709721,16.91231942847107
0.8596374057346913,15.668422852805781
0.8077706346548842,16.68809881705042
0.8244807479363186,17.700000726208444
0.8535666680373941,17.135420283232037
0.8358348376672358,10.507162939224115
0.8493367601186713,15.679534807936767
0.8251600096470274,16.25281256722964
0.8555355348485897,15.507961508862243
0.8343533685556669,16.76621074940442
0.8207356770224762,14.973034459868984
0.840333610333779,16.57261460733762
0.8619349013422392,14.506298168788446
0.8511085953377133,14.814094381540135
0.8551566447575164,15.370660085124669
0.8380801813692255,15.06594453802514
0.8193477642678543,17.202689896789924
0.820158285249106,16.739716516834488
0.8106912299180072,17.600588116889373
0.8414644382899006,14.20884968513758
0.859473510164208,15.150323776604752
0.8419309494345754,16.59831915471723
0.8501311944998374,14.704869673742143
0.82720231772825,14.590037620104047
0.8371990829502023,15.120885325674069
0.8418285760505045,14.86961148913918
0.864250614345423,13.797538628684052
0.852594931617822,16.189103620361205
0.8459016599396448,15.409382049514726
0.8426860846369721,15.051023943118485
0.8394530698805589,13.893215500216058
0.8302403952048373,15.810323284046007
0.8455221523858202,16.202291033333196
0.8262769670574247,15.759470165039657
0.8359772152698484,15.9239742642904
0.8436884703725592,16.377393645775484
0.8168259475418028,15.86291433418097
0.8447781769457969,15.988952330407576
0.8383915707022694,17.001411758151537
0.8370629488744634,16.187846713144186
0.8324165345622035,16.218474865304863
0.8200567667069328,16.770602244756684
0.8341051223142931,15.906752205853863
0.8447163714299637,14.743153989303025
0.827248313912564,16.21450679679177
0.8197689762219141,16.470082894010737
0.8581398631220574,15.727069387508303
0.8232061418833126,13.867797403738393
0.8466988821139139,16.3277879303925
0.8146152061830132,16.338089565010417
0.8292018344891748,17.468699728060287
0.8223448321256197,17.544233789737305
0.8616995914100922,15.739484078884239
0.8294473927605616,15.87591168901232
0.8331376459025713,14.367115133985594
0.8414791327416968,16.306307178685163
0.8350149077792497,16.70515127105743
0.8469058430406212,16.322939104950134
0.8625879151777474,16.58418646409941
0.842614673207084,17.514159562084526
0.82693945198791,16.450739877749747
0.8336198791958708,15.090094082243
0.8411289887558654,14.829660602569634
0.827247878135299,15.089636315673799
0.8273838022594578,17.559622370049514
0.8462844731381355,14.689950479888276
0.8470161480828123,17.077212406943215
0.8502547623783586,16.787068768710835
0.8165201624585552,17.15008701227362
0.8215144682146764,17.19000742946611
0.8631451968113657,17.336871011888803
0.8506179216196467,13.367862178088139
0.8518372743680982,14.183274344886948
0.8622726735016331,15.558782829620084
0.8325993088390912,17.755336548794077
0.8411453219928937,16.50008882584115
0.8400534225425508,16.197015311337974
0.8484757148936471,15.344980174851264
0.8663571440197021,15.881022806600457
0.8446503702493401,15.711611956838013
0.8321602447450931,15.53028938961294
0.8409664077662417,17.48306837767667
0.8356149974899192,15.268471185019267
0.8295093106851005,16.565866417526045
0.8481636857706856,13.970693109107609
0.8297095643947506,15.401646292149216
0.8581138670106246,14.75898657730171
0.8589957102082875,16.444491561383163
0.8444164570120435,16.778475151839633
0.8327935246912318,15.831280740040562
0.8537647466571735,15.005072677493606
0.8418606446790107,17.598204991997857
0.8206068945106629,16.244634769136066
0.8233874319996392,16.6427241224933
0.8153410684722782,14.902488226178557
0.8521286876413333,14.937710555876357
0.8408905686555322,16.067878521724015
0.8169713542004425,17.14080289828017
0.8497471091672728,17.409022964532753
0.8457765284067488,15.551290623657954
0.8344532539939792,15.945036363231024
0.847635995674778,13.300441122806491
0.8319274577456586,15.999185107181015
0.8589499439526014,16.362432263283548
0.8144301374891896,16.80092912448247
0.8351902595892201,16.42345156979981
0.8213952122013249,15.266511029494376
0.8497239014151967,16.51814043634389
0.8645025359074209,13.113432967627551
0.8413598224717592,14.567346735950288
0.8237990247789962,17.897637185722708
0.832554267712549,16.616752983215957
0.8528002765733057,16.951830848865843
0.8242160774501328,17.360307009125545
0.852685867380802,16.453943264340264
0.8282386702141498,16.244743889624043
0.8621519193820952,16.46265042301589
0.8274987506544025,16.7113101162818
0.8521570025879833,15.192592278862342
0.830134506921231,15.757999149694234
0.8304643559027078,16.88294755087877
0.8324912433151646,13.851620666912476
0.8595277214947382,15.467139237141437
0.852674701447757,16.496088703697783
0.8517991370237817,14.555308725097746
0.8646996972236135,16.546165197388643
0.8062702345995247,16.711273454854407
0.8673273861437375,15.656213006771905
0.8366567483152697,17.2620298688829
0.8702794155889348,15.295266889139725
0.8219206817681469,17.064533621327474
0.8288745738555391,16.843018664492643
0.84423781876627,15.829881049815512
0.87890205857524,15.912843016697822
0.8394803566327881,14.698371028348442
0.8190560724152172,16.575867861040162
0.834673564963051,17.252665443935594
0.8452894771556277,15.715030959106143
0.8347445833935804,16.31725234043098
0.8426133944825193,16.360449531066347
0.829871759595281,16.402217880546797
0.8575206077588678,14.495068626313278
0.8082631248568979,17.256544243114792
0.8421179032226241,17.77371405566774
0.8411704126958077,16.834511225172545
0.8547659821148895,16.281983637903334
0.8568666062917334,14.766778352046536
0.8360664540167777,16.53356337175369
0.8315724843031952,16.178778606939954
0.8187875095417346,14.941327900337688
0.8434445400036655,16.465400634979357
0.8533855766435505,15.817814478885127
0.842682491712973,15.871913334381903
0.8699870530026111,15.470342601876709
0.8452728974201337,16.241194494557345
0.8445442325812773,15.259025436622347
0.831343484280025,16.98261074353091
0.8357589396340684,15.627010314669823
0.8068430933905621,16.822543304870152
0.8241244672250233,16.717585151308096
0.8501529528551273,16.604347700459993
0.8323847424599379,16.80811731117549
0.8372938283896184,16.008752775519483
0.8346666305231718,15.364898770369775
0.8220026343769365,16.034109882658882
0.8429984590445575,16.64264997880397
0.829847738025497,16.89135697179695
0.863710492747832,16.595312431273143
0.8426348114847763,17.494805594071256
0.8272610697465711,16.57256258912351
0.8531784081136958,16.10409107461072
0.8376634229190619,17.225494297419196
0.837500323898864,15.292834415108244
0.841831519268511,16.34106694809582
0.811285358687949,16.338726783695414
0.8493877953807901,16.864944654320997
0.8579170557297551,15.852356569015782
0.8623885980331716,15.76377218381585
0.8663258149997719,16.391967377237645
0.8705230348707834,14.07401569795246
0.8547602929880554,15.153058703623742
0.842517962272697,16.023874457981837
0.8481437463513407,15.57606547081447
0.8458116363131638,15.93754192167848
0.8183382896325861,16.730302387343112
0.8438871852221353,15.83694131981134
0.8128824077219997,15.807106937531026
0.867205081796195,15.667989990136583
0.8615617893256297,16.10577655011007
0.8716129284944941,15.52702927943269
0.8412354526232998,17.670450460793983
0.8435264803285974,15.652424545709904
0.856750156708662,14.907203553009344
0.8511353672849454,14.653655548634655
0.8741962197553744,15.705212339827526
0.8445248736092893,15.327071166686911
0.8463870031980512,17.211600937767486
0.8642723967538931,15.621103901641213
0.8387898718846775,17.60045195165014
0.8367859362452253,15.057817195792273
0.8511027726238763,15.815764675898967
0.8634167066886561,14.089967144559502
0.8483358478925446,15.657419719075707
0.8507052780520116,15.34695309460262
0.8615692431130397,15.649847736547114
0.831956113631989,14.147831194381977
0.8419740336854952,16.772203976226162
0.8061108763906454,16.90047986105319
0.87846962793704,15.229824565543646
0.840309958788942,16.78860521851411
0.8398971436425988,16.38173420084748
0.8325059710907086,16.43251384497412
0.8313151180643533,17.543787618481193
0.8485333503185993,16.99978325602618
0.8302673287802239,16.359881915849982
0.8503319629007849,15.01442371279993
0.846588865016808,14.057372031137447
0.8448313605973422,16.77536792347842
0.8219460070470133,16.454654382441344
0.8511380643814023,15.651608975541995
0.8316498586751103,16.95434391700745
0.8595368538434868,16.12895969925457
0.8562642351495612,16.0125098689261
0.8431530837981133,16.87156384813459
0.8218101931030443,16.980456166848672
0.8257909524941854,16.21344552814772
0.8500092306891074,16.264302202111278
0.858737771939576,14.52285581810547
0.8477204679781858,15.456023568157015
0.8268054850326215,16.781192201651997
0.8346700641623777,14.405033250226564
0.8476284646996471,16.105142501068034
0.839037410033267,16.76175897634921
0.8554598832127981,14.537204788457318
0.8236342487126516,15.655465313923685
0.8418090997064672,15.421901837961244
0.8515685688316265,14.906714406463662
0.8138177886982274,16.610667745526545
0.8389398980744023,15.514602640732738
0.8373783201763012,15.614823074947102
0.8260767018874843,15.313453168931623
0.8561976143195449,13.516345478426716
0.8295421865513593,14.895261113178153
0.8558220286631242,15.175753285780544
0.8484662232814181,17.018942179589583
0.8458082136103209,16.313440065765136
0.8447682244074519,14.414911907893108
0.8627983864793407,15.06061962266701
0.8470064136726658,15.78102219284928
0.8220293138129965,17.11137620457829
0.8395084483701653,15.702847109386127
0.8361005781772999,16.496947854025176
0.8334098047703389,15.6405146995096
0.8420687085346695,15.563550670820243
0.8268237793956071,16.387587450916595
0.8474282134752436,16.91445221855027
0.8180737514469557,16.22302275594008
0.8397300103550464,15.398806029684375
0.8361698184445334,14.377829588102841
0.826210861652639,14.120079240981093
0.8256933135244294,15.598731482760664
0.8560812014656832,15.65386910095188
0.8196891283978616,17.027557883428937
0.857062586738901,16.64946602118233
0.843749341533638,14.653060056832004
0.8420451499733469,15.948947955811102
0.8330365639935221,17.122647961136764
0.8317579845154416,16.807724035553687
0.8658028118396554,14.832934832722541
0.8130295318060218,17.477097285172043
0.8524218422796407,15.597580052954953
0.8289398679558723,16.689415545874848
0.8385189349387687,17.912921480798644
0.8432633441519172,15.317153002092425
0.8331809119860871,14.653628910169923
0.8428540519687283,17.537528126199064
0.8499903234594005,16.8479678849486
0.8268307059504579,14.610692536809447
0.8468061836656359,16.26228733053316
0.8403924902903505,17.16851349578516
0.8508061041897831,14.352755901173062
0.8245454289894582,17.190632610956808
0.8519389026055849,16.002830995446896
0.8488097815613824,14.508692049764122
0.8591499957003624,15.55402111074146
0.8271547269228252,16.739898525019072
0.8406094706537237,14.653238073257631
0.8295210876069183,17.27050644146368
0.8308190095069454,16.53218714740914
0.8269611882806839,16.371114872307206
0.8515403269315552,15.85175037002758
0.8371750700450121,17.089141989095676
0.8717732125131971,14.926946793634935
0.8375662441314996,17.247547162972296
0.83393572451297,17.46359605729678
0.8308821815887527,17.561457483165146
0.8364282034127704,17.228553137779045
0.844475455311466,16.58548335688231
0.81480560616148,16.525816230063203
0.8379277124570659,11.768660278969875
0.8286083572325019,16.7578983231956
0.8402852288666672,17.180585720302147
0.8294589513435676,16.317050637992427
0.8373916101524189,15.981981208633533
0.8445206627889493,16.880758080038117
0.8348744397863336,16.029046672484654
0.8207132725343321,16.311619660976984
0.839321732191991,16.094696075688464
0.8272280256246388,16.4354465276169
0.8087790123799704,15.60612654652472
0.8445432616244654,15.44972575719285
0.8585159482843571,16.319786948479624
0.836887323778223,16.345414061275278
0.8497639449638577,15.671104509235553
0.8325324672082997,17.022317044260568
0.8329339324439475,15.336242447704747
0.8512021412876023,16.11896800108786
0.859979705186953,16.571922889856165
0.8377921735644973,15.675079866156187
0.8529572012982332,15.153699985017212
0.8496020926248685,13.83406167704778
0.8338927672915157,16.109168327844483
0.8197903889431263,16.35977858304765
0.8523503472923624,16.467306621670737
0.822311424577279,17.247866276831306
0.8418167369826688,15.936239800357503
0.8457924281596041,16.461258402959782
0.8317695075975934,16.91014793386112
0.8387626193417849,16.913430494209052
0.8556078097157233,15.57640943275068
0.8390361663196737,16.136292201638334
0.8339272990028309,15.64224303901572
0.8431300515712038,15.795868052011274
0.8495924215460069,16.072167364454433
0.8588196715478871,15.269698524397553
0.8603587149117079,14.389049068528047
0.8350363182372602,16.567052002865733
0.844592974649883,15.875534625606484
0.8325519142713452,16.56855464566795
0.8250881400650645,16.001177864930337
0.8496596947784892,16.332718956524776
0.8549227259867888,15.896847113362611
0.8551062896358691,15.256840871102751
0.8400376490542579,15.37350375965409
0.8377964930947613,16.209087363516364
0.8187904727475234,15.779494519643825
0.8278386824789635,16.90344135504942
0.8425248712432122,17.608988314296912
0.8392453878434157,15.885274107877484
0.8604213325294569,13.849774404476042
0.8263197862323447,16.621745149979006
0.862157749444489,16.46074565048559
0.8485069273912855,17.07621105678164
0.8480295568687991,17.013202716156293
0.8587184597336677,16.470898633531743
0.8524272345723228,15.321438444974282
0.8110129575844677,17.381531556419656
0.833396386024634,15.36683499428088
0.8465631399172583,16.310395961312956
0.8492562581119677,13.705071756219604
0.8643494288507066,16.737035812013204
0.802007453257772,17.34819173300974
0.8265386238142917,15.512283894118989
0.8572112813293082,15.19168238088641
0.8215608618679946,16.883414381769825
0.8551013620452893,16.74737046113148
0.8130853119644517,17.33300965179365
0.830737225189479,15.850159105422648
0.8158365151588494,17.491952761733657
0.8476765591436566,16.84449535000721
0.8644677561221754,15.791924248285305
0.8433042359257686,16.53861870738128
0.8392852823788816,14.605726533991977
0.8460067397178044,16.477131881449527
0.8429947841793562,16.63642638689131
0.8360207293752496,14.928938142400076
0.8525978755445788,17.057616282998797
0.8357820038130573,15.963020423770246
0.8303839988610324,14.475222127680299
0.8165859433005221,16.117803485368977
0.8488616212438999,16.831332985543412
0.8630000415118455,16.207160481950265
0.857578494243342,16.494174528889864
0.8506323261566293,16.81660517181128
0.8459904909855885,15.52102810431093
0.8506385585417467,15.836007902676991
0.8349894845222149,14.234281572682717
0.8305478118572215,16.474777107863627
0.8210558024998731,16.093498435729142
0.8524932647557845,13.993846512588528
0.8165678056610908,17.05728502254529
0.8520634145114308,16.229421598388846
0.8417503000910901,16.624954078850763
0.8214337765905109,17.666539840025248
0.8508979167907668,15.210679237529993
0.8506171246445738,15.117936563217398
0.8192647169533317,16.909346050929674
0.8522998688601703,13.876632539390556
0.8444643896223628,16.635726898938312
0.8748038015117009,13.697825474909166
0.8371038070888709,15.34973657709404
0.8440305599618066,16.74760723739781
0.8551482991284928,16.130210831285392
0.8313365599273629,15.889540685451443
0.8392405927625087,16.570600714918758
0.8413129503304725,16.5412973115186
0.8426181301446185,15.860548871737933
0.8661811409192458,13.904972006576896
0.8556742513193262,15.294053705586572
0.871751724425839,15.808478222035582
0.8404954912205476,16.846287988304507
0.83133858477086,16.789169828037803
0.8265481180200781,17.42699437514464
0.8377719525355675,16.871521489155512
0.8451434191683304,13.003274374557293
0.8216948761191966,17.16801263632286
0.8517698050298899,16.010003233757548
0.820486966306075,16.57679145302329
0.8253191379712743,17.716772132728995
0.8299937035103357,17.35441173389252
0.8446227967652327,14.651465515041975
0.8432220722529978,16.199717048781782
0.8421477603059034,16.612984604008172
0.8336505890390483,15.278291902504472
0.832286408754353,16.95029238842171
0.8723755914224561,15.680331046750988
0.8037864833235814,17.17356160380312
0.8410339284135037,15.482872026787769
0.8354491282119526,14.767144636858108
0.8383588632788518,15.90070820342725
0.8234217849363231,14.11551064809968
0.8432810206082516,17.568527115335016
0.8273337216590785,17.03997441477852
0.8476797977963346,14.992646293331608
0.8453980436667345,16.966281999058868
0.8395716757183722,14.028249952799266
0.826875085224969,16.466071595419848
0.8182921947718143,16.087313899762602
0.8393591213134277,16.84828812486757
0.8687281783265032,12.967954711813093
0.8514217555187739,15.38205705329029
0.8383998304118411,15.80483111959326
0.8688349940792799,14.966049052092037
0.8680841932560571,15.551919447679381
0.8272957773158881,16.360169339361068
0.8215396428452313,17.471726595203666
0.8346067399315747,14.989907640462498
0.8456573604184947,15.611174153975663
0.8477721173695355,16.56433511792963
0.8451643737283906,13.225966501355437
0.8380002963986731,13.994675708625778
0.8117566118992142,17.604296196223512
0.8116242477935249,17.285630292144397
0.8318790113779269,17.04979809829709
0.8273552795815796,16.37467259718501
0.8469174940498925,13.870210570394057
0.8525543817660597,16.57180524473309
0.8266167642303118,17.09290982588384
0.831665169878383,16.488043009400155
0.8312544445453254,15.995818414146228
0.8390310445437802,14.540767070122042
0.8488583905587297,17.32663548305904
0.8395066477156731,16.216390870917294
0.835339515989511,16.071186366034905
0.8258168497743653,15.877196639426883
0.8317257303976485,16.531645143672243
0.8241169171419119,16.5064462200063
0.8271362733013766,15.929770114659123
0.8233862299025487,14.76753956631635
0.8251563136256905,16.405177662100616
0.8185836916084952,17.37235835193594
0.8230969838594601,17.871094043032414
0.8348963197062683,15.841154023900431
0.8433524001113107,16.023708265528587
0.8112731613477365,16.397767728393436
0.8218482289683728,17.04484332850372
0.8146876103299642,15.818868177021578
0.8399888871699548,16.48802853116005
0.8197197912635095,16.035637282437904
0.8427141881243904,16.890320612441265
0.8438361671629399,16.70835636849093
0.85994382947167,13.41477002611709
0.8495482850401616,16.288627641950153
0.8336574676315608,17.489478209359472
0.84333617131357,15.556016205918596
0.8314736027139372,17.129123564306052
0.845821331642099,16.479059355105193
0.8336596392412062,17.42896445452012
0.8273452592456487,16.290604433374977
0.858595156034082,16.184271852624708
0.8081237228649344,15.31544334456718
0.8392170053698972,15.784369680091771
0.841649155302377,16.38874399959619
0.8540798987901256,14.56722904433416
0.8100125821902942,15.611967765222069
0.8114003304082605,17.6528097565952
0.8335641429754781,17.597458343003805
0.839895106936266,15.092153528182465
0.8210623502936033,16.616282777944615
0.8484617906384339,14.734041190293809
0.8648525594310627,15.942385659688355
0.8219302821711164,17.178141696428742
0.8541870158760728,14.775095716380557
0.8494470523197005,16.44562026140806
0.8595545353688311,15.53828593045364
0.8644836199202781,14.861358878076032
0.8517739748028547,15.734786950995293
0.8469851043824853,16.200642860680503
0.8494869666856907,17.3638273092789
0.8273276427768438,16.42027498619255
0.8396794877934864,13.213920977925895
0.8182019264965659,15.931588734226777
0.8628855391696147,15.953319407225438
0.8468351419636585,16.050051048273655
0.855768799544371,13.919347471431825
0.8364946044588654,16.08518307292492
0.8390545507967514,15.341869073399621
0.8314479911593705,17.41083504278605
0.8480064823543189,17.071127760705384
0.824443067990003,16.541716199484508
0.8393433348467078,15.675204884714338
0.8449763711698349,15.54823563600064
0.846533728342075,16.86028239470271
0.8200909268476293,17.68878119984974
0.8002466350943355,16.819977414549623
0.8670091436179934,14.797458148439821
0.8577161051544976,15.856574048076359
0.8494157014583088,14.052354868690566
0.8359308487935292,15.353386561216823
0.8403968156728713,15.947155378820804
0.8788324532272885,14.191718096000722
0.8307386240819401,15.80621747006984
0.8358344048737857,15.654686047287568
0.8380635030169507,15.13024311458797
0.8143161873610865,17.234877863584394
0.8623995672797037,16.128085870190745
0.8404145891515236,15.523893854273458
0.8191085770667542,15.523584314410712
0.843883709208701,15.817809112921282
0.8352387978795681,16.651150174089405
0.820460857887681,17.164460744058
0.8350486162508242,16.919712138716978
0.8582239184815954,15.072039048037835
0.8165291912225822,17.752982659365482
0.8504098223665624,16.34270758602138
0.8387465320697852,17.225200379980425
0.8310885131302236,15.483688683579112
0.8302985580654276,16.3817092549088
0.8337973186895891,16.935467255329506
0.8447569273692963,14.490640704416586
0.8573409575098823,16.40971663387041
0.8460088005666752,16.859322527275836
0.8363190731512277,16.70969684013626
0.8481126383844669,15.954934202945694
0.8361304680240451,16.523915106804235
0.8441457848530884,15.71490461463471
0.8375385930980448,17.379323252058267
0.8574852990328279,15.777144900209828
0.8249646144956119,15.549662348474875
0.8560979163520681,14.99237418247713
0.8369882761787011,16.303832403700287
0.84519086617534,15.967687410022334
0.8458493523187598,16.450509867177725
0.8413332111415528,15.710457248666804
0.833576977499939,14.574483250236936
0.8338606915635113,15.201364976308819
0.828790676769091,16.516341831400304
0.8278216993440185,15.917839291984736
0.8546593009354396,14.980021187312841
0.8631799902200158,15.026236608122096
0.809866363276099,16.572903365018153
0.8538894942231723,15.9387875123819
0.8527506679608275,16.100096970410902
0.8396003279318762,15.632766828201298
0.852260513228546,15.942233308369069
0.8392939329215613,15.24176642941228
0.8429958395460816,16.097560377858688
0.8139134775095166,17.277747405244433
0.8320384596727367,15.997815041167408
0.8436450756763906,15.464228184243971
0.8425473936825383,15.923874955009486
0.8511252146824368,17.504174064509364
0.868711314467606,15.226521728773633
0.8417285038276136,15.931743843409912
0.8260070895865993,17.05211334763473
0.8499129597537487,14.934297925196683
0.8463349141388022,16.91161129592891
0.8593667220681157,15.132286186232351
0.8491624986130777,14.912546413750013
0.8268501768506775,16.788420973738738
0.8705115190291072,16.115963347579488
0.8367499238609164,16.166296114928176
0.8500576384849866,16.93682130351575
0.8249199200594375,14.820668838288285
0.8402058999579065,15.620209927802103
0.8304840673205223,16.93417449437494
0.8451791096797524,16.195671780336795
0.8335066768088831,16.10655731390252
0.8179839529701377,16.011976491501073
0.8294502041143907,15.881547437729033
0.8383783838747795,17.50638798473251
0.8404069338264257,13.334198341737208
0.8393727122389308,16.602394044030195
0.8353503485751168,17.349174287901448
0.8109794228227356,17.285678338742805
0.8476004185962843,15.35151804592096
0.8461552005635841,16.611832558448032
0.868390538792497,16.11561134036752
0.8465419341725324,14.44838806383258
0.8487015674637098,15.787210728729676
0.812150177206615,16.647218391693833
0.8527289432232781,15.35125320182086
0.8196783053708706,17.434140223746983
0.8469105345253111,14.409848080797978
0.8343355810039156,14.416577932558404
0.8365910150258405,16.881500050667725
0.8535630173069771,14.910270994853414
0.8440749692252494,16.74088775870022
0.8555728244708014,16.029292626569468
0.8712294657392182,15.264026549253481
0.8255531904349169,16.268574728888186
0.8401851184471395,16.970318433031068
0.841345926180848,15.510956873202284
0.8417812076442323,15.711973640000098
0.845581922934651,13.08989463046754
0.8300329955660435,16.33688744838395
0.8565910590766853,16.56199523126781
0.8406182924822628,16.411867106750957
0.8436854606229645,15.386888063143864
0.8455867644378378,16.332236939955386
0.8630540053233537,16.09563453667358
0.8470671436242986,15.027347343035146
0.8391244894074212,17.475742132204296
0.8166198538693671,15.502550465185791
0.8373982655201514,16.53063946184498
0.8224760127830337,16.009188798572705
0.859310288556506,15.856799293352067
0.8347666944844475,14.910965909525833
0.8423971240346787,14.550225960274062
0.8513388774839381,14.423931594216759
0.8266214774538289,17.25708495306986
0.831431726955245,17.641822183232655
0.8580734816417325,15.12203051808813
0.8349196445271474,15.583403283836828
0.8326787742349833,16.01159011696196
0.8538281949572316,15.783383094922756
0.8373525781932227,14.840523082088383
0.8372455642282964,15.699135151835051
0.8572853155578765,15.284988463844195
0.8370783155000293,17.219875177591074
0.8262999707482308,16.48875408261814
0.8574497013440056,15.714130632205752
0.8491055459720394,17.27146329534913
0.8193092751344951,16.925512571566774
0.8221656388337255,16.60979636633407
0.8413953273797268,15.95407688088008
0.8327085917660199,16.315095969815186
0.8574337761287301,15.348235800462481
0.8327288195862647,16.5630069368551
0.8761754192740926,15.165087487117603
0.8325454821414726,15.874461937533257
0.8247129721569775,14.019653037014423
0.8612004407847365,16.17662377175411
0.8361604501190016,14.929895540421647
0.8279666460382341,17.001677616282535
0.8275713202648621,16.109737771327026
0.8413537215858202,15.624180557623646
0.8416827346623249,15.844168855902518
0.8485337734385893,16.150319967552306
0.8447826324550424,16.61777935492858
0.8554235870460708,15.584590243149563
0.8513687277466057,16.036639992229386
0.8292347432723797,15.82794114744938
0.8417361504473915,17.276995961667964
0.8323369398575596,14.787793620590952
0.8275578904663,15.99419108905225
0.8496374066933569,16.204385506237244
0.8456285936515582,16.25625108103298
0.8185437681844164,16.80938444743777
0.8290954565107871,16.91161748276372
0.8505271232043429,16.566507779375097
0.8336527271046128,15.548127193505062
0.82260980698519,15.797390196602208
0.8259032434833231,15.306468730975064
0.8272834925260012,16.786279558879123
0.8487028643719098,16.600905318890657
0.8435560935423793,16.373757810017015
0.8418460315715856,15.513518980685399
0.8508464723952667,14.928261178131237
0.8215656283389929,15.485968286610769
0.8330338629210859,16.676957067541935
0.8275393660240278,13.753506058338127
0.8602103432591525,17.03516465649653
0.8426357140555365,16.040998010388677
0.8305593105028132,16.483653535137567
0.8129222714435983,16.676928863423143
0.8487661810341652,14.958161444450418
0.8225615885934919,17.596792792184456
0.836914336573462,17.079042872468
0.8437948671201334,16.898065897997558
0.8148898857953011,17.130080204407047
0.8186722513578569,15.027286421298562
0.8493816416693357,15.102512881601156
0.8503359482631807,16.92673792326769
0.8598735987455636,15.999544904829792
0.8440290486261492,15.862261488124934
0.8229137942519403,15.968692028825913
0.8497313400791535,14.950845559735798
0.8315950970896849,15.968230518276114
0.8281130863858209,17.227981724914837
0.8385083509050113,15.426265749033098
0.852845733576414,14.797166449646307
0.8429937106569044,15.67778093816613
0.814798301209611,17.372542269104034
0.8246798324708471,15.963813705373058
0.8449496088244897,15.046108479064523
0.844866850974933,15.663800502835704
0.8553843038341475,16.297998042867924
0.8505075138340223,16.826698927140942
0.8475067094428969,16.4475687792204
0.876626724231295,15.796555953115401
0.8304123024599974,16.158208758987854
0.8586632781922665,15.205316493113452
0.8261886496818193,16.016786549124554
0.8588992605424277,13.69759767375678
0.841629639777861,16.92622004736379
0.8261576753614993,16.597514903982276
0.8597391563138633,16.168758125042782
0.8390468254229795,15.593033511063288
0.8548495243957096,16.048537891057908
0.8253188305628277,16.724406860973144
0.8361366610090905,14.542240476899861
0.8322777409368728,16.32823791295654
0.8263620024092369,16.674329759081953
0.8308634472142599,17.09041999529305
0.8354352082319013,17.414623043286017
0.8435364801009899,16.650686654228398
0.8492356168493989,15.034289438556451
0.8284469676242198,16.86768494410393
0.8359746956686117,16.254242009347564
0.8242130113221644,17.592542098007304
0.8227595457243604,17.178595694560936
0.8305845433436042,16.675790815794432
0.8306222874834418,16.004580316998865
0.8726674922212682,15.505207893272276
0.8377085605610719,15.58061170063683
0.8236060018773429,17.575868810683954
0.8425817026042072,16.29045410620235
0.88258895,12.524015912792654
0.8229138574134912,16.736106979281853
0.8353721270868643,16.450310375478704
0.8479615196222844,16.50540675114622
0.8198089977133322,17.954932323598438
0.8485951633457566,15.244197945889312
0.8571900422402496,15.227776310628867
0.8301648698759069,13.980485555572898
0.8356288517584297,16.922264349583234
0.8202372170573152,15.60117034150746
0.8344963955399791,14.518790371172907
0.8421944142305792,16.403340520321724
0.8310778667312437,15.472888966391238
0.8451271839279039,14.398672357394291
0.8239902124559456,16.124644636249652
0.8549987338080344,16.01605321048902
0.8397904790782772,14.27396147279758
0.8530670216628781,12.969555101380918
0.8499211145745248,16.727527350766184
0.8480154253650195,16.045164012122086
0.8086229245243889,17.149170332251725
0.8464988040581852,16.859613965568837
0.8582505539308792,14.65747481965237
0.8445734964356126,15.728766282280958
0.8378148984322368,17.67481081608558
0.8165497048652562,15.274175182841931
0.8381942481953065,15.235178391568217
0.843328028828498,17.671961833164676
0.82713835198644,17.168714782154826
0.8323185642613901,16.541006269570726
0.8533207698934349,16.623728128740623
0.8641695040058862,14.760046619516032
0.8502448069352307,14.151962467472858
0.8633022738135923,14.787539763350717
0.8289280079151893,17.392290894800862
0.8402718899564743,16.174200609540495
0.8376435615136034,15.998687826367773
0.8173440969946354,15.295685491587825
0.8576913844091975,16.685727628088433
0.825314273418754,15.249060399733809
0.845274156748193,15.187614079736846
0.8432305563382577,16.404490725181414
0.818747727028831,14.711168693199406
0.838231265562543,17.630221761089025
0.8355928860439091,16.75065887072097
0.8548750450858109,16.97044242770578
0.850303469341679,14.329764887046693
0.8442846916076222,16.143020007420542
0.8245418930610756,16.640884994380215
0.8475965069007598,16.83883308891438
0.8453844955160382,14.478536055397086
0.8240555232304815,15.692771724664048
0.8643445376573409,16.17404468716121
0.8420302037774086,15.914328124539926
0.8440818215648127,15.93955131515716
0.8240732923987353,15.908277999872391
0.8327148159030849,17.572149913788824
0.8478721328890452,16.56419242757233
0.8094760964280271,17.5742915792038
0.8448244964328536,17.13579310425321
0.8305050858270815,16.46898702861504
0.8472364655192862,16.176933063513864
0.8312870053452847,16.13759407803227
0.8189869949109306,15.614858535234603
0.8431343996499215,17.232171398211253
0.8567095679484841,15.690395252009003
0.8547647565263446,16.16287335517406
0.8312947309997814,16.91016884836784
0.8590957293306105,15.206963951878992
0.8586908905947371,16.63113444739492
0.8471512595090008,15.130989747098779
0.8222208793787814,16.8043417986346
0.8600832175670298,15.892774368941753
0.8595363772756112,14.595677317363828
0.8166741336715764,16.809355347099142
0.8136642534066549,16.581482273380576
0.8401476470838651,17.641335184187117
0.8095986863851059,17.033916214994687
0.8299079137244609,15.938734864824552
0.8432507418708682,15.955271964284586
0.8267897155355776,15.009236443502514
0.8341980820726324,16.177059947600856
0.8410927486156226,16.161960625530842
0.8391877488016481,16.350821860935966
0.8208281656521663,15.40890029653666
0.8207501254234909,15.190421807469361
0.8535494743503994,14.47796575498206
0.845495565108325,15.621181897659168
0.8326021796292239,15.559218784908182
0.8285156049417896,16.02440946801492
0.8346545364301546,16.207260940855384
0.8589968802890585,15.318882999096248
0.8643746172519906,15.477223500556946
0.8388426950168456,15.874268241923856
0.8141346458294499,17.092988886526758
0.8264308029804376,15.877269165816266
0.8452655424764415,16.85664175930946
0.8457115062101357,13.566057805937783
0.8445339725748423,17.812469289487062
0.8383260755391003,17.497399348501393
0.8492985430243319,16.08013790046626
0.8221854353342607,16.69912373818907
0.8436616373122453,15.555393331217394
0.836820460127626,15.319939686984156
0.8373464712002177,17.526875656895772
0.8407202119938307,16.451671934050534
0.8417585038054982,14.909839071806488
0.8245826793138754,16.459460344415856
0.8361140561956892,16.318070832300176
0.833210579259423,16.36525858900953
0.8443112630367756,16.36560035135699
0.8426014286625368,16.369568251480448
0.8522925754897747,16.43090099952806
0.8326608716928415,14.533010447776428
0.8287134489915219,15.640898141369709
0.8145656195811415,16.895169447617175
0.8457315498092431,16.828994378951318
0.8438694946028159,14.241082015403814
0.825729318997883,17.365987990202328
0.8601726537103579,14.183096157146322
0.8550054651431461,15.744284882978626
0.8452813805729865,16.55261410166705
0.849848280994594,15.654198081437903
0.8382631899346423,17.22377072281272
0.8462587722333904,15.025360162456039
0.840016154626318,16.775102453444696
0.8399114962100608,17.010492350985793
0.8419480277233742,16.235668514618936
0.8216646107336487,15.326707436010059
0.8069948475687778,16.776473671370027
0.8194950973367288,17.307482061882368
0.8409461185559258,16.718649788523113
0.837230323189644,14.078224042035425
0.8541160311818419,15.882557765787107
0.8284819881086826,15.39684975614121
0.8470522255971685,15.542416823601997
0.8324222486209677,15.769658210092977
0.8096181544320519,15.78601493127662
0.8512901450316664,15.540044731872124
0.8363505220034148,17.63851488453786
0.8571412116464082,16.060079201202978
0.8539448949819851,16.027488803634387
0.8236978439553053,17.18050955878455
0.8485363788077508,15.759343937170513
0.8461038009960532,14.90907876332524
0.8556573380968971,15.82475363089965
0.8503775933991742,15.491375936997656
0.8509997678208308,16.38737297651831
0.8640410111208757,15.41759152776316
0.8503788232789503,16.20005799830164
0.8135448976269771,16.293154773547837
0.8349548714487828,15.748085884503736
0.8382857617801922,15.23026920346598
0.8402247292714827,16.37720621391451
0.8651399117780202,13.715362496992016
0.8518113880378649,16.250371395374668
0.8597832608857612,13.304619497471558
0.8200290630688455,16.29518616441739
0.8285170886680896,15.108688441750786
0.8212683760174717,16.7477849807103
0.8662482126780215,15.468782977759664
0.8316325649994769,15.947440163984462
0.8410503755197613,14.365856360767895
0.8420084842698449,16.69133719732223
0.8503529002396165,16.574850082036722
0.8241157297154421,15.443903034176463
0.8416659823745607,15.3882151017632
0.8459579234821514,15.712963033430583
0.8577193060435183,16.27736277205705
0.8338652859644354,16.485875445212024
0.8580267043577283,16.687411499193242
0.8462120514081227,15.387359504421397
0.8242679896394742,16.958897197213204
0.8560397175648156,15.021155971172595
0.8347893058863711,16.648474778459008
0.8501734531135456,17.376163311609314
0.81867213695222,17.187701119416563
0.8426808667241477,16.42883562659093
0.8335141582363969,16.660834921255013
0.8631017014125438,15.368402344771958
0.8540368909234323,14.708136696374387
0.8464251796217188,15.889637483466338
0.84194259581604,15.413551940424012
0.8545175222053922,16.619292945276225
0.8390994399501767,15.77913445114181
0.8520843328680864,16.763660200371707
0.8380127236809477,17.370912154012917
0.8388202338654603,15.611357827672407
0.8350640602526664,15.115081228485863
0.8639566724939239,15.0695044269199
0.8199963072905452,15.40751348666655
0.8223206176039608,17.047549112789007
0.8444328749192785,15.8384692263227
0.8329149019233864,16.390033200171484
0.8306243821271578,16.57183135139964
0.838242036636827,16.917352920531343
0.8495148873531101,16.707983406034618
0.8208994147393632,15.086773005531194
0.8730863689580114,16.10810383045818
0.8329289285951401,13.683975214002595
0.8315258807257604,16.124945905257274
0.8447766401626996,15.985059798146244
0.8627806993963394,16.932111701806473
0.8587072987558786,16.58753007247948
0.8533259704433921,16.313960455990856
0.85375566487901,15.383511709034588
0.8262462641569371,14.98704358503418
0.8485040263460982,13.021156708165845
0.8245073694474861,16.95897096818497
0.823932134920092,17.11650875550792
0.8171996331225757,16.371060552499983
0.838947414544787,15.604078700995176
0.8469823858478915,16.7908900281825
0.8423931680951674,15.723819551301139
0.853816179056276,14.122892133119025
0.851758547692549,16.948527810967477
0.8051771739097546,16.87741434883023
0.8361522446188916,15.51972108665086
0.8278601798826734,14.723081250920231
0.8387889471486724,17.834261736963168
0.8266496091698244,17.293470772091695
0.8336393455347163,15.687890752487101
0.8463980294233334,15.751979915144565
0.8704422390183225,16.136349376719156
0.8483275790363596,14.966465719035815
0.8371348041541578,15.595707952002309
0.844077221983755,16.34252733811837
0.8226757206976147,16.887428195741233
0.8253679504372587,17.131709633256587
0.8700995772585504,15.755760810242718
0.8539657139756445,16.66795123818046
0.8356672960353837,16.56961672506896
0.813769896816476,16.553655208714687
0.8600660703668545,15.184068275762789
0.824241199833292,16.502743170345457
0.830693805498619,15.835120314448256
0.8396291108973059,14.018174325543741
0.8433635729610548,17.59402163932093
0.8781934839653478,15.556504273493829
0.8207238817662348,17.54895420465474
0.8598041107641395,14.044930942044514
0.8319473119727453,17.498389817485272
0.8474260929592582,16.972792868838315
0.8335486598506412,17.32971460602072
0.835126056763183,16.945892601321408
0.8412241278806052,16.700443637904044
0.8474007436895441,13.994069998096995
0.8500608081327615,15.00718447186499
0.839754764787714,16.245444916039006
0.8393456297086698,14.15725009909963
0.8363062052755184,17.43884727043122
0.8427608936429908,16.012905996044513
0.8262745179449503,17.09862014247784
0.8347370828252617,16.31439559686639
0.8412041446450683,15.632694606045604
0.8287502535220538,14.884752679434618
0.8138325799875988,16.77648698239972
0.8632131366711722,14.084275681242062
0.8547184067572523,13.890525838567989
0.8419582811271241,15.780666115405696
0.8340917441814856,17.5435359886217
0.8420318099313086,17.189182102698567
0.8508476820735305,14.821745420933837
0.8615075767317517,14.55326506589789
0.8321519969909398,17.35574409160669
0.8691953221618172,15.908198064540274
0.8367227397534833,17.6176779284243
0.8468426221602782,14.563973453649746
0.8425494488937751,17.904312306618646
0.8292661988147175,15.968666097663926
0.8555132540121703,15.118100545675333
0.8314143501724885,12.843962659954457
0.8276239693571128,13.505608769027242
0.8479110266941084,17.15928607049994
0.8509074273637466,15.127969948135066
0.8417233690129929,16.298423607480903
0.8209127152353237,15.916927385229613
0.8470705811655318,17.043628024542134
0.8365130821846088,16.81130979864689
0.8476553568346367,14.146531700519704
0.8465010288206855,15.510500054673393
0.8439150516464773,16.826238778735114
0.8444036802552127,16.100608290185253
0.8196922951455093,16.956485599702464
0.8503198519767836,16.274206901304364
0.8380521749414181,15.715451458739743
0.8476201392817075,16.707532402306935
0.8343444779332782,16.488660061515684
0.850695871784971,16.20867794641896
0.8170612903135418,15.89370536351086
0.8304044716381044,17.412300476170227
0.8195861883205623,16.011556094850427
0.8327991784238202,16.04741656546695
0.8363962894248168,17.31315052584098
0.8289243379873891,14.840753497501028
0.862912521500141,16.07293135743796
0.859723829599843,13.692749763585757
0.8059769604044011,16.584441692222214
0.8336241084894995,17.25032493177388
0.8473645718494526,15.998111065761966
0.8489454877396039,15.808295044657632
0.8223214824575384,15.770337955319405
0.831157043776496,16.125280214616403
0.8605859255766474,15.922446471230804
0.8507919944290941,16.32046566710307
0.8317393067658085,15.34822644951115
0.8739745985705882,14.459451931713296
0.8286279683416562,15.192526383606515
0.8521972098320424,16.44626027610479
0.8183499624430434,15.060110620991024
0.8455783768622583,16.88896797973887
0.853058118694416,15.202166104055172
0.8419862726370603,15.610595240142326
0.8444871235273678,15.90426384979426
0.8346137041251467,16.541354024632785
0.8387263209260195,15.08556778900831
0.8346628829318802,17.63484551065
0.8073131472772488,16.294850103727054
0.830187473321848,16.223096274285634
0.8279992770827552,14.62454548636511
0.850893802998595,16.265138911006492
0.8168994109379537,16.99135868383848
0.8486962042068815,16.05925396344161
0.8239691050686719,16.91960116411827
0.8452750500900555,15.529021809068219
0.8209774791969519,17.23182967818629
0.8472418896017637,15.017707323029194
0.8508299975746892,15.47608688358261
0.8096522196752912,13.950428275035568
0.8375320708377639,15.007658764624773
0.8333895534330199,16.97053743617405
0.8463571283417434,15.952080887217198
0.8425948402409517,16.194747179923677
0.8405722822347838,16.214197996848895
0.845557648360766,16.40334440857444
0.8509717221604768,17.268838329673667
0.8310229106550984,17.399763529357713
0.8501886374537079,14.503013007373353
0.8295061319184694,15.199217985479299
0.813769427037306,16.228762301742403
0.8584760938921848,15.189608491440021
0.8239446268796877,15.235387241893143
0.8363242594353596,17.090597678968265
0.8519688716114935,16.037352325882
0.8141253413456876,16.15203817615583
0.8477694355114588,13.997869754866224
0.8194439407138701,16.077563232977088
0.8592405474892342,14.49731050646789
0.8491693404556147,15.698151763340404
0.8466752451824823,13.477869065512953
0.8716779895666149,15.002403770205524
0.8239131633667075,16.383320574757693
0.8419463013080767,15.57340794791474
0.8268471557313424,17.388336668648964
0.8352247430453602,16.317825201624007
0.8790548814186422,13.879330122332107
0.8513705437167204,14.370260566660486
0.829339501048015,15.824763882539889
0.8167612349476291,16.901211637207002
0.8610112446969101,15.226970576016734
0.821489160930711,15.99556976173953
0.8547993881122046,16.703580126793707
0.8629194238527186,15.375103117101277
0.8409050158091508,17.64384565733145
0.8440814769192273,17.0159108591933
0.8333989003308743,14.307791692918357
0.8408732595395573,17.058735984013605
0.8332106270427122,15.790675975645053
0.8564877494862512,15.15810080924674
0.8563701232369548,14.844079357294035
0.85987401906546,16.923069699416317
0.8444906655334586,15.573582204104559
0.8356656757998063,17.93274440543853
0.8362225494038801,16.21042610781519
0.8358242036878676,15.53678975135135
0.8225667974485692,13.954926756259397
0.8171563475199983,16.3724061817848
0.8474598565811823,16.732024790965355
0.8336367358243305,17.318723921633577
0.856485546020103,16.10850425612664
0.8405087061271429,15.078949430740712
0.8448960475667385,15.683829577815004
0.8408611088363793,14.806353997890243
0.8187500495251246,16.911189789638808
0.8482473505263846,14.961910919829569
0.8329796926122167,16.932682185249117
0.8214680918262106,16.21762867986434
0.834948919581661,16.967242058794934
0.8216478489370093,14.826665978978644
0.8362506624927281,16.12116796021792
0.8429829957691268,16.48970830152811
0.8395714251013615,13.682837047459492
0.8438227390554235,17.53807609542358
0.8394046331140878,16.02394983547435
0.8347344051048733,15.568649727101223
0.8397585058774606,17.608539742627205
0.8370522991533349,17.01443957304461
0.856721850155624,16.26449474354369
0.8606818443937047,15.797083680318108
0.8292953253049434,15.476410755569903
0.858688939275234,15.377601475317746
0.8551928372229377,15.504777949895754
0.8335265290611519,15.293274381639144
0.8486726617909013,16.922279864691514
0.8321356108747867,16.441172565564184
0.8377510368726347,17.464734245981063
0.8429906179919219,16.977603578245375
0.8323427128768627,15.704077098004333
0.8294153723136323,15.884433960133281
0.8393856070982536,17.122423666988347
0.8610315241982237,15.817536402690761
0.8459142992053984,16.824010252269513
0.8440636389281634,16.854801388750314
0.8455778154640843,15.107099899358658
0.8383651691072824,14.993796776543343
0.856482967823177,16.291650407135634
0.8309674071385701,15.41008462847759
0.8382091624372427,16.781504758831442
0.8503252700075149,16.44675753837934
0.8368092137220855,15.537521997172577
0.8349515680071207,16.38455886652551
0.8259810970696929,16.517667749920033
0.8434020834203139,15.25631518244212
0.854748464036525,16.50815472937183
0.8455502472367794,16.354774242602033
0.854826978465391,14.622402578257473
0.8428201949549282,13.730484102152202
0.8325804879078542,17.150454818139643
0.8152164563646721,16.50862575475676
0.8212000672996674,16.546359566983824
0.844459525255503,16.437046240803145
0.8304025490599684,16.613385421746486
0.8557136902368865,12.228110282446737
0.8473656271006057,15.514028041356127
0.84787066922835,16.591119854053442
0.8313115609737748,16.20860315988096
0.857188320159611,14.0531107999878
0.8449057252479282,15.38252176462251
0.8405893468040326,15.656811810523143
0.8324193232277489,16.27010330639362
0.8570622316299169,14.961317576344767
0.8338193364243508,16.26765866366232
0.8415173656409318,16.21269109535847
0.86401823028056,14.728682472234796
0.8701333750537548,14.592385937384309
0.823473754940797,16.561119468003636
0.8479135759290505,17.13316746336917
0.8613462244675322,14.910574939412166
0.8467170161096287,16.01596779478065
0.8319655966489444,16.57467835297192
0.8353456215147584,16.00791485082399
0.8405516971374491,13.69887716106973
0.810783165892221,16.48195924925923
0.8366875215322659,16.396335066399676
0.8210844403357932,14.794797457416678
0.8614158179912939,16.976679698435422
0.8402022856383996,16.968315783051846
0.8385988546511142,16.897144373309285
0.8441691877930021,16.009302342275546
0.8512734163969699,14.748635914814722
0.8393016725950576,15.363844385095957
0.8250392284729058,16.262564697378348
0.8410097682637555,16.466967866728382
0.8429074581863133,16.717882073220995
0.8342503102886293,16.69407453112738
0.8483460396188837,17.169944580848107
0.8541954668300097,15.409459103827608
0.855515883787799,15.932085363024624
0.8341117603011345,16.674731877053713
0.8186842651541695,17.31396986049439
0.8280238987415992,16.251274286355642
0.8607093399481691,15.801602940942614
0.845516510867418,16.880602222216996
0.8524658747800841,16.28903606566652
0.8486761763888806,14.752769202014314
0.8234125095115306,16.272268296698652
0.8370457312636095,15.836631616847576
0.8521338752997787,16.761434698107475
0.8508825762429651,15.618962360553695
0.8490922276824486,15.520571834860123
0.8350370004663449,16.073322294276526
0.8405309808988156,15.750022164124394
0.8356731527917186,15.297537300757163
0.8471361603111403,15.633097750843612
0.8460394732829855,16.331893851017448
0.8290849250844277,15.801749350733425
0.8395152330462913,14.729428609591887
0.8596322261487517,13.98310989467484
0.8570044455288919,16.389836089358877
0.8224240539114818,16.65961697519464
0.8218435564516137,16.97566199416594
0.8256144301437144,14.986582800292501
0.8080370013042124,16.58309670554228
0.8434131164427786,15.23875247811496
0.8324705851430746,16.44671142310506
0.8452822913295078,13.669907378949594
0.8475201723745193,14.805605778982335
0.8480262695504851,17.5918401486183
0.8147588151047866,16.310966899194895
0.8430989890280344,15.515281614093945
0.8440619328387752,16.437851688784882
0.8299987261504098,15.929771774564479
0.8508626784647625,16.499756615332664
0.8270703293484273,16.85906679463618
0.8515734675195038,16.318361172801335
0.8292592107750084,15.79180853712523
0.8241000611134148,17.1050612265396
0.8616629236618104,16.20745987352768
0.8511992596522675,15.767197721530627
0.8414353048942589,15.49677201203321
0.8288526268336649,15.894702825426938
0.8500292199650962,16.68938689076896
0.8184124406427803,15.825506656472248
0.8535713276600435,17.320473772290814
0.8504603317401028,15.275030789607166
0.8342496606835414,15.799161963873663
0.8219319394516139,15.580717632904937
0.8289756727524448,16.549279903854252
0.8186224651863357,16.65877981404422
0.8466321732187474,16.66746780984294
0.8447395450086509,13.504661776401965
0.8535019044129225,16.042973954281063
0.8317060805392864,14.22966365429046
0.8433794456179499,16.515445080579664
0.8452556530199141,16.06075639090321
0.844965159470069,14.840346549551674
0.829683055146472,16.504425111822858
0.8409094012412689,15.43503355121782
0.8407452300432459,16.460797915279667
0.8716671818221388,14.61747560430632
0.8490932118536304,17.01531224461075
0.8558360053063515,16.19376749816266
0.8364601544488544,14.266321914242377
0.8296049607031374,17.459575447044035
0.8410233911876889,16.851095481019964
0.8554390485268072,16.27513700807538
0.839106948391203,16.54258396289607
0.8673706843239608,13.495600109699737
0.8341721663075585,16.6771622307248
0.871798535735283,16.605810545270966
0.864231154994581,16.361704457875373
0.8179433533098651,15.910299814229335
0.8288253567357274,16.441827159950726
0.8673696447446523,15.868839704081154
0.8450672893251402,17.600227267950284
0.84528937296245,15.644373214093749
0.8308357557998015,17.946305417590445
0.8397019837247873,14.467497048616913
0.8398136346955671,16.435437886097713
0.8404855394376743,14.326121574132296
0.8389269443616838,16.334974621365866
0.84665340810837,15.493967394266404
0.8193153853589664,15.722794773877188
0.8437548210815473,15.939794998035799
0.8353220853427049,17.231188012880697
0.8464181112631968,12.257660467161488
0.8463975031421206,14.432705481854184
0.8269611259107087,16.197016246352682
0.8623592514774887,13.27916434119908
0.8491426208136352,15.830231176526807
0.8381461497273547,16.76476215711543
0.8249361466206832,16.105687929033447
0.8547616763276222,15.90781310360987
0.8557474809060727,13.668544239707627
0.8245439702485206,17.467203093014394
0.835440640075058,17.020284020059723
0.8498800400712918,16.8851196541497
0.8356821391268247,15.621374689749885
0.807089804506327,16.519040401456905
0.8184204368531098,17.276457890738925
0.8487005783737983,15.692931781311424
0.8201226059928821,16.247733154410565
0.8564791979230265,17.571654590869787
0.8425475217616553,17.030003372328363
0.8422761960132834,15.677093697222078
0.8490437394656659,16.869471888934534
0.8232108498196133,15.89049319716077
0.863295326241185,16.741350742540615
0.8294207392328753,17.63459240534299
0.8314335637579339,17.730080134620042
0.8494182811580288,14.72549655124719
0.8320445713141047,16.344818763267305
0.8261603706933887,17.248083268760517
0.836874736680017,15.98619813684157
0.8413731773979213,15.7421877891059
0.8408586237784572,16.110700852972858
0.855378686698947,12.53102103404693
0.8322343969958753,17.09146836533885
0.8361389685469143,15.451161200875966
0.8337243888684244,15.821402586756266
0.8369865899274712,14.732806703502634
0.8335589403834941,16.936885319447672
0.8358240285207948,16.06019925690616
0.8367552068755026,16.25306039252268
0.8417631429831789,15.68207390730556
0.8163050081425625,17.401511815616548
0.8305422931617109,16.253273512698172
0.8444219628866678,15.453605644347178
0.8394912221496081,17.12841193009794
0.8140681158228961,16.724520761266742
0.8205144666880709,15.854344701863942
0.8435386161761992,14.026755652614966
0.872296401664475,16.104544638703526
0.8371365115981851,15.078090608739812
0.8179325055128129,16.13366802539441
0.8366029820377076,13.98674490145664
0.8440516732670527,15.633096840270845
0.841545424970116,16.72848087213809
0.8484154391363198,14.227256513497338
0.8546659110694225,16.38774713691978
0.823256236326987,17.54323208057311
0.8373778296804337,14.269267498495013
0.8460756698204476,16.36153505804693
0.8508106688245901,17.030355983701444
0.8295039464622125,17.282068592793674
0.8594906841643147,16.560154864158097
0.8420199247274525,15.95122053823428
0.8519603959923713,15.128246072993965
0.835554759576948,17.12201369115655
0.8119017370954857,17.51027436590388
0.8201853783691414,16.51155908441135
0.8433997108821281,15.76364155369287
0.853146921074608,16.642686481604983
0.8416262575820966,17.21097637108478
0.8544663967779952,15.076879173820892
0.8262476349383417,16.620173223186907
0.8329740626548857,16.46754976496605
0.8230352140846322,15.494888011759594
0.8490362048008785,16.483547544221313
0.8461145105109956,15.743197624073298
0.8381954253363322,14.009920874837633
0.8316590794720152,16.79345665714219
0.8351548872340828,16.288578672214594
0.8375574817918335,17.04019863573728
0.8268435050837986,17.17093410624483
0.8575789047427791,14.842281518520279
0.8453242107617852,16.90873643462576
0.8428123703899373,16.836911874214962
0.8389280039421712,16.08744614119949
0.8398106879315038,14.454575605375533
0.8465953193391832,17.647653882453984
0.8296356926606142,16.3085377716306
0.8610589847629941,15.817818673108071
0.8517286596870636,16.475536888938137
0.8302477675690528,15.833469800307038
0.8415107542143577,17.287785863290647
0.8359934267768786,16.856559415650413
0.82345311618937,16.52611571342194
0.8204292908466128,14.807408759332747
0.8465148309535803,15.697415991581869
0.845496923327668,15.082673625913648
0.830157770858908,16.905519694600667
0.8381104984978016,16.74377186850367
0.839453860433181,16.461933015266247
0.8188034226180926,17.152951232555566
0.8541794347248248,15.708462420647665
0.8570144396295875,16.487173615526668
0.8230206343666534,16.83468392763534
0.8662221924640497,16.309850643302592
0.8392717237001572,14.754917656581815
0.813499166969664,17.17387277340897
0.8481947019202081,16.645687955656616
0.8602557071697597,16.581625611227942
0.8286632779110242,16.593055746177797
0.8407700414706355,15.621216871134273
0.8411690570446727,14.159358306686292
0.8439395560482333,15.046806696171586
0.8617577985636554,16.0462791986582
0.8417317192378274,16.568287786496473
0.8088866598971638,17.042930800411373
0.8154160196945016,17.185572629865362
0.8294001302806873,16.760579632798677
0.8567947075883522,15.62807984692116
0.8444868468015493,16.88708814097952
0.8455308671585988,16.39582096682202
0.8285523058980312,16.059800537707883
0.8453455679855799,15.743667401691106
0.8314199494189681,15.573362605624725
0.8217195273982426,16.986377773035304
0.818559875692256,14.941978059128258
0.8291740084850335,16.159179723228657
0.8465452842404723,16.083266990658206
0.8524101474216564,14.915820583331609
0.8518108123905203,16.632463517251555
0.8350449902308079,17.000591891285932
0.8314725760112464,15.125930539321955
0.8569233353811999,17.0045154586135
0.8604225812122402,15.0614172807585
0.8470821664356311,16.636414525951704
0.8497744496697868,15.804124591453993
0.8511357655426576,15.958316422356324
0.8361444248433857,14.202776591225541
0.8540884027795924,16.553621916883717
0.8365401581673764,16.096878728803357
0.8570099630932201,14.597818826882124
0.842169975034513,12.904357747210865
0.8372358989880017,15.807619217632128
0.8576598898599298,16.410611767383607
0.8352813720816054,16.1406877645106
0.8199939689627854,16.38461924295098
0.8702202864976673,15.550502355295334
0.82850830636949,17.116252014359855
0.8375474648491794,16.96063341069856
0.8517889985778558,14.312706621650166
0.8352442879252472,17.728832747698508
0.8485771484179822,15.514335715440524
0.8528075592936456,16.587880024173142
0.8465018942853294,16.76577504234289
0.8460652892096974,17.804051607210322
0.8471705532683976,15.14678681775232
0.8434656491525686,15.258397482351313
0.8349111472089795,15.666416950293154
0.8258975679377426,16.375087018981898
0.8399501409108773,15.80885206355309
0.8365367553423648,17.368207786804156
0.8480640325789549,16.4644929550145
0.8409609450605503,15.205697150347438
0.8332912085254902,14.947935296874034
0.8558276129207951,16.899258088336016
0.8639473800234702,13.466235774446035
0.8276103898323068,15.020881177445565
0.8399879017602409,13.456670228220894
0.8486652134720222,15.52953994102304
0.8404861258540018,15.86496975534878
0.8305573569342254,14.28813010870389
0.8374405971037575,16.185807131258525
0.8442103104720076,16.492088195396253
0.8460355383514258,16.083085967137322
0.8191759320360283,17.42904632697874
0.861469503595722,12.684724009945016
0.8332055908798827,16.3046916979541
0.8399519814314028,16.750646917104813
0.8322523908259685,17.053199038930252
0.8449006607293196,16.0263127473054
0.8220268957284952,16.58905998215348
0.8225198940235429,16.245795370635143
0.8265538526418479,16.463321276254764
0.8669832268968408,14.72417800283705
0.8401152521647474,15.14603327263358
0.8271822221905508,15.568618986166564
0.8526936241901969,14.575892864923143
0.8482386408635226,15.960508119267955
0.8502421770310794,17.46364036232102
0.8343096381008865,16.669747152312322
0.8337351762638138,16.096553309496006
0.8461386800858982,14.194257915655784
0.83616523455817,14.963269096571452
0.8363916341409153,16.71851171390425
0.8346127606999567,16.172432090196576
0.8133914369470944,16.196901596067075
0.8290086280591145,16.246554777123634
0.8491983528986475,16.660976443935212
0.8593266605469316,15.757926546500835
0.8145474895782604,16.179285490750114
0.83048684005246,17.506536564307368
0.844799035206556,16.99305152901873
0.8379963577392733,17.305880912634727
0.8240773535392673,17.51414179125055
0.8443678670346704,14.91462411490888
0.855572657078048,16.399553903590437
0.8490144377707219,14.172640212190677
0.8106238946773027,16.274054608035254
0.8274807495275853,16.706309315211534
0.8412904392335235,16.295581369265133
0.8264529195474858,13.236477331531454
0.843756303935205,15.33688806275144
0.8274460240968543,17.424749950220818
0.8427088323001173,13.806549530620083
0.8310861859329979,16.581712596263145
0.8535857393686835,15.826514494058884
0.8652060903088414,15.099942927364287
0.8467555066277163,16.217717359853914
0.8444182921262023,16.821999162024248
0.8384871253142462,16.254588279497323
0.8482162845551707,16.347570733113997
0.8505914039725649,14.60497548952826
0.8568660720074704,15.997599243830768
0.8588051090721165,15.263138220593914
0.8131587080777624,16.549093114305766
0.8357031279813308,16.117216835853338
0.8519517436921759,16.50787671340255
0.8665808068255266,14.093868467011724
0.8348354641221863,17.482112508796146
0.8311488448091646,15.41362459442059
0.8425001732193036,16.159870286607134
0.833333054102746,16.976658663152392
0.8341626813229626,17.494094155599925
0.8438071148293907,16.771132022225782
0.8393104883844386,15.645096654481014
0.8344117111077858,15.668418309896962
0.8470559564337382,16.248068279754467
0.823912587692404,17.117473741847675
0.8421935516640362,17.134405982809668
0.8288951638153548,16.244498053822575
0.8400772120934653,16.074460496665576
0.851386358282119,13.907201418022161
0.8272323563846277,15.993227168902136
0.8251389186015223,16.722770077922203
0.8672868722311997,14.45126903155326
0.8468865182696877,16.322169384005495
0.8743036407577612,14.153145802462419
0.8290625716334367,15.81247053587812
0.8298303532232055,16.190973085346638
0.8332270016015534,17.11493876881242
0.8260060695363757,17.304731317493875
0.8416959145279904,15.079908571211083
0.8446340882436164,16.28925663456856
0.8484192567028656,16.217143993064983
0.8176740816835664,17.54421342324498
0.8134477466593997,16.650899430570625
0.8500642514765336,15.33553604391542
0.8224304550212261,17.091422464701676
0.8494785937626698,15.891919856057255
0.8491885491589288,15.596015584628796
0.8241246255593833,17.080673692846304
0.8328587929959509,16.173503778602733
0.8332259046419129,15.721532517903958
0.829183374966833,16.568364648625803
0.8356381211838221,16.486921613597907
0.8126484928972851,17.30147155057412
0.8555939518856368,16.119827793821262
0.8597443676093812,14.978662039345693
0.8257830632300073,16.126292582825513
0.8518328290557805,14.54339407200756
0.8582425565820989,16.402846415628016
0.855903715628798,14.942608082450418
0.8321814385552876,15.556728954823784
0.8285630523746522,14.98452680076779
0.8456069655805644,16.522099011016504
0.8270966469833564,16.030733778400457
0.8803970081011818,15.337093641965282
0.8169933991123495,15.26254418946209
0.8428268033802729,15.895719213487366
0.8393575103134592,15.321263418169222
0.835853126758385,16.63914263833014
0.8677739817911005,14.675950386390326
0.8339042834306359,17.651379772452103
0.8535623111413391,16.524837892955247
0.861242281276617,16.566933273810996
0.840894430517654,16.058097266165536
0.8445567014072096,17.183722567960633
0.824945580307103,16.48123600487853
0.8529787171804714,17.21639224544035
0.8105740451786537,16.735435498174194
0.8382795260650829,16.88661540866398
0.8408048674852452,15.578284240490527
0.8477557921565183,13.460885927824561
0.8164039378349988,17.16050526652091
0.8189435476869026,17.095606702064995
0.8237876792530271,16.391868038959874
0.8460059724076573,17.52994582567333
0.8597669278076733,15.330300386315232
0.8248573396416586,16.543967218902644
0.8415094674851759,17.475373809258045
0.8524790592816984,16.697676153501263
0.8396540006610907,15.231638109827601
0.852037104888144,15.530414934371896
0.851856702530757,14.298064702654882
0.8218136230068565,15.59659628541681
0.8172281015619136,17.170619020086523
0.8118697853744101,17.30177219742952
0.8440864044046831,16.737169845280203
0.826516123009391,17.405519272231697
0.8446245479050485,16.52332516179825
0.8552612825836179,16.205742907939705
0.8402339055122283,16.749142093515683
0.8645087475609522,15.50828893546858
0.84578876880162,15.570353364190169
0.8528862488095678,14.450953907410428
0.8261487286261268,15.574980442042369
0.8081572741074977,16.997824397133783
0.8585763714246927,17.11070364158477
0.8513065499355871,14.470182164122718
0.8261456127323717,16.628367991656333
0.8372728147518776,17.394792171438638
0.8316805112880945,15.878894575596883
0.8403719784653534,16.41589701459973
0.8389888825722154,14.955866689438428
0.8143343493666754,17.348637583352993
0.8550454552792036,16.098066251120134
0.8374572378653945,17.032770183544795
0.8228118533284351,17.92753592590257
0.8574820579047201,15.340020943442108
0.8458800361643085,15.123320093242484
0.8178162700977881,17.471521096424617
0.8223980626869193,16.26712093544733
0.8258764388060621,16.43303224539402
0.8430340963390276,16.54447148063898
0.8412690281829317,16.035334811997895
0.8526502103214036,15.25166453899709
0.8596425390789556,12.967527438376585
0.8490486681704764,16.62312567979793
0.8445799886201809,17.101863021863803
0.8327842567798086,15.922551964458995
0.8311745542070397,16.827618306577207
0.8571087183682163,14.779846827015122
0.8447962338424494,15.027591208933757
0.8506217432504949,15.188990259257885
0.8531531615797707,13.58941076338106
0.8291877445088466,15.16975792306544
0.8607022977058144,15.9325312155022
0.8360604374258999,15.805693236770724
0.8384425340870627,17.578481019550143
0.8282386290461017,17.170844525065494
0.8480784871583004,16.7927410309952
0.8170798192476035,16.416727048053318
0.8650433235557725,15.535761233485056
0.8257630522882335,15.788019173295359
0.8415900047971384,15.502318992053638
0.8202595907324454,16.505987384233254
0.8283181476882381,14.828631023194303
0.8354932722628887,16.20183191839173
0.836199181237293,17.3296324114193
0.8260406451181651,16.729188216926644
0.8412150511946446,15.750312645210329
0.817240460542822,14.387009625239088
0.8324487483197385,16.551733116823392
0.8434907762311621,13.947626440729712
0.8357709688373051,15.813554895652926
0.8608000289649785,16.363062699913936
0.8431329684549745,16.548701496074795
0.846825040182975,16.64658978077036
0.8252882636740551,15.986657826213325
0.8537726607638553,14.572076630694662
0.8580045345338799,15.583148642134658
0.8353841050547982,16.308431027741666
0.847473388418483,16.49410604420449
0.8338920985562926,16.210999821634253
0.8456146651770987,15.28687560159816
0.8365493479433609,16.79086559982863
0.824636229272337,17.04387136845263
0.8334815273857344,16.280139359420108
0.8203936102906598,15.968121949784106
0.8475512259001552,16.355360029844906
0.835749237988393,14.020913667674058
0.867988063170242,16.53148517217978
0.8361649390380897,15.560820679133085
0.8432295021561073,14.957357680810105
0.8556402697621607,15.572613167732547
0.8205769681611574,17.0318638591506
0.8317419051053391,16.236999564178085
0.8534143093894926,14.87504176658561
0.8365202323194242,15.723566523069232
0.8311376973019514,16.91015383728313
0.8183826905800967,15.231761481867485
0.8491056239643143,16.78685597783339
0.8582354581469017,14.04485715258562
0.8497299513416338,16.121007673602296
0.8375481207682444,14.620604582592982
0.8504190044558356,16.223493970806725
0.8377064520476232,17.44941774174903
0.8095292031196987,16.511725925506237
0.8511998895722797,15.858219793427024
0.8555448250380172,13.55710808641887
0.8376468546039946,16.446062232349806
0.8351015505911175,16.27932542373095
0.8239857223219641,17.495409407280118
0.8464876166240316,16.31700683213832
0.8442502677202958,15.143015572319213
0.8454292335322625,17.030332960501664
0.8593794241720666,15.83748476476581
0.8442651053228252,15.628162092359423
0.829868187521944,16.557947963594675
0.8291326852803761,17.46750499050803
0.8447987506395425,15.719502979044067
0.82886514222236,15.599876524014695
0.8235642018706928,15.61384374953095
0.8397691667757267,16.231146103428973
0.8466642297857646,12.933550695619312
0.8352005324030848,16.815254755479184
0.8281164318072998,16.342874298069237
0.8342669095840277,15.516559722225097
0.810111648347999,16.552232769810313
0.8094430391972695,15.916926251172384
0.8390415981397806,15.132302223163785
0.8217260947515644,15.575227687302117
0.8487181341313853,15.318413412785972
0.8490964973495291,16.848303308502402
0.8442960350042931,14.88513407297487
0.862559744710344,13.99130479822612
0.8735829711463623,15.108164307352524
0.8817645201605284,14.254375822887473
0.8208531055965013,16.34642192650445
0.8244195919692241,16.181048481389247
0.812171516084858,16.71003506734979
0.8248585394718281,16.080878148220663
0.8376299421574545,16.02386105268759
0.8240737378831099,16.538016142148958
0.8475468678894044,14.52703967673875
0.8407159087675726,15.544946819451738
0.8324716987142017,16.144476130243863
0.8263179047267485,16.61528050108164
0.8468846305835983,16.61082646989078
0.829686828611189,16.496981915849258
0.8307908224152243,15.92221882187261
0.8113226125229122,16.473320934231996
0.8383152524096328,16.51251732263974
0.8112603801009484,15.779424357410987
0.8628929000178056,14.014845898502836
0.8252277697632292,16.491881654008573
0.856127409126172,13.992459094500356
0.8446195376267626,16.51765365890968
0.847365904729832,15.682169425202586
0.849881106922036,16.30506715416369
0.8182565904997484,17.22823175952892
0.8540707484402227,15.100425772290981
0.8338845199066132,17.13321632768954
0.8471007497493107,16.43643777681213
0.8383074549125175,16.404508555770658
0.8474732430207355,15.091307094417296
0.8099566391962503,17.754467126120712
0.8571433119838097,14.945063803036058
0.8742913304535396,15.483652925851052
0.8349265892222895,17.128500123525566
0.8388837060006069,16.296522164844273
0.8616661909966021,16.194052679613787
0.8306509456246434,17.38741454134915
0.8524758586823623,15.727700417058182
0.8517877034875422,14.755420047610713
0.8549140045486818,13.88043645770091
0.8188793117170964,15.467375243651908
0.8483678037292316,16.25099824051977
0.8388803232389647,16.51185155370784
0.836396188415779,16.095856931188752
0.846311992925922,14.489650665151311
0.8237861638775983,16.267208348270696
0.8405238766393546,17.138271448677482
0.8340231054530408,16.65476557906904
0.8434416136487503,17.01125995728898
0.8541597774928346,16.339307100713317
0.8159713192217491,17.030545011382213
0.8611892615373642,15.53671142488765
0.8308031339843639,16.712209198150447
0.8333683342386857,16.21081712458623
0.8372540505831111,16.67288168100284
0.8179583349832934,16.13380083936868
0.8359275462682465,16.287146973287726
0.8272373363062933,17.463492531109555
0.8442946815472863,16.237369025609922
0.8528308925472162,15.527639288241005
0.8378804808155816,16.53491532123516
0.8456877053145568,16.42194959546886
0.8377822402848801,16.677967798191073
0.8599206248311257,16.268914304356965
0.8366182848975502,15.044714441566986
0.8302233653765408,16.526067861720957
0.8568013556801938,15.768069449980905
0.8337846666490215,17.24018638229875
0.8646064049363597,15.344437299567465
0.8409656381534806,16.392192549103868
0.8538208843122023,15.748659315771214
0.8232847960483718,16.87085235274994
0.8478403073326817,15.34290699950605
0.8278989298845287,16.448525756565843
0.8151710780771751,16.461635288386937
0.8480625519382676,15.847286698073882
0.8454790233965989,16.721231496679742
0.8535954842576063,17.19198360610606
0.8439282040035598,15.84885267667805
0.8272899651185668,15.94575935898098
0.8307135378938252,16.499875733777582
0.8500131989928548,15.892245390705193
0.8365747201797648,16.734079469750892
0.8402830559901274,17.969428758762845
0.8257709717957381,17.36155360863145
0.8459661778829318,16.235244044678826
0.8374443912346446,16.525123534640667
0.8430776766348006,16.21274043331317
0.8580473383417612,16.63001101274733
0.8587299508338955,15.80094800171004
0.8399892431271597,16.48176281815903
0.8467109118089509,16.157719417990617
0.8092364061893732,15.493086813089503
0.8439441646246371,15.511215458540226
0.8565050793947314,15.329080980571455
0.8213750782497916,16.414705317923744
0.8451610829827759,17.607342934879558
0.8602189410451029,14.88814336684169
0.8518665342526562,16.15641313365857
0.8375962186354813,15.235831296083461
0.8281836715566423,15.890339643212897
0.8521428007760288,15.84496224328879
0.847363579491404,14.927964352664048
0.8326280389341661,16.62387253614367
0.8508231433628767,14.350381178095764
0.8302079120414959,17.811538183420158
0.8740852271767819,15.494531222528016
0.8306541105267025,16.743421041969196
0.8307624890785535,16.995495501050957
0.8543906957569818,15.966873661668872
0.872734020473169,16.31074102536744
0.8208040316053129,16.680332032299905
0.8483482370151555,15.640659169168186
0.8392248809294287,16.107779848452395
0.8337142363530514,15.901311433271266
0.8383738941473968,15.851493960072673
0.834513037790328,15.926394090904516
0.8298317417910569,15.556127855095431
0.8557889204130943,15.389809546601578
0.8351689622987223,17.6690170177961
0.8210241968870303,16.71449287688949
0.8145902406769259,16.77626692007008
0.8249453393929725,17.03885984289951
0.8431423166609774,14.240651669646459
0.8589826774640638,14.841278391292244
0.8309421418199215,16.429808732955323
0.8463247008748339,14.74379001909954
0.8334120771706849,16.429747606612693
0.8546583751935164,17.489699094521878
0.8331866093065584,15.543727257182915
0.8195466632985027,16.378253748916567
0.819110020690703,17.15957320826644
0.8442280702964259,16.060955633459614
0.8466333561915015,14.549574105654457
0.8338867728395486,16.95879084827627
0.8258632226840948,15.133225020255123
0.834096934357545,16.47273183073607
0.832704421912572,14.875672439509168
0.8301209385025395,17.723520157656562
0.8628894009478575,14.685669737907048
0.8576598617997298,15.471291222916634
0.8469100802379629,17.19179850591023
0.8480358012750887,13.188965863459407
0.8719608326867837,14.712669241868587
0.8301661673724219,16.409425458121863
0.8174842442331619,17.4470080989056
0.8492942764516779,15.933806485863009
0.8427018329693342,16.025220857792743
0.8439982523740369,13.14814499630065
0.8463693048912581,17.355064265290117
0.834147507466393,15.719112359258679
0.8475802897638692,16.028616367067503
0.8357587238238091,15.675344348146004
0.8444587994880423,17.047275591846816
0.837160250686931,15.669462750179456
0.8443623544848894,15.908327021810576
0.8428749123170399,15.69864399015684
0.8420143550034367,15.816522741608162
0.8297512197596065,16.832973016782322
0.8491464928940521,15.771533718212249
0.8268439876355429,15.035425883759743
0.8671773410246013,14.815677269579112
0.8237861552766308,16.35724864273742
0.8348543905823008,17.560506310708117
0.8205774206073073,16.058330865777958
0.8483861275685292,15.954686380823588
0.8588368069808793,15.931519273852194
0.845831125594435,15.907398441733562
0.8332121683080004,17.611723789018043
0.8413009560826348,14.345596758877134
0.8486580024461445,15.673998650463693
0.8634963975220239,16.88478897296349
0.8064382065594722,17.303010283845484
0.8464555717597261,16.062708705680947
0.8374085636676636,16.441206742994662
0.8213108558465777,17.488307430542694
0.8128224435652558,17.711374129477495
0.8418188466454902,15.894979849350031
0.832628749739634,15.872585485887546
0.8301332211051777,17.100802253619886
0.8272269122741758,16.412029330584605
0.8439539955161002,15.896315129203394
0.835310579973097,14.429729417989266
0.8482042517286358,16.375393859541248
0.8295970778883546,16.03453201573974
0.833394535411412,16.574213067664086
0.8344176922729273,16.65725953330457
0.841022105762232,14.72231895863374
0.8376457874659463,14.98942123889507
0.8534268662332837,14.407457665763651
0.8226975432006564,15.840248664587342
0.8472230564039913,13.805426466074058
0.8464478056775682,14.754261107482833
0.8483823575006356,17.323469137428745
0.8491446691667984,16.248549586903895
0.8238383120352594,15.098206631462668
0.8534356534205966,16.12656362422924
0.8383661388134144,16.6307290499138
0.8596610814583011,15.632202408541092
0.8315754543000651,16.649918172140563
0.8119753313762375,15.173929607364732
0.850821340800628,16.108636244704893
0.8420840995259741,16.24019195790701
0.8301947868412465,17.018581470130933
0.861452285972288,16.29637279941035
0.816778935296636,15.451974468643884
0.8321154666421172,15.388990765459925
0.8525432457836198,16.567217786247863
0.8683301990726676,15.206740903472323
0.8616304860142151,13.834162676017934
0.8370639492164776,16.260005704186643
0.8471014864760628,14.92860728048513
0.8692360547729615,15.736480378221003
0.8341228242778026,17.605585529532547
0.8626369546117979,15.966771012835622
0.8176155367442776,14.74329160337295
0.8532498539644218,17.105482420276854
0.8434355794421674,15.830121255278423
0.8371853104810656,16.738869239999303
0.8499698691495768,14.472288794122917
0.8530399919661917,17.046304784651863
0.8684544385304028,15.500331577254087
0.8424508936096554,16.19629875713657
0.8386949807102364,15.343371214706432
0.8498362799611766,16.65076414305512
0.8393140477422025,17.331372109250832
0.8528046355626095,14.139855100197396
0.859659022186191,14.59566128919451
0.8406890053144392,15.823195090293638
0.8447949976606148,15.013746752364488
0.8366893726562435,13.157512892702249
0.8234315901313997,17.71932873609543
0.8304027944536639,16.013278973090593
0.8389408641722258,14.943966066559057
0.8391425152975754,14.424360403120232
0.8563930344262228,15.777714014427689
0.8462234620572517,16.18015053794313
0.8388370383483287,16.824269018145834
0.8647856589794402,15.445822981602445
0.814592577479195,16.681489585974024
0.8180275984371769,16.479040743791767
0.838832790297574,16.053406471835725
0.8296042158419653,17.475629705044117
0.8454110710788431,14.073402704272821
0.8821147915754737,13.002290570690684
0.840818150735749,17.289189581202503
0.8230439995718348,16.883388400072594
0.8404339653859596,17.538026338022796
0.8597478794047735,16.074485506892742
0.839054864244683,17.191824626329957
0.8339055854331688,17.099951387362996
0.8514679977113065,16.27046795260763
0.8282843045132515,17.34542389210795
0.8504481723267552,16.397070583119966
0.8421124617177954,17.32178775378412
0.8207386770063444,17.406901706293926
0.8305776971362694,16.618674098985224
0.85607608378554,15.77440387295749
0.8403303324937071,16.835510472212942
0.8284177281410982,13.276445063027674
0.8251202487894127,17.056524164767236
0.8385241551523405,16.080814660575697
0.8384000467845535,16.12835764250269
0.8508949023295386,14.737319317186907
0.8642041771240714,15.830551770270601
0.8370223347474233,16.438481680084628
0.8341775770531598,15.671828013260322
0.8239090727752943,16.643190557690986
0.8406923990938697,15.926280419187664
0.8344069344775091,15.2024377337059
0.8278012204461663,15.369833234435456
0.8301090214365511,13.564995893929686
0.8510935242155884,15.742385138513905
0.855349260193087,14.520279215916183
0.8479994483456211,15.082110214270282
0.8463037470677436,16.393890167103404
0.8080434655106331,15.859822337732007
0.8185723098479519,17.104725292828693
0.855279352060228,15.607185796942575
0.8253376515287448,17.390726362022896
0.8567831305380267,15.732347540505549
0.8502566046253142,16.023911341001906
0.8362325892915545,15.891530172004265
0.8240098887546529,17.10174728933988
0.8655681581905301,16.165161081548273
0.8520328976980326,17.104480643347674
0.8471889511490548,16.353264213913235
0.856046431681488,15.12241618491567
0.8330381630573259,16.572189458582155
0.828328362545693,15.76896612675561
0.855641523838119,16.058884757602076
0.8317461898501363,16.897133604533693
0.8241596614214574,16.314254904701496
0.8373730106791338,16.86189584313671
0.8420428397591925,15.20027675966312
0.8211847204455879,16.21141366265589
0.8119975700735035,17.69408819273752
0.8362459357933799,17.024191957443588
0.8363716980271397,15.777244158127928
0.843176975606561,13.923831492122764
0.8247262649571544,15.895061929036371
0.8508446114005831,14.235796398404881
0.8522835544202093,16.942655050270996
0.8313410265817839,16.259287625091662
0.8312411484799336,16.390072251921595
0.8571882835142787,15.94929258043102
0.8068383713688445,17.06785911751628
0.8337215731116356,15.449555602416694
0.8411434751864292,15.178726214883406
0.8403305283528844,17.36600287228163
0.8398730920236859,17.10427660435978
0.8462936187571862,14.979900856930472
0.8664286573610019,14.978353056274267
0.8274772986348821,15.65001723101887
0.8350880557348751,16.16424708971515
0.8193067013326089,16.559022911366572
0.8316535974776039,15.789543381484677
0.8355359736942743,16.06529765375823
0.8376391000478338,14.622912406077539
0.8464598729373192,17.07897728634515
0.8230233386347984,17.25986018174888
0.8360727197596945,15.794238808575164
0.8396978828990384,17.366041697890008
0.8256913347045586,15.237121040621906
0.8445490936475469,17.77416479618952
0.8381350933292789,15.93180031524611
0.825571906635801,14.691527096644485
0.8397522888341923,17.05259987507362
0.8343498630509232,16.11364888886268
0.8220303729963003,15.532204242969627
0.8303008108600259,15.09041116308404
0.8432460833315071,16.07047413362744
0.8420627044856174,15.141630813273506
0.8587187460454996,14.803670766835628
0.8208837827129843,15.500472879181432
0.8555176438383083,17.187586786155606
0.8253195073076544,16.636903930112002
0.83424205722515,17.148315161351974
0.8590361401922987,13.800108950764189
0.833683310262015,17.90542719284743
0.81027173849265,17.568425290561013
0.8519677995285391,15.846390985069968
0.8174748763604914,15.56492710433871
0.8433854975059031,16.147690740980902
0.8400659982062537,17.575949311882557
0.8344633978242616,12.860993474704237
0.8639467893441388,15.847431847319902
0.8047670382752301,16.760444826941335
0.8479168479189592,15.169688613687333
0.8266364870327071,16.73217187618248
0.85815604873258,15.991512418591332
0.8152293830332985,16.877592935604593
0.8501314614687797,16.51931939301559
0.8252762396705395,16.723039279314023
0.8293770306049238,16.834586676645372
0.8470449905119019,16.196476005962
0.8400869393037417,16.135133741600065
0.8428025921631438,15.21141693728201
0.8334374514972978,16.886405078824016
0.8563271635490753,12.844144908162013
0.8281347212110571,17.10065789072416
0.8407431021992614,15.796544456040195
0.8506934915730574,14.955932820050789
0.8495686822128743,16.61496078237224
0.8650558251803595,14.073278487980971
0.8532061125801711,14.578703113100383
0.8405616648581268,16.362710387769965
0.8256008690892701,15.747258736073304
0.8646240828463624,16.491354239170775
0.8258336960512552,14.491670717081083
0.8371490987943937,16.58579555675128
0.8580933909850069,16.284104589424697
0.8257578175845309,15.682872985291127
0.8373893653079564,16.05525457288913
0.8250832888519327,16.249755715792386
0.8502185086972133,15.972374381634319
0.8511353785881068,12.089297669961695
0.8350961401369436,13.347033011398961
0.8158247827158145,16.538650878216785
0.831885187931077,17.29085800327304
0.8218531545798937,16.222544656420382
0.8353593942568769,15.03987996253442
0.8182817030655283,16.9844249135618
0.8670056848553314,15.845005028314674
0.8360751914599168,16.56302086100378
0.8295315804556966,15.447865575505965
0.8613038026662331,15.174882206508345
0.8326426070223336,17.450527111152226
0.8267458973046861,16.38250371577404
0.8326020768781071,16.73992278073216
0.8327448165066261,15.930441110988902
0.815329239464868,17.867314572370418
0.8489767023992645,16.95210887683567
0.8310730759709745,14.076913372310363
0.8352013413959245,17.286620907986286
0.8258569000133208,14.390992011458744
0.8404243593513826,16.06905662579308
0.8465367068470572,16.79322468934838
0.8421432277050452,16.474646619189087
0.8695768406767205,14.990177402410376
0.8371473847954779,16.71616979761556
0.8377783519914895,16.67541734136789
0.8655110141270456,16.299669023746304
0.8183689710206136,16.526471122219142
0.8641353057532495,14.591044774436655
0.8164416905437393,16.735343692902834
0.8650434802018241,15.880594637594465
0.8390733139488521,16.15788053258773
0.8712037903965695,14.384534981725764
0.8616659034821087,16.494234318165752
0.839886383548294,16.623578333535995
0.8313683657423198,15.289921970476916
0.8414299435112965,16.084732412978052
0.8644848193650244,15.780054498849587
0.838246134221528,16.45964562195169
0.8365195562113686,16.068036334621073
0.8258476454428402,16.459522000419177
0.8265618003594226,16.48228481255226
0.8321122415271153,16.018985515610186
0.8741873374299495,14.10235193697889
0.8418346734913831,16.337912044819053
0.821877388089231,16.17442425255523
0.8318013524451344,16.245078598919406
0.8208580743749702,16.91104948637272
0.8509181168602492,15.007329625556494
0.8477833205929947,16.983759353484917
0.8414965032561135,17.009799867630715
0.8378155074794904,16.177282124837543
0.8452482018266464,16.879779678112186
0.8199620911330724,17.324662950897153
0.8640171718820241,15.984256892691457
0.8308408172111638,16.903769588623586
0.861977873209968,15.880036148442494
0.8243926158073144,16.84682971864723
0.8567214711040784,16.8016039777505
0.8380216777737134,16.200597410476423
0.8427999814923609,16.04723731771185
0.8528251286397507,15.935089571750789
0.8357104464510222,16.15898109514225
0.8584108354799551,14.14197756889042
0.8607245642351172,16.1869105463125
0.8445776217674124,13.755452249042554
0.8180372341632657,16.115953899890403
0.8161204257489597,17.095740533926023
0.8174573192632084,16.720858890053915
0.8554618424926647,16.796648942652023
0.838925920962741,16.046242187506866
0.8490063995008402,15.183918016478744
0.8294972037920497,17.15388322390054
0.8304341201083397,15.738578731189072
0.8457087682492679,16.190329873947668
0.8517552140908919,15.146662189672504
0.8188844547681325,16.07870755963961
0.8297259648539045,16.229098070721076
0.8147992962170946,17.96154064189479
0.829089868132781,17.728985156969877
0.8167164550586441,16.736046529434265
0.8440077052081024,15.302555279810063
0.8556694660765681,15.190333571426015
0.8385895421633976,16.34520952089127
0.8422749118583468,14.414684697130822
0.8311286637915755,15.012362451634687
0.832004812356451,16.152294119572577
0.8238497892898263,15.914613406101227
0.8587959024829251,13.819311653709498
0.8386919301546074,17.67688982750266
0.8326976318615172,17.58560898576991
0.8554242237239179,15.909531337697985
0.8426912026773393,15.115649202012795
0.8246791807040853,16.538413988507717
0.852500045163732,16.206863496784624
0.8273594081536982,16.63976722600137
0.828355882469793,16.14627015389003
0.8342241254722397,16.610130596430597
0.8352005420495127,15.23795634408913
0.8243448296126258,14.500913905671496
0.8196966490131502,17.594909713638497
0.8362172923986887,15.605094871398853
0.8276846510833753,16.95486185146938
0.8611072188051461,14.802669492452061
0.853696367849878,15.905228749921683
0.8262051481496578,17.045772442293437
0.8603356913981973,16.253033407785868
0.8440129788596867,15.081546092693925
0.8261381880539495,15.607808015213733
0.8168042137725252,16.674767191104095
0.8239611010386566,16.650146014139853
0.8685039845937443,15.442670190784659
0.8520916084867308,14.716341844035712
0.8415199024052892,14.76576088716538
0.8108444519187302,17.58043366027223
0.847771471845178,14.905688505173652
0.8253666119338927,15.314122786164981
0.8443068382691764,14.511772917048335
0.8261490263864971,16.851371959257005
0.8542260590140788,14.319688921751402
0.8301872142612404,15.404125014937298
0.8467978845617793,16.099574310194225
0.8382921805783207,16.279363883675153
0.8381040030688193,16.55812029397197
0.842934259362354,15.183571472944115
0.8441751514918777,16.72310945099942
0.8438552113824115,17.779630374504148
0.837387585879125,16.3855810401777
0.8071080884872511,16.59715434859146
0.8444635373241708,14.472771955736894
0.8400380293300233,15.744287659710864
0.8260382395420187,17.450398373163367
0.8127933549199527,15.506497200579487
0.8135955049749217,16.957879278773827
0.8266648172351053,17.461580777362986
0.829240654946852,15.228455508618694
0.8315747144993019,16.257834684423784
0.8663512159238779,15.863837504747375
0.8374795891519103,17.68430819943186
0.8465052634183694,15.337915184878165
0.8427537783621765,15.038526241172924
0.8320621991605863,15.702938964244785
0.8559399437636679,16.85560040995514
0.8382047478510727,17.245536998351966
0.8217887890485093,16.911027709493165
0.8281737638798186,14.374130448891263
0.8542008509636602,15.914436381294573
0.8490515188153561,15.952814131526312
0.8111318210840611,16.98427446139507
0.8504185691793174,16.21077221198897
0.8170186245640195,14.70180224678402
0.8382345781924547,17.212752121965433
0.8335198208839228,17.044565372157244
0.8253159636373718,17.629549610325416
0.8319906151888891,17.038863580806396
0.8388997108315656,14.870090784215447
0.8121744812273929,15.535302871290574
0.8184070953553823,15.93645598119297
0.8367488242432343,17.89589489517495
0.8631248132542132,14.080728418635147
0.8573062459103524,15.870341050504896
0.8207651199551339,16.301366214578824
0.8342467643449328,16.591562204134473
0.832490555400891,17.57943928790197
0.8486285084456888,13.791692935253577
0.8364492410712105,16.93250194517588
0.8401307711617051,15.786040296268132
0.8143299803895481,16.23926624886667
0.8399585173574272,14.574904602508065
0.8538990762988367,16.869840157587436
0.8532389514597231,15.655954532933892
0.8569382636424198,14.791725098878452
0.8310941774647408,15.266313085421281
0.852625224894752,15.598339695386437
0.8647430222864169,15.055669776646445
0.8465936405892571,17.72946919008823
0.8187063980713646,17.049664477015465
0.8447243269614314,15.353565859218811
0.8304599671610383,16.219309877493767
0.8429719079058665,17.67918154495255
0.8257441635706692,15.301352193144721
0.8273614010413087,16.812603758679142
0.8288325467692447,16.62777623932276
0.8515646963423298,16.539428336457142
0.8171943000485985,17.235696698062704
0.8682034854096782,14.138583517254228
0.8367551671433523,16.341081050854587
0.8274491650348569,14.91935748346632
0.8040250144344006,16.553953535651928
0.8540633717484312,15.329196893688268
0.8321054196502847,16.171743940917352
0.8460384557252851,15.266400844472747
0.8300296037722769,17.4467901248517
0.8515600030170279,16.516243171231324
0.8533051296956745,15.149623634913217
0.8391560409602862,15.87107951644287
0.8362123229803902,17.648959590501118
0.826581944094057,16.75366549009176
0.8491288945036222,16.72056449388144
0.8546801497550023,16.587759354566252
0.8248249758178542,16.845464519013362
0.8459084192978721,15.338529353883771
0.8222056314469056,15.389021193844655
0.8369340413727745,16.526532846524166
0.815392795488545,16.903605354253894
0.8464593806294577,14.392168116085275
0.8582949004219929,15.788901300360578
0.837498541566127,14.190411767823804
0.8481704890597458,17.571371689400873
0.8379785209068705,16.847899918265654
0.8368670170053326,16.023528233415465
0.8662567620776876,13.419305350452078
0.8383027559495241,15.071292440088387
0.843122146181936,16.149117713846955
0.8442478868417774,13.74890858321649
0.8374854009525103,13.195606988478481
0.8361852621208726,15.678019816763593
0.8213369663421157,13.703187312382921
0.822424905453255,17.188860868885282
0.826499885966471,15.318701814003724
0.8641285988531249,16.03435372729001
0.8401378315593305,16.756165164517334
0.8382374683650092,17.04864953300569
0.8491581322562235,15.844774019856006
0.8287082441900194,14.696828906035412
0.8317537565166354,17.585890169935773
0.814397489205362,16.844398531066847
0.8606365399905608,15.811790179987424
0.8419884112639296,14.393640089708521
0.8342634343734305,16.841855198589084
0.828523664514599,15.985926266799503
0.8153084671603055,16.46268932412806
0.8466726800354932,15.004220115685627
0.8577586912815632,16.67886361883491
0.8607656931288075,16.619058070398836
0.8269154068697734,16.459567476538826
0.8523029241246968,16.918334177460824
0.853836194809022,13.956308899543567
0.8426199160172726,16.4543065061806
0.833523796729923,15.555512124274301
0.8314232312327864,15.61994842835165
0.8208508170041378,16.60728250441314
0.8497468537643501,16.76250932450517
0.8506226989854445,15.745356151310306
0.8555973439831206,14.49509775042037
0.8313403868661737,15.299809282319458
0.8334829887189596,16.535336390837806
0.8484719762590914,15.81578818603956
0.8213955493689561,17.593089399232493
0.8439739420676351,15.092598498918226
0.8528693358296419,14.783538140927076
0.8421004430542397,15.786147435816446
0.8393718204227599,15.624927055991426
0.8298441838226488,17.0850413512363
0.8216848451177862,16.395078368600743
0.83454547363175,16.95271123074899
0.8281663933222966,16.147401167238574
0.8552760776563885,16.2043578713383
0.8512053977273489,16.360082941967356
0.8285564140241114,16.786670029206388
0.8510133538882458,15.896459862509595
0.8187629566420213,16.184184410174193
0.8458294002192136,16.32476438771143
0.8331557097297995,16.543422100297484
0.8378909342515004,17.21090579084419
0.8580396015165407,13.092369031386383
0.8592460169200788,15.08934140993617
0.8392495238277448,15.872877766622745
0.828307056812227,16.371309618101918
0.8229059820357492,17.43624136005525
0.8428250740083701,16.648448947839203
0.8341072031140803,15.193989778790145
0.8429127081572961,17.587395501266037
0.8075322298455582,17.42659970851649
0.829480986446415,15.55541509176596
0.8487842032014288,17.03375979804079
0.8261842450375457,16.31767222367813
0.8176283766750118,16.398894286564687
0.8294054744379539,15.85460984706988
0.8607571027180901,14.617897181320862
0.817672516984885,15.521013573569286
0.8264822130789837,16.64974078404318
0.81915661436705,17.347724282719042
0.8206020872805119,15.455931491261632
0.8564106710573944,15.476905228815687
0.850800994162057,16.38872797556434
0.844241462209827,16.02316311468741
0.8356849035823588,16.93601721783973
0.844823371006325,16.074802341028096
0.8371031835606763,14.701247199536995
0.822048939271439,18.00442899720147
0.8288895090357006,14.775792412812208
0.8276590436287105,16.880687685587514
0.8677141403442551,16.056507159932107
0.8334616318772424,15.017708290653799
0.8390197507485496,17.312781986002655
0.8452848971169994,15.187717651252163
0.8352445742191247,16.56694530516035
0.8413481744504386,15.76384439427973
0.8409676463861279,14.518458754758123
0.8443349776133527,16.44958797289812
0.8187781057427371,17.215859818532977
0.8162097757535719,16.60549419860826
0.8760658508592546,13.883919540056391
0.8487213093858353,14.09861222091522
0.8335105771963921,17.308311305330225
0.8484021288199534,16.8403394928708
0.8590635777405858,17.114154551338057
0.8336726605920846,16.30706637226393
0.8388027596593862,16.63950623011174
0.8388116275529541,16.936448918302624
0.8515261351297827,14.98388909055992
0.8605503364985986,15.963911157707033
0.8582800308248273,16.101665983627672
0.8420060271966636,16.694932547358256
0.8404680496183937,16.161899996936594
0.8259503941887106,17.2028180011184
0.8422594900982768,15.852921492314978
0.8291653873324399,14.75299834601158
0.8438711422785512,15.698614142409909
0.8341525887882598,16.216159783249033
0.8241323927819707,17.568952545817528
0.8382809427592909,13.78523916832179
0.8464765539740454,16.67535650240224
0.8367545835195958,15.19337214403707
0.8296849338201469,17.474455106044434
0.8334000697674,14.929874200870495
0.8523762367469375,16.782481278668513
0.8534170112028603,16.563198388621984
0.8311349198076239,16.58030280967755
0.8244686461157529,14.420143932622265
0.8257787072876533,16.73689796414428
0.8493293759806467,16.305451621433452
0.8344200085289022,16.548890922274396
0.8261112278032147,16.809342375897312
0.8407272621972218,17.026804309684334
0.8334605004558538,16.525779426527265
0.849771290115667,13.59165038435402
0.8424101498321036,15.596543267679985
0.834749597446275,17.182621319371748
0.8547640655269562,14.449651181789525
0.8469964313241353,16.18700507919893
0.8182764494352321,17.187733554313652
0.8387684271890478,16.86928083669251
0.8260881310205735,17.053609564171637
0.8420186724193979,15.564503859672206
0.8488929736379408,13.413249995317727
0.8508203822992978,14.570725343928311
0.8421497988933013,16.331964434775283
0.8482497328130904,12.560544282562375
0.8546596907579417,15.361520557799691
0.8163932578780663,16.41945848184229
0.841297407267631,15.852807586078642
0.8449067569629327,15.671897508379992
0.8408877436174764,13.699997219545358
0.8346075592986203,14.855978520492995
0.8493693703342097,15.825185502253214
0.8572291725262343,16.098849192458562
0.8342393532751995,16.391796401633446
0.8438713713359286,16.416296017224706
0.8252177876121497,16.09943103954767
0.8097418223354486,17.287839846286882
0.8479135325845837,14.26937098588479
0.8307063795555788,16.249914004653352
0.8340285037338494,14.174565787401491
0.84650670871456,17.31273716683175
0.8387802536095511,17.545565414203136
0.8237621695199359,16.073196260087027
0.8273807989279008,17.04996608625442
0.8343072924733964,17.165257797414196
0.8250466077536491,14.69600153449157
0.8088622360264521,17.00790102902677
0.8121251065025641,16.186382007883477
0.8313203990302512,15.977621471143538
0.8251319330274552,14.987393027897616
0.8423566708772997,15.848100374876056
0.8313672646484137,16.320129444199157
0.848840878193225,15.025897547787636
0.8439664859083797,14.970254340071975
0.8375196929192493,12.246138369669486
0.8225883371036434,17.574711713110876
0.8211235916181722,15.066304224299628
0.823960054292546,15.312818406175921
0.84558127259419,16.47050943357093
0.8670634902140337,16.02099289718382
0.8427233410610109,14.495045252598386
0.8514852878118339,14.896969331469139
0.8263167341106342,15.04511780039305
0.8320172754770846,16.576220640038425
0.8398747399190024,15.508714509258999
0.8442904493012932,14.763733682458884
0.8578107240924243,15.803380328412478
0.8227443265672965,17.263032579425452
0.8495751138239035,17.38924179884305
0.8459462927235976,15.396074256237936
0.8319662606579584,16.91575348400755
0.8337692457393885,16.479609881525825
0.8264990277900267,16.673474604334743
0.8547713959901068,16.546605338332323
0.8328793269040107,14.737892890644176
0.8268552568257769,16.37176426886536
0.828267100668214,16.731649699501947
0.8460308498230247,14.85188604989697
0.8492709236511287,16.745912229471436
0.8342996044461382,17.19325550644159
0.8274410695084163,17.12405307942965
0.8464749419828768,16.87119872706217
0.8211084366176324,16.14825382785421
0.8145493518752147,17.151149351789982
0.8248137955621472,17.403069606740427
0.8175490057104372,16.005629070428938
0.8285072727487021,17.76098404193345
0.836603686815561,15.523884299635968
0.854046579908919,13.51941237967898
0.8549547633263274,16.122118899586376
0.8490061354494354,16.860617919136647
0.8490103469850986,17.092052889633962
0.8419436072653753,16.36945192253729
0.8325188240117646,15.904233338804827
0.8161686572510646,15.861947824812686
0.8501319003888307,15.523797948844376
0.8464487182582451,16.832076576329502
0.8569215854627465,16.479456859096832
0.8456314528384832,16.466870526886627
0.8335181405131277,16.27406805312429
0.8484069905283657,16.09866316125056
0.8382208217516088,16.09172768289027
0.8342883859748919,15.87753387999927
0.830705853102883,17.044700622344077
0.8383731724596416,17.256935819941056
0.8748182580708111,15.897746779310213
0.8427798161284423,15.76599810892658
0.8263252080921265,16.680465708391026
0.8316083868062444,16.97097013343271
0.8412954421011117,14.374358202077872
0.8441788800010895,16.77665298105281
0.8489659737169131,16.737408825994645
0.8578684628470029,15.192358393885508
0.832325059317159,16.54036079427486
0.8255911629178568,14.563811690693626
0.8561935005093532,15.54920223081765
0.8700853763972377,15.689409014701015
0.8149161009031043,16.252882642386712
0.8506868729609556,13.45125282105498
0.8294617030459767,16.48313815896689
0.8253267290189052,17.323724973658212
0.8522926352909984,17.097277255780526
0.8324886708093643,14.921620768286758
0.8200357333180089,16.99123647346383
0.8418890449429917,15.473329711939243
0.8183126761056111,16.965322137465588
0.8489305705787032,16.134885566454795
0.841577697968494,16.179063734902787
0.839651779504278,16.268237905195257
0.839543259805258,15.282336859807005
0.8589909807060708,15.35701838901985
0.8234381740416046,16.917181959537192
0.8662511884652703,16.001215908414128
0.8407067152316398,14.850764083119495
0.8397398537590957,17.605185499235823
0.8235311146549346,16.462171794868404
0.8549410691308191,14.607793731395432
0.8660110119286383,15.194307239811712
0.8235789946758995,16.493581596569495
0.8474701171114215,16.75786204577103
0.8491144557268239,15.94965151576479
0.8516518544715294,15.89260003374916
0.8386135299890422,17.398635528617557
0.823411295153505,17.817659208289946
0.8405464541985869,14.83117779777021
0.8078068249081465,16.930107032086912
0.8290210195125486,17.47424023819996
0.8399684261567141,17.17960830191274
0.8349005808107005,14.839767870418614
0.831702743182308,17.683300055692666
0.8390543850994207,14.525828793751813
0.8679514364958109,15.466829156080308
0.8218137604663963,16.853345691117198
0.8273387454897402,16.93528688293513
0.84550537370353,16.96030958637498
0.8464329714221477,16.76106471284447
0.8221572775667805,16.897963468857373
0.8299687532599455,16.26106865434889
0.813367784868643,16.898514773059944
0.8508037470733507,15.755206995194925
0.8236636424412151,16.153885636118826
0.8390582818348066,16.905297741291864
0.8450744953146172,17.324299341500215
0.8339133015747712,16.110075962090434
0.8134721172494772,15.4190426455394
0.868536014122801,16.79953733407171
0.8698098812475861,15.6557842615209
0.8363881960333064,16.215138736234454
0.8669911208505234,13.443562698614388
0.8513259748256518,15.705218218602448
0.8590203519201672,16.07029390555417
0.8313314081061772,16.903912957674986
0.8181438588637415,16.881008842379476
0.8406400751794921,16.964660133006856
0.8387314299320154,15.743313176540426
0.8524346193105526,16.86845158597171
0.8542255567951207,16.515275457105346
0.8290884858704318,15.45390688227802
0.8321483609424533,16.479091764456914
0.8642504663085241,15.347388022124633
0.8491749631138079,12.986656597529565
0.8467835644365316,17.11207033841029
0.8345437553811076,16.009258597209314
0.8459942843226901,15.247643587844115
0.8302993410337497,17.02420907195774
0.8426669769066342,15.135247345707013
0.8658899154499696,15.165214935787537
0.8264413368638964,17.508929666255366
0.8325526542302346,17.03657617325187
0.8276376146197698,15.024823562535206
0.8291481588304356,17.051959549430606
0.8191948278639938,16.43634061152869
0.8395976966683231,15.33196024459852
0.814097500470027,17.719154727653777
0.8317136122570625,16.32467471445836
0.824974497774848,17.29954974407646
0.8359366073615977,13.797811930555168
0.8085572537649316,16.292465027256515
0.8679849439853976,14.857027069070755
0.8584594684600432,15.713727553001965
0.8206942867935808,17.49066250202047
0.8637426965936927,16.3538954764702
0.84931238556723,14.955206888958877
0.8589552490354847,14.901371226261311
0.8433313228321695,15.92549921372249
0.820138783546018,15.486429042782975
0.8346409435552625,17.03044979960494
0.8102794595197346,16.96116158485826
0.8385865046558912,16.661133207624992
0.821262472006482,17.461398700294396
0.8210474359784445,16.88919613741148
0.8544720291503328,16.51127783130246
0.8236014377636521,16.184960453648866
0.8412308045255773,15.615139167724202
0.8247524245191048,16.743195656226927
0.8567646763081572,16.578891685362922
0.8367125129432945,16.81923111861719
0.8304446890936433,14.947402589266717
0.811833604537291,17.69177128052714
0.8243660998822007,15.891265134404781
0.839636220726201,16.370269611080477
0.8359048673731171,13.554019590264472
0.8300278938378849,15.847338788709413
0.8339632362895154,15.531434402529525
0.8444817314199261,15.237893094216295
0.8373992944855749,16.65372226228073
0.8414565481850739,15.755356214693188
0.8583549576653287,15.946970573302032
0.8413871967640819,17.460790381321022
0.826424546749723,16.622818367993805
0.8321778200894028,16.127588212785295
0.8459102461954985,15.579556438916219
0.8610493441100434,13.640710171148195
0.828938591548973,16.197647996777764
0.8305225929161346,15.946257968191297
0.8612580279399141,15.82017731510961
0.8204875804643459,16.671840445012474
0.8279745856355811,15.804934056638189
0.8332957563612274,14.643551270529478
0.8346343771785564,16.27395563598094
0.8145410944342787,17.261898773256316
0.8429469201165624,17.234017975750234
0.8233815865304074,16.413465084861542
0.8453594475114086,16.76948700092458
0.8603133036800147,16.071328451693578
0.8297091692055645,16.457754644252933
0.8038662514236523,16.450546663834885
0.851077606542177,17.801979038627923
0.8414025040476633,17.293396249605895
0.8489643955555887,14.895913119392295
0.838052282750943,13.297462229885317
0.8060243117403708,16.369274271335797
0.8297907960888186,16.345428353667582
0.8579859800722148,16.720300934380763
0.8424974733687941,16.284975189160765
0.8273774892053386,15.305060435446224
0.8349891583800106,17.69717463513705
0.8640056090330003,13.92192003698898
0.8304313898719303,17.483034805926362
0.850486603363343,16.819906182015835
0.8556284538250175,16.68206453401573
0.8317458801195811,16.674572824838823
0.826748594346962,16.040041709836117
0.8313273952348613,15.864467346763199
0.8616136310584582,16.10611429720545
0.8118487461307172,16.271492615275083
0.8359269535241466,15.48163334518552
0.8108528312477686,17.203658740799373
0.829080354804621,16.456240527827692
0.8384072045572314,16.748389314573117
0.8557206805438288,16.39320208187806
0.8318243760208669,15.426558591924133
0.8641390847976854,16.525311738819582
0.8394156414980326,16.49537984291796
0.8449039649294846,17.427123692465912
0.8361380525912908,15.031118536878301
0.8527311095660585,16.98862827356501
0.8511506241042776,16.103432588284605
0.8385774711438946,16.834544266425564
0.8259006697945018,15.631340803139693
0.8658065441353805,16.34154171583054
0.808864334020417,16.6047997674785
0.8099453670255953,17.610944386925922
0.8632990472566253,15.8669055059379
0.8392342431662688,15.610956597766217
0.8451278661891011,15.286157755780877
0.8130606340695182,17.184230476024883
0.8383704853194839,16.965630434269816
0.8434207198917508,15.733831512012037
0.8322051791295989,16.88132336378322
0.8198960711487278,17.376550833113757
0.8444074100521065,17.391884074465715
0.845890592497089,15.18353898455041
0.8584324416448378,16.931946770425764
0.8484467261706493,15.611961679834211
0.8261318663256075,15.908414744580666
0.8435796594741253,15.822561196956187
0.8419552754529399,17.51503825750464
0.8275353364808674,13.317282802590482
0.8219670972589221,15.089019669633538
0.8389397561571053,15.405181976537898
0.8223175517927165,16.35240045123425
0.8418730701808315,15.760791929422732
0.8649602451517987,14.070526171035722
0.8417342900182962,15.43981692295448
0.8401589127297253,14.855606587206166
0.8402916856529745,15.558583743498351
0.8322297745912121,15.417873118995743
0.8492650332032258,15.927285108567661
0.8650031467839362,14.882052904210383
0.8452674833139796,16.580073226581515
0.8339105692760889,15.484932398841972
0.8661831894809743,16.2587452666301
0.8549103903431962,16.67137766654474
0.8368309424639987,15.728472575259202
0.8434453505459852,14.249868339957926
0.8480996119030172,16.221741992744388
0.8456393520995795,16.065775825141724
0.8357904094995211,16.027997673853324
0.8335973656614297,15.4989585933103
0.8446277176431378,14.876360722393708
0.8314028527369989,16.89470063285029
0.8285483915923969,17.594156319294132
0.8555641518108037,14.968851382665617
0.8490929401358568,16.845821163037076
0.8357857836810725,15.259345556405764
0.8379434987604281,16.277892654523054
0.8123412115582873,17.17702828405176
0.8154875928645461,17.40164794054196
0.8399376711454315,15.84516737526827
0.8457630805221862,16.37786406118756
0.8295956199599964,17.23093881105876
0.8114347318909861,15.935238299633676
0.8579586434866493,16.077034169120655
0.8125199471621128,17.061830284188467
0.8403772145389823,16.485849201796885
0.8539630522210903,16.966370189472226
0.8385334536360399,17.70921800310766
0.8458191031509449,16.45640285166162
0.841592831079648,16.291634210917852
0.8175812686332122,17.010496838765516
0.84364941361126,16.13869529317783
0.8318430618829048,14.11934757964877
0.8384496999280439,12.358922731744627
0.8426182817588493,14.309339746040154
0.8592471468721516,14.985679415022332
0.8123953892213834,15.96650100734545
0.864176853300958,15.256929598135173
0.830163387749784,15.694510919771531
0.8614710313119369,15.936073244780573
0.8291924046000011,16.443840579253173
0.8310666874562148,15.186792900466925
0.8414432447665617,16.042071437885273
0.8591739398061832,12.211601589310652
0.8559363960927294,15.92622671154104
0.8578361594508159,16.261100079494575
0.8225741329612345,16.767734484742537
0.8620512947762179,14.78127784815621
0.8397321703650693,15.85727045168403
0.8322514229589375,17.112277565677875
0.8274416184085772,17.58462849184314
0.8189632670205717,13.31925122043905
0.8437173419818563,15.33209334365589
0.8515018031689706,16.038992925210703
0.8580580578566052,13.824741369253493
0.8622310605111744,16.77994339956115
0.8267760243943251,17.793853389410824
0.8464847598445217,14.702122575521607
0.8200351911635174,17.771994472306577
0.8350853040632056,15.75744233256047
0.8537690172115046,15.446768343811412
0.8287344118096073,17.00599721663554
0.8584408150735138,14.82177415094533
0.8508463737807967,13.898014404017394
0.8381742297521543,16.36975229333835
0.8126845079497748,17.04185467409673
0.8436293172860229,16.52497520742523
0.8430625700685578,15.848045853409062
0.8345581356954104,15.914028298741648
0.839439080736895,15.581833388491177
0.837308470157474,16.803509231600092
0.826359507203711,17.446977480313056
0.8500074080520293,16.0285919019905
0.825721564981929,15.748626456651431
0.8290439151117708,16.389416719163915
0.8365171135337205,17.931156698584086
0.8445616939090373,17.157397128838266
0.8315498445000818,16.46393052214525
0.8399205894006484,15.057944475908135
0.8591262002107739,16.299446073289023
0.8474162536628476,16.221649508705962
0.8327338340058107,16.260807228168325
0.8491462252624155,16.2327315148388
0.8331949925361523,16.85012330775994
0.8586703408759181,13.16335537649283
0.8161776064665571,16.59282542527342
0.8462832052967459,17.026546935830975
0.8359454547756066,16.901586417205092
0.8496157056036681,16.131147155142347
0.8734144430991355,15.915832328860349
0.8488790783639426,16.184580832979222
0.8484227067568683,14.94543982274457
0.8543335193813305,15.349860793901433
0.8371630358614398,17.370177832259166
0.8606988882751526,16.59735459880106
0.8491727317158344,15.323240665176046
0.8548308072356611,13.553632397769915
0.8224142184681194,16.897719616760554
0.8365323784239798,16.38862699528116
0.8299424691399442,15.667511752205547
0.8582474573019728,16.140002508030253
0.8124207136621772,14.877420188647674
0.8590367618728103,16.268615460054374
0.8419862037597959,16.19206327922244
0.829688164872695,15.931980941748629
0.8095302653440762,16.872359963547137
0.8754856345934331,16.001089941267335
0.8608862929873241,15.964010341908063
0.8480800701168193,17.1312513848804
0.8350659800223125,16.265381046330315
0.8400770677863755,16.81015796543779
0.8585110279464011,16.339176927914295
0.853232593319242,15.257507508074818
0.8461766850677558,14.760164592410055
0.8655446046172113,15.423723801196537
0.8308794052225995,17.508919621581065
0.8264237263875099,16.071501553596903
0.8251012335806053,16.64392835905772
0.8409322621845298,16.55538492862463
0.8486221898762395,14.752912318408852
0.84973381137555,15.186452033546809
0.8301666462391518,15.167377951007198
0.8291031903473375,15.624259415031588
0.8159851197862449,14.488434289851751
0.8379133111241499,17.314715015086858
0.8555176240876291,16.10037073447783
0.831643486770688,15.360921345719381
0.8636915520852654,14.811424035009969
0.8490816096966619,17.169205863894508
0.8211590539261953,17.32170183306329
0.8519692508583757,15.425970032366038
0.8457063059455509,17.095227071187235
0.8506107578242189,16.673154581820068
0.8654760785107244,15.828076079477745
0.8305901599997157,17.263901974483037
0.8461108091448049,15.638917745267172
0.8368798897362884,16.236016179329955
0.8398973489658551,15.863652206199957
0.8169481151541441,16.49370348714098
0.824817605886713,17.167996510582064
0.829195260615013,16.432211835870117
0.8497411671458671,13.303664499175936
0.8562883932340903,15.50783504545309
0.8653932981683544,15.588431620912106
0.8555704029613759,15.56565321917081
0.8528315396926502,15.515702845999998
0.8096429879608443,17.34376538986952
0.8325213215839913,17.781452651611573
0.8269626550510472,15.266305875545887
0.8141323363048096,16.397525073745495
0.8448371747384401,14.890738172628586
0.8620789029110895,16.205741667618135
0.8426624222760322,16.795591615509647
0.8418063429926353,15.229104824995105
0.8219469611583113,17.186335136895732
0.8528189652202345,16.47450920106294
0.8485969365984762,15.109099759406114
0.8518612409694993,14.014701816182942
0.859905136864218,15.644092066670106
0.857820941814153,15.234767647542204
0.8385126526722114,15.52723217962452
0.8325364729039303,16.543823627724002
0.8281550843455507,16.195368294109983
0.8442753129573974,12.921079195455533
0.8524060802324197,16.629752896129016
0.8351910656318257,15.614504922119727
0.8355833881370973,16.66021573419043
0.8201376397883634,16.241589531796393
0.84677535493312,15.96718411124167
0.8451364931740319,16.616854707033088
0.8398920489877367,14.939093492885894
0.8366044495237325,16.2138854265837
0.8507745992669232,15.454256680559121
0.8236845827263931,16.075676814727593
0.848813015457586,16.8632341544023
0.8536981336385719,17.119872848494882
0.8446102014859068,15.586553780727831
0.8140227306836217,16.57208283863112
0.8531052200920182,15.154165640365088
0.8187035554729354,15.530012299963174
0.8443287590852736,16.696814406645743
0.8397045606071686,16.79508328965613
0.8710725136270964,15.15311471722682
0.8525336213843945,16.533138135640737
0.8249751722222061,17.09756304371106
0.8344877233554683,15.5543316339798
0.8507759012656164,13.553921353444203
0.8332238280312577,17.56834082264127
0.8480649428553688,15.944975999136531
0.8222813177455567,13.509892124105514
0.8394253685925713,16.394214322986652
0.8230018825941027,15.295122019516867
0.814737833241348,17.71604769396964
0.831998592695783,17.343042228036058
0.8443859176302752,16.042431340639443
0.8504862252174497,16.23343723906945
0.8310348320011026,15.735586564991033
0.824096015554022,17.02050917285185
0.8306605064917033,16.44099448040101
0.8644340405792255,15.728078637311398
0.8676808156954255,16.772312828245468
0.8588987502139802,14.828792578539202
0.8445556024027413,16.501372995345047
0.8255161161789557,15.287033649952008
0.8380878966717623,15.400017304781814
0.8216978140093443,17.096052666929868
0.8528623705403247,15.750799094204377
0.8414285738283888,16.924957763523384
0.8452977363466946,16.646947037405983
0.8162609861599067,17.319651768907097
0.8549449080112433,16.38945354912885
0.8343993097082435,13.934858010473157
0.8442523426623093,15.67361915626776
0.8227309947698718,16.650728466313584
0.8302130302941441,16.161451132031473
0.8577973443651067,14.67399818426514
0.8535712274238269,15.367615436890452
0.8397528175553902,16.429294168342896
0.8392276864642357,17.382562055942355
0.8242084510162617,16.80101400464556
0.8247718087069411,17.260038496019494
0.8552586978414721,16.441715382596218
0.8375385201479254,15.469086762870013
0.8281359805766934,15.25214586749515
0.8285529446073365,15.597491051421555
0.8216568774161354,15.159711843502812
0.8354026690950233,16.071384036799927
0.8251760604460886,16.292118244183257
0.8505222667485836,15.162945709456059
0.8285751696557891,16.754913653204685
0.8446597862783457,15.050724930078644
0.8478500146967476,16.529798828974403
0.8408143177001893,16.74662808444907
0.8402260855249962,16.52398333074586
0.8150718081480424,17.337893890937952
0.8469194805171525,15.58392230922737
0.849262107609889,16.549292294655963
0.8164713687504127,14.548351162697443
0.8349664117614575,15.449084355193284
0.8333042856604735,16.37222187061413
0.8554214650255322,14.400768718960691
0.862585400036069,15.986550357317745
0.8574908728864191,12.943044777120875
0.8332009555856456,17.28006377720411
0.8323059212973519,16.33527561880987
0.856107064926284,13.997771064842986
0.8711340998336171,15.574128635851123
0.8470055275672332,16.132857639563287
0.8321329792580366,15.055033806088675
0.8445769784277677,14.929692738941268
0.8387163853497211,17.099809728765276
0.8257897126538215,16.15478925112616
0.8403836269863549,16.818587472515645
0.8234243902770504,15.793456016047882
0.8231190934499782,14.880992382116426
0.8340593258189362,16.438192358989728
0.8460687295108132,13.784838097548366
0.8370889297283117,16.034179485874983
0.845358506912353,15.06147589638477
0.8535487408873162,15.823695064755348
0.8448715019813785,16.52850165348879
0.830286548685036,16.04979554616186
0.8414525752339972,16.333945938063753
0.8230706199864102,17.047853648504326
0.8288057923174241,17.572122108167704
0.8472227825865554,15.67635114240362
0.8395843560721122,14.45312671663644
0.8282413870495579,16.708558297132253
0.8230417920136999,14.796925924701666
0.8328218039143228,17.50882127661566
0.848626247900831,15.81553445184168
0.8240142581762635,17.08457307915761
0.8315111251922845,17.4873628639622
0.8525634173570807,14.793364122122375
0.8537719718041452,15.355269822641318
0.8335531596574312,15.786104439207671
0.8465580644397525,15.146636947248373
0.8200174742549935,15.679684319858493
0.8408491389139146,17.152202312372864
0.8477360071555365,15.300287971983769
0.8466116682248211,16.162483212888535
0.8632594506428859,15.68579087251333
0.8188867607914639,17.170444623123725
0.8770111047957777,12.529155928739298
0.8610907249227999,15.178145689011172
0.8291982935194485,17.14080747627354
0.8333804308535558,15.660153141448953
0.8484184965880431,14.039290659466308
0.830195354263861,16.433069009271215
0.8632330445171817,16.043190153554754
0.8381135073039374,15.69537132446998
0.8238457767985469,15.985884307517923
0.8493145305100703,16.77277244671041
0.8205502679534451,17.321936010794662
0.8345095431574187,16.288435731613166
0.8387990622622121,15.817294786478
0.8407201568215127,16.572638331171692
0.841630601325786,16.675579617599976
0.8402154099422582,15.817514167761852
0.8404470993070959,16.56684066505838
0.856453089687046,16.21603308900646
0.8457695817187482,15.551741490235932
0.8424805586194553,16.870171223795293
0.8187481470888495,16.86181413148083
0.8434191927030171,15.823272111550635
0.8235124046023206,15.16469153759526
0.8291896169460409,16.936002428290895
0.8474851050466401,15.480244302905085
0.8251389872602911,15.964377798254832
0.8383951050930598,16.569773959684117
0.8474854604912386,16.965178766548405
0.8246512664927095,16.869359146269495
0.8291395898573829,15.970030478074174
0.8147808311009023,16.524255843459237
0.8517479934903607,14.351336800963496
0.8190682635908062,17.207274357567734
0.8709522430758742,14.585695980921164
0.8419842205151715,17.196200180820053
0.816744721756176,17.201142453943234
0.8564517045546864,15.991921518841108
0.8040830694598036,17.80940726943471
0.8151697829638979,13.920062731660162
0.8408533711303182,17.09479458520545
0.8223514783327022,17.473482516688197
0.8336866374030499,16.927041945224
0.844273362547426,15.753814178852295
0.8304312801769292,16.912789077869395
0.8619698893568754,15.757681381653052
0.8437151509277174,16.604668692057775
0.8441185397957501,16.05021343300947
0.8328822409234938,16.52230759333465
0.8611069873124566,12.048075887214003
0.8304614130693984,17.464367108385275
0.8513061819949979,16.114830823522862
0.8221710170492437,14.660402356156863
0.8416227899981054,14.007164798836945
0.8547498888514036,16.712438429512414
0.8464624150049018,17.627174174696282
0.8509555338313796,16.131613085636744
0.8442712056628844,17.54865217261099
0.8772142929756042,15.491248010875587
0.861416833381206,16.352466223860635
0.8601580203257798,16.810328259111426
0.8273772651548194,17.00060676741204
0.8299457442575632,15.95384332792719
0.8350223848924446,14.57523584057788
0.8367606139477023,15.509091750996456
0.8748769746874149,12.961326641331839
0.8716840809343097,14.319266786735902
0.8239022197783994,16.07167167076907
0.8348388078669506,16.567852308438106
0.84595269027831,16.570219430402894
0.8236244519973289,16.771164249711692
0.8404605395789514,16.485475060252018
0.8240738659629264,17.453757130391473
0.8491621182828372,16.55700177336239
0.8366982549218921,15.39953659734477
0.8227393356610911,15.209149985785281
0.843180717014982,14.709220356349158
0.8327777986740567,16.226997616308207
0.8589617619376962,14.906287315650848
0.8448973558470412,15.083832857944964
0.823409695308487,15.35110376902261
0.8576168565717598,15.190940202226761
0.8530870141048287,16.366557138365383
0.8213976251084693,17.64856632197604
0.8275530511840744,16.72622992107277
0.820628031006697,16.748902669612537
0.864617522698386,14.178336729612893
0.8618930852089576,16.633958022080748
0.8591045383061533,15.545154659825842
0.8248595025147806,15.362216532600021
0.837478889371627,16.650171103571484
0.8370209334524107,16.864525823427115
0.8525593572795446,14.443804665156527
0.8313541231476358,16.219894755289683
0.8510340051984683,15.629716111545955
0.8361070060436141,12.309549827645803
0.8565134610200782,15.35975850570867
0.8618582301551801,13.627660017664105
0.834773432970835,15.29139107502303
0.8469784003710198,14.823038927276441
0.8609853960505265,13.885858729244362
0.822556324932878,16.478475911742574
0.8144358226679339,17.107822613954827
0.8220594130713216,16.17617690821601
0.8312352572531442,16.278603774553115
0.8680754611342766,14.71959092233692
0.840459115663712,16.0996146155771
0.8418547404621909,16.207025421501474
0.848877036391487,14.804047903665301
0.8429122551463214,15.041303902108941
0.8552703067041447,16.333014224017933
0.8522964427488643,17.07738018090249
0.853874956136934,16.43757468687201
0.8260088418265675,15.74534331486227
0.8333495297137977,16.34066410971054
0.8577833284791607,14.76567691903812
0.8359514867348182,14.760889408599056
0.8493393023256429,15.642650270604515
0.8463612102948884,16.73954012738486
0.8357885910954136,14.855547235070219
0.8374149693141245,14.426678699318463
0.8095335723968518,14.493308886491304
0.8348085013092672,15.571195391371539
0.8269602135236312,14.823800644721247
0.8467441536794141,16.327218520738743
0.8386356802021023,15.861005708248792
0.8526876257446698,16.299440174219615
0.8658631322422413,15.721195986384918
0.8417596628601581,15.391219683132242
0.8337888920404194,17.34486467989218
0.8486871869821008,15.733584404861631
0.8276573943742959,15.086449680606302
0.8510358974775554,15.5342868223616
0.8307951957875984,17.727870202070893
0.8252704813960356,15.468909206239358
0.8345519618098242,17.472384038949667
0.8281333639158763,17.639049851979195
0.838708944760057,14.314426325575225
0.8116143563248661,15.831138526403274
0.8439548737764696,15.297709402893565
0.8324874703197821,15.742290357635348
0.8535664742931596,15.88776888868785
0.8360942571743896,17.865830418957994
0.857806186845873,16.107854333712538
0.833250772992909,17.76711753714723
0.8520701913471878,16.088708659447704
0.8269577982751956,17.741555229394866
0.8458290710086506,17.805701511445342
0.8402847438025932,15.751152355432168
0.8407489085567782,17.78035108226345
0.8380032913661729,16.216977467671565
0.8295089007469337,16.864944257620184
0.843897553279301,15.20409864106008
0.873518501867415,15.44906271588698
0.8354002950793505,16.206986451937045
0.8368208959292923,16.13836526768353
0.8516970840428222,14.863604193257018
0.8282243781881977,16.021624456940252
0.8587005282540385,16.049707780497254
0.8174208132863433,17.1310073537119
0.8504000291665307,16.53761620586798
0.829617566265694,15.878238129922645
0.8355906222079684,15.96843468831291
0.8487480749348729,16.380906222490996
0.844258179133276,16.979711123603675
0.8390257044531347,13.663590378486283
0.8408543741608886,15.935117711010307
0.8505802897991005,17.147603189049118
0.8418692880366522,14.54724556943581
0.829665934862855,16.337702258969475
0.8559508897475068,16.506378644441554
0.835735264144147,16.270677040717846
0.8591452645835244,16.814971611948987
0.8446018192121619,16.654773666663804
0.8595535674539089,15.562668328569544
0.8187361390479048,17.67269624148038
0.8511903718285444,15.567932599492856
0.8502745269388955,16.997469226704887
0.8636442585690144,15.059958342827917
0.8211066150605889,16.43718602494835
0.8386416925067138,15.559975835545051
0.8312885789134364,15.54133975291447
0.822827675123886,13.03479619145102
0.8213889354843951,17.397547020561476
0.8452124095229355,15.60731244968371
0.8423011676547429,14.550072706545366
0.848544006689851,16.57074867762428
0.8447099315832259,13.726523656843815
0.8488424397282067,16.31728866521494
0.834059123961575,15.447414238316272
0.8344333479198948,16.28924102738287
0.8526359793387949,15.664331800199703
0.8463330206520653,16.693377427549855
0.8381627923569578,16.015711722629156
0.8430430784324243,15.686546043695989
0.8374017723681749,16.92485741820474
0.8575651077465754,14.189614092144533
0.8423988050041982,15.767063922983644
0.8374075742466095,16.618332034619616
0.8565108380399217,15.943737790363864
0.8024564506602466,16.46252604603189
0.8637688254981942,16.72547157366887
0.8232189347233768,16.688233703700718
0.831572210483771,17.008871733505288
0.8583002190465705,15.521484345176525
0.8564377265776195,15.677991271531049
0.8479119374543527,16.095407473406585
0.8191349543092211,16.558039393927633
0.8675011857219426,16.742137677700285
0.8513895558420289,17.324123772108624
0.8431687348488389,16.297364146595623
0.828793113286423,16.694010147986393
0.8456686428151627,14.77086901537844
0.8346773303879244,17.706270568296297
0.8571792647067232,16.678958584004018
0.835542639302672,16.646141178264774
0.8407657979403483,17.064329382037602
0.8181333357285384,16.628457178268963
0.8312956072670707,16.155492747929483
0.8514644261673707,16.41379133186255
0.847055272977054,14.756993414046605
0.8233104249504133,17.085643154866947
0.8408794288725724,16.283474835740524
0.8337575923788756,14.92583321243159
0.8430284132899587,14.62102260412545
0.8238827949763127,16.20122723582727
0.8450669321894618,15.969510238956461
0.8301479995606221,15.76400484398557
0.8349097404293837,17.570994213313412
0.8575996792435451,15.849000520217347
0.8478654234665473,14.323145465371198
0.8613565511573098,13.856495901106834
0.8408099270520454,15.40735753000385
0.8532682539024764,14.041588306703742
0.8502367305623926,14.789881311331152
0.8357327871268011,16.964928221193457
0.82987620203507,15.725494594300722
0.8285227953324994,17.123564825200216
0.8439333463011117,15.378658690153786
0.8641702477206717,15.300754693096863
0.8327306499561663,15.631080073309356
0.8335086393780267,16.465590491519993
0.8301284141326016,17.21813118804906
0.8588497923620868,16.301694189472872
0.835080016905648,16.086821551330722
0.8565815156647637,14.318527992345983
0.8338277455973025,14.584912011599647
0.8429456040220714,14.060977585039964
0.8480959574362125,16.47077499366378
0.8303854081381609,17.018808417322518
0.8351612274246508,16.373036626092357
0.8637397394293146,16.126786432539674
0.855546627615699,14.109147266064307
0.8380678652406904,16.79670148267628
0.8558604541210705,16.838588757484853
0.8395423273120702,16.2833291860594
0.8580594220061735,14.202329377433136
0.8526438717321926,16.69706022237119
0.8397851428245512,17.04160344678145
0.8379905093624623,14.14657401261728
0.8417919418834567,15.53938700143015
0.8353509093094669,16.82075768983755
0.8461136041374876,16.42259770964591
0.8328601189208974,13.636903933563213
0.8384497563169876,14.56673015473775
0.862752238838597,15.921802368053024
0.8480577563234749,14.098511981718985
0.8652679164514058,15.943849960062872
0.8372460348702003,14.097351274604103
0.8424410729019093,14.322964006221397
0.8327737511662056,16.58830723000147
0.8428882415107668,13.87780843223338
0.8549554965923128,15.015026600044228
0.8356832144553271,15.99780197104223
0.8201194256886959,17.09187833338943
0.8397169696335602,15.163532643180275
0.8711970551869997,13.56376134702028
0.8455161474637073,15.73218874606619
0.8334198595769643,17.796042036460204
0.858104013934618,16.49093116285785
0.833557854520503,17.533062606064167
0.8758411714121518,13.847599006968466
0.8115393170786421,16.075991780227586
0.8295846323843868,16.743834953092723
0.8242247915637165,17.37159697257339
0.8669027444440811,13.840294147884434
0.822268823371561,16.995034110319235
0.8307611821547324,14.537004983290752
0.8370984431758925,16.35489880786439
0.814247789592342,17.40904789292847
0.8441898724721408,17.452944358731916
0.844391346592157,15.722772133170196
0.8561940080980662,12.298991258563076
0.85404132366696,16.91932535832162
0.8283548299585953,16.809177199019114
0.8600233362416075,15.904127617687017
0.8533485583929891,15.1697802771421
0.8465215626489125,15.819053117415203
0.8622594576944721,15.901876593501896
0.8684324076381246,15.859247553001028
0.8351106385406716,15.459977969321216
0.8512410785365194,14.902684019219963
0.8172846422794054,14.56949513250188
0.853364144737064,16.365536062009514
0.8424241882804933,16.816902973186874
0.847046373446472,16.83335659872108
0.8355811131396784,17.426288184460564
0.8253632083235015,17.828025645695305
0.8449683535135691,14.978460604916911
0.8390581643790701,16.361754054525445
0.8155833574523076,17.497027569039243
0.8347012751865269,16.1793246750044
0.8590827983025625,16.227616327826006
0.8212855459863789,13.366652090172051
0.8504938842691052,16.692027081825678
0.8426729051973175,16.607521495887713
0.812877511655761,16.61851669047621
0.8361229363068241,16.71624516685264
0.8290282931930513,17.016984822231404
0.8599337639187566,16.788097655938284
0.8417528275747231,16.511505887591706
0.8421388024245986,17.515001970984333
0.8549116991046599,16.25502984327697
0.8548839285566393,16.761350937550684
0.836561398040227,15.8714418087481
0.8481319098288242,14.136339198453987
0.8658736110225919,14.269049922646877
0.8503561708064842,17.036898305268686
0.8241841831163631,17.369601909680927
0.8505051862479417,16.652639570469884
0.8435834777997019,15.032349083586483
0.8345302895165577,17.329883305065934
0.8162050417152661,14.805147033461507
0.8501651356466796,15.716386157628278
0.8566761442633322,15.673692858504458
0.846771444940385,17.41217694236517
0.8391660083566626,15.374024447456968
0.8277510533433028,16.353809035099832
0.8637850451010861,15.550855245407627
0.8324657313748448,15.900208850174158
0.8101974100670501,15.885263064392248
0.8187810923083966,16.59619762048479
0.8299744135009651,15.970152044718885
0.8404117061239641,15.82504342566395
0.8526503148235065,15.410851891668125
0.8396107433590045,16.458938170744204
0.8357470956241535,17.528507133960986
0.8157027535822334,16.950372719365195
0.8162622263117992,16.855683384653698
0.8370702997570018,16.16542036400328
0.8407616484302669,16.39106082948899
0.8573875134242885,15.918526501204022
0.851955886004509,17.559049506711677
0.8187726148264068,15.631344644342212
0.8279759265453546,16.32607012842013
0.8515867635280386,17.055397183834387
0.8337620186283008,14.49246114121894
0.8191264409209608,16.828949056005083
0.851217599740365,16.1513499614737
0.8317099457026614,16.83296739991022
0.8587694196573336,14.927627821448127
0.8192147698224272,16.740878473140096
0.832894477873901,15.34332420295519
0.8206253678770324,16.150300455475165
0.8271491633689664,17.7915915816609
0.8405747442524795,17.258396681103402
0.8571786634872445,16.282514202371917
0.8381400852487267,15.61892072194153
0.8633583518042812,14.38395935330243
0.8544332853946747,16.620537819282788
0.8328901322921217,16.023781309717616
0.840062333307744,16.196088613098258
0.817827685230322,17.03769270370909
0.8343149794842201,15.77357230118829
0.8151471657633751,16.828996524925298
0.8337557415095554,15.54519862690774
0.8510652719876609,15.101991430152703
0.8394071652932222,16.484163121978074
0.8429054713305941,16.509777910487326
0.8393649957972095,12.278190572231571
0.8182608807514637,15.92476623037854
0.8494341088182797,16.06182263287209
0.8438314182089134,17.14883073781287
0.8252838682880856,16.224896501333756
0.8548308823301981,16.37004942831551
0.8309850196833019,16.590206394727478
0.8619202297650667,16.33419995670634
0.8449349966550757,15.084583758849497
0.8538038327925997,14.761459591633285
0.839099563938107,14.86679740874716
0.8279183700773108,16.42154432147556
0.8300685007501798,14.80780924004659
0.8600913046062876,15.695433203133371
0.8589164280354121,15.928928488806742
0.8470092351388545,14.41457440268677
0.8540152683684821,14.668371326482088
0.8448947019709453,15.716339541831438
0.8395632434484991,17.622432265750803
0.8584397783880919,16.22459405634853
0.8229260917444311,17.117180880220996
0.8255313395309941,16.879573676227427
0.8286862388987148,14.990277294511204
0.8229792476935517,17.059191470656398
0.8479710594942601,16.7074921076025
0.8159644109937044,17.875617479578572
0.8416227357144889,16.024897630682187
0.8528669726934757,16.34279733538518
0.8421967727934255,14.687258418945333
0.8437719072454044,16.74158565851871
0.861379659588294,15.981215560624051
0.8227227844111124,16.6241701109366
0.8152635312615336,17.070302272020253
0.8346346429593771,13.590840656544401
0.8454519263399445,15.896705451347664
0.8205262750294601,15.910105473393793
0.8301901550447898,15.313255779136725
0.8543386647235675,16.12905959194361
0.8550294277928855,16.65378473961352
0.8228381955863755,16.893321474234593
0.8477694548590623,14.717156878127048
0.8253803361134984,17.141815453511498
0.8272523856771014,16.953740275217726
0.8467379174634897,16.719975961588045
0.8243522338015162,16.727584594188624
0.8329662674964591,13.911872038565841
0.8388014453679519,16.050069321453588
0.8458681543647774,15.54779551619184
0.8263421578804583,16.614194951247757
0.8444539590462258,16.02601247486441
0.8512678751701316,15.235231159840794
0.8487491588368368,14.65928517794154
0.8477728953295719,14.79203922810409
0.8446085974093068,16.439130972837088
0.8468532888661194,16.036765000238436
0.8391853812024679,16.462709797370465
0.8381099446343176,14.868650160382225
0.8302768902109318,16.943288312514426
0.8383039922065064,16.108068151407096
0.8328283325176744,16.24346529568949
0.815124688867049,16.619648993704185
0.8478860799688556,14.817404597461506
0.8363265370263812,16.76322533220478
0.8404213295226496,14.602478171892423
0.8169945224581806,16.281999615104443
0.8382956286882538,16.38210225590555
0.8134447019759229,16.826903194739995
0.8325854027993004,17.118494781228282
0.8435050415901024,14.942462478124044
0.8197409514790129,16.79653083177082
0.8163903024574459,15.692275035338328
0.8581233731779783,16.197195165741856
0.835784885035765,13.842943985993609
0.8574316628291682,15.04305578987718
0.8324829119474959,17.62158185375412
0.8371712026525087,15.293948910889315
0.8399859422063644,16.224462398347253
0.830407236138068,15.221235488322941
0.843816319312405,17.88454817305411
0.8290689411283841,15.184133584491919
0.8225658660263857,16.549559975600815
0.853910725002038,15.90374199066855
0.8546662990344012,15.33199200167961
0.8427203561562223,15.80421794276414
0.8197466491045433,16.91487818827917
0.8658367767540244,14.271819999775445
0.8366634527373172,16.69013114260014
0.8429602698784103,16.37702316653574
0.8498668471594092,17.40109540983022
0.826271475489292,16.337824587935632
0.8577046337492186,15.889624002097252
0.8571203036927705,15.48458379685493
0.8324765044952432,16.878239772082523
0.8463053976017373,15.01169204892821
0.8499376767035475,17.00089113588666
0.8201085158247162,17.270793773163188
0.8483007341855314,16.69883536071367
0.8450768343002381,15.43715897407724
0.8415173966462777,16.716271420199664
0.8516210678186561,15.065680563432991
0.8385742363209133,15.092141598515305
0.8443081639962849,16.872898935569108
0.8389955522979821,16.67350458098141
0.8281178501996941,17.501115686360432
0.8612626606860504,16.06495913765542
0.8385967396321492,16.553919643057636
0.8431194848450779,16.0884850011012
0.8233698702558109,17.379677256689018
0.8617894041479862,15.870335772953146
0.8315549014621354,16.19757533864546
0.8632016873850518,16.372198400916336
0.8215809688299016,14.554665896096237
0.8417119805095358,16.361333147155346
0.8522320261211546,17.495185874699686
0.838619017093929,16.348693716020332
0.8575175883181766,15.8710363376869
0.8245689260124038,17.13667557666341
0.8406788254762395,15.251299128738992
0.8307526550146876,15.280998058127222
0.8226833434418093,17.35529640227747
0.8269392678701792,14.962054588557782
0.8283229914052032,17.920428985852777
0.8163354768517115,16.815256158413735
0.8675133184594402,15.725495546697843
0.8310680166237644,16.357136307753617
0.8355994896558528,17.18231029605356
0.846913203382757,13.925759234740786
0.8278830070927196,16.53138671107357
0.8292291385393612,17.373510450235788
0.8219645494993784,17.443574169323814
0.8150328669187222,16.862115388638873
0.8309895070364234,16.062256150970025
0.847188651487944,16.52747318518139
0.835170725090402,16.48519591845171
0.8221625640777178,17.45799810191697
0.8301775406357478,17.5418329583928
0.826070946515865,14.971395549257378
0.8564293611633595,15.109774448382124
0.8138028582772536,17.53805831379954
0.843846162989529,14.939580663304875
0.8369712626871899,16.16650969483504
0.8407257347333448,17.030520185335607
0.8455456467353076,14.985997004345919
0.857359482117459,15.947575468830339
0.8369412438030429,15.493551373265044
0.8464744686073767,15.491709700129212
0.8408826003258657,15.328593838222409
0.8557917120606074,17.0584195734571
0.8311894863415329,16.3716630745401
0.8389755939770964,16.224702805871832
0.8302897148784026,13.716955768820393
0.8520798513057337,14.591006424884853
0.8311994356219851,16.697426754404948
0.8305655304434615,17.069672379355485
0.8455956523714138,15.88715547149008
0.8615826083953531,16.668292135790587
0.8562987820642757,15.484242186420877
0.8252417066272355,15.994961594924684
0.8229821523474222,17.072346845179183
0.8420337935085013,16.545711639085763
0.8554971255187757,14.639534095945882
0.8351958499405363,15.937855566900874
0.8198383214139168,17.293345958366796
0.850012452887876,14.74276390955614
0.8420188459988133,14.600414190264026
0.8212738013899314,17.66071324766284
0.8218000820488515,17.120435582560372
0.8706781022208215,16.893215629868752
0.8495286470172833,16.704549191223634
0.8362883038104831,15.899505758343237
0.8475190293156153,16.70491673412675
0.8651193240923821,15.848775016752597
0.8369008618110264,14.997201328259587
0.8228094845492001,15.269701783250502
0.8366134281259727,16.997240367698343
0.8110946850529409,16.350471661026116
0.8565072468769656,13.618855180903063
0.8328568209150716,14.594147192462104
0.8475891139883035,16.098440337035658
0.8444193313393026,16.491097586136316
0.8635143942976132,15.339938364168114
0.8404077288553973,16.548786887137773
0.8564946396349628,15.741391954366717
0.8313660805462461,16.842749783724987
0.8384245214091273,16.573753289063262
0.8343024879655646,17.285095367265402
0.8328980482946665,14.725347170581058
0.835343680956811,14.997019612875183
0.8326328049157469,14.583076380109446
0.8693345914627839,15.91971239006331
0.8356171426291863,14.521522003205236
0.836277658324364,16.293662870142523
0.8430941149395679,15.412544281067845
0.8189140269152216,17.470222815825014
0.8198832410432817,15.219413353854463
0.8309704515634814,16.259664068400316
0.8406494043695539,15.438862830162636
0.8475211932205765,15.971003372342542
0.8365496797101831,16.09351817286435
0.8331862428204583,17.726817757685893
0.849946280889708,16.435086120559728
0.8452286020252752,16.239609172894728
0.8694459451249495,14.968704489526033
0.822654005529326,16.797762179271917
0.8531881453271207,14.500981797531479
0.8401000419876374,16.63427521683472
0.8397108143594085,16.328126984850876
0.85600805534914,16.32794309945881
0.8585694125620686,16.611406666455178
0.8350303712410518,16.339272315496494
0.8224962122058521,16.024860495299766
0.8339978387867543,16.605881862086793
0.8753444824872076,14.304718111416314
0.838190417541537,15.486478473899654
0.8365619642330723,17.0456900024973
0.8200519590022114,16.27074196344094
0.8387381163336004,16.732304415299556
0.8538342774739821,14.626731543901522
0.8491662276046029,16.147731428519073
0.8404766614569157,15.689852921062544
0.8473727905579769,14.580956371614585
0.8254123596118449,16.22173329966448
0.8435985489822405,15.456139844550558
0.8495497850460548,17.31291190054111
0.8544330468418218,15.482339521702764
0.8464552903624472,16.53583964839547
0.8225365738812632,15.674844819298217
0.8417789436956941,16.823529266611104
0.8322426317231165,16.466747086960755
0.8305395783329338,16.023006346291528
0.8553573112300216,15.52778205466064
0.8370600875554112,17.245480764507295
0.8310341633793129,15.886950872956968
0.8478528371321025,16.010986426557793
0.850604680394027,11.679422388641678
0.8456894927050378,16.50544442078596
0.8539407260049597,17.144518758434902
0.8441688977319188,15.97340764435703
0.8424119947948383,17.090508471542698
0.8405885814425128,17.861593351508372
0.825505176392316,16.844292004545608
0.8600935524253311,16.894406673505276
0.8436927339674295,14.422295327429872
0.8236060876005459,16.812302288719483
0.8581954197610887,16.672976732698768
0.8518628574204926,13.743609997743427
0.8317357338216899,17.36184669018325
0.8410078948741053,16.863312380605937
0.8562267240153311,15.341100317311017
0.8653084012334467,15.259669657140941
0.8408344424504398,15.367674788511868
0.8137665597505847,16.734982986076606
0.8444441715758718,16.65266951507158
0.8497998748445411,16.95044564935876
0.8367269614994163,16.098684360947242
0.8363269141773099,17.099656962517344
0.8444752330504413,16.554482630091616
0.8500478723064675,14.338993908892208
0.8254366024372533,17.400310615292174
0.8386191831236186,16.226759202192977
0.8231671406954341,16.72061837505345
0.8460975449018612,16.675672506319064
0.8377162794054439,17.08295387330715
0.814627209864613,16.54925132561388
0.8550995576837458,16.79905757846034
0.8418155389094103,16.7844688865603
0.8329072422360796,15.944954861983847
0.8506644592140457,15.780203404290626
0.8507657094389846,16.963493813434958
0.8280428259307714,15.878952761630899
0.8408405408358474,16.233604308299594
0.8396035415943824,17.417054370011837
0.8468424655861222,16.57622473390325
0.8169039650869293,17.110385713162398
0.8364420937041036,15.930455030574633
0.8531649237317233,17.049934056926237
0.8378965748732732,16.136617150543874
0.8484759438859334,15.516618858539763
0.8393697623823315,14.079708761705925
0.8512076111292254,15.567734482363301
0.8407258011435407,15.806995007828442
0.8385980297453938,13.682967117443633
0.827300515428739,14.961549820804832
0.8297140229890304,15.579282390735733
0.8478175329816598,16.086375416614363
0.8404204261057507,15.234275790451756
0.8280305012263357,14.415358125603015
0.8343195986193991,16.87266592877558
0.8249394551311391,16.688748286938242
0.8115275765336164,16.848088387926467
0.8461106728192217,16.451188134448582
0.8365342004763692,16.47742633830099
0.8281011569027598,17.540445949321136
0.8584964036788488,13.117092009963784
0.8429725912279832,16.206998297072122
0.8273858401755878,17.79366927471213
0.8620861536777215,15.929813378074192
0.8322016446943837,17.276049117512255
0.8425187871526595,17.162306501431235
0.8462297920301695,14.115713346235998
0.8405586331025088,17.70966751018887
0.853587077204199,13.801416410354703
0.8331623270844505,15.016988167944191
0.823874767859803,16.179177320261385
0.855730568262213,15.393133604063124
0.8241603796753352,17.390875826215666
0.815085309046633,16.87028175329414
0.8265458542215552,16.9605240960833
0.8451632647351444,15.305786216908642
0.8275011845078777,14.785244476651869
0.822727774787133,16.10163474379144
0.8272713280665043,16.41353890631802
0.8339562482572281,15.815566379733314
0.842063903060234,15.306384012835826
0.8363101197427857,17.883394378034318
0.8367580427584939,16.60357369179501
0.8347889994336244,17.629182343123414
0.8358279755543729,15.12729212841173
0.8375532889668306,16.492290046297096
0.8545379427356701,15.871270496699625
0.859967464540222,16.576781896691664
0.8172948062804251,15.035754124322816
0.847921628450108,14.49593939308599
0.8415544780706652,17.723721607209395
0.8374446671321399,14.101714911345269
0.8301988442005187,16.549605010236405
0.8454908829303047,15.767837197176007
0.8092543132298919,17.12955506165545
0.8543249583913707,12.425915076383378
0.8415428029466175,15.776728418022481
0.8199083982430206,16.613265126866473
0.8412881559926823,15.061644440387196
0.8261367230652913,14.405559799392336
0.8101118780111168,16.285694907203265
0.8626527976149267,16.84570753775699
0.8357127456378897,16.508375654732248
0.837144002691443,15.843571246555056
0.8427453336438097,15.133429004759321
0.8407293035952169,15.535012992224466
0.8426777866061007,16.098332892216458
0.8494847850859443,16.2045894147321
0.8281546357703496,16.487895835350336
0.8465313777492063,15.291936130098795
0.8377081188288412,16.60126975261797
0.8380454898427172,14.449654309782188
0.83782632501089,16.15698508253133
0.8232270189703336,16.020821798040128
0.8457015640264802,17.65617574654496
0.8400615475215952,17.12116565305904
0.8415619653268654,16.902607210302993
0.8512120558993962,14.979045732636257
0.8200174857309063,14.686546580044693
0.8087847269732693,17.865035566500772
0.845828893835738,15.067061068015086
0.852927842653593,16.368206546599833
0.8268468698529988,14.597638870725502
0.830206717133457,16.49318396291564
0.8366953551785151,17.179019975811872
0.8349788379582104,16.750147588779114
0.8477843638130466,17.41679024786985
0.8385694662373244,15.148655336446822
0.8573263364948182,16.48403574688479
0.8643456686882417,16.677396410697458
0.8415955728021518,15.965998284728144
0.8510120171902754,16.619028957777733
0.8184253812632972,16.553370684561617
0.8443818941485134,14.625533567594253
0.8548441556698414,16.76694462143097
0.8207359549327724,16.456720265047288
0.8332249102285982,16.602362826272092
0.8435594876324407,16.473680213706636
0.8480102662400383,16.796673104008878
0.8604972192195315,15.281517432576637
0.8714050545323607,15.896888529798204
0.8519612963880953,14.70477530752001
0.8541946883385824,15.766098549924164
0.8575230909605351,15.318619130761881
0.8491788444043005,14.044316339113019
0.8562557363267231,15.405260433051959
0.8498056901907054,14.255487131455482
0.8376208645443514,14.475849436500662
0.8510626907761921,16.617210681377813
0.8008561080030737,16.951766281634573
0.8296162397989478,16.864928067814326
0.8511982274117008,16.893580808092434
0.83251602377268,15.778329949743126
0.8389013828450111,16.991438759956193
0.8215929636706193,16.323075781224148
0.834237534821401,16.02699634163808
0.8540903501623361,15.95697255901135
0.8430279269953469,17.54716289221621
0.8494289316657698,16.56146209575027
0.8645378111974183,15.570189380222823
0.8306406954395822,16.31181216555709
0.8716743759563653,15.353331532352888
0.8492281229694294,15.091002517619968
0.863193085671501,15.194388537514842
0.8247257615278355,14.979819419783981
0.8429472500145231,16.845479894486193
0.8232369960362899,16.792298110126282
0.8448782639329927,17.17926402420569
0.8499779117735534,14.770734705758398
0.8573524845192364,16.3361837513847
0.8619303594939306,16.274323025868146
0.8495491494036722,13.805001179967704
0.8400617741717601,14.637324228075466
0.8156759196948222,16.363778394856404
0.8784715494541798,16.01514641484413
0.8513816422325271,15.560201247305196
0.8407065761069904,17.27872994901199
0.8117202975024899,17.290496472855423
0.8505109165771962,14.982088634905965
0.8536163725175089,15.813941542198217
0.8042251976922392,16.96523093699556
0.8495639442374233,16.72849328770989
0.86122079403256,15.283379636241461
0.8422878937649815,16.600228474286983
0.8432282899073256,16.579407532428572
0.8495321530427214,15.969120389108342
0.8507509851493132,16.15438328499315
0.8155673102455006,15.7371662463524
0.829259427453616,13.447360213800474
0.8344995004768819,13.515333177949907
0.860108209101781,16.42698652483564
0.8453561468239662,15.282640162243235
0.8427360045580997,15.67039438844536
0.8326826730796024,16.046539249736536
0.8244390119009265,16.8898780092794
0.8187314542185066,16.05415170849086
0.8562846392841444,13.755729861311679
0.8053389974597812,16.783294769631063
0.8362656432501184,15.879984139780055
0.8442024943045356,15.404001945101037
0.8463682267289667,16.429743075893352
0.8241463526939176,17.15331725778298
0.8305976345931895,16.216593646586784
0.829042419942537,17.47316922583616
0.8248943938621448,16.56416118933969
0.8549449153238989,14.86544037336269
0.8305508095769287,17.170497541650338
0.8231732452498258,17.910059758035995
0.8505442667145648,16.22009125154433
0.8627356367020492,15.549674334392664
0.8113067069540087,15.952381331052434
0.8416544449166333,16.424548747800007
0.8495620393691956,17.190660024847748
0.8466914095295598,16.734326381552265
0.8746239114494428,15.75789728144523
0.8509780703271294,14.497619883553972
0.8579693273105579,16.490771947321946
0.830108169254923,14.94819801015507
0.8349167949497934,16.475300817078963
0.8316376469800177,17.241929528495806
0.8274908781457079,16.285472655075193
0.8506935071008584,16.73078824488267
0.8391508342130188,15.53076779033916
0.8546874740076991,14.70867619307027
0.824401912708259,14.96439606051293
0.8396037794776484,15.691445001769035
0.8207970285347983,15.86022063854117
0.8343105150960227,15.896546834395586
0.8563607941578395,14.016336939851788
0.8548371873058612,15.621218422746919
0.855328570064195,16.985036397306356
0.8522865780258105,15.169588005930919
0.8334443879008254,17.211419420060423
0.8404550078872876,15.256646368656186
0.8280991700112809,17.27203940002056
0.8472938476993238,15.834135140318542
0.831497638292603,15.436084340787184
0.8367794905031047,15.168605020937813
0.8509404523076395,15.043241436590796
0.856125441685743,15.17114552962962
0.8454378864840765,15.04354818562389
0.8186305580790375,15.76355028705155
0.8509866196812567,14.733143557587985
0.8361138159498585,17.197825490407997
0.8487643065131687,17.887594886855716
0.8598237484642436,14.090246691207573
0.8497987072290778,16.878759127699613
0.8402347421089927,17.166152988071506
0.8212159104620783,15.222830020984887
0.83258680070471,16.86063749050059
0.8451916172802644,15.800299507908946
0.8331108443683876,16.43519652659901
0.8473939813092691,14.606342539782053
0.8342743799152897,17.33813659926908
0.8361661989691176,16.690099301709665
0.84744384255612,16.686781236653655
0.8283583447108601,16.963895773857086
0.827866431099812,16.089121736635594
0.8305104969806013,16.898324073765362
0.8435149764517211,16.82367819353294
0.8390207089973396,16.351891153873556
0.8365485911895226,16.985701765611662
0.8311539745629742,16.323244205364087
0.8253367113871691,14.528184200377583
0.8352795093392532,16.320767392513535
0.8396128946290147,13.411035412948507
0.8117278682486994,17.511775259612076
0.8330466377143878,16.914344014064135
0.819921943075819,17.4156495019113
0.8453705502216833,16.182116922492597
0.8465319515471582,16.795608813189833
0.831595542042734,14.687297762938789
0.8563517055275804,14.732847261297257
0.8165438016593104,16.554852874678332
0.8454610973317157,17.03517606731108
0.8203608822933313,16.43879107157476
0.8358531805312005,16.33546834745897
0.8441503420188297,16.15477506851077
0.8417715790572261,16.16517602485078
0.8193137472231738,15.653508547152226
0.844899844764548,15.630915869669403
0.8293738537850807,14.637581284965172
0.8512186806738727,15.806080355324118
0.8430296753799463,14.819866104906566
0.8286971963776635,16.60487523093586
0.8510559355441648,16.261125926142935
0.8033229844980148,17.375418714874616
0.8280175986968544,17.534255693310598
0.8406325629475129,17.548261152602592
0.8482567346369215,15.46028858701844
0.8289234580337072,16.915411689765094
0.8507755939878318,15.863970811896394
0.856351567116846,16.681528698487202
0.8402555049377664,17.691124859105035
0.8545192124592433,16.233171723946565
0.8356918720002237,16.760624267432082
0.8200153314183966,15.763370298060076
0.8175888199782095,17.204841492804007
0.8523191003085184,15.686244828659333
0.8496414918834044,14.495826584998433
0.8460474321295663,16.027922470414765
0.8584916700921683,14.285831948252635
0.8547186226227502,16.191496523965295
0.8395118160774492,16.866364346845142
0.854466191940623,15.336179725100175
0.83526382571897,16.63831301128434
0.8541785838446225,15.908952424534538
0.8570950252151265,16.223486098590744
0.8202293932071427,17.173708102491943
0.8261769866271526,16.37199879958763
0.8449262980309812,17.259988987236685
0.850945311087,17.04563900514064
0.8522653267196043,16.579477317284415
0.8215054626137274,16.74018020492782
0.8433082207259841,15.447739262456599
0.8327430205541635,14.193931654807676
0.8356237941063923,13.103167366159418
0.8421951903892206,15.72361213884175
0.8357825926260727,17.64304343707876
0.8662102442456203,16.372732435839076
0.8417341965202753,17.962649669711237
0.8443781634035291,16.151218279495513
0.8543051615245129,14.934828661583774
0.8199679092457988,16.196204854114203
0.8196946596701742,15.86566166174702
0.827060206383229,16.10288160671686
0.8464320330006693,15.536577093878684
0.8154293118597783,17.009175965970307
0.8524292727494376,15.943059864922118
0.8249215904114697,17.353171549215713
0.8135855366142132,17.374871724786136
0.8503694402505874,16.57431671225959
0.8362015217276492,16.36190553656851
0.8397724687752169,15.885259917485348
0.8382532553084213,16.071150189568453
0.8320975399741841,16.075276312825967
0.8515047258678289,16.41650836767243
0.8242337357971792,15.915755428077519
0.8639063851781473,16.15826744967035
0.8289079249130977,16.11124863935123
0.841939385526394,16.360709573242016
0.8646143474327858,14.657404930447683
0.8507232244198115,15.564738719684529
0.839512905736847,16.121745791816807
0.8225532151022684,15.752960597569613
0.8213708304968543,13.569788914639796
0.820845297075793,17.615218683094255
0.8225078498905071,17.357136894004405
0.8438825971552751,14.430631984084952
0.8371455086825424,17.37915929128053
0.8236320109704817,17.445457869665507
0.8103786745672776,16.76390705084628
0.8364259581232408,14.229700566979355
0.8410996540879724,15.00100163020698
0.8548289596482789,14.680237650120537
0.831277350444868,14.021933452918809
0.8602188729958695,16.064017063907446
0.8310872717553357,17.156322768451606
0.8439624380900225,17.026073022525157
0.8413106320322691,15.959072550957385
0.8235950969255496,16.331245245146665
0.8355768591825683,14.313890317864354
0.8397034422617446,17.019793838678957
0.8484147326586488,15.324964412642444
0.8306259040263567,16.042335833168522
0.8537483103689912,15.797228093900328
0.8051680311054327,17.198197039907
0.8486664810567981,15.729881582698303
0.848407436984842,16.003348585419257
0.83273287939371,17.28160154139512
0.8583926597265173,16.410817082599067
0.8360397636585697,17.012910584514323
0.8176893532423222,16.21104963400958
0.8523618296096718,16.686688955360943
0.8171196334094827,16.097366365829885
0.847704473057699,16.266519330501964
0.8393532497251178,17.200181797737404
0.8211987863515753,16.27737935214526
0.8248745077805465,15.51630623888721
0.8432923523744297,14.57880929386549
0.8241928314224002,16.450732855035184
0.8339633434877273,16.181547095236272
0.8502357771767842,15.970399534008658
0.831268250445476,15.339064807260343
0.8492972260311874,16.151969690074253
0.8383491393327022,17.357162978082012
0.8325020201832163,16.79939128787032
0.8408706166542572,16.371488318088492
0.8456439975258938,15.930606663388984
0.8351206625366222,14.238195785333266
0.8265360469281742,16.72716026396709
0.8288693116697253,14.98981904540134
0.8291755234008836,16.57355660104489
0.8475335197855207,15.551837525548256
0.8314943406327825,16.218170769309413
0.8190027577949501,17.624899214120507
0.8385701879423436,16.6430195410788
0.8263662864788381,16.487930741967944
0.8462860799814469,15.933339242937324
0.8317724552944464,15.47805432956144
0.8160246655333823,17.37636995442746
0.8590376979651052,16.272153219218183
0.8463699549447777,16.52551113017797
0.8372559044285571,17.10525501755351
0.824873006053057,16.0684685477851
0.8216979493200128,15.036852105066416
0.8412248807419173,16.787506167965095
0.8678763948107119,16.469191151698535
0.8272957514090237,17.472875190113566
0.8369913391228571,14.834109165880163
0.8789837421984856,15.05933706397452
0.8420723122383836,17.56640405460386
0.863485758471926,17.145500929604474
0.8464734381951796,15.78132441625238
0.8226058896032961,17.752662316586836
0.8377455206398174,16.43900600573929
0.8677849626158674,15.049751111702756
0.8291958862135246,16.78457265905901
0.8399081066016564,14.773529367210463
0.837638937002807,16.53596127272462
0.83174111480982,16.938026567589493
0.8521612510902951,16.1526698050785
0.8383551526870722,17.18866497609046
0.8503261185624543,14.35048781977669
0.8666167055507658,16.9372456281846
0.8196423963101611,15.571294383326546
0.8181166408738303,17.41576609570885
0.8193493166315605,16.242298058432144
0.8464349208303644,13.396613175350092
0.8202214197553183,15.23141009342801
0.8571210042188523,16.337265308610778
0.8454587495045374,17.01756485914157
0.8641032363762707,16.025264576675458
0.8365682350803013,14.901178992713115
0.8538781603045519,14.546923527167586
0.8302979057668286,14.392643795114799
0.8325634764387949,16.10975676515547
0.8614689885483849,14.290344053558037
0.8203490093933129,16.628839680533915
0.8624556572687441,15.259150216729674
0.8374021564993684,15.476019150330325
0.8218998692528706,15.8798650095996
0.8372232944968715,14.514798819503062
0.8350042828307691,16.38246284629238
0.8179153435698562,16.48159542848795
0.8317275819052194,15.872588767934538
0.8286887141781324,16.38029574119337
0.8338987436994,14.84473107818301
0.8422551838738296,14.64785503597397
0.8431429245677725,14.528165644715747
0.8456343412120472,16.221247824315395
0.8352061877781147,16.877830354335796
0.8390642723239369,16.187288215079334
0.8729042977995377,14.60405724729847
0.8453432504525136,16.363129591248484
0.8349309416057386,15.899583627910296
0.8641823106707139,16.84656339489729
0.8349354507582457,17.187213134593776
0.8309825396382603,15.922966536500809
0.8251626863504372,15.815713864090105
0.8445713625775806,16.569275373868052
0.8328785244248822,15.87334280171023
0.8275476261412257,16.872599913500437
0.8472330587234085,16.77448791606134
0.8343534707656493,14.104200761291201
0.8222222755097738,16.868140426762253
0.8534979316766925,15.58414967755418
0.8244648061917254,17.3073293469015
0.8314516485873922,16.274479311903946
0.8356382360190664,15.971206967373725
0.8518431343248678,15.662830807777857
0.8251696040842411,16.011576310999224
0.8292873378628703,15.405056028372378
0.8347926195028302,14.97196977352307
0.8836724325921211,15.236119975000575
0.8495259524679727,16.50943191532352
0.8244655135405368,17.0651774663936
0.844450949796249,16.50564386124643
0.8302836555705179,17.35525134615469
0.8397061647740659,17.114401739800563
0.8423527621899375,16.70019319130442
0.8375220907286144,17.443001813234517
0.8233780599581023,16.36572481253246
0.8166515808291579,15.944379583449214
0.8204140962391294,16.81484645136806
0.8647429736792213,15.738302366658564
0.8433786228624198,17.44280133524146
0.8424529921359012,15.150189292916096
0.8314113043170237,16.301875002203012
0.8363571569744378,15.285936741796744
0.8441828812555312,15.152551152784625
0.8289857501974088,17.407622622838492
0.8487482746647759,16.687584597629304
0.8688071917735872,16.02868822597589
0.8514010201971005,16.35802868176395
0.8452420103211805,16.474961490180878
0.8193720408002947,17.26569029129387
0.8145019209741431,15.96429399609064
0.8553140525631866,14.637336317829513
0.8384677059593831,15.901930436010723
0.8198206467382262,15.08323565038709
0.8385179390505498,15.379356589185432
0.83297039044025,16.860726725456008
0.8549589849624554,15.07359389617323
0.8625103800139483,15.72865715046484
0.835381951794305,16.500837629070258
0.8088767118603668,17.111653113735294
0.8494638122623753,17.004471382378927
0.8604415081497442,15.21793900899239
0.8610798591840378,15.12723109959456
0.8043617562580745,16.91670219961767
0.8308204448663327,16.291130807667248
0.8519439506910547,14.4302516503152
0.8502200211788611,15.282707061088225
0.837731610714307,16.33981530896432
0.8553535438508671,15.921870314777777
0.8279348207191433,17.705212589011886
0.8568184433735503,16.541741611214317
0.8334890388080027,15.39788295411045
0.8255725578101059,16.335294437833156
0.8346085687672975,15.794701335038718
0.8258865772131193,16.648359776369485
0.8599480176352032,15.503894597122715
0.8475248131388394,17.257635103307084
0.8609270554477454,14.377549310135388
0.8485067393883696,15.20462321567843
0.8378402506288415,16.739780004561286
0.8266166756037113,17.5098941455192
0.8659884135588704,15.109717416947584
0.8317877862772672,15.004676377139736
0.8239947219851061,15.11081214528978
0.817860253203108,15.242524831631263
0.8357697232733728,15.159830981503736
0.8268661048037361,15.575389342662609
0.8199288337031682,16.795284288976855
0.8645854428467237,15.98608840951014
0.8344097204993447,17.631046977887504
0.8274933137937488,17.547763527051647
0.8600961593732097,16.030260712782894
0.8517803487190939,16.48196312804102
0.8251538567393317,15.967828689882992
0.8454410533518844,14.344814791127902
0.8621302439790511,15.261016664109336
0.8387322192490906,17.53322438884447
0.8550946915005816,16.457022268094324
0.8575872365680007,16.479625157218567
0.8396533179654924,15.757233661472782
0.8239145156831063,16.618867700896853
0.8271440566496411,16.684098843583573
0.826777767566837,16.19305622845915
0.8427767448478227,13.811736174160949
0.8280309269839935,17.036421665648355
0.8290892241166473,16.523720581415347
0.8347119095054358,15.748563841946378
0.8358979434338939,17.39824589521094
0.820995223386336,14.566701814728802
0.8477173381604941,17.141636009674635
0.843846515929274,15.898682661320521
0.8514643959509719,16.206358809623268
0.8175664658707635,16.929533275986362
0.837157203567641,16.191338701858257
0.8265103709791424,16.902652014047476
0.8492593043595003,15.923047649979209
0.8165608947681888,17.064266663729622
0.8214160548009425,17.20264508386388
0.8070555197409747,16.956014868814062
0.8383347293636395,17.470329652710305
0.8191838280092472,17.279177739477856
0.8338381859546913,14.91842877297802
0.8574564645162681,15.773363154311154
0.8100823089933878,17.204689173706374
0.8237338275524929,16.03476937399344
0.841322865056954,14.247293798390588
0.8394763116305443,15.355401947733741
0.8424225020175898,14.960233464166626
0.8460054211863054,16.18994690511906
0.8608621481492849,16.01719816132353
0.826675461543256,14.114144985111444
0.8353517487401434,17.319262942053324
0.8573726157377953,15.915846427912461
0.8360032468184208,16.572888470501756
0.8323241059703167,16.054284671725025
0.8321008057568355,16.060872789873166
0.8485596351322021,15.968771550465263
0.8168140620148798,17.14905822273028
0.8563609522276177,15.605635417802842
0.8323826896165915,17.437577433256912
0.8341322954676115,17.538902442521536
0.8278868006415476,15.964684301720439
0.8568815605151178,16.749984970740616
0.8354319281067063,15.178686167726584
0.8293116225387629,17.745583169322614
0.8711004237644234,15.689482936268297
0.8652492856541105,17.151695186386714
0.8730698538832965,15.523548916842898
0.8604268563335822,16.335540621360977
0.8237488823107983,16.738094527995052
0.834588462834292,17.48025807227553
0.8354029914589516,15.266060344665902
0.8520919896834083,17.48713339788634
0.8507938010996702,16.1783077867826
0.8558684413675314,16.707217404998456
0.8379934188155698,17.733167959657475
0.8552349336508559,16.054309186830007
0.8324044340833265,15.930502956767542
0.8359879375918492,15.104715894982357
0.839191759917894,15.725679768800006
0.8356049028092275,16.241652115884264
0.8394577119888947,17.37180971793862
0.8335836785243491,16.141893149443092
0.8220311681925915,17.14839195885316
0.8316638337253286,16.251665217788222
0.8528746547325675,15.89710094602154
0.8377138684543629,13.901673373966183
0.8350087908206243,16.859002088534577
0.8106729278314161,17.38067547274183
0.8268536753048236,16.049930868621612
0.8378375063616557,16.507231405387238
0.8367463961767316,14.162179305011625
0.8297819393950768,16.164998773733256
0.8229451843168253,16.76217841269197
0.8557210794579241,15.533721029805044
0.8571123195291813,16.082326851720563
0.8622797865712849,16.362725128057377
0.8281679409471661,16.11999813167498
0.8223023749411261,17.428019440516874
0.859769728326336,15.938389043391394
0.8517332712361608,17.33441914579483
0.8120288216241242,16.963670007795884
0.8186385845848365,16.50532517894144
0.8584392684847005,15.907843912208556
0.8513045453957985,15.745758695501985
0.8243138206581295,16.514514650052202
0.8348761522021299,16.996940181987608
0.8662760009980959,15.030055052282167
0.8164615839466937,17.229880237844256
0.8198425648640392,17.350631342002224
0.8500221693623846,15.329949831000883
0.8397986765961948,15.082823137833394
0.830399145567624,14.799872904401496
0.8446690293495441,16.91400478174036
0.8092740147078507,17.498204706781035
0.8340433015998098,13.3931437688638
0.8345895230214825,16.30184192724484
0.8386240963698618,16.81564645035704
0.8362712377781718,15.855406583267369
0.816271020329168,16.724725406303477
0.8538683822312859,15.260416693098975
0.8488827648932137,16.67915710869151
0.8632092849950915,15.852512966084774
0.845956174245178,14.862249213994922
0.836339719850476,14.278300640941955
0.8489210201080141,14.819325461474648
0.8601312823955701,14.5434318883496
0.8354359787551332,13.799627997973902
0.8098770606520289,17.148892816900297
0.8372294610553449,15.992735514798076
0.8526389469309145,16.51991088728643
0.8644846952454465,15.478806395048816
0.8129641066722222,15.797117165383312
0.8440396502202057,15.394490400841356
0.8306191184500685,16.34189645312191
0.8201873028041672,17.3378853249354
0.8358412894817523,15.165892513880701
0.8233186121928568,17.011058747205784
0.8408588270089806,16.119372186927002
0.8260706273334729,17.68819015101941
0.8223208822969349,17.008034854784572
0.8350689716714932,16.836538236962685
0.855272873163219,13.147659888418714
0.8511926018908792,15.092662668488018
0.8395449833851831,16.174813187918616
0.8406497117111367,17.06776805446809
0.8565201670810336,15.069584202569686
0.825574178051285,16.261865744359493
0.8580469788237117,15.018264772057345
0.8366819412383187,15.791101899451334
0.828525140021458,16.526846140190226
0.8510308885338792,16.42886351654247
0.8161702112983233,16.528736564730213
0.8359906595514688,16.15223985392114
0.8380875528804094,16.340200155920368
0.8541639780767852,16.37023074751814
0.854343527765553,15.175489995765744
0.8566996474223741,15.464273211314145
0.843968061793829,16.697418417234278
0.8398436633162328,14.672515133089277
0.8360673775772467,14.069332750388769
0.8183754345733542,15.979488356376839
0.8309550668118847,17.02500655902858
0.8453302008046036,14.919258062635164
0.8128828029991718,15.267179819400928
0.8190602017090592,16.280203397416592
0.845819154735585,17.719321106585753
0.8593206639367076,15.375889032983231
0.8451810261709256,17.39666449563423
0.8333600881286397,17.801069889784063
0.8260046008760148,16.541637580959826
0.8142197588620609,15.263790564530131
0.8613708110921623,14.83507637956822
0.8397617743165773,17.00438075350733
0.8258386142306785,16.964926699930846
0.8289435111217683,16.614614175788414
0.8578787719168139,16.202273367552717
0.8388743094629018,16.111175520957115
0.8286872713799472,15.795071229900755
0.8538547452662503,17.265996495770352
0.835890441703138,17.613561347753205
0.845987186213755,17.19403394743705
0.8439851279322048,16.32705283805506
0.8390753680074163,13.716053562610268
0.8305713633460123,14.29822897289957
0.8432325525611731,17.872930595754827
0.8476222801515046,16.22414741146275
0.8286190598471572,15.314614556535275
0.8292707019531999,17.601236956320744
0.834764555812146,17.512914939018643
0.8336132950562951,16.11715641416026
0.8216711518494043,17.158469530146114
0.8362478666492854,17.485892942791587
0.8467747712086885,16.398687157300333
0.8102147226857536,17.5865991989165
0.839779536716108,17.561406089950534
0.8384070170422158,15.866179303822227
0.8476032275495462,16.271704980716695
0.8092240708124149,16.085808599974737
0.8511384063368758,14.79451762616491
0.8649529057744738,14.664777093152898
0.8294195958993898,15.722985323138
0.8109323174954953,15.613908477656752
0.8553250524116818,16.46611818153448
0.8261668356281161,16.073500011848513
0.862746327850436,15.96699126785022
0.8572706436949348,15.88599566412413
0.8312256384314124,16.653326693233
0.8299276578975991,14.631243003793367
0.8638314500468084,16.652268969768063
0.8538595717448322,14.748354817619699
0.8288088386622922,16.78292853921685
0.8368505965605078,16.65823970327887
0.8362431968371015,16.665597176532287
0.8406896330311229,14.86925525308233
0.837652283148484,16.363990277316535
0.8377479022461364,16.967463339230207
0.8379550126419488,14.935823444632772
0.8766647267329475,15.0115003772736
0.8286328746349509,16.21180621346593
0.8589293156534353,16.017322143450347
0.8503031354051679,14.638899430404024
0.8264691267280438,14.980829263378814
0.8424764720723399,15.16492109100921
0.8477683786346583,15.097424513738707
0.8517218149455901,16.539569819970723
0.8381884139176724,15.395322943637241
0.8617624019584609,15.835661766942257
0.8714822497058807,15.484783672745692
0.8640039169412376,14.188847769813473
0.824917272403471,16.140310993149928
0.8379030878273738,15.386141837723047
0.842778960797014,16.995281197555826
0.8401005313169492,17.29586998032403
0.8352462002776014,15.702682121540787
0.8638518851491724,16.077362915509237
0.8409531095173994,16.220690469872334
0.8553142326536355,12.647190821967298
0.835141104468422,17.20223965955679
0.8366545768353998,14.0504348777269
0.8599679905757055,16.458505868069416
0.8483477121610963,15.526428268294483
0.841506255997476,13.449059207102936
0.8206574610181016,16.956627786346804
0.8494885845037224,14.887475026048302
0.828208957898427,15.097665206536783
0.8435816500492762,17.06723196524107
0.8419418878689138,16.537956290412943
0.843002832321971,16.331649618114493
0.8449722124024186,13.672565762881762
0.8217731591402649,17.010325402544307
0.824702703271529,17.963052663621287
0.8342355039388151,16.605427715991052
0.8258820123633472,16.82958037569937
0.8314891371177829,16.14767253390336
0.850944305645463,16.33308630814993
0.831807886490605,15.791201117056763
0.8494820039851206,16.989852911565393
0.833265698985267,16.575166767018775
0.8335852699024837,15.97386630817889
0.8473749870263935,16.284196239621366
0.8414403790724044,16.467517787738917
0.8576645564310793,15.815158608107232
0.8103988336547366,17.296796466650708
0.8448806787462382,13.481035695891812
0.8352512327088548,16.25442209805094
0.8156583394049582,13.370550969035506
0.8270496819758656,16.642194771495124
0.8299539173860061,17.55428763997336
0.8563268467560426,14.662402420008943
0.8298654866480838,16.836632834024858
0.8438791499433548,17.166850723275516
0.8434806107822496,15.700638343559612
0.8397628001143862,16.45592834776553
0.841224029276954,16.56999371788619
0.8216151856104164,15.540506151113652
0.8500322953869847,14.952481180918417
0.8372638605699813,15.274177403790661
0.8314654359761574,15.596238555115411
0.8238729818694707,17.49564763951344
0.8235616451069773,16.836189016977702
0.8348685960444177,15.141530760336373
0.8191748874935912,17.311569821493162
0.8249688636371405,16.924231286460046
0.8272652992766255,16.353250101766182
0.8548382328970542,15.627053161426893
0.8612247463127076,15.209683837343547
0.8188932278128775,16.283986649127257
0.8095237738082538,16.577362682655252
0.8499751095955786,17.429315241624092
0.8510745930833489,15.230696777577103
0.8275261100427627,17.61287083554628
0.8477495175634727,16.515402085147006
0.8382757577477574,15.893755898972513
0.8374348385821296,16.856190691922517
0.8434919050290901,16.306768019353402
0.8731731166324854,16.308809001850733
0.829224987949405,16.317927580042625
0.8222861015688712,17.172396166714012
0.8347740047295469,16.2231321861588
0.8426265162433769,14.92345908119527
0.8533886694412504,15.975779380316949
0.8419598050601684,13.858159308051036
0.8463598979904677,15.87909750062901
0.8280678013035833,17.414593355175192
0.832485223300382,16.27865181897359
0.8461668707428817,16.884647334883038
0.8304589595584556,16.62783427563379
0.8285894005171172,16.92856826745095
0.8471816911291978,16.907813336154188
0.8634577339669729,15.272371095663809
0.8242275313764171,14.772138012904945
0.8639466433337787,15.40148781038038
0.8703559170432857,16.260508266735084
0.8393997782712251,16.559853770427296
0.8309503767857663,16.258028033778178
0.8193843773078725,16.87886850769043
0.8506642454422608,14.135599312272339
0.8546308621146204,16.34735793576326
0.8194895343604323,16.24649082771879
0.8199938198472493,15.311314024375248
0.8228760779015868,14.960534597262892
0.845235175344787,15.722711561443601
0.8289626650719012,15.536480616992014
0.8449168187441839,15.546538964793564
0.8338346910857556,17.56693507064354
0.8430270580594609,16.65392378308875
0.847760928673773,16.274207790569896
0.8174880942152184,16.31192332064278
0.8497783274681634,17.61289948428968
0.8185323976390686,16.45581079603702
0.8438016238437244,16.49719360661534
0.8465530764163423,16.83766166586692
0.8615545928411703,15.878281447564385
0.8421421674207809,16.154504967164343
0.8324637120676348,16.641032702289632
0.8389826672862705,15.515973766699124
0.8296478579725884,17.177509954472605
0.8442809609908076,16.290663660633186
0.8130156798368181,16.982086482918678
0.8535100073674934,16.60974386666865
0.8362110878083104,15.714511698664916
0.8457694530096204,15.856745679239166
0.8293033749419946,15.994886607888711
0.8707504348153116,14.627220262286803
0.8437347172753386,16.892817968201154
0.8450462879205887,15.678276739084263
0.8269512612057821,16.39204896207671
0.8366088315241011,16.569833236917443
0.8315734321369685,15.572468219949448
0.8272393471857927,15.780345351242616
0.8558531892885921,15.589911029758042
0.8490803104375675,16.218462830934808
0.8153203332848146,17.046656744129375
0.8613871100773888,15.693794227701469
0.8363145361353937,17.60227227376224
0.8559885528681691,15.570338781481867
0.8317622935520484,16.6576171547578
0.873952742108821,14.860005437878703
0.8254503802831531,17.558280121655432
0.8403542583650284,15.221756703212156
0.8125712229463885,13.723275212324651
0.8320037664474081,16.79145240975344
0.8378677063758976,14.06183534260316
0.843210576768175,17.053169723382236
0.8385567339892676,16.15270793844119
0.8539674850167255,17.02001451912996
0.8382932836702944,17.575585526439706
0.8397828060055206,15.850915310772015
0.8333780355782565,17.649351791266422
0.828681088196913,17.03164064100031
0.8310707747105271,15.751034451337162
0.8339352722543699,15.107658245253214
0.841703622782454,14.716078970587466
0.8509595021278994,14.355148702888842
0.8490850042226805,14.746453713435187
0.8394691821906378,16.854442155974443
0.8571563368842584,14.96835797088229
0.8377582270621078,16.815538708613218
0.8335330887912872,17.86686207709034
0.8477337171910238,15.800566011080939
0.8536925402192616,15.768272882657712
0.8414517305764306,16.850068453450028
0.8528200452757098,16.63714712659343
0.843895370511751,16.33501122996209
0.8260366726404283,17.039420079760365
0.8395080156529088,15.8923698482127
0.8278758048698137,15.640030097226637
0.8432439324520873,13.818086364201804
0.8291468087859877,17.03913880186482
0.8420664885168998,16.692301075445464
0.8541718587526446,15.402783173500268
0.8232326442712682,14.603398648337953
0.8346987925199402,17.04077926051166
0.8541025226680813,13.927836013777195
0.8360988545352727,16.24021579580776
0.8418919955636968,15.51570151367187
0.8335686862271158,17.784562470032007
0.8438003026100708,17.106442962856665
0.8409860896814777,15.693108794150788
0.8471714317520496,14.20578171925345
0.8297649131503423,17.7788332525259
0.8389819961060384,14.175743248648905
0.8393883710675091,17.50294780729726
0.8165259885896016,16.456567602703146
0.8374682817081074,16.504619683114267
0.8600767376587505,15.999282497743737
0.8287688330753578,16.345826444720096
0.8300861791672309,16.659534637136215
0.8529157136203033,16.445657440597063
0.834792824348905,16.34179946418922
0.8373601080993854,17.003591840769346
0.8453317937914276,16.35231444973019
0.8509230016921677,16.51993571608189
0.8276503456877867,16.585214417035207
0.8445088909525548,17.02696022854492
0.8414374053038324,16.083567720754466
0.8550874070539377,14.588102434886816
0.8375639129109128,15.272129007225056
0.8519739428518212,16.692056972984957
0.8480802010625812,16.787134173610927
0.8497777969311854,16.146457778548925
0.8312220255736396,16.12245924407088
0.8390907111109015,17.16922902238941
0.8250894840405628,16.752119287717807
0.8422450024455358,15.526780667281988
0.8320543153198704,16.188818511557248
0.84771720976051,17.357124505280584
0.8541155089124319,14.05616935314645
0.8264832608208033,16.71414209527582
0.8563405339925684,14.527492074286272
0.8401234325244538,17.104581915836583
0.8236044719055231,17.463860662963622
0.824241940092087,16.138039537146142
0.8505757916205908,16.126956476947946
0.850437100202222,15.623701042064061
0.8483526521955805,15.191934797932381
0.8319112685314662,15.30669158439469
0.8545143511552098,15.14746572709619
0.8543585116486522,15.335219387564827
0.8226017506609345,15.208918543892993
0.8389608728671739,14.763273939558593
0.8661172515204063,14.428659213671324
0.8395080233502332,16.372670177655625
0.8312405408318356,15.96120801840693
0.8699115519033084,14.821184358139574
0.8496519498866553,15.082535693619226
0.8329392210714639,17.720388289017134
0.8440105053459526,16.930288785533065
0.8364789630112561,15.725004402153537
0.8512449379406499,16.26928640120529
0.8301297050816613,17.2760825772399
0.8316672479497358,14.105736970786866
0.8436890258735085,15.08014414978402
0.8487692552436471,16.72726831355146
0.8573286814043392,13.27883141711215
0.8537099248033214,16.615490367446135
0.8511790991546229,16.920501295829137
0.8339866210121668,15.773217701354426
0.8474782628056464,16.341126542305318
0.8395564730165352,16.670546642250887
0.8670313350515575,16.518528275013256
0.8102296081530826,17.068838268120498
0.8384195782731497,16.39148945033244
0.8577590211548737,16.034319479870646
0.8536065520571098,15.232573364240727
0.8330536639415437,16.46449775326173
0.8333934036955184,16.87787468295299
0.8435876518223618,17.048150050136915
0.8406234246322256,16.189192158648236
0.8520738967609404,15.860229385595629
0.8186593558438121,14.819572896556414
0.8423784790979605,15.80599473408555
0.8317148756906017,18.031057348946522
0.8356920518230272,16.751616780902534
0.8496081241058416,15.772182251239643
0.8486879695980841,16.13224432923136
0.8425450890016682,15.782821944203606
0.8255713597747866,17.34493224565009
0.8393549076286987,16.8392369494722
0.8151957840934463,17.068524928428406
0.8399609634039967,17.1225612244867
0.8250009089567464,17.737083713989296
0.8336713192285014,15.837924747830852
0.855231817645301,16.183373517931944
0.8179324859949991,15.301174227026506
0.8535220424831763,14.171050563624966
0.8264186463318713,16.29567312504577
0.8320608517592208,17.189493588725217
0.8405633249905787,17.20122174720377
0.8723227298016214,15.217882893279688
0.8475489810189784,15.811679612268875
0.8371529503695911,15.972069943233242
0.848347080181537,16.564425044624485
0.8652627461209556,16.000354407641314
0.8238889704666388,15.43503602480422
0.8212673288120952,17.62044944793506
0.8266860791936893,16.43259887653384
0.8456487886943443,13.427639315758684
0.8386348167471708,14.626152521012644
0.8225364799955104,17.24026954276487
0.8562237668702911,16.733401657162933
0.8334861963427067,16.184307903425488
0.861337901862817,16.345056008337092
0.8262550985928035,17.07408609034088
0.8144675585068896,13.429654770806195
0.82491062891223,16.837500071303598
0.8361510621550279,16.611802587141312
0.8414961652518187,16.194156335887538
0.8515407013142405,13.908821902192862
0.8370316897248081,16.095406713143337
0.8331754748991947,14.355176664735325
0.852686029989747,16.17891997942348
0.8319250361254613,16.186293645554738
0.8427390372204356,17.286463222491722
0.8419973492184031,16.636745176530013
0.8492597764687142,17.124864113541435
0.8409552899227503,14.889343246857662
0.841214481203699,15.591581204811682
0.8302422788470012,16.532220873732594
0.8379385777958875,17.017235718083015
0.8440215961306773,16.409127207879987
0.8532659901741552,14.719714855073166
0.8323046124654109,16.954275907499632
0.8533108607218493,16.224990373942592
0.8424661809876239,17.030633060307334
0.8336776017242133,15.518284061662067
0.8442534349375621,16.596167795744066
0.8308661603814885,17.464339648842508
0.8305455699556207,17.04996241538233
0.8143597334952389,17.12891590336885
0.8491286336600282,13.78400371310867
0.8469410613883032,15.557396691154656
0.8447859809416872,16.19853432720838
0.855661148597803,14.196577797836989
0.8526827684683647,17.04250782276678
0.8607816569039523,14.821685848243035
0.8269025904818489,16.311604585563092
0.858739863143026,16.23000171473546
0.836110764960452,17.293722008752876
0.8371479227919679,14.433331330975664
0.8321723718060436,16.58666527980755
0.8265151211595166,15.280591086148208
0.8370591864999878,16.666611429758042
0.8437956791270703,16.908137206427426
0.8642546784990169,15.528033859389156
0.8203466355173968,17.15591325393159
0.8218087302270419,15.541248654900187
0.8520627006308574,16.787507814719962
0.836279307432895,16.24293561917073
0.814727063838138,17.083120543057113
0.8458523646547351,15.074837156957443
0.8369007127092735,16.439871641026677
0.8458204487416457,13.806069240332763
0.8182049944537098,16.64036723498909
0.8587932734249705,15.997064246298729
0.835400198477163,16.20033560714175
0.8467950364733094,14.469112808747374
0.8332066179846592,17.04583847016527
0.8537174119358552,16.27954347393863
0.8663143924155952,16.742176661544338
0.8540048569345009,15.00568581348778
0.8257888676991724,15.95244497223708
0.8023551095527952,17.72798630196639
0.8763497954820912,15.581886452746126
0.8600411101618425,15.952455623892106
0.8237673959003405,17.357222880744082
0.8281363765119919,16.73893021933069
0.8401115518370106,16.477909705825727
0.8451285602505861,14.989304906401992
0.8270347863675246,17.75350460033786
0.8377955079210814,15.423817834545346
0.8355361177565884,17.69262323327123
0.827453102009058,16.368007250440474
0.8560325219436931,12.679390813764343
0.8557301254004233,13.789046796917438
0.8116168267085923,17.077001921225328
0.8368630857736145,17.33131151512254
0.8252233703200104,16.424952584822105
0.8323887940102224,15.001262936504054
0.8415948610788426,14.185575749655301
0.8309110834016513,15.946320090172753
0.8502893877537883,14.993507757524975
0.8368162725766691,16.359183276275555
0.830569137463419,17.568780539973517
0.8204334146000472,17.548588271169468
0.8459829679986138,16.822937266621786
0.8357513882475723,15.622828174057174
0.8462668277690416,16.167946345459445
0.8450264030435347,17.39644736060696
0.823715180888998,17.410875236037914
0.8414621400192548,13.784092799910278
0.862750926375197,15.580815383805048
0.8249803506505801,15.719173242573609
0.8189564129393356,14.715328529376194
0.8192494495937281,17.133312864207607
0.8361719439046196,17.171735088158012
0.8449157779903369,14.914903269125675
0.8460808793090132,15.456073977568165
0.8440850602626675,17.149902395369548
0.8170346837760877,16.729816780386027
0.8107727960556667,16.972485886777786
0.8368008880986024,14.061088694107996
0.8456522984696856,15.830807526276566
0.860774360787732,14.763300017367358
0.8629904996002007,15.963798711349542
0.8173256941845607,17.3593413209859
0.8386531400657176,15.853529601142666
0.8367353113648366,17.73477879980433
0.8550180169177676,16.78274270254806
0.8510538055048755,15.863681189853212
0.8362770430389039,15.170051196283367
0.8450158111626017,16.904791224662173
0.8247499559277672,15.820422666061626
0.8692800754317237,13.86171178411883
0.8360602078272777,15.605201306885062
0.8352575065077837,14.772266899606487
0.8722560280820653,16.23294468818297
0.8466178402666257,17.441733088890192
0.8629666802193136,16.31393858943047
0.851981976754734,15.693808307158266
0.8501209675986957,16.459255901458466
0.8609345717866592,15.913875173203612
0.8486358711337685,17.816650070105112
0.8179766375236056,17.299843371427787
0.8494098212649384,15.672906604991843
0.8129295602351827,17.24379437890646
0.8168345650892253,17.81196204565759
0.8512496798638596,15.819076365146687
0.8454903885376939,17.317942728189152
0.8525256038261674,16.700392607704647
0.8382830335337883,16.083400643173217
0.8266705114283419,17.492214896244434
0.820014922222184,17.25776000447728
0.8091840347798828,16.76637418416343
0.8119163392100847,17.650126707641544
0.8171257386905593,16.59724278112657
0.8395179652675598,14.537424401506435
0.8285109627540517,16.656551643345594
0.832059059407802,17.414562371014906
0.8739085088457128,15.976502610103958
0.8699350446182611,15.934099193261106
0.8242609088852292,16.549492347127494
0.8661561409644235,15.287286803218292
0.8306002648029654,16.11453531160105
0.8630079106519045,16.096093663802268
0.8250532209964109,15.475107729182525
0.8596910673355757,15.997672003003819
0.8459566277802102,16.36399196392023
0.84842167452388,15.633962354637184
0.8558746949313224,13.722911693719988
0.8683969181503756,13.13578164086294
0.8254957778938041,16.513442574461408
0.8476197591231815,15.032709152037336
0.8227453495244879,16.68348565910663
0.8254849606562211,16.824626635402435
0.8444442482183298,16.022294606047065
0.8258284937988414,15.053200887831524
0.8336178058585034,17.69887216122819
0.8402899060317318,16.327871634053555
0.8192678086376545,16.852083383474888
0.8338855214021179,15.615951528037156
0.8439701010876828,15.4031211883252
0.8284713954381534,15.344822545537161
0.8538731995954464,15.733409889837006
0.8525647445824532,17.44247389664598
0.8088112785458015,17.54161289321266
0.8388539459364924,16.518365506796187
0.833492376697088,15.374844757773857
0.8316602253641543,16.67482334528145
0.8351936974464756,17.4172941828897
0.8602444209644098,15.105157597104734
0.8295229594376576,16.177382702900484
0.8500322001125992,16.69666011014858
0.83048443853169,16.87895229206835
0.8473707655432224,16.58219329241778
0.8402541727883803,15.045510671981217
0.8298803750693455,16.83515758251573
0.8274182860803322,16.299688371888962
0.8384643728316045,15.585626838634546
0.8251987622324825,17.063181954814898
0.837689171029489,14.804648063564917
0.8472126695688322,14.163371843985104
0.832818515650911,16.326968524393365
0.8337198386354697,17.103589521250985
0.8535056765937762,17.42903548085486
0.8534002672820414,14.563091956692576
0.8681872559643761,15.251452923028916
0.8207440298821337,15.976810968026035
0.8352052389732764,16.117413393053045
0.8594299282786678,15.708476864683846
0.8176203481545071,15.260467097561381
0.8329830358833027,16.83380183211314
0.8267992377319614,17.117435477385325
0.8405711496260846,16.005476943141726
0.8549836204759087,15.127394662174282
0.8434671114514153,17.3316896671671
0.8331277487532862,16.611925361339015
0.8173071843238263,16.24415507501666
0.8487465804633624,16.504811515588067
0.8687730905495702,14.990264663179445
0.8433121519701136,13.710773493236402
0.8187261904645053,16.272589147830875
0.8295242175261747,16.75298485045253
0.8174188881275302,16.649294440668058
0.8066802049737621,16.91296256898228
0.8357108155214122,15.473232157007189
0.827632733773847,15.316268142819668
0.8361941587179117,14.884935221376262
0.8370268694068849,16.16630072675677
0.8418748397694502,15.506785749240194
0.8154268493180369,16.782940506138647
0.8389237010059037,16.981251708544978
0.8312818925643257,17.125821274411923
0.8251782660057269,16.862919646575417
0.8603927374805703,14.061008826107923
0.8263960160362149,12.76529892345764
0.850387649697857,15.249001601042414
0.8223752563726939,13.97933372677268
0.8403326519562228,16.356476789557014
0.82805777116655,17.604670449863324
0.8332237786905595,17.023614844949424
0.8324243134506387,14.168924712465833
0.8086631724994118,15.948971438674212
0.8595051909221715,15.095727344263826
0.8516579405579731,14.546829904733196
0.8409739081063364,12.871253412089862
0.8409993787780822,17.385611695775836
0.8474045206232743,16.787067224327473
0.8488921990778929,16.023116532775944
0.8340618226237533,15.772862987469003
0.8468567722042835,16.248344201569584
0.850284080648287,16.07722389834322
0.8194494454685456,16.181472753516154
0.8533205356624607,12.59255385987526
0.8329471284995521,17.458696030991337
0.8461412151045162,15.716074651177573
0.8032478698311337,17.223586570323068
0.8607838305910515,15.932471024666777
0.8605202723591961,16.99294339891331
0.8423796577468691,16.85109631129721
0.8413374457969692,13.640350308231882
0.8378228017197366,15.995116223712643
0.8369244971781352,15.994217532167562
0.8199414945283475,16.19879127141964
0.8314119969651156,17.627772059303314
0.8414733216411886,17.061135492523466
0.8415137021062916,16.34568656249966
0.8214217974948185,16.58452336892465
0.8541452544703175,16.123161651267573
0.8203763561250393,15.300245618647127
0.8286829254524081,16.226246527264166
0.8410018153556708,15.932569111437573
0.8443184730574256,16.711588941634737
0.8508236981015047,16.774445382206167
0.8317855901620587,14.828863694574302
0.8310308816115123,15.823254762162703
0.8339514939297087,17.253747747797124
0.8337799851384662,16.11026641527011
0.8498904366500541,14.433713282225602
0.8579204447439265,14.697962045864804
0.8129609254601636,17.19080571980056
0.8460543895986922,17.239818360802953
0.8458235753301285,16.419443221061826
0.8461768847436971,15.9407343783927
0.8319806795319574,17.02170323976926
0.8485880126220494,15.7652901571859
0.8360122264057713,16.710607359234377
0.8269007523628454,16.954121300002065
0.8245489784536367,17.521154721714016
0.8335688440612059,16.987901501063035
0.8019652056737124,16.06621498522726
0.8432803871821326,16.116924315391675
0.8418656599997959,15.775766821948713
0.8324794707422093,16.85950169168601
0.8227603703266114,17.16128634347598
0.8576941381895874,15.455873409653549
0.860819724925911,12.195007946350165
0.8403294299058218,17.167187913537344
0.8187434879581792,16.551540737938165
0.8474599328911263,16.629371929364087
0.8455142607636557,15.366561745895334
0.818853328602602,16.054284769825443
0.8447644214647038,16.700483247678623
0.8223219244310336,16.538784555419237
0.8386670235631178,15.475189412959999
0.8483909374749299,17.305321507416675
0.83868269490118,16.294185062902336
0.8298132516735602,16.30180002579317
0.8577752705440537,15.731940645666505
0.8329352808448115,14.565646929773683
0.8426883584520825,16.110890871106985
0.8202925860079552,17.234636020506105
0.8255648633744209,15.858419799123212
0.8494412373540506,15.811273068975998
0.8412560224596963,15.62964784379791
0.840471586327335,15.218765952009901
0.8393166482049229,16.557960617783845
0.8404706866751094,15.908312952583714
0.846181741511686,16.41638193892114
0.8367672227414061,16.458740129342246
0.8613376537524752,16.754844410347147
0.8234709375092882,16.232088030490413
0.8391143925632685,16.694097680711224
0.8386928323790762,15.0673918908499
0.8486946423448155,16.567416272065675
0.817153360957798,16.410420164468963
0.8641155425920722,15.452204775790854
0.8315872857891659,15.352143347422789
0.8256812007736868,17.12143639187041
0.8335690952505592,17.663104160540406
0.836635643106646,16.994183787879965
0.8439437711978894,16.54990935006448
0.8528995077074227,17.04050568066487
0.8352907197739485,16.195823852999162
0.8531779178086655,14.889502525259525
0.8668280501727846,15.523313353203386
0.82226846695396,15.938123544199529
0.8274399442059636,17.76766721524888
0.8472887522058118,16.204494944835087
0.8303637767217605,17.34163658810134
0.8212000217160494,15.966428817531058
0.8207770072851531,14.936594568744646
0.8703568315275687,16.20897613075016
0.8554264234597899,15.722810367284362
0.8154446476996138,15.274681237958232
0.8152920816445367,15.946303751720288
0.8363737372076594,15.424317091051572
0.855252602730577,16.75120062657073
0.8457846445286804,15.46449601970302
0.8295749863693396,16.957257993079413
0.8508523329691503,15.833693620926866
0.8391882282515183,14.915068460404063
0.8401094394968073,14.815504104549897
0.8304473143915021,15.683077153700324
0.8349837119534239,16.128688204404124
0.8366460790232964,15.625384041161459
0.8469179138175859,17.07327862701428
0.8103893033921469,17.09341603734993
0.8398307304089291,14.989917739353809
0.8135044615406807,13.944980942256029
0.841813834476634,17.674382016922234
0.8711650869466965,16.17180062160241
0.8383497626793517,15.99326330398307
0.8611065446351706,16.160671011709912
0.8308676910387552,17.80720162560566
0.8164117633120188,17.764161701767208
0.849644571770719,15.421875756249934
0.8356815231525768,17.26713502703569
0.8375458248390849,17.05244739454779
0.8289416369961424,14.62342263547935
0.8469310449565972,16.668496923787163
0.8269876274555671,15.703538137518038
0.8311049475605995,16.35375093534474
0.8571318801410363,16.618865645952354
0.857184727551466,17.307335937568137
0.8488585875371961,15.388827262466128
0.8408011873854258,16.5398101568342
0.8488758591455289,15.606968422663892
0.8201807096206809,15.23625903256329
0.8591852160218333,16.39140131078589
0.8263056540987562,16.28034464023121
0.8519945987371683,16.67205018298459
0.8456827975563853,16.21024930044273
0.8153209721987024,16.68724593307982
0.8439888504939281,17.423175164341956
0.8322745100848747,15.744323816664782
0.8385448235189948,15.891337963032498
0.8504469332060647,15.281407471257927
0.8311949596358646,17.26580038115392
0.8461206745451152,16.297478288270316
0.8394599040268901,15.308180978254619
0.8441827806133234,15.689995789136352
0.8457698666799901,16.37528878730679
0.8263184049070822,17.588533504388074
0.8466464881689829,16.070959821191114
0.8446075502833278,15.537381973243116
0.8255122808815981,15.473281665650218
0.8545056399385996,15.800148391221269
0.8509443466694805,16.383211283417054
0.8277127081575926,17.208422799682037
0.854194495343136,17.282467171516192
0.8310389188483466,16.163985343735394
0.8018095659858463,16.738453387240014
0.8220890408037876,13.766786484487687
0.8243655308642236,16.386078327993914
0.8361153163305716,15.585965074975867
0.861646349146922,16.543767933985308
0.857140831102034,15.549118886386845
0.8417025446409694,16.322281634229025
0.8322970308290008,16.983229244236217
0.8626642509275669,16.48024977368711
0.8421777389297674,16.911500231627315
0.8316766147814972,14.027818202805273
0.8407077387700873,15.099772399494034
0.860879026569604,15.912889294376848
0.8465671423475546,16.062756870870974
0.8486395713409977,16.010559385061928
0.8442144090724644,13.297943432076346
0.8607333173614858,15.495053160548983
0.8367172007831586,15.168403838446672
0.8320244568841043,15.04400074447534
0.859567025934637,16.410524365199393
0.8631926695823666,16.463390455381234
0.8497286204170668,16.305323415445155
0.8144517336800785,17.513355071314802
0.8417945237185531,15.970486724700564
0.8217931760738884,16.500913852697675
0.8302024580512325,14.610508774607041
0.8203930987477754,16.20612037835376
0.8418445567620352,16.38162026446305
0.8509433540523896,14.988729705709092
0.8383463894353672,13.190219371763616
0.8203786820137332,15.376200105939333
0.8307698777033424,15.834594055718
0.8289561427590662,17.16146025398967
0.8096468807544553,15.627791566307458
0.8455564250313038,15.730735420794526
0.8370955522204957,15.113191259468152
0.8323242769855294,16.846531270674504
0.8364061830130906,16.9880642962608
0.8597134237961684,16.651937603854915
0.8352271032264,14.21266173524868
0.8453606351276384,16.527861512987442
0.8298517762933494,16.93597367895053
0.8609282918608692,16.440143497589432
0.8221822729016854,17.35339599665461
0.8336846929008761,15.131995072131145
0.8430729276005123,17.61103400482498
0.82363691098165,15.81367169974425
0.8594323476552693,13.797247114973905
0.8510048531554205,14.863059806027104
0.8184984889246053,16.083040342208253
0.827816188581767,15.082530580913103
0.8128343761103358,16.970463929966687
0.8336151769146684,15.98164643281681
0.8283061791016819,16.47633556605133
0.8532693713891158,15.993393841103886
0.8460910159544932,12.3527577065051
0.8237452508649482,17.13293915531276
0.8149315116972226,16.901973897313365
0.8421250077921077,14.924250068528437
0.8673141648206082,16.117062248066496
0.8386957713291922,15.456270420829327
0.8501305505757467,15.889021997272247
0.852450651505927,15.663913550838322
0.8087618843433919,17.63691380384593
0.8482709272530705,14.519142406271806
0.8427638036181131,17.537545380689526
0.8331865188634331,17.326860035244717
0.8317822832991709,15.915436767093597
0.8473694989363459,15.903759829261
0.8337535746497168,14.587677728075512
0.8447079470217295,16.46644033016062
0.8409210644930964,17.319894583967425
0.8044467613629959,16.87580849309437
0.8394274039176409,15.796306529675789
0.856199010433644,16.381475901277895
0.8322498154288112,15.739009006833234
0.8437624943590971,14.474685445883312
0.8272601047823444,15.66766247313855
0.8231300204875219,16.669060844346205
0.830531284445248,15.78915146882773
0.8224441772250403,17.026374753542086
0.8269230411476474,16.863306140394194
0.8468271749558552,15.01567304705866
0.8413735885144611,16.76166793818298
0.8499054701000616,17.510345158476593
0.8470117895838124,17.476237350062906
0.8322404586716757,14.44870391794394
0.8561731877950384,15.614393456198199
0.8511994659668128,17.104522196830185
0.842904496316285,16.06288411937749
0.8429152129430727,16.268046468371413
0.8280411355992366,17.737803978545163
0.847387652555985,17.05429511286529
0.8567516582290532,15.894060616562415
0.8316067789604604,15.963806536484697
0.8328216131467832,17.211126095623943
0.8347498532324239,17.38880307662325
0.8579163041772945,15.758121018537862
0.8606502892488379,15.777282372886285
0.8745943984297537,15.784410278667542
0.8340313696771379,15.544579473647117
0.8496303732545503,17.437446508003067
0.8204708120045984,17.410543840868
0.859400170395162,14.925099483624242
0.8288032823772872,17.647656072570626
0.85612273475343,15.235303061143592
0.8363306347534246,16.116677180080256
0.8399583009664973,16.084201534721853
0.8480595812042724,16.50421044147436
0.8389342720112056,16.785840312127743
0.8317854466005717,14.643073414606349
0.8161631576483094,16.135354267844356
0.8275346229524171,15.962240200348404
0.8380379167477359,13.29838181221148
0.832789930275216,12.894381720789264
0.8532397272256057,15.830037335397678
0.8489502410135051,15.994602816717055
0.8636124777573255,16.057689688889575
0.8341423381788364,16.65418548404985
0.8595166846162211,16.30283287714353
0.8362166004910981,17.043480150689906
0.8582030068304695,13.25770385575965
0.8316154410248829,14.876336516597496
0.8607146866823938,14.67253969475342
0.8482562783977309,15.792206524759722
0.8334483511923757,16.18114709112319
0.8275514468971781,17.405311848199073
0.8511199459373099,16.767537528550587
0.8270105128134483,16.508219131374883
0.828647319775492,17.612441416914024
0.8531699684632333,16.02251130455478
0.8237844676457087,15.5578746835939
0.8575145181434737,17.05126137645828
0.8622679415284225,14.44018989510009
0.8374155291922815,17.48562378531948
0.8481058533393325,12.710976832867459
0.837549674711804,16.014184732780592
0.8247553690893806,15.837057873812048
0.8441769799768973,17.15681443573691
0.8668922227570072,15.929049051162407
0.8279694922217468,16.492526511032853
0.8363942027240044,14.641613224945127
0.8212400913260457,15.690694489579363
0.8287123845879987,16.696674441643953
0.8276934129855156,16.391909006556585
0.8203796136772142,12.680906776572641
0.8609264333436357,16.238115925791238
0.8329087800909668,17.70372840178463
0.8325759872676056,17.38305068814093
0.8448504537017884,16.454756262226358
0.8278333331451678,14.04032544096183
0.8300775469271399,16.552722611044718
0.8159865290958961,16.88000616532013
0.833721013650154,17.48380869760775
0.8461483957424613,18.009712480476225
0.8222425452049834,17.568498760815164
0.8470674516478706,16.835441168494903
0.8483155227527207,15.719992948073374
0.8386370241830511,15.222595009524227
0.8472605045178095,16.165902248592555
0.8556524533116533,15.348310302776973
0.8230769594883135,17.80383950212816
0.8105563873873337,17.30968797205328
0.8352898137961043,14.250188829733197
0.8388049201407792,13.973210025072339
0.8359979780064494,16.976234050194122
0.850024912347476,15.134787445834087
0.8274064078215827,14.738976282415209
0.8420599283678264,16.799753141904297
0.8206310386066281,16.291136459605337
0.8468486693558316,16.190917775549277
0.8267708652510618,17.357257634197726
0.8373611321130179,15.250670559391978
0.8671811194485405,15.303515163574865
0.8368938009453921,13.806836255618984
0.8215079983574028,17.787359735109963
0.8313649098202989,14.486047055276194
0.8242007509537778,17.900558512044256
0.8351116460506146,16.692578808780624
0.8349764080767508,16.527676529051647
0.8126712950239345,15.5446223724351
0.8501641368825205,16.404794201668196
0.8352418819986033,15.590547021446048
0.8119076258217844,17.092529706988756
0.8446282917893356,16.84370118882404
0.817549727963499,17.443927947614252
0.8320503981586173,17.392687519097148
0.8504722148650176,16.851312482187854
0.8326843675750192,17.411675982693016
0.8241228129720355,16.317865213139054
0.8417122319463203,16.105671874990072
0.8533634336985007,14.626508626180955
0.8180282869695804,16.172663184387936
0.8140695191278685,17.04382518869529
0.8168737900293838,16.672663123654743
0.8518495741363932,15.922687067229157
0.8640316065284154,12.906512895339825
0.8386018154366681,17.12870874289822
0.8360314090369738,16.703785167854566
0.8401742116798169,16.74398720972427
0.853749788023565,14.986633120752856
0.8252521002676042,16.782964378664897
0.8196103825838899,17.097528899491532
0.8420013287520319,14.912850433191432
0.822901904491807,16.71105946721108
0.8304688104403078,17.01203004070818
0.8433346461151099,17.808898112665617
0.8444654957543737,16.86826207828837
0.8502986660950773,15.397531415717934
0.8577292602561175,16.84235572192232
0.8408693449968782,16.79124730140253
0.8426135735430478,15.14003376774481
0.8195938717848202,16.717975777082806
0.839595002555479,15.819022778396457
0.8386709211696308,14.492850856894469
0.8664995503600221,14.894752947845296
0.842294320436184,16.562744397535592
0.8309704228492502,14.923529582361688
0.8323805305438895,17.022411350609534
0.8363561088724759,16.670310038840746
0.8434586977008579,16.90017710023698
0.8075092341454911,15.935779909599262
0.8525129772943183,15.295699605080356
0.8370931599623893,15.88300614504791
0.828716395465957,16.965081240750035
0.8277469865184676,14.934725494706584
0.8458650275236765,15.677665455304863
0.8319100941390986,16.607736706338795
0.854667149956284,16.001100801880014
0.8521440771853307,15.941263317112194
0.8616165692728024,15.81561713913893
0.8382778562315835,16.220620002611987
0.8318294057722255,15.955359102466309
0.8571368532100374,15.64378194123168
0.8090556794256997,17.28514950412399
0.8221639430851638,16.11377994480936
0.844046656031085,15.504748592417025
0.8292455045389809,15.992015794585603
0.8575147062832795,15.007048027311145
0.8542125624409177,15.270717301103593
0.8373464038807029,15.26515659873332
0.8486833952911707,15.506244481453912
0.861874431316266,14.675217555376342
0.8367221188386916,15.999412057818693
0.8331590573176325,16.060688526323506
0.8305325550474719,17.462670237827826
0.8372922042732133,17.064921233548805
0.8522447259654893,16.2624010861375
0.8414208471402346,14.940545389331817
0.827040923774789,16.512945441226254
0.8536725409829423,16.280879717567423
0.828631253429359,17.83452549665317
0.849103841386108,15.765680861368788
0.8509910661371437,17.084294126783124
0.8417187594069794,14.775932660368605
0.8286814091256458,14.960259097729745
0.8575423536150731,12.337978257170176
0.8260390288563947,15.951984926347402
0.8420119829709897,17.445906104164212
0.8323294787067876,16.412830392225615
0.8218811670446041,16.92783251324877
0.832783644982319,16.213604527767984
0.8353334126621457,15.287366526756001
0.8302079380223747,16.079608068542584
0.846411652500808,16.806130412342537
0.8469048373679211,15.301910860596236
0.8599024958398259,15.12552172318244
0.8703406437754154,15.268068421795247
0.8336373691687636,15.871954254342661
0.8245485016841806,17.303407092858272
0.8593632031985151,15.885424829862863
0.8309524451311834,17.57321923552529
0.8189665457707931,17.775658667487306
0.8523465131841617,16.065408527459585
0.8481224524744643,11.984117478086675
0.8427556887832935,15.982859662056486
0.8538838898262581,16.602022505742074
0.8612828612286751,13.604635010770485
0.8541968119219553,16.513094796722996
0.8308660378041268,16.626662608930012
0.8181609286788002,16.45027564456316
0.8311399739207039,17.508903715284305
0.8574533142291324,15.203218990637483
0.8574382110232063,16.28807697203493
0.8309662939446351,15.864902577258121
0.8093936206116146,17.121324073390003
0.8534159151472586,15.32421527026456
0.8626751830899373,16.348736983351653
0.8459392193953836,17.007346665260638
0.8674493825355247,15.648381368895604
0.8440536941691548,15.750708068139234
0.8302320665862094,17.560057181416763
0.8363792045493009,15.105682205445811
0.8306571262503094,16.350947698786634
0.8287406475191128,16.61472728158448
0.837568837791436,17.500735695862517
0.8146505181760971,13.401935818310244
0.8385307857921248,16.85907732343861
0.8364012889105251,14.19239710964195
0.8285659445443999,16.520211678384083
0.8261733372663981,15.42634361978172
0.8424269735584663,15.60779144006788
0.8447807986154462,16.493806788011373
0.8212771061795617,16.354922197629975
0.8493315931113932,16.196077383078666
0.8654249129435337,17.08674744207629
0.818609765854102,15.98633047902294
0.8326998886253584,16.35753303210406
0.8362446246382736,16.22315084670433
0.8520841610765073,16.463124091174954
0.840236980500193,15.657782237974303
0.829517757888413,17.4419542890806
0.8302769705885743,14.47188842345939
0.8284292381167685,16.082744223700665
0.8223298347747364,16.873663389916192
0.8405782005074465,17.261651352579282
0.8540279238889509,14.714652198710558
0.8508518194892005,16.675120166318383
0.8087926752571363,17.074129170129964
0.8453231901310394,16.119326918871643
0.8403894894024777,15.08574938618991
0.83551037649377,16.76211459315928
0.8283709947252907,14.735326105868493
0.8471271161739774,15.68315947482067
0.838529778789653,16.384194643672725
0.8178959230865047,16.125277747993742
0.8105702637398942,15.547408811235956
0.8453526407696029,15.219930246237439
0.864156600226108,13.688056534620515
0.8225768957470806,17.414488244085565
0.8092531648174742,16.498169171840726
0.8431115188279459,15.0993541543795
0.8453356055813156,13.405439083659905
0.8554711234418435,14.82308645000194
0.8450554817232562,14.941717580863383
0.808891082288198,17.311427989708182
0.8323759516810746,15.61325186597493
0.8574790706446042,15.070134094627162
0.8426425968630923,15.147119100058648
0.8457009575319048,16.845013885789275
0.80314083486016,16.13793512749752
0.8338830787907017,17.31834694773767
0.8446174123012299,15.548391935379696
0.8424128856052512,14.690855035438645
0.8613717607287725,16.00173997006915
0.8321453659988567,15.69754185355045
0.8430545974005051,16.503823093231716
0.8353421702524432,17.279816489233326
0.867285710166431,15.827866782785202
0.835693286890328,16.283016617868245
0.8568499905857584,14.44078592115143
0.8253035098865622,15.726746970330433
0.8333655024303172,16.905960311147343
0.8380850648279371,14.563445889730614
0.8443267326841241,15.375019890639622
0.8341601579061885,15.132564013039904
0.831153913445223,17.292093408491784
0.8537147830731295,16.11156397092633
0.8318635727715956,16.496204968450296
0.8387718448521176,16.81520260152957
0.8575023402146037,15.228417011531585
0.869444031823608,14.188997672904945
0.8254126957277673,15.946458885029465
0.8360200302049292,14.604158663377008
0.8261617671860512,17.284428392855627
0.8240554940647936,16.604705623097505
0.8380008404165206,14.697641947603499
0.8276748365515622,16.041710138230478
0.8374464374020829,16.928437201972837
0.816633309928012,16.721251292238076
0.8473741000912834,16.955091975624246
0.837102556948161,16.69261719839708
0.8213054358186249,15.919759801430354
0.8577401251640842,16.488546559239524
0.841244326290762,17.2785550022848
0.8348586793887097,15.003358623107813
0.8518710657915944,14.656611372102248
0.8178919430709385,17.034894674630795
0.8381092545749942,17.512707572645965
0.8207692242948581,15.47011394096201
0.851460925359037,16.75131088642191
0.834906451170098,16.469574137718507
0.8400993189853323,15.669720005518615
0.8389955009045358,15.991692497826575
0.8472817505611846,16.54963642754457
0.8272636861161518,15.771421130880597
0.8179531662336553,15.427474398784412
0.820708311815063,16.255745602301438
0.8513038540406166,14.688999193680479
0.8208371999583955,15.823543051499705
0.8404147899891817,16.758509233133548
0.8171015581795155,15.617956237893326
0.8552701060399245,15.958991511578473
0.8446402218918148,16.619926156043338
0.8549044642575604,16.675147434857497
0.8274994931492433,14.659722468012978
0.8135398430488543,17.294462881178095
0.8366784220658993,13.148482461862207
0.8490079291634886,15.579302984606892
0.8322480760997738,15.600911238207468
0.8318480458398628,13.911869020656999
0.8269241881610524,16.667389365982384
0.8409411335562567,17.875542525718917
0.8733167525873208,15.7606921628984
0.8365478608714357,17.769070925205565
0.8555397396173213,16.828658460089553
0.8183264850992944,16.37493331902328
0.827443761975843,16.016937879806694
0.8462121100348243,16.838838939338775
0.8328512266884834,16.275887216201955
0.8399445584726445,16.20393026140697
0.8298931409690983,15.39881544799943
0.8417863753839705,14.138865759146876
0.8373021405148827,16.207887850351927
0.8296161225731827,15.071372233791811
0.844659670138805,12.818498631453162
0.8677563813241359,16.124656348819386
0.8573913693900842,15.987803988898925
0.8468371463606686,17.817948770614294
0.8412327939647701,17.30885965068116
0.8463779673234848,16.30208561167623
0.8820963602445149,15.01735785041314
0.8378705203569036,14.545838482514645
0.8382299267608833,15.779685195212538
0.8519029438257489,15.31254290134764
0.8156621922346137,15.636850012942588
0.8138085824149733,15.529002520715709
0.8278483658386553,16.041349013292216
0.8325559787927919,17.201526765660322
0.8368123818698553,17.339973472153677
0.8389322604660893,17.010686315950224
0.8267691362523403,17.608314515230116
0.8582555173405111,16.29410008320261
0.8497048579765005,15.063552066890503
0.8510844302544509,16.233912623755327
0.8178202092673245,16.56748669230335
0.8050674538271186,17.261339078963918
0.8540560534471059,16.774019046488647
0.8215173472851774,17.566807369999903
0.8212013369907316,16.351215099028526
0.8385092641435715,16.295258561431673
0.8382894256630086,15.51888591957502
0.8550419311660252,14.70763821162349
0.8691590518556823,15.149630228984378
0.8160533009562224,16.78145615303838
0.825585099474781,16.159093974336653
0.8294569200738081,16.49285102313779
0.8424844334038891,17.2855667346937
0.8292349131842117,16.451980118466242
0.8190703402744939,16.281593641453757
0.8480069437925021,13.035200680623694
0.8327675203360466,14.313079625590902
0.8364066129809734,17.795014612826296
0.8552223511747625,16.105706778071305
0.8393312709512256,16.37671308244214
0.8291767942717074,15.457487642386738
0.8498383507084374,13.347880277639083
0.8236850587361789,15.119420751340058
0.8378269983948701,16.35930323452558
0.8410277693145347,16.090146591219238
0.8381224179492407,14.433222010743174
0.83119580950956,14.512416583985678
0.8119518757794637,16.951352363406247
0.8653045751622243,13.396723409402346
0.8513500579849932,15.304748184178308
0.8724546763393133,14.592174999004984
0.8265507047728201,17.09835060064812
0.82051482144207,15.167613642353103
0.8371388644991365,15.124838922254176
0.8613198855787503,14.059895555805326
0.8496542611185621,15.970121217894915
0.835905903644202,15.629477169279442
0.8355220036858627,15.667449814392057
0.8280684960989095,16.156330698566325
0.8299292574980432,17.536445553396685
0.8595426373395395,15.273554152046257
0.8225593211597578,16.28670514826778
0.8363085099222157,16.552947127891112
0.8407307488016916,16.9116456588831
0.850496988283266,15.748735547316537
0.8525893435485061,15.804083291482788
0.8417543445360862,16.613236333275832
0.8632353930708841,15.777936183145016
0.8371320948220092,17.40398008231949
0.8730988842525876,15.645304031911694
0.8485298678825205,16.90290266406988
0.8447677598135658,14.811082369815255
0.8344566295832122,17.05349999496686
0.8293843344763469,17.48161241104737
0.8453576595066078,17.107352988509486
0.8413610682233772,17.14590254105575
0.8453473586486532,15.493379615026052
0.834959169079609,15.800322627524295
0.8584996399715643,16.239581314445775
0.8434781195481001,15.856827553012698
0.8341687779714491,12.943063943449824
0.8208353337802219,16.534484497179935
0.8241418906748375,17.08396644405453
0.8346916966488597,17.45711971493749
0.8580655173082373,13.142473423370655
0.8350704084921508,17.526991066034782
0.8425194158864296,16.30490605144961
0.8363045087900335,17.642736392538776
0.8356137281288637,17.267988462093083
0.8263407346241899,15.831202799118579
0.8387713209364738,14.888712212611738
0.8329902251500224,13.987480043117031
0.8603008440639949,15.29829709950532
0.8375067169911316,15.16640159062645
0.8090943183414642,16.74576371718267
0.848046205631436,16.52790490198299
0.8298471688280277,14.862325398567485
0.8541777982917531,14.394207725655244
0.8250451236093649,16.09494375395123
0.8399962236505534,11.771484207581565
0.8416469495513844,14.186150274092846
0.808889877113661,17.17864138701987
0.8382571032078313,13.717616988265652
0.8319943655976966,14.916064148134367
0.8360548541231716,17.167550799926747
0.8341087083436483,15.836028587366249
0.830976290062088,16.48921188372817
0.8519117923043914,16.50852063112493
0.8445214249599453,17.37011424609643
0.8617211043996953,15.089965803162578
0.8267860041327076,17.09924854876544
0.8311282436324308,17.214257636862452
0.840872612067788,15.385242373116315
0.8150123872614791,16.446601745043846
0.8556821067863264,16.440660285950504
0.8413443453376521,16.649970032108104
0.8632525908387856,15.548779301194019
0.8354633849921872,14.206026779295149
0.8266322143739352,17.778409912374357
0.8439961153902916,14.202583345245069
0.8616447726895008,16.414060542446887
0.8543811716274664,16.44186354460256
0.8177028789169084,16.15889696854288
0.8291952928636381,16.162013420129913
0.8576558918196108,13.968900849589351
0.8273455429369244,16.163316229960046
0.8535906414758188,16.881253211575324
0.842051912575181,16.14795780785048
0.8575419582920499,17.052877434756756
0.8413201726779306,16.190054991679954
0.8495232715831674,12.594033524246447
0.8562758017855957,14.711866968091408
0.8598544621317332,16.717766149669536
0.8430756531508634,15.326556776132984
0.8357268997123622,15.911429500460342
0.842098647931067,16.213258222586244
0.8475734611606295,15.69894764675832
0.8611713936984501,15.012461663402597
0.8511475799256095,15.507894971029003
0.8606553473491537,15.619351337846352
0.8217857172086372,15.496007551285926
0.8247627025021808,17.585097109327197
0.8355065045999636,16.805413226605186
0.825310481690936,16.301611978806378
0.8418277118485366,13.860995641442836
0.8504775001915327,15.675734511669313
0.8440461623761929,16.241541754890175
0.8368648524282363,15.822432505457412
0.8319168569535585,15.688629004630863
0.842006324736467,15.883939266366246
0.8668362992456533,14.169677620109399
0.8589403398446431,15.926029592352018
0.8300207747980627,17.07534419479806
0.8308180544931205,17.318709304189877
0.8218329401808742,16.692414058789826
0.8451327834116369,15.11284238966091
0.841476306081538,16.667111970369533
0.8416590772356295,16.593013309412786
0.8328902074379991,15.759130802069436
0.8436656443321309,13.786897651310857
0.8502219442158193,16.38943406675182
0.8133342540558184,17.77303608505284
0.8273522902104561,16.970454402375353
0.8313172605213004,15.899658137134892
0.8482392918784337,16.072706584173442
0.8357889306768441,15.218078875948033
0.8414735149010119,16.53864221531136
0.8234191446917455,16.420442708666204
0.8396033493339082,15.411756985892412
0.8579103233449029,15.706532573423376
0.8493552468480213,16.65797543931899
0.8258415604812127,14.424591539107558
0.8487922243128084,15.571144851816229
0.847088879657908,16.21066570213515
0.8478366322152917,15.125672754681956
0.8377404073556639,11.995643511778527
0.823616562816219,15.937773143718905
0.8495702827516376,16.570149779024423
0.840883840465532,17.076536052620757
0.8582242341122516,14.873739034402762
0.8479517200359127,16.510880569808613
0.8384372390196179,15.42541603704811
0.8273324045983999,17.60366711300402
0.8374991382512391,17.748473539359065
0.8415304507522952,17.20504222282899
0.8484160722195426,15.983244623114368
0.8313343097636735,17.221663949314816
0.8498611822020338,15.160146184506821
0.8384245945588328,16.665938518671812
0.8207048326155667,16.68536699330085
0.8336117788004902,15.548268754644923
0.8661574884891055,14.518128683761098
0.8384362140697815,16.650676556441407
0.8161212103466253,16.71616502087397
0.8317173033199698,15.248560069932127
0.8444089349310788,16.79721401311764
0.8609928522742812,15.769163399502347
0.8445167618163446,15.559092482516457
0.8532621352371574,14.70657061242722
0.8336098966886211,16.050725460314982
0.8336107994967531,16.788730794265245
0.8451910956562063,16.41550949308965
0.8393750395915279,16.47171529524818
0.8291389346961214,17.783816705265863
0.8434531397971746,15.848982006904597
0.8386633138776887,16.125445291880215
0.8683357552081578,12.884064539901871
0.8180131364115218,16.325720787467095
0.8501871817086776,16.060435539820247
0.8405706388149851,17.307508726275696
0.8212240966615093,15.510089041056526
0.8454338583639408,15.807299072922271
0.8444551216507454,15.599400473758465
0.8018284489014863,17.09362129452705
0.8435733059882707,16.362695899524535
0.844363396609106,15.395688403754434
0.8233640837019031,16.748745873659868
0.8500004314342317,14.671839311874981
0.8190612664744608,15.109394333717269
0.8283358999625419,15.66354968018039
0.8679299645240174,14.56766734192846
0.81437339936173,16.55473145371192
0.8276312161765103,16.346093877451793
0.8593372711420205,15.572124780494475
0.8174509785398313,17.566328054682824
0.8269389470273044,15.973571092944638
0.8243049621097144,15.840044339491534
0.8516888601806011,14.434669740177819
0.8567680037880993,15.723963507892654
0.8308077422475021,16.92033307022128
0.8140593552150529,15.358026440104657
0.8567775404157794,15.95518971242427
0.8495969957556367,16.02401562496378
0.8192632283946611,16.174654794391493
0.8720724008099597,14.468116698664673
0.8469701225003413,15.778049952861496
0.8181332071586475,17.229206437393046
0.8819603830027298,15.23138575787822
0.8628098196381592,15.18209337172667
0.8470560620996356,14.886256709270322
0.8271761799761096,16.353097983954115
0.8487385214252322,16.519197084256174
0.8385555170495126,16.509369340881634
0.8160510675724425,16.14591066419683
0.8308886903721494,17.807676592566782
0.8543762822715508,15.464850227649725
0.8239082894950913,16.627239700606548
0.8362019720927472,16.546684369424487
0.8472722228021353,15.22671181822683
0.8305433184313499,15.668786882213459
0.8384540774385493,16.06525177112832
0.8431350769092951,16.22826233889233
0.8497958560375952,15.060495893579636
0.8549690485281,17.281834073814665
0.8303471809996049,17.232330104902232
0.8354454725330681,16.45208260105574
0.8447514112100668,16.312546516579822
0.8545320698745665,17.215476462300895
0.8212897800204474,17.0988647018367
0.8268848391721133,16.564785377354465
0.8257742911547307,16.9391116213548
0.8538034609467088,17.05234514251357
0.8417960321302423,16.693674678273435
0.842347803511021,15.054070314125125
0.8495383584601445,16.243216010932866
0.8585348302538266,14.814359021678982
0.8276793523654407,15.14850810851702
0.839941186290068,16.066575618706057
0.8593338539911364,14.102848359965108
0.8641978961669595,16.68270217644451
0.8462824960225541,15.784916671475592
0.8490898766437608,14.9751150941903
0.851662891227578,14.94159368561698
0.8744579346149166,14.88503879560141
0.8502665980761553,16.014768545326646
0.8270170716884219,17.095007461692763
0.8266979365895363,16.80235264358888
0.8381126863776102,16.851366337310232
0.8118973536243889,15.208315950658438
0.8386784754060344,15.142370583903366
0.8454001152862368,17.566422558177013
0.8350105454336596,17.0730221250483
0.8481212286892149,17.470369267890458
0.8245487088424843,17.215021022010486
0.8391844050835421,15.383601995751969
0.8601685728204145,14.12022914848462
0.8169546112923216,17.276553207190016
0.8243652690145544,16.55554275391967
0.8578545366344307,15.603166270284555
0.8519313684468878,16.962512510470034
0.8288263001928735,14.874745522559357
0.8443453430161904,16.439861812669054
0.8170357392256141,16.15213491225838
0.834066156549321,17.011659597210965
0.8282177148489956,16.6557642897516
0.8311601460819545,13.437812058761322
0.8333069905982825,16.01308352877899
0.8584076576753749,15.296981713207165
0.8231523802959279,16.846591608773924
0.8708074562772041,15.593717748288142
0.8095212330064205,17.328298706934042
0.8258298211375599,16.90129683958748
0.8322821719986323,16.329713906093883
0.8298179521958716,14.950148545263637
0.8324720928354715,16.275914918039735
0.858460012654887,16.149677174605586
0.8601791024182642,15.641856273619661
0.8310577045345915,16.98723679712258
0.8405677660833085,15.624819583241468
0.8379920157137334,16.755857689642482
0.8438998838510144,15.520228334632728
0.8492646726504959,16.546103299772685
0.8395708863562734,17.389772414610203
0.8361400040431243,15.562851242998343
0.8350095544512657,16.51490749135174
0.8419114666865924,16.026764702781243
0.8283094338601266,17.666187604963593
0.8277612599179491,16.931771376772883
0.8321167019684562,15.753430036399417
0.8350641129159379,15.461493034978128
0.844371437790715,15.466194008930984
0.8550510481671617,15.169900281294266
0.8496246003041238,16.01153406946159
0.829907676016644,16.74159483060349
0.8204324303942877,14.492639125157686
0.8331258650656483,16.681280777259992
0.8187872361928615,16.412211830331596
0.8458293796122387,13.179352494755074
0.8560056971516348,16.923394303490053
0.835139002204034,15.013164545601832
0.8629443899063228,15.235155450161734
0.8175750741656312,16.305665908316254
0.8516234968207592,15.54391249695764
0.8580649157121196,15.772824334190751
0.8267291010180499,17.771851036344973
0.8192290849277671,16.323243657339003
0.8520779270507703,16.348326700247146
0.8375438226334296,16.930698159969022
0.8542585877839285,17.06266067619814
0.8477662942809842,16.72428993405563
0.8442777057753531,16.311658143972846
0.8634346422258764,13.511449278036402
0.8128588484549307,17.55144328006718
0.8303687390378386,14.720688275858256
0.8487776338054562,16.099866812829383
0.8520545018013185,15.747630257855283
0.8643218952147563,13.453845653019556
0.8312535381116337,17.336960726597223
0.8563607462981574,15.93958013798291
0.8596482099300742,14.961558518921954
0.8250632717030421,16.368640982053453
0.8408234415878337,17.488662758665907
0.8396302187349107,14.761961008864931
0.8461422456505011,15.86852551784815
0.8564665970764046,15.887399606954759
0.815007700452259,15.929028994192484
0.8327875011221882,16.049283745590543
0.8367601731612421,16.100276121266035
0.843496130895642,16.16715898561572
0.8372135854393178,16.535470680440316
0.8331404077793358,16.03255567093974
0.8448942408958237,14.973439411382065
0.8665271780741408,14.091580290545528
0.8368476479391936,16.49580017309705
0.8412220974847711,16.16814785718768
0.8521257137412183,15.04397903172378
0.8351882505625264,15.295369601573562
0.8602633798202581,16.133872565618187
0.863608129070466,15.829228962374394
0.8501395199730121,17.486150717990245
0.8306422728843547,15.15203345804339
0.8315581501182464,16.898458845720203
0.8490062222082103,16.041023727071032
0.8508294438059208,16.054781411004395
0.8560818694177881,15.615735082876396
0.8110826487896959,17.48520106558608
0.8435373328299228,13.981536625526553
0.8368977086662461,16.228087827055067
0.8578986422667331,16.164339117167803
0.8720689556602604,14.013920204292626
0.8566871892000595,14.695255676111083
0.8451284220942304,15.945164409819077
0.8333598607831881,14.834192991772838
0.86193030271913,16.60517225761607
0.840714903092359,14.475706370829494
0.8361688070809606,15.380574161393127
0.8388366105022329,16.453567515233683
0.8221097097429295,17.03438504837847
0.8322676483020984,16.725367760255107
0.8402295642158512,17.109809690893112
0.8412340745474397,16.85412677916152
0.837466206052663,15.005406473416057
0.8187986879545811,16.730159938205244
0.8470789965561295,14.69088723742481
0.8262913181734627,16.527597682364288
0.8329694076519613,16.913402928384897
0.8407605504382717,14.159356455031483
0.8394207022867213,17.620220595921257
0.8330718415597472,17.131930095344384
0.8266507724378744,15.92946886958614
0.8300787158925446,16.794706934129522
0.8358256763935001,16.462519360673326
0.8319974968984353,16.196970298424876
0.8284017407143462,16.824985344239668
0.8638214348212833,16.02807713917431
0.8531992312659513,16.894876402309897
0.8455947612020899,16.20645524484025
0.8142111504343131,15.75026655885384
0.85651265873825,14.317172180445326
0.8569918035597288,15.830612615576264
0.8514181571447347,15.19821734715775
0.8512246749904269,13.512479242620168
0.8603528821147001,15.119390006269569
0.8385562744961378,16.878909579499993
0.8553691102087887,16.571925156600546
0.8330922466700955,17.766887113173258
0.8076671856009238,17.668340187476883
0.830306941496847,16.90784605105154
0.8389104919639512,14.07806593207698
0.837023122832537,17.597606936590882
0.8343413199797195,15.77644090995431
0.8008234836757927,17.526820651338898
0.8337558116486933,17.23812338531111
0.8381048872482442,16.218361254078193
0.8549788781621684,16.641582449502618
0.8415328913128334,16.299774885218763
0.8395050073433792,15.831894475583987
0.8349821410222469,17.457071055217444
0.8403781205065233,15.558027644809778
0.8235261642038821,16.404012245442512
0.8497785723859707,16.346713527034733
0.8261652176230325,16.594327860675424
0.8413223206247721,14.750540607380636
0.839026742870573,13.84049274551979
0.8202525506582538,17.675576912310074
0.8181720924332415,16.453415324855868
0.8476713021125853,16.807645123372073
0.8598247211480144,16.38541034373448
0.8352837294606701,16.95191513837099
0.8395909153726464,15.867788567506123
0.8450581089435457,16.616185139420065
0.8636639432057146,15.185975891659789
0.8345839828283207,15.427730074986167
0.8538357434766567,14.002214597291612
0.8331626119335106,16.76364644102857
0.8214342305875396,17.705897975334377
0.8330004130616947,17.22348417865452
0.8446982867784717,16.700701593746857
0.8506973354745346,16.490167314855828
0.825473508278233,16.864261531433176
0.841396789453992,16.83320642226289
0.8310766116108453,15.48869835610716
0.8639814598702245,16.11072772601626
0.8558274626593168,15.90611992472497
0.8521405760220909,15.79107224553288
0.838029033658152,16.80816080387058
0.8589950133836534,15.269668484848905
0.8264224929304294,15.05230860088119
0.8330561058092716,16.04689240945905
0.8318665310283326,16.379519587686833
0.8551059384879016,16.131631616474447
0.8556914754305717,13.705119312537477
0.8300867181166661,15.998651621320546
0.8291602369444103,16.760382092040988
0.8572610329532261,15.665579528903677
0.819879642273459,16.56031632559673
0.8323928319604225,17.42982882117876
0.8460407610196312,16.472143193169433
0.8437135409570112,16.43189542674744
0.8238701585152403,15.437384697227765
0.8370375386364413,14.891193166865756
0.8471568737671169,15.499061197459213
0.819135099906882,17.662157821223417
0.8368314167626894,15.660601736703365
0.8326435651895049,16.440641324620156
0.8489749898098982,13.800497900741789
0.8220940919403134,17.241003774933855
0.8271185600955865,16.073061877538095
0.8437701154800986,17.068693789477873
0.8300782605913662,16.450873788922102
0.8618864365095621,15.675600774250276
0.8302164310643386,14.667285666002757
0.8342589121242714,16.41039189586075
0.8222477470378525,16.451190036046263
0.8640025751851329,16.82502136185466
0.8187047700257811,16.369609797627778
0.8696044041359078,13.125546248912327
0.8214015518760939,16.636438216418835
0.84582489235025,15.175472274202194
0.8392154920706645,17.16134713118605
0.849468269269135,16.749502032295396
0.8600987362763814,16.49344160389482
0.8278283337674416,12.889814110733171
0.8668565203681973,15.730774741461822
0.8549530066243795,16.443957386815253
0.8381520126025421,15.736414107773689
0.8447145911239861,16.398572969036962
0.8571581853989666,15.116784907591404
0.8272279342152006,17.032468470440374
0.8361609208973464,11.561735213395218
0.832639412661864,15.819308164708007
0.8507558615656673,15.651948731393212
0.8477110408821115,15.390994853062104
0.854852837362163,16.62927133999714
0.8272702172589268,17.523380538801533
0.8237219929885101,17.664212882650414
0.8506306257576975,15.771058513993125
0.8181855944296457,17.18085971520946
0.8259431113013811,16.356917838481362
0.8099993042517918,17.59520524305009
0.8392737153407461,14.916934721313766
0.8542264587384277,16.94449265568135
0.8122989058882663,17.307927557905163
0.8414213764165895,16.26259277323553
0.8309845619981401,16.127559547494425
0.8481342984273138,15.024837344019623
0.8550888805170862,15.92521546154041
0.8425658441667226,13.506443313532833
0.8479799715428276,14.880847815791599
0.8248495254937898,16.44064847684422
0.8225525079951767,17.119968354821847
0.838983497089238,16.447047511700045
0.852715958426525,16.514443630335958
0.8416501343311403,15.679773830308655
0.8183871594482208,17.449314919697084
0.846246702234175,16.246594359714386
0.8289210883819855,17.826675447013315
0.8432700332585448,16.824408182097446
0.8338329618991643,14.53541252916712
0.8402461434638383,16.862975352296754
0.8504220357114426,10.767016964044991
0.837760952273401,15.174463782279227
0.8324833771541295,15.556749068477354
0.8160915617444364,17.7664826452643
0.8527479846445574,15.660041897400761
0.8250682939882061,16.278014147069165
0.8172413034345206,15.815372187081605
0.8328791005072521,17.340787503301247
0.8363960617989398,15.192809539408485
0.8557215778822949,16.109437927052195
0.8320213225352521,17.761593898735654
0.848413500437179,15.883893353020346
0.8608510687279062,15.840961345754828
0.8561757998521902,16.135406467908094
0.8410569781881199,13.947706434143825
0.8650307684954983,14.532614454590911
0.8351706002571807,16.525626503786487
0.8331097311217385,14.874219281820864
0.835514943575681,15.982877826991144
0.824260298677339,16.934000081473396
0.8138416750722078,17.459603176134642
0.8489078681359601,15.642370236305107
0.8262350566849933,14.917674136628827
0.8182008241982683,17.543775310577114
0.830602065544852,16.083391402788365
0.8567486835350954,17.189838159745925
0.8357957455145762,15.874707790488088
0.8101412664022254,16.563720277438758
0.8268280879884622,14.767837398626583
0.8460682133072845,16.098248597873337
0.8264599015781738,16.6573275756086
0.8372114520904433,17.266563933634718
0.8401268833450857,15.870572645355418
0.8238265068048554,16.199615319638227
0.8337265500860025,15.426336284090077
0.8418107098278532,15.189916652733487
0.8363435049030339,14.370342386662237
0.8246969331031394,16.78743032866697
0.856225618449337,17.081722149789965
0.8279735054643753,17.337089429640358
0.8498713129066903,16.556942153433432
0.8397517060315011,15.804322271184803
0.843782430107013,14.452356204426204
0.8405678129260862,17.251381415887128
0.847848749844823,16.441977188433263
0.8390817897283062,15.43447090160767
0.8216665335831036,15.702166091914277
0.8436086155705906,16.22070998366726
0.8376244919231769,17.47478870945807
0.8401105503277161,16.319713776184543
0.8279637812255244,17.4747232265946
0.8219177011652893,16.27008866142283
0.8053313223161428,17.19772877670827
0.8226166977293939,14.681995909904119
0.851229652406614,16.520882498026015
0.8113024384047886,16.47795200422243
0.852928366425052,16.954904566168782
0.8140825090178704,17.660285164470015
0.8229477533555863,16.455785118106917
0.8393105152910282,15.623838302257374
0.8642738708266281,16.506930824626256
0.834388250184432,14.753754874378046
0.8100739956007811,16.65900322621172
0.8326595939467842,15.673805994071445
0.8342170284277691,15.510927629965778
0.8375884636694794,16.970184571463083
0.8508464962178728,16.70954702894029
0.8414343564951846,16.08614329821478
0.8380870592925697,15.351633852505188
0.8584702448184848,16.529205146049147
0.8501687291395892,15.49771377422122
0.8374399833541674,16.003867568925795
0.8284067048742135,16.18208492347684
0.8306926915793555,16.61278947296582
0.8353339253725743,15.794909014007395
0.8391666330199298,13.761292674924576
0.8555592595492806,15.422165293823463
0.8451359348934698,17.031374178893145
0.8567143208311059,14.362483921249042
0.8493685609025218,15.844260742900133
0.8361049255392775,15.479906746378314
0.8325280596125548,15.987069271991722
0.8076680941619987,16.798715278222755
0.8231716710768983,16.117515025790063
0.8266132259018959,16.037420660477565
0.8312025840355205,16.522433066364872
0.8457907816680659,15.914896466585054
0.848938104911955,16.248303786955443
0.8173169583054363,16.12556787281046
0.8318823329724555,15.837871358806952
0.8122213786988377,17.334023274420108
0.8177136378084598,17.347568644919964
0.8549607401205869,16.33997372864653
0.8470384553776107,15.707960842756366
0.8311765035936479,15.05672887279511
0.8605188517497492,15.422634277275662
0.8174609774885483,17.498913862455428
0.821867456172643,13.65271597516226
0.8334672958685374,16.56253440854888
0.8612817954266981,16.530450989217762
0.8282451641648825,16.542227529876737
0.8423960990319501,15.622483860384394
0.8420330068576877,15.354336133789744
0.8285559608113399,16.63870795577006
0.8412349500291872,17.14581858162126
0.8601255955560655,16.233631578008556
0.8557088403787728,15.03620120158915
0.8773413180377639,15.168407970588044
0.8433198993310588,16.14998813091117
0.8619738498892647,15.342155390607362
0.847229012915367,13.64735619699161
0.8276379944986503,15.427233826737778
0.8351991050435403,17.174251109278817
0.8468114609061145,14.924072920811744
0.8618977362181554,16.518304236546626
0.8248031430758683,15.153277003034674
0.8194328895956563,16.92499902242332
0.8283116882779108,14.627494598331998
0.8307684763570643,16.539706628044335
0.8240681165895172,16.521984844104022
0.8644227035267106,16.34303210027009
0.8209089786940303,16.40448365842697
0.8421981283273837,16.35936985718637
0.8281685375578988,16.206194572797195
0.8369223589049191,16.491017158596318
0.8218862486077992,14.087731269730517
0.8369482891328732,15.649602452559115
0.8221673800355461,17.66156780252374
0.8633366876688964,15.012812782421575
0.8622355079537675,16.45017984930851
0.8299862235073792,15.1536087998921
0.8118776660933976,17.323942611190166
0.849876619883339,15.455684184309687
0.8497165161559813,15.591785399803191
0.8279930298965069,15.959276905732196
0.8346866242832598,17.495755988540527
0.823320362677307,15.9882327750269
0.8443028159638454,16.91811840328702
0.8469309232714587,16.437156919854257
0.8531131937630558,15.40464985523335
0.8362505683937472,16.314121312810332
0.8383439556963365,16.328102770501406
0.845383867641284,15.324601068676204
0.8328986963260592,16.79924804001573
0.8310242908611105,17.298529222679473
0.8732490329597766,14.797857418972105
0.8288400335387918,17.248044627091613
0.8385427025417601,15.385272235172906
0.8328739557808983,15.744019859188576
0.8545174409135662,13.751846042206141
0.8529816232199177,15.316414994124003
0.8580790948546057,16.63127496962721
0.8355344533454322,16.91067399379983
0.839508341926866,15.749778151685803
0.8098964606734218,16.316920243233234
0.8082766340156681,15.696413139217627
0.815586098113946,14.45653486184434
0.867363308386398,16.203467726633974
0.8316635589353069,13.48568977874846
0.8421595593236688,16.507361024218866
0.8278745345924551,17.431965003779073
0.8423216008538345,15.523613429982655
0.8397099435847065,15.410227932907056
0.8378100697271713,17.291282786581913
0.8467287510431833,16.275889939511583
0.8449141475952463,16.569546142813156
0.8546002242786036,15.877309107654723
0.8420542305624409,16.289572397678384
0.8516012516708574,16.014966886995857
0.838601632166435,15.645653839064847
0.836182628269959,16.242075134587136
0.8050517201790145,17.100043092177845
0.8191438869305875,16.411068512710546
0.8285652442208891,16.236003610649657
0.845877873307855,16.688742736955575
0.826549259293758,17.337378629186123
0.85908366051149,16.334807774519703
0.8221335760538766,17.281622441211617
0.8405264411748959,16.49190505982214
0.8400538615458445,15.969566620589623
0.8509895896451728,15.710796813725338
0.8215047964939015,15.436415724071152
0.8227855439184348,16.240862968046994
0.842967115978237,16.023099995941923
0.8178719590729333,16.953150026240422
0.821482762467647,17.199527907334083
0.8201410760674279,15.501347337933757
0.8287075385860163,15.61108585171261
0.8241809818720043,15.67251192864226
0.8363620721168331,16.8707963198445
0.8466169225950472,16.211209590736484
0.8349272989801193,15.149569845822827
0.8418424160581631,15.081867576463575
0.8378128678898619,14.284816580576626
0.8483282160434159,17.05937682480922
0.8299818900718364,16.126667977582965
0.8423325859676334,15.676616543448837
0.8386424863209064,14.191094237167462
0.8360189449491386,14.949470489464417
0.8214442327867286,17.68115475187222
0.8262553084386771,16.13855241338676
0.8397092983119089,15.02234090724933
0.8213575666854845,15.601893957920012
0.8533966685613478,15.268949004984009
0.8357750756002703,15.3930090484164
0.8458509190898944,15.912794857037428
0.825974100728334,15.840953897774346
0.8164462695283744,16.662390500048136
0.8318193391417888,17.1805895405643
0.8523663655492961,15.773429522906058
0.8399862466960536,16.60335298644961
0.8469683018085584,14.554026348968256
0.842575135102614,16.483858394470374
0.8410344175201073,15.04406049617831
0.8225035696581741,16.54904854687992
0.8285084209422487,16.23407196459006
0.841189718827255,17.34493240516316
0.837225699087138,13.23307947948789
0.8484861140603766,16.041386322743183
0.8272795410404988,17.587479308697013
0.8109091754536433,16.927470988528363
0.8433985687218627,16.502232229562065
0.8239796986911102,15.3453052995359
0.8251050416075346,15.925521081193638
0.8140379608983644,17.017243242129382
0.8137507103302606,17.313811200503295
0.8190138104394863,15.468408309091798
0.8308568321583899,15.415125882661046
0.8348979635447549,15.234374953445888
0.8425035776580659,15.752062520709645
0.8432737755089317,16.22209185589435
0.8304738682266227,16.505445133274943
0.8278877555671128,17.13198609364599
0.8699737575179496,16.29545474932772
0.8322904292875458,16.843932251205114
0.8132650577432136,16.8231260184378
0.8369292221848733,17.75412709491627
0.8197219355401718,16.98135914391238
0.8426605967132508,15.18819466106391
0.8537466010826695,17.24825227244568
0.8321443500006128,16.448905386195623
0.8494785166525664,15.935246406132864
0.8706323491160894,14.853022999083366
0.8385014855359213,17.88222470427555
0.8230955578029672,14.255405981807039
0.8168411664678575,17.509782792403506
0.8494167842262601,13.778149011019138
0.8347550925082103,15.94668985497122
0.8461660734386469,16.207488100281186
0.8576292933418377,14.558750753167592
0.843881868771149,17.203271557283315
0.8278968960553983,16.88537647170735
0.8336606194695229,16.98383658419972
0.8363047052511375,16.209941565213814
0.8229704015197791,16.960415782772362
0.8306343721787849,15.863883623531073
0.8370288393867913,16.27888008864765
0.8101813372704877,16.565161117890884
0.8300105536098296,16.17051839056617
0.8231509721533126,17.274178400273474
0.834714716565971,15.833008602234381
0.8261471925550125,17.088748518617955
0.8451641353785014,16.815940504709694
0.8267173013991954,16.204477494650703
0.81372201119615,16.521291867413
0.8489878739345992,17.489109788403503
0.8506388534055604,15.501672389612693
0.835025485619561,16.92298225439382
0.8147934208528574,16.74919684856577
0.8371562402058149,16.83836112388598
0.8249273921693631,15.63436424251377
0.8387395246725586,17.71098365218158
0.8683746040286665,16.174636300709626
0.8327653726583751,16.691070326593316
0.834965536855544,16.249659050015993
0.8360730129297654,16.67516410341714
0.8428759052273649,15.918210802812615
0.8425922378906789,16.16236933707528
0.8386033580450292,16.952201268933678
0.8419464898505793,15.807731486717726
0.8539323450727986,15.470126793724736
0.842895193622629,13.314127694836435
0.8433412236587916,14.611289046151581
0.8311472859110204,15.714815804543065
0.8549626748055941,13.324448577159664
0.8555216343273447,16.187507835086112
0.8372657999199774,14.74772707201418
0.8143203691396742,16.050247598878325
0.8434511846325042,14.65467627068017
0.856395984134854,17.004724740480253
0.8517657932866998,15.347008816722619
0.8331900124892172,16.135375569473606
0.8204441049548543,16.79908228699097
0.8401359511428316,17.393573492357664
0.7967391469377483,17.489517503782682
0.8327079863987187,16.69091985482765
0.8506578543895684,17.336811155022506
0.8548747913728624,16.561929790550977
0.8361440700124927,16.206997111404085
0.8619456849103716,16.513052843971632
0.8304317744594137,15.247536691114218
0.8388566660263709,15.334399263429821
0.8278246117261344,16.78948251070551
0.8357569079988064,17.610965996511194
0.8574169229348026,16.64686590298372
0.8473966481188056,15.06451149977787
0.8333303615239362,15.449313876069352
0.8303801437399652,15.800197304190512
0.8701865326334618,16.06860626753407
0.8305038381301734,16.999293757680928
0.8639946429673439,16.034999096008395
0.8330093478640014,16.026988236982685
0.8649566728149148,15.749021723081848
0.8317362960623034,17.559748536463058
0.8459740975056892,15.731037205137376
0.828437507033195,16.17622414657868
0.819213612634592,17.02717113064536
0.8220413054269029,15.799375867188873
0.8438502593390722,17.41493661876939
0.8558566435890421,15.401281188166145
0.83618451381931,14.746391704193613
0.8283150971696841,16.12097117338366
0.8302921808414028,17.115311649535915
0.8509649169680588,15.836754965258907
0.8529020472538376,16.166174472063283
0.845968667609112,16.293666388664153
0.8312752122459267,14.720813744963735
0.8261459012951958,17.776631106383032
0.841050332406151,17.229006419954008
0.8157920670126995,16.821299644311804
0.8601594761722507,16.012993221567996
0.8201159512716831,16.176242233976016
0.8354548376574081,16.808767993950045
0.8491165801055834,16.48877137195008
0.8224336221496955,15.75612613946762
0.8135908709730669,16.632602563159708
0.821128874096971,16.92117078886048
0.8624821034613447,16.744851784990484
0.8296505015385854,16.566002787016703
0.8533032377910456,17.29786117943903
0.8379447493882847,15.72074659220346
0.844287609417468,14.84106379939258
0.8186719290890294,16.227265623844414
0.8335676247131919,16.133709893584555
0.8549862627490694,15.818923131122057
0.8190925603585675,14.778055350530684
0.8350178640383508,17.326881591810928
0.8268942582586319,14.7035157053966
0.8373875375919702,15.354435735769696
0.843270703824207,15.833092073089986
0.8387720450084387,16.71139513920299
0.835201527687675,15.352488224253763
0.8323012234092446,16.80784694174283
0.8348600370347045,16.87950736784126
0.8483064496364121,16.210037971625088
0.8307322143376714,15.984714663555318
0.8391027092514425,15.685248505308062
0.8588143727713967,16.522448547662986
0.820890483853884,17.304068129890222
0.8526917774042251,17.29060875818935
0.8427226099678905,16.628689831489517
0.8621769139965606,15.852103566301523
0.8334524914877247,17.341744891291544
0.832571425169446,16.702144000734034
0.8185473447386981,17.69801486785428
0.8484554445828753,16.36155130631789
0.8380436500152527,15.736621613482825
0.8611402045404247,16.861496866429608
0.8499820420644956,15.374252368619928
0.8363751742827142,14.736378756619926
0.8472043590012838,15.911290105523024
0.8297843818949545,16.34996401186073
0.8298139338565358,16.564819098197223
0.8535816028761678,13.508846199674236
0.82539201689895,15.920505320446301
0.8381406566511093,16.005098701078232
0.8487346403043478,16.722372030303063
0.8275493530282748,16.841930754658396
0.848780448265923,15.440789575635343
0.856206300753673,17.187202131356198
0.8459762134775085,16.67239640857536
0.83196737828643,16.213905548343707
0.8402394671894102,15.62487873696138
0.84931917954081,17.5254921615038
0.8397164465655983,15.3005262205782
0.8439255168137753,16.95859552512375
0.8378722426582281,14.288765075608856
0.865677199815193,14.991481880504535
0.8367248975474629,17.118606079803033
0.8265763744479059,15.779925509527322
0.8460879848021499,16.702654616782425
0.841914458895385,14.02554184992963
0.8487628906433603,15.082332071332738
0.8340643023778912,16.02663251670337
0.8413465407577537,16.946812232997065
0.8344409686428286,13.136920339372253
0.8381663148621087,16.606275652801035
0.8463243532932401,16.188006190666865
0.827918465981142,14.853684632285846
0.8430520121521597,16.98178841646585
0.855142559994273,14.923292551550036
0.8429930843895218,15.42761704929857
0.8541659234842977,16.3067675559023
0.8357384165968126,15.858766629609633
0.8624280891958133,16.23066971446568
0.8344569972306535,16.290257407948925
0.8058253621565433,17.370029049700097
0.8221527084096696,16.85671892847667
0.8306208574864239,17.475519105851827
0.8516496119943705,14.482848494411078
0.8500131278829092,15.872995209062596
0.8335399221460285,17.360321590770862
0.8513459725682679,14.959470023944855
0.8373811792302948,17.331696952802833
0.8146530407475444,17.36269470603659
0.8421978354833062,14.160055374701011
0.8689165516017013,11.658682397912786
0.8383655630743325,16.76932714900664
0.8649946144213883,12.779802333416578
0.8208999044582511,17.084052817099344
0.8267932561331349,15.272309710781185
0.8229273917926935,15.253451176008204
0.843822556645082,15.887193187630741
0.8550384162066026,15.933910133618738
0.8366165375498209,16.40211704682638
0.8595501872335821,15.264884114524301
0.8470551817180412,15.256922006182597
0.8584084415700327,14.81981224960421
0.8502711020669117,16.10929918094514
0.8284606852385111,16.291047606603303
0.8433359338758275,14.478079579716935
0.8549367894004002,16.287643623949226
0.8434508169582284,16.749522707683518
0.8353744444806074,17.067165513358912
0.854828545684578,15.001741163782933
0.8398000747150659,15.27965473064304
0.8367470698321476,14.593791477662059
0.8309964007706719,17.017477556269466
0.8409961413244922,16.44713521546358
0.843021579885426,15.180144482246101
0.8375800042378562,17.65929093352307
0.8475246806553361,17.10569928683636
0.836940672585441,16.7265894503381
0.8191011763818065,16.539164270608858
0.8207678387214664,17.582898570430082
0.8471610633286125,15.728499962789764
0.8150060564666356,17.108615993182372
0.8519489113374138,16.812074516210824
0.852870368904833,16.719106415524546
0.834712971327642,17.227359755197774
0.8445674759677,14.562179631251496
0.8570678566466571,15.977197098806437
0.861861263734715,15.146887421073428
0.8535206069025997,15.717849706044056
0.8225065385455873,16.2778306875123
0.8329911531150498,16.676278824072643
0.8566747405728207,15.999258578247781
0.8191317276352609,13.821547980978698
0.8146824628764358,14.584974100987267
0.8229190805320522,15.75833540874895
0.8287686147105878,17.443757943438545
0.8499895094610542,15.560516388403407
0.8514623031206137,13.278451036087972
0.8431614474481277,16.951787464894434
0.8273331774087204,16.970194412855793
0.8465192730459883,15.659862279819377
0.8632694052928435,16.351426928034723
0.8535330815609409,15.53551044294607
0.8215646112326364,15.257452476485689
0.8445106241704559,16.03066998552036
0.8439311465353573,16.40745824439297
0.824082606904935,16.479203235521283
0.8353584445983907,15.004760608569276
0.8225930449712111,17.12652025854138
0.8470685643594985,16.232723384321705
0.8443945516715265,14.282983528488876
0.8184247428068762,16.90737461312319
0.8271432947437191,15.520686185740734
0.870957095033123,13.741425982154515
0.8315375467970308,15.776090796927932
0.852177642552936,16.84025152255509
0.8348537070719972,15.328973750714127
0.8258427510518911,16.71588319942804
0.8353583207985221,16.74372970549557
0.8354028931281894,15.246148570830202
0.8373797340359171,16.558121697599777
0.8471211357117991,16.985971555932576
0.8360897284193021,13.893234317891702
0.8648579381631581,15.657194846199047
0.843305613175823,16.147967514004076
0.8584800404940939,15.80350399555166
0.8145414414990171,16.97308288943358
0.8374220342452553,15.105991684971025
0.823368114353218,14.9144830493588
0.8240222994593575,16.2056421444541
0.8529336678828678,15.77419472250592
0.8237970991788856,16.783633373913204
0.8243078783232042,17.30489293466564
0.8444949741445477,16.74174221969185
0.8366953275342209,14.505617412857816
0.8293321230860892,15.866295584945156
0.8557850344305687,15.627143901587447
0.8369162751403211,17.111066515405444
0.8367712220409436,16.085503089970477
0.8340740279532343,16.95589315006225
0.8776286113760441,15.442851161171347
0.8275226509335837,15.685702678369864
0.8157869521422355,16.187657376415164
0.8051538141564608,15.839880591788036
0.8277678360523031,16.263284846958516
0.805966595904719,17.274006682053756
0.8432535410172322,14.960131426785964
0.8519051725534648,16.514794004521544
0.8514312141865942,14.324014956792718
0.8249757316846589,15.95681812617825
0.8431054522532336,15.85681558930152
0.8490800418753075,16.974940157091424
0.8596936722034174,16.117763495401814
0.8592601366870604,16.096701761651776
0.8450712958773612,16.23908835432854
0.8568299635756097,16.373059014580463
0.8332456055978762,16.063800313645892
0.8362903565158136,16.685962985897763
0.8319721022054055,13.069829400206126
0.814894262096605,17.23756049093829
0.8408399733121233,16.400241093508455
0.852117792381312,15.981388195116798
0.8535537109425869,15.816342583881287
0.8485052973598789,17.42692289718767
0.8417960966320068,15.121640834237128
0.8469537021900425,17.267333423998377
0.8380172596351808,17.846495110270727
0.8742033634562585,15.792888146050194
0.8203368339794221,16.854503829485505
0.8259517055471995,17.45043023337338
0.8492164495969496,17.253399868377574
0.8378155319333239,16.467681859624506
0.8485684143680756,16.805776135531435
0.8196611476196214,14.599091746188991
0.8507487215001058,15.011164791039937
0.840067896066888,14.96497938206776
0.8249320409277857,16.815244652974005
0.8523535589099315,15.674963026337233
0.8113184603072486,17.37878728877269
0.8310662331601867,16.1770419760943
0.830443027501181,16.81522481870627
0.8575956559228409,15.101508031278785
0.8321448281332521,16.242913043790043
0.8246700491803876,16.533430484269406
0.8190531815984099,15.85419168121471
0.8248466113663359,16.244635867784485
0.8340182691174088,16.796091825948945
0.81715309724461,17.772169915311334
0.8218705894741799,17.36202989843577
0.8327461466991523,16.50743786940056
0.8164698540950769,17.316769211921862
0.8179069615432298,16.923463198900468
0.8441743118063615,15.239207023014943
0.8642097494840507,15.566877643085002
0.84324316554946,15.968087637444805
0.8414033012786345,16.85322070914338
0.842588501679639,16.913130651034244
0.8197915380023031,17.55830051148316
0.8493328836121409,15.52577432318636
0.8326436502845561,17.59216029837259
0.8376243490680397,17.28255181169433
0.8337495503654142,15.209108759514606
0.8507677519456242,15.870493466161895
0.8471638729058423,16.354080056006765
0.8584892778093156,16.668048495249234
0.8411180504550729,16.427159802614614
0.8512936926599712,15.833286575181546
0.8539898347665936,16.90091121539024
0.8621046985513455,15.477628322115136
0.843921820408685,16.278449700407645
0.8116319481307257,16.05668154256744
0.8636408912253136,15.348019265693305
0.8628061543582155,16.273490289298977
0.8246951974575669,16.1323602794259
0.8216841930886488,16.163563909469982
0.8613603791345034,13.70159250564744
0.8288435292927661,15.724878261846783
0.8472513403106046,14.647077962203658
0.8312310882655037,17.02183002219174
0.8087159297543409,16.768193456202876
0.8385421186478701,15.118716800340122
0.844563587251186,16.547931608530646
0.8496388262649169,14.851424075372712
0.8087035822876841,16.904539573873624
0.8443033594893126,15.782014072995075
0.8489983762460772,15.791534738496763
0.8264176934115547,17.00606759483021
0.8453640377407146,16.355303004914425
0.8497676842280786,12.8273783627261
0.8418631390152455,15.655804533334747
0.8618237274446422,15.539338953115509
0.8256903659968154,14.742669980567655
0.8563228440788507,16.03245807915966
0.8579123971168925,16.1156008224516
0.8562035681019099,15.842500016576764
0.8354220941655752,16.709753501402933
0.844191066058078,14.336324813055485
0.8584141977695431,15.594497905275682
0.8368860287240355,15.80714463117508
0.8348086051572019,14.627730391886486
0.8272818214733055,14.832752967751938
0.8379276346140646,15.517192689450132
0.8528437644738601,15.61741857922204
0.8489226378112952,17.097106111179354
0.827644421128341,16.745407586467042
0.8470921753576287,17.29305925324617
0.799829924158098,17.524660610766336
0.8537790666802975,15.856262991290528
0.831242869014127,15.752408045693905
0.8173358233923483,16.390957857815746
0.841853275766797,15.231638657833244
0.8444497617138857,15.794625019832443
0.8243858235191014,17.0255705893699
0.8406796949227914,16.637724053872528
0.8483942048669174,16.22780309490031
0.8205857182383757,16.594760261496926
0.8059790422852435,17.440240323809387
0.8349217524833937,16.601228303053635
0.8142434588613492,15.568820745878648
0.8309560517219601,16.992022863183774
0.8530060138335269,15.803119788141787
0.8316033293856351,17.55111611568226
0.8601508589187074,14.902439768099526
0.837346777240272,17.444801124139673
0.825492848764597,15.789115475164072
0.8485028672217269,15.021019897843715
0.838008357284355,15.043848374466569
0.8372019131065263,16.10768674853512
0.8553523680474565,16.035461096434926
0.8116454753919647,17.259426991468168
0.8619329432818668,16.862224108138722
0.8413185326558664,15.562837754690058
0.8350744672408356,17.29533014616506
0.8591814239669574,15.269831544734167
0.8404537735567214,16.731700980257894
0.8494094312465316,15.824540982097878
0.8351396403287752,14.875185468613578
0.8491314834344131,15.008222138643847
0.8668109665669991,16.38495017356445
0.8028495233631935,17.26774465125776
0.8528117721422497,16.760575119795686
0.812585940962571,17.01008436729512
0.8389500153935087,14.633463423832351
0.8289050962218779,16.726780640930034
0.8206246136295036,15.20572995596247
0.82156432596805,17.058638445082284
0.8341491672187596,17.689463352992338
0.8210205045275577,16.582296289697123
0.8554634113263981,14.161899745715933
0.8554021254726858,15.36366042698944
0.8247144239501777,15.316183444501888
0.8423525012706549,16.819198403158875
0.8498430169259547,16.27604244636628
0.8196532571833818,16.91494271729881
0.8293294758848853,16.330271952838913
0.846129439383091,16.191092527211406
0.8387600544733669,15.712623761693854
0.8168130065968494,16.973590223828726
0.8586863579433848,14.503771847990881
0.8519113821989278,15.565515193964435
0.8167694407319138,16.581979616869447
0.8203761274407363,16.684296043775838
0.8553278272393262,15.941160545436722
0.8251055766185537,17.18887483768324
0.8132890890971933,16.929105049241624
0.8465247193265942,16.686327981254326
0.847215880614112,17.17352157235538
0.8358006388064622,16.943545093419846
0.8552861662224699,16.11640405491357
0.8417434511916378,15.400836971742743
0.8083985353052953,17.60654740454522
0.8482652387231876,16.291139067885002
0.8680178404337854,16.55914887670617
0.8511347602303577,15.177097708325322
0.8730352871882125,14.687724323246862
0.8487351854689389,16.10046534093007
0.8490609031988582,14.908934469240185
0.8254216185749313,14.666114376202065
0.844035956034691,16.093175214241587
0.8232585355442015,15.483470982110646
0.8282476974824956,16.58221412674987
0.8441575730523598,16.119407844772685
0.845303233006328,15.810141401810464
0.8388231147322444,16.322683949870825
0.8453694853344115,17.066070797782864
0.8405361348343225,15.178237172183799
0.8198859014328823,15.110619827031934
0.8300219149694371,16.81944098631936
0.8296951438124281,16.772416894490455
0.8052467266522694,17.57585500613935
0.8489691832008205,16.834467663551614
0.8521002127848952,16.277863688897934
0.8513160578893997,12.045344248664568
0.8405304879824413,16.279090917537328
0.829972241709409,16.16560636668084
0.8359777474172542,15.703107442192872
0.8505564050844684,16.348026801481492
0.8377063493889513,15.650016017563276
0.8231960916677478,16.46166914022571
0.8614596712869059,15.362403955254385
0.8335422549827854,16.966528362168965
0.850729754505337,16.343351455811334
0.8369010489168401,16.522599416750097
0.8802556763760188,14.406575531135303
0.8561039712971708,16.786110871167022
0.828128311161818,15.704681934362766
0.8309367342121559,16.053906859829542
0.842098360716999,15.565543663612592
0.8265693037734261,14.442083623243926
0.8146444930433686,17.15731693872683
0.8610346536663439,16.024725877969946
0.8244434209247146,17.31184659873931
0.8399341296616402,17.15329597534233
0.8401913458675176,17.160906547818428
0.8577866725475617,14.871864021403027
0.8210101943832497,15.990493647285897
0.8646506875094951,16.726485275867496
0.8451758615876624,15.911401014458704
0.8309868226440432,17.226353547613652
0.8321886361810602,17.143690041934956
0.8324027351601089,16.559718132423146
0.8565133678138089,16.430289707796536
0.8321559970048528,13.560390618029254
0.8435116902641256,16.116663136068052
0.8333493806552562,16.67097841489603
0.8566436715771246,16.331564390312113
0.8406779823037023,14.019529546636148
0.8187982890623536,16.09544740881617
0.8608862614558337,14.72804273517599
0.8627601136311543,13.379441141298768
0.8308992525935185,17.66365427101933
0.8768950939716352,13.3327933657745
0.8488062576483748,16.152376891521772
0.8307871805776973,15.58092700874708
0.873453773923193,14.751984410203065
0.8449504095098993,17.049771804552183
0.8556317233893106,15.632701081522542
0.8467033578220783,15.99373331425919
0.8284935222292592,14.940998738260285
0.8164219575413276,15.432643949783959
0.8406212898502722,16.140412183894874
0.8502455889082358,16.345029901047976
0.8606370502924272,11.018119577766667
0.837626455096714,15.231997270552172
0.8439120467627633,14.639811943917437
0.8159865733540208,17.15574130972492
0.8460747956247362,17.402029469718773
0.8061361448734243,17.438490278191363
0.8381170621133913,14.317471829492021
0.8582928709242975,16.31658918581733
0.8362386486347259,15.400285245373178
0.8465902976645624,16.51663883864128
0.8227089695145291,16.94159491470987
0.8308917293890007,17.016610432619895
0.8393903501201545,14.049610340001479
0.8599223329494525,14.222855750653123
0.8580373476805899,16.7027802646052
0.8663589148197915,16.382539666068116
0.8670831284043601,14.588265123635418
0.811852034089763,16.709020279746966
0.8360286240096652,15.799811151439982
0.8347208348113013,17.170844524074397
0.8196041761804352,15.511011679228107
0.8509698215999103,16.597035360883847
0.8353585121967407,17.213104107628705
0.8227584142257691,15.862940905323498
0.8500176580914435,16.184160930437347
0.8474645771587542,17.155300561737256
0.8173645114555534,17.296537944240864
0.8312516824878422,14.088107836396615
0.822514526939758,17.22849841854981
0.8248198953367017,17.02192647521359
0.8436650196871884,16.069761593174093
0.8394347788549416,16.883303111401347
0.8379922144811564,15.749690511828538
0.8302304901000256,16.99263480403447
0.8133185422012014,17.39597456131795
0.8416036201780424,16.28980490750834
0.8725781569099501,14.518816730359532
0.8495555090345591,15.452504306056708
0.8359416483932294,17.514091587932896
0.8445625777338894,15.562701021968806
0.8330737850492773,16.629708656502924
0.845949582614485,16.621899748401713
0.8238530143705459,16.544852168458444
0.821394304498091,16.14258795219788
0.8272798439576822,16.932514026531997
0.836411752176807,15.678769025515676
0.8280724722944336,17.596062694000363
0.8372343011594658,15.708089111217236
0.8465306385598953,16.319952277280475
0.8633863497262447,14.867921807313053
0.8169089269642767,15.94893653444438
0.8235894790144016,15.56637598767997
0.8585675530374216,14.857612219284492
0.8307561317480078,13.857389396932193
0.8312121677460658,17.38845064801964
0.8483275160837692,17.203878110745205
0.8803049765291214,14.709527961350426
0.835252236189313,15.47601830788492
0.8275147648583777,16.910351638614113
0.8476873772565038,16.744497506826576
0.8189909119317534,16.504243101887614
0.8431082550286209,14.514841019269156
0.8225979058678353,15.029678733718029
0.8265953963277283,17.0145709076152
0.8230400867581714,15.106596169719436
0.8356705099863024,16.363504581959937
0.8403780317637507,14.807003473153017
0.8640122615718245,16.321375759489964
0.821386442586859,15.155092694025228
0.84485491722429,16.160754416554095
0.8434933223761991,16.52838910381355
0.8159924038101467,16.941509455687576
0.8428572614201862,16.942482953446724
0.8447888606590265,15.167682508543288
0.8432216093176681,16.250480008310358
0.8285558217531684,16.748889175615577
0.8273735727258895,17.15986446570787
0.8476661713307574,15.24189905909443
0.8407710986950492,15.747699627239266
0.8509171668953887,16.897451087113083
0.8382183011297535,16.648946581126634
0.815022263508645,16.370525747529225
0.8157216081176198,17.34065555906917
0.8485779598120122,17.274861664818314
0.8246417886033354,17.547284215079397
0.8445031048106918,16.089276025244388
0.8454895018110946,15.410621172215064
0.8449539530799565,16.241486053517
0.8559099464686654,14.942859522788154
0.8282510560098002,17.28888617018546
0.8307323657930884,14.303648773788803
0.854527268996092,14.90083962935249
0.8470673233848823,14.178448901868647
0.8579188586213556,16.64350582668937
0.8464941154949006,16.87103260373267
0.8411317252659165,16.233578974203255
0.8457596231196112,17.47489523655758
0.8450161876376598,15.227251288071031
0.8379178838494784,16.536778826191078
0.8337419754914529,16.901494557782232
0.8250015436835604,17.607742200226525
0.8394018792564202,16.710910623146997
0.8401863237741027,14.449422538852238
0.8198259482302764,15.603301229182547
0.8257782368782348,16.5738793314498
0.8643185591297354,16.819429098583537
0.8301486860319853,14.268948481457777
0.8533333385789063,15.84310061824908
0.833739689309018,16.596175531485034
0.8222918391808484,16.711977670422332
0.862797626979093,15.750177945150378
0.8482284173182251,15.410968999928928
0.8382435895558675,17.55722074334041
0.8575204521632624,15.546811683754122
0.8505542686385561,16.3709401554722
0.8260992822394813,16.56425742826788
0.8390813537184639,14.529109300630523
0.8404838083553686,15.763325276293964
0.827269744588647,16.751458314386433
0.8362230918756569,16.81207433693748
0.836293178454358,14.08252205438392
0.832350333630674,16.12614970951839
0.8543285144353314,16.037367102564463
0.8345772745426077,16.56490856487929
0.825510364801506,16.867597684650935
0.831344692687526,13.969303472578764
0.8456117523279759,14.686533728989827
0.8543715467894567,15.543077920514213
0.8449663805578588,14.15015977756309
0.8362657442078345,17.249326383774143
0.8474124324693458,17.698922090505445
0.833259034733914,15.973187648269308
0.8379025043934472,16.15991659466146
0.8095259399465974,16.328101267499427
0.8401419848397911,17.113804908346026
0.8203261184674919,16.20620174566669
0.8177523727220718,17.5064268894206
0.8702470587908815,13.199407436330958
0.831087580462098,15.893651011009416
0.8092346855951171,16.941314521237068
0.8232370766617657,17.254860364104925
0.8301996781275673,17.662314680047047
0.8432681221260777,16.6059861177242
0.8294305175904829,16.022798703414114
0.844435525795033,13.09354050063615
0.835946160927203,15.075917156376084
0.8478700060721639,12.380797628348121
0.8626042391337704,17.699696741590557
0.8430647126718718,14.405819806225901
0.8139939107729504,16.74142078767824
0.8474632994837895,16.08438297536051
0.8483497616333687,13.763788291963055
0.8204293259955336,17.557701093493332
0.8449987058683056,16.783336231282753
0.8447405998884999,12.671557542621583
0.850307586213769,16.160418843247733
0.854571057627065,15.036947179459498
0.822181436304426,16.08319177524805
0.8358818677084628,14.15800797863112
0.8520345835174313,16.835938447847422
0.8608381535043708,16.199615178548637
0.8464502121958654,16.426614086635478
0.8396573022573267,17.43633621303748
0.844112014591432,15.739908111340453
0.8301671198215708,16.603605612787184
0.837421105519638,17.289805261851455
0.8593749211263783,16.990952399723277
0.8187497035164554,16.648361554793635
0.8256213030172517,16.88345058058162
0.841644011074343,16.857867238376894
0.8099313506671802,17.67792711278088
0.8676578707034119,14.684486057996258
0.8243429178171402,16.42894279444087
0.8412713249830809,15.839825818476086
0.8491997205716073,16.085455476828162
0.843131735174941,16.344271310318252
0.8378013060696078,15.910832873650001
0.8172366206857786,15.990180630512777
0.8587129991941113,12.466390833331188
0.8400662007524716,16.095178100496017
0.8264391436518067,16.935378438858574
0.8138156400261755,16.333569062620914
0.8349919758659646,15.201692778936822
0.8583372746099757,14.043092765363115
0.8627255573947238,13.290158970675513
0.826300473904908,17.894056621676164
0.8365555974798631,14.76843341904648
0.8353779262136891,16.7656495139025
0.8359699242316863,17.92765188733818
0.8450133269501213,15.765695078942414
0.8256896523544538,16.04152114633359
0.8303640037610981,14.604830801073975
0.8389466350986998,17.227201015622043
0.8589954438730626,16.590697896010393
0.8545061586622894,16.61166254754189
0.843844580231,17.2534879753233
0.8311820746956787,16.70170374690225
0.8265025782685074,15.64063222721336
0.8310224392560968,15.506918087271885
0.8468599694941022,16.46925943329597
0.8527513192782842,14.577701708635887
0.849972336909611,17.317742747301224
0.8408261874715094,16.02492095499192
0.8635600429004385,16.98233027975004
0.842662550118832,16.005696441922115
0.8150730578190556,16.42258368210116
0.8241521594056506,15.293949770290057
0.8414506997781652,15.62546815267774
0.8287176732909515,16.351816327240087
0.8762178314334204,15.616027673528393
0.8215385396863856,16.98649449158204
0.8459682653969295,15.846683214159514
0.8118144411059522,17.572048772192048
0.8420692439856065,16.927883907327896
0.8385098183535526,17.600344865754824
0.8643197557585206,15.331461545257048
0.8405134563743214,15.829987013963526
0.8623411081195766,16.051003127603547
0.8446437675588575,15.803914019801033
0.8546014935117442,13.721961642716535
0.8387481352011313,16.641350424867934
0.8376641603824581,15.838762096828278
0.8319192165276408,15.190035630032087
0.8616247304776898,16.150402147170038
0.8369684198236604,16.712081616807346
0.8603464079566732,15.99584570560036
0.8427395414248258,16.24645344432853
0.8475641441070008,11.690387533002093
0.8438981857649573,15.805128106050384
0.8424794798235559,17.574075411582438
0.8459854093840228,16.42281689355994
0.8516275913759999,16.603593443985144
0.8437574686105798,16.441490087072193
0.8433816998100822,16.473858709719185
0.827830198008371,17.108611666191234
0.8418086217037827,16.047465903973954
0.8633607499739867,14.791152726250752
0.8263347147715089,15.614659036299782
0.8354782426864226,14.545461337753286
0.8598104986872515,15.905737793740569
0.8242586252040504,12.414740321631148
0.8500816319274818,16.444662630924693
0.8286634937127296,16.25492968872207
0.8334947338445285,15.024165011771428
0.8418956446335902,14.119843820169017
0.8307080982484346,17.621991357213776
0.8411022347179,15.704787494085226
0.8165989078476573,17.239224820999606
0.8360534220100894,15.115120723197057
0.8569920057717687,14.454783199508801
0.8417601335546888,16.18019458793281
0.8387082090881027,14.94831853735532
0.8264099402924087,17.568678384519433
0.8309026144434656,15.537420492113242
0.8375094989586188,15.1523204448736
0.8347508893613363,16.029303224632077
0.8474843400753591,15.777724118827777
0.8397520054082507,13.799179157753661
0.8374456376637713,16.20468451535173
0.8305787949019239,17.526094731740546
0.8272065782337382,17.614562087237235
0.8616663542328817,15.223207140567295
0.8119707999601058,16.741138581778987
0.8267598938556718,15.417833891969693
0.8282059455180923,17.21085638695619
0.862589205021029,14.626183680139698
0.8536238552610153,15.474023093359547
0.8488114534822211,14.230206847783855
0.8282624269622622,17.02295904174619
0.8446773784912551,15.134776508641584
0.8576349200433314,16.146659439521066
0.8257097807342887,16.269770180405033
0.8328205516219546,15.764058912518655
0.8422193220301085,15.963295886799564
0.8343795895781939,16.96305144966462
0.8144799888618345,17.04004261377833
0.854070428023292,16.923700870589798
0.8322256444487018,17.214572558016684
0.8190534060613589,17.2452968240276
0.8596122511978675,14.424561733001056
0.8388930277659749,15.83726786874747
0.8154245636166327,17.043755047789755
0.8279731726838676,16.555610636269495
0.8425776745370103,17.176367486479574
0.8395985994700707,17.549771471540637
0.8138749602080585,16.790008683905892
0.8489864366331462,16.83061084860547
0.8312495905916929,16.258648504489116
0.8422965337107726,16.424682797143053
0.8553145856206728,15.793114481942226
0.8447330946235407,15.725080539617972
0.8512150309322793,17.310868906869967
0.8542337043437813,16.79056669622439
0.8394218437104531,15.202499378598992
0.8250494519919965,16.77053466035068
0.8331799958131633,15.029254907423256
0.8567165828737,16.706549448095984
0.8558827073539229,16.019854464822583
0.8405678721929041,15.498563837324872
0.822730811859388,16.738696756381938
0.8407891579816397,16.97389557428277
0.8282768308155354,14.55847759864915
0.8417438505705658,16.844484850529124
0.8232354688106382,17.248852439602874
0.8442588946518853,15.752356568554452
0.8464457191836864,16.87563880751122
0.8562377692084903,16.02693748036128
0.8210398492795467,17.36602199278047
0.8336819787625439,15.989787122136415
0.8448271194627462,12.870762685831854
0.8434598500472115,15.939362316859713
0.816304321450782,16.245655081842635
0.8344338282739572,16.51012059629534
0.8316032437645294,15.822999439621166
0.8297063256908612,16.340284236810287
0.8542318932640565,15.74506911499733
0.835706200693814,16.205247108757742
0.8335504211397522,15.32854828355474
0.841682932684185,15.796359439319998
0.8300481228432028,16.94066847369691
0.8514502289079783,14.03654704268103
0.8215071466141574,16.8009019436258
0.8410970686480717,14.6580517269619
0.8242553871315524,15.791309111050245
0.8474419203280154,16.82950695886296
0.8387623218122746,17.241268988383478
0.8660753763396046,15.782428132345117
0.8128393109044053,17.147921502335993
0.8376966029076804,16.41781890669242
0.8532286634261487,16.450893264082186
0.8555175888565575,14.772508080926313
0.8194815181351839,15.799442622721637
0.8592641494296903,13.710914248986846
0.8488236298999499,14.202693110177483
0.831980432776292,13.717207787924396
0.8560510144981333,16.006204819399617
0.8243258640955814,15.029190225246275
0.8400399048781663,15.796044470133374
0.816644120979605,16.29102732359546
0.8242321131692135,14.95471987867443
0.8303696066856778,17.118908072014854
0.8293136744703061,14.742542861526546
0.8402192447184346,16.043643823697764
0.8243559533146366,16.20034382028111
0.816555922708904,16.029773165722315
0.838784106537641,16.45065208548513
0.8353678992728925,15.030015914546558
0.8420303789993947,15.267534676996377
0.8424989936169083,15.983028088617504
0.8491402861042053,16.739720423237205
0.8232267722639929,16.852523958164912
0.8410023117890358,16.10171000281512
0.8313342347216389,16.29210844722375
0.8646964832104125,15.455585631602709
0.8753887596712054,14.306584008852084
0.8191570750434352,17.959930733454538
0.8247104760800736,16.554920558779923
0.857030910999701,15.241702972856755
0.8728787646149102,14.807511655691114
0.8274883211992154,17.609590068972444
0.8317563659036914,17.03904229028704
0.8364945584565476,15.747908267552182
0.8473596922386261,16.41184153042273
0.8451159093098112,14.908111634185543
0.8460274207153348,15.093964348265649
0.845391566368812,15.694490675078894
0.8332218243981456,16.763090052579443
0.8565756358750019,16.127055634182405
0.8227145362369015,17.13051877028477
0.8226244618272666,16.798496114792105
0.8413991920763634,17.49597771188893
0.841848583568984,17.23000147974629
0.8503594547779071,16.541039778249313
0.83140450822724,15.373400038953411
0.8486257187772946,16.38562616003863
0.8275548775635581,16.346057224111693
0.8104169770473649,16.253955223654312
0.8425898588731578,16.727109283322193
0.8386722530456628,16.494321899781852
0.8543651741065702,17.26441810723969
0.8690628272521458,15.426523188512201
0.8515624138026071,16.13053901144018
0.8339171159884203,17.614428116976434
0.8355967170682975,17.64769910457261
0.8578749812471292,15.011559861991145
0.823613141396002,17.52040854057159
0.8365996135192897,16.08819847754388
0.8365875223536311,17.779809229283167
0.8179882349398567,16.990554128516322
0.8212881498055701,15.367373429868742
0.8542358445468284,15.853619007746238
0.8178135568118573,16.806728084581
0.8290887590937741,15.569416502441698
0.8549603765140654,15.958627277327059
0.8393670854909322,16.42013902825183
0.8347296528079277,15.377989080373169
0.8708381896829858,15.677796353152319
0.8185091343474141,16.61511611214651
0.8641985152272428,16.012781963525168
0.8463121761594202,17.016595569928274
0.840601963968089,16.68104777458103
0.8448077521818282,16.41546506294377
0.8382866427534813,15.425469677633698
0.8458435609966503,16.718119048632765
0.8315830933064854,15.463470330245228
0.8548462531023931,16.366195494267306
0.8526222852757587,15.947069623405113
0.8306917063918617,15.20461561246703
0.8139911147431982,17.246180011506443
0.8472012680732747,16.003879368065693
0.8252131335370766,16.641395756389667
0.8409655555473102,14.910566812204264
0.838333581052998,14.891918863481528
0.847898151842799,16.390469250158237
0.8197384259028534,16.722480404231646
0.8663546509385798,15.973391985979399
0.8668668119945325,15.305256544792632
0.8309929188118822,15.321669057432048
0.8095332138089816,17.0010947437063
0.8255206492328039,17.056252081274174
0.8309084041967791,16.03941412997186
0.8674675132535311,15.586329748293359
0.8362787013683928,15.346025787437123
0.8347272131763438,16.15155782446909
0.850523766073163,14.257822661007529
0.8348796055041555,16.51143365051167
0.8359925456588347,16.965275186754443
0.8484630202606221,14.580744941884667
0.862096837080624,13.561340154102032
0.8376980359919749,15.72552419565237
0.841887350847283,16.113776679280566
0.8260006408620301,17.082177515013584
0.8486143480011014,17.695914990800162
0.8138722932992218,17.6543345665073
0.817538379906752,16.726668357229865
0.8242800831606321,16.570285515915888
0.8497660838328951,15.230792930763341
0.8574079237601463,16.03008817114014
0.8145170554950449,17.015650949407547
0.8502289648208206,17.37566987871863
0.8227970186610033,16.83518413614794
0.8544215623855115,15.556206545409616
0.8402151319675197,16.14909327387967
0.8194391860070852,16.594657194685656
0.8467782777991801,16.30689330419739
0.8458171713702237,15.087085499032426
0.8411705863405027,16.44145477321275
0.8305309467784778,15.377168663706684
0.8498847708575337,16.79628976910055
0.834859739243159,17.57820184259471
0.8484392836277509,15.417413550232908
0.8312057014906084,15.480045863790556
0.8400604284460433,15.806449085879246
0.8308333421358164,16.388758687799985
0.851711127281284,16.137067944870505
0.8212147554120571,17.047741881767788
0.8348006997235292,17.43189753680096
0.8479031676717571,13.957113308456728
0.827088488586814,15.59723727240818
0.8458992343559194,15.604114261417228
0.8383276302657084,15.905955675513056
0.8658858287619183,16.34968503787898
0.8496908387910317,17.505683709933596
0.8343780574409015,15.795357116590678
0.8247978572110122,16.798265673447364
0.8510661626258127,16.032088194244142
0.813429713521365,17.361659989158365
0.8114791786076019,16.805095380713833
0.8452586155130221,15.845156157832818
0.8642528988057462,16.197502415252696
0.8403861208037284,16.256423854798676
0.8258085486662236,16.842546752721763
0.8367088271518338,17.155423730915167
0.8327378133883876,17.77519961663242
0.8373271895826284,15.470233980832845
0.8420912782217335,15.847431305623367
0.8261435203405555,16.59790698589865
0.8504426819397013,15.902468673591988
0.8449195734706944,15.51239281886391
0.8622147294813317,15.863713809024583
0.8529442302442988,16.058268213215577
0.8208803536081425,15.364905804857736
0.8487841564859075,17.027226497226703
0.8284156789506719,17.639928701737503
0.8329072188162114,16.882484449416257
0.846082882953698,14.23381007180356
0.8373519700331272,12.990758354930023
0.8146080555455241,17.566445294874956
0.8484126960454831,16.397816936547915
0.858571054976741,15.44078170491944
0.8284912937591727,14.844310372112412
0.8419308915621513,16.117358540567356
0.853484065576455,13.874448718833671
0.8489318957644166,15.185015658384033
0.8382701878952402,15.51423430453894
0.8455050182645376,15.653083333631486
0.853081128553975,17.119323287769223
0.8306441809706037,15.126755807647855
0.8437667911780994,17.09636617716301
0.8337985262357811,15.01942938933505
0.8574351236026234,16.35732015185386
0.853902210133659,16.454233625043727
0.8535409834228501,14.527607226338809
0.8272654265547836,16.677786082383278
0.8256268581530471,16.55187209632017
0.829864484720524,17.43011573544483
0.8319608715540422,17.88842631367478
0.8589811585391228,16.233308395886016
0.8252384421377791,13.88131307527891
0.8577164516947758,16.18684133657975
0.831453372459503,16.383563081380345
0.8518461518757069,16.091849360946913
0.8363261579120037,15.381204805936298
0.8378800316967618,16.301269291869016
0.8623495530165975,15.38536516528571
0.8265858752890797,17.22829203434434
0.8545288726874986,15.874953562684361
0.8646437868934987,14.412663244438738
0.8184713305931721,16.86107635493908
0.8501887003200324,14.32292887580386
0.8249317239486206,17.22331715623965
0.8378785572563089,16.932557847419563
0.8325975219754778,17.10892967235715
0.8325654323040176,17.157950322682144
0.8558176437491634,15.621047333933973
0.8545520380207776,16.844507667732383
0.8489343700307876,15.84858531443372
0.8386093500015187,17.390140459114082
0.8432657307627093,15.756226613401845
0.8479361266589439,17.691880620558358
0.8649476508480891,16.297213336972476
0.8241812666051661,17.1142983244908
0.8335101740784147,15.505882816898835
0.8428138706950251,13.993883307466328
0.8463990574040597,12.62973393920849
0.8365010178711093,14.272192575371951
0.8629108661653352,16.220278551187445
0.8522281287360989,14.585914562469334
0.8443900608737765,15.845330135958696
0.8363281305833383,17.540670578457934
0.8677161664715144,15.156469711323426
0.8395113203041137,16.437089722828805
0.8552370946700129,16.676483980180382
0.8456260775539809,15.528647268025352
0.847449522906742,16.668019817048947
0.8330165562229629,15.068130843267875
0.8517900531534554,16.256380164121417
0.8568013727881075,16.67131689649489
0.8125466483291096,15.377151802721514
0.8417000373786241,15.39077380640679
0.8607017430962581,13.941075210768316
0.8511635805857303,16.65968198725704
0.8475298875708677,15.7103235920971
0.8273010532968385,15.952698035435033
0.8386162889327039,13.268546530722533
0.8239946600794744,15.515536802100236
0.8277342474836294,14.216250785718413
0.8303544308344155,13.86289938425598
0.8223037827853439,16.9007720994931
0.8471298685219973,16.069684643544374
0.8366006345307615,16.31822523072241
0.8418569979316192,16.23430812116228
0.8251801165393057,17.79920717395973
0.8418505299279264,14.995865656267028
0.820505595772524,16.410561624982357
0.8487349455809757,16.67325844334754
0.8530037613337629,16.570909879285015
0.8649430657380072,15.270389419814014
0.8201700653951539,15.744912131996164
0.8241889234772296,16.9389579948328
0.8519343436977387,15.365647541257632
0.8496450091612378,16.41714929641436
0.8296996132625344,15.290688234613663
0.8291619821854264,14.78120594480554
0.8434829261468075,14.33899685482092
0.8037689682853676,17.01222621174124
0.8496634271453964,16.479178090017715
0.828590027700027,16.723315855967623
0.8275062440335276,14.725367862865065
0.8161637363022,15.939403039247688
0.8541393735946631,15.55751769470758
0.8198936142122335,16.230335882440254
0.8396569928772791,15.763489290803966
0.8570762628894917,15.766136304801995
0.8487849443591431,13.574912519000657
0.848301264799237,14.334072008559131
0.8415837123871671,15.25268453535744
0.8243688484526673,15.664943893816522
0.8377915791064324,14.694795224301522
0.8442833552162127,16.033978951480165
0.8469085451304882,14.971107265796014
0.8215146793137151,16.324103310642606
0.8568493087094575,16.14017699863911
0.8536888506638016,15.127114042156094
0.8596939445413788,15.79468156481586
0.8165958931858329,15.018123271894622
0.8464535611891448,16.916219318691514
0.840087486450305,15.1699094979215
0.8447965244605656,16.83985324076427
0.8539833079865611,14.547279534472873
0.8293653141626466,15.83036116015784
0.823133464203079,16.150980902150327
0.8506077884618124,14.658405844839939
0.8454241214191328,16.720448310450085
0.8575023259870923,16.012849082190836
0.8447144787962736,16.86144048530371
0.846918993649966,14.654525046648642
0.8426102568822991,14.876113782540932
0.8280981799852801,17.458416145150508
0.8375875342830561,13.275186106583858
0.8462161773187274,16.064286579402204
0.8528857864386422,16.12136089838418
0.8510913588014851,17.282270695020067
0.8228193975149137,16.1690480276135
0.8511614931061092,16.732292959523637
0.830681485668323,16.06484224107211
0.8550264640417198,15.64260582757644
0.8262089232591281,16.791259357384586
0.863806899161701,16.38888521621568
0.8406867732312566,15.856919983692672
0.815837092163647,17.399007579703042
0.8379185448210079,15.702026644794843
0.825806838288174,16.662430438216834
0.8385330049419771,17.158535160349906
0.8553717283119443,15.741690018352289
0.8469866103049494,16.7502030712561
0.8335922418511452,15.934432452017028
0.8071718872345143,16.064059971373737
0.8489305302184755,14.542491624508273
0.8439976947529287,16.658110609607743
0.8337071154221585,15.332593399039439
0.8318504173800229,17.49874387068594
0.876916543891935,12.774944151181964
0.8502990703406604,14.27012692465152
0.8524200556930657,16.24535104486579
0.814925327738328,16.793041174172632
0.8452340046332553,15.911202226194765
0.8321597611518646,16.4544622505661
0.8615855141852286,16.309251276173033
0.8105990175101502,14.721905713459641
0.8518686625959138,15.94737005547456
0.8480335373571192,15.299031780779407
0.8370862633713015,13.061315677818767
0.847821893909396,16.613811895198143
0.8471616185826693,16.642833846517828
0.8533138790610976,15.414565330735462
0.834185394783757,15.863619123543176
0.8544344487120492,15.816923160222693
0.843878896596085,16.79488282221993
0.8290796749581286,16.99266272525846
0.8589884337811684,14.173184399819831
0.8276568233699376,17.33416390556552
0.8318415368867873,16.134593241984085
0.8401429641724677,16.684267670685923
0.834813070411709,17.152728915258052
0.8639542833490963,16.088234330503266
0.8285139985744574,15.067255649851283
0.8220400369866478,17.275187414407466
0.8318055761165154,14.934831035049555
0.8393099305102415,16.173645460269153
0.8178396356389804,17.000031336633327
0.8320243633988832,16.14038797576779
0.8573750767041254,16.503936952787466
0.8385826293979797,16.479624002550214
0.8536027072944927,16.21619395328008
0.8533240875926978,16.767145905111025
0.8469916878454921,15.045947547080281
0.8464899903842847,17.2073197494226
0.8404754516060385,17.60703641892965
0.8603704962370572,17.27042098662271
0.8349979626796721,16.847825776372556
0.8440869481234095,15.894486297722809
0.8601640490640609,16.45265363210602
0.8444379046630117,16.840684813767933
0.8472315330527187,15.313184346457646
0.8366525447993466,15.500556840922272
0.8496786484544002,15.842581864282153
0.8374147182156498,16.276008834364188
0.848932432084796,15.694298686250464
0.8633868503888403,16.544164322794984
0.8266836647127164,14.867013509705268
0.8408651053944466,16.767303881924256
0.8166937745900719,16.59452694027634
0.8459737950492209,16.027909367570714
0.8431017522871646,14.39019912555556
0.8288478368266089,14.852351809230662
0.8320938329613276,13.507352226540668
0.8302387949993092,17.017251054897034
0.8488930559021267,14.719207376818074
0.8554766104239722,15.695436253833366
0.8132628359094971,16.461583188526717
0.8215901494664032,17.75163018822692
0.8495768341327782,17.205946876202052
0.8122930317870756,15.694066282550486
0.8389721821498904,16.22409836265339
0.8253167677567421,16.161530504218792
0.8404221092103211,16.254093903338497
0.857043233603935,15.348593417284292
0.8437382865497072,16.846926828912903
0.8461839418145723,16.943818620124393
0.8275825637130954,16.393530865731464
0.8478957537538787,15.948365041125696
0.8318099624000851,17.69369811989132
0.8287429228401139,16.789049240908273
0.8213296278468465,15.408800220610823
0.8121101143447662,15.781600642757615
0.8417324240083307,15.291790237153535
0.8203528411690666,16.54434589264203
0.8278045329943654,15.035262239681847
0.8104880498745501,17.8579701582012
0.8452786284035371,16.6662917066894
0.8521770594415371,17.047133891738515
0.8520504043976044,16.756556149054568
0.8506148516732043,15.714903061741467
0.8552460841954983,16.591453285770772
0.8469200770806998,14.833422397930727
0.8561951423936675,14.909698267032676
0.8247163815928714,15.513890822793106
0.8360203767624491,16.587355795091522
0.8424123457080572,15.895773100091303
0.8137909319109347,16.484135971502408
0.8200704506532496,16.638785232205276
0.8414324273244587,17.179964060738726
0.8304236891318104,15.333107130670632
0.8343847428632607,16.12428713152433
0.8210286056065416,17.026097815333184
0.8183971846451651,17.732957771244124
0.8404742605191687,16.06124684895998
0.831764082041028,14.925215788336624
0.8408860398443911,14.383839962308443
0.8485178227982453,16.506316026871037
0.8180499558665874,16.79797128549036
0.8484607946013191,15.468804790762137
0.8564353905945148,15.129446118936661
0.8534947168617625,15.685799508785303
0.8624473067750916,16.281333374602195
0.8238166914864117,16.434241974140775
0.8193551556734168,15.050606546065943
0.8573625093820924,15.209027689385762
0.8314936430676213,16.802238510540672
0.8121685493842428,17.391136142830963
0.8490921910601599,14.973919155945536
0.8492093024012369,15.249796597203522
0.8473454426335967,16.851254968366206
0.8388962787144917,14.872444411997186
0.833587577272259,15.372178048079151
0.834511584495961,15.072958382843966
0.8404048065144197,16.022841317512967
0.8351609430561271,17.329442155507255
0.8408626691049284,15.979014785611978
0.8252714956599617,15.607729309320755
0.8451268938431928,15.032756724191877
0.8601827701290096,15.38356467511061
0.845101110969224,16.536417160157818
0.8418467427309334,16.0538759541744
0.8425946000092202,16.50076998743664
0.8045485143546559,16.62574683579948
0.851853809542891,17.07211292192675
0.832901440502769,17.790120770453516
0.8465485518796525,15.920988612281121
0.8470368158440803,14.696956696939408
0.8368731966057151,16.511483083565732
0.813940351019531,17.114683140577704
0.8372845712039475,15.638410273349749
0.8406241429768145,17.70025809486818
0.829803985075471,15.985653526890204
0.8436952878100157,16.3919223404144
0.8341284126960025,14.086679746240065
0.8305872532651507,16.45744463430617
0.8448514532914767,15.825417080107913
0.846237083253377,16.372971608387434
0.8319687254787863,17.255129430461857
0.8109266499137323,17.216412311635537
0.8444510186529056,16.17313865045925
0.8470786520382063,15.563354271391233
0.8531256381992719,16.29502948567866
0.8661727066052954,15.91195864912802
0.8560996970735509,13.484171224402298
0.8305119579425487,16.65219503466891
0.8660983686035157,16.192063138710825
0.8375843539304051,15.45754141292865
0.8145860585975243,17.39935526132017
0.839588759656695,14.879930998865339
0.8581487504325324,16.571916377846392
0.8525237275515661,16.493407565816128
0.8327638543168717,15.177234390054224
0.8492710493992833,15.134654829350845
0.8594245473463875,16.1230837964239
0.8390903198024363,14.27677880344624
0.842210353000961,13.960858468437548
0.8476560605171929,16.36778907473246
0.844414588632679,13.123802105991677
0.8207968262822506,16.98510555301699
0.8605488270498229,15.598988298567798
0.8365211465923134,15.940397635041757
0.8402876744855595,15.329258161385786
0.8462206061724838,16.499768988486476
0.834996484968758,16.270484078207833
0.8744714022599848,15.019916660116053
0.8350346825779754,17.608646671340257
0.8367483879975656,15.309442479583526
0.8411155411474119,16.651993030598543
0.8372908453610496,16.534984320172573
0.8371482000986771,16.1502399270027
0.8174514033620456,16.55661989606404
0.8595472035653771,15.95971724725011
0.8467226679690265,14.537105318134776
0.8418477938953163,16.48790830440331
0.8452184665996763,16.381031751431806
0.8548045854199446,15.36161457567195
0.8287274463437108,17.69577569938788
0.8343038528137366,16.937572579407043
0.8435284015342468,16.26399375152263
0.8483172407809983,16.272533152644836
0.849607085612476,16.458852957662728
0.8392605230121523,17.775797658138895
0.8553905087742223,14.357576263611776
0.8496274826765071,16.426047967191025
0.8442952997820683,16.56467130218748
0.8483565730760144,17.366141429737766
0.8499517624776418,16.08757127312163
0.8406104861987059,17.059970939626087
0.8577637686548103,16.087441981149762
0.8439042040152506,16.579665648123722
0.8315580361040525,17.752426366966148
0.8477798759828992,15.114825323946745
0.8388994837066933,15.826443251531474
0.8253702838912801,16.2311339284291
0.8307041888192092,16.886291125400586
0.854173408071198,16.114801095876608
0.8558074538020223,16.338847237116088
0.8679129790819244,15.415055592066729
0.8267750758586153,16.802802409176767
0.837994881017993,15.455075270278591
0.8215038958649648,15.649951396612002
0.8218401625172165,16.2986335943856
0.8207416229885363,14.774119312372354
0.8455806076345609,16.50438178223649
0.8512565993006755,16.726249404549414
0.8339415925606875,16.625545575498993
0.8665823070593826,14.74389092322877
0.8426313846218348,15.16150581281574
0.8382063132792691,17.308620203183427
0.8263634815430572,16.24016096960011
0.8286708360197403,14.220057546230663
0.8428893557830689,16.269369545965613
0.8455840373565842,15.448004777645146
0.8464758471252397,15.170816970945078
0.874663059897359,14.247944969454815
0.8318473309279063,16.267823834694028
0.8384312733495075,15.978386371483184
0.8513362979601323,15.683407320586205
0.8312871780212673,15.880683244359966
0.8478789945899438,17.261757592414824
0.8244723193408542,17.03677767450747
0.8475569106076621,16.404462691559747
0.8475057654730116,10.908065719981202
0.8620917570981388,16.401747080855397
0.8604613326025851,15.393899121652481
0.8373955285615348,16.38199389188237
0.8361707863998085,17.03340031484699
0.8319440423238157,16.126515691910555
0.830082082851689,16.302662603494984
0.8275000797754686,15.185140704979787
0.8236010212821765,16.047431672160695
0.8497641514213236,14.665484278133286
0.8325829248975527,15.738501153688114
0.8309720359610755,16.5660921343753
0.8308483506235215,17.432105174244576
0.8378515215670461,17.08371641045359
0.8286546085452041,18.10126518104936
0.8573097416743223,17.014825020735334
0.8349211111148293,17.579214701303595
0.8326752316251902,17.770452165256433
0.8380324201041306,17.36727418189395
0.8485041571129072,15.167584794322773
0.8043376563675628,16.478253401775493
0.8219206007451466,17.09764528112198
0.8456467795400849,16.28105290230044
0.8533847103841623,14.381731835234246
0.7982440144469338,17.091015912710535
0.8476819092956044,16.47797178329694
0.8425889874649194,15.700893309045696
0.8534858395463916,15.681789106529783
0.8176384382920264,17.47421538672324
0.8372940842815546,15.496269516247617
0.8384323033678371,16.936500703012037
0.8384143783898601,17.09781409527173
0.8198267674507291,15.582144955083713
0.8342445067990313,15.619431319668593
0.8537754636723213,16.85219769343392
0.822426316963028,16.064969408217525
0.8251545666364546,17.376330653091703
0.8419883747112812,17.34572333445976
0.8334792888863043,14.33753900647419
0.8175975591833516,17.336399609593787
0.8212700700877864,15.740428798964883
0.8449229756046662,15.371283805811794
0.8160693527645094,16.84554845240168
0.8599883087579047,15.469818759105726
0.8396929420603798,17.432531738529285
0.8134886133885381,15.593951694576637
0.8413795035409853,16.382700481870213
0.8490106945280583,14.952961335745812
0.8457101225733467,16.359152891275247
0.8511623767934212,17.19790531163526
0.8554791429929406,17.266977407911448
0.8704017924864836,14.76154657892043
0.8371086037964287,17.092048789236127
0.8497533123842346,16.221997361554674
0.8604282090668581,14.616858605217617
0.8037193654183055,17.142894538360792
0.839148822336242,14.708216407804288
0.8455378395446936,17.35822101740096
0.8522121731023802,17.100039268898794
0.8412295679645884,14.679710715185747
0.8377732186524084,15.800272857820778
0.84601578431817,16.996944806293
0.8690941136025327,15.149300341865226
0.8158672358832151,16.84093144630577
0.8515598452498095,15.56202333917682
0.8433105553124561,15.64849704852953
0.8415810918081514,15.82873329506888
0.8357235215779438,16.568042177104896
0.8495317892876827,16.796868388452335
0.8403487429094073,17.285608681878486
0.8400468678209064,17.593245875694347
0.8348196825327664,16.55289594736919
0.8266313847024339,16.857747426166338
0.8218034904613353,16.65523844583418
0.8502971502014577,17.88231090540531
0.8469939025682763,16.752880053256128
0.8424928177693872,16.552419864990192
0.81157131876229,16.16470845159014
0.8315810134628226,16.112790343124527
0.8417524089217426,15.542303543710739
0.8185701326534018,17.347367643509187
0.8253335195671004,16.28854701781344
0.8326995937413905,15.51437703740202
0.8465245645027076,14.538987650287822
0.8246637512029383,16.87305985042271
0.8489364633758925,16.524236277545857
0.8484761983920069,16.607422612594874
0.8751934319802284,15.309132901188065
0.8521884732181196,12.157774979517221
0.8273847295695913,15.644472014433383
0.8571096613585318,14.620706434266134
0.8329076332132558,16.64893746810952
0.8285317364428653,15.295012690856092
0.8235891570644975,15.873123574604
0.8297575919603162,15.938567205169768
0.8447392460406692,16.266533867671352
0.8458087640836913,14.687808749461219
0.8593173706917648,17.175212622651536
0.8325937708351225,17.825348404450207
0.8281926065959055,15.862412355578355
0.8449361181616336,13.794995595136255
0.8273758200814093,16.654582447904755
0.8318028154797981,16.539045067809184
0.8493400842813211,14.272079084492304
0.8396892307980814,14.882588276666988
0.830850540551153,15.641531830841103
0.8508996620620747,15.76347086225046
0.8489526538716343,15.728832162320407
0.8634154063453363,15.871146819169176
0.8486301385056532,14.899799914691807
0.824182466141315,16.14283109824396
0.8033773441659443,16.757823326351318
0.837543135701877,16.5831513131672
0.8299342885033582,16.148588737543623
0.8082768320877007,16.39491873301979
0.8437959100899658,14.341377478270493
0.8461948587469655,16.14407411540581
0.8340589879165146,15.696181841062398
0.8320449362395883,15.448021782322884
0.829060005593567,17.17851542460228
0.8441666005149498,13.815284618228219
0.8315245655130415,16.649867199967286
0.8206052338010354,17.076785212821594
0.8425390999508894,14.81926642287273
0.8390567794255093,16.398995395841297
0.8299520997907229,14.00043921603608
0.8243291425152403,15.654441745632107
0.8477674404239778,16.596339284349845
0.8520971799069642,13.150241500130031
0.8255719210606656,16.101223638405305
0.8426277531792102,16.079241698245102
0.8394397052983668,13.671968134442308
0.8616298312687306,14.96754597229718
0.8373068123374626,14.827103811015908
0.8663838294765415,15.668557793086848
0.8415063170953349,15.999333143382325
0.8311655496995077,16.1571620366886
0.8340593026127329,16.96289251438103
0.8616293318566353,16.03524686127573
0.8405837942009299,16.523397584945442
0.8542138297581007,14.88225150491445
0.8507297843964063,13.28751978077552
0.860491613299167,14.500799016588
0.8280543701010316,15.770538961749017
0.8282422677670357,15.782390376182311
0.8429161138859126,14.468498073828634
0.842113111777708,16.353799034290326
0.8426113414159121,17.19214298133163
0.8615063152744785,16.605150340511088
0.8618587615531377,15.61319778713287
0.833059200275108,16.103695290910206
0.849064733888612,14.923636501214462
0.8287738622060611,15.744712266454165
0.8437141153443902,17.35259682421768
0.8418715223705413,15.796758606243598
0.8395334297586273,15.386616901882064
0.8491476545049442,13.43220414142281
0.8295163333198136,14.605169237789964
0.866963031499428,15.475079348913932
0.834118076370267,16.923778202888315
0.8172572206179617,17.40286412897336
0.8690109208448448,16.0148082180508
0.8299139227160959,17.25660293523273
0.8300467849830194,17.123257804742476
0.823466679633889,15.823107131477462
0.8359357149416105,17.4269789935284
0.8515965351540687,15.757425413020144
0.8469370997857121,16.24999622510236
0.8422975896046352,17.054617658561828
0.8686527348366225,16.802797002646255
0.8283486827505504,15.532213616616053
0.842071590170239,17.45936803644732
0.8395022986989492,15.746217650176016
0.8468645984734007,17.231261565362427
0.8382103275400522,16.167866663395746
0.8306446616065101,15.883911660014215
0.8474296831904599,15.793432412004362
0.8348245658150638,17.58526750899135
0.8247863910760683,16.242247054288626
0.8374098659524559,16.27226211009683
0.849186568833384,14.565633194360798
0.843568472901003,15.735384538169342
0.8427233119907563,13.473236181500289
0.8418084128015416,16.17171062542918
0.8296910158528985,17.29390896763097
0.8496508051078068,14.501331182309357
0.8529190953217419,14.176545320826733
0.8256691695415106,17.380375105189096
0.843496896381644,16.454177995080904
0.8498978373973097,15.550984566793394
0.8314177470831101,16.8907326604848
0.8590677435830233,14.36908061816807
0.8544103500061396,15.8438954750917
0.8333646886934177,16.70275863800864
0.8732473714917818,16.24005813753701
0.8404274361031875,15.948735340532595
0.8420796056483771,16.069039754300608
0.8555125820407493,15.302936982839611
0.8446527499407019,16.806980401324704
0.8041342703855596,17.564650012429368
0.8269791376758137,14.990371429935069
0.8394178603208781,15.665757553644836
0.8554087108809963,16.116534452847073
0.8580971206803181,15.17112059157322
0.8421279622267374,16.58130903588034
0.8279058480879132,17.270056580301354
0.8732613395140268,13.951598658610456
0.8447937487626955,16.467727927222075
0.8572261958466351,16.911578007005943
0.8404383241898646,16.262853715387674
0.8430045935894145,14.30047479650275
0.8346773486303628,16.53197292155259
0.817246806343662,17.244280377889275
0.8338816654519522,15.211591847590043
0.8504428041503886,16.3812552853998
0.8263745857594421,17.68034276973976
0.8223598043048667,17.705169933759596
0.8414310459747677,16.05666409107765
0.8411152826968177,16.98949636149324
0.8339217818825264,15.735642573960687
0.839108011299912,16.553495321339206
0.8234194585608142,16.357345620102897
0.8671429574354587,16.633087708191514
0.8239433113450486,15.20183429191245
0.8242318406785377,15.382934318553565
0.8575944202731262,15.401054930849446
0.8497342562025803,13.605598305761205
0.8355937245562431,14.859831135816664
0.8315451755815451,14.193884572003029
0.8648711723071422,13.973298452146112
0.8396391709155524,16.823712980388947
0.86527756527701,13.92217083239264
0.8406458217739042,17.530489011272355
0.8320781103893559,16.543863291061516
0.856288413084365,15.905028016967208
0.8486695081393946,15.80922209119037
0.8134611465850398,16.152712774176432
0.8464162844839201,17.005546751573636
0.8502239285473928,16.629420149338202
0.8142965980878335,16.93568171818704
0.8267865498971482,15.878089610439398
0.8430498764063271,13.621482318896105
0.8394626623588618,16.428270745608103
0.8439526403650457,15.186754737765332
0.8517072451904765,16.95214857486254
0.8410188948212406,14.075537141317005
0.8376426554724153,16.612870433190437
0.8390828153001365,16.898212080522104
0.8221943683139639,15.869008970956543
0.8456769843993023,16.302641391390804
0.8475202398146459,14.740453183537156
0.8440378889382595,17.131279868145917
0.8638877555900629,16.23506753005738
0.8373012448180567,15.989149897462205
0.8390154449874755,16.95733640039873
0.8661043160619432,15.610406118344187
0.8594887136630928,16.522894380864454
0.8516158224152804,16.34611640609646
0.8255747678112315,15.687349619111984
0.8178688867327382,17.159566080282676
0.8390917311998601,13.523487415888617
0.8395735666499906,15.926640234342285
0.8500558626865184,13.54485658964149
0.8220045760057056,15.611072111590692
0.8324157441810877,16.03827935810987
0.830723926934465,16.554375969145
0.8388974389089126,16.844916142172934
0.8402631695821188,15.904814261842342
0.8327001394613892,17.443547433204373
0.8208935689410922,16.36069397951781
0.851867360607967,14.360062779933651
0.8463445316818904,15.690949691003738
0.860373907197245,14.782929380276213
0.8543796654871972,17.53611682771723
0.8387325095543323,17.638401987843164
0.8165397923583484,17.59404071553163
0.8177283766018618,16.713343156980383
0.8582593193913644,15.980382182741137
0.8363409292349396,15.645745046215474
0.8314920334565251,16.05657984765085
0.8228162264007001,16.551189844118596
0.8477182278895627,14.269419955870205
0.8305968323047145,15.628593472081212
0.8208934633104278,16.323330364215128
0.8407310252430586,15.360162236912927
0.8413663230173979,16.391892760396527
0.8670785804837472,13.58045474570959
0.8488650521302475,15.750320632723907
0.8282247470622335,16.427095422553048
0.8393589032363867,15.502152724119648
0.85137324938845,15.333719378437868
0.862667801278776,14.70690514096883
0.8594513357397463,15.64843470611914
0.834840343849664,16.730130352103043
0.8470814462941879,16.81672786422727
0.8541219992509067,13.214483082482602
0.8394578520562078,16.18070169727152
0.8480929090705741,14.813122386884492
0.8309526629582434,13.728580773210266
0.8500420812092799,15.288786753929296
0.8282385071984734,17.836145412060215
0.8583614931074764,15.028687461826449
0.8451475734382038,16.73399912308557
0.8497733893830421,17.065412552371207
0.8715180080227944,16.19374952894289
0.8457210624415653,15.39011901184064
0.8438028711437618,15.297085433336301
0.8429915191402761,15.419176536972317
0.8450448731134622,16.529360360936973
0.8316524466863157,16.153167260157346
0.8533257230766589,15.48222673076353
0.8336995280238839,15.477589801123374
0.8553799817006235,16.530694263606723
0.8202925080335745,14.984510722265718
0.8267615888118828,17.127562653467876
0.83225545328148,15.926089194083039
0.8288073329467208,16.578392831061944
0.8316512083212494,16.310596289266673
0.8416347009025172,16.557586401808493
0.8058745276359424,17.492427726091865
0.8399834902284627,14.111850293399788
0.832326257402756,16.558066036972026
0.8364829761479421,17.219857054445104
0.8389315551047091,15.673089954247422
0.8304097503361062,16.688139668199536
0.8425465358316792,16.21877523534617
0.8415767773940389,16.03805024771807
0.8683742392052652,15.161341368219842
0.8303889393531941,16.88872595472643
0.8389294520784348,16.083394276749676
0.8147544636219671,16.097410747016458
0.8256439528045302,18.092713183434963
0.8310359064755178,16.38125491397165
0.8356705983967175,17.01376500855519
0.8291754260775681,17.28678412801601
0.8382442740470717,16.949899944951586
0.8582519477612953,15.916050727533884
0.8342653032816072,17.38098825845538
0.8247480787063038,16.435489853014353
0.8446209202416508,16.541262654589914
0.8206178615203729,14.52989911185801
0.835774161249498,14.614059246781068
0.8606766406710888,16.69251463490181
0.8606576892107806,16.52203420227226
0.8181892833539655,16.52842375602046
0.8214281748171915,17.331988683377123
0.8744767941803021,14.41264904082689
0.842499340344146,16.41749368165172
0.8478792483665756,16.807678259713654
0.8456327984344972,15.79528019793446
0.8331761559269674,16.479130161887838
0.8364588781361136,16.531356771861905
0.8503126585754811,14.781309840472815
0.8263606813111614,17.424807803192362
0.8293624207381551,16.941120381658212
0.852558545782573,14.60437502633904
0.8700045247540067,14.5487490151652
0.8363637823674988,17.669555521154326
0.8755246197595459,15.749604208676658
0.8517949890746214,13.3872214021669
0.8283624821789646,15.988118707334072
0.8402838775323914,17.358784219581022
0.8717713504057786,15.444965822593069
0.8140498876082564,15.966842194442187
0.8605786216415239,15.389033816455443
0.8338853175395178,17.24387522549783
0.8312077226359055,15.519235277097424
0.8478230212375412,16.740673933054268
0.8248215765486213,16.557767103730228
0.8321141353057512,16.34745617039906
0.8204441363420855,16.306946793699478
0.8244421786002336,17.21023669676361
0.8276599484983452,17.435168750331595
0.8622328492790405,15.835458014481121
0.8216039447948601,17.257531805179013
0.8437695159590305,15.513854315813001
0.8427733585526731,16.864878797624872
0.853965646429978,16.394647542050752
0.8407950216758892,14.140174863991433
0.829473959687689,17.219477826930085
0.8557483797056656,14.422157887172304
0.8522335351395273,15.527033897850297
0.8258026004777275,16.953784405023022
0.8369339095748031,17.242708739790356
0.8631842283489642,14.872786404831123
0.8451183423264267,15.621244257965222
0.8401753281315099,16.49606646470514
0.8180348440512413,17.04692542549319
0.8358747312959788,16.391715537283677
0.8363106812146713,17.75834885648843
0.8605278182831165,16.56299221021225
0.8384345852332067,15.254863056255251
0.816107812660375,14.536011955434978
0.8252142806768573,17.102993745771716
0.875986771334302,15.85818848946604
0.8259836069774408,17.290576047704434
0.8360740211383993,16.426421199081854
0.8202211429537304,16.67226227954353
0.8558940076847158,16.61265081238925
0.845018259419522,16.463061831448808
0.8494169362680887,17.083703727257824
0.8575008169501599,15.95515656448191
0.8257922815274942,17.245013641438643
0.8679452333738228,15.583906160501384
0.8526251836068096,16.162294938552098
0.8534343543961326,16.134367625366156
0.844094452375575,16.025912684566748
0.8413505459452213,16.11890405027417
0.866007718473325,15.390318740839165
0.8729329970737325,16.264341970969863
0.833529199580663,16.230659829127713
0.8512565488977873,16.01670425838455
0.8229431059116116,16.778867212079998
0.8565344315249757,17.005818280889695
0.863397836951653,15.296821541085322
0.859065161949682,14.50007742632899
0.8458293126699687,15.115798279699158
0.8284480132942877,17.526126257900238
0.8663769781786775,14.457279831451656
0.8600187851194531,14.677783947426613
0.8452044367178472,15.83188351928304
0.8327249943055207,16.653683806636074
0.8376020332942992,15.705903037219857
0.8649862114947804,14.644891076650557
0.870824055625688,15.506155377252194
0.8333978426190636,16.10744474454286
0.8548515414251942,15.881757255054227
0.8540688773354622,13.758467594193341
0.8396576724726653,16.718016064277382
0.8499813896736979,13.956114256894182
0.8432065308656375,17.331356746938006
0.832837199622114,17.474236860137605
0.8559505059533697,15.906163774847302
0.8311885056165828,13.672556206897722
0.8412147572589977,16.888712186464478
0.8347189145211947,16.443437911061395
0.8370508484304877,15.364537403691367
0.861389587485149,15.622120952445542
0.8313967222908284,17.11283354031823
0.8250737837700539,14.27552114463744
0.8625882703104671,15.90149875094462
0.8454678147958362,14.642734430371199
0.8512533356389707,13.040945219757523
0.8322295454316667,16.81920517979703
0.8367591995797604,15.547693288070937
0.83061065534155,16.94474228236192
0.8127670938554644,17.602743042143274
0.8657105280395075,16.269123394585296
0.8459392270341614,15.174819657153174
0.8221138757105203,15.107175617533812
0.8528496601992724,15.638127601923392
0.8178069638612785,16.539591336025584
0.8366210280218839,16.554510772714515
0.8481000110078275,15.377120061984215
0.8488936360909088,17.752502801248987
0.8367570426766472,15.833551270046028
0.8124724820040954,15.715335022366297
0.80770779388942,17.45575940570002
0.8240110412624103,16.67175255725934
0.8309164321852877,16.674254252335373
0.8288050862055405,16.506680356292687
0.8366806607203974,16.682410988476015
0.8458589005626659,17.01805431253761
0.8417808228836288,16.451143657320706
0.828750025338865,16.234166599353287
0.853111542427278,14.794905897378875
0.8291897733995488,15.715278750858898
0.8492678053758772,14.423348833220027
0.8293534481780079,16.508941418978235
0.8365906907863314,16.067150847667516
0.8546352429056189,15.257940791075535
0.8344155570180942,16.354218489064568
0.8485291759915595,15.583988867139722
0.8384380309418416,16.34279399949972
0.8590691173800814,16.770545077742515
0.8086305777358168,17.631277501317825
0.8334306378208581,16.377539437352567
0.8254646093134482,17.27732586552704
0.8411751851266992,16.116237205736173
0.8490179515036437,14.607931352492747
0.8191321795935947,17.202874503329422
0.8549786826947381,17.035761682067932
0.8518249464920756,14.621189580795109
0.83109149123745,16.80238220557198
0.8070880960077611,16.87352616610818
0.8304472141828537,17.887092596833764
0.85862417178837,15.385096118779527
0.8249322740105048,16.833414033440565
0.855325982277312,16.6827712974062
0.8256914008617553,15.397248973284603
0.8559542531888922,16.13545281982918
0.8444716874181316,15.773692721833106
0.8410383325384349,16.61159640309368
0.8366459425048421,17.27200185056462
0.8565626850805789,15.023570947944444
0.8402968139097151,15.090081274008263
0.8484914956967388,14.164055328873
0.8282663762420949,16.05125338155584
0.8491176123484393,16.268801440219594
0.8600869994414279,14.18147883481789
0.825789657011739,15.371411567140447
0.8564012314811199,14.360749207502508
0.8560695434723561,16.000676036368873
0.8621579347594142,13.901270463013192
0.8372666426771719,12.591681667383638
0.8375366377820588,17.933597032115173
0.8350585500564484,15.147116864007964
0.8228443296157896,17.47102772420674
0.856554455251067,16.023458822114655
0.8380833794040982,15.758681741871193
0.8154558473180217,17.5799104683352
0.8320337901839427,17.830838955676246
0.8456097301098205,15.793132368311484
0.8322483750919014,14.4072196556275
0.8536504208817446,17.11511048985932
0.8191559483303906,15.78752658171141
0.8491630164722993,15.444896947475575
0.8188657340241025,16.60752333321454
0.8744589722061321,15.590431968549515
0.8173556945479139,15.124900567119854
0.8105266368249849,16.775820988255685
0.8480867924020506,16.80155500598134
0.8549052021985025,15.947310773669827
0.8514246621858991,16.51735670158043
0.8374031159479327,16.973985767668193
0.8572697773707034,14.773897195136806
0.8324841388226664,15.503108638496629
0.8427704981114515,17.020444721643635
0.8345281596106592,17.562967433504955
0.8301893013904736,16.928419140023966
0.8285789057273671,16.639120744163073
0.8323839945433575,16.477059144057105
0.8587647152777249,15.507186567309224
0.8516498024768171,16.516104376589933
0.8372607612127929,16.202916505723756
0.8517993546392476,16.929201298229923
0.8309997938402995,16.74968894776731
0.827591876770034,17.183226928946663
0.8407784278056653,16.54988413904849
0.8286482436649036,15.4240159192923
0.8334933067020692,16.517017025414933
0.8475528914732274,15.927005222137021
0.8334395493545935,14.853980269806469
0.8357132906518294,15.975426885500726
0.8398233887085184,16.54255738420117
0.8446672647730168,16.427882086609106
0.8400990960214166,15.702926999220665
0.8343867885180661,17.141380540997606
0.8470745094815735,15.06083468716337
0.8199429290556767,16.56135560168035
0.8423548221522955,15.978850365759945
0.839430371380781,15.458264187770382
0.859225321469414,14.912634325197585
0.841602790105335,17.257889765425443
0.8561320407514176,16.218746785254375
0.8569551128571335,16.437629557865815
0.826000098992755,16.726617147933897
0.8483512218670327,15.138281688437965
0.837672356352043,14.090844555289157
0.8612488512513429,16.579089079289613
0.842326113814068,17.349251112536987
0.8763136196473025,14.882445699032992
0.8494358504547715,15.769229446385168
0.829436865343212,15.427059768500241
0.8553740388889982,16.48271256618633
0.8241598082842628,16.76882803117764
0.8600206537125487,16.14813522786785
0.8379309503435861,16.113750636636272
0.8696830090012589,16.06249470707107
0.8546457107291139,16.677076545147667
0.8186626349129811,16.70880828339084
0.837332665164788,14.175702460196865
0.8341180197339053,13.68382123016776
0.8518780124182254,16.671802185272295
0.8413326560198878,14.8328525876086
0.8443873061665236,12.911195455838653
0.8340981341117809,15.97416211483805
0.8355484781391757,16.321475785511065
0.8442986302060946,16.285594889550044
0.8242853646780685,15.91968870825633
0.8533124665123742,14.6835142256053
0.8263699141955074,16.36789168293979
0.832146919672078,16.369447936486434
0.8269898175526224,13.680369923596686
0.812205739948395,16.93441006560647
0.8269054425185347,16.07451189243955
0.835536503728734,16.63592221367819
0.8660519436293596,16.412075474574692
0.8382900509322554,15.726627036345064
0.8359774698446709,16.230934828136004
0.8391940892946268,12.69192960368271
0.8272909830563849,15.750632372195914
0.8376485182418354,15.783919416235646
0.8592421407704621,16.031373111899125
0.8368066100231707,16.752732660050864
0.8273983809803455,15.466518681114716
0.8423215806561118,16.093929053957023
0.8625415911659541,13.878410311014315
0.8263131520228738,16.913899130485422
0.8321332288990225,17.551866032530267
0.8178636941160956,16.832335743058568
0.8616558997584095,16.159385901528154
0.8193457319286329,14.367577057381647
0.8282411587590497,17.264940693759147
0.8753539078826981,15.569655512018452
0.8253520924647613,16.12072441687019
0.8568206234206248,16.462415170620023
0.8233356656527708,17.34229523837455
0.846184187324643,14.88007670615854
0.8471893941790509,16.34413036208368
0.8430638737208848,15.694771817447759
0.8503714856581435,14.865641289726774
0.8681712335534181,15.518312228896184
0.8477950631935457,15.257727979446095
0.8314218223024822,17.984163384659883
0.8550461970729879,14.985007050853552
0.8457217280224022,15.198302069324688
0.8098729423926031,16.10435761748718
0.8322715600547084,16.6230633576395
0.8468581608376325,15.715998298087447
0.8610413032053845,13.750001606644993
0.8453603686991298,17.410568250192558
0.8324774506482798,16.074545243702147
0.8211936831074086,16.726137854539775
0.8532564321537746,15.015208764025198
0.8526829784255603,16.695536242201793
0.8602414181913992,16.92500002614076
0.826126337862299,16.594199464016352
0.8329675292091169,16.16741251088833
0.8504838137481282,16.167391056555676
0.8628341832340597,14.311704687192858
0.8414822036723627,17.576318363212295
0.8254534952119507,14.746018893516966
0.8401575245612106,15.946083843779808
0.8271072213464074,17.45688287054196
0.8140293822817846,16.105651547016087
0.8358603324551779,16.722573079401744
0.8163249814608303,17.225038971860567
0.8512582483091848,13.344752663819966
0.8527354739658882,16.12766197177902
0.8542018893783373,15.277392105443733
0.8369717644710848,17.015203611774606
0.8429858009574841,15.495135333563233
0.8308830857119895,17.161308694274833
0.8269079186577907,15.97275517115231
0.8393400795744475,16.526515477606473
0.8158659759642681,16.725242769069748
0.8383950854680121,17.903476732250653
0.8507002063589009,15.575263701301095
0.8420774283293286,16.836653269965094
0.8400058798014385,16.352224148640236
0.8482012239770724,16.572820551016033
0.8470406383891119,16.236310846722038
0.8289620789451434,17.212628902791153
0.8447053448232551,14.533151499628802
0.8358583225060482,16.4136354543773
0.8523045914612587,16.03851984354499
0.8400766563420735,15.228763614864073
0.8352766738333814,16.377763866692458
0.8215310960953482,15.989777400830052
0.8099190325367805,15.91289970129803
0.8487972445093196,16.42457274350671
0.8603302218211798,16.14656865867936
0.8532329727422252,15.525433720039468
0.8196384759793663,16.053363734963053
0.8441140736192377,17.215121463221237
0.833474759926503,15.899693399980295
0.8236373369789346,14.996473849822218
0.8390785677438098,14.82838172843235
0.8211774956179009,16.51095082337166
0.8373116494635049,16.752230051187677
0.834637986099653,16.909277355401915
0.8116665201452448,16.562905974124373
0.8385266772241943,16.70363973817329
0.8398270284848781,16.577917772118308
0.8750072584676792,15.57312579195405
0.8372617093564886,17.75181111139275
0.8343621496260639,14.910696809226833
0.8217808120234085,15.672635329041329
0.8355049552423711,15.858412723170192
0.8342893293696848,15.167847236609804
0.8234554862209681,15.65054054744433
0.8339949120745004,15.967185473009982
0.848376214326043,15.85859029042913
0.8676473877547651,16.019503096584362
0.8514668741394061,15.479271326708435
0.8320362168897769,17.819414833448022
0.8338596846865673,17.230366673595505
0.8686968369856141,15.244794203042602
0.8189920097531654,16.863389163745325
0.8186759112456112,16.74021455737282
0.838489435370947,17.003540415984347
0.8227073543468738,14.330211034914973
0.8483408563842157,13.9400806118585
0.8289811769534378,17.29953412232362
0.8477245881093088,16.460280614374664
0.8444342043802445,15.581356228672123
0.8323666944786751,17.086340693441876
0.8438360553902878,16.548933270938463
0.815937303815713,16.42610569032259
0.8435017019049599,15.180607850169233
0.8326941388296385,17.09994978466858
0.8546971803093909,16.573944425364832
0.8495975116872584,17.03292355632517
0.8394333762047227,16.04115852388852
0.8473302629817162,16.626896886374407
0.8296003590241051,16.18860973560486
0.8416959584990592,15.18675209415902
0.8460688475111923,16.458093617662247
0.8471917703056272,16.487988082257417
0.8545335472779221,16.425129183238923
0.8546221719900284,14.852517213040256
0.8252555909168463,15.740914176334728
0.8376786389356473,17.316491370239223
0.8500309182179037,16.450443292902808
0.8395618115349198,17.580460574211
0.860084530492491,16.230450596311755
0.8466299213055487,15.502348578772251
0.8184854552287325,17.62696744595889
0.8453201873853834,15.519041156898561
0.8493864246550785,16.910201480504515
0.8164059435183767,14.537364183303078
0.8329820231505175,17.31974448840327
0.8272087200126815,16.177998469379247
0.8585417845192356,14.359041624716953
0.8346539939733889,16.171625505282105
0.8551526137918013,15.266707506434605
0.8309770838626527,17.684723061416538
0.8424419889053606,16.010010267443917
0.8331852662981595,17.403034836038547
0.8081597274308495,17.674945876596865
0.8326450005353139,15.489866533260418
0.812433215711251,15.201872318364416
0.8146144053268891,15.14829206858217
0.8024411090953508,16.213394219726936
0.8405836597408932,14.850645048515771
0.8352843842370996,16.144620227706785
0.8319942241384036,15.841275383481971
0.8470136900717762,17.02178704789901
0.8228378914355546,15.770155643394267
0.8420205908108745,16.476888507307056
0.8406868347477058,15.837929098591054
0.8540539680195874,16.06881232146004
0.8466521261750187,15.807510524896747
0.832638081681751,17.40212436165838
0.8659287993041588,15.470573228154718
0.8488071830629155,16.782962027949168
0.8348786606741748,16.302219930191736
0.8461620100468933,16.917740978085444
0.8385303781739126,15.929324755847693
0.840375009297984,16.920121240752938
0.829049243109342,17.15542554173659
0.8196397174220973,17.09986714934848
0.8676904340458989,15.96910107303404
0.8392939698266694,16.59317814995222
0.8532883331316686,16.15554531709736
0.846427860615545,16.54337129752292
0.8400321797348087,17.297285208760602
0.8471978520260043,15.95496195871442
0.8530558733845667,16.888094763943688
0.8377753689240177,17.169319279442362
0.8306181335587214,17.239835073079636
0.8366825209781058,16.617219991666506
0.8414685503723366,15.964230839186476
0.8516809216627997,16.702244057256575
0.8061669726512548,17.309311345039333
0.8254144893724434,15.025133926475164
0.8343713283840466,17.13547363609805
0.8437357594532994,16.91642194636155
0.8060864244880724,16.923997308409245
0.8272699720170866,16.433590284121532
0.8183335311603872,16.396507364635667
0.8472285526892517,16.544501196068175
0.8430771286154942,14.246266331387574
0.8552566965322459,16.65040028153219
0.8409227481998452,17.281536855381756
0.8389313605593759,15.881331296088687
0.8489974747776979,15.068088408911926
0.8586658996307697,16.051997991879407
0.8371079083419494,16.337107029620952
0.8543662357563901,14.10467366363813
0.842231969478768,15.969746928728666
0.8502547153718258,16.320103491990114
0.8403649511387113,15.893759378276973
0.8275793907507579,16.43808336873917
0.826352370830525,15.541344854428488
0.8243707953580947,16.627926431588094
0.8633340915775657,16.510310138762964
0.8458867806201017,15.410633726682429
0.8627829364263406,15.333641287254066
0.8722348604897238,15.85727051571328
0.8454181291404348,14.903346482282805
0.8082591024415131,15.872534883588385
0.844238420129583,14.447260330828911
0.8486595927740815,17.23063405888215
0.8583056198559785,15.086376860003012
0.8170215462398694,15.958629024805205
0.8417805845802485,14.880374407861263
0.8560917196602899,13.704353934676012
0.8198299239371295,14.468251406736973
0.8455409539496417,15.191022175200205
0.8132389363098391,15.275181103121307
0.8195861812228311,16.310112177530673
0.8486507958576758,13.982848398074097
0.8135917741095975,17.61411800800838
0.8448959795605878,17.50019973860294
0.8266090578983954,14.331969135232258
0.8317170634962694,17.528009604935864
0.8681008460028061,13.100671792285395
0.8557580347921719,16.711769068899866
0.8355516499131314,15.504417753212067
0.8589483856759625,12.801255195905652
0.8349008704109805,17.008272405146034
0.839295184490768,16.67090343830256
0.8574081400889985,16.302955889765503
0.8587009084740488,15.113943747867538
0.8212532994261085,16.8720428345913
0.8259231769275724,17.145232475972673
0.8372441178542923,15.93763337645783
0.864087752127387,16.24229370794351
0.8343449864452542,15.803225785127035
0.854081626037095,17.52496489076815
0.8140749505660464,15.757504860269234
0.8319997330830095,16.126628164789647
0.8325474652450646,15.347487345744746
0.838005130605424,17.076060129075007
0.8221970935166705,16.09539785209793
0.8363470780527353,15.283351822687122
0.8335794743186309,17.089879209759534
0.8260577062240961,16.628671310184124
0.8398277249257807,14.486826305395269
0.8176486301407543,16.279595532416568
0.8573419921843791,15.350679292429897
0.8210704442858151,15.475471805770667
0.8332445561782048,15.834153632270807
0.8426899297140201,14.047797390224488
0.8329062019480689,16.405137651984887
0.8093482745929714,16.022645370612874
0.8385353409101733,15.985871589788559
0.8199771806940647,16.269861780912592
0.8702106485918145,16.388891090932905
0.8278446807619378,14.734846232694672
0.8592373751567716,15.880478277806839
0.8366174019393752,15.467793083838558
0.8396573952142923,16.354170331425795
0.8582276778561728,14.295034851097556
0.8348313609924313,15.317125353296882
0.8529326434162218,15.791385302408846
0.8153225172098479,15.532879705294476
0.8384360660327124,15.850405124698414
0.8386636863665657,16.952486967826328
0.8452554508582683,17.023264628702595
0.8440731468386935,16.469752397218436
0.8334633933849731,14.490403680167558
0.8495459021640345,12.733649387102753
0.8240777321941221,15.506716711876075
0.8125257718277203,16.615415091103966
0.8430989919900127,17.533254754906952
0.8403406195011448,15.541181958054088
0.838364427861675,16.7334268570305
0.8347377374741999,17.86266119988969
0.8351661275793579,16.410699958839142
0.8280229679640395,17.627428061774083
0.8440622586522508,16.076235847983067
0.8237128912629862,16.25648810437298
0.813570509318828,16.84471761879108
0.8446615401165462,16.994950485977387
0.8178573889742351,16.077110891292417
0.8008459414673128,17.41282749312523
0.8498105661813802,16.141501119794416
0.8404110241858609,16.4107734598521
0.8214147032136099,16.2115572223782
0.851141754566251,13.420028211556511
0.837388799174172,16.16915565038562
0.8308102276753037,16.24239145963762
0.8278470960952026,16.11957303285524
0.8440102992470696,17.26497077746953
0.8184165589165256,17.574091635831977
0.832956030521632,15.210871179485276
0.8423653078200783,16.640653125130424
0.8466546477018411,13.981103656460922
0.8243196519442658,16.52442459123567
0.837031863574445,16.14259236783861
0.8401108502783884,15.367622467464868
0.8471954766692544,16.167892424274942
0.8516227295169809,13.798649024600559
0.8255379012903861,16.825498350092797
0.831612329302248,16.93909218333096
0.8508763373813112,16.439307519145398
0.8494597827658529,16.471780549332973
0.844084754964466,16.01639192857809
0.8146539012256536,15.676032544057458
0.8410054991152692,16.27847710432297
0.8216579714434604,16.51885741201601
0.8514839293943957,15.311740901953394
0.8411738187854852,17.044751299205476
0.8576550892127252,16.944521351471042
0.8741289668728583,16.336900271300582
0.8129063961518997,16.50116568729899
0.8335897480518429,16.37905829668492
0.8556149002920511,15.640678085316926
0.8302139963243054,16.209223341552754
0.8278449618670063,16.62337912551048
0.8356212279667078,17.81637664280335
0.8389387444952473,14.060491131907888
0.8054298808751631,17.079398992823478
0.833570470809693,17.696522724758225
0.8353931340683992,15.169513329243188
0.8308945180132398,15.574487137651895
0.8603731115498872,13.819950830593553
0.8415112383895762,15.732653612845276
0.8400009965649229,16.148229464726505
0.8313621059242379,16.16212958172815
0.8191507566957817,16.56410655713812
0.8409735395823826,15.471935022626186
0.8155735160100397,17.312213544288586
0.8420315835242547,16.711863253184625
0.8393395616243328,17.808362343511607
0.8276179059807901,17.027855150340432
0.828620195927077,16.515437907011506
0.8560112933915209,15.488807129919271
0.81385843255222,16.28291319905777
0.8489972561935373,16.093409523343297
0.8548897737196425,16.00157802250847
0.8372634108394167,17.39796580709839
0.8467495001100374,16.210370259527135
0.837996215055202,17.317699439916748
0.8496812989731652,16.864271222548208
0.8454509319367368,15.961582640525387
0.8282075945785418,16.892057446073974
0.8381349230486376,13.031052914098987
0.8229741033575099,17.38271450393634
0.8477031924043309,15.905519181658704
0.8332808047536998,16.452026220399528
0.8564043391083356,15.929849048071764
0.8200216627620708,17.54153974822123
0.8391183733669162,14.889350907957047
0.8332828244691953,15.841323301945962
0.8530265020679817,14.836075572260754
0.8598691173181274,15.674884629600541
0.8558450324986078,16.509751901795656
0.8420119321598983,15.719949289068573
0.8531473682032717,14.875319361085745
0.8490468738173834,16.842978784342034
0.8499647845502336,15.787043024413146
0.8394379856499222,17.101432589762968
0.8416895792513993,16.520715205754627
0.8371645512428478,15.247672312204434
0.8544766262454235,16.697099683239166
0.8438438567202496,14.860299665511318
0.8290129671137305,17.191757852356215
0.8299810771825192,16.659904910326492
0.8444384038502298,16.248404407282738
0.8264150638969904,17.993679730958707
0.8389233134424495,16.429669161651503
0.8480036516519275,15.85106232483355
0.8175151161563224,16.09703540251302
0.8416320691851332,16.404474076101142
0.8315324710552011,16.898285948325377
0.8294019816984569,16.672958800087923
0.838731795273929,16.44004817142441
0.8339145663153693,17.59219135831913
0.8185395736849421,17.36632479524046
0.8568944500904075,14.215747867078305
0.8513297023431038,14.83081286533688
0.8420529046283044,15.303227537070427
0.8411335444737208,15.965483408735572
0.8528302133357163,16.74824137871406
0.8308264090014009,16.183017052535522
0.8356215047268071,15.265650014542425
0.8175223175921923,16.83903227898683
0.8388669493954332,17.73189990896331
0.8163085822374766,16.81702498444986
0.8279222958171392,17.721453863157407
0.8481725587020512,16.906159379281515
0.825672952276045,15.252142694972372
0.8434393511967073,17.18699601588793
0.8620838655167021,16.27468742168001
0.8324275087628368,16.715347295973036
0.8195053217041343,15.488539478018724
0.8470879186354874,15.643671030541052
0.8481363323741301,15.992310009475275
0.8201235535911381,16.257186092972603
0.8273979405319097,17.60870401335351
0.8239099804069204,15.966267594062009
0.8440810736120655,15.538473890491993
0.8641643170090777,15.801169056627757
0.8423842789252175,16.34582998771752
0.8457939584827852,16.826438415104036
0.8219276292675085,16.203075741216605
0.8780022917630871,16.17956789894947
0.8665161162418683,14.749371269648435
0.8334116990145883,17.454393131755264
0.8483699661355115,16.98618965850937
0.8299005708715456,16.140183179261395
0.8138721264360255,15.464519373687152
0.8331949326120479,16.711166580883134
0.8481595083161505,15.678209675006231
0.8192521216724655,17.337780841504628
0.8076790287380788,16.289234071445374
0.836926194244722,16.367466298748152
0.8536492938511433,16.80808756043363
0.8465950730063412,15.595644824425683
0.8313853395164182,14.935065286113463
0.8259178162192184,15.830623341468721
0.8668160600961685,14.360380890573206
0.8503568933377331,16.32441800449717
0.836839216120949,16.125310423191703
0.8230468694269889,16.770138553525936
0.8523503580231068,14.970317054330996
0.8146173894691852,16.331307677502295
0.838302275224017,15.227997496885871
0.8535733892528526,17.12739080737641
0.8462736790211638,16.63569625252809
0.8236355391659141,17.75671926397248
0.8329215471936723,16.33855825102764
0.8429794625463604,16.627926708538336
0.844718967732466,16.78468976861005
0.8404571845990251,13.737070206451008
0.8367529689091913,17.346586260001413
0.8480298571794301,14.536684420082777
0.8676195581656215,15.807572028162184
0.8394658760625523,15.65762830392463
0.8148185665105133,17.216108909496384
0.8330041177871775,17.677610627672006
0.8408830899784769,16.19174815778915
0.8366151112438226,15.905705055583228
0.8183819993530883,15.236758087302725
0.8530278589834382,16.08539845331849
0.866952425195811,13.664173341333196
0.8708155717191087,15.26129701335686
0.8304878844263893,16.775779972381482
0.8169197701747221,17.221905441106998
0.8375453197285688,13.285214798206832
0.8384311892870171,14.30011303112392
0.825098914583967,16.645772384359063
0.8530683566521268,15.8891443052077
0.8304273146419602,15.476408304553333
0.8223048401318428,17.760511685776883
0.8453013825248261,14.666691948877514
0.8146840203788376,16.075610229071078
0.8368404615938777,16.206938565214344
0.8307404728081466,16.116996949742532
0.8264055657439816,15.444638659717386
0.8565996571708796,15.20827452401759
0.8385450759744776,15.72213584968757
0.8470810838749049,14.800693712844812
0.8363749979410251,14.983868346705298
0.8202359221037216,15.939539510050892
0.8493369050389132,16.00707435940509
0.8505144810844912,15.07214112523613
0.815109755494409,16.733485201207014
0.8562924787236995,15.242357749993294
0.8391417851423676,13.375486176130545
0.8211235948366578,16.955354374637636
0.8514690952320642,16.216376858391826
0.8575627659706243,15.35386911712672
0.8362565807714931,17.39601428675817
0.8434796328672028,17.48996126203919
0.8505564253840227,15.003221179452225
0.8346525748938287,15.925678881601451
0.8352175901490367,15.615238350584635
0.8500853487719439,15.785106422595604
0.8149839035729673,16.026381125376197
0.8378411088754038,16.847118681415587
0.8357901869904936,16.097990960068852
0.8357488946948702,17.659885002304403
0.8416073942153691,15.933703480032014
0.8495763954906838,13.792852848830568
0.8415006555670156,15.12075204329195
0.8255954199253521,17.16853964520913
0.8713499597628968,15.583612154917148
0.855557517284022,15.625617242860377
0.8562750837334777,15.581500347367216
0.8621323340448662,16.069229846089886
0.846396597184047,15.431397510811905
0.8458914846843114,16.277977668348473
