null_mean_pairwise_pearson,null_mean_pairwise_dtw
0.5457116528414812,3.9767106804673946
0.5675245089550425,4.149112445664775
0.6049750289940393,3.9556535516394926
0.5253626471474896,4.222930128393613
0.6049475489011505,3.869707445753342
0.5356666125902626,4.347470485174835
0.5468631374603107,4.071574048349791
0.5467302785259331,3.9963656986321983
0.5858963987665285,3.925050635938907
0.5299381832498664,3.9886158437591273
0.5540145798268348,4.0072851983566755
0.5127262414477268,4.0911376424587775
0.611478974257039,3.897950112594664
0.5258198047239423,4.221859782372674
0.552781702436827,3.898123464799029
0.5050594210004747,3.894661620877694
0.5411556940901692,3.8489104863512504
0.5238888638845536,4.218842693367081
0.5844328758630638,4.157035938825897
0.5458969801284312,4.099462411092292
0.5445086930947277,4.199809293027688
0.5498479555981427,4.096604383601081
0.5120692280144531,3.994859195383466
0.5048863692547001,4.1470759003416084
0.5489572005253595,3.9900612458155673
0.5741328278177577,4.045049510383811
0.6144250121435595,4.0165679942949835
0.5690822860709696,3.8696940424766137
0.5415604333894145,3.884900480430488
0.5397653750957326,4.336181449362436
0.5617274581582571,3.803790744736251
0.6009322429530521,3.961790293053379
0.5413630875674789,4.24120018428161
0.5845372142532844,4.158314676536834
0.5285382641152436,3.909619402408152
0.5297892867983108,4.16377492135425
0.5593440627104579,4.161056679198979
0.5745867179276868,4.243861538465304
0.6640518265136387,3.39537947919524
0.5548033128145444,4.044408206079816
0.559572437508842,4.152440598369615
0.5265707639265309,4.195142316078276
0.553108178523907,4.372409259130731
0.5444012258772509,4.066211150013504
0.5731425579949808,4.0788697695608445
0.5916151282803416,4.0074289804873535
0.5729083955563107,3.960358831392957
0.6090678859353996,3.9192034507923097
0.5634071349344009,4.1733648973447
0.5378725812540958,4.095518212664022
0.5707772039345509,4.081309143713802
0.5226916365643334,3.9885107376061235
0.5304361345996039,4.133796183779102
0.5770699216748797,4.069295102074842
0.5367388899964595,3.5898037628749773
0.5694561630311944,3.9758993706528085
0.5512590478979766,4.26976386497789
0.5163238534438259,4.003460108316258
0.4907582016683721,3.931170732339383
0.5286833791315952,3.7420782052507455
0.6041679257015478,3.859700512693912
0.5864142191615328,4.007877873891307
0.5197009164508722,4.2285792180115305
0.5647901540520343,4.115181208234782
0.5388759832509916,4.0346502968137825
0.5598414972699269,3.932125717512625
0.5884952753454485,3.7607369666255113
0.5474127733835752,4.03726711658678
0.5345259251295865,4.118330945297802
0.5790225708762536,4.019835773159084
0.5654805174381549,3.821276872797025
0.5570942326939313,3.923411693262761
0.5348610398448255,4.1768404939207295
0.5936518925402956,3.934680815655403
0.597751234344698,3.841570593601331
0.5466809782301565,4.087929177422483
0.53434593465312,3.8964302539774085
0.5700932340910029,3.845251397954202
0.5245633731132263,3.6980708265782662
0.5439731130301201,4.037952802472556
0.5975223316740387,4.004588840017303
0.5353280620957103,4.1732158680963884
0.5739328249878914,3.9209899426090242
0.5274450907123016,4.124853700864342
0.5784765223852419,3.820933950267907
0.5257265716552116,3.9700152227831538
0.5132985562761744,4.101506618187812
0.537743861949502,4.091209113532452
0.5624690899773573,3.8165149894636756
0.5286495159232604,4.195925321199721
0.5963316104176978,3.9130712225393824
0.5939482629014835,3.6247999912684574
0.5644266642461381,3.861960926711753
0.5609441437335808,4.1506138193379565
0.5373679919225606,3.895001396948629
0.5452107584477934,4.272635107654594
0.5378723584437065,4.287173826496356
0.5284694279560218,3.929964760855863
0.5762672553698011,3.65637262052299
0.6162801250444626,3.814930616202881
0.5424940635356388,4.062872124312171
0.5204739572396432,4.163166937239349
0.5313132307067128,4.197810486409853
0.5522172897435459,3.9803992032202586
0.5433582295061603,4.017481882432082
0.536456207704671,4.140677344812562
0.5834976949230621,3.8166376548947096
0.5581560191230764,4.146265956752956
0.5592022810078493,4.027782811375544
0.5348411753154848,4.1765029060147425
0.5502556844431997,4.286345693227283
0.5447680017019786,3.832153313490547
0.5189150199828014,4.285921808879421
0.6092103382564567,3.689953410800181
0.5626137315484396,4.066953079954018
0.5586688993414797,4.032813380015042
0.5225868193428996,4.17975144908494
0.5823408379425002,4.030852872819108
0.5645699033072745,3.8889516094436902
0.5517924046227128,4.147666719525161
0.551929662311895,4.161803047238085
0.5457340157807133,4.312780566366424
0.6047206724895103,3.954463903817048
0.5544251771124418,4.2396656890688105
0.5417649349038084,3.8047951414876455
0.614668398225812,3.9240371689523488
0.5248599417764456,4.176296302460686
0.5209499057600958,4.201877215797112
0.5687366007466269,4.003447983635893
0.5527884091732175,3.6757181951347007
0.5454132785905447,4.047998286526794
0.5824131046723711,3.9220970292992132
0.5692864706729565,3.9980108327372403
0.5822809303873185,3.985690123991397
0.552162260770196,3.9857421990434303
0.563527069759477,4.277502315675661
0.5411273196931904,3.7286052484377374
0.557532829010216,3.9713348771961385
0.5482293942630271,4.294970824204468
0.594720359128548,3.9475087489214107
0.5791098360747633,4.00199795445747
0.5513876187937676,3.9882048559109244
0.5521102876826011,4.061417588932653
0.542515791328514,4.120804556832786
0.5130576185132166,4.099084627041396
0.561382257401095,4.157650883778153
0.5630763662942032,4.147139803948197
0.5648075502156565,4.169867714731172
0.5519137943360171,3.9619495393782302
0.5421825706099221,4.279608064279637
0.5441464631087619,4.077632142655786
0.5240060305003356,3.9998127816830564
0.5376851786702674,3.861603676444503
0.5316701806911394,4.17553109712532
0.575083040391935,3.854133056239585
0.5404900743438596,4.31688187910883
0.5445211403903156,4.096366853907088
0.5775924519569284,4.051803242302843
0.5784687723337707,3.9840086185780184
0.5354390399436088,4.109733008757696
0.5595599762883979,4.1168806559484805
0.5727258936222558,4.11961327838383
0.5341056800498651,3.927939174099194
0.5437817245062373,3.9102249934082853
0.5969903263401917,4.085678410029787
0.5359391956060998,4.0822049396611675
0.5476552158461294,3.7608322144139072
0.590819961983323,4.0171806773217815
0.5190808592537627,4.032377853553044
0.5413514601535596,3.976121556920114
0.5323464559999359,4.153573394057513
0.534099452387308,3.9480175133691486
0.6090269782961272,3.9241306961954514
0.5649878311360789,3.796931304535178
0.5780261474284103,4.010772798434387
0.5846219623488244,3.9040714885439454
0.5632321258910732,4.225777263130129
0.5584205377268805,3.957646921859961
0.571284814692212,4.010653075318398
0.5994999601483119,3.9693739299401822
0.5558159935585844,4.199535155493321
0.5384397804483726,4.112055196707345
0.5793271931732366,4.1349692639507625
0.5724375854795501,4.224100640159049
0.539996683035047,4.102108695230153
0.5269871005771649,3.997167992349175
0.5469266679330725,4.037585466246175
0.5731748735846535,3.7876164854815664
0.5521216467375067,4.027179894526458
0.5545416187012637,4.065728469503161
0.5521872100388169,4.027930876725294
0.54043168886454,4.102762153986241
0.5423233682379752,4.305404298215586
0.5529260614196877,3.9568140322197825
0.5334571149249446,4.307121148267069
0.5220861350638494,4.052801439111055
0.5827227017738629,3.9573814634669673
0.5615796876906046,4.1501462324368354
0.5638916833614721,4.062129120028708
0.5237472431285316,4.009271225836902
0.5172022704203735,4.225456643468392
0.5223250719160056,3.923138674521883
0.5630372953508064,4.149580761859818
0.6519746287307053,3.8504420428856125
0.5486186379916572,4.223630362130785
0.5217156572580728,4.029523413770338
0.5859378706427282,3.9194723614584377
0.5732914651921411,4.070465006333564
0.5431049033974547,4.08741055198645
0.5550529972252517,4.133816968357105
0.5674411765290884,3.9074511168949644
0.5658555073366541,3.896917575113345
0.5827147200643229,3.9240300992602393
0.5294855677455096,3.9703357448877608
0.5737154186328192,4.227732718887737
0.5163741586273479,4.0075917450827765
0.617532969484198,3.7959030972400423
0.545185962439902,4.245369663376373
0.5482563213989854,4.094671886714156
0.5566902218763647,3.984701144855105
0.5582447520232626,3.943030410041553
0.5138882247655943,4.271742042140739
0.5269886165593825,3.626889798576975
0.5282782663783416,3.963140673812395
0.5241752003491865,3.829952387794895
0.5897223653811793,4.088468231299675
0.5481642982692646,4.238297842079069
0.5620574828113142,3.9677103621257026
0.5440492686319783,4.017197713884536
0.5554156075245985,4.176448044801701
0.593863854322145,3.9993886315141367
0.5553600006393746,4.107154976889105
0.5441714526047622,3.9128485670854416
0.5272930012109968,4.208518912900032
0.5157247202930657,3.819015237307646
0.5191968684690272,4.151898607446076
0.5857278796170207,3.977229588459938
0.5592851719361996,4.113356011319238
0.5249619046533628,4.04958691272358
0.5473447115493425,4.235818138856266
0.5247636605842704,4.251751518201608
0.5605781046821767,4.0369986958920405
0.5421079573800828,4.090696416277853
0.5250139813383082,3.9331938346892827
0.5160731787034415,4.108358215424555
0.5485017389123038,4.231503213619988
0.5209305865150066,4.2808382831230825
0.5580293305661348,3.94441784535962
0.5714540942058971,3.590327548355273
0.5109478113178549,4.141338284067194
0.5803369187997914,3.835934768936854
0.5324445362185607,4.182286291171908
0.5744126488826515,4.008145461171769
0.5205749993977813,4.230113239094984
0.5594497309193304,4.174051700047503
0.6089655790258761,4.035306652764597
0.5441466535959544,4.064519693604405
0.5566605081927509,4.157841120924123
0.5385602726907383,4.1204320583649405
0.539412821916962,3.911502859413913
0.5217101893876687,3.722901399776676
0.5962987197958046,3.9300259237800232
0.5423897053895187,4.0976558953515765
0.5200040374244513,4.222312718742208
0.5437037514824953,4.064793663370821
0.5627403470814435,4.050328415203324
0.5568690717542643,3.87169274441415
0.5396983355276036,4.335783343678881
0.558750004510188,4.177143419370655
0.5762672352132675,3.98555033552584
0.5228760161292484,4.018941426463619
0.5386434239160972,4.310987534749235
0.5310618956697476,3.959046591827525
0.5558199536606855,3.9669586509690817
0.5350096549333451,4.325255483930289
0.5028558223100525,4.164023870536244
0.5558641064069623,4.13752619985546
0.5272225091465887,4.1714476969708745
0.5250313812333102,3.8999367815418142
0.5846696991788398,3.900489449357245
0.6136802708955778,4.026009168864229
0.5540701759541732,4.188782392420747
0.583487295557742,4.047163131650712
0.5230665172257694,4.273303970127015
0.5402580732658467,4.022980207967964
0.5727862342082185,4.055444016530642
0.5906125453562672,3.8259536638102905
0.5479796016464532,4.067242363819181
0.5589235621270863,4.116253759020916
0.5585741832780241,4.185186980108049
0.5534063374833841,4.080533189823712
0.5870123977540257,4.117003059527312
0.5572640701036065,4.0640031552807425
0.5481443323103353,4.074546280821198
0.5958411258897692,3.8612826466755443
0.5034611969783918,4.160727134335697
0.5362677671201739,4.048257792260299
0.5590681037926636,3.9536174171997853
0.5272839841853517,4.153864375651633
0.5699153858962238,3.8300897419808053
0.5251770105043193,4.284494570935335
0.5485460788645792,4.234116002029466
0.543743806702974,4.110574220362659
0.5780116933901497,4.041228384651063
0.5437369984154267,3.8589622535487753
0.5464045414397664,4.10206856966009
0.5563905942660344,3.9137206977510437
0.5664356378993408,3.9877691447647834
0.5005235738332425,4.13067270269254
0.5451464725310132,4.0364967334074695
0.5447555227428226,4.061118433916012
0.5754284287559079,3.8397644102204964
0.6347377321834401,3.527376714126835
0.5932099334808079,4.050666981456959
0.5525888896668144,3.9408076018334035
0.5863033061371632,4.094655835761716
0.560663300696007,4.1230939568687335
0.5805151501092143,4.106837931847626
0.5228697710453656,4.223486274433522
0.5489525821063513,3.961701154514591
0.5612446734974749,4.133461382909776
0.5481673260230766,4.035280265585542
0.5834338828524636,3.9400526500076225
0.5201210844093334,4.235621786994444
0.5614883120310523,4.133162403993434
0.583921120928275,4.025790154127281
0.5186265045741952,4.010577248922174
0.5708854914214849,3.831176354597984
0.6020145151654718,3.878833722061987
0.5822179313054004,4.085708550912279
0.5440474235551438,4.101188797186699
0.5350055216713019,4.188128321056391
0.5553134845268484,4.1131810331400445
0.535154458616364,4.170800699273449
0.55029131122535,4.003995405032188
0.5614744205443202,4.182778075884005
0.560615128544285,4.196621489535904
0.5915607232099095,4.048908090904852
0.5484064588614784,4.007647410115914
0.5433814290189035,4.065892504770145
0.5151072504472523,3.7718656418546384
0.509032541849873,4.062046738882828
0.5262129697689301,4.24482950741887
0.5529202305705881,3.7596020053371313
0.5520714300864425,4.042473023400609
0.5279890364448675,4.162685111923935
0.5800612252509846,4.160664308180299
0.5712348410207682,4.094302517125514
0.5299815103925144,4.17346209127136
0.5796133422597368,4.06668904098746
0.5539530310767815,3.9477170408801396
0.5383245062277268,3.860791485806807
0.5621008199511651,4.094312824622473
0.5453039501176564,3.707517902289346
0.5337432043996458,4.298685093291637
0.48814011395249857,4.001720491817464
0.5447152992240835,4.017363978407113
0.5420091127799509,3.759166932186867
0.5396005509663735,4.046906897191865
0.5657760002086055,4.033460861934782
0.5413846467768275,4.08088336258644
0.5793073760537223,3.960236920670686
0.5384450959096544,4.1341764673916215
0.5587734946717091,3.9538379239383192
0.5242175283192143,3.9904088740575254
0.5739417417597085,4.080799644000422
0.5480406882064431,3.806418886455677
0.575853852574181,4.028489598106928
0.5657603844538983,3.8918380907434007
0.4995267083902933,4.11843053231592
0.5557789652135491,3.992407038068917
0.6037567048824476,4.002685932012329
0.5106679066896045,4.082682473553347
0.5475326858686881,3.949575095142112
0.6140696245170875,4.0117986376982335
0.5665633413231616,3.7873571492281357
0.557218952372572,4.0956891644797055
0.5235888894142181,4.194033904528127
0.5683674994622874,4.090916041402006
0.542117957044043,3.8018998347570054
0.5503525370779496,4.038615310643436
0.5726033738354556,3.8714520797897194
0.5592500772918079,3.902705447291552
0.5285763258055668,3.926675639600365
0.5687485700488332,4.24121556103266
0.5665711904633421,3.8175010236966735
0.5350986486051371,4.064238523717397
0.5850985564822068,4.078586146741425
0.5789801907122726,4.046282418430117
0.5662540898200669,4.095311863882399
0.539278746763211,4.106387986494709
0.5742978752716227,4.024421891199463
0.5111805162984453,4.130589004698587
0.5726579123120837,3.9287461862684836
0.5681971789208484,4.097750338463173
0.5789914215526106,3.904551591068999
0.6103227644633737,3.813873619517807
0.5339976004577557,4.024327520066623
0.5133273618981405,4.107321191689402
0.5718757026209994,4.092741749398633
0.5252582673920552,4.2613796402313655
0.5650023026943599,4.146618473283943
0.6027447534189404,4.040089813256342
0.5371616716475301,3.9028149624771267
0.5654791807033942,4.110563799566627
0.5464686467572943,4.2875853303035525
0.5223160490213724,4.180870680362485
0.5079317440754119,4.084950969177651
0.5350090098117698,3.902832072664058
0.5884294292778885,3.882267731259594
0.602181026309523,3.696698124222387
0.5205241186896057,4.177742659554544
0.5871053452519095,3.9739745975697556
0.5652111809834731,4.121802025248882
0.5304740359446042,3.9630110383102135
0.5417059873385978,4.101428686379259
0.5423919185625287,3.9131415918037877
0.5377820833720873,3.9342179107528863
0.5072228989751252,4.08708273119838
0.5404207102611788,3.9024541646389825
0.5456015914368233,3.828989840055509
0.5257209969150357,3.95686996588438
0.5234175265177831,4.014882123323232
0.5480274034897533,3.7860418440178063
0.5323502857088639,4.1706730120457145
0.5340562333181443,3.934215039287588
0.5545235029478632,3.92838269229344
0.5611786152317909,4.199150207336552
0.5522154851400927,4.1859805794044505
0.5321778899702595,3.8566255489575116
0.5539440686700686,3.969858063944736
0.5640523383119992,4.093149543313467
0.5395626386619182,3.8941381174917384
0.5490519153898675,4.025246646295276
0.5239386078757949,4.211037396505589
0.5766936571806426,4.181719895765521
0.5417147205851942,4.098789552360159
0.5531780001325114,3.9057127869804504
0.555012595618889,4.172741341572932
0.5465972662246069,4.1014911295268925
0.5451248020811092,3.8720715266235053
0.5253598366578786,4.231551299006069
0.5310621902440994,4.207221822335831
0.5765631110975799,4.063829789522308
0.5561454260762014,4.32735630080619
0.5588387417817846,4.157961659667384
0.5704742918592045,3.9790477262497497
0.5636773351580019,4.0959426358978535
0.5864676697868861,4.146970571103731
0.5571260001873759,3.7962567840809407
0.5721813446267264,4.021347656463218
0.5331242289182635,4.363485878715095
0.5242973658938738,4.218011232890123
0.5054148613673939,4.052477543689066
0.5583363309742438,4.180355771188915
0.531960009164801,4.127027608460998
0.5571758621176536,4.0429468485153
0.5794109432169262,3.930203757252656
0.5841968810477812,3.9805786759779185
0.5520864925067194,4.058264744545208
0.5262520379805068,3.9034273827779367
0.49857102115039936,3.9176261513368833
0.596782314365537,3.8997820460708685
0.5977000770272874,3.8386842813076094
0.5354926242302555,4.1243927447447755
0.5088146831921397,4.180219380986043
0.5140967524092321,4.069621309697393
0.596106433627653,3.991495660154414
0.5665619537334985,4.128794088109282
0.554786726873257,3.886054771588207
0.5466810468020286,4.064627034226187
0.5611501860488495,3.945354972010689
0.5496880739773388,3.8295128165961807
0.5434997434439407,4.012942275236374
0.5558812912976172,4.119045599461467
0.5495553762078317,4.113802650494963
0.5252110673324778,3.8889741864277396
0.5336689843238368,3.9620007428513837
0.5614682746797365,3.9242074581754927
0.5252911028932803,3.9219866885663417
0.603167447981729,3.998250434424883
0.5330797460105744,3.8978567897679706
0.5495406824941403,3.959643281975118
0.5780633578067826,3.96690459106285
0.49249283747975797,3.9545025485456793
0.610794316545007,3.74592718165322
0.5548653777310756,3.9096617306144155
0.5601977859385054,4.199466039953589
0.5464962343070562,4.186048351781804
0.549122830760877,3.765282053713149
0.5217202944984556,3.967425775207479
0.5454125051722689,4.098503661996174
0.573322227920105,3.964728787803183
0.5455984829615735,3.8727086917204634
0.5809750060539294,4.055971856772965
0.5547792579923819,4.05721606941185
0.5556915182486907,3.9494643367933406
0.5715785982422161,3.9443945901206283
0.5445448269170968,4.316443727675929
0.5483877363919868,4.030359580241551
0.5233783173648326,4.252188801303669
0.5533062646413275,3.964463595710366
0.5346547526264327,4.330751806236138
0.5036457509230277,4.158217650441208
0.5574193802805384,3.867372709217557
0.5309687686310941,3.941145325354278
0.5478383490696815,4.228117211557133
0.5374847360006747,4.0428694201578645
0.5359743043197657,4.3195333722428515
0.5767796276968252,4.024016087699153
0.5245844037116486,3.9431359140823354
0.545945206103275,4.076717164781326
0.5593685522684367,4.089937420531291
0.5816718657680481,3.990241451732769
0.5475726425612943,3.8135848938808663
0.551769227959425,4.118005482376597
0.6034077362965765,3.92835108668954
0.5405458628572845,4.279730007437769
0.5379253504508195,4.097190544647712
0.538057079878082,4.110494871220747
0.5522244665384364,3.6825652579885895
0.5044357961441542,4.081247656391281
0.5740987630429969,3.9902796500617193
0.4980896683221128,3.9237890241541074
0.5611796844394549,3.6515098738535117
0.5545388628355475,4.054236644218634
0.5599040564408261,3.9198261133295387
0.5356189911861092,4.199279871466324
0.54451697301583,3.9805206811178473
0.5663339959238367,4.100220406030686
0.5564359335470913,3.7457755263749317
0.5872767939516105,4.188073428079036
0.6347221556033952,3.7793186946957165
0.5309262992256366,4.017429047011665
0.5529277874055553,4.026959092429857
0.527737540240313,4.159848614847408
0.5411274915349467,4.114610883599952
0.5835630787938263,4.028839579873223
0.5711433775370537,4.104861481039185
0.5118266842567462,4.1093088063823755
0.5534208271470812,3.8320437373710288
0.5667088374584076,3.7083782729776744
0.5482196142719024,4.057931339134961
0.5398278239688356,4.337168774621433
0.6088773051719394,3.723775447792919
0.52182948506887,4.238273990803953
0.5500282520916812,4.218969019548092
0.597273454259662,3.928834345487586
0.5546301914099655,4.26065583925855
0.6045106403554513,3.9110666805364303
0.5958476854811102,3.915959231217222
0.5238767905237464,4.250051238168559
0.5927951349920088,4.057375653585113
0.5234754964213055,4.165560160968732
0.5619922035270127,4.091761927599758
0.5354340392200206,4.025862724012982
0.6389370775381755,3.8487406434759546
0.5672008697814453,4.096630088528092
0.5229964274961164,4.197596899035513
0.5749869780052039,3.963336869935954
0.5993088009366369,3.8140138357776476
0.5529187556978843,4.025589497528383
0.5781068846911571,4.034307378828639
0.5658660129782175,4.057941935995339
0.5648075559046105,3.90994396347202
0.5436420453479465,3.643723613480582
0.5405139543615726,4.326118456441887
0.5445214481591486,4.089199298916753
0.5453228314694741,4.226266850446024
0.5576865613067599,4.166851872789237
0.5299089361804528,4.210151090948674
0.5906248201020872,3.9304910239642212
0.5215992906388154,4.26447302986912
0.5466096307988527,4.230232853228485
0.5639704866440304,3.829662759285835
0.5735728123877291,3.7642965427079473
0.5532212396773286,3.861590282830967
0.5459422434073334,4.036367560611691
0.5414537195692054,4.092477190638121
0.5643650230391045,4.102743796839152
0.5779248155677092,3.7962985808333856
0.6500287035726547,3.7974252369411716
0.4876461829549676,4.0217779306738795
0.5812569747320971,3.923533831052143
0.5502138134403164,3.8257573601166395
0.5365269432188552,4.292352052305545
0.7599478345086151,3.2618163523235904
0.5360322302123813,4.16813676028281
0.593033594297868,3.8547301091601693
0.5765566920901316,4.07156725408796
0.5402282077476214,4.300043558797666
0.5372894849699613,4.175823378950553
0.5700384758457514,3.8586283468506983
0.580503522681217,3.985397034161726
0.5212145527862789,4.1858598447669335
0.5543703590697767,4.165614855922016
0.5631587259443217,4.149220272800531
0.5740523552967504,3.8945076230351976
0.5725865127113522,3.881878070569146
0.5231692894197982,4.0712887500409165
0.5614396305580213,3.9564270753845623
0.5897346569809775,3.7469032719635877
0.5391268805557168,3.8809190679346
0.5411225305856676,4.234339823322979
0.5669969344636663,4.096279216028001
0.5328284280680232,3.9305670256029805
0.6287769105575672,3.8741576003849985
0.5382814748985794,4.312610225940862
0.560527192860125,4.0657562259054005
0.5078298179051166,4.110846975724269
0.5434913666422154,4.019243107840019
0.5398996454848634,4.082248566242961
0.5591157618332917,4.148863126105147
0.5636059687965327,3.9455566965662605
0.5407730257346524,4.058496392160186
0.6084747481625415,3.9786198840855485
0.586646010853209,4.129313534467706
0.5866088934445683,3.9676319381078176
0.5815700630486119,3.8732512199937936
0.6126809336405051,3.7305831469720925
0.5727036842639451,3.880784978929169
0.5381481459828624,4.052126892176311
0.5324078604597142,3.948430592277439
0.5698978689299802,4.0637612306375805
0.501313972042225,4.1551412271805095
0.5218042585042836,4.252467823019886
0.5888022701360683,4.11517293326824
0.557052437114604,4.021559325349213
0.5651918720143042,4.148775603130056
0.5476136094064576,4.019865661090069
0.5384790244951306,4.146708692463371
0.5473100485410548,3.849899200780961
0.5580007052459393,3.9513114783749557
0.5068198249836072,4.167738898453084
0.5085424739670377,4.141415634306695
0.5459136569646582,4.035713997892005
0.5514650523100394,4.190242813341075
0.5116377770965633,4.091408716986401
0.5190704311584691,4.237521690365335
0.5203844831591383,4.054304012536875
0.5879418258467983,3.952000098071606
0.5347915476993249,4.0828901647677025
0.5785947345413867,3.9466170351514425
0.5711019871221119,3.8165689980664603
0.5607006889084112,4.202484094822745
0.5489721792153022,4.006925527884761
0.579670621984442,4.145612420640437
0.5743072780597724,3.9562810986778296
0.5726067409102723,4.056408408696812
0.5352787007675598,4.344658847476516
0.5422955256351458,4.288300920475648
0.5673979324388887,3.9446163331750443
0.5088442547354887,4.137430163104022
0.5922810306663991,3.892974177847216
0.5854243342785944,4.068763394984438
0.5487124634153647,4.02088494703568
0.5527894075486585,4.06373844862621
0.5955122269326575,3.781002904241129
0.5432155035408411,4.306768215154491
0.5202871669031737,4.305790628146034
0.5426425161764273,3.8524343761777544
0.5483728818166173,4.234907525359609
0.5740630978642353,3.8375014795287345
0.530300916055597,4.155527198267205
0.5655105806792414,4.133861396283902
0.5322432077801763,4.2374399560548
0.5646575343338663,3.887304331644899
0.53147517318107,3.9282524956678357
0.5702993473527808,3.8420928762846027
0.5962794279071402,3.9081660133487843
0.5249210995581719,4.225566461580983
0.5553429257195776,4.348248837220877
0.5636489271431527,3.901201308450728
0.5028571075787757,3.898497608915965
0.5612492358376892,3.8010863736454326
0.5313482027289258,3.925735602647545
0.568731691653339,4.107288826400829
0.5294028620020231,4.181851638810518
0.5845114708791131,4.149388124612137
0.5090756426441035,3.87469444560179
0.5542404226803559,3.892215328466193
0.5769729487834321,3.9116907365343963
0.5741250370942841,3.9355961764139757
0.5652360473564177,4.212590087666563
0.5396210240855503,4.025936059133456
0.560840253783608,3.8430633678993398
0.549579421459406,4.027799092800905
0.5513350056572162,4.1971143848276045
0.5709246508688249,3.7307690643294467
0.5100010361465989,3.866874561990048
0.5210263231362877,4.198702479377451
0.5257385321920199,4.227553026507178
0.5290444810362337,4.1873763598001394
0.5705854881197866,3.9203881824440607
0.5115896087855512,4.156380575989835
0.5672869016336644,4.075297509277319
0.5871885805582632,3.9922944330284786
0.5416607984804017,4.08979783031289
0.5558603670241977,4.130112661976113
0.5752700173282662,4.222637499401477
0.544130935408372,4.2511340551752985
0.5244183608926608,4.022490619697649
0.5536621373179796,3.877907458368782
0.5203888728000405,3.9802027701651164
0.5905277713218685,4.088473572703962
0.5675437883040545,3.9180617527386197
0.5448873842345142,4.244884914914793
0.5895359483984567,4.122237486387395
0.5888101778785079,3.924897697873439
0.584529742734202,3.670284182029546
0.5734368219605792,3.8030004377520967
0.5204412165522941,4.107429785420895
0.5755638058476655,3.9777029046589334
0.542982230436458,4.0915465069905155
0.554586359513013,3.992594995629553
0.5314815874261046,4.231093234920356
0.5588396194457431,4.07876666853604
0.527698843043072,4.001883800402354
0.5485055117354695,4.1948059686097325
0.5616064431190642,4.276000621181435
0.534071331380754,3.9204339429973776
0.5893358349769535,3.8089190787468055
0.5585595766505477,3.8547537138787633
0.5547518228999698,4.021180755269946
0.5361900831483705,4.087167855137349
0.53107275649339,4.2025203903484325
0.5508749414992463,4.015645470163545
0.5464743505806359,4.072471374813211
0.5570348711591562,4.189631289707878
0.5527725842193235,3.949180806414302
0.5522795008896332,4.1895116804394235
0.5569813090708878,3.917914557187617
0.5560026799307296,3.936280807190167
0.6043723874580146,3.919840532938618
0.5910298632310237,4.136116048684343
0.5265516603386996,4.104792684991788
0.5578446526788916,3.7184031509364335
0.5569928054303993,4.111741972217763
0.5722925040257978,4.0141547798574075
0.5654735801431152,3.852396739439133
0.5247689672766999,3.664972284019763
0.5578768636031307,4.088688398933136
0.5712218529161874,3.808821959136122
0.5526382605833042,4.217015453507447
0.5423016845551298,4.049116118888961
0.5360362593394646,3.910363782670979
0.5221814722701186,4.183844205976975
0.5454403069454012,4.156333457176362
0.5892816100222003,4.0107333342059555
0.5622127955083619,4.106656707540965
0.5653952883850754,4.0980383593671865
0.5791732339119272,3.9819287127476746
0.563698638507593,4.072795155963939
0.5253416343615549,4.195694078182909
0.5958029780920853,4.08867695488852
0.538189781638798,4.096737686062168
0.5270111797925767,4.205413220950574
0.5966547859348982,3.927663221864499
0.5597276904179352,4.129170184334206
0.5690290839522391,3.970248418909911
0.5516338724418556,4.206229769184425
0.5512637021541628,3.866679764836649
0.535799785433275,4.340078720273478
0.5466963965924375,4.241067542486681
0.49402039913274504,4.02107599745885
0.5447712351390712,3.7569249414325516
0.5664748447368555,4.160047248793526
0.5906572503268704,4.06641381992569
0.5243000582606637,4.25670168221825
0.5813170145516428,4.139363959136132
0.5809792475143153,3.9296769746793423
0.5303776035621489,3.921131698890076
0.5991492610666359,3.9504805457595764
0.5937201523449357,4.039572086605074
0.5446136578326878,4.101660250423587
0.535610210108277,3.850983210445547
0.5487648314467937,3.973691974688505
0.5652126734599485,3.729606682578533
0.532496492673028,3.9421409819780866
0.5593372359201639,4.107193144981043
0.5420753247425073,4.142988523338938
0.565712360938392,4.110754101386019
0.526192516964255,4.2530584393335165
0.5885647868029112,3.9577049275311045
0.524303367762112,3.9982700374575213
0.5752189693656505,4.011462588831844
0.5839080426657995,3.9220412576246644
0.5327934080483857,4.129385569215867
0.5463530910345408,3.7437679759609903
0.6010198631750369,3.8745575782420167
0.537672938730257,4.0675153940571205
0.5944107206793559,3.9360579562521063
0.5802169197480692,3.8593529747778774
0.5803138640805358,3.963707556900268
0.5483199883318071,3.925754683304602
0.5601477793560775,4.098522681607969
0.5430310077892869,4.097070326039335
0.5390111355170356,4.29132448294619
0.5270876737069503,4.198779002235976
0.5427686673502536,4.066366275252073
0.5470719433890762,4.018389824915975
0.5298604958626731,3.9612686109529354
0.53689176364643,4.11967895694097
0.5553058437532842,4.1475584916985335
0.544843345602677,4.057586282625997
0.5434045744171528,4.073831763912586
0.5681902780107891,4.216263529170683
0.5734807847950564,4.188057832639245
0.5923503090746098,4.0166193344890955
0.5551944144222666,4.030679246563388
0.5609728352293565,4.094361521550211
0.5369362325439574,4.128916284097084
0.5075066424179219,4.140526219969062
0.5196439913243684,4.282313007806636
0.5298692319532359,3.960932110050647
0.575427843322429,4.039807314399538
0.5548953867808392,4.2095102997069205
0.5585116282129448,4.13585912601179
0.5719252912033949,4.085173593948805
0.5621329821928538,4.052775651621903
0.5364377888233706,4.154716359052329
0.6060748910091723,3.987093067673816
0.5309783991403663,3.6787210856413264
0.5455316907948448,4.068604404215317
0.5138505448060781,4.0556172406383295
0.5246995907764095,3.925330100742333
0.5249928099976889,3.9703031614405178
0.5373267567963911,3.8797330853856162
0.5415202751886657,3.827006097617765
0.5420126068857752,3.7686344626570834
0.5265814740767522,4.222497625731983
0.539961535335567,4.084013385742404
0.5582493994463233,4.058149755422
0.6228046356767288,3.7041786861093278
0.5456734924755108,4.2295589043770265
0.5643820131679442,3.866890711441816
0.5608162285390563,4.318786486221471
0.5422933955206867,4.190880997184778
0.6136783236025184,3.8060444568705205
0.5570817451159468,4.102886325965286
0.5395976658818532,4.031545915776122
0.5472507589571276,4.190124581514499
0.5371523524516487,4.086395180894125
0.548051274283703,4.079100415617491
0.5830251651366511,3.961800544133942
0.5718169186573693,4.201367855447361
0.5505866555972254,4.046089272077373
0.5389598338341147,4.082039240316774
0.5547592378447237,4.050760510593349
0.5903100708743972,4.097389472609801
0.557243041295711,4.104186069907305
0.5300455594306407,3.8895976629109548
0.5315299513372995,3.9294027155613898
0.5665499019207757,4.229481304255446
0.523149367731719,4.182102988052133
0.5401630760686124,3.869024086624197
0.6070976835411316,3.8363013974595472
0.5572540117085613,3.9756169068221836
0.5283209075190555,3.9690142130953032
0.5311371301941656,3.9601017092433213
0.5567478819755437,4.1457918063498225
0.5505817381778615,3.9760496563366665
0.579558628422154,4.085751003764161
0.5413934273546294,4.057838851267881
0.5259218428817375,4.224027875861267
0.5237527655231957,3.953241956635408
0.5359581461179588,3.8814500330832864
0.5716266918869302,4.062235494403793
0.5627884574671543,4.142132630722256
0.5235716025961875,4.223983843471624
0.5159540764049723,4.062143040910567
0.5479789017445286,4.242516442817904
0.5585092658620897,3.943995265672605
0.5325808459581016,4.340703608970501
0.5566351002301667,4.230907623293349
0.5332941933078877,3.800029952293855
0.5655212696793456,4.135659420834631
0.5330476428424512,3.5791896035059363
0.5774110351616911,3.988019946758786
0.561702247164127,4.0182128917921345
0.5670562383567083,4.04238047543438
0.5064245884381837,4.079006015835138
0.5388485551055459,4.067490104902749
0.53972679005723,4.0770140731950475
0.5733203271014478,3.8389730936304667
0.5647303958189136,4.17942694842556
0.5790418715523964,3.914346053295642
0.5293550920053173,4.171195347185574
0.524954794633409,4.2578307403649935
0.5555463679846792,4.112196780194197
0.541572042360355,4.261735504986122
0.5330882083747336,4.112715682207273
0.49780895132976605,3.9525357734915887
0.5081453220655177,3.869208966326505
0.5729655116317968,4.246991595565513
0.5749887634868229,3.993929254743519
0.5830808185094639,4.068297136826119
0.5508710374549671,4.051639840119132
0.5635022587651647,3.841073524892088
0.5586009512913467,3.848868798000747
0.5412385299751017,4.195310665632463
0.5459444388918108,4.325360428424579
0.5417192800191805,4.0582758603180356
0.5370754505541216,4.111661228742112
0.5677254091015481,4.052933511847314
0.5614507632906224,3.952239490580377
0.566171358747909,3.8830483246434238
0.5804675363950714,4.15664541954677
0.5393962294337903,4.252827991955264
0.5263309965920147,4.140822474927859
0.5184534517066401,4.293858648526275
0.5444938889600915,3.8425571124589815
0.507825595246409,4.120019500932937
0.5762778911229732,3.9742825206031536
0.5441143035156178,4.032939333156573
0.5537323217540272,3.9457923200825835
0.5435381944984053,3.817428344277372
0.5753673541028944,4.220472549269969
0.5243298846185799,4.179008579392902
0.5451060794531023,4.036581805072611
0.54570626761145,4.0204488464185575
0.5375884556642194,4.195877424648772
0.5650217785643378,4.12351856279109
0.5529154041697559,3.854337581470284
0.5526850515011162,3.846717644402391
0.5436833574935495,4.072170439063304
0.5767275149026533,3.721539852292896
0.5205005715242339,3.803614430840829
0.5524299869371394,4.032468420910944
0.5808898146669929,3.8751458087896524
0.5270723791093032,4.211862075511051
0.6150514826489556,3.765890419978124
0.5635828869514702,3.8995029523628717
0.5738883221748604,3.8129563396444826
0.5197664859514667,3.897326543009862
0.5976079053815119,3.9311012354315586
0.5529482915396321,4.022266948565825
0.5461435563569391,4.06755262778161
0.5454387256708219,4.045262711549542
0.5491410305280261,3.94601898749614
0.5138873094153772,4.0245940871787615
0.5775131604826068,3.8041682208308765
0.5073344613622236,3.807643595080896
0.570339274710305,4.084147074096814
0.5799300509166759,4.118671233120474
0.5772875153614331,3.9241119004301166
0.5968000036770955,3.580151111118488
0.5499194596547382,4.214925659784147
0.5779494774045898,3.9670291048286863
0.5853884746234778,4.019805012694233
0.5286203376566226,3.899000548933998
0.6615931431408285,3.5275280831977227
0.543952811467867,4.067333676544616
0.5750258408648746,4.032664659421936
0.5895994782671645,3.8591508724724624
0.5563042979933415,4.099669879103833
0.5427175398445356,4.0543652832151365
0.5676114746723195,3.885299897170681
0.5442809360312337,4.143089108870817
0.5462170045589315,4.040373645978888
0.5578733015644197,4.111121327148351
0.514575393271408,4.041869704315788
0.5355051112130421,4.055961162066907
0.5683818022992573,3.5960607218985445
0.5442921828900068,4.04577054192576
0.5394082419374954,4.114762471782832
0.5233975879287261,4.025054809584623
0.5769919828392851,3.9822492581050635
0.4956065361242017,3.957788415879595
0.4988901136213932,3.9354156756638647
0.5382336940196834,4.248701045500103
0.5588527773671909,4.1764613993423945
0.5640742983566067,3.8967242344954056
0.5610933484176257,3.8949620577642627
0.563593418999452,4.046736510319794
0.5535613305622834,3.9668796002902966
0.5631064900129922,4.153697269537788
0.5448645294644888,4.079561714482429
0.5459751328802086,4.101950378181347
0.5129389730643468,4.122020587372429
0.503974206157049,3.8599342061578663
0.5477839371096385,3.971878642426811
0.5555791419744978,3.947260233929836
0.5690318383561036,3.831897857006325
0.5376725500888803,4.070517518211057
0.5729082673566795,4.310638676551505
0.5352865998455393,4.132732131027058
0.5906269408918827,3.8714267662016293
0.5894499163165817,3.851936318693927
0.552290056742547,3.7786087416275467
0.5574409477055127,3.8933956138501986
0.5494515458331769,4.004693012108361
0.5409598344476404,4.030898659782074
0.5196161389338793,4.27262392486556
0.5574036114826683,3.9222466229382036
0.5487283108633139,4.060078962690613
0.5821559006780748,4.0845476410958055
0.5585908384853866,3.956397105741397
0.5145797261379156,4.104414050721884
0.5652689002850383,4.117451373570788
0.5268089792075693,4.235911184051198
0.5429502189431225,4.25680261850119
0.5366681171561096,4.154487836893834
0.5940733585478145,4.063583296986467
0.579713613368288,3.8957660386344206
0.5587343453604549,4.15993950348097
0.514144251242989,4.02557722880782
0.5568903012707435,4.167822756914691
0.5643197226322927,3.9251783114703795
0.5395560919306641,4.156179178254649
0.5599472749004438,4.174378434906917
0.5779412873169286,4.003452749000721
0.5274887730810076,3.946043102135303
0.5493557648500796,4.071802083563637
0.5313344285739127,3.645848405810227
0.5395893526200476,4.028127264184152
0.5572868043260707,4.089053169112026
0.5673221129414667,4.125135981571583
0.5673568249035806,4.121459586974599
0.5794121828371209,3.8980567324278117
0.5610269710064771,4.15783023067607
0.5551233823016851,4.050104281491469
0.5545967692312187,3.9256016172941064
0.6247987087890985,3.5321929768803835
0.5621372941131836,4.316210190415867
0.6042048984247211,4.017391296230174
0.5155333370323251,4.006282110635191
0.5284106618903404,4.166712028923797
0.5428062070190658,4.109825605954904
0.5133967681568662,4.109291159245155
0.5906884363264687,3.8901075111753443
0.5914468045746712,3.9157137195841156
0.5243627084942134,4.203438833026066
0.5518542364169284,4.047578484613107
0.5205322176791275,3.99667544678088
0.5563753295411564,3.9896944244006622
0.5395338578364698,4.037771277909553
0.5733954811125046,4.0281645960097805
0.5750792030096435,3.620821469767554
0.5475641602901152,3.8194916901389147
0.5819779403962944,4.154851022489497
0.5454982400401146,4.216175347508764
0.525255976771129,4.23861326744806
0.5140152766353983,4.08224028161486
0.5237945404864123,4.2753179272271975
0.5630703178664961,4.028483938741365
0.5682562063490525,3.8583211537805084
0.5592385397445626,4.105558464760101
0.5595581753522947,3.9753381418957727
0.5953809998345624,4.008654376039442
0.5207634679135423,3.99228538791395
0.5326769928170444,4.106751516694313
0.5984194594693814,3.924845211574517
0.507081156317442,4.099779028573013
0.5602165466973991,4.098507215311158
0.49883731247290725,3.9659829276239495
0.5951592515759841,3.9002648065413914
0.5623635240857264,4.161886134282811
0.5403858526870858,4.119422627138965
0.5644008408890374,4.091551551801019
0.5511130145667565,4.04683133183962
0.5506206068280609,3.8536525864850972
0.5479566772228741,4.046524596339768
0.5225359163808013,3.9326397313963852
0.5408188547948635,4.347952842421372
0.5058967052898056,4.173097657474359
0.5614107192247119,3.861722910460008
0.5531220509689309,4.058356100537995
0.5315334952087256,4.1182605580058365
0.5608124140425186,4.117939957905292
0.5490628124638226,3.991680725784415
0.5384046184029332,3.8814747518603645
0.5408031265352138,4.061436258938479
0.5744681569966157,4.151909109816192
0.5423840688713704,4.304765857370682
0.5365621025549183,3.927713287049825
0.5621261429443872,3.9748099533590318
0.5522692677497116,4.023709843039746
0.5138647271804878,4.086012495167458
0.557209293508728,4.2466407307573695
0.5375360577401176,4.094203940169149
0.5328226929428699,4.17098636256494
0.5365933766098638,4.188921456046942
0.5642555396348038,4.18821495183341
0.5570602055698753,4.099136335486537
0.574163432037441,4.108529205278675
0.5688323484601564,4.064207894095696
0.5838547238416286,4.0672112774513325
0.6022095427040762,4.049816812022331
0.5232055571121711,4.221776872040202
0.5569537421721893,4.037085802727646
0.5628681464348192,3.972422499483523
0.5817339774758835,4.028811397941629
0.6059322466612902,3.9001797640996987
0.5821576016363988,3.9858746183795066
0.5704813676556841,3.7945196257411875
0.5448868473156736,4.131204902927685
0.5436124889986398,4.081421501638284
0.5514133644767999,4.043863739840746
0.5560543124435594,4.192602184830205
0.5387605873916523,4.045800915351445
0.5659238479421312,4.044427141085277
0.5282915344475635,4.17291532932254
0.5450966581215634,3.983566833248356
0.5186629608241028,3.951690198559842
0.5416904422614849,3.8340074201693795
0.577578121929962,4.175528694161165
0.5195464106487756,4.239813214502141
0.5919058424217395,4.014696424785334
0.5602170049097555,3.972616668630065
0.5489105940875839,4.160765212233024
0.5396814037696614,4.096556377435857
0.5747814783194248,4.197910388806011
0.6220775986725702,3.6123530839381264
0.6042122302997658,3.9873801664009747
0.5461369564242712,3.9852264981279517
0.4941680711028075,3.992189267696819
0.5804880490342871,3.7074225494089457
0.5217605203581092,4.004066923900159
0.5307864310497674,4.364043834558026
0.550860656431203,4.184437917779989
0.5171544592347782,4.312886565694684
0.5583249609340123,4.355946551141396
0.5543751283301817,3.7745738728586335
0.5321422040634137,4.173608369192265
0.602178884206022,3.887452007576489
0.5452874473207178,4.2700777648291615
0.5080302512501464,4.107431109905485
0.5566402631921823,3.8129372108286184
0.5681725590446235,4.115350058819041
0.5537174345438307,4.158962589246501
0.5568579626041651,4.1832371230625345
0.5530395999245982,4.011747537859584
0.5699442626499613,4.047069755987256
0.5464011713471584,4.0268314719740435
0.5714511864216877,4.039754974961032
0.5517174829991974,3.976448366815868
0.5255983020594966,4.214756915557902
0.5775011816544514,4.006388665182063
0.594187506802394,3.801760110423913
0.5226847952082223,4.028729663663566
0.5198557348217987,4.225649151979193
0.5985988255835334,3.98177487132739
0.5531841672850827,3.901992621019279
0.5477778715424627,4.00018456068393
0.5460494997613933,3.8510891963374974
0.5386782396652223,3.855639506018853
0.5324298005276417,4.153190054420901
0.5617828759245328,4.096792214281895
0.6003747644692528,3.9195243575275325
0.6569080504383755,3.6985168815388687
0.5663156480023428,3.901727925917879
0.5661525461043024,4.2665809482573085
0.5339145886658045,4.31374294484428
0.5614502685315904,4.134507823913997
0.5702664032438144,4.251394271749912
0.5334187422418258,3.8413585556371888
0.565508175298028,3.8874521641451527
0.550406530043067,4.033744854734626
0.5667909911276716,3.890457854939567
0.54417733502983,4.101023302294913
0.5122215413549703,4.095979849569842
0.5648304484190414,3.7239835587722383
0.5341951864396444,4.182224607131354
0.5499660512871009,4.192084146969286
0.584380224362394,3.81927897769697
0.5519128149274208,4.061731813989195
0.5359644552607562,4.198529414853397
0.6307723541473279,3.852242695668368
0.5461728156849343,4.076161596761176
0.5262500284407375,4.191509048447439
0.5643706702523598,4.081869939147022
0.5593781791876461,3.9019268500976967
0.5733859682144734,4.116362910755604
0.5275903747341635,4.167196703909457
0.5488827587947308,4.230003903048618
0.5575860634955148,3.974765047217069
0.5909654525574869,3.8577379473026743
0.524738079725468,4.19469500063152
0.5506744337627971,3.9320028376878544
0.5568184785028532,4.143969771063888
0.5609807351518726,4.086583263959743
0.5540351152719566,4.1591838404449435
0.5225820362240979,4.210605543694158
0.5751568101685806,3.9860629844738242
0.513274635310933,4.0812738919538445
0.542872686825387,3.819032318901941
0.5477210777986196,4.189929132317534
0.5526323455102499,3.9516874236636874
0.6111918552297291,3.7763126630537607
0.5671503089635274,4.05819148213941
0.5273375692697169,3.9656759513423334
0.5380764940106184,4.10160008425576
0.5899304213035829,3.8962900531193347
0.514762784592741,4.042712064254663
0.5593298561619786,4.038729001831364
0.5206441653261528,4.0784256671171075
0.5815063347200021,3.94543973431165
0.5402677725924238,4.067447502784537
0.5703350643061353,4.149812708113657
0.5680386959256551,3.813850780678763
0.5193053123926495,4.209645219367879
0.49922971697824287,3.9180221740020245
0.5407520310164161,4.130131263424067
0.5432941043678894,3.751562637372981
0.5570091755434188,4.190098848972879
0.576706269022317,4.193337668314542
0.574026898222618,3.9544793141435552
0.5259407071815986,3.941057284073649
0.5446245618183163,4.0616586198559235
0.5264243828891835,3.8664739660734515
0.5537774572069325,4.063697256403633
0.5374651659839629,4.07884495088238
0.5479846886560255,4.042570603132861
0.5694354378193142,3.878508686530999
0.5574601681968802,4.146077914184864
0.6415466206794563,3.92816505954725
0.557138841476964,4.152503256016156
0.5559763978512804,4.125540749519733
0.5588454299271204,3.9976616232078013
0.5529315358450325,4.272290313129781
0.5692231800676076,3.83275616121469
0.5657031087816327,3.8775258047839247
0.5523371910718388,4.067095663632823
0.5637243385224954,3.935488621735171
0.5547671627717824,4.214688736905374
0.545936595357224,3.853912562865222
0.5545272379127549,4.198804110221466
0.5628436024487262,3.932545178181669
0.5156743438493424,4.058149990693472
0.5499616769918598,3.9624698738464468
0.554810042094779,4.165977566093732
0.5313798395403967,3.905831890573918
0.5633116443112258,3.889874385710217
0.5902326344203425,3.988774328441749
0.5532794645105216,4.183151946637703
0.5423219643345947,4.068083992363632
0.5593701680088303,3.9292709041603513
0.5062436657543379,4.133013686029157
0.567642704309777,3.9679769213457394
0.5474753206815389,3.801303223462759
0.5404821387766942,4.0242198239498865
0.5285032574742908,3.9773347834267168
0.5439155695797119,4.110300375359176
0.5643834191536709,4.147097402460939
0.526056906175031,4.158653821346655
0.5290298608810289,4.0314007878832605
0.5806861817049617,3.928424675460985
0.5519196125388378,4.0506334885307
0.580838442861058,4.072571382074091
0.5259123528137424,4.169203163320521
0.5498461913469201,4.269910169070739
0.5632272019822114,3.8758681375925104
0.5658467066099234,4.1272316327560565
0.5723437173549069,4.0566430426899105
0.6029402957705556,4.040583551484709
0.5711266188725571,4.247328627734496
0.5320133664302683,3.9636305526885587
0.5630281615641345,4.193815110198283
0.5497849346831917,4.040480945779579
0.5118124577995743,4.122015280459364
0.5819427800206057,3.993389910655516
0.49975422205010417,3.932174809194168
0.5426416614080273,4.094038520619756
0.6350169314182158,3.872717017882636
0.5288224667819282,4.208524713028702
0.5595786684822429,3.991609303102774
0.5589836072934135,3.9198204734495365
0.5352335628139989,3.8702177336099126
0.5668630923754049,4.147602070546816
0.5588820190019245,4.2340270307007835
0.5670630143246603,4.09766548750454
0.5434383595981361,4.134746478434979
0.5550260472830245,4.058067379616541
0.5539668330587737,4.198914496042918
0.5733217833641253,4.05958079930849
0.572289523357801,3.924052638164907
0.5118573636728528,4.144081466058924
0.5847271632529856,4.015231962667749
0.5714323821758386,3.8501475893422037
0.5566645050763719,4.039437429166595
0.5269523358507,4.144580123496438
0.5781170103353229,4.0601766851334204
0.5159278691773055,4.055490466701736
0.54185948173829,4.120151034014576
0.5325098361060528,3.9298543547030955
0.5482393699249124,4.246919473081936
0.5519683862401409,3.990712552366217
0.5787950648684568,3.9741179343842585
0.5621919531129925,4.270132439521204
0.5706176934059168,4.055840791377384
0.5740325491320396,4.248356108882734
0.5473057033995774,4.103335211332517
0.5053203823213415,3.864157054006979
0.5741112009812382,3.790871742427413
0.5312083427942423,4.192404402959179
0.549820778040536,3.787427674432213
0.5548675048413723,4.061725773370899
0.5782023623679972,4.17826918459773
0.5884696691762966,3.86091796374058
0.5619148293787656,3.8590126662305893
0.5539527051540126,3.979948522829481
0.5786149794480742,3.959617185839853
0.556038395801229,3.9188484278439506
0.5376099604244877,3.891239986208816
0.5480541629780155,4.241329823323531
0.5940098574812593,4.069665958012374
0.53924023992315,4.08609350597372
0.5138490566728815,4.108503488666353
0.5240053534188379,3.982733193945552
0.6500606924844655,3.7893812653482883
0.5644426625251733,3.848840489725328
0.5860304117859779,3.9249366994302073
0.5826970023025323,4.17465878043862
0.5431353877645596,4.0955624462590485
0.5517971576768864,4.022282129083771
0.5674435555253856,4.0286402139484245
0.5255675572926412,4.030243165141226
0.6046871739927552,3.6511062777512038
0.5178827402494917,3.9243450557111808
0.4948981962295089,3.9350049234822015
0.5426406622775904,3.8431066419526214
0.5131544836804045,4.06135230678452
0.5904888215591038,4.168003164044711
0.5642916849181275,4.126151940332376
0.5239961991728642,4.224280917316933
0.5506359457835194,4.023867227498713
0.6204308806120198,3.7931453195444687
0.5469538479774875,3.736296795937973
0.4937749422919151,4.1545724766705545
0.5177182334675897,4.266844013718171
0.5444619255600092,4.291942605914594
0.532779638055973,3.9520564366651665
0.5228973949358906,3.952148862777847
0.5506052335953306,4.074591636824311
0.5801010779743497,3.957846502344632
0.572532642805477,4.2425460964053885
0.5613964252519349,4.195224066178671
0.5731023483165599,3.9537071756977418
0.5200184652700576,4.215546420914717
0.5436739214932168,4.090701517916872
0.5704739450094407,3.9405322087345667
0.507107532297823,4.055327118927686
0.5955922791359305,3.7862639853466433
0.6031061977570251,3.860240688035342
0.5403883500899443,4.052004726294503
0.5531200854529604,4.173428226468515
0.5784518591298066,4.086053307830347
0.5836817528231389,3.9585694261503925
0.5549464295201753,4.088088939530231
0.5607837263687424,4.061678060797886
0.5654785608068102,4.008001467464624
0.49700180448818704,3.9694055585022894
0.5255930891388789,3.9613960058360753
0.5629675630259168,4.109211149798732
0.5606347817241047,4.102166664453031
0.5440417500409814,4.0548443175719795
0.5683334252778526,3.8507444856613167
0.5716613129835053,3.8458074845322243
0.58136982863798,3.8896250857044508
0.5770711135536088,3.6948178332241217
0.5844970132643926,4.135385163214094
0.5765894381164746,3.997825428213407
0.508370698009809,4.126321923060799
0.562841909010264,4.09062943595796
0.5944156995935446,4.098844253343819
0.5408783377976488,4.306947741698648
0.5398230522844497,4.1400081836993134
0.6059569798287648,3.937431956945837
0.549741060645122,4.208649582450108
0.5552449738754784,4.387747592070575
0.5645826266681526,4.035706749604116
0.5158292402457633,4.080428080795943
0.5285818016710451,4.009828864074346
0.5595116708502582,4.105613606332974
0.6105084725546049,3.936229746649349
0.5513531634233693,4.223946781729616
0.5397789273356838,4.037448324408119
0.6002704830590343,3.8375712284522105
0.5549878839141164,4.008422237825006
0.5611996291726589,3.9050880011731546
0.5356431390711506,3.855074203221387
0.5103525941097269,3.8364829686577337
0.5230044773047241,4.175695966703953
0.507614290133069,4.145486086597216
0.5895107563346959,3.9574751602802447
0.5459320301787624,3.8997118212207607
0.5267773441764202,4.058075810576471
0.5748889825568344,4.004067141139722
0.5176064864042488,4.223269461080276
0.5259731686851289,4.020592581193827
0.5536102929313966,4.136550356251198
0.5915440195835283,4.022724540610452
0.5599006250003175,4.118554436885219
0.5456253032653874,4.257396982498619
0.5295569512195567,3.970639465743019
0.57446684802204,3.9121002015788418
0.5497394321324962,4.031476195466011
0.5446476884345904,4.0573442489160785
0.520387899066325,4.053756726397842
0.563517896167909,4.016785498180604
0.5411397456593708,4.1064556454162
0.611211040924984,3.943167409506214
0.5445153636819452,3.7656754744830603
0.5416745054170462,4.105235069128834
0.5153723518690688,3.8219888963394055
0.5141713613819016,4.104982988169795
0.5804918594053377,4.007425237143342
0.532747519238871,4.321461007416226
0.528776692119241,3.9244834821601127
0.5521688085876618,3.9915411926236124
0.5563928492667982,3.9735650240750746
0.5331278381607564,3.9020938441960684
0.5527490695363065,3.929307060508514
0.5586912517044235,3.9653531680742513
0.5562968136259403,4.132529937418894
0.5610162473976348,4.1126001630703914
0.5647147763393221,4.074361087466142
0.5384908102978799,4.147337644449647
0.5795684543726973,3.9360759386356885
0.5546506568729483,4.0164893107708926
0.5641097295571228,4.155268458565414
0.5501266742783145,3.8336322281286423
0.5261931613930904,3.991424096336513
0.5769621541825305,3.735139110338114
0.5802220904489728,4.185732764741439
0.6119491396309645,3.9792609349069505
0.5523356623921591,4.057949921327191
0.5232172332001871,4.263145132085496
0.5722920886160812,3.775588933262837
0.5514104256735881,4.182016728625693
0.5261618576011644,3.9575123038037883
0.5441346241279591,4.290457543786489
0.581372654081973,3.930417315589469
0.5541694936512092,4.152576204357662
0.5166730718354914,4.050134896196091
0.5836402710948735,4.164702206612676
0.5721109278886668,4.028288895328393
0.5948722233489993,4.133239885365936
0.5655813700092965,3.976257270401227
0.5301977839597488,3.888397297470183
0.5331939900142314,3.926517656639543
0.5414713869685668,4.304785641009667
0.5494792384852225,4.013773475877316
0.5451859210160787,4.016583598134012
0.551735338591035,3.741830791237174
0.5701003520312758,4.224227113732479
0.5892376731410546,4.041995138644199
0.56769714205084,3.755704596206423
0.5708027220987322,3.953371573830753
0.5418615700469656,4.064950412905367
0.5597094154514436,4.12392130289308
0.5426031379428141,4.072185566997592
0.5486659598621894,4.051049294396177
0.5299947554866635,3.9942665253652216
0.5237224133300081,3.9525223297806185
0.5613041908071039,3.959094251719122
0.5853291722935433,4.109405462653793
0.5908248805174859,4.066654833160259
0.5355394183539146,3.9300694771634084
0.558484668429413,3.8778981158344035
0.5402082510825519,4.266985710174592
0.553963467472785,4.042159495453527
0.6062621072781741,3.9204608835622863
0.5343810610110592,3.909000069314793
0.5322770964939924,4.123135857765715
0.5662333446647579,3.926567901470886
0.5880140110949599,4.010912387167961
0.5561350856829875,4.167795839237694
0.5035710528660772,4.113172145555386
0.6197696518567039,3.5250256614440807
0.5704938187859007,4.205454345085765
0.5946899594365527,3.9797645195030094
0.5601619526041963,3.977323672050414
0.5210586035300347,3.96314780230538
0.5298371006556947,3.774589700303739
0.5418223386712546,4.0504787555718265
0.5860457457785279,4.099814519483477
0.5566184843793702,4.340098974314336
0.534817816941417,4.192498037250896
0.5373824840118154,4.116221376904593
0.5235644230634209,4.001838172456021
0.5243087869438133,3.9367217563415178
0.556897925067369,3.903634693691392
0.5882928689733045,3.8650019139892158
0.5704195260832107,4.023294001693659
0.5550099751479506,4.11891367416989
0.5793535105514772,3.8090692259851178
0.5630575794923766,3.879378066163755
0.5755638194705888,3.9895343707839266
0.5051050646913239,4.1279576553191335
0.5606496246635541,3.918608771503946
0.5355053468993992,4.142071216991541
0.5590795275284618,4.188950143064514
0.5336074839206175,3.865830541625821
0.5809903996411218,4.027521765357317
0.5672457774482998,4.0502366679953115
0.5343381741494103,4.148726294755096
0.5025179044873673,4.103420198624847
0.5237678239484533,3.7836713883456734
0.5874280655404703,3.826961994829942
0.5766563899992704,3.8541575978290408
0.5279596692452304,4.238120964709039
0.5524181640571187,3.9959553070720055
0.5600619134130042,3.969518684213075
0.5294388088381933,3.974616950167128
0.5235460726962963,4.182207667619052
0.5181151352220411,4.189826544387537
0.5317084544558864,3.864506159917498
0.5252665498093079,4.1790633972369795
0.5594043408961863,4.177536865410844
0.5862549468992059,4.019492448839704
0.5675002699156223,4.10097370755242
0.5715925809896917,4.262187413303919
0.5132523108104852,4.291899984133533
0.5728105357649788,4.107001086901198
0.5250277492543406,3.935082119857528
0.5391674944939321,3.887087993372513
0.5123250145038024,4.256082232110538
0.5665900131160164,4.0541592600395875
0.5347101565904594,4.292132497775135
0.5392799468365156,3.777643486455091
0.5602867964995897,4.0270880698965765
0.5448102117344436,4.228418034962321
0.5509026933375029,3.9656344724874963
0.557892175438349,4.0137644390930225
0.5880805314160272,3.967156644216819
0.5519101830436489,4.2053966154261335
0.5333997276195842,4.148778377769516
0.6091960178533927,3.880267562118696
0.6243075321073552,3.6425134348394903
0.5416311850820771,4.078327679102508
0.5729538546240401,4.075418510827009
0.5806103012560743,4.170932637676338
0.5552328939009025,4.110093195808836
0.5372091888092625,4.021701028009759
0.547292331298954,3.8051817200433504
0.5646618464926151,3.9126607384495795
0.5703611365050211,3.8988370912363965
0.5628061931624978,4.107670969868393
0.5360456634139156,4.125761919940083
0.5312986592237733,3.9643732781841976
0.598530698001665,4.1560986056299445
0.554381444717689,4.0045519753493375
0.5449894024165091,3.976292231476965
0.57606515665408,4.054675771842479
0.5942244157251738,3.820224974412153
0.5765896490186282,4.013007249662342
0.5322554087149903,4.215938533269207
0.5510091278248069,3.7484615352246284
0.5527003842844571,4.15737015686915
0.5097413814614811,3.8377673860860564
0.5718102851169842,3.925361858953941
0.5715127047640102,3.6740903401520355
0.5642161799690277,4.091831962821266
0.5064303039158395,4.159170281648529
0.5964985524766007,3.857947082056219
0.5423546946740665,3.878867948414017
0.5371695963153372,4.169222282852856
0.530381692462131,4.157054383567754
0.5814070561186111,3.898302513153022
0.5506088062204384,4.0025793294391425
0.5795224792702415,3.7476225380580437
0.5620535883151999,4.214070902483688
0.5795705152175498,3.941543020752867
0.5281334665999953,3.9707315249801023
0.5317127133064001,4.162571213110707
0.5600462506570523,4.391977239250186
0.519933495418128,4.015188982555318
0.556175245479794,3.9868265495525055
0.5597554615480173,4.311080008028557
0.5638268108891106,4.057578876154261
0.5690651897467898,4.063361307068251
0.5688523360625487,4.238087868193392
0.5634463227531957,4.100506006500791
0.5633987499976721,4.0889936837620136
0.5705654056128485,4.064018435914668
0.5406383130480722,4.11951308659427
0.6119433884497409,3.69255616675035
0.5581860419869219,4.136261881524185
0.5773213049131503,3.7357049631914214
0.5573127007440947,3.9181519735996067
0.5493080405252159,4.033603139044117
0.5306244615914851,3.981582995131317
0.5501331841936056,4.274600083389692
0.5657183718814381,4.171717709638049
0.5300602386970626,3.89324775489227
0.527169104996524,3.918789642640544
0.5520721364504304,4.0011745692321234
0.596591718111627,3.780044473207908
0.539830645006337,4.128103464771011
0.5640876012227181,3.7370677103349714
0.5482636694430859,3.857362634395907
0.5411138029385915,4.152972146870279
0.550945207660641,4.025390322620885
0.583247080336179,3.934084914072973
0.5536105382060119,4.029141622202242
0.5270737140485174,3.7758042404533065
0.5422633374940644,4.108270239172895
0.5964771639100808,3.806586914679294
0.5223310443885649,4.197975689139013
0.5325896259893518,4.084205601271882
0.5513670285978616,4.1928268149465735
0.5262805961197682,4.207275948952498
0.5102421822753952,4.1197766327383585
0.5776157247112835,3.9109949614304593
0.5260718153640792,3.9761057242314557
0.5301499657594851,4.179017248115758
0.6060397377885774,3.8062524885351254
0.5483521098611049,4.239284256137788
0.5220367428893401,3.748024856092769
0.5834747287942399,4.122939757103471
0.5750285685957098,3.93849429706734
0.5807867685388509,4.096396127907407
0.5361029015603272,4.067504086815039
0.5025229617204976,4.11910541514788
0.5130867324854629,3.8159846313249752
0.5590164638879815,4.13724408143149
0.5657835317321689,3.8713709236735645
0.5329996258299143,4.1061013628876655
0.5636915631895275,3.8624920460258156
0.524599603453568,4.217664918848114
0.5857712729647705,4.019256891518087
0.5570133820961795,4.119842425044017
0.5116933575576382,4.163314671605951
0.5477715709930627,3.9137242742446925
0.5430264696913909,4.054803973962463
0.5536599816392731,4.2070188450686885
0.5244880633251973,4.202746346720426
0.5494643522530934,3.804497061049807
0.5888667543634748,4.138071449663977
0.5372530912078536,3.962021540073095
0.5513342847456827,3.987420083956666
0.5580039048314158,4.129458082410934
0.6201743274231735,3.8703589158273477
0.5133102492782454,4.108108156072
0.5782083940676196,3.9748074288872197
0.5387342053330603,4.183470551899178
0.5566616012872628,4.1543762716853765
0.529795011611347,3.9686406256472586
0.5640136766273397,3.9038588313536984
0.5470306770492953,4.232150252383753
0.5632082587261474,3.830026280435433
0.5476401236191721,3.838491200676889
0.5755989895770842,4.0248311225788065
0.542093612592507,4.274038328210552
0.5131671065501301,4.091447667137309
0.5504827882684741,4.065350942486561
0.5637920455988267,4.078911661322646
0.5558462687328,3.9933749003366406
0.5695064345949766,4.262157736569538
0.546905249537003,4.076476659463704
0.5819751611338476,4.131501570864191
0.5784368244495922,3.846012193483172
0.5392785050705912,4.169056094180367
0.5493049567823608,4.063677151098832
0.5883868596297844,3.7998645848561536
0.5605311590290974,3.8993842456613526
0.6117868784984964,3.8865372695682923
0.5702609944618188,3.8304995637580994
0.548860918410799,4.066896056555973
0.6031065745241443,3.6646985673413734
0.539850060877215,4.360501679543553
0.5316015243145268,4.120323676770674
0.5252250384335863,4.170838831377554
0.5366222699482662,4.1644051672368025
0.6014709944378372,4.007931811765199
0.5478639312917357,4.111740482705874
0.5230453024827032,3.98016214099666
0.5771959506898482,3.880332209993949
0.6117647035060477,3.9398075838816116
0.5353767167713291,4.102620465366395
0.5222103712538497,3.9739396425450817
0.5637150963778178,4.104732604505938
0.5762953081967832,3.8649262642965305
0.5557351847414854,4.1711383087935365
0.5402396479583336,4.082539319336184
0.5819055816314948,3.9438354632871566
0.5525714911030207,3.8135342924665796
0.5901274059925765,3.970320911168969
0.5304125009340123,4.118250256866558
0.5824202457322762,3.9450104741746617
0.5381619979320466,4.104328041101017
0.5459553645951917,4.047766550635846
0.5498983666347497,4.292328652212242
0.5707089937402429,4.103178461198386
0.5402084628251369,3.906828921255682
0.534801850838391,3.935773357529161
0.5462978954563656,4.0445946557834445
0.530713235061011,4.116485970070596
0.5424488336172067,4.0225311328539615
0.5412692507470486,3.9065661807381122
0.5423424815866339,4.078412432246897
0.5816477341385472,4.124790818413081
0.5852140915133922,4.189464570587478
0.5609750151072854,4.1712906897373
0.5217403234578417,4.179270047203734
0.5535610838928308,4.152248228090262
0.503686590438979,4.12249073860055
0.5657519900449465,3.9226060350002867
0.5636806491901184,4.147729574587632
0.5189606093447957,4.016199591704683
0.5399118998027838,3.7946174107879025
0.5693918770000798,4.141448370313849
0.5838900520082958,3.8270059848669624
0.5710211900775924,4.058567427396583
0.5425689951851771,4.268119847586726
0.5121348553754103,4.064029314803123
0.5655906128855211,4.10580836471461
0.5738947369336085,4.029736165324489
0.552866575785633,4.259737870914667
0.5693949474091783,3.75496593602733
0.544872580544414,4.0954706606360025
0.5376569739547611,4.3165584737627185
0.5605149903170022,4.186291914178079
0.581218058555494,4.014850649668779
0.5436261956953504,3.79477649562714
0.5826660980471676,4.092497202241327
0.5109529107089937,4.068345578517702
0.5722445358459171,3.8685305748220933
0.5813220197866201,4.003888715218518
0.53326700898844,3.8741437353574137
0.5569929344938148,4.183362195124828
0.5783156880242531,3.819321662168105
0.529650337788547,4.226685287575453
0.5494654957656775,4.058341666807739
0.5622656979931617,4.069858605150823
0.5499427452056732,4.031564961200678
0.5706976708695196,4.21967583115202
0.5288278358405668,4.1566316056769885
0.5805830872067702,3.8781039405612905
0.5814207640359549,4.017833907677262
0.5340792694185773,3.817248419759409
0.5436437383516424,4.023273981229901
0.5217422524592498,4.040277452194107
0.5770557557820138,4.018092529922437
0.49432188502369895,3.9455604153877757
0.5530381605077236,3.9341000100686174
0.5364787187818018,4.108787530038154
0.5301393309092058,4.178267209562675
0.530136504460759,4.136968292045306
0.5622022365059661,4.151735269131274
0.5805549888304381,3.979933654530504
0.5636287725974944,3.894276429898726
0.5552278338328549,4.038905549815078
0.5622835406162187,4.066433005267365
0.5711823383214055,3.686596259328006
0.6127762568160737,3.8677656733675043
0.6700956878022096,3.4939753094370367
0.5183975254686931,3.9560483354551135
0.5250731041510484,3.991865882974531
0.5147736456996431,4.029135950955293
0.5414032158014619,4.286090848925293
0.5480837802749449,4.032930425601187
0.6305759029318118,3.628971634947844
0.5166435664948019,4.0491889055191095
0.5639235964945473,3.9320349886583625
0.538034509909655,4.198994358964161
0.55728088361702,4.367514616613405
0.5939099077240387,4.06329368014571
0.6193968160813722,3.933160418946588
0.5408362224250334,4.041237241394098
0.5377621526951829,3.9009147867744525
0.49084489088280625,4.030005694020261
0.5428850895828651,4.036767397830176
0.5778428542922268,4.039323682667878
0.5638874868257109,4.104742626252531
0.5586338184320205,4.192203848027891
0.5272275305793812,3.9784859702760116
0.5384554883028925,4.190533378634422
0.5960397155211082,3.9466797016599737
0.6012892799710806,3.9078147773952114
0.555635344516045,4.3484657161138545
0.5723412310893171,3.9899675754766526
0.5271160791935381,4.22155348854766
0.6183390481944178,3.988037326021359
0.5183721952484627,4.242228720516786
0.6508052656876656,3.8513678856765314
0.582347981085677,3.977415981729074
0.5164233858156577,4.001337048241301
0.5329995630679156,4.102258311840877
0.5359810925215678,4.145846893138681
0.6116404981549332,3.7727398824191734
0.5763359752618332,3.882848958423196
0.5058088887584454,3.9380265026986336
0.5548169602087566,4.01802710942965
0.5793981267465343,3.948244654256325
0.5966225241138973,3.989971305297626
0.4904874613023436,3.9876894312735818
0.5903728289239706,4.032110683803735
0.6079256754384023,3.962783153984383
0.5622019141318363,4.345391841905083
0.5422812311625145,4.143786475447774
0.5554032961840226,4.045830629508614
0.5798964273747248,4.046515335757257
0.5405003702330241,3.823985243183922
0.5593718867411814,4.120231757136639
0.5431357746618951,4.102325800332682
0.5810138418506018,3.9548703001398007
0.6195713953970107,3.812003474411018
0.533261036480429,3.820988708068183
0.5648274830510913,4.175889661807786
0.5167019905205329,4.063302479593938
0.5655624840461305,3.6735042020785773
0.5344440532681456,4.204514270187366
0.5429163432572169,3.8942668339072166
0.5630562270407328,4.1541807679419085
0.5460004924928503,4.217651458422541
0.5647270707131903,4.095296446552003
0.5620430695053776,4.070109821877478
0.5351233936741905,3.945324222435801
0.5629587175867191,4.009730055121344
0.5372922155239489,4.285281376688022
0.5376648350270338,4.026904895855382
0.5385390675210902,4.0895513568474104
0.5369560578208755,4.100051956229323
0.571707505158277,4.076207896197309
0.5461882511492044,4.3180531205072645
0.516351359228987,4.243497697937765
0.5208749645968312,4.268787839730195
0.5420815392500397,4.285504723546474
0.5822209430973183,4.000528794462391
0.5599069994926781,4.142468821370759
0.5353512806472862,4.140003849209421
0.5625783292741848,4.179128564901573
0.5181608311815721,4.304088337739743
0.5761953576725966,3.9001610453326663
0.5570141129547443,3.934927143643746
0.547067526937835,4.076796410514135
0.5253571090073575,3.9900872035880997
0.5587558131763778,4.295369341420684
0.5387512920428494,4.041967103099122
0.5623648652940516,3.943334037120987
0.596127922380325,3.967084543697171
0.5507075483057374,4.265473507944733
0.5605592525807892,4.263050803237735
0.6002238135368215,3.991112600859077
0.5606880364871459,3.938795578931306
0.5644275738454378,4.1363446899042255
0.5478674817461645,4.0153006748917
0.612398291012568,3.8767430753898275
0.5831658268719296,3.9111462627755014
0.5620529041983583,3.9242720221954355
0.5259363371844724,4.25496060816986
0.547484264616276,4.273087079035352
0.5470455864810753,3.7544455932019853
0.5385210221409604,4.326990105591114
0.5603917461950915,4.093809343270714
0.525717042904675,4.2063415218407085
0.5694097877600349,3.8433512304049984
0.5079908422787968,4.172881504802619
0.5492784713291254,3.8688530615436725
0.5343149578808968,4.054144654845886
0.586247488019879,4.096245800938269
0.5229300873738202,3.995963027243386
0.5626395724174622,3.9563030162321007
0.5381311541712559,4.044921986610875
0.5419236678513436,4.234441969108092
0.5605696657358493,4.085449561537591
0.5600144073932259,4.089189889669485
0.5515854996457921,4.172685963428507
0.5613601150692235,4.176196868348756
0.5921159746468888,4.018273372845839
0.5336257614526453,4.060589161959297
0.5600080851321368,4.151257568501101
0.5605616183883492,3.8681818118384066
0.5447846174503093,4.043108461555781
0.5694247857411602,4.017266237195943
0.5842486049449072,3.964378212144505
0.5558260855824183,3.991627984157678
0.544447856349687,4.085334495706989
0.5505347586436983,3.8934371715045355
0.4926701405374116,4.019467664992159
0.536501538817531,4.144319883550462
0.4939707320887104,3.9432279998258117
0.5495438945932277,4.03494323711214
0.5062785000883949,4.162621428876768
0.539768357356145,3.98722661384658
0.5347731330246058,4.134192841914573
0.5342235497387106,3.912512554457237
0.570684176352964,4.03922982642752
0.5328387319825663,4.127792354726661
0.5422855648471955,4.0740343116759465
0.5261995031537356,4.2453622723400395
0.5622329960400315,3.807685503027075
0.5685842213635935,3.6656243400374593
0.5781460850656935,3.9155597260525687
0.5274266809005501,4.225913132912253
0.5473607156220931,4.245819973173618
0.5726023835016399,3.889204882787229
0.5417422362994299,4.302689351193586
0.5924261747538965,3.9448010331702297
0.5699258278123824,3.97938492112681
0.5169233067405538,4.033338293241539
0.5520851008610655,3.9673516344818527
0.6546916701615458,3.7059653614110446
0.6599072751957475,3.4663280004057384
0.5353063088542628,4.313796580885421
0.5480101929834956,4.0215805843119234
0.545742009808041,4.2674831046812916
0.5611157236071554,3.9295851631598087
0.5227453048369727,3.9910188409745966
0.5812657621742222,3.6378331627407126
0.5029709753030275,3.8920670417575725
0.5670422881779253,4.102744320440884
0.5419636021132542,3.8754874026886537
0.5568215835832916,3.6890909402540744
0.5773428933649623,4.007222177067741
0.5797159704241777,3.9496860044445676
0.525969026850882,4.21884640612192
0.5693239703963547,4.03230503612006
0.5766122475562956,3.7782788830873546
0.5466547711870658,3.9765292657365063
0.5652511421538549,3.5807349185288326
0.5515584361839839,4.06413794904958
0.5173904868244227,4.22886483861103
0.5438878160467786,4.22834369105754
0.5776156473165353,4.163813374356164
0.5287472082800441,4.22920810403691
0.5274019553840728,3.9118822810098552
0.5627826331780139,4.110121847995648
0.5507654388590761,4.152162803842106
0.540865257613386,4.272215026289414
0.5478208333129803,4.033276491565527
0.5465205035303093,4.067052658830099
0.5309889489754471,3.948801695793787
0.585180195552193,4.013378261162788
0.5678168736713812,4.304614418905366
0.531200329108298,4.1350410185787565
0.5281775756770017,4.217911571981723
0.5426632851655087,4.09471110022931
0.578879887174799,4.08663424954628
0.5839936863031108,4.17044768963864
0.6051236379234193,3.9477577646001545
0.5100446710548526,4.136592999190665
0.5309885693920111,3.936266821765871
0.5379732342204957,4.051775145930189
0.5430281493261617,4.284129510352341
0.532138698146592,4.166516267105349
0.5822442954493738,4.027208091137714
0.556590522527355,4.101485649656839
0.5235196668604516,4.2716968282566095
0.536474551400957,4.112008743739696
0.5311591921332894,3.97038648030551
0.5654609647384358,4.135355195998979
0.5532638695258707,4.024078603308898
0.5152883532293582,4.077903374957902
0.5198865368836405,3.907989403438813
0.5343694117947823,4.179975138062364
0.5430960236435162,4.010054139917396
0.5877092472897083,4.009684691683963
0.5674648543930416,3.8279493424961104
0.5472543883650238,4.107918199770176
0.5308392049675547,3.8858668954612217
0.5748296346204156,3.996769222105136
0.5672166542264886,4.055463260451295
0.5391464508031537,4.2793028301963245
0.540406198918639,4.276821677891967
0.5980199284116994,3.8903257415511834
0.5611290983864333,4.166938651346023
0.5530965812406992,4.2190336324635895
0.5043735346198482,4.084338590758107
0.5925100471353204,3.9036724937242866
0.5939636754616372,4.118522971776412
0.5317184969918828,4.030407237779456
0.561984573065878,3.910514423412811
0.49421000754884564,3.9914002602624326
0.5558003605316274,4.180393817813418
0.5021557565681886,3.9323436147363364
0.5223444636364651,3.7815542528814077
0.5382103613282012,4.159126831829506
0.580863927948438,3.8585575362646867
0.5742084304834154,3.805597674382387
0.5581155193045187,3.9591166237094195
0.5748216544662887,4.007083293716052
0.5245054589069816,4.010710638955309
0.5375445510378406,4.188740866081969
0.5346992557115832,4.1370026781703055
0.5808432789631849,3.9476508295961334
0.5458863827656498,3.998287016374579
0.5341962989297364,3.9626455453426996
0.558811868860654,4.21777627980759
0.5790779059443635,3.6948593375190666
0.5526333553533137,4.185892340358073
0.5101767962091317,3.857017044372023
0.5534815780239867,4.009057040460016
0.564258571375407,3.826922958853738
0.5582929341738416,4.1350811622687775
0.5554653773418214,4.144983842293974
0.5435617547156067,4.098126377386112
0.5376993423067609,4.259346482139102
0.587129549824773,4.0476338458325305
0.5527239680770848,4.14637655112504
0.5830953590053376,4.007017061678325
0.5786426344473621,3.9425299578719737
0.5370783084285954,4.137917266875163
0.5250762953126283,4.224270398382217
0.5718556155105761,4.100958100019347
0.6117220057885824,3.8919732317068747
0.5437043867281438,3.9738370154786105
0.5391793093768827,3.6353561318581296
0.5446223620185144,4.045282194635875
0.5752791440934308,3.913604409955948
0.603877260963488,3.835102959281014
0.5611111343979874,3.8918389295726157
0.5829624110145507,3.9039334800127388
0.5666476735814997,4.060538484679827
0.5886519526930633,3.8642899142145737
0.5591231054813628,3.7832988934238525
0.5568608864266443,4.210009398778835
0.5634615344852594,4.046649549135016
0.5481998078483465,4.034995156645258
0.5547456543537715,4.198188178617525
0.5699219084432194,3.8765460034398855
0.5519456944141484,4.171552455211134
0.5400917076542608,3.8492339654260186
0.523245635012582,4.035257950531569
0.5046006348031621,3.8644872669706616
0.5857978315605125,3.8777091901334946
0.5344039495444673,4.040999946843132
0.5238101458216241,3.9718837786072956
0.5013501797777452,4.197421732701826
0.5527655344291913,4.175285205497293
0.5519089059305564,3.954345026084649
0.5057948044244288,4.129931692775403
0.5402157619526308,4.102959055240557
0.5958762587894803,4.053860525725749
0.6103336584205216,3.8665420585637853
0.5401231781958592,4.065593115745142
0.5218194840911807,4.020872172886581
0.5482050962815977,3.9673731583760596
0.583550211509736,4.039874903184507
0.5473700486087285,4.247787131326885
0.6066362263425423,3.902953841323376
0.519653900889704,4.065726721451605
0.5296583073642548,4.192581626251781
0.5661186115030147,3.6431264247821153
0.5602257509785643,3.962577262506192
0.5293077942998342,4.226456831946488
0.5357444012762993,4.241742646202736
0.5733611903227335,3.886671146484277
0.5727071625865455,4.071651008247547
0.5792906598824775,4.019951250372892
0.5035599218905037,4.108749646645082
0.509549009334517,3.899844851385923
0.5628084105118377,3.8814501597592472
0.5568272080410104,4.105035243768707
0.5462422435125384,4.0365927355031275
0.6117730248926481,3.9088865936717188
0.5608971708316696,3.8508652828176726
0.5810454315051986,3.9432678354129753
0.568952733796802,4.056519039291468
0.5561437398803669,4.1892616744907984
0.503500505191621,4.186566200292126
0.6087296892981849,4.0745623424381705
0.5389967188499577,4.269607208366758
0.5422254389475843,4.086574798532216
0.54347329279879,3.9303440671527903
0.5612681036545879,4.151116847157819
0.5658924471885786,4.095515463171352
0.5795625502860127,3.7356852772819162
0.5614456219959033,3.885522574683241
0.5500351409238994,4.249096528287807
0.514256625698802,4.039313000970397
0.6242355326648963,3.970231080069754
0.5248765489276099,4.188598324724039
0.5401212533601892,4.072904391072904
0.5394647613387842,4.1239216978621425
0.5295289892944406,4.345543881155275
0.6103264277490693,3.8810093634384715
0.5207095476157843,4.292122994198867
0.5650754902538963,4.141442966173314
0.5270998938307399,3.6937315487721434
0.5663426833295572,3.8962680237435863
0.5268073844127666,4.21297815855375
0.5700928835774323,4.106025664567272
0.5993380272389679,3.952093369713408
0.5428048679277976,4.041900819558955
0.5593271641227154,3.9869427654702068
0.5636677009604175,4.009308602206101
0.5745306045857305,4.023785289915717
0.5047200185807964,3.892693609836989
0.5718424500031215,4.114923947413604
0.5247925702218275,4.2732593049413765
0.5614055331796975,3.865320696997779
0.591902442180406,3.9689368216258925
0.5381316483025175,4.0969645623096715
0.5089155585614237,4.1579802470847635
0.5309758427508244,4.257187036211491
0.558510783071814,4.072559292079858
0.5779127439623876,3.837934360498883
0.5132352051639127,4.100753965841268
0.5980230964063736,3.9889804632564076
0.5768447473894086,3.989641394522336
0.4894844376373426,3.9980109625104348
0.5795823829853982,4.198012586884071
0.5862266047824708,3.9557477564661707
0.5193363634891505,4.2379913869056685
0.5514092993840058,4.059808505806319
0.5535241285620566,3.7799248530322482
0.592995726605969,4.012426404667434
0.5477409718260784,3.9800590513992957
0.5716028612276479,4.074451738868981
0.5161980774912167,4.072521292326668
0.5579840240330256,4.146509881091287
0.5184741003946954,4.263337095633358
0.566316523403734,3.882300307746793
0.5772114796381946,3.9672920062814048
0.5562983066899537,3.9701817090295077
0.5325618885279443,4.113303926671368
0.523890161353141,3.944601967254417
0.5593841284374101,4.166205715277231
0.6004267205647486,3.961222258704655
0.5231133533247365,4.265699288818629
0.5733835380974935,3.8520539254515973
0.5523924418708034,4.300234815273998
0.5805481832855166,3.968110231555698
0.5312572191425872,3.8816599998872032
0.5549499820678273,4.033548553846625
0.5415733112877336,4.021620475419079
0.5156631091870473,4.234624652081406
0.6003144645777855,3.9055966711478187
0.5453517169259735,4.018867934423873
0.5455623970885733,4.286325547641661
0.5358325063981235,4.1132686241137995
0.5603015856135017,3.886720656224849
0.5038386102214911,4.129340450555408
0.5090572526223137,4.1191403862106055
0.5068563011655755,4.100413482343847
0.5605033998704511,3.8929851667215996
0.6297710892845725,3.7174459146872447
0.5093807698521036,4.096498196763619
0.55736940149448,3.8180525411512876
0.5318315534112784,4.355450540805232
0.617218507010212,3.943928899720025
0.5425968248093951,3.8847015717872737
0.5752120879281317,4.255847855420143
0.5928850680008434,3.763111719840395
0.616540872588189,3.827432445227588
0.5984581378288231,3.854694519040967
0.5256118395454115,4.263250536885604
0.5704724502227821,4.067753838819126
0.6075090164744609,3.8816440380623187
0.5380601851751374,4.096154960228363
0.5766516607138822,4.177195374177182
0.5290551578383482,3.887759272112552
0.5138973396120673,4.01973979648694
0.531991561876375,3.874898622736652
0.5788929404796139,3.8813235944066182
0.5607782509818154,4.117391380842592
0.6175315691178901,3.9246129705966037
0.5344619223975821,4.302948776376065
0.5414989456206218,4.045148948155569
0.5543687609451688,4.041527128409516
0.5643197960125397,4.136165299832226
0.5546637997090739,4.238713707463904
0.5756880404257133,3.981988568537709
0.5261196728289965,4.231983762639931
0.5484133296951614,4.2091784443251035
0.6115938669888564,3.8834867951723564
0.5937076311253975,4.084082609122743
0.5780645016516833,4.249718138131311
0.5413580962353834,4.032913054779017
0.543646841394007,4.075681352356463
0.5993922254008208,3.7734978652916755
0.5543790365941875,4.128574068348155
0.5185723371370428,4.075056594701379
0.5698433386322287,3.8710269931725976
0.5494396877075368,4.0490451190705565
0.5057808422003155,4.144817620474752
0.5644315499027426,4.098486220089959
0.5500480563870053,3.98209877969076
0.6016399436107076,3.996673099677371
0.560925564562196,4.105094277953355
0.5761526279668175,4.078211403232134
0.5691542813235506,4.107472502800067
0.5552408017828907,3.896131942625887
0.5393188550202307,4.080784677195852
0.5967931629888291,3.692856231081955
0.5796880207323699,3.9988977740818847
0.5414726209114719,4.298648014837883
0.5393502200439463,4.309980678545032
0.5293513294923975,3.920209818124942
0.5399898402669784,4.103501986733339
0.5090464733996631,3.745739299346003
0.5610825809967912,3.8396282181264056
0.5435343344655764,4.318603517134843
0.5186419130657253,4.246240871700684
0.5395169147190148,4.3257472127425824
0.5293675882743613,4.160970556980152
0.5711069606243706,4.042610137064792
0.546334683451521,3.9963594570056458
0.5895884333101044,4.0171337484305045
0.5414746626701065,4.094106289027132
0.5417484323032963,4.260589549049883
0.5299288606135282,3.887156134553491
0.5735499588159224,3.939449199991992
0.5321051424132515,3.9062313161992392
0.5669225984345906,4.2487001736700885
0.5421816395826948,4.111991695228904
0.5467442684211118,3.7503669663870944
0.5654340240383527,4.1163751232885
0.5702099406348893,4.153595270760916
0.541842676352424,4.257365500339146
0.5564471762645021,4.034147162474365
0.5799289813297678,4.1750191381422415
0.5415650235895274,3.84552850821005
0.5365809238225218,4.085996325945651
0.6057685098054707,4.037118948713436
0.5591561283281218,4.105645493404306
0.547664204296629,4.030378102750029
0.5945765366975644,4.097248052107376
0.5536189813271446,4.004997088686896
0.5698482653731195,4.071929781707999
0.5537869278802171,4.002775430709035
0.5221697403951986,3.7405482244440162
0.5983088743772184,3.9173693163689554
0.5208286505450301,4.286399965184399
0.5471529827074316,4.069102302539845
0.540862755730819,4.232953730707572
0.5378821380667022,4.1529917619360734
0.5024051601402053,3.9145298556710135
0.5600153115047517,3.9700837252119694
0.558781977026669,4.114169892242304
0.5406803708080347,4.043898932801132
0.5286100563745354,4.011574309018738
0.5471914474660654,4.033357929834991
0.5652809822070308,4.048374634301417
0.5468641781220275,4.21580281048085
0.5647653955768,4.1791707808585485
0.5182609157253966,4.239350203433241
0.5331933943185548,4.165778855636736
0.5595105014829063,3.8977149698624802
0.5736114975156691,4.191152684334116
0.5332179866367022,4.185638894361812
0.5699149885014216,4.201331161600716
0.5437819611564386,4.305312484462798
0.5345433588459798,3.8801987924355625
0.5609420507779849,4.104197663444986
0.5137443126398554,4.241167344850366
0.5136633816282916,3.7728146065832138
0.5292706271030564,4.21552792734013
0.5417691691438659,4.327595343178965
0.5439570164170221,4.000504028153785
0.5769256021426764,3.949711905588862
0.526154598566786,4.254437151761791
0.5543643424567162,3.9061490033186588
0.5624529170848308,4.1605810859593975
0.5431108765235213,4.281077265622094
0.5329388718628333,4.193903545391115
0.5420936998218394,3.8984678441186227
0.5605590747612045,4.1875869016079355
0.5738992800974035,3.9597126844669925
0.49014844773890065,3.9728624317558814
0.5384813800230109,3.8469239247909606
0.5423506873664817,4.056423151865327
0.532010460780539,3.796294435389417
0.5170574671951057,4.067484183747204
0.546295673834882,4.236772688004918
0.5367742928096164,4.057587770724905
0.5217476456559513,4.0132921311869865
0.5370987217171931,4.0453884130904205
0.5550243464509951,4.211995498576774
0.5377337935129773,4.026674149058768
0.5764767546216274,4.0125324951257895
0.5541999930400144,3.7115570714807014
0.5592347300312067,4.003968504889141
0.5372366728155121,4.109435721757601
0.5644337381110618,4.1126315490944405
0.5539993777549781,3.7405971088163583
0.5311926701538631,3.972178820847496
0.5430610489627502,4.088484798606604
0.5613421510799327,3.9279724517916126
0.5492232873018214,3.995199583312241
0.5651713075124744,4.130346227449437
0.6059200520702838,3.8136509591088235
0.5591226734504976,4.143086030431797
0.5483695737735643,3.9891280023732563
0.5805955103072935,4.123619932381087
0.5881266846597014,4.021723557583697
0.560820143292505,3.7844601664540085
0.5714674710251401,4.073070241456357
0.5292802630428821,4.142887720051346
0.5618125448982202,4.102263264064079
0.6406880907918905,3.6623218624125973
0.5695910284785316,4.095244901501185
0.5699307307194061,3.878984364336701
0.5366361914100272,4.095020631733857
0.5791046007261408,3.9760359905791307
0.5566425079232424,4.0747409659982905
0.5296535594934992,4.177922029133938
0.5222376495625849,3.74743942119907
0.5351578589127151,3.8911775881471526
0.539366932971157,3.792288713233443
0.5811127488278456,3.6484737686266335
0.5683679055723994,3.7054328125365927
0.5455112515219681,4.219455966523441
0.557424054087344,4.194744956271387
0.5715473100519538,4.223760872709903
0.5643298205393558,4.168554044926373
0.5436569589953593,4.0698989096540705
0.5779743037099586,3.7340780362966153
0.5242446907275528,3.706168716472474
0.5795668450315,3.885965732892121
0.5748751292773693,4.121795591542896
0.5337314808328818,4.226202541959413
0.5761845895400105,4.019463143446186
0.5233184147430189,4.205202562300734
0.5314636460238061,4.105287882678684
0.5412579901937439,4.070605744387583
0.5203131692877833,3.962233910330118
0.5451676045808923,4.063565663716832
0.6224134925446317,3.7981650853084905
0.5860936916842051,3.9226331046840897
0.5547767561368565,4.084032997782484
0.5675218444604222,3.906215907839672
0.5531042250534292,3.7287556460403013
0.5196630769069973,4.002774624781727
0.5587602164342778,3.8773892046333827
0.5540745300369919,4.158208618775946
0.5371191320014778,4.1438990609576996
0.5234609078232862,3.95882028884753
0.5319707584580243,3.9992673172108826
0.6070361571241667,3.919952396077568
0.5256715889647691,4.219193519808697
0.5809785860294626,3.9331622144413356
0.5311878554659087,3.928801678982168
0.5776514853197394,4.009348677248659
0.5628197308456401,4.130131758072871
0.5261782809573291,3.9140321447986985
0.5431407321268799,3.780513924690142
0.5232241190580029,4.211723014888015
0.5750538602804357,3.8515898373565887
0.5530711570295066,4.206170481492375
0.5766893729621962,4.250712354348583
0.5534980302807047,3.9148212018408564
0.5766708819170434,4.1054373782802465
0.5556997755773013,4.104298749025219
0.545876667272543,3.8587934488225883
0.5556235988726429,4.352571207035016
0.578953745347454,3.912000863038182
0.5450249234095591,3.986891952493433
0.5561439832645495,3.9778446528467324
0.5623982491296645,4.160270724503944
0.5677198904100669,4.283554492149829
0.5670117703243874,4.115907501761437
0.5139393803593264,4.079954263152334
0.5256597381044447,4.224231039385428
0.5128964778380015,4.343354394381001
0.5463469836013917,3.992919163261677
0.5490857859452085,3.9760204591512003
0.5549630901606033,4.1924058996037825
0.5429627746748105,4.034847006685846
0.5670428154352714,4.295256151885555
0.5417341555482912,4.142561067931966
0.5731716351483693,3.7599243561554316
0.5342414335983934,4.294793917863072
0.527808474804595,4.013907413857891
0.5376403738288932,4.1114151920049045
0.5567374214477777,3.782600090366427
0.5170971057326527,4.05843965519911
0.5175931418559827,3.797516390763976
0.5426014154341022,3.7291190271448795
0.5355630060639908,3.865919448683663
0.5486441668358697,4.255948721818791
0.5272596481464681,3.9429152359548465
0.5518113905604362,4.102836006257774
0.5456044834593882,3.982146066943311
0.5263266096746327,4.051805950417811
0.5228840487674928,4.082180082728704
0.5759059344209846,4.02835260093016
0.523133827330003,4.260071024283037
0.5441755170268373,3.789292620496658
0.5723818975445961,3.9045618950659455
0.5435901536208264,4.266228629219943
0.5392201461326295,4.041936871363663
0.5612396899386606,3.9163572329290837
0.5258179374071053,3.93392213588625
0.559088251631752,4.192154930952339
0.5767815059072459,4.025372066631209
0.5233763759827622,4.075267038364847
0.5551070832393417,4.065616263619112
0.5694145328373229,3.840423144217173
0.5317967921384988,3.894704460120975
0.546860475296741,4.007765491018499
0.5571130318105374,4.06264470677737
0.547624313862947,4.084787348817795
0.539650630004758,4.099340334854821
0.6061271676076075,4.012955550853561
0.5057015824751324,4.0902859256116795
0.5400742092196239,4.130025647818589
0.5908770211527428,3.9947947952164875
0.5666199218531304,4.273265849619656
0.5517463767771124,4.017453417407772
0.5573721851102008,3.9191900423834727
0.5290751928714682,3.9888703435795043
0.572079748604123,3.8442183617279926
0.5555127412607909,4.029010188849665
0.5968713405258911,3.8900172808455142
0.5677111550808115,4.071286803608377
0.5766460791912227,4.107073336763531
0.5701395424734396,4.07488786236411
0.563887312456541,4.144357789704901
0.57154728590323,3.767968520025876
0.5125190142901793,3.8568360503814465
0.5376873452206493,4.07201778458623
0.5777659424786489,3.8802963212084225
0.5613349961536848,4.15812214528665
0.5699365012846377,3.9822386653164106
0.5492818025051608,3.786689582223963
0.5710938085698634,3.9881856463311895
0.5490316111992886,4.077403571094469
0.5556718798046644,3.9880721825571075
0.5322874966882146,3.846065100491884
0.5386887804098524,4.1110949175967235
0.5891129337186304,3.9588204044761226
0.5418111103944143,3.9696106586924045
0.5592953834498448,4.151141909147864
0.5752463799446653,4.018951136235443
0.5513327291341624,3.984347771665359
0.6691794580013483,3.6647469754489763
0.5291630478640621,4.028077088481427
0.5759813554708475,3.9833006660814907
0.540970543601269,4.0820166668157105
0.5460049733984037,3.7306211560476097
0.5959868930673494,3.91074886078249
0.5690965756973831,3.8234458048367657
0.5112891977485543,4.130936283623168
0.5826203378092036,4.002911683648949
0.5300447133420946,3.982395452677796
0.5228480644018405,4.276378585824546
0.5578666259677004,4.139289576945388
0.5365343491336156,4.344638865450189
0.5750204501426821,4.062975269135787
0.5572124413879703,3.9004602496847762
0.5400392705271185,4.080226993780043
0.5166801162690292,4.341895288433075
0.5387639414922146,3.8394577865533055
0.5034125162706962,4.0435663500178105
0.5418095852394137,4.098684999686896
0.5617053526481631,4.098571008515164
0.5486237314501896,4.197479987077993
0.49212361110498026,3.9846814295545356
0.5110895894747278,4.105263652577026
0.522653259850299,3.93247039878375
0.5780886306031899,3.9903002304350164
0.5177662930098447,4.265962157618914
0.5437203729121439,4.277547656741599
0.5330413135645772,3.876405069057281
0.5518040210252433,4.227350485295662
0.5450268198238714,4.005118036546062
0.5458651794339081,4.009299417758014
0.5220283971166529,4.041458227126202
0.5644732833059107,4.050163670003815
0.5487150443711885,4.092181045866128
0.5549920198452399,4.163920595811294
0.5269058147931908,3.9117806151186545
0.5446256010789734,4.0555198504668954
0.5806550285310302,3.9066675997191407
0.5396406829528143,4.291236489557781
0.5404533887298059,4.298366003489469
0.5497431925115654,3.966236856090967
0.5700293229184029,3.878265317687351
0.5464990482880185,4.197961648505529
0.5244396896404211,4.174058581399734
0.5348760694616173,4.19616596976077
0.5450172715742959,4.015110968377832
0.5496896187899852,4.04239051074578
0.5526961492378715,3.971925965156855
0.5777720703823307,3.803106222107168
0.5385152509602186,4.189129409456627
0.5388562010216226,4.085610307272513
0.5413897067214605,4.272921303219307
0.5638701029907237,4.093166799506391
0.546562734895477,4.086313475810189
0.5190142034991428,4.042777908699955
0.5697515461400224,3.7996899690429906
0.5468896622783572,4.256220772690325
0.5329174379614158,4.119381923565686
0.5186306312194001,4.042736168909516
0.5901095230542595,4.105301350321842
0.579594667064358,4.0687413656199665
0.5436170402913109,4.033963601964226
0.5703774373187153,4.133141607054475
0.5417667249398851,4.028018511992704
0.5408885563753744,4.095556805690795
0.5676448344387942,4.129393891788348
0.5661869124421233,4.103057950950101
0.5250054925574946,4.030544276836299
0.5949358594594635,4.037627586531774
0.5803451826863725,4.016938469663388
0.5423458972022557,4.2422032116447355
0.5858532873418496,3.8949664371250523
0.5683265118862445,4.047781343854158
0.5759124035974696,3.7482648361133966
0.5765196076642324,3.992145486801938
0.5772710323114483,4.19175861951227
0.5468054307879496,3.965218240218517
0.5315702657038589,4.027736668503697
0.5732529215889492,3.7974626107553475
0.5493782152500933,3.768758476773065
0.5171010574484867,4.236487069345295
0.5604721275603767,4.117140117180011
0.5635001641587235,4.0972294277677745
0.5879820996639541,4.03137437859777
0.5434980985205865,3.942910917576475
0.564026190901984,3.983644214902196
0.5701207631749124,3.8746901591263616
0.5453987017706373,3.9419551073928614
0.5209139185671062,4.256622178379565
0.5588747641886171,3.9423797218247767
0.5698915369454302,4.070583679256057
0.5556394363078648,4.05152685207486
0.5592425587786672,3.9990632147887992
0.5511940655228552,4.065787952279584
0.5376040141608417,4.051970002440372
0.5768208316235056,3.811316619815385
0.5626979474480732,4.09324077494498
0.5295872000611194,4.058344943411973
0.5836192908664352,4.105164838930945
0.5600986810154872,4.130773973737756
0.5771494661545417,3.9296459452610506
0.5543001893945546,4.182859346721593
0.5832420969846196,4.145158177942878
0.5351558349984884,3.969626382121937
0.549522880427254,3.826013482873791
0.5429126376955543,4.0390387076992535
0.5830533479023919,4.050603742098481
0.5578012985521662,4.020420298892259
0.4958253496676945,4.005246217870094
0.5685565716455291,4.037608702653846
0.5449885268380109,3.915016101616228
0.5651204422457431,3.892638120130379
0.5991519093887175,3.9153984482374518
0.554044687710458,3.9792170925307118
0.5444448821249596,4.077501797085561
0.5417521105561142,4.234191727985629
0.592931369086494,3.6728667815671012
0.5391605176177482,4.2370523117068695
0.5803972275083141,3.8934992282828564
0.5298590282325476,4.238183398923587
0.5573492006614661,4.022257108979699
0.5094083506441646,3.8685772585144726
0.5644032210514852,3.9838000180649327
0.5089139682048155,3.85696203347684
0.5833381055613862,4.138325553864657
0.5745345075146363,3.9650228260293154
0.5067739516497731,3.843273080781769
0.5424778318875193,3.8985796476579746
0.5344407326566625,3.5659662146345217
0.5411651288039528,4.300995579350805
0.5573686011284832,4.16637688061401
0.5447792138090941,4.285857019600702
0.5585516217030956,4.135919215725144
0.6051312415767337,3.8814579544954637
0.5519966559722166,4.0074787046166405
0.5128811272020037,3.787316786721845
0.553005410056311,4.197638126080153
0.5707702651931235,3.812256324304579
0.5750018246849872,3.740002698888107
0.558005072808117,3.9713208967416986
0.5575388657900543,3.8332451557735876
0.5879188179550701,4.048701131275151
0.5064637048808576,4.056244446438874
0.5824246055706169,3.9618259861636163
0.5821547278621632,3.921660253536911
0.5292409735393451,3.8744292484169223
0.5502011876544842,4.047852920253859
0.5826323706755053,3.9141874198377233
0.6177361010139323,3.9670898086159165
0.5760315926297997,4.006520724220016
0.5123439411156644,4.100752207581063
0.5515686610527615,4.214460644959274
0.5191827619424169,3.9227548266021266
0.577252380709524,4.006273683415303
0.570092199050415,4.056386863022426
0.5249758192028923,4.174150225740506
0.5181819371082286,4.070825046771403
0.5933509692800708,3.90717951043747
0.5459691795839507,4.081760540777232
0.5946737460480319,3.981929660132995
0.5226361027190707,4.212940788410947
0.5527710612367295,3.8154032241007365
0.5709911870357637,4.090856126404493
0.5535291516349897,3.9716342016340644
0.5538798073866698,3.7963831252015576
0.5833660885718849,4.133692504595395
0.521805048435244,4.188624117902006
0.5591991066145453,3.938631554043397
0.5485890591814567,4.22064671266135
0.5274298145691623,3.926861647752148
0.5247137993244828,3.994669841556519
0.5320987446584398,4.075825375675922
0.5193749693975767,3.9980478698309483
0.551990441051249,3.93590497030684
0.5434303073209302,3.9205340102634416
0.5768743298287601,3.922469829563098
0.5602016537296307,3.902871289099458
0.5832763530432562,4.059945760823676
0.5428192231028516,4.098058632533495
0.5223409088348174,4.029429915522095
0.521058279390547,4.035205762200139
0.5756587466177149,4.163176583417991
0.5556982951146106,4.161283984895968
0.5579947410701593,3.9693031304534894
0.557519448256213,3.9226726656166147
0.5146415240315909,4.018657365701012
0.5169869258069731,4.095317325453369
0.5237001248173274,4.153969278980779
0.5755483089626965,3.9057907978804742
0.5870653200868349,3.8985227243171607
0.5250702006202869,4.230744274956901
0.5201744412961479,4.054344465445469
0.4953269971898208,3.938299756890619
0.5544799501047664,4.181593972718519
0.5941188175504192,3.8930195860919246
0.5571288191459642,4.130484072325337
0.5362723192243357,4.1442412060515545
0.5290794972670294,4.123526980727807
0.5657138442055532,3.6110617280242745
0.5925037098909639,4.08579651985499
0.5221234983897183,4.219331761236792
0.5524854105636469,3.945746056021713
0.5589341103942022,3.995205834920549
0.5662964789864017,3.869539773857967
0.5326149420372782,4.019186786789343
0.559509542487705,4.120273110312238
0.5381588159344032,4.1205865760282565
0.5442117782181214,4.05069767683043
0.5426957951584156,4.125214006733883
0.6003797138611314,3.8290572244259233
0.575521861763523,4.018113488173452
0.5665274298926046,4.1124290798972645
0.5615675168640838,4.139444927263217
0.5706995542164135,4.251140842500893
0.5514452891437212,4.022318690973383
0.5816038051142997,3.70214130327023
0.5834868285457879,3.9446605497831144
0.5293335571970739,3.9730002141684877
0.5522913980745363,3.774278724502531
0.5570219646419947,3.963424053954976
0.5381991467779136,4.044909901875363
0.5437713431383612,3.9581781383434613
0.523411356130476,4.239559931326323
0.5111308661550282,4.129660338354787
0.5352962316581936,4.121355210320738
0.5541129850200645,4.172150170186862
0.5833798726983913,3.970182911337323
0.5772882399692164,4.006724918705871
0.529816364510637,4.3746963096330305
0.5277997847146293,4.16353788282846
0.5452474946032714,4.033200229611732
0.5420976749363414,4.275327518097906
0.5728915185859508,3.9871505888708167
0.5437970351658763,4.0773396819080086
0.5290000904107877,4.173835736749288
0.5386429352951253,4.108302178752036
0.5357352104134038,3.9470321206163717
0.5168180214500634,4.11252357772308
0.53744522041557,4.095128337783808
0.537610648008415,4.0767359088283985
0.5799326802086396,3.893157765564809
0.5253854952017644,4.15329738126029
0.5513465741352733,3.685530391102997
0.6052273261463613,3.663089813405694
0.5587705347790578,4.106264881437939
0.5263396210346238,3.946507348574201
0.5310087028354241,4.171235796504234
0.5539841757050329,3.9369613218617645
0.5595812017178106,4.143035668078923
0.5444636788200224,4.076922863093966
0.5790473723456558,3.9879989787065373
0.5633743425024501,4.093511381879515
0.5683075342703069,4.0112662750069985
0.5240744290578895,4.230811596319783
0.567964765561587,3.8734459795929177
0.5513641392611208,3.8249702058366704
0.5430067544261484,4.278041949281131
0.518540401900717,4.008221369342556
0.5570628271751679,3.987510993383015
0.6093823105527314,3.6893469979743663
0.5358166118828008,4.060221526983137
0.5515308816361835,3.9873409491416862
0.5950262110803943,3.7457921149179234
0.5873404363507029,3.9075130666467532
0.5439908140854772,4.276361791874911
0.5638237280126315,4.055407291253036
0.5456568535135353,4.000889995247582
0.5310114894297804,3.903852661819265
0.5421019537968857,4.129112199551156
0.5639380803655143,3.947445848317949
0.5007341046722589,4.106120665651891
0.5437081274092466,4.015405484173029
0.5442477283391579,3.792476588792392
0.5285228298907331,3.916059057889854
0.5297910989521343,3.944768723473306
0.5172213491012023,3.971187835763842
0.5425865697719018,3.889228286980656
0.554895209467261,4.044802363913882
0.5648200656909688,4.032667408613286
0.5529228434387647,4.362404993439524
0.5468961184867197,4.066221825658746
0.5384945142203298,3.8428953491625113
0.5510442088952968,3.8982055251389105
0.5112556511654595,4.0907802631682015
0.6015972638043929,3.9633762130567995
0.5439113638565375,3.877121821363349
0.5136285804810571,4.1176649702993515
0.5234387885459906,3.9859604658606584
0.5657446746883897,4.270787764051421
0.5683061070444908,3.856083768898703
0.5461156994287312,4.303705795391654
0.5437793230208209,4.038444104191535
0.5861701754906298,4.09357949692946
0.5637104614266819,4.053618447191268
0.5432522733966761,4.283680629592889
0.5466652258800037,4.102408665440233
0.5265040591091698,3.850758297783189
0.5510894181981191,4.026124926096201
0.5185292404313763,4.238069942061012
0.5276881292525232,4.141829288544869
0.5643122526698174,4.022237885941667
0.610291705144792,3.8887106273852474
0.5340155407128504,4.17973145579546
0.5276571125610453,3.9157510704420257
0.5837049083910031,3.8877309645457374
0.5652223396901578,3.8973369734417775
0.5404533997476301,4.266907174592172
0.5111203833704864,4.05321157101468
0.554241095995402,4.075668206162347
0.5200286966249453,4.220680939886145
0.6306417533625618,3.7533613896846223
0.5164735529603156,4.056665698413755
0.5416583690125323,3.836976702973761
0.5841586682334458,3.875969378484276
0.5426359896509706,4.287914683289862
0.53062508742389,4.143963965288732
0.5083681045509324,4.0143260110172205
0.5754188247021209,3.9768460150782157
0.5757725918442508,3.7660800091706683
0.5519060651826105,4.0372344965410045
0.5366548977134901,4.108402339318037
0.5218256413507911,4.099898449370024
0.5376284838088531,4.100326603720398
0.576503411581947,3.8712550477656333
0.5806992452913892,3.9734236644551424
0.5435245512035534,4.066891150294057
0.5556382787457735,4.369291032557742
0.5356692771935839,3.9044544304893822
0.5437119281631423,4.299055689398831
0.5700150600246703,4.1496386833180585
0.5372696391146897,4.135366760159193
0.5420311291435734,4.139989729127808
0.5820731314849777,3.881525584945568
0.548547465238251,4.0456023799699965
0.5658444149112271,4.159925133567448
0.5036342131315354,3.896031036658078
0.5737803809137333,4.235243351941523
0.5233604354689984,4.278800087524693
0.5477792495075922,3.801681008217748
0.5231511377024054,4.029435261020742
0.5135138988754933,3.988143458375058
0.573407995619103,3.902645505847961
0.5229690610135987,4.217897407282187
0.6121915875441646,3.837441496509529
0.5479152325084024,3.838473075029997
0.5295711047585526,4.114506418246853
0.5365443470236712,4.136692086283085
0.5505157234262549,4.24967395540199
0.5591706708781793,4.115170170806393
0.5602154188476652,4.166215411559096
0.5695656185068598,3.8899927072063107
0.5396626798191413,4.290987456439495
0.5387204971490959,4.253218462507697
0.5767700912671881,3.8675116269518113
0.5869730419599559,3.96264364320168
0.5698209558047547,3.843080123297844
0.5758348228684892,4.005029445276928
0.5571755787338659,4.02194536432052
0.5516852230013103,3.909404163108942
0.5284440087964621,3.9646135940452343
0.5495903893024928,3.9508500207894595
0.5628205470231084,4.126451782768293
0.5452670591371201,4.074017151132153
0.5674258119649017,4.0814834795830395
0.5239586564322504,4.146186035676844
0.5641472004028654,4.113885406226534
0.5942292199692555,4.006553981019112
0.5353671500613678,4.082062571854208
0.5526502435498489,4.226256538470554
0.5636585962286836,3.818005996033023
0.5457669876652669,4.02816911986677
0.5206655990005946,4.052870912411809
0.5268725435553533,3.943780394799104
0.5646244528213894,4.056412462523967
0.5330609965752365,4.094347174006429
0.5676319510586164,4.076934392904645
0.5266816102724529,3.9474179854325473
0.5742685784061691,3.892773085676128
0.5534516900474883,4.002980697243521
0.5451789234524188,4.313904298348962
0.549427644567365,3.9662132112224424
0.5200219611202505,4.283383829818267
0.5424308797229959,4.297827015035595
0.5602347682913057,4.186008616427326
0.5435799649428074,4.045384985464375
0.5216247815869605,4.212174184321785
0.5470439445059799,4.027074773486379
0.5380055647845549,4.032825769676525
0.5797414619545497,3.850176084271959
0.5358249074784841,3.9909110426849015
0.5488724444817729,4.012316427361212
0.6638479851856306,3.5826776072216937
0.5448461337384013,4.302044063291091
0.5520190179696431,3.9749345018712003
0.5852751892152382,4.006497952759102
0.576247548640712,3.9719840273714815
0.5409287215168221,4.128833641771349
0.5367237217961248,4.12434944498252
0.534315957518482,4.171518782438514
0.5827826454302826,4.151119046261495
0.512655980843053,3.8071598754390252
0.5514428915036053,4.0608318126970575
0.5601417754810826,4.1251024058267864
0.5474742653316992,4.2482400576390065
0.5773416754197211,4.118385047779449
0.5311858364004733,4.135117987764749
0.5307493026742374,3.9673771863763676
0.5356127897515898,4.108602171359787
0.5375892460874783,4.096353579878799
0.5179701415220114,3.8341225943933157
0.5240987085633054,3.7695129863630257
0.5420660110249674,4.063447559328046
0.5265892248042775,4.202436164515102
0.5305716103346808,4.126698067698067
0.5763368583408535,3.703726495006404
0.5458146532650002,4.057045196165649
0.555511492692951,3.9579028663191047
0.6121070553155986,3.72200549214238
0.5530201458766029,4.156670422275316
0.5432205345448359,3.9278219932356553
0.5232646570832807,3.7586736873440008
0.5079321219294717,4.15573678126794
0.5596557088135683,4.182557884791933
0.5643268781431593,4.184717392276299
0.5372703854798888,4.0616529958234535
0.5331929509422378,4.383945085882937
0.5389937914022076,3.9738314735573916
0.5298637112043622,4.16724140583223
0.5453451436310033,4.263091502852521
0.5491685454090827,4.272588344152905
0.5741896539869733,3.94290148617918
0.5460771636604193,3.8672513018219123
0.5629554794063159,4.13063172442197
0.5678664082318974,4.02140047829528
0.5547692633707043,4.330992712919012
0.5838133080286001,3.954067567419528
0.5558087892071567,4.156042382891797
0.5659262414654215,4.096650654111227
0.5731260194251842,3.9240832110874706
0.5417319826737543,4.2247031907645995
0.5423744669041458,4.049411847905694
0.5563653236100231,4.061800457161737
0.560994578507745,3.852992042586356
0.5209036874062011,4.024862213232739
0.5769807592689205,3.9066464280708253
0.5300583996427767,3.9785587606717994
0.5345411792046253,4.152632154936666
0.6554723901581703,3.8217042674290553
0.576182660763582,3.5646913690054185
0.5346614114857338,3.9262386928432957
0.5175985318666861,4.063483283584559
0.5680593115653951,4.16281289082568
0.6018635078290201,3.974989956824368
0.5833777454399663,3.91152496490238
0.5455420116155575,4.003124025717381
0.5477573421668457,3.7774618328875635
0.5614651229165681,4.164100517025234
0.5401124933943003,4.039623993591557
0.5378563242392062,4.2662939946363325
0.5220859944463331,4.252471197726448
0.5802796822510712,3.9006929616075734
0.5722849998603394,3.872603462360775
0.5522506729630793,3.670606735518381
0.5284938914514486,3.962875672143555
0.522452826198445,4.011808951481408
0.5780671796090886,4.0582900403464715
0.5256036982443563,4.230492036157135
0.5224537130304588,3.8357571582405945
0.5464754510369293,3.8595361601313756
0.5033384891801872,3.897134531480202
0.5247528120219556,4.236664254615524
0.5474116101412144,4.314225492107718
0.5181489290559623,4.2314794901887405
0.5699223252421334,3.642844302589868
0.5545003013181109,3.8720257704672605
0.5262839064101738,4.205360308589448
0.5045739563796563,4.138018796470889
0.5125337073771407,4.102553373624394
0.5429886753788301,4.30916084433933
0.5564668812821093,3.939551459528808
0.5673533495122236,4.061744604616002
0.5735091603484967,3.807713407239355
0.5528461662928391,4.189141850199649
0.5391633744192901,4.101338381979921
0.5102868373713795,4.11720064419989
0.5396964800511017,3.958624286568132
0.5369534543807111,3.9039019458561453
0.5342477081867696,4.102009398232506
0.5505415738886724,3.982267292190618
0.5955430699864146,3.9367724858735866
0.5380335020911268,4.0721040710188605
0.6018569611490177,3.8351671940220604
0.5262122496249285,3.9884584407941106
0.5282378334087955,4.34868143730495
0.5430525673481253,4.1253452517359674
0.5150476450194842,4.077918993852035
0.53941717733692,4.08382713618648
0.5616820423714698,4.0893802189010025
0.5282748484155139,3.9059758257462853
0.5588192616013123,4.007550350061913
0.5472524550208478,4.020008560125695
0.5338108102060267,4.187804967917816
0.5328102159204836,4.153137935890784
0.5098527341675575,4.1367221243460035
0.5859880264447954,4.0706801796647705
0.5605114914410742,4.123437917781604
0.5237781542321502,3.9999813648008815
0.5230496916354779,3.9376160502390625
0.5277460627876154,4.213360879747181
0.5472350616036045,4.216056683927655
0.5468240468321985,3.857129566610497
0.5473102662858141,4.0932940055746005
0.5133970003462218,4.077931491846797
0.5590294222000524,4.096040083581776
0.5646576097506425,4.118721544180908
0.58320250784968,4.109409617318733
0.5993863821552038,3.7919769057994475
0.6141559191205372,3.8632240341365036
0.577280797283661,4.2045195758583604
0.5421377972031842,4.068702778276982
0.5607736289664217,4.142995847296468
0.5598624459474673,3.8596532846399287
0.5471519739168519,3.905805826482622
0.5273324045151101,4.279676077051717
0.53664261529764,4.085491221891946
0.5622746408340072,4.11808394612594
0.5980118674490298,3.867025095173435
0.5881168660146204,4.061873796465451
0.5471653813527318,4.065283832755624
0.5153073345034533,4.045215466910233
0.5868597573649198,4.030732162109984
0.5570168657964623,4.013384145199507
0.5248938587029163,3.6530389550959637
0.5905856007580568,3.8028387017095966
0.5725208257749865,4.171092222559485
0.5275736935284149,4.198224869696196
0.5532377124574949,4.029948118243487
0.5420440794188338,4.098926039591205
0.5772323916989687,3.930748771804646
0.540983593974706,4.109217596250155
0.5220872118510219,4.184770531198628
0.5631465385100992,4.203539081412926
0.5452829680275749,3.8215288251571393
0.5326074404139837,4.16852816703336
0.5297028258413728,3.9186752357557615
0.5435531944097088,3.665556791414806
0.5089455613774,4.134566282329302
0.522225048866734,4.004887170969341
0.5583123443112619,4.104027502046297
0.5713403632951113,4.01606388832069
0.5259858421760161,4.275014038907516
0.5452453087376511,4.063280630469326
0.5095603058376057,3.813585907748331
0.5614793349162407,3.9435109385815044
0.5515151467959397,4.272515071754482
0.5326194752084897,4.0655371366900095
0.5788024099311913,3.988568237770458
0.5592778548870564,4.128008397221685
0.529935242646415,3.9501532373002415
0.5424981439414892,4.0743244533622756
0.5963724287405916,4.085728846060538
0.5996064847943697,3.6960753227060046
0.539254925428179,3.953375285388385
0.5477795379002948,3.7943675773770518
0.4961457966034331,3.8788646551800627
0.5434282634674258,4.054375811833126
0.5327547867571015,4.139636037660288
0.5690546916896942,4.266643236466327
0.5710117535354923,4.007170287321875
0.5639920288185306,4.13932744731545
0.5318260908856361,3.8440435211128854
0.5218072110792343,3.712564914762288
0.5367034883134315,4.290391019946271
0.5811388206456752,4.125506869951461
0.5403860940632929,3.8458257808190655
0.5968186299977415,4.145980140364216
0.5285044795138162,4.243116112594818
0.5660767309378554,4.049064703148358
0.5426227743658848,4.087177480413756
0.5719819530226629,3.756309754645818
0.5480738279500117,4.082264020002557
0.5681104940187588,3.9916686134724393
0.5593256386672695,4.32852483373466
0.5554780034963145,4.114096537662171
0.5961571027855742,4.114238889038444
0.5642745101163597,4.138425949482265
0.5393928906492558,3.8602237444483993
0.526442476403499,3.939487265429832
0.5307897280401894,4.023839307793413
0.5505321167167873,4.222079743722335
0.5496655508178986,3.8341261418807213
0.5498315693459365,3.9698913059525456
0.5743828510683611,3.876332721652732
0.5006976840473977,4.088874540540543
0.5702845758348042,4.229382803316972
0.5702303349064098,4.078853303719246
0.5462944767793012,4.244855669673627
0.5333166330019815,3.67980444566993
0.5713309259485256,3.787911640257972
0.5637681125086565,4.047340700306603
0.6042124282423048,3.760070394388503
0.5781396433625652,3.8022189530855015
0.56689939257092,3.885241766689981
0.5908982278026289,3.8211817634944203
0.5681762485227743,4.057554916400689
0.5743386147122834,4.0854156881004124
0.6010509731479308,3.993862157117457
0.5585913586290142,4.072688731920388
0.4920133911193241,3.972440015359849
0.5406284584732061,4.142436758384867
0.5378084403468203,4.084556586001227
0.5319244893754617,4.155940813885434
0.5686029301903173,4.071104693249381
0.5866039712507379,4.138259567424705
0.5753756007068338,4.20886876437092
0.5464380680832387,3.746503600630548
0.5754294171338715,4.056063167392613
0.5377585453459022,3.9179672234010137
0.5152907510175777,4.02100268668653
0.5764701835317655,4.190754961105095
0.5198308186001324,3.9346963704605176
0.5419740925042159,4.092389429168793
0.5466222033584521,3.9341724669160487
0.5793031021230515,3.9489232919500794
0.5649313522826679,4.064466554765842
0.5468834515379588,3.8678463034406927
0.5524808363472793,4.195039731675273
0.5698746957324338,3.873800399898922
0.5495107785770449,3.9025787535789984
0.5481398715964996,4.2856491908839995
0.5749235683878211,3.929104563659243
0.5314038443554491,4.219614844862712
0.545049720966933,4.268526467591763
0.6040527409175817,3.862519797320783
0.5583686973214543,3.97394508869408
0.5161091401899914,3.7916089162518785
0.558040423669287,4.137669033137464
0.548550416076848,3.966610274202484
0.5517491852298062,4.115608120215108
0.5245641926813774,4.221564098025277
0.5694188890255257,3.8692676650544384
0.5621671477369911,3.689191356206184
0.5494271192809496,4.087499009838249
0.5399450736743044,4.048013478134876
0.5535610301481076,4.04558257151133
0.5264303226938518,4.180814388347992
0.5559201334507883,4.106055700238466
0.5622768863986749,4.171436712728392
0.5586480014933458,4.101092545217026
0.5447206089688235,4.029759089189684
0.5388572068942559,4.031641196310463
0.5385833698882632,4.057191575393467
0.5554126999743166,4.121844329321794
0.5689295704691367,3.8523156733856294
0.5748534029480329,4.022803719685688
0.5622596063727062,3.8698209519466733
0.5514363304234579,4.185903610996503
0.5589273419072015,3.8675308437641753
0.5674611909613982,3.991683787794514
0.5618467636905623,4.106690299866925
0.5254117363729851,4.227962566982133
0.5416663692045164,4.120839241753358
0.5400912527236928,3.897509158438762
0.5932167612131977,4.128185494298344
0.5754015886342531,3.9648302172643732
0.5420027833177158,4.108516561640254
0.5311378805012871,3.9971755698993636
0.5505217928361216,4.215556166380053
0.547924180968285,4.099825278361496
0.5567083882524085,3.8755243932373844
0.5459550195531209,3.96970055059648
0.5682677683140378,3.8419897162537393
0.5549634243929682,4.223691312040241
0.5600500243738403,4.140094399483609
0.5298365592044979,4.213679172474321
0.5533502420272806,3.9467907645064866
0.5700783764213694,3.7291009940988435
0.541008898951958,4.090696234480935
0.5459189029363968,3.850319878212254
0.5509301636937491,4.025525921776494
0.557128503592463,4.208562548831072
0.557894284057117,4.121303988480762
0.574015512024166,3.8368665812329095
0.5182430720276786,4.072550230270779
0.5237827243353935,3.9274759838300928
0.5373713066566613,4.3045430653426315
0.5326412195176111,3.9834259520570092
0.5413359029464132,4.2634910488389295
0.5136217869169706,4.104177770227791
0.5023096560629707,4.138081373509893
0.5288873836197135,3.6461906637862658
0.5363976061360765,4.013083721933861
0.5359227853525145,4.130156726294563
0.5417162389018579,3.8272798780667165
0.5538177049775239,3.9322907459794396
0.5318627386619489,3.9590931673828202
0.5425779795424495,4.249992708786334
0.5080575468666217,4.143999869748736
0.5232908844393699,4.244626108151252
0.5419135500083224,4.319643255548403
0.5698292251575398,3.854556133724184
0.5334383192472725,3.8686839035533906
0.62344917138047,3.7922066369548957
0.6026890047460847,3.699172482957474
0.5365426079022636,4.111944978861124
0.5211874348563019,3.9920996140651805
0.5492341312901959,4.226194155736354
0.5846308649015407,3.9160139234426024
0.5740762961867957,3.790969104487005
0.5627573469647319,3.874766532807058
0.5688455926289395,4.151621918227282
0.5500102290592151,3.967461855542743
0.5817943542421172,3.9667551185887464
0.5500921373265794,4.060759409002629
0.498029028671487,4.164450866000286
0.5568555321921967,4.1470327083276795
0.5277656251343367,4.250440804984804
0.5763456287913771,3.907332072489712
0.5785189044899116,3.9662069669732722
0.5963740643327692,3.7760088746207603
0.5550740415407222,4.1641167035148285
0.5199419431037354,4.256411108757021
0.5284004092498383,4.215656479455882
0.5556416717841918,3.9394914793187836
0.6235974262060897,3.6187087253533545
0.5741523746541699,4.045056037333402
0.5202808792055151,4.200370883913173
0.5428126228536291,4.0157902382449695
0.5904192023573214,4.0324827395594784
0.5538579170319576,4.182031684865351
0.5626727240759394,3.923082005177719
0.5348120049063082,4.089313574096988
0.5293061662443006,4.2472682510730175
0.5712619629594803,3.8735863921332903
0.537312836267411,3.910298830029944
0.5206423028622218,3.8885521575783275
0.5387679411085108,4.317858755581355
0.5273850222107636,4.195000832156673
0.5058374566563569,4.155505599537757
0.5570671473303214,3.9860327755808087
0.5399787843732856,4.035566374450808
0.5151054913830326,4.008967856369997
0.5669363219443947,3.9588194575523357
0.5783157802942481,4.040713095052198
0.5369956052951751,4.086539337885212
0.5607902669404475,3.974055422050943
0.5036207387842019,4.073828531590539
0.5694178033883952,3.897505298724505
0.5368170814731588,4.085932291478739
0.5541071149566356,3.75096787130104
0.5701608739704679,4.0389527514999735
0.5339825954554746,4.15351916771503
0.5429112530536561,3.8280309599611257
0.5397530605404944,4.091122183260857
0.5723164229503017,4.264595991173969
0.5540153961202983,3.9793565115233935
0.5264214361175822,4.004118045020326
0.5116641014832781,4.114577925273857
0.5409349607341097,4.271655736248428
0.5449473032206354,4.304867564129743
0.5237621035143643,4.014304363306784
0.563810645764011,3.854059633832479
0.5592362692511035,3.8631837723729205
0.5486403606853182,3.6488829762990957
0.5273715956505641,4.239885350958931
0.5286631847866141,4.145168406270794
0.5700735523375137,4.111344960488743
0.5607459380795231,4.299916260755731
0.5452830896859334,4.106169811865617
0.5303040718788198,3.9464752975818427
0.5408343350440752,4.131354118462602
0.5689063656109662,4.310271552438007
0.5488537471917467,4.070721292104676
0.5465554584729762,4.009075075865124
0.5440679553190272,4.09890584321954
0.5520297437269325,4.107852451434758
0.5154621135771872,4.094183905293631
0.5549986257592424,3.9184315121535715
0.5221213257535288,3.8663095551017324
0.5176196667796942,4.077027053485051
0.5596274960789304,4.307584299590757
0.5721615379623245,3.8986918492419527
0.5034269060241631,4.097016892957016
0.5499822341749099,3.8761185464226195
0.5674037057607221,4.085356278177003
0.5857022262242108,3.8760115005104137
0.5578726654468583,4.113548867237307
0.5180394937974774,3.815699929804028
0.6421311940911396,3.6714194162020557
0.5527973545871553,4.2486174359656514
0.5104360418182251,4.096723841075246
0.5520719785788928,4.202994096783121
0.553232128793493,4.020095902707777
0.5506373150544716,3.9705761157740245
0.5607949280092822,4.107363817167173
0.5754309177871965,3.9438257594334885
0.5279486430019998,4.172156389001912
0.5451549964705306,4.044623385687373
0.5226276975147993,4.2334264977738085
0.5358676377297162,4.189880022815006
0.559070875983447,4.326716237016509
0.5170855187623119,4.243317541902697
0.5557170610598217,4.055031281525161
0.5555293986527193,4.055604724055313
0.5550726243906638,4.216603057645483
0.5490504704509563,4.31397674241052
0.49581461008545635,3.9286024709913043
0.5844258208934858,4.024258372889812
0.508977210629263,4.104968598085146
0.5266129931168742,3.925768564285391
0.5364859669179388,4.092366231745291
0.5505856661307804,4.00538062606902
0.5851424566560345,4.099552755106594
0.5116107635558701,4.136794836199978
0.5080015292815724,4.116560494632681
0.5451098478624286,4.009545060879586
0.5584684278100486,3.92656988742277
0.5356880673898011,4.138151992311577
0.5981603542239474,4.159503759685722
0.5501658338988793,3.831301828704607
0.5990732202442286,4.167825229121461
0.5472767436830163,4.270952009057198
0.5900298786768357,4.140949212610967
0.5486582506270844,3.9800108255291256
0.5480703675817754,3.9517972691633325
0.5290921068561271,3.934019780252941
0.5744645959583341,3.8422018894928844
0.5739217953070573,4.284028287795548
0.6081510194591614,3.949289594939953
0.5666965395422223,4.1684186288713185
0.5501156343541734,3.99893709665958
0.5577907086075203,4.04269942054997
0.4876670246493718,3.9793325018288797
0.6130327436451083,3.903927198295182
0.556411898727607,4.137030705156102
0.5446637229332948,4.113914165861877
0.5286640308006592,4.1671003277827765
0.5708680809957221,4.074935535701685
0.5552812822668071,4.179694350476333
0.5686675943546731,3.760168588155846
0.5212901722309903,3.9782650231525203
0.5653907052907825,3.966618891224193
0.5559624123686656,3.990264523556268
0.5528143523680404,4.151478290097544
0.5519723105861601,4.022228520200508
0.5408062537566556,4.083192386137301
0.5997433454384812,3.646860238785948
0.5434446168911282,4.307287701181156
0.550821322834558,4.032817211168265
0.5210086716849558,4.000865876945433
0.5371275935051997,4.1063481004169615
0.5399962701185878,4.303622103807435
0.5330992789337908,4.329970662116206
0.5666608906386199,4.158821169027658
0.5223354328719644,3.9899797170065487
0.5302322010823863,3.8988715884512586
0.5575626671109783,3.905757848642782
0.5367972265835945,4.055784275103499
0.577562423120038,4.152606631782371
0.5471957552455221,4.087733879353389
0.5907295685444008,3.7161408094288295
0.579756789710988,4.036659195508831
0.5255157677699525,4.131475798133656
0.5318897499218341,4.051452611614213
0.5561117130829207,4.028455214305752
0.5560741639130778,4.110896272311608
0.5351485405928934,4.0608097694266165
0.6011333369155399,3.8829663268912866
0.5926377708215632,4.026894970200752
0.5276385328058829,4.035384333801204
0.5394199505043852,4.079707255551319
0.5983195219822625,3.9999794446282064
0.553763225594352,3.951505499826917
0.5351720868003114,4.09458505164961
0.6041638934756781,4.021290429117585
0.5277539778822852,4.21167425607266
0.5396594346195623,4.08647080783358
0.5493390851830895,4.096639348581459
0.5622570639585326,4.090836841242305
0.543460997677571,4.08760685887982
0.6036466933967671,3.824201518419891
0.5173320506564616,4.003874376469878
0.5220274494950407,4.227500710254719
0.5507432292813569,4.002615633663557
0.5482119189827311,3.797735949997172
0.5303915578066231,3.9989189464421346
0.5190834682099029,4.215248564360733
0.556378641377814,4.187453413414185
0.5227837689513072,3.746454740220694
0.5442640923800527,4.280888248883439
0.6594655334390387,3.6259286138116322
0.5344426692613489,4.208061151588142
0.5456772650384455,4.0607282539194465
0.52852902419152,3.9548578969819914
0.5779683046058005,4.004840737786655
0.5613225605808387,4.055092847103102
0.5458752888593268,4.2614432568852285
0.560239686394973,4.122222411406351
0.5248460554485167,3.989877442789801
0.6004417648577282,3.7599003228501826
0.563819269360034,3.7903400972784382
0.5360224187772913,4.06203542455118
0.5547609774996666,4.205620645457487
0.5222403885170301,4.18258052747096
0.5954650817685833,3.8762852268773025
0.5646777864964744,4.274384849976836
0.5623745397094639,4.281971620461683
0.5083415260424765,4.077015932423869
0.5831383492699049,4.00267427618416
0.552995725053715,4.161050105823477
0.5304987296630683,4.205355115355764
0.5465998026118909,4.243995686881534
0.5574037888807587,3.9843887183330664
0.514189638308339,4.067709215743174
0.5537957906763435,4.107465220781977
0.6107061034179523,3.760377452381644
0.5838120844245972,4.045999011559677
0.5429290583813212,4.0974500168938155
0.538090862792325,4.02782525676001
0.5853283009195714,4.000928450205664
0.5127995374187521,3.7897067060333125
0.5825296655861477,4.11178883039602
0.5130156132648401,3.987166440437371
0.5592800949730333,3.9714656847946856
0.5451208055955267,3.8525817301647667
0.5772594598378484,3.945774426736772
0.5512174855663293,3.9639332106212932
0.5686508353275687,3.879287432825761
0.5793652361776228,4.19710719737566
0.5447304988903295,4.029569354391063
0.5693137259635604,3.7429680378242693
0.5857796437191167,3.709866195364788
0.5738473338527124,4.040459349737607
0.5452754597579245,4.090840886833373
0.5253958609118828,4.02664753916324
0.5372012309475118,4.1403614916056455
0.5620565856596694,3.9197504930409424
0.5416347860744055,3.881487226764182
0.609408890439326,3.719433826454798
0.5506145983835534,4.161698063390758
0.5423404365520895,4.313528897259541
0.553186157228622,4.255346799241757
0.5578286386881436,3.9407279340187955
0.5599353772403144,3.9289041748605555
0.5219043130491602,4.026529374524366
0.5433926499309986,4.314202919445681
0.5551119522746055,3.996794437661533
0.5054146985978559,3.868545173565698
0.568100960878621,4.0414080493405224
0.5738141520917014,3.8678092603557963
0.5625703534315988,4.3094733759467765
0.5718347676189489,3.98277260597454
0.5549096050384684,3.9980159138882905
0.5692910279435793,4.28613301500478
0.5612463965028639,4.178773840892668
0.5307451778915183,3.9247316262456446
0.5633868145523035,4.12139570708505
0.5340344562782856,4.117030790879427
0.507100757416786,4.156648536682666
0.5588259758225708,3.731494324401299
0.5455527972839208,3.9069710642376054
0.5698269308048195,4.038569111406666
0.5622723120278913,4.136663523268953
0.5226547243671374,3.716765509163866
0.5602133327763227,4.125056240013131
0.5438893205136862,4.2640772751987255
0.5388467758762966,4.09275076914165
0.5502762556814919,4.201285822567534
0.6526598710971065,3.7163688250287983
0.600797954494495,3.867809978633011
0.5631873657160075,4.04474805610301
0.5535301108481708,4.176581280161064
0.5543659708134198,3.7571822971993662
0.6021811071334752,3.7621663217907453
0.5527595251372625,3.9065251162541568
0.5341387659984554,4.110324215697981
0.5397829094069365,3.9965503779097435
0.529270826071036,4.185988234763788
0.5768823348000781,3.864332390510811
0.5092076369154629,4.08937257417499
0.5370029326023561,4.065191598570611
0.5641274722225509,4.329818081623254
0.5536549499269444,4.195365031055409
0.5903550681429113,4.113710718284653
0.6084779001594756,3.557053992858867
0.5845446376194919,3.9516084110952225
0.591356391705451,4.030261461308225
0.5507597141850105,4.031257006531868
0.5564126363904799,4.030358248367372
0.5722518171184015,3.655085473927709
0.5396779154172545,4.104680198475973
0.5779158851159811,4.080457801165095
0.5888645095628099,4.086227187959667
0.5866450534166382,3.9747834680741985
0.5504153792088357,4.253159993832562
0.5630420141779554,4.329677291463601
0.5430695775803457,4.099331255393418
0.5730931974364463,4.201850305299879
0.5644780383323617,4.095321382149069
0.5153420481298627,3.9619663153702054
0.5583095807619777,3.88440716756371
0.5687718614682175,3.803413814915643
0.5381166718950336,4.250477965826996
0.5449950369152069,4.321314982966147
0.5754047547117689,3.937672160909772
0.5689704456723885,4.151925854588591
0.5424866050141941,4.067774447214629
0.5393086236158097,4.067146808105366
0.5075482355074524,3.917135320270804
0.522378797269769,4.178059758490693
0.5534723298830309,4.190520005544816
0.5657977394112986,4.107156091721493
0.5410991401602414,3.832032605246265
0.5762468313068762,3.9876418434216903
0.5573203038042027,4.1715847098834224
0.5376032355455115,4.101028392162091
0.5343925077032333,4.2139513915700295
0.526105094926692,3.972762653332166
0.5776377184881764,3.963830139455394
0.5762036605344921,3.9873718057579377
0.5243030609573819,4.248114280204795
0.5332057217528727,3.9120736857275458
0.5140016557836649,4.058942229864822
0.5807380818617254,4.100576823206624
0.5587158451383764,3.880195473524047
0.5537981974870151,4.0078089113323445
0.6089671340668341,3.7380708863171
0.5635020367895848,3.919656332259862
0.5438371964560434,3.784542737090968
0.5734979292905641,3.8591738948864713
0.5663612896445741,3.9023752740539805
0.5539234997130738,4.415395748901111
0.5340478239757523,3.9152318440243072
0.5292131119688831,4.160029829540606
0.5731813120596755,3.8333447147838142
0.48892581360911086,3.9657550932623944
0.5243229751370312,3.9595134937448155
0.518156251862479,4.222169901442378
0.5246667358581519,4.236734746937798
0.5338425249478665,3.6139634261034232
0.5851710423901838,3.9150655686968503
0.5691679401976769,3.9357427722669946
0.5893474302101379,4.057553742727399
0.5492427586136158,3.760054514189788
0.5291725152116415,4.169425304683066
0.5724974796659802,3.8503708624385937
0.5702117031665045,4.198828894582747
0.5641065659756279,4.102363018567468
0.5628732817195744,3.7851602608355854
0.5705554481507816,3.9891271404854933
0.5801586842841356,3.7341134023315696
0.5453134040741358,3.976580284493075
0.5592861512599105,3.959199980651022
0.5652014482984448,3.7946122412425134
0.5629678712675873,3.9820242781856883
0.5379239271753073,4.125946903234493
0.5547722383341288,3.981947791238493
0.6200528046411695,3.635353197722846
0.5660661998738147,3.9732781369000016
0.5864942204803402,3.8156105981122885
0.6131554531443387,3.8577911940768748
0.5126131337728898,3.8114744371467992
0.5690486064326572,3.8422733811830785
0.5727395543961744,4.119929504386394
0.513439833002559,4.07263540526334
0.542895209046358,3.854251233245479
0.5617709143103852,3.940817369829139
0.5139997257141729,4.095757969002425
0.5683678147164934,4.082370829757927
0.5297223721011161,3.6069141586110134
0.527875197815745,4.178422809503481
0.5345606280489178,3.972767923423657
0.5292438712232147,4.210329428882128
0.6619270669305315,3.421862074889559
0.5343543469104294,4.172705009920492
0.5226947195080237,4.270812099000961
0.5645750014581117,4.291294818102095
0.5361889575240709,4.081308722362539
0.5586527114248169,3.9872655476239527
0.5616995717493293,4.321892389361122
0.5610693390615479,4.089998267599529
0.556822061045595,4.065107810335825
0.5709690241296858,3.9898269547650376
0.5801083029202486,3.871796500284683
0.5359791074510618,4.055454754394179
0.5195324561497897,4.267446330008037
0.569149707106225,3.6191782122976828
0.5403959308865728,4.101617896451615
0.5323825079409968,3.9560838141854826
0.5704837073839167,3.7798627188679568
0.5605662852894828,4.186789808309306
0.603050269139728,3.8066844483053637
0.5487492624689336,4.276609044693993
0.5323402512822731,3.897622006939739
0.5715319078089758,3.8778333149793824
0.5785191796771936,4.025936633270921
0.5375939321465674,4.356328907984204
0.5640096174627611,4.105859663516505
0.6040929816812229,3.935032500408921
0.5785988907838722,4.020477616643258
0.597484819647588,4.029230817852421
0.5452848753743469,4.0944025033805485
0.5519831990324519,4.022582934749754
0.5328182989579272,3.932739158707958
0.5136770980358726,4.087436521238296
0.5181703059946329,4.2599654622996725
0.5017763892416686,4.127012654869451
0.5244031836475306,3.9555251753598792
0.518934137629977,4.0161955333380295
0.5557932676360285,4.028643308086291
0.5465292615247065,3.841600927675461
0.5253210063043944,4.197473965019812
0.527644850671603,4.2349923313732205
0.5523777002989053,3.983700683031642
0.5800876153906475,3.9046250528820377
0.5809514692835225,3.9234158210497614
0.5266982685715721,4.010134512300958
0.5588507747202521,3.9200054198315364
0.5789774020826521,3.9580082441347932
0.5389686059757456,3.8549401871495874
0.5925916089326015,3.929977622530485
0.6102611605614019,3.692337578175479
0.5676171499681469,4.01838838135208
0.5494124060315487,3.9855354497418687
0.532641410496919,4.092687294710715
0.5421528918729602,4.082065425218046
0.5358910764917076,4.060004911418328
0.5616301437184207,4.308778294507882
0.4948159636337104,3.975771785264944
0.5585593951651512,4.094168235892606
0.5766749651219721,3.9500115952280925
0.5896955466247673,4.008426581942502
0.554640614819884,4.041631278486917
0.5906017640693553,3.988283556640796
0.5407403338541074,4.172740944429445
0.552060559083739,4.200488592064935
0.5650594716269212,4.112551350539236
0.5306365199101354,4.238175873630937
0.583361808365361,3.900543319017571
0.5423541952901904,4.276843411964311
0.5269623277566747,4.037759039270935
0.5563283152052478,4.1031655506657705
0.5407735354335453,4.318675109023796
0.53626786650188,3.834217240358049
0.5466874707003587,3.9988737860878936
0.5481549739167114,3.631932317400875
0.5770477234688376,4.014729444701139
0.5381617888972536,4.28951992765843
0.5692142015615858,4.121675900112497
0.531381157959185,4.174178650301378
0.559275922867899,4.181983195019987
0.5241413088290217,3.9056310025715906
0.5713044171857017,3.8516735356190996
0.5446696253990804,4.035176072092729
0.6545422219990993,3.700445054210833
0.5687438077994912,3.9188581111897403
0.5320964592365631,3.953519219557022
0.5209818402165028,3.9313148354605936
0.5225159704172813,4.032894104733127
0.5482231485479901,4.113949305555632
0.5244207959795898,4.2279604526705565
0.5513345250880756,3.785529170584567
0.5293661754243119,3.939333291854029
0.5293024973239987,4.337663003063981
0.5209752491484207,4.032262178067419
0.5793607012774231,3.845227357950255
0.5722884510659509,3.719606918839617
0.5109419360591756,3.8304786620316666
0.5769910689621796,4.001675492618882
0.5626224536481302,4.120820993642594
0.5507135248510338,4.053399375303138
0.554102032760459,4.223274283299656
0.5241236670336948,4.22408101437783
0.5702988913253443,4.049382965130253
0.5662795060977014,4.104117016495368
0.6277158984556475,3.7938971219018143
0.5632215161952028,4.135754832055578
0.5361122255281293,3.9117906541490997
0.5626742368520727,4.038060225089315
0.5816603051527153,3.8924486906313356
0.6000794354948773,3.98246047635666
0.5744246772791904,3.87894260095884
0.5311035859675987,4.198880867668589
0.567287997171271,4.08071713011408
0.5658422079193323,4.034804708689415
0.5460508233563294,4.306643390705417
0.5496702481940731,3.789726723904304
0.5406407650415914,4.254551772417892
0.5211723446943183,4.15242310745974
0.5526618560408008,4.161513895782752
0.5822886140283081,4.007627477565507
0.5376495395173058,3.8835427550649566
0.5534159645308394,3.881705931786611
0.5294405594068694,3.7626613408866287
0.5699412581162001,4.219491935284406
0.5412706689763598,4.1280059313207
0.5382283674870793,3.8547541547949646
0.553166415014989,3.8856844859097444
0.5212623388687159,3.83537303745146
0.5281654363619662,4.175298894018826
0.5741977333230166,3.7929297690988304
0.5628127026240798,4.092548045877913
0.5539275207209594,4.218843971940067
0.574115786203171,3.854260998891487
0.5760671853030378,4.019032285650986
0.572133534009783,4.059139517242188
0.5626117450057684,4.182226262675738
0.5579095155295198,4.046534133680798
0.5461567643538346,3.8172122894581553
0.5612695243308317,3.930660615405451
0.559153653490401,4.155246228690777
0.5801950992717347,4.061555186404157
0.5481104305399519,4.243776497275343
0.5142942502880504,4.05696014404968
0.5456970050218488,4.136911960935236
0.5587228978723375,4.320418647520671
0.5706179988755342,3.89244483060698
0.5493178106071439,3.9479151600141478
0.5282905016615633,3.9755895792747307
0.5617537844179006,4.080047941509687
0.525143701215432,4.228815184068583
0.5433115923018568,4.29303709865005
0.5517613447967519,4.0228929633153285
0.5766608729572589,4.202275881982325
0.5410905945423758,4.009903737490659
0.5648098454938836,3.853263170059504
0.5212632992175306,4.2460929618259025
0.5809276517277934,4.124041918668383
0.5302115954289767,4.183332626922326
0.5589783541579918,4.188858766971252
0.5711725636974773,3.808711857819421
0.594821871782169,4.158539628152211
0.5951038889708927,3.6365071156869777
0.5424969382831121,4.074735689296282
0.5446605870569322,4.070640117345737
0.562491922250807,3.942173638452623
0.5814765789128767,3.944726317387067
0.5510552515103928,4.015501202185989
0.5408816484218849,4.069684132755384
0.5074320368578605,4.12563273660072
0.5465910962676533,3.783485709602962
0.5852180098898073,4.119039467436145
0.5445764425903762,4.085256759738384
0.5456865919159012,4.225024596538442
0.5364496222813651,4.0949004571662
0.5501391406906605,4.058218912542756
0.5580362176645242,3.8784924490799617
0.5367602946633454,3.926526801048569
0.5606890656235207,4.272059166508382
0.5407856178025545,4.074843967808268
0.5189790913756936,4.097447835560505
0.5126859663251683,4.284654818983764
0.5328132541891426,4.1272642337697745
0.5923570561450343,3.971961897110854
0.5209356114936795,3.983498017799743
0.5565682125836751,3.8769903445099296
0.5543618606837163,3.988293785622424
0.6129156362176494,3.901836564561195
0.50706067028939,4.139163853182871
0.5716886657231798,3.9461383524368894
0.522435345605718,4.297500632694835
0.5389937549342451,4.313427823820125
0.5628269950409804,4.1588470124250945
0.5477787383923451,4.045913119689106
0.5843051360358594,3.8583735846161726
0.595179674659876,3.895281721142233
0.5891863613372487,3.8867265626424143
0.5610961779657778,3.9452556374080903
0.5356510257645487,4.16477079278775
0.566890629655935,3.8246480294716334
0.5154455727419546,4.009411897694868
0.5257914288259848,4.162866634161475
0.555653817911548,4.215898711727465
0.4896434194090246,3.9712532029809275
0.5263106078494774,4.027440342164774
0.521716449399478,3.7762709902819958
0.5325973586952882,4.136977925827777
0.5094165213343317,4.122073185146033
0.5536816125126537,4.191853607808443
0.5458706360224742,4.0823139253988225
0.5768508876959271,3.9633058410330495
0.5794310040447068,4.074094058131858
0.5160242793865764,4.001886253845182
0.5580784345164261,3.912453679924735
0.5703917876013141,4.162926275753613
0.5440944927115022,3.8001046819561064
0.49136661170050666,3.97031879018833
0.5231983138509062,3.974863384944234
0.5896854991768986,4.033479234241706
0.5633963515169366,3.9056446863653016
0.5667790809898067,3.8175392028869273
0.5239479886600457,3.936619899376059
0.5780741092817402,3.716332607809575
0.5393011995073692,4.0723001390346445
0.5572782066740863,4.205015839092393
0.5623243022876548,4.146601600909833
0.5831883964165193,4.005888736758016
0.5654657350363036,3.9291316848548306
0.5628277688422019,4.085609030562096
0.5619114119413863,4.084205797436261
0.5275400173444263,4.20683021826618
0.5406887830367563,4.286830315465564
0.6149783408542767,3.9768780546343674
0.5442650200360865,4.271034042381566
0.5581051243538345,4.071402438860557
0.552839223385845,4.170479067072271
0.5540240801499432,3.934734242379008
0.5379232322026636,4.092655578436168
0.5563059939168897,4.12986622794768
0.5466105285811199,4.0281750883641125
0.5827368586210386,4.164744405189825
0.5756239213038093,3.9734969738768893
0.5319870159763036,4.089268567389735
0.5586549899907275,4.041229003101476
0.5187200625623863,4.038660546307216
0.5256611206769831,4.190772360168098
0.5403847401690318,4.084156921397217
0.5140694739645743,4.226477983872721
0.5675403711071004,4.166757052985003
0.560299114917664,4.2987252462165095
0.5319469233776174,4.108560974236683
0.5956900523389065,4.08629056409534
0.5580595983999298,3.9393393190283486
0.5680854504118086,4.153788480890977
0.578479543650607,4.201646530464167
0.5385561981371629,4.10843100030363
0.5691739263096816,4.071834683710456
0.5328962159334751,3.992495759221553
0.545993014838282,4.027406842132962
0.5421112033075957,4.285089256497906
0.5048216994409412,4.101464304601717
0.5618560697647489,4.140627034784909
0.5337929768048532,4.1023048140071205
0.5302370271346771,3.9246586741752485
0.5376010044575721,4.075029109960969
0.5757446579837836,4.056574899484854
0.5561573986242799,4.152794889283762
0.536820291572733,4.04502524968957
0.5647754259000711,4.0223267444622
0.5581640786395069,4.14466197462625
0.5437445149897334,4.060545541334051
0.5327415474155613,3.938248369661894
0.5227579155121643,3.9867048030339727
0.5421094866269454,4.116505421594279
0.540710689000437,4.1103980093922345
0.5913982190058675,4.047071693997319
0.510399908279865,4.0454164681215685
0.6146937186498557,4.041128900225893
0.546587112071192,4.0384237359437405
0.5562701938180076,3.9503194881403743
0.5578783262589018,3.6822410533783105
0.5781171938165468,4.117585053203634
0.5131620284206396,4.31962156159365
0.534378541256335,3.6414731847607236
0.5730960304828786,4.218675059631074
0.5761153240606812,3.878916396633555
0.591701494222474,3.819253851725707
0.5281158202776525,3.997197950756156
0.5404783108320744,4.079498814786713
0.5826309038276946,4.142360153171914
0.5532064180929505,4.020968554160473
0.582164336722354,3.889042514540808
0.5235577244903445,3.9730774869234664
0.5539922335409615,4.1428754285569385
0.5622025091380801,4.106408950423828
0.574962766841367,3.9436825706679195
0.5513563958061737,4.431223135660294
0.5396866558418348,4.023690668214414
0.5595510678167753,4.040808914381607
0.5520188571149686,4.073803869285344
0.5653946305165256,3.7920513454295537
0.5415359160459202,4.0610899250927455
0.5740998911159579,3.903952528784019
0.5080147169585804,3.8478970912185733
0.59810212994573,4.026760883505748
0.5787301122612287,4.085550451286341
0.5860401902336524,3.984862187700632
0.5370204072392827,4.13054768037146
0.5749501708191772,4.28882761627925
0.5603098619975279,3.9221956823997863
0.5572255122196698,4.348234247101493
0.5728211360079002,4.008812627341329
0.5461545237563468,4.092433798130177
0.5628506821968916,3.940948516705163
0.5556618423847551,3.993441662644925
0.5740045324840267,3.9014847644474364
0.52269464713018,3.9858506258792517
0.5689057083817421,3.905668389695753
0.58878532354026,4.072723638679778
0.5728782925564214,4.003485765165267
0.5538895249573336,3.9705867006186533
0.5650919546429766,4.1404229381638915
0.5403866518961251,4.064710359911553
0.5423862281606632,4.004837402227505
0.548666142508286,4.049756684820063
0.5811782395654579,3.980830775520161
0.5877916364851622,4.054123541422224
0.5314860724520112,3.977199565154725
0.5214110035297924,4.206533062860198
0.5756651310363129,4.011489068636936
0.5306651826628301,4.223453737624711
0.5887468373306518,4.083317838467564
0.6993111563757247,3.275079084398518
0.5507556174481422,4.2272926359731695
0.5689476530087191,4.116565692649973
0.5129794992124569,4.025556327935605
0.5381862988765588,4.155085248805989
0.54490156817646,4.10915308206478
0.5694319496677392,4.050848749775057
0.5260017567156257,3.670915514678575
0.5134206487753844,3.8353898192591376
0.5513453882116158,3.7597374825799323
0.5159393103346653,4.087267106258783
0.5676568570079304,4.055825675675879
0.540817005066405,4.140928096050913
0.5411163417144954,4.085105050859284
0.5451078952731541,4.002994958602006
0.5381975167992971,4.149014293653324
0.5261581803549913,4.2057413909548895
0.5828040097255317,4.056452197148436
0.548386612217671,4.257713249988403
0.531355965009357,3.9535306107574955
0.5595729598603222,4.168725082793384
0.5514371813028652,4.238773405532173
0.5451520225458353,4.028976335679497
0.5174611688650795,3.844569233585467
0.5324616158831548,4.139019968131307
0.5793663343327308,4.211694384848921
0.5356476802447799,3.887030571174197
0.555010080121164,4.022833223514744
0.5774733466420179,4.0170876259503485
0.5457518898343373,4.114630679469322
0.5709246464440078,3.7165520839641872
0.5349596476254667,3.919075192201232
0.5905780643522811,3.8921538262681774
0.5338963243201559,4.166748236972726
0.5445744371584503,4.271169067644061
0.564143859247536,4.089229549796026
0.5702035702653495,3.8261279431605555
0.5238620238066268,4.174028194951091
0.5455628905267463,4.0204650876993835
0.5576570189702719,3.923523800016676
0.5097744622808519,4.083508023521607
0.6115423048511143,3.7070334329960346
0.5124341758553452,4.101720850643182
0.5911430264299463,4.1508595758412365
0.5289322086410134,3.9618535417251803
0.4933913321484795,3.948583133725817
0.5604237585006516,4.108041741233579
0.5388287624823832,4.305193874787274
0.5270920666950026,3.881918698111633
0.5332999528887686,4.066642643165623
0.5515555049220436,3.8910826649690153
0.645566039685584,3.7241495758111927
0.5648645196344843,3.9594407451399563
0.5132148739646963,4.073038766181844
0.547645951915042,4.267922493040461
0.5530382529936387,4.165067401419496
0.5667914039922132,4.107204142922869
0.5402425509401455,4.154277015746451
0.5008890469547417,4.076269440846732
0.5587642926188484,4.17296222344312
0.5535972064291839,4.220286983759519
0.5522564313912951,4.1594879746709505
0.5426501933166491,4.079087056050148
0.5243307097434797,3.896964318612349
0.5662132066513136,3.9048074401615693
0.5073785452182294,3.8540939505619485
0.5901474256301951,4.027898227764486
0.6031903917140474,3.950738391065618
0.5472274315689115,4.091171797249402
0.5858093744620835,4.144770523508788
0.538643752981659,4.108280910925757
0.5856902180531924,3.646603472269115
0.5661172647788602,3.8559830632759664
0.5613719206006503,4.32857003891015
0.5366906136493369,4.299558761552617
0.5375857119481163,4.0815432686588355
0.5264301143539574,3.9843537138989564
0.625556764987682,3.806324028551575
0.5758609712245581,3.9040350998763302
0.5593291324867562,3.7216452695439806
0.5473089976849469,3.815147478978751
0.5335531018814407,4.305669766725495
0.5478522527665183,3.9866231574378492
0.5416609891329339,4.1276818769281
0.5516825295667163,3.7383195011625276
0.5456655515086478,3.979976164375175
0.532395114207706,3.954896725063086
0.5595344701965828,3.9548894188893198
0.5061274663764695,3.8006464870227763
0.5427957897617707,4.282410492957206
0.5013331912131417,4.123642003422495
0.5639725373256855,4.058505379824907
0.606624922839858,3.688522786346288
0.5587909370347605,3.947314368253465
0.524828484403391,4.160577856233866
0.5479761948000418,3.9469054811955235
0.6150823065395337,3.866065448456784
0.5585605372737846,4.101280151329569
0.5892588048408718,4.127624744069017
0.5424711425379704,4.064257874995993
0.5766609918928852,3.9220706001778165
0.5515775070494678,4.2275876855472605
0.524800806111161,3.984552337194481
0.5595950302389509,3.9065970553700544
0.5474013340360541,3.993710911321783
0.5355369164880707,4.09848591065262
0.5691814576510449,4.099000329163858
0.5040686365471564,4.099625858043814
0.5534868076691445,3.9961706667581107
0.5662532446533655,4.097005452160735
0.5504066013458101,3.9958549315373095
0.5579140890582887,4.162363813775114
0.5044969868911583,3.889772335486983
0.5669194210901595,4.077148628969547
0.5618967050218325,3.9459390457368837
0.544411104949995,4.056541773534961
0.5453062035922579,3.977990068357483
0.5609043649207287,4.170747806187365
0.5594790977420111,3.6456234053657055
0.5296403898673336,4.018491180857539
0.5650592083210598,3.8508154231352543
0.5713072768628986,3.784270684928089
0.56357064576938,3.8710439480716032
0.551431807019387,4.275735829690578
0.5204545112483727,4.227516744523809
0.5540168478389236,3.996417345949876
0.6081515259148903,3.8571273682150937
0.5466721236954388,4.060841344851255
0.5667704798367793,3.8972137663494286
0.5253796488899606,3.963586025978747
0.5053431343446058,3.834259608689567
0.5162196508841846,4.291032054186639
0.5334274541196578,4.009817261269963
0.5565601644713545,4.147979739797603
0.5591698104612688,3.8930565948691456
0.5420940210293089,3.809918741858668
0.5243120605635289,3.7346436825661216
0.552389991499842,3.862240468334962
0.5524262325310908,3.978815284824336
0.6095782046052908,3.7393765419561458
0.5593875185479733,4.0190467260405205
0.5474081905190412,4.0493534211560025
0.5412392600370839,4.078821000508335
0.5217046973067608,4.246627615010429
0.5305584346619006,4.212663983573505
0.5109860760714177,4.124103989295219
0.5377721238893531,4.180425697201964
0.6109599946317243,3.6060165746369184
0.5268692461275886,3.934264147536282
0.5413962556506685,3.8182506618341
0.575677803795363,4.19684345451594
0.5497366283052615,3.8017669552056446
0.5353558982904089,4.112014904224425
0.5547747399883216,3.984270547787407
0.5651947834409153,4.042856482234308
0.49408242365829186,3.9993113310829194
0.5945003837646942,3.8678508189961227
0.5437810248803129,4.047482832416537
0.593155458729024,4.008549409969404
0.5918900212278676,4.066195906643254
0.5048151922907884,4.15369998413596
0.5598894232903991,3.9247504312054247
0.5124087902822764,3.848415568798664
0.530309135923352,4.092705944789125
0.5422751518601665,3.838400817281237
0.527388779557226,4.165857466355938
0.5571881750002076,4.0000270997932645
0.5456703287151196,4.085038435782128
0.5368583243404073,4.086794522004582
0.5702928403072002,4.28117806116341
0.5186129497924431,4.046548687379775
0.5657452854098457,3.81542669665776
0.5846379716284497,3.995830692564845
0.5732927158362063,3.9528579518148295
0.5788085696342347,3.950909001570413
0.5676993768361708,4.1337637680324
0.5480300799516388,4.057382514222938
0.5472230035840494,3.837426683702938
0.5772239887151284,4.07346839762477
0.5403357771725279,4.2733978723805635
0.5455946133756073,4.284404334777734
0.5274363770560303,3.7473677171920894
0.5587403906214002,4.155605432301576
0.5529220754803224,4.0913950690951415
0.5622933540635447,4.124463300609141
0.5191007741205681,4.2148462821847135
0.536406331554388,4.084784462286482
0.5690584139747562,4.079673557504738
0.5824958430756938,4.005913206983226
0.5604009626381904,4.026730168468342
0.5255148781660695,4.172568432396336
0.5445757365682057,3.832060709384583
0.5614649461372393,3.870046997724142
0.5726015890193656,3.8196721522911457
0.5557304580397319,4.133890723931903
0.5473516675012099,4.113235494968154
0.5356905535257105,4.199065203305461
0.5837251615823987,4.13492442490075
0.5290101061570054,3.889333261390385
0.5955207882548165,3.861093288352255
0.5476899738898736,4.0864842326516
0.56044723869473,3.9643035908721784
0.574658310520806,3.9056968511794268
0.6671433051097932,3.650093960178449
0.5373683224712432,4.141278712368992
0.539848110978257,4.354391191832071
0.5468831364989984,4.028894579011757
0.6065373229356824,3.9575697927784446
0.5139372748880461,4.043961222677453
0.5551232534495559,4.198565286449294
0.5533663536135525,4.032245182355562
0.5138501412931039,4.079310104740501
0.5327257647920577,3.910097749100633
0.5161931232133096,4.02181955319523
0.5376824304585887,4.285878062923357
0.5573323367489402,4.137530467989882
0.5566150921197773,4.159605346765551
0.5671711505385937,4.064916531765662
0.5950193871013539,3.9240799509861595
0.5050252433334484,4.139737793866492
0.49756583188063136,4.136242966270202
0.5577320409707989,3.9115356025914116
0.5604026756656216,4.0672044487858905
0.5447152178140094,3.8440320160937955
0.5713545443775615,3.7124220723907855
0.5289722097604059,4.193074910952344
0.5660033871697497,3.744983539690878
0.5462628317626089,4.078804657913002
0.5241352510798353,4.079256169722512
0.5528003816884681,4.050502308134253
0.5900157746006558,3.805035690369049
0.5801505958632227,4.154825161226408
0.5276884501979199,3.940788435730445
0.5659256023186982,3.986832476860812
0.5128618834529947,4.094263434591778
0.5614746224098586,3.9377507251080943
0.5439595808059184,3.783426565404548
0.558301970550512,4.149477754611325
0.5782864010825267,3.9492874601847916
0.5693392937988052,4.014830999343864
0.5979215223529959,3.954318995372447
0.5432987929609905,4.316203292559588
0.5247948389124797,3.907356107788494
0.5440979839065999,4.255677292476416
0.6522610610489902,3.7056368198829603
0.537827412373382,4.168064157144998
0.5517827030510626,3.9608842231918016
0.5573068368895232,4.029168758252214
0.5574104824225709,4.174140326676837
0.5391270439083465,4.070108442820431
0.5429899241873445,4.033060906833323
0.5608089822424963,4.155468946920381
0.5175943471830019,4.040245097315055
0.6358683241169941,3.679864977024635
0.589411087795865,3.9956176770774356
0.5580113500564324,3.9577049606974484
0.5691249428903321,4.1319306743796735
0.547959681597969,3.958675817757095
0.5541305401743905,4.152784634285566
0.571613905252843,3.8091727848864836
0.5518991380590004,4.007383703016047
0.533305585804935,4.325383549302821
0.5430006133272659,3.7683953160972847
0.5686003513236683,4.088798794155057
0.548239588606977,3.856227897702198
0.5040077626712914,4.166086260974818
0.6538744963829721,3.6617874946092255
0.5321254769571012,4.316611700609259
0.5340338667982317,3.990528208597643
0.5554960565759481,3.7691815478794037
0.5681877960977874,3.7807916836389155
0.5498632539386182,3.929390110728067
0.5671931005409402,4.183942733303566
0.5361839820224908,3.923149474380168
0.5283719118965611,3.968629112700991
0.5375732846013538,4.080650392942212
0.5617283641528789,3.921088909695485
0.5379733345889639,3.9343234724200644
0.5459413842845132,4.047130841705786
0.5637543374255015,4.138853385402052
0.6102901648591788,3.9463322655362867
0.5244463243579461,3.9028446791751015
0.6150112091073089,3.7101614230118893
0.5651506416699319,4.075931363846533
0.5275958589816722,4.170212405414513
0.6212238619193434,3.9133774700091863
0.560965095286886,4.201078712604207
0.529886778427918,4.199062794993516
0.5408618772264423,4.10833244874079
0.5752515476886492,3.870422377981018
0.5435781591104241,4.002332369464493
0.5513548408030633,3.9979021568243294
0.5472994750015621,3.979576720663717
0.5333091487938901,3.9413560811823474
0.5935111522555755,4.1198894740367535
0.5701764020267349,3.754922683671838
0.5842461599921673,4.02229163142917
0.5917543070944994,3.706496746286509
0.5756850508944172,4.191197891728973
0.5388223304926393,4.233608351516487
0.5498467834568778,3.9842207454978777
0.5651706006267684,4.118904193236079
0.5057605742691852,4.132756225519941
0.5680016256258392,3.9378847005990703
0.5648431026616341,4.041705976688356
0.5802998494831956,3.941732751080803
0.5529640523671683,4.040419668078893
0.5792066515365378,3.907331801736396
0.5380259881189057,3.781530747749075
0.5679829726673603,3.9025827868734013
0.5797195254673447,4.120196259203095
0.5193563728094824,4.242359615858457
0.5478566235684775,3.793136550256868
0.5767882992215783,3.949127328143007
0.535575586228649,4.054927489984623
0.5276782630303697,4.223049080171359
0.5819493921319093,3.9328873524707606
0.5692865049680286,4.143912775724968
0.541194928672237,4.292686262937121
0.5796524678163316,4.146699556870759
0.5572859265764702,4.012256722070773
0.5389639031338541,4.325114487300445
0.5191207003997194,4.229190058549661
0.5632456414673507,4.155728572391436
0.582369313314231,3.841812466434497
0.5544877869279768,4.160190648449489
0.5259867768631228,4.175312071767649
0.5477895982079677,4.002222515116248
0.5452789309218572,3.995152131725669
0.5493694068046179,3.9573761773672835
0.5392680071886201,4.07758547979591
0.5598147294424314,4.1249678841109905
0.5599285903780356,4.102880061355585
0.5023008688589962,4.146523144814815
0.5399622589729173,4.078367602648499
0.5798059202409706,3.9734128442265244
0.5469627426378102,3.9897774612213444
0.5487643924310086,3.9677485097201513
0.5142277372680502,4.049940377377149
0.5500471686520684,3.935968137864102
0.5665836264015945,4.098666357954597
0.5413293877671034,4.015601536920697
0.5552261148880803,4.203358928961788
0.5801242528501401,3.8795665741373893
0.6106132211547503,3.771476867932938
0.5868843470890693,3.790551819846874
0.5234175257287703,3.9944286075279556
0.5382785233168879,4.305352461077162
0.5630475122157187,4.178865545180581
0.5789262211422154,4.1416675279274076
0.5444293085914663,4.020004112292278
0.5565775662051843,4.217900405057743
0.5419032823616808,4.07261005464595
0.5201035177994017,3.9594478732254426
0.5494081418777121,4.224853670838418
0.5335277553256544,3.902791132305941
0.5345198825650702,4.174764175294385
0.589706384107943,3.8358638164255705
0.540977419615281,4.064885156923502
0.5816416800841567,3.9700048744019356
0.5425278981749689,4.04763576343708
0.5186854715159015,4.229860163501847
0.5345929690354141,3.871613934625467
0.5550566654836772,4.157282357734554
0.5288877534178408,3.997592852972808
0.5316391783552802,3.947204490344294
0.5484940002956842,3.86596371328344
0.5639109719784542,4.1685683145247205
0.5694783682370107,3.9808048900451154
0.5797797705748832,4.051403384863162
0.5491021375472848,4.0239528277882695
0.5121097664850384,4.092960863751798
0.541303187329019,4.2859444237439375
0.5335333358891602,4.173434630628079
0.5864857155589731,4.109916232935199
0.5611656293450115,4.01284871858067
0.5338849591510002,3.950768217127099
0.5849091326665982,3.7292596772967275
0.5767651256192219,3.811071519148088
0.5357059073071657,4.07808173283064
0.5613511718233286,4.170301312050687
0.5304954782113898,3.7871246659031055
0.562541849793937,4.063070352467997
0.5583665200992972,3.935533287838558
0.54827830083777,4.061499744438517
0.5263752386398144,3.9465085724875575
0.536036861595424,3.810893169622745
0.5434156104504863,3.7720096336814684
0.5713857970702244,4.242032530467208
0.5610943350785851,4.077566814921345
0.5537491096728032,4.18514503472757
0.5443124600926029,4.2432124672876395
0.5467007023185859,3.8011513582865923
0.5362867793823353,3.9346795167131585
0.5601256850437766,4.137586751303096
0.5635102175157688,4.062924579409494
0.529607082070385,4.201005805371687
0.5709986978868463,3.8967668588599147
0.5154981636698385,4.21482361154239
0.5016979996746199,4.1699170393036
0.5617567671171727,4.075774396977494
0.5601086252008468,4.0653120225616695
0.5760077790965227,3.8786152867052457
0.5924973876801816,4.004856537602158
0.568340400021463,3.848530762786733
0.5828070801033829,3.9914957081434053
0.5495982496334866,4.021779142641649
0.5529182695158227,3.988954896108508
0.5853307964545207,3.879217882640369
0.5205573580633073,4.3010629110973975
0.5592563171730757,4.098272339133985
0.5671097780665023,4.261306457525038
0.5107324039453575,3.840231424909852
0.5374789864497911,4.137369974659122
0.5389922379899995,4.093194686029272
0.5826493557632505,3.853892726184137
0.5681347017258628,3.769950673866788
0.5605785092182792,4.151271732890377
0.5199071808044893,4.208410532309858
0.5829025255744965,4.102085676747213
0.5670008196816051,3.820652125409802
0.5717470833580872,4.128105029411266
0.5394602415136206,3.758362115964593
0.5422297565051485,4.066681296142873
0.5250633549644773,3.7458238533238717
0.5825561120783368,3.968631754543965
0.5582957251896038,4.0198590080959855
0.5816601378589307,3.9645104696422364
0.5300241254964085,3.942331099938365
0.5569737610624571,4.114726706777788
0.5241074936136191,4.181509590281609
0.5530972942307667,3.700480639878778
0.5447206986172339,4.066076344600991
0.5517945056542831,4.273142902024649
0.5574618685883305,4.078449448517129
0.5870389853845518,4.123233598651369
0.5566217194227073,4.19270446595679
0.5235041502872634,3.9900102699544155
0.581296355630257,4.175973874675876
0.54658431738879,3.934340452406241
0.5451133197226267,3.857212790047603
0.5492220681124179,4.055145763396431
0.6315095721170022,3.438333928192046
0.567227016654179,4.156848501965389
0.5320564769785211,3.945248004453164
0.5384732922231912,4.118182453398453
0.5594303458896716,3.995004792835834
0.5377225814856376,4.2946882150581445
0.5627284310969896,4.125604125202317
0.5845298057392535,3.8665390422146584
0.5914877402971562,3.891182616700604
0.5801828053535357,3.9691890347464036
0.5542641633567402,4.044698303270562
0.5885265049912147,3.962622959585076
0.5583475571172629,4.061499555231801
0.5423182339750025,4.274770530122303
0.5219275132002031,3.809094272771872
0.5249838919084292,4.229816104899215
0.5558757460447397,4.0990140342268155
0.5873327125643676,3.826053572889346
0.5487974610863969,3.833484778075754
0.5574016272280736,4.376041716319811
0.5546644736901843,3.8835543423492354
0.5588409543002819,4.0808161965519565
0.5120943500410339,4.064325772661534
0.5667646625314614,3.8212569609386744
0.5503126859796665,4.116515457026906
0.5526745870001408,4.011549701518038
0.5092888215663668,4.039521815709832
0.5474024129036498,4.037463760120051
0.5797786637226069,3.977881387382175
0.541521481418343,4.309468165472947
0.5905861190858943,4.095346104149525
0.550441445680351,3.9646379958576294
0.5967936794543299,3.9496552750865703
0.527861362044613,3.9114517960642723
0.5121943899192924,3.830983100117855
0.5489096810267855,4.07239768306935
0.5333698676578855,4.1844640358126695
0.526818488768589,4.036427524510716
0.5634047420382442,4.153555344591613
0.5552261659150767,3.640472463784296
0.587696578913402,3.9262013588421207
0.5068249154269281,4.119057816312469
0.5901841926103074,4.047400683481261
0.5499006231353452,3.892594821537497
0.5793624594747294,4.007815093011465
0.5620698186811101,4.081062816216877
0.5225760919208106,4.198982278627945
0.5692013317842503,4.059195449907236
0.5487044259753614,4.064455896683006
0.5547910626101804,3.9972886877291125
0.5555782938490264,4.1610715548010235
0.5385821038389957,4.270095542008978
0.5573395229530337,3.942887831153111
0.5235456064972075,4.007778996653051
0.5480817282300573,3.9760321719879723
0.5584153623871206,4.054470901849831
0.5619310194300711,4.335588081405049
0.5307005289900936,4.194857283574268
0.5389458978477284,4.106631791151897
0.5632162844502725,4.138641635084633
0.5556389599668651,4.405226979215976
0.5189249439128988,3.9817391589952003
0.5281205573721032,3.8529898668394313
0.581603238440737,3.8863312170601287
0.5841552323110651,3.8736267388346426
0.5201218216624622,3.9600853484766714
0.5628342920934675,3.8932474530054626
0.5401463225378275,4.127472726762236
0.538252032095225,4.10793728477144
0.5182820651245605,4.068568048284438
0.5270470822488318,4.225319363579295
0.5909526453784942,3.7431036270781175
0.569494016133907,3.6559587452091904
0.5922903632893833,3.8942131854880873
0.5579724631958375,3.8128667140262493
0.5638398848076064,4.088523263527287
0.5384685919563661,4.195698836095516
0.5226381232913202,3.820793600279036
0.5391361657800473,4.053634513009576
0.5345061484161874,4.1616922836855315
0.5709299081141838,4.128065180056843
0.5425661582801239,4.272374596826178
0.5377777133393836,3.828328295009452
0.49509425871360085,4.180996605195098
0.5583933215853103,4.204489243485349
0.5826574138006765,3.8911767343009482
0.5407330546823269,4.082269251316533
0.5546267420083247,3.917128621856516
0.5566079282643778,4.117063146751615
0.5560995575609132,4.15318490623043
0.5371607495719891,4.039792664017079
0.5434454111932951,4.097191872000672
0.5441626718537896,4.034756843477531
0.5495643242037352,4.3434480721532625
0.5372417857305134,4.119216439239156
0.5795683246232779,3.939475570348895
0.5558188449890329,4.186872139657377
0.5114707796905241,4.043097586015818
0.5470267733360495,3.8557747274482637
0.584012085774687,3.734349131569258
0.5464590657987317,4.265353763934637
0.5553853160998279,4.009726286412034
0.5215789305434019,3.944501023746047
0.5713097688374217,4.010919225775372
0.5535097055004946,4.237702567361154
0.5559339967704838,3.98176869470025
0.558617562390234,3.871664068408025
0.5257515003790311,3.9948154559387956
0.5524603128099519,4.1006051827616625
0.5322075881654206,3.899599688150587
0.5515562673075853,4.209728525509674
0.561666736571594,3.8656585823856457
0.5600230063357023,3.9609438824128786
0.5301106054406904,3.978205444891706
0.5293379488357197,4.2286318528473235
0.5568294600619652,4.1025878780098255
0.5399845063077243,4.105784247753688
0.5951459333229461,4.044207939058352
0.5468650981148949,3.8613448752635278
0.583828971392148,4.138136453907545
0.5538754839789538,3.8799831447947617
0.5821503823515862,3.9689379491426435
0.5143568277962095,4.022480873778461
0.5303627326139476,4.188112032579762
0.5765523271912731,4.00999012072075
0.524269998771848,4.194627280709972
0.6252620531825688,3.8134646981026563
0.5476144798213815,4.04792235245472
0.5263222217107166,4.197679286549279
0.5397906190703864,4.006276425400648
0.6084149397554078,4.052829674926791
0.5590056826692938,3.9306151124906985
0.5652845227795699,4.070436498582594
0.5487518032415534,3.992147974369809
0.5904535736897717,4.042345244860762
0.5270813307217814,3.9679200418832856
0.6029818409746501,3.9771577217325276
0.5552689539736303,4.18443586485049
0.5530187318587811,4.030608146476275
0.5762924784822218,3.8484726639336078
0.5646855407965454,3.880555451370423
0.5365105206978797,4.146570412438771
0.5370035322836345,4.178287502987884
0.5479935562676487,4.28700781590405
0.5576289371143498,4.041202152501789
0.5963811077821991,3.9900431612753344
0.5033837012636246,3.9133483478655102
0.5841248675506004,3.989989527299883
0.5621981267135595,4.175455886694278
0.5555338384423173,4.17769184881647
0.5709483169499998,4.048354422200366
0.5934031393579234,3.888670906168434
0.5448749319944256,4.228896751519706
0.5581669716765322,4.197660811612225
0.538366789285537,4.141712228126678
0.5383500639031744,4.317820755745815
0.5597971129947691,4.1358565263081255
0.5545703392993627,4.036863759011186
0.5403583845377189,3.658310875335331
0.5122928383877943,4.068820994621964
0.5164856912942439,4.051128532001842
0.5663041778431009,4.147389939125875
0.6297711265943484,3.858648280784427
0.53301237700723,4.062845984639413
0.598307740366196,3.8834953045904204
0.6022285704483227,3.9292528661041453
0.542663861515514,4.312614662016791
0.5845049545336696,3.930108499375521
0.5610867615457032,4.334650891393372
0.5460254194592724,4.250591849956261
0.5218568416893729,3.8307696486750054
0.5459992333614636,3.7045058876764707
0.5519754023818587,4.092688303855459
0.56546716333636,3.8057913370942713
0.5467570747554784,4.035062108242634
0.558789632133075,4.104646741337103
0.5367155695360221,4.094641948043452
0.5829442629761988,4.029018186866728
0.5033829539140394,3.8518093215171607
0.5679851873504512,4.138911151142882
0.5462029398189273,3.8111572239305995
0.519364276024839,4.190388738548964
0.5341838869022001,4.140130937889196
0.5410156918087174,4.285536496430089
0.5775926304990654,3.882731656165831
0.5248060364415718,3.973766762465169
0.5881897726743296,3.975217196166462
0.5514408030564951,4.1699136199390745
0.5447634165563932,4.081149605681845
0.5319758765756228,3.9676934980870358
0.5262643676420101,3.982419373820793
0.5579532365478357,4.230812971548056
0.5820232956728598,3.9153484796650306
0.5404558430846897,4.122199224356001
0.5672399762540049,4.090964650593767
0.5735472456484922,4.022976965584691
0.5402118464710203,4.093021242981556
0.5563626887344915,3.9734261469049414
0.5524073042336535,3.644530510626737
0.5504414198086396,4.063260126396107
0.5928897802536512,3.917752076108025
0.5707261791546888,3.8703314507112405
0.5635276872111273,4.124489851325451
0.5861009376027658,4.1194259099173625
0.5638693723398885,4.099775695006376
0.5691108420332837,4.052878722193239
0.5566817711214366,3.9436611211575823
0.5427956683507781,4.0189743961157545
0.5425172857193239,4.137360350575163
0.5326314060654773,3.845241203465289
0.5807938899368037,4.20646364709362
0.5422756617589967,3.7781176897603372
0.5732349990285017,4.249086583134113
0.549505804677198,3.7575038976555017
0.543267316509633,4.073505450554075
0.5185862857361777,4.220752230759271
0.5298788099115543,3.953960117109416
0.5266300569982868,4.255891289846624
0.5683301923149578,3.9866132575271327
0.559247736337673,4.048989730315171
0.5617875651283394,4.107797467340155
0.5454856715689961,4.031996922108593
0.49966418905339643,4.1918635166872775
0.5413541678565201,4.083476347120961
0.5714606769129998,3.770338013130848
0.5462912822638969,4.326533144683026
0.5650930203035812,4.085651013411039
0.5418360117522111,4.184013885982794
0.5488903292302326,4.276028915780327
0.5257135625788302,3.9616737783297853
0.53132990611691,4.195310001074511
0.557328486897997,3.995996518494477
0.5864576038366033,3.9641177428527308
0.5045637749129338,4.065161140136336
0.5657439521525112,4.154105365734998
0.5108811726680654,3.8479295509294484
0.5836421492262328,4.069425032187685
0.5700853629358376,4.084853767519612
0.526711440144145,3.9973102009265573
0.5378159885338826,4.276420671602914
0.59978809002037,3.953014934442892
0.5454177512021315,4.048609002300756
0.5639022859386609,3.7091294924244704
0.5409640061213912,3.8922891461071725
0.5622469187869927,3.8851136873348175
0.5562522744561713,3.8857952731930374
0.5156521763716108,3.852683482524133
0.5345221466402353,4.157954778642272
0.5391407690223858,4.093114155590489
0.5322588530417266,4.1283595119027625
0.529433187456385,3.9579339598676335
0.58089290704707,3.9801020472621924
0.5926390079234197,3.913588500084881
0.5116470609639917,3.751770207183457
0.5304996934040213,4.215243737106228
0.5889567768649694,3.96758115437227
0.5372200214017946,4.072326590979597
0.5724764419201258,4.128842470468219
0.5365762705246355,4.264245503858138
0.5273081018648015,4.158771408320978
0.5429007081931347,4.010880722035063
0.5561642349568335,4.129384360974885
0.5903509869930287,3.6340394916749212
0.5631120170429688,4.065669070522086
0.5604609280294496,4.155824074059126
0.6123262907964561,3.6795721166029716
0.5652170061127847,4.0914047889140335
0.5458167134982909,4.031291298110314
0.5683453450311672,4.072818324079054
0.5380010100920148,4.177766817231526
0.6186045590782224,3.5358004334134763
0.5458881745794862,4.008892952700997
0.5705709368761737,4.248646702061697
0.5694680130006515,4.0216022669612395
0.5594213809700951,4.34036419012332
0.5636374294234453,4.187644226469707
0.5641366415631662,3.8532162861107513
0.5294919477458182,4.330185813310415
0.5489245487749366,3.7871364974784263
0.5425401228710227,4.081056104731568
0.5458998120973597,3.9230004117344617
0.5533240583210682,3.64013197231357
0.5551859565996916,3.996939054959375
0.5247172864781512,4.034206341003092
0.5703400770904766,4.059402965676884
0.5394634377777544,4.04489789322911
0.5660450720581923,4.04113706407296
0.5426113795417232,4.087488494410337
0.553287757072764,3.971982651304083
0.5604376735800395,4.224494204430783
0.5891901276772433,4.02509250203524
0.5597412045101128,4.146535431231752
0.5301611232269429,4.0110830187578435
0.5815896727416793,4.015903870325986
0.5763721237544869,3.972520036082163
0.5629982865169866,4.074929040485928
0.5270972799684096,3.9770551036049526
0.5550616701079065,4.176704894406093
0.587399456318205,3.6932489014490333
0.5351012985912844,4.1072218610269315
0.5523425262159003,4.062006413041227
0.5249529027790766,4.172766330161343
0.5124560805571522,4.096253512356469
0.5502630929451722,3.9478874498874013
0.5250157284167726,4.000867097739037
0.5739875863443581,4.027082074675186
0.4979730001463078,3.9649683350622102
0.5943758479303952,4.109185559544486
0.5620044447849021,3.884896307397174
0.5548149872972576,3.767948165138042
0.5717416969642446,4.208270469521367
0.5399857647842773,4.289127026696671
0.5631131560930923,4.125954857893326
0.5403637724625422,4.082920311852023
0.5090391195919844,4.155481412765455
0.578137131585242,3.979931953857849
0.5986871827589003,3.816051351080547
0.5618844494453585,4.127549224058065
0.568370782366412,4.105010513078704
0.58356590640689,4.069651493478884
0.5528975947237937,4.146075991655311
0.5416268068628166,4.047539911487703
0.5310986882833983,4.145298457638844
0.543742188171714,4.015939777679814
0.5119250655630331,4.086807262000957
0.5551512690668605,3.9218298092419257
0.5445365186782412,4.19133663614569
0.5770241998531067,3.8235048906594646
0.5623558098228716,4.12575413536701
0.5282518646445178,3.956051857479034
0.5263797974351381,4.225401408273154
0.5222875395169825,4.202880203531117
0.5839613313615833,3.9336676157335897
0.528919334608525,3.8523757374339636
0.6003614771777696,4.096438285148533
0.586400557481639,3.9730785798479857
0.5465591086377803,3.8333282180829973
0.5762915665621661,3.905162126087435
0.5946536297683439,4.127189675005227
0.5716057621840362,3.85863188408045
0.5212273539204384,4.235520580721951
0.5326678244329888,4.166710341375121
0.5676281271286354,4.139297199878661
0.5403079252228932,4.015107256525236
0.5843916310127648,4.112326358173298
0.5808525183840193,4.050856490431545
0.5975528236271622,3.9612708937222556
0.5858780260296931,3.8177437957219116
0.5431310397381862,4.063540982723905
0.5428997111642598,4.2604522961059486
0.5808034972874079,3.9230044941546858
0.5718882156018007,3.975521780722192
0.5378671847867988,4.07159642341159
0.5400858261266045,4.041632039252544
0.558666119045266,4.032584946316301
0.546666908413334,3.8437320632896554
0.5377802585941832,4.2525814453326705
0.5677614573603488,3.840718483639943
0.5953440934162674,3.9870332207696966
0.5480051303228416,4.155370072718063
0.5751528544151856,4.011069245146724
0.5592014262817909,4.1145191335375
0.5661127050696669,4.057049995237822
0.5442743951404699,4.009645491160764
0.5511557107648218,4.132761804855249
0.5673560132095269,4.074329256082284
0.5407904224321096,4.264684826352953
0.5268372245711714,4.1227906037247655
0.538937159295202,4.26473868444591
0.5661366057162688,4.063883865654692
0.5285995330154544,4.061230831136407
0.5109945904752989,4.1222481489585645
0.5585011554138744,4.179458319150087
0.5452793736239806,3.9157224170037757
0.5582253473508817,4.127346266090862
0.5295940688328525,3.869726676798782
0.5812139257654686,4.039590503727422
0.5136015628588398,4.070547624343322
0.5740374183506517,3.952987425744024
0.5379601674660163,4.027374372034194
0.5353442412680576,3.9250836775773394
0.5411061670677921,4.146131831844448
0.6118530505041431,3.703755204246289
0.5495313701431614,3.916925719781702
0.549684728123588,3.711767176424649
0.5457912659294687,3.990079057315794
0.5338648896268788,4.155948315125965
0.579668882281557,4.060138041951762
0.5084308826682418,4.0826135991350645
0.5599808526234707,4.164908634726609
0.5492649011997109,4.051825994004296
0.5652387859522504,3.626721958260642
0.5421269313986145,4.134702475673834
0.5866689556018043,3.765997282404616
0.5273416036178132,3.8643896751206164
0.5392406703323623,4.070623432063377
0.5273301102849669,3.9749590283614924
0.5785948203955299,4.162005959324712
0.5494018133812324,4.251873142795979
0.5544566195695234,4.1879031339207025
0.5424775792715532,4.356191770390164
0.5438972879620684,4.208027944446387
0.5284220626274366,3.9906127247557
0.5823103189610905,4.025203946624889
0.5453047405125959,4.03597590235514
0.5614359174831821,4.142209902717805
0.5401563742251984,4.33356916341401
0.5328159186543053,4.320424377252289
0.6122290571596767,3.8659929847818915
0.5419272893272781,4.274137590036702
0.5336910143745538,4.135675133500557
0.5557012966028291,4.243956120015216
0.5625991758053684,4.143854617621073
0.5416877225500313,4.287249967047585
0.6007665887427373,3.700533977968417
0.5192002688391062,3.8525563503249027
0.5455802246211398,3.800999022436725
0.5684517522918987,3.8249054504984645
0.5628699286201294,3.851619058821814
0.5592510113936265,3.9316702397140157
0.547228099990196,4.044308535021751
0.5316221018181991,3.951092507413963
0.5423101321719599,3.975077106832474
0.5803445958260984,3.9341657007388204
0.5675860357046066,4.142538360448521
0.512756318492952,3.949562090927525
0.5456220369610393,4.055159055345078
0.5753204647002098,3.834729718513572
0.5513808401218688,4.050069540714138
0.5620843320534101,4.216815855955207
0.5372337324791444,4.281616643180823
0.5795181477057242,3.635506344149936
0.5807120699227108,4.13397048577549
0.5263189901759838,4.16884676988016
0.5571891587906205,4.162149702540141
0.5317931297458816,4.199606522866529
0.5613188903802971,4.174610265040613
0.5578762176167272,4.071357253297998
0.5142112491636694,4.092528237750444
0.5292458923954154,4.156999659963409
0.5437633425952269,3.769185031009646
0.5759945408439496,4.019966680679337
0.5380186855263459,4.139974966943556
0.5558422601547296,4.163780780367586
0.541857920182567,4.0788880245993875
0.5239993586850625,4.253156031619731
0.4954356895841789,3.960505618501396
0.5455795333938133,4.2844841976735495
0.605406398055244,3.9197676675561137
0.5120489122782814,4.1283994928491765
0.565008300404411,3.7617875692208522
0.5595470359535007,4.0921617816335845
0.5262159860435264,4.15317354226308
0.5473614101626113,4.22235473058019
0.5856098308749332,3.7366457323542552
0.5561990764215954,4.160019637000869
0.5352467144464711,4.098200593793626
0.5796151306216883,3.958658522187662
0.5250164127990365,4.1689757662699085
0.567627793941009,3.8750839757297997
0.5199872653872989,4.2469894171309885
0.5588124947034278,4.162160863000636
0.5652752751839455,4.10692764894685
0.5455824841233037,3.9767305940461974
0.5338890442025049,4.170181596824341
0.5476823442504308,4.279752301982366
0.5532817564638072,4.0520362369927545
0.5394483099449241,4.104632271046154
0.5543601839862368,3.6989090937865146
0.5296292057029959,3.784292915994486
0.5389375814971537,4.0423187426703135
0.5355959796049107,4.081850652144822
0.5620039076287883,4.038574459827931
0.5662598775205135,4.141028087119435
0.6469997730254079,3.7455199359650617
0.576386363053638,3.9688666724759583
0.5866761186992934,4.096205140951797
0.5660732342829243,3.9707190176928617
0.5409954294701262,4.065818497738114
0.556887757291223,4.348152714473367
0.5545006102470995,4.0987980454401995
0.5965255465994466,4.095431386472774
0.5479500351557619,4.263253561914151
0.5403900277251424,4.064753940801989
0.5125524833591427,4.077173264182307
0.551513293031434,3.7363059302543173
0.5291447091853656,3.955818933149164
0.5809260530378754,3.9762616763652274
0.559793003618713,4.141273352343708
0.5612295091995051,4.1419469024986535
0.5205267782336299,4.086596394544027
0.553241532753277,4.041850303640939
0.5386228319773744,4.292258870862772
0.5641690568277231,4.055152621928347
0.5537080819429802,4.348475495217115
0.5423352262206845,4.064637712823855
0.5336484691654659,4.186892010273634
0.5680188403770781,4.168959695000967
0.5511092053078624,3.872261448922252
0.5460651296710818,4.066093303015213
0.5563706278287498,3.980723753074532
0.5936652301588917,4.005392591691735
0.5558156223172029,4.1903524575460365
0.5711562707935143,4.03229462470195
0.5086612161494961,3.8356373681045604
0.5153799853998601,4.064559238247278
0.5629888113387052,4.056357243875367
0.5071884101878866,4.141378800430746
0.5589434465024045,4.2154604833934615
0.55627961984984,4.359921689081955
0.5452153281986326,4.0939429137636845
0.5544499653890111,4.180166613804456
0.5205328875964579,4.057195754176445
0.5544401841410604,4.164214932134415
0.5306905310039245,3.86556998670882
0.5460252368662752,4.0910562178895
0.5635073310658373,4.037490653379099
0.5639198142123126,4.093388309599946
0.5572003519779024,3.9947637340746738
0.5671439685106142,4.159215644534125
0.6026900496070993,3.737499284770673
0.5604469457923759,4.150824241569594
0.5581757820826829,4.196065518840965
0.5497361462755502,4.103031554010223
0.5470152248888734,3.8140721137942593
0.5754438990461088,3.9884407343803354
0.5059191758712859,4.180516078192942
0.5512619178353375,4.036605644310112
0.5320379644802797,4.217714479822274
0.5574084713362492,4.135742763181255
0.5506482113457444,3.915512631731372
0.5365087749708307,3.822699115666049
0.5600121211420359,4.234371690169166
0.5476679041848697,4.066008201310747
0.5315250228493374,3.8942470353919236
0.5530785362227542,3.822232590775432
0.5813507225106845,3.9845986672416345
0.5063024553015558,4.134524480394105
0.5391996260186168,4.312980073754347
0.5436873373697676,4.0440099027458585
0.5479201768290304,4.068534706421066
0.5885811346822091,4.027320162658326
0.5351459814393874,4.085246955651649
0.6417663249764626,3.556126439513885
0.5396141765001,3.942072898061164
0.5686269168750022,3.803605979038416
0.5469178271644585,4.242297538443627
0.5227419495248806,4.150461434960375
0.5252173490529997,4.166158367649513
0.5362641733935826,4.035391146265863
0.570505665676306,3.8235108298847895
0.5445974196298276,4.05950291912711
0.5813263535304924,3.9870985835905377
0.5696165184365823,4.0070409210438305
0.5408772013320476,3.8760075162158363
0.5668305545350184,4.15582538622509
0.530640925941381,4.193570662315671
0.5447280104823345,4.23969671115277
0.5735420471510843,3.903857134380589
0.5091605324473173,4.122488503814111
0.5438981727167692,4.0967544061415655
0.5939848014506217,3.86655614432668
0.5402294469832821,4.2778892984412895
0.5839004828484019,3.968975971216871
0.5613659138716643,3.908750927661089
0.5228544236443675,3.9701049009491736
0.5604560723719461,4.081810675991434
0.5859056784120138,3.8581250749296743
0.5547640172073921,3.7134163176281985
0.5218690979504707,4.278526706083371
0.5178661192043319,4.031510976634627
0.5615170788921019,3.7078602684873836
0.5553865008987867,4.110826119991423
0.5451674971647362,4.092864897648207
0.5756151447362311,4.168515359557111
0.5104244365596625,4.0713253058871794
0.5759431551385504,3.9316718547663765
0.60514679337971,3.869238909147972
0.5620783036026562,4.043217489933096
0.49408129123033023,3.9293066161390215
0.5409514346741288,3.820966818551087
0.505137627043661,4.088611365056141
0.5236014007547899,4.043307699308561
0.6141738678515786,3.891832039762788
0.5723137915487749,4.001183628629137
0.5490418377563845,3.880592514591466
0.594964530062384,4.175388443077995
0.5495742407183276,4.0217534028915995
0.5375361784338498,4.077025222423111
0.52940653146416,4.312661826638462
0.5312741341634392,3.992498906147798
0.5410492928279127,3.8654798871373477
0.5479681958724966,4.072650899735929
0.5801333640899549,4.058034135266417
0.5273135774863725,3.92728176504205
0.5312473604673693,4.1910139774349515
0.5466330865138325,4.011366942638105
0.533474432628098,4.1708052556825495
0.5306595343527936,3.980527439529394
0.5230380421702723,4.266088482267067
0.5330999601574985,3.8423952682367513
0.5311084319519533,3.964913808665687
0.5740309248334798,3.9931801074879343
0.582210547711261,3.900601407956618
0.5813786594181997,4.03902309318942
0.5347238299235451,4.115941165565967
0.542530300104617,4.0560169912152295
0.5289605759281232,3.992230320696018
0.5670668419464601,4.067118751757088
0.5766730070919105,3.9811034449974056
0.5658965012708043,4.1551031688102675
0.5293800905873877,4.007945593620001
0.6060874609466606,4.003315941950351
0.4973661925882394,3.942869349292362
0.5813249095948313,3.8776506320302526
0.5359858435177998,4.374909548985353
0.5796771915979526,4.182452842906428
0.5869815054565188,3.8342907457129534
0.5661914087339203,4.09131791730558
0.5291340512671827,4.184117155740194
0.49659708313707546,3.9543511339729918
0.5810317112253868,4.058210060202869
0.5991913713612179,3.7090032422750983
0.573378059242527,3.9256707395375496
0.5441114848843916,4.101230315196228
0.5141492175896446,4.089257565445494
0.5712228665578173,4.0541353524142005
0.5492959874349025,3.990554433343283
0.5985811811917631,3.855964626163902
0.5919723765844622,4.05231887967542
0.5498923668436667,3.7551909065273428
0.5376002303950417,3.863778475917725
0.5425496019949883,4.035851286957549
0.5163923220428653,4.024059569569097
0.5579790326111297,4.008175618879443
0.5830070358041111,4.1350978790532205
0.5534572916538769,3.930197452662402
0.5824750342604031,3.6185851135647753
0.5619682446974039,4.274619107778768
0.6296838852929579,3.5858298457665225
0.5605258012658157,4.138679743835659
0.5977861498651874,3.7605500239696643
0.5594241460528849,4.326154729422924
0.5293010070847478,4.164777222327559
0.5241359313146101,4.1921627239186305
0.573180565766108,3.947155980544968
0.5679138938152691,4.100305195077398
0.6006372734837913,3.9211097360083786
0.5685872179567647,4.014711647875395
0.5320757097319897,4.128462616543046
0.5537438645207803,3.95368967253015
0.5408091294215241,3.629657427321663
0.5624273244687057,3.897417889615637
0.5916218051375576,3.7405581068471645
0.5862775759703089,3.9215869628594544
0.5598774774706196,4.088708989710459
0.5888289258571356,3.9255241633773608
0.5570262768640744,4.145426527769206
0.5356016052019854,3.7950687407174404
0.5924031900328665,4.089029630746578
0.5291356944094693,4.009306475651673
0.5731219652361897,4.0386130146108155
0.5298465040004747,3.895889274622258
0.5682127995798747,4.025276812532586
0.5576874057861524,4.333879035402004
0.5268130302317221,4.02973097122837
0.5589259589196016,3.9005852284394873
0.5696629290625445,4.04208035366978
0.5683003235885056,4.010662421689289
0.5260675354040494,3.9105796238885095
0.5772673049453625,3.9651901173366055
0.5312765430679184,3.875685537278814
0.563315437627967,3.8304273134158193
0.5617183022368261,4.153690923758858
0.5087434300275668,4.099245364610549
0.5363563847458602,3.934966704919429
0.5417457122462336,4.314067534495726
0.5447385129186223,4.282976796872415
0.5395737007405527,4.285130568840854
0.5253570402283834,3.941534048157708
0.5128559593111732,4.05377163512668
0.5484816534490485,4.06449328308739
0.5560208004737225,3.734009092049519
0.5373311391977066,4.271380363510559
0.49218268350070854,3.9316975162443657
0.5407386550945695,3.8934568933928575
0.5658055429901249,4.168171538409639
0.5908754512248509,3.7335369135919465
0.5206742119643565,3.6780865476769047
0.5430962423743905,4.0121529489135375
0.5452711988731894,4.277237544992641
0.5468811060833186,3.840115482118122
0.5480635847812787,3.723067755358103
0.5519741900052717,4.030881990572365
0.5741176267884146,4.178523354673026
0.5797178594324579,3.7489449413141647
0.5554237773671264,3.950690687381433
0.5127734275645971,4.0379331659946995
0.5822399450215512,4.204794432414386
0.5581331807815252,4.0130926579979596
0.6109423997393212,4.0215114133048
0.5525807818095748,4.017155446577443
0.5392507330285595,3.8417691748873533
0.5662408982123466,4.133410268032555
0.5696378142637483,3.9281941115551042
0.594361599367616,3.6199200665124285
0.5457880360550876,4.007747013284138
0.5374924586320081,4.162771485491608
0.5567255700655185,4.208785131983839
0.5550450494844584,4.205416573925976
0.5588617880887329,3.899022965682816
0.5413372922574665,4.283678012279357
0.575144020112125,3.7659359537501267
0.5398871547276755,4.126110353492192
0.6077125122287145,3.931121431212962
0.5905768141875456,4.0570898684336525
0.584526903922917,4.007656746038993
0.5448918038150555,4.288866931788116
0.5230971755034485,3.9794626728817057
0.5790977102678947,4.0120156118297325
0.5950788754204018,4.091592712277984
0.5439617406563525,3.8915179117390863
0.4942352561153962,3.9847085188360434
0.5597796495408492,3.890680285564228
0.5265972437881185,3.998717754841134
0.5248166814703891,4.173104746270287
0.5307728076040981,3.9292917858460306
0.5566979105174024,4.042266980847279
0.5895085848960272,3.85991623592929
0.5369125224674628,4.150793290385605
0.5564508587811945,4.12743542778276
0.530186931712572,3.8869392762550734
0.5676946693317664,3.768197260154707
0.5628049613461458,4.077278804174135
0.5464008865371621,4.093696543793117
0.5375388478372614,4.198706997290263
0.5767013758561407,3.9762289752200464
0.5641060978150695,4.088410248855695
0.5489295869068422,4.072604611255863
0.5905722174870413,3.9397834655903954
0.5269162906843029,4.236766535510688
0.548823706502171,3.9964182722621433
0.598164978762595,3.99260940337177
0.5823506540969116,4.152715247181109
0.5792862706769851,3.956631179992376
0.5641352090720401,3.8436724477458633
0.5585523368166055,4.162514276630449
0.5602630023984556,4.04370055085382
0.5726035582575119,4.227997931124375
0.5831113255249902,4.030995876935067
0.5775558548133753,3.9801271096745854
0.5510730897654259,3.7448746296533604
0.5618603059303462,4.109249369197828
0.5470104183212611,3.790259958008104
0.5551244183014683,3.966113146589405
0.5708578697335526,4.011507488305198
0.5512193075976062,4.259823497348345
0.5734574505598778,4.053261664388914
0.5726250942980661,4.060478057389175
0.5746133793118184,4.166193691358486
0.5460034692237606,4.093202610909377
0.54156216171136,4.347807125077723
0.5744197184310812,3.8104694368238086
0.5446785211783215,3.59285220206571
0.5513097732567472,4.055765489442787
0.6091707740047553,3.86520419096285
0.5466153494365418,4.316805710118284
0.5541095532475641,3.9734196105429724
0.5479376408343654,4.238597295843168
0.5538842587114682,3.8838080605840166
0.5383908374387626,4.0778373762102955
0.5423650189917525,4.099866550277427
0.5693697636733367,3.9085819817272327
0.5178086061918491,3.759512799371914
0.5214222654856354,3.9103486611756306
0.544033655747073,4.31952973888028
0.5731542805331648,3.8630650379385796
0.5648966027098195,3.886147313874704
0.5336815699056233,4.199981050161633
0.5210612332539705,4.217325617214917
0.5633097054696429,4.156493579075447
0.5208805902603764,3.9875377936511485
0.5526165163711482,3.7660180868843667
0.5608673996718571,4.3352575805000395
0.5425502481209082,4.108116746061406
0.5736163076325981,3.971047382877409
0.5494200602823588,3.8269700159523397
0.5342249133508317,4.188093571261182
0.565351778648876,4.0817860678369975
0.5070865172728308,4.1549144159899525
0.5920693060313739,4.073694281815708
0.5133952254975606,4.059774703210853
0.551102131432613,4.170377646674025
0.5278915151457407,3.98973612248845
0.5553514487931447,4.172356258123042
0.5955514181653704,4.079676775130569
0.5212937955631323,4.263868978704057
0.5456807474723918,4.085652627110072
0.5527782685779766,3.9191933702966146
0.5855779263294829,4.011594802930678
0.5784166039382562,4.003494255531734
0.5416845120998831,4.027402819261501
0.5876996536649365,3.9544154238238263
0.5667489815051273,4.02625647749611
0.5705986328754835,4.112632158787334
0.5704544326309805,3.807636013415165
0.5617711029805817,3.858038195396716
0.5127283877768036,4.101933346998894
0.5099233121497883,4.102659591581425
0.578815072173153,3.700878351988436
0.5646885261765345,4.0835733012273545
0.5388025728420277,4.056885022821324
0.5350374530349971,4.106567281884431
0.5470899743618747,4.10085787225812
0.517061933615387,3.8487693677939636
0.4929654354848918,4.00371568483722
0.5575170353782716,4.002533099873185
0.5621021909767693,4.225401417979812
0.5514655048185011,3.862190453690529
0.5652686562810448,4.05246486081356
0.5430856574123342,4.251658169146636
0.5618883198511417,3.931518764108347
0.5594723992719528,3.8879530322591247
0.5712615925889247,3.8160120900639374
0.5505504156573756,4.2434369042310545
0.5599730439841306,4.132565693250148
0.5697563843506817,4.017284100677716
0.5705249554623534,3.7319998236647822
0.5443395676278387,4.056348553337527
0.5571830177641167,3.88200482758343
0.555810569475995,4.199761282073648
0.5182624209049355,4.3132600302274735
0.5836375979303113,4.141125383915137
0.5742615593624445,3.882056710867849
0.5775401533590016,3.9518330379910513
0.5276028415441366,3.9581857364870685
0.5599530522794679,4.124917117587654
0.5646789403702931,3.9892051086603986
0.578044597144153,4.165716845484309
0.5802090288726858,4.1830865431349595
0.5639138209427098,4.005793388412491
0.5317851564267656,4.155077173871927
0.5483883616610202,4.205237440516982
0.570489240610315,4.034222480546584
0.5638848218018393,4.0476224445746265
0.5521547622233123,4.137870053039513
0.6024116905064545,3.8626045202222734
0.5791747640061584,3.878912990512013
0.5404331296345986,4.140775474084212
0.5552246973779059,4.372800513530042
0.5012775229307016,3.949572809729976
0.5320728881254563,3.9152856058871905
0.5642304770346332,3.9047300782474763
0.5935166165853895,3.7827196710854327
0.5039014641052567,4.151235747956321
0.5645082760557097,3.8825162320075677
0.5415906888052251,4.0121119406117876
0.5366684986451118,4.190139601708446
0.5388920555191602,4.092949637476573
0.4910406765400757,3.9530380659398907
0.538304799366924,3.9798149922000756
0.5681432354843385,4.031351276694026
0.5635088090450843,4.0771996124834
0.5425418071081115,4.271637637545492
0.5089281180165687,3.839587002448294
0.5248125901741435,4.198477480215221
0.5322506895017284,4.333605786222733
0.5609290296451003,4.170368836214274
0.5493834909491588,4.010976079514093
0.5457509716663681,4.043421578069413
0.5628946944984435,3.917410109055466
0.5804734318090071,3.9631838274656084
0.6312946363486062,3.715963689515972
0.5610431394481559,4.116548389141012
0.5996684665627509,3.9520431266276614
0.4965941763297346,3.9592325075897534
0.5679701465089391,4.049571893912301
0.6343712620669212,3.33809705218785
0.5530052594612913,3.9053713642535928
0.5695125410907934,3.923953010193069
0.5407489074463557,3.8443112700321667
0.5696008238625881,4.201619216337154
0.5359243439286445,4.118413892947895
0.5301449236433934,3.986567026273556
0.5988521288049707,3.949087075369301
0.5296781324906169,3.9068824938365356
0.5595461706867509,3.9262737420764577
0.5856203780929806,4.1657213529167585
0.5746831309710051,4.221923254907726
0.5575075507244643,3.9638754149455466
0.5092662754781477,4.1006366731273625
0.6171985865216786,3.7081690404087584
0.5420626952179758,4.0319498764872685
0.5329382502625731,3.9944596853740477
0.5511751399618046,4.216441957750687
0.5375034194287609,4.330957580629957
0.5804157125750132,3.9808579520338196
0.558840144867937,4.0108263857859265
0.6078617765064632,3.8895088051846667
0.5592320353390458,3.9583381424099637
0.5525421890029912,3.8029068591391195
0.5611946010525661,4.11164698548876
0.5774094882003048,4.119781990311732
0.5415085736762936,4.295311039368776
0.5306001163829216,3.9035776714652433
0.5528283684612928,4.037645701783908
0.5397778195116358,4.039515188515833
0.49218149695198726,3.9829096235577404
0.5938550888733174,4.037209693589654
0.5197690860015289,4.299113765923805
0.5554665816452127,4.148385352611679
0.5382706930221416,4.158934148169464
0.5336308561269568,4.15741875061865
0.5487589477835542,4.2408854611537175
0.5292744947672815,3.8884622873296677
0.5590151844987163,4.168624240875236
0.5955383918468973,3.9978780929357907
0.5873726217395628,3.9732980592092453
0.5792523415803422,3.759145741508224
0.5287915136415208,3.9510616385673285
0.5664788318073423,4.060215411495997
0.5631500268467989,4.179693174635494
0.580903898294051,4.041051594727408
0.5281934276147543,4.100416813282838
0.5652947190236257,3.882717455185736
0.5824503916852842,3.9769145400177024
0.5229728242743121,4.241360117268734
0.5609107620275428,4.291590680878473
0.5255236815449733,3.9812868786214293
0.5153010979236256,4.081157837782629
0.5839886762345309,4.18668572976043
0.5430087833084235,4.252266690605453
0.5939409281730136,3.5818200027573504
0.5632987508565525,4.211197522882344
0.5227005579997289,4.205789745129043
0.5597648773761186,4.21164819965695
0.5979927656944765,3.6862946536928303
0.5559621711392129,3.8749448888810485
0.5768112898304594,4.229550186536698
0.6111034748515697,3.8667446874889584
0.5519569118597952,4.051297124468118
0.5694805476828257,4.2027393207356125
0.5345109472415769,4.180105080981805
0.5685293343915346,3.923601519257087
0.5414100574699853,4.236120038277129
0.5486296729856908,4.046678479363256
0.5173589871594794,4.210990072091371
0.5520315807997594,4.003215005142557
0.5430102425896709,4.100952497139532
0.5632613397534975,3.7960873985256964
0.5602773698439799,4.148762864380969
0.5380858386638887,4.046387612649258
0.5608268458882181,4.132039447507834
0.5065131533681559,3.857341864627866
0.5014546353869155,4.142126208848484
0.5569671504143182,4.0873329332472474
0.6490935136130638,3.7128769254601006
0.5494824150632073,3.7255109449002544
0.5385566596328295,4.137116061335205
0.5052758092326823,3.8760622106298435
0.5425446180507226,4.01821871055492
0.555674337605011,3.9237315477241244
0.5444554300976349,3.9805741546374933
0.5616441578532246,4.166808351568185
0.5660310976588179,4.2460198567454785
0.6044978390131412,3.7810319648425907
0.5561608434446712,4.203289624458453
0.5488162152385256,3.597258045628968
0.5984268897296255,3.711588331309931
0.5360751846461752,3.856378034712126
0.5468164511341987,4.095407640413076
0.5740002963287232,3.7967956607061417
0.584063069930091,4.09334421271416
0.5361026857670764,4.186203206238377
0.5206903918001667,4.067831631009756
0.55510740478707,4.067852334086373
0.5605683966528817,4.112281588291824
0.5428098282431415,4.277805721651261
0.5977006489610238,3.76936759793475
0.5495633582853351,4.024157598558465
0.5347173973110372,4.248411413938581
0.5869062171152603,4.143408647162367
0.5840095019504882,4.084470672041895
0.4955858662268055,3.9537345250650433
0.5786059545155743,3.732320932954605
0.5521352109962078,4.0764227445802765
0.533539029610792,3.881089941315588
0.5257262123907557,4.176980428750012
0.5740087716035897,3.9815061249861703
0.5314615026532873,3.926120026970411
0.545629626381402,4.038385268601285
0.5784540415893101,3.93028556764933
0.5676344969299384,3.690060769360803
0.5453327139823888,4.259616621736559
0.5177381917018729,4.015902340810496
0.5620341430048079,4.086246823754973
0.5786146579300063,4.091114651840501
0.5424632134080286,4.020319176460448
0.5648022674310441,4.094722517358815
0.5336110234506131,3.8883893637983733
0.5999905368162936,3.7420599842449245
0.5412797450444534,4.004139154927797
0.5348144230683151,3.9440958314122074
0.5302940021835187,4.042248162474385
0.598523160380709,3.662645817535514
0.5493512905610302,3.7969807100402124
0.564218924077463,4.153649890537032
0.5661502480481271,4.084996966729306
0.5314778434395092,4.177691921159056
0.5446249848721637,4.062192098139424
0.5876624400352105,3.9595054080699588
0.5235335109277988,4.193122726156553
0.5527457240505025,4.203808164659431
0.5564561440593693,3.9936359656153897
0.5622341586303785,4.079927082323398
0.5815703621333993,3.9587690017857953
0.5706702983538959,4.001287498706087
0.5235184739250605,4.04664698754545
0.5370802154417992,4.137522578781039
0.5217590089274835,4.009602377622809
0.5979279701776853,4.087366595348625
0.5672047520787352,4.086676905169031
0.5399385176905449,4.345205267187034
0.5740698306717732,3.967380727230393
0.55613374538228,3.913286907561451
0.5882701174929114,3.889392962285227
0.5440316772775269,4.078293180482276
0.5571609762556305,4.323511651765621
0.5055891901285935,3.80935488612527
0.5590415893811639,3.9022044623698906
0.533669476875457,4.330531168717464
0.5521054085538327,3.76646052620918
0.5457584601426385,4.295300540058734
0.5459682778678386,3.850873781702468
0.5218841262307062,4.003897554147254
0.5521827632225339,3.9843969882789083
0.6052158496989791,3.7788477933571634
0.545200866962059,4.083201990534749
0.5467153248216969,3.779104527636905
0.5566027724680477,4.337171266722794
0.5786274387059636,3.9616939034888756
0.5337019424234074,3.871342920124173
0.5581899320694375,4.1786433009908075
0.5986842679569099,4.052536674842723
0.5398252268939004,4.141857727802471
0.5127812351705014,4.043212274919718
0.5398031645092829,4.118203796736111
0.5704272902406856,4.035578140465028
0.5225948580330945,3.730333235017051
0.5488788156008118,3.9759675879657483
0.5636268413398884,3.945288020707516
0.5654808381387127,3.9010513828320654
0.5830004235027374,3.998175796043926
0.527166960329813,4.159913252550386
0.5522749747280157,3.998937703896083
0.5449828187752499,4.233397360562124
0.5092458556586591,3.758395412986886
0.5465641069051236,4.057387241668506
0.5391419978028688,4.097629088595338
0.5577469544130823,3.9355001403034797
0.55669228130635,4.134577490080493
0.5654486329984191,4.0543289195740035
0.574390681791205,3.8918995642986167
0.5678941029685177,4.178370043233491
0.5795427289640692,3.790868664863128
0.5738949662704543,4.09251778545039
0.5363091117982178,4.075879628921934
0.5377944830804994,3.811385201551565
0.5423182973675339,4.32441478775271
0.5342021522381306,3.7661750426238654
0.5277893961120713,3.980650952063726
0.6360461978498287,3.8543608875998654
0.5498643222828022,4.068998065537932
0.6049116903303229,3.77542148990095
0.5192616449615203,4.255275079734935
0.49699432785957587,3.917164559572532
0.5637819488078557,3.9648869099111477
0.5185530300198341,4.284719175520229
0.5444828491331174,3.863217677921643
0.6042768961414237,3.726203276259892
0.5110137282681312,4.118089835462638
0.5386527261356365,3.9221275261017463
0.5883576525732214,3.909908881454848
0.5441370827021906,4.03270665839402
0.5366485785043515,4.103096036805545
0.5416906250367732,4.285281119661621
0.5221815803203894,3.959875778038791
0.571337288054932,4.0268350696434325
0.5622563596180624,4.149672025610562
0.5289402983945579,3.9565102398607253
0.5883483559826014,4.098690468648128
0.5616379017654543,4.178588122831722
0.5841380691273103,3.8837304001413924
0.5547834328821869,4.069577001588169
0.5546735019188228,3.695751662930689
0.5422629053277366,3.7326398940139836
0.5232752301869313,3.9436704959095645
0.5577790006696516,3.9000296294601866
0.6180465718912095,3.8166598052257683
0.5764052154333236,3.92316398724471
0.5304435464084345,4.190484727891074
0.49697109181795,3.878586436421322
0.5137715214034544,4.090864057807005
0.518881343008105,4.098466538217239
0.5448892941939432,3.8592362982938018
0.5512981457621798,3.9615983109389066
0.5308795205213491,4.106236603244609
0.551306770509274,3.825867973925526
0.5687925692794124,3.988372736701255
0.5426928249505619,4.3029972444272895
0.5485233250281526,4.01057687473855
0.5272545568288475,4.19177831034737
0.5643529052126911,4.106677668416343
0.5494911695112211,4.063203736945588
0.5259004821210925,3.961117038055574
0.5693269343666519,4.083175495091726
0.5263231583749688,4.254124433268925
0.591826754382471,3.8581692512769705
0.5613963377863588,4.119288421989952
0.5560241359524362,4.00874402112279
0.5437618090252178,4.324815477795052
0.5406106340414126,3.888136750108479
0.5029139351855983,3.8297593778924814
0.5156286893418028,3.804567314603925
0.5668985951014563,4.065235844065968
0.5294481800767284,3.7344515406003804
0.5571695941382016,4.060523300170195
0.5574677653478989,4.1003387030958995
0.5295930989024892,3.902596319199491
0.5327753839255617,4.165215638785383
0.5777851103116242,4.0372593063694655
0.5256425272764339,4.000408995785404
0.5731036297707557,3.987008468313969
0.5573731883278079,3.987151750243688
0.5922557998952532,4.087611895593334
0.6124383707070549,3.66478042280224
0.6000067124918779,4.019806103393765
0.566637491657488,3.8952642266295197
0.5443009796499135,4.245024864976188
0.5626671038372155,4.1383739353495335
0.5196084810153084,3.9706799975773213
0.5861438049773063,3.9213924149711983
0.6080816980359539,4.00977578578825
0.5667660006217491,4.141904761896575
0.5475293040409257,4.275707642704538
0.5871990677008434,3.8053857611834485
0.533121360675506,4.159900953752854
0.5534644195099969,4.197648985459939
0.5302817826035363,4.149356470816145
0.5836972020713876,3.976695661052437
0.5142586169100073,3.9956208677983565
0.5450872751464729,3.8238255178142944
0.5338182579994082,4.158082230900463
0.5662998059133396,4.228660644447003
0.5740527836885415,4.220205320762097
0.5145241235430135,4.034896557689128
0.5703756318025147,3.9646857927030474
0.5463475266648249,4.0525620584507065
0.5477056003043944,4.1061555961337985
0.5783678976690799,3.6812302887553106
0.5610076677124669,3.92647578355531
0.5821793201605517,3.8769448972667195
0.5670299668715543,4.096369718544491
0.5669705482888308,4.165655162101171
0.5732566792582904,3.8555692702424573
0.6034008856347356,3.9616527161922908
0.5800845672979484,3.921984600702053
0.5784902855238974,3.9763979583218796
0.5460480125807703,4.22215675266188
0.5555292752030572,4.157440898565537
0.5397542411874611,4.337827501017581
0.5942557870215321,4.008941113916625
0.5472487840973883,4.069802648334921
0.5112527206234273,4.054883263016807
0.5093209472541388,3.8867114741512587
0.5480647998113147,4.027011421580054
0.575339355227912,4.214717776842138
0.6090130451592166,3.9773261937192754
0.5307526998588712,3.9301361569258497
0.5259562251203774,4.0314495992010535
0.5917069220996386,3.871406536060056
0.5997975619371295,3.693624182671687
0.5248340869281699,4.288644058187263
0.5448334063667922,4.115780952088249
0.5633393427056897,4.1613860683558395
0.5308474820365644,4.2027968927514054
0.5531626945621465,3.8967628822708225
0.5369550504995867,4.1801556508473405
0.5219584560770888,3.9839910582983245
0.572753733037701,4.054314567484606
0.6023969045708678,3.9543268341542146
0.5070133187930531,4.107646176761704
0.5831563368940119,4.016835549122094
0.5506611366400872,4.242593569228469
0.5757176445218442,3.867261871588525
0.5269709353388358,4.248621437193628
0.5890653779418887,4.069201375525263
0.5595085966430031,4.101069876008417
0.5430004114891858,4.020374059057105
0.6312565389181032,3.7801937819153735
0.5449669568002965,4.0512936737552705
0.5790166017407907,3.817646386850041
0.5563288908266067,3.8656231959265708
0.5611087826543932,4.079407281528575
0.5457435937250429,4.068663745639485
0.5251294848192424,3.7706689274460015
0.5464981989376513,4.089244287769865
0.5450167120856246,4.062713173165276
0.529906021366414,3.9816166960210837
0.5401009566935671,4.114542508879461
0.5485993094270109,3.8592566901192122
0.538179916628898,4.126503224383089
0.5694808589083885,4.013138158920189
0.5304807338881355,3.9734995427813833
0.5613293367345468,3.9825216275748283
0.5296329196907144,4.211111811478441
0.5341159794340171,4.141114208246294
0.5381557922240895,4.099586781814092
0.5352685705717699,3.911547535630828
0.5368185538271244,4.102610277820354
0.5134994836290213,3.7565907578554985
0.5819988236204211,4.116924284723748
0.5320983898394189,3.9189901026324656
0.5489191406280646,3.866408555988604
0.541578459153011,4.248419981553214
0.5646747332767138,3.752940725897469
0.5494713783194735,4.180930737734758
0.5622464449332881,3.68963949478238
0.5200532213328589,3.847143433839154
0.5550535750062997,4.237630979505282
0.5207312905201632,4.278918519854172
0.5644019592977071,3.6841340938269926
0.5358991729105279,4.099266031655909
0.5524706084926924,3.968814518619725
0.5821145387042518,4.178377531807721
0.5470672111648135,4.0956894019281025
0.5327682921126068,4.174819257891944
0.5310337058074791,3.8339164366195497
0.5994586876067388,4.061437666668318
0.561129174029649,3.889185145459081
0.526786780489232,4.207702119723605
0.59790417431857,3.9581146936640175
0.5441873657805806,4.088528243240938
0.5989383692766329,3.73759076862182
0.5388668883596454,4.08923357695508
0.5259448400338959,3.932604462539466
0.6043004206038626,3.8557212564694967
0.5603930128895898,4.043728706531362
0.5275488825119371,3.9810075822849313
0.5495844304117697,4.264733653890515
0.5117457383886342,4.146138475747446
0.5642998376508158,3.8440685933507885
0.5351811124087084,4.045148471825127
0.5633937837360655,4.176191170092638
0.5506417446195453,4.212971047091438
0.492831683973215,3.9764061205025776
0.5681145151068171,4.101172899292013
0.5411554777250803,4.060479181336059
0.5530867837546375,4.087062775100892
0.6092433146099433,3.973137549925948
0.5190481861499239,4.016174871730137
0.5259170137705736,4.101687377322903
0.5742968718421522,3.908323662191999
0.5364792808712423,4.244936929279324
0.5372409486346298,3.894060486600976
0.5208575602893691,4.22058816107896
0.5828948273338459,3.7055357896058685
0.5828168949379018,3.9552297925044564
0.5503462351335263,3.9656336943038304
0.5413312221406474,4.136216981270996
0.6292263393041534,3.6195452749761645
0.49060660949902707,3.979042930312508
0.5619667468721298,4.038699371522184
0.5730796800401404,3.8599686418186834
0.5070373053294435,4.127508158443031
0.5558421821947244,3.9200745497818708
0.5477131649142789,4.230375756515916
0.5807404554512037,3.9691101327894835
0.5401415402625674,4.043296110410435
0.5502716515576956,3.947913092980484
0.5694433328332603,4.091885264215313
0.5601791634001735,4.142635894441979
0.5548953001864766,3.978002280118721
0.5265873038063535,3.95658824014072
0.5562589499002871,4.158039244459949
0.5820777834239338,4.064198427411958
0.5144065983334412,4.105138474653486
0.537294017464004,4.086688288325802
0.584906204870762,4.1626315218314875
0.5633592036974635,4.084789797449982
0.5567188132454423,4.007387007141063
0.5570642403062167,3.9419275932938747
0.5338871059902873,3.9597341556429377
0.49895824755552726,4.105737913032506
0.5254270214659933,4.185977634031009
0.5694006050871291,4.1350100563045435
0.5384552428682515,4.12846612212044
0.5685838520765698,4.073653870590285
0.5318076084748344,3.8955474964678882
0.5557617485296252,3.9018395500349907
0.5735644130421927,4.014544309946421
0.5498786434242507,4.001262911832502
0.5225458524343091,4.205761773638155
0.5639865980746044,3.9002279024927122
0.5352186369549683,4.096014438766539
0.5364314810342226,4.333242020820139
0.5284309203500052,3.945311182766335
0.5247624134054026,3.916524879816476
0.584720037434416,3.895960248225318
0.5557673228429346,4.220842120760565
0.6197743110371664,3.7634580479809583
0.5310961223336402,4.149574634255299
0.5844458257959461,4.112801056088304
0.5594933141717294,3.9065639315647194
0.5560122131065359,3.9934749392341473
0.5467905253155311,4.215908328638074
0.5257780568436315,4.2425613824118225
0.5592549810418774,4.1427133539914385
0.6067843499730728,3.8793520571739193
0.5415541324630672,4.302921800778095
0.5451356555571127,3.806952533209803
0.5209393398231316,4.249866747270278
0.5395974302652601,3.9256650725410935
0.5699336111883525,4.23408463258401
0.550676348761994,4.0652675874236825
0.5310081070152042,4.116495988731088
0.5450140111634059,4.058886797930749
0.5611233109321507,4.24471035261289
0.535914471571507,4.335733391928199
0.49697103572990703,3.9271466260946277
0.6067400381234357,3.7102893478722176
0.55759337480722,4.192558017157772
0.5369900675895872,4.169667340468364
0.5231823163803001,4.174790212371407
0.5870594697721753,3.890359190318438
0.5670225249936616,3.8577666960708807
0.5445718049294545,4.0510721763623305
0.5617661475370365,4.148527852248016
0.5197002014825973,3.9767006113671184
0.5853428754366682,3.903218244044552
0.521033165994436,3.848132958148039
0.5492136856011907,4.218744387050438
0.5716216080872816,3.771501352639154
0.5430844385282823,3.755516115124813
0.5751348305273544,4.02945971774921
0.574157569441066,3.982437155665334
0.5716060447995961,4.000735720811957
0.5581912967161778,3.8588335361321016
0.5215361867014097,3.9396435027588126
0.5661548350026849,3.7953683333832586
0.5657363530253784,3.8311825259529484
0.5583395685837621,4.2066803110856
0.5445447320424353,4.0384095095336585
0.5466898118035378,4.091993579180218
0.5659102771759534,4.165625839560589
0.5281889062193043,4.156399356867754
0.5258149858971612,3.992660700503681
0.5582387585033901,4.1436702860025365
0.5413340935552606,4.32246798267514
0.5754999305089652,3.6943900558287766
0.5269049808852544,3.966990600857803
0.49197260183980834,3.992057911292205
0.5400338385074165,4.02621656982855
0.5417118567294653,3.8536356696757887
0.5414236078839997,4.078963353034402
0.5634654294089377,4.017479031557037
0.6047175883159916,3.938190810215271
0.5070718472356058,4.12920731861275
0.5600091862407935,4.310801176584151
0.5577163939473974,4.340864290779015
0.5591012283848737,3.9406275038528893
0.5456668424658742,4.252415048118419
0.5517029876769984,4.062948468538909
0.5304693440597803,3.8786994681922624
0.5472454947527071,3.971155072172691
0.5928001482282269,4.015706620753957
0.5305639465013178,3.894801445835618
0.5256250876425547,3.9478398892930078
0.5661445610392206,3.910214305891152
0.5409883829539734,4.0894976593635635
0.5363417712412673,4.343623320261635
0.5811341901400364,3.978658673804947
0.5260146512784736,4.190428711722666
0.5300938546940476,4.237025711310943
0.5793072913498611,3.981191803815955
0.5396139322350113,4.262840522150875
0.5360347902316717,4.207249944786369
0.5608498859829537,3.8717989136556903
0.5426301435951818,4.204938301364256
0.5549194879227488,4.02712838265507
0.5607860283360439,4.115157169611577
0.5566281880619657,4.153492962914443
0.5305723562384295,3.9499893645672537
0.5793520708418569,4.152472259408468
0.5378729292531906,4.067550673057323
0.5193721272057658,4.29067854729177
0.5522896593517288,4.013767415027915
0.5594501308077332,4.169486521138423
0.5536737192923725,4.076723859487352
0.5390105996564235,4.292128973323876
0.5236403845056642,4.059540267966525
0.5437274843366375,4.059084449033984
0.5299034350329079,4.177420026538996
0.5417045563604382,4.116803745568275
0.5407151988722669,4.100504830222094
0.5650548293577273,3.86866283794803
0.5186107896554054,4.0580268238492545
0.5538322127033689,4.006830916349442
0.5991560009580599,4.1299013842963355
0.5503394997058146,4.017592660333532
0.6007784558211656,3.8631527359234785
0.5273582773343527,4.2442471891616
0.5761249993222819,3.8713630207944214
0.5609166492231309,4.111454759787796
0.5583946408232832,4.168401661369583
0.5617826314714783,4.16683552199938
0.5811328221716254,4.050067112344492
0.4957220825757163,3.9472988109580456
0.5819766308050468,3.906194060849263
0.5484150297834249,4.00201874086729
0.5482094506476474,3.9143899222597587
0.5460908950002691,4.111462910879677
0.5415229934481564,4.090022376599152
0.5949884215084554,3.8509612996952374
0.5609317374539221,4.156897266136075
0.5442361174281597,4.058545982716562
0.5744977796950909,3.8266743794789178
0.564273022554896,4.082183610587491
0.5810102813986032,4.101014092995669
0.5394859436926279,4.324402249517514
0.5617129164603772,3.90459354373826
0.5786356375394749,4.007748060158742
0.5179914938352926,4.262928807997908
0.5544742807057844,4.189767791758341
0.6039361512049845,3.8595548493477536
0.5357106096173558,3.837655948851664
0.5435730423918174,4.3082006677480695
0.5351791786178958,4.166907536123561
0.5323317490711271,3.9149739944141353
0.5554792934798866,3.8076979750017017
0.5353356057519285,4.104813599726223
0.5925656068964013,3.6333172131232154
0.571025372961372,3.864699575529464
0.5706391604308486,3.808352318127589
0.5858989584124331,4.03306440654929
0.5223720508961153,4.029153152001722
0.6134105794913387,3.845028999437128
0.5944827709846118,3.8601544564659704
0.5709018836300025,3.8736306632181257
0.5530559508187731,3.996239127705378
0.5197700750854327,4.230618892472852
0.5398321617342392,4.083460276998742
0.5857379750408136,4.124105290816835
0.5359088247516136,4.071035827573556
0.5406318496693718,4.103058502905594
0.546116786537621,4.06399420700425
0.5326005605345114,4.085237033913469
0.5893954571591646,4.154897500674374
0.5622474550211558,4.315184193843035
0.5137065333383009,4.118443278195796
0.5915309873621029,4.122705757985922
0.56742733957295,3.850449202288099
0.5315712779439492,3.993051692828398
0.5725169567123307,4.165228943640012
0.5460185907298688,4.0314328536683135
0.5688003391539046,3.87127803282961
0.5381160729742165,4.113532468901077
0.6069454519250747,3.8814422533907735
0.557988255120387,4.136216273601017
0.5097077982772624,3.7776881268566487
0.5537403327896891,3.9994374529367467
0.5886200378044607,3.8115110113127666
0.5514464096967778,3.9943885853624312
0.5407828857869016,4.324506599127831
0.5725920602718082,4.039765748260755
0.5784663786662144,4.054596547155743
0.5665887666483377,3.778966916099373
0.5386496109387465,4.098107376177336
0.577131422007844,4.049949975611618
0.5493463201675993,3.805131595871939
0.5607667546029611,3.9496165657585145
0.5440612531268457,3.5861839199271213
0.5396670188430234,4.127551524803183
0.5652244843801134,3.6805358487741326
0.5245208555881304,4.229119401802379
0.6904901978592566,3.6135206248597798
0.5677626135558186,4.118835833047906
0.5580008968648672,4.191071215700561
0.5158457864030542,4.2958924239096925
0.560333134782304,4.15040523688915
0.561965903046894,3.8168796989374605
0.5625143131845401,4.115170339166943
0.5611351439462495,4.179699733540835
0.5538008631663955,4.0759776827003
0.5454813437412604,3.922196138205234
0.5477980862222848,4.028129834655814
0.5564188925742676,3.9569900299448357
0.5313733089448858,4.176743175851447
0.5403741787436466,4.107856960828502
0.5763493451972185,3.972835531802945
0.5598518040771467,4.011940136572012
0.5453159715365594,4.053572119504463
0.5082357877282235,4.089268702343097
0.5592249280033215,3.8541959164291253
0.5348812930600367,4.320461143164153
0.5559680353877686,3.9892819908005372
0.6562228752880882,3.513542370952847
0.5558805610051163,3.914059495208243
0.5391644363525933,3.806892841798467
0.5675400760686387,4.0876122456681445
0.5238569050713614,4.284596921570884
0.5302904415232496,4.10808812017526
0.5436368319340491,4.249631171247209
0.54561590484869,4.050966943085154
0.5405018365362743,3.8590073765691706
0.5803745890402586,4.071314509323714
0.5553594832569375,3.9643653679454793
0.537674769358154,4.180655188927481
0.5370901188502265,4.040833312712313
0.5729131995928091,3.7562422149373234
0.5251810241039797,3.932427558743687
0.5345879766052765,3.9053816566464583
0.5335925580195263,3.97151341195373
0.5665772932487906,4.089804092449132
0.5557932055973444,4.190001975292021
0.5787558732191848,3.8799455687178743
0.5657288476129857,4.013062205826511
0.5666937332802613,4.050578889424639
0.5796733361409667,3.9156917273695977
0.5111338680594268,4.3137090753154546
0.5659923339322116,4.109439953909123
0.6099202434230858,3.9107195464959346
0.5223959403068966,4.226384651736182
0.4964197830315273,3.9479320436882603
0.5640267483365341,4.0643119111922505
0.5672397571114244,3.878817952632365
0.5622108070890834,3.835534755108124
0.5617533554769126,4.141091001044782
0.5443422694029777,4.266435576284345
0.5552365175317868,3.9219111727479716
0.5586762386163734,4.20109831160842
0.5904953815717922,3.8172353496641223
0.5645526432538468,3.975010430797193
0.5760917528698741,3.8213220033132207
0.5573418769577032,4.140670651667785
0.5505194956716606,3.991297995803681
0.5587375584675396,4.174013438664487
0.5630803847418345,4.223203781651375
0.5603131110012859,3.9563274940964166
0.5389637895213193,3.8914332491330508
0.5613924989675628,4.058590277860893
0.5215134120851141,4.239836793850327
0.5675142363616222,4.036745293694918
0.5457029938291649,4.041088631155916
0.5566874266654225,4.220735660919
0.5298379399897463,4.191889873850245
0.6008876607176136,3.9771947602435493
0.552310640690136,4.019952228914602
0.5313480922022569,3.914517697755281
0.5414142908333018,4.0819540039929825
0.5399534670228276,4.087805296674591
0.5177812954789441,3.8256649543339667
0.5358758140140237,4.084005529453306
0.5617916876716097,3.9582121330912883
0.5229595941943751,4.279078778318125
0.5251335369436636,4.2564108579509785
0.5554906742412077,3.9779893983453163
0.5870169646926596,4.058984024214955
0.5679173501003695,3.813506530252298
0.5324697514166178,3.874620032721628
0.5464546599279826,4.204033510642945
0.5469727906107086,3.80046207390479
0.5784092409551221,4.163278790303611
0.4995591813357811,3.9606018322900436
0.5240273617667779,4.244939142384207
0.5415530057674488,4.131941602829631
0.5438755853494671,4.070108743466521
0.5611331928397578,3.880007076017945
0.5695582619930427,4.023268806719272
0.5621690224389226,4.032694225550519
0.5659606917989143,4.185157694888017
0.5312392941282661,4.151168008726386
0.5272539171396522,4.189154295496247
0.5446942684309339,4.053840476888027
0.5764167913707562,4.1433198019300415
0.5442182233134957,3.864528759980941
0.5839514554980187,3.823047496015098
0.5916794061783307,4.019141417751576
0.5113602896840769,4.063503086407656
0.585835780548613,4.088358664614627
0.57369009052375,3.870406457929304
0.5623053109786946,4.101936242299542
0.5334198664103317,3.9394822652484884
0.5689577719533506,4.076095056791911
0.5725610427675235,4.107750422039895
0.5409340807961326,4.281405663652495
0.5588671095129489,3.922038087396064
0.614476374209085,3.9306990078529913
0.5592266524728419,4.134155943206386
0.5506760408864474,4.166459206180039
0.5531170271700024,3.9869107107527575
0.5615762751931781,4.03659398657014
0.5773533554317295,3.839973309888917
0.5512643875562844,3.802520650235195
0.5506047254509987,4.3818912911174825
0.5085668013134189,4.168181480851583
0.5656021456041136,3.933792817799065
0.5483342710660125,3.99271054360178
0.534113108886114,3.941176456575588
0.5640165987700141,4.138804726226029
0.5427303053775744,4.309107286827556
0.5857467411157576,4.17427242101559
0.554235544521542,3.907652101043677
0.5594719658749082,4.1535304193411005
0.5646501701881611,4.068110107233042
0.5263999477082569,4.003947426044675
0.5669389830316094,3.8242538034855094
0.6138087154404309,3.7278258009045433
0.5331143929433638,4.086966501171527
0.5203338402663487,4.23900769287576
0.5953178063815658,3.9752317224147036
0.5765114615911066,4.036846968238501
0.528495049978856,3.976929223627193
0.5644033655475345,3.9153774929821346
0.5335221821671826,3.888386599736018
0.5151471105721375,4.256997130014923
0.5328762313192461,4.10900616989274
0.5405020404691452,4.20392772684335
0.5317217009071421,4.035990264744774
0.5663155166642236,3.851345836986363
0.5117572066936352,4.123948891580436
0.6178278187928575,3.855704703395492
0.5403755745491876,4.278306807525152
0.5601624480628716,4.159758532564557
0.5968401823427764,4.093450415278724
0.5513567293884101,3.949636193644155
0.5410999739531307,4.0486196851585134
0.5258968013429985,4.200970439731415
0.5333129030068096,3.9654877324969386
0.5430575442817699,4.248301144550199
0.5658919186546502,3.8069428820123576
0.5897116221178724,3.6864849660200107
0.533383993782081,3.8521614448663084
0.5434368372717017,4.3097537026629995
0.5480403863628937,4.078333916516216
0.5444687979176449,4.04967087484379
0.5269322460640588,4.215687968325121
0.53750702423541,4.252682411738573
0.5162858960300635,4.24066901412279
0.5372794819261616,4.173289791712743
0.549265331293728,4.27428761020359
0.5510859345746341,4.226170723217524
0.5579908009516182,4.201513281149909
0.5166586429653538,4.003240456468563
0.5688451903598848,4.070236366783736
0.6101832323441195,3.9238662346785915
0.5157594098725763,4.270048621760392
0.568962100818618,4.115831101241237
0.5346551045770103,4.171850802270933
0.5422324345586121,3.831245638061354
0.5003591888036417,4.178116938698451
0.5149457049977738,4.086736078046967
0.5486744501115998,3.9485907439021575
0.5245100773429604,3.8849747507982033
0.5217481737103216,4.272714666657223
0.5758595605333269,3.8517490983097793
0.5560849014706464,4.003718271289832
0.5484698764170834,3.9553609262473075
0.6237898584920228,3.5333241763708894
0.5870587189077533,3.8472658605877945
0.5777218472908494,3.986961582259387
0.5617067430034569,4.079932498962402
0.5756862798211891,3.7260097863544757
0.5110685258610755,4.07648321888592
0.5278174617794361,4.207686861620409
0.5579740402875727,3.8831216778391346
0.5321743917812354,4.134896904509937
0.5574167412578818,4.052311348961613
0.5399182815451317,4.124636582477384
0.5699091688370903,3.97431486459401
0.5394595857000716,4.109732232274692
0.5812376607456405,4.029800976698241
0.5694502913013612,4.083476562995896
0.5414670170967583,3.8162624856893763
0.5440204438990863,4.175463135416508
0.5347629589791699,3.8925061844411206
0.5284374674647723,3.7358408672269743
0.5281757406676711,4.1468585415690695
0.5456265967040699,3.8452296447633465
0.5078382269280114,4.075007255200338
0.541424513586824,4.003145999051671
0.5284531704217709,4.192270419788193
0.5429821615300834,4.1117074549341135
0.544208105769089,3.812907771148808
0.523346942981132,4.2112646289636055
0.5625467669123064,4.0581780341996145
0.5763109546579882,4.001076180209256
0.5845278253255174,4.005617210757738
0.5420970530849182,4.053736407789528
0.5600600080738558,4.160175623270955
0.5661054044549213,3.9119457130455118
0.5957136382708824,3.9102693045942414
0.5397864001992936,4.030943011829472
0.5654994878490958,4.091582001966072
0.5437845432016247,4.088351193615488
0.53308741534542,4.210711813433245
0.5716569390325653,3.7569100570412384
0.5395284759831036,4.1345369595731
0.5483373146262635,4.1167615049292134
0.5695547909400677,4.276480062766489
0.5293465200109987,4.197706472922528
0.5416131703665858,4.0760612054038114
0.5622975484552396,4.155985351526092
0.5556047383665769,3.993618724342987
0.565205075358559,3.8442229450401957
0.5788492456251505,3.852792281729313
0.5626868457796332,4.146160420531085
0.5371017933293407,4.116376772820744
0.6102666484883633,3.9352288810021427
0.5622693098949857,4.159304819793166
0.5512797069831826,4.18611818644374
0.5766777336455501,3.872390057436153
0.5160274764506786,4.0474890085777675
0.5284413722633087,4.256402422591864
0.5795595577854401,4.0887749763541805
0.5725487180214569,4.037106872939294
0.5409277643989675,4.061212988661333
0.5431589979893212,4.0501086685009025
0.5334138128992115,3.905764274346568
0.584716592350908,3.9757821501702253
0.5617852562149585,3.8493867486576305
0.5691249396661452,3.9958866496668577
0.5282012722860705,4.027861345148401
0.5546393232487175,3.8579108922686576
0.5560830045800981,4.153977061336124
0.5544793289586913,4.079974774208165
0.537275836917658,3.8763021371091178
0.6026356285609829,3.788789587102006
0.5654534012672204,3.985404485345322
0.5287625998625901,4.153498982772132
0.537787452319476,4.1025124193867
0.5334737264999002,4.064815726437192
0.545410926698585,4.086504739561403
0.5509195437707145,3.958126084473685
0.5204673558732321,4.023152695027632
0.5564582142797286,4.059241014776419
0.5682495663630146,4.191490243433012
0.5399814034404581,4.316609827053427
0.5825955901660557,4.045679262649153
0.5393681215606992,3.8440761679836375
0.537425764124329,4.3188840440934175
0.5460066460466805,4.242736327552459
0.5392260681241231,4.090977173868628
0.521403840470584,3.9197043371696005
0.541044437097736,3.8693811033136467
0.5217236254013414,4.187239179226885
0.5283890453812977,3.9634515330471793
0.5306969052134523,4.1165606539255855
0.5321649178102453,4.176246299856689
0.5522348645674237,3.795037850795285
0.5688761401702881,3.8677082614497134
0.5410938028437139,4.083987374832778
0.5545695081942675,3.75794105223669
0.5644287993685004,3.9276424571727113
0.5854020146433737,4.113358101756735
0.5522907465540667,4.044364393960138
0.566469459142429,4.1204023940539285
0.5597766841545101,3.8498456767378664
0.5251111637777867,3.7508599061089885
0.5618236326714299,3.8993379641365196
0.5285119011222057,3.6848810514683064
0.5498042049596665,4.208810398669739
0.5550612588992696,3.991948730745536
0.5419081257695235,3.8266395485854123
0.5700768126949098,4.066838396190377
0.5698254895417422,4.074398049462856
0.5521670130750383,4.212749059781504
0.5088581458314277,4.085559504345585
0.5707252857626844,3.775355084121243
0.584324113764298,3.9049450642838663
0.5501903055141744,3.961694923911823
0.5396912907850017,4.2348352622494785
0.5521606253840662,3.9428189476017352
0.5445500328175347,4.022118476702892
0.5814075045481321,3.9630473039482426
0.5230526920597035,3.93767669923893
0.5708692005965035,4.014973840334864
0.5917606449565657,3.808393353389046
0.56886209491958,3.9731716606798653
0.5576751457992594,3.9578934400768
0.582658048248254,4.1575531442917395
0.5505300286233564,4.040308239620236
0.5573915206186111,3.8150741276560924
0.5803752737559352,4.0013285972652755
0.5287812998432061,4.198471555852547
0.5746096442266571,4.025341400126121
0.5323160001712423,3.926398087860994
0.5766511352501938,3.8050116289554006
0.5402883652782285,4.022971416386333
0.5333876843292522,4.146080577092135
0.557809105903405,4.099053797804324
0.5514904914088237,3.9349030346045546
0.5480709132304106,3.7850085141848067
0.5470664933352506,4.301209841465206
0.531699590505378,3.920949391608796
0.5237815279231964,4.002757728814966
0.5773161772486132,3.986146190055224
0.563529920429075,3.8514035919765894
0.5475659952036516,4.288486341343855
0.5500012501822198,4.0193297693084915
0.5237105694004476,4.00621816310384
0.5384563016852953,4.128807971015367
0.5068772009322445,4.116723181456128
0.5601712942214616,3.9886338856248273
0.49815620074392375,3.928671252549298
0.5936919252844518,3.6755366331401134
0.5365359842694272,3.9352601290909477
0.556759170894611,4.121157400848627
0.5501748629827832,3.751005662891062
0.5846844185301902,4.006196476003691
0.5567023002259067,4.007942602228186
0.5247391216668981,4.279571673918849
0.5701358947953997,4.1136219581541
0.5612901497558124,4.084405442175375
0.5974028877673211,3.890041343460908
0.546338825161289,4.034779069979018
0.518212726263721,4.278582365671873
0.5452383700774904,4.354340955486307
0.5464163475032371,3.9960313363103146
0.5300853587094655,3.9749463209660143
0.5475543095432347,4.228749043015854
0.6027977323077326,3.819424018826746
0.5327414330788985,3.9450417296674547
0.5498454018850312,4.27064761006603
0.5602910404625462,3.9533509451621676
0.5431930197176363,4.011508884052955
0.6120866350822582,3.8642299273576657
0.573194429561518,3.820472913375367
0.5803780680226154,4.039109136909327
0.5526614930795725,3.9033610138783517
0.553739020194919,4.2030657935744395
0.5386490217152303,3.8826555597706833
0.5811998010049458,4.142668504344887
0.5785401042284292,4.172989835220469
0.5347244614007649,4.1816095759999135
0.5606984949892438,4.157115333145897
0.5484063955290402,3.9284828625517676
0.5300522979512207,3.935299984020707
0.5621168114740116,3.912838607668599
0.5554482160977477,3.74951500543411
0.5261535698385751,4.212832828053068
0.5412264189404613,4.290742189690216
0.5678943145622184,4.13047147739381
0.6147208924394224,3.742450366280733
0.5195296687097806,4.236434102961451
0.5461039735883669,4.050555331904701
0.5215713778504079,4.211791152706426
0.5789836050256292,3.713688430433964
0.537876306902887,4.10016674191773
0.5589754390683827,4.047204015077634
0.5497997993411119,4.153527004671983
0.5381897121212297,4.185491093849001
0.6114947970464698,4.029863620140575
0.5767288565754353,3.909137094491434
0.5207885616624511,3.751513583070674
0.5676976941411017,4.12937747324404
0.5810457062767711,3.870756031003523
0.5487810931287603,4.219822707764818
0.5570180739019561,4.20182769502089
0.5824870992046333,3.991515811903209
0.5728403363605591,4.18868234546467
0.5081312612001448,4.086796099697271
0.526398378450452,4.229940340729702
0.5618333082478507,4.000442594065662
0.5409241711293186,3.9339603352693255
0.5116459453261849,3.8797607396662905
0.5169524098403049,3.972645933262972
0.5374857363816655,4.307337427788532
0.5907942867779338,4.031095601061602
0.5352782278659989,4.364042052751501
0.5216433114943378,4.295167686635472
0.554226674326255,3.9916958522803285
0.5604116574735324,3.9627414861499464
0.5999698437137854,3.9524760471537728
0.5221597926724891,3.9348045503076263
0.5897611373622812,4.0995909916103335
0.5605615723447427,3.8822214578838232
0.5556055800208413,3.9173384084167906
0.5527410311832158,4.162994107396081
0.556133377345489,3.7960253838539795
0.5909076839160609,4.118653214979358
0.5482966456402002,4.024568982055887
0.5653478674260864,3.947722484560664
0.5694737355784495,4.16862031393686
0.5337852188637113,3.8750074300605184
0.541551249266513,3.8293479477573578
0.5778311715407599,3.9853211606135446
0.6032161086078823,3.852299701609379
0.5780618886013348,3.953996058083957
0.5406565784330858,4.057581230094373
0.5225639185173496,4.198951675053267
0.5647542429777634,4.165754804026116
0.5732784930299061,4.240043102309175
0.5416651549206287,3.7790163885888237
0.5487311097865981,3.9310490222876715
0.5311667261031695,4.358342498106958
0.5860677366557824,4.019955393911544
0.5237906760005463,4.216718118093628
0.5697375028219668,4.107844783198128
0.5155957792491033,4.101830372904167
0.5509187054363286,4.0283608433205655
0.5623157796134076,3.9692684272996837
0.5464728565621997,3.990047739554804
0.5424137707733813,4.030884564950779
0.5641622352063161,4.151349783193828
0.5231099742901828,4.267348467423873
0.5824524709984017,4.072036359509284
0.55943101404651,4.263298260263311
0.5352969223504619,3.9380925119931596
0.5635811001572142,3.9131006211899937
0.5431645625069589,4.2577941206623935
0.5797712625009747,4.179490280054023
0.5337699697162409,4.1442801380298135
0.5230728964765751,4.231147005126723
0.558984536101221,3.986150024864743
0.5517424840666889,4.202174170666716
0.5745972300684409,4.177818871770327
0.5776700655481537,4.225312066354954
0.5447779089024577,4.081409220937335
0.5675805227849432,3.6312722559460773
0.6124693021835789,3.971329932456898
0.588985328245183,3.9213207563603523
0.5779890311603918,3.9149305665431253
0.549438849859439,4.11647923403886
0.5568724208716024,4.122835994980856
0.5637166048674661,4.141838618220354
0.5559544321551155,4.164059226656954
0.5529240241681862,4.025253083025346
0.5071089059179302,3.871348161011097
0.5445160549275283,4.101194329713593
0.5209780164283138,3.7227852589830133
0.5939224964815821,4.008972723630755
0.5947517927811957,4.014732036091219
0.5360340876036607,4.1078067371939735
0.5578871950383175,4.174888666962411
0.530438176587872,3.9269959809077246
0.5611090608511732,4.115395965079189
0.5246515635753224,3.977374329237124
0.5867265229138393,3.865671708062496
0.5456943371333192,4.099157116104019
0.5551018870105086,4.1612753735332495
0.5437163330916456,4.217220735335743
0.5580631963948821,4.118531406770684
0.5516687499588141,4.081832203330165
0.5464109921450658,4.103097821114426
0.5321265364282022,4.125770383459418
0.564379278401699,4.133056816997395
0.5391281375149464,3.5687754080643472
0.5190431178447096,4.229434924627122
0.541457017923373,4.056594987557247
0.5547374964144409,4.152453873365148
0.5316219191016786,3.9486384969636905
0.5620574633241265,3.9549859308502864
0.5651396526945739,4.162495143935202
0.5267474101363904,4.245712690168268
0.553605539082437,4.0673713190219045
0.5248945757212046,4.13117514936356
0.5728774649768119,4.178089012977059
0.5545405664158848,4.177089051865594
0.5514052600443166,3.929768141536984
0.6223057646054606,3.758082867566214
0.5087198865941018,4.149567273788548
0.5669287624465054,4.042666913559653
0.5222524379294723,4.032768358109174
0.5476725614074825,3.8664591714330196
0.5450283581535152,4.314795586396064
0.6077000328883718,3.8751081583381275
0.5196154054841089,4.006802468396025
0.5495076509295794,3.86685988216982
0.5548201918945048,4.041676473250971
0.5426133265714157,4.315490859790649
0.5608071976927907,4.205595504375107
0.5422879741853294,4.252591152345748
0.5423469221024274,4.125232445409628
0.554253807149133,3.9785790080574697
0.6066888425905491,3.9028971748120624
0.5475281595361253,4.210243383810304
0.5625292216695023,4.231381831099696
0.5645219473353862,4.0885013499618115
0.5323009205228604,3.9317322562622388
0.5505179235848962,4.240863028094869
0.5319808602131552,4.18336563404688
0.5298409250048599,4.151599130274573
0.5894723891918706,3.9569777199873726
0.5455529737166424,3.7779415077191207
0.5331495164782639,4.13016385417903
0.5495511492237285,4.239030028101426
0.5511812943011931,4.085576452910423
0.5342558590632119,4.146995739661101
0.5392112581596563,4.134370892637681
0.557075277421668,4.013154851661883
0.5820813554297173,3.8152047761033785
0.575594583089182,4.090776510707905
0.5778500873063285,3.945818218335498
0.5425973213461862,4.109208200196103
0.5387133425388436,3.886131404537075
0.5359438750429582,4.111094316353164
0.5464338420414556,4.069916770666612
0.5677958819551239,4.115500713307643
0.54430830043032,3.8092985131674104
0.49501518142924766,3.9614458703706514
0.5453014446214587,4.248690536626679
0.5272978739017536,3.9278006390396105
0.5572290220932632,4.203228385723805
0.5109599120223985,4.062450977583979
0.5839925981322301,4.010489217557324
0.5905572354441538,4.090337524568496
0.5526495524813577,4.00926597866359
0.5592758161189356,4.188700690765908
0.5644362945148743,4.147462926832456
0.5654466589268622,3.634557578149623
0.5430872050282382,3.780157858027982
0.5636297748594488,4.117184172096725
0.5434601619285503,3.9864302165562115
0.5612886123133153,4.162777755349273
0.5710825107061229,4.229598886251843
0.5764853294265769,3.8159600299537613
0.5469417642115258,4.020231699164233
0.6325973681549608,3.3296694579816397
0.5300120159677221,4.146423579755919
0.5426684002505962,3.9860518673189405
0.5698444238595138,4.0653647265379655
0.5669779705109759,4.042364251251643
0.5767219557668604,3.8243103971043326
0.5483546942750419,4.001865259007174
0.5521109984067657,4.063749538205364
0.6067442646272837,3.757659092655805
0.5265566459808958,3.9622241676755956
0.5386220817117066,4.123989513613525
0.564172824134528,3.9878884873346423
0.5621251767363533,3.9228277416471897
0.5433249366019556,4.084313130817628
0.5445162537779279,4.030006432565803
0.5580565853188876,3.954771386002339
0.5320808404190102,3.9710227039581993
0.5719581041552665,3.9091997741710554
0.5999995721174839,4.011627994030921
0.5950955422395491,3.9105311297529055
0.5587772218204115,4.1389681725820076
0.5573354579277351,4.02178591265863
0.5103397346802191,4.081579509873768
0.5556176064166117,4.17962560850327
0.5308462396223882,4.2574854975523015
0.5634661329270266,4.038869181859163
0.5244982348840143,3.981713903071831
0.5486610251574581,4.025189244510177
0.5134354158661035,4.132065332491107
0.5463119804828883,4.058753174086117
0.5586835403878293,3.986311036289113
0.5519955629280202,4.2032416519477485
0.5674122447914692,4.148895593510146
0.5284203755546072,3.934820891055369
0.5533749175173821,4.189068928418833
0.5259155145875768,3.9245045533332252
0.5523833808613127,3.774170022663888
0.5801757045689149,3.8705644992653117
0.5557673938981965,4.169796313626395
0.524525996947109,4.233031471951332
0.5353698507726626,3.9029517052264886
0.5675110637130917,3.795317615989575
0.5616323460021913,4.144163944569185
0.5227142917303172,4.003615578058968
0.5486138491219896,4.298453445889719
0.5462997024691995,4.265984743430078
0.5222978342519541,4.269111841440442
0.5887255619264296,3.769043386218913
0.5588755050336692,4.089231662700564
0.5502228107196612,4.011196632419176
0.5287879124379171,3.6873612352379257
0.5105165892104043,4.124823770082834
0.5135450944072405,4.082771790816282
0.5659735929294706,3.986033680041856
0.5587987612661505,4.1151468790357715
0.5445523213012844,3.826418093897305
0.6056507661488236,3.998808585013888
0.5535547629387018,4.164109529875174
0.5195061210458064,4.028654402638059
0.5667343786339022,3.929576290474181
0.5619164141707734,3.6507936942780046
0.5296133303738724,3.891769827532628
0.5160731883080621,3.852755342536988
0.5283975653894976,4.214974023197958
0.5624979311402728,3.9081566996166046
0.5162411318493036,4.091970311182918
0.584191960313355,4.062591687324212
0.581757440439728,3.9776183922519004
0.5481466322306318,4.270164175857101
0.578249474067563,3.970685118830548
0.5648463643740769,4.0854688857495445
0.5654043499963396,4.140968364220792
0.5224973118078221,4.247325804056397
0.5201880076465129,4.224581723929954
0.5642990843802389,4.131054118750458
0.5384050207217568,4.064884785730878
0.5577423014475196,3.8236976522179877
0.5147795761360946,4.25960938268605
0.5850804993893048,4.175125845046931
0.5290372205499368,3.8705742201841846
0.5556981849942794,3.999129309501528
0.5789245333457361,4.0732923030554025
0.5501225873304173,4.173458658869429
0.5807635845165452,4.077114903171381
0.5406211247285619,4.104147175867809
0.5424316948925038,4.069068688572603
0.6013406599232035,3.870133841027854
0.5432136623174993,3.9708719030816777
0.5453938543365877,3.6021270243787367
0.5551634346734539,3.9436172437747796
0.5401618436577076,3.888797686128145
0.5724387810471537,4.041139818145008
0.5707466327323151,4.100256842539648
0.5492824008894371,4.202695608444645
0.53962186877153,3.8096334127840414
0.5554801827436967,4.1825750798529855
0.5508770562854746,4.139090935420058
0.5797289376321524,4.012534390435451
0.5482070685822497,3.8010197533167074
0.553834817690511,4.232146071824311
0.5716150236099976,3.98859877456164
0.5730862947689227,4.062107270989403
0.5494300325459597,3.696605291333747
0.5252898732405651,3.983182940808902
0.5192746132987544,3.7648144953578506
0.5386188629808654,4.086816460917932
0.552455212658771,4.193885339499174
0.575019517498648,3.963486758645772
0.5416603763421286,4.11467449817454
0.550408316820138,4.07668517466086
0.5371389391869449,4.3582628719512035
0.5393591851322871,4.192849183735814
0.5573368362908624,4.120015577958925
0.5096405953761417,4.103232348081807
0.5732088562828578,4.186203802036346
0.6071153415782332,3.959865731965769
0.6031218146939668,3.82770543966773
0.5332746222984057,4.1341880983405614
0.5063044707791502,4.132994073986308
0.5366210643865568,3.870460825200302
0.5334453813773068,4.3718670925442735
0.5498756124463127,4.0432304653894375
0.5338827228017456,3.905387410240816
0.5822558612176109,3.885638995907897
0.5531483701110941,4.0108235597044475
0.5809015014074426,4.06499534567609
0.5373309361164411,4.126126911512138
0.5243628496673663,4.272731423895894
0.5538915422733164,4.121758389484032
0.6036862776194813,3.8575553254118518
0.5416416861634789,4.052644185111732
0.5698584943393972,3.9967235113869126
0.5426138656171547,3.5997739879482182
0.5508655889276507,4.0400753280510875
0.5363691446643225,4.030936438142911
0.5564802471735838,4.1545360092717445
0.5730536364083074,4.235614157568357
0.5276908866131067,3.9504709898563455
0.6004102652670856,3.894515053786778
0.5145710336700298,4.113629777278914
0.5184293242234023,4.0059191722717165
0.5525580096207308,4.077944740862985
0.5866996743816468,4.0978331182579515
0.5380184231323174,3.926719409311256
0.5521350842181586,4.022206929005834
0.5454973364946795,4.002298280441171
0.5637700284370393,4.0980177194906195
0.555378027989223,4.0405050515967025
0.553615477389684,4.1822661885964
0.546443750967864,3.992939762101613
0.5778837457027228,4.180040560919118
0.5234518330921322,3.876940831401392
0.5663067517212973,4.053806851977306
0.5575200711724559,4.178620867726151
0.5533014139505992,3.9933862005211727
0.5628161330515967,3.915045577026992
0.5398112919867815,4.094390307238284
0.5367435631404306,4.069158826007205
0.5751405142055942,4.010011665964312
0.5474010992272106,4.076560780416975
0.5322340697413886,4.156525451707229
0.5549314523589749,4.190983555789342
0.5715424625957187,3.828227433301375
0.5607072575728824,4.1001629857242206
0.6137926729280629,3.6548453412984543
0.5311324596947918,4.175391363621136
0.5509407983661224,4.0506682905277716
0.5942175099844588,3.997433971392
0.5230954441923024,3.956005678586367
0.5628839838281025,3.9667196854809887
0.5384462903235067,3.862981296153992
0.5495199499405722,4.0020965755198175
0.5349435190171185,3.9315438601723223
0.5457205781128818,4.059443125935934
0.5811309056186963,3.888910203013532
0.5942425224376692,4.035254154712606
0.5287368945030845,4.218579166025135
0.5638917519141519,3.811603027886443
0.5779196249757651,4.176710558809849
0.5075257268066377,4.1471598452581855
0.51492530158071,4.049129379786143
0.5455052733840721,4.070456619237986
0.5267503955429006,4.171091713142327
0.5451143935484778,3.8887050882318004
0.5046308861965697,3.8480947153105483
0.5463019767971632,4.288196416224047
0.5818492933196502,3.811001516854874
0.5641976950381645,4.019055450894005
0.5424022534466443,4.286926076181205
0.4953659525845249,3.9007100685250133
0.6078012367586244,3.9524164104474973
0.551909593444049,3.9782142984496733
0.5622337969377735,4.134480799825568
0.5415226092836369,4.02917318012736
0.5688384857881977,4.095632537170357
0.5834656103805014,4.088085105140908
0.5510050662149013,3.8383813422048827
0.6034424258867387,3.9815699747620505
0.5253350278538196,4.172693017315706
0.5585649771637214,3.9476691627283977
0.5403586609731889,4.313174715449409
0.5215237760959817,4.025754760719733
0.5489314685024825,4.390331874491201
0.5673814144981938,4.098243749636305
0.5594234065358087,4.168119595042988
0.6054761738360191,3.654891461133133
0.5428805710187348,4.026069451711597
0.6116572193944846,3.886508495733828
0.5471310781947518,3.8325903699026505
0.5214990005967953,3.999048514087115
0.5349545881702157,4.1851615115562995
0.5409751223598189,4.069718591117169
0.5752497397442986,4.059030393683629
0.5245853946019137,4.184402947964851
0.583470921478669,3.9532820493596517
0.5418591013264689,4.04419734988874
0.5497695184275546,4.211286424506108
0.572585014791947,4.094815302583137
0.5802716842883816,4.042293634807645
0.5419789113075326,4.072621263932072
0.5510479772343356,3.9835770953053937
0.5610558700528089,4.147168500055618
0.5972729653226704,4.153473026414429
0.5475707749780704,4.007823113052686
0.523623360311512,4.012972508629887
0.5617823726942959,3.5221447976971536
0.5994677648870075,3.947464537456724
0.5835353704457408,4.145144157047334
0.5383523310692268,3.9770096950192024
0.5610150189759219,4.110869548327489
0.5482807944833237,4.029382290457273
0.5710130589680783,4.101967611327501
0.5079825950568764,3.840481226440905
0.5508609530824012,3.9665719311928833
0.531362422109053,3.909276194207299
0.5593414004065997,3.8902842459432385
0.5464596604498245,4.133906585841562
0.5671413841951524,4.113725747480894
0.5270159637414854,4.230797381370881
0.5502888811874742,3.9458632083260805
0.5280106716381058,4.207321697965669
0.56712573694212,4.168874591440869
0.5282850457642209,4.207062308379184
0.5532742639576094,3.979209353161473
0.5881283665019427,4.1758765825465085
0.5435481155481529,4.027927742020494
0.5312098412799252,3.9297291141060575
0.5738984306968594,3.957009906483457
0.5531948728517756,4.232170340425281
0.5251637387300571,3.978528046772954
0.5365455219644739,4.204591006250466
0.5848520072852726,3.98118561427361
0.5490769427592535,4.001693443671481
0.656000929349207,3.6325767542204304
0.49846149357824804,4.122026469952826
0.5430321271022301,4.009568672034548
0.530080628509673,4.154083914593978
0.5647172407093938,4.099322983120074
0.5266213828888907,3.9814594311978513
0.5723458444346415,4.234002305980211
0.5526716534410469,4.156109786000751
0.5723985329942954,3.952502352184034
0.5197747109775234,4.010358961866658
0.5235085270365584,3.9338991742245746
0.5537480052574834,4.071714106311913
0.5443105707225036,4.007191794194755
0.5223189598875493,4.001996017622951
0.5153823084710301,4.096360580069055
0.545542974080207,4.038793596532331
0.5428773565282403,4.134565762896815
0.5315428936489474,4.168996985445312
0.524877349506449,4.178654326724235
0.5499757096139921,4.023861996582945
0.5641984530325306,3.8704295934109445
0.5880076542215483,4.173123724906664
0.5356790667964518,4.093728125574745
0.5670277781585789,4.1232235256524845
0.555043440746204,4.123928037922501
0.4931332183997994,3.9483607148681656
0.5186769190164248,4.239132706370612
0.5350222008699234,3.9355293821825192
0.5281280917911656,4.033033949025049
0.53252388431099,3.852337020417968
0.5938543906380954,4.089485079155801
0.5592194672430065,4.172844821334897
0.5269118547146042,4.187743694508334
0.5371780825858322,4.072999581154743
0.5590953900667656,3.999910833103804
0.5099101120637233,4.116067449024601
0.5811941504243615,3.833963236709208
0.5505569787372607,3.9863775040919207
0.5630679919411766,3.884290370281079
0.5230158650656486,3.9985725925503997
0.5844963818668266,3.8930044858539783
0.5390405646187609,4.298189772376191
0.5843604047168212,4.017989878960252
0.5562411035713349,4.183836603478384
0.5353238654144757,4.110606587575261
0.532621424925446,4.1440908688713884
0.523841642480511,4.254752751603504
0.5579919313652574,4.322481904961047
0.5460107629539498,4.007634533483985
0.5920872182391422,3.803995092191567
0.5268160261643731,4.179417902094834
0.5393884084017116,4.115091215880258
0.5563407258099569,4.1739161213415
0.5696008317252822,3.807974492546593
0.5443172141344742,4.064297050518668
0.5869124201809842,3.8422678786466293
0.5356052545430982,3.94023630964546
0.5208892524693879,4.242279581190757
0.525576652664781,4.172924148909776
0.5259236731019349,4.156848987741359
0.5741892471085027,4.014089831997817
0.5636556485434077,4.1552987665389525
0.5258934320180434,4.033254612295365
0.5386243469217259,4.1353828547515805
0.5285143511491927,4.03063547383055
0.5558425485206121,4.057334835660629
0.5659659203963187,4.146580819869995
0.5217771790556537,3.9028730044653916
0.5531904648409028,4.150501675224731
0.49305025929461577,3.9514061168561656
0.5063786143305206,4.0936104033859175
0.5875276980947076,4.1461584745935385
0.5555896030454784,3.978136542142904
0.5823965244525756,4.195617949058809
0.5467300587923704,4.3094560551375105
0.5454826398595418,4.257306858909928
0.5867865316552513,3.8889170739638304
0.54440562447426,3.7945616192706004
0.5628335475872787,4.078400923144017
0.5617223900838387,4.141428221494018
0.5614692516693689,4.3002992414094745
0.5651741075635421,4.100988046452877
0.5564958822823644,3.968198239125351
0.6284406032988135,3.843467805742602
0.5671123323071097,4.173411269351864
0.5459418542876634,4.121216403793106
0.5301699650729809,3.979633589599144
0.5064479656983664,4.1082918803592765
0.5351987146444418,4.190878960460922
0.565544604979183,3.7485766272437133
0.5524011826073333,4.176100448990936
0.5326647474399427,4.208662475419826
0.5545454726369158,3.9915787391866218
0.5670717855661921,4.022103121387163
0.6166045115814061,3.866557780169853
0.5630236995941887,4.12968556527205
0.6120992722483373,3.9280726275391857
0.5342652241190132,4.188483695414798
0.5333391798679299,4.103799047516772
0.5378255391023371,4.1505252161818325
0.5776555333487644,4.042508890390155
0.5359688009065791,3.9133874682291094
0.545133454601662,4.199065054564994
0.5500958442510057,4.020260021418102
0.5432751540858005,4.1068225819481095
0.5669388455414078,4.154960395765497
0.5495818977525765,3.972077530136269
0.549559722645266,4.073090938052681
0.5104322759345219,3.828595360994971
0.5852717345534458,3.9764987817032016
0.5589006654694078,3.8493672099337997
0.5753990324899657,4.02900905112151
0.5034591665604751,3.8742532508535508
0.5703215699535965,3.978348530839673
0.5255239056174187,4.176771529834511
0.52357847522873,4.191439149895063
0.5329456136611462,4.141630701072563
0.553041029900519,4.136011708150204
0.5761945836413017,4.207563594133258
0.5462477407917182,3.8611390145365516
0.5325784411981748,4.004406251852523
0.5060601825626815,4.131869099237687
0.5801658955541397,4.017507696213277
0.5701188993795714,4.056130913572288
0.6279165969334043,3.867070523682683
0.5730244904676932,3.8395495171567675
0.5601038893487283,4.335787494101858
0.5304926334157102,4.123340067379892
0.5344393055965783,4.076600556133743
0.5938000939522722,3.969109523829898
0.5819609839811396,3.8678586975231184
0.5819097531797052,4.016364389609479
0.5993059097823661,3.8709896499807486
0.5599253581091214,4.112192046709844
0.5663838137312961,4.1391642780244196
0.5147796776614036,4.099186719562061
0.5921658999049744,3.8683810052593244
0.5628263568778049,4.053680823338259
0.5645437590186383,3.9349966565157293
0.5136747389154912,3.8372061791510705
0.5426886210387933,4.238230308539794
0.5322723850275838,4.115525186335515
0.6132090502600627,3.7587948442678063
0.5662171584433936,4.143000593190554
0.5655678399044121,4.018081188861867
0.5578856268178016,3.7142362779913367
0.522865721610832,3.998629014653132
0.5445675200446887,4.241189753141007
0.5480065094439954,4.07944010691103
0.5438779617340855,3.800832155822881
0.552123390900329,4.059228615816104
0.5842506544568721,3.9963156557217765
0.5226184212298447,3.9811443889999936
0.6128448019494551,3.8882037459711327
0.5352959019748891,3.9042690797189024
0.5488589733723358,4.032201581097211
0.5795551055489524,4.127596939271184
0.5484926174184243,3.9239804779173375
0.5561233624418974,4.004587096739531
0.5658698755161301,4.0269696918258635
0.6283176965519484,3.9971748385929082
0.5169383271596197,4.229220868326055
0.5054211049343155,4.1671763234130434
0.5666012549918054,3.8377908170010766
0.5440638049936041,3.8179105407919276
0.6163477754191251,3.8264555845880093
0.5693649516761237,4.132674845227623
0.526825065737973,4.2188319073336045
0.5752309008137918,3.9648931946832833
0.5293988464626492,3.980440604140846
0.5345224570121193,4.169837565376416
0.5483998667431675,4.220071075914718
0.5476350811619877,4.021190538556242
0.5565367575115123,4.227442797134208
0.5590157595721843,3.8897481480132945
0.5333737504580749,4.210584711009491
0.5648283979152814,4.110703385102537
0.4926678128971625,3.9804559083659026
0.5697727172672622,3.817057128994263
0.5726726273886135,3.866085351306768
0.5824864799370167,4.0138776502971085
0.5922864454044461,4.035989551756065
0.5509144582616573,3.9781660958830822
0.5349480825657246,4.325353488561592
0.5574793493441205,4.193958469872016
0.5427763578228626,4.275115805121606
0.5557543420985328,3.964378598174877
0.5771584304093667,4.249311871998578
0.568686436180013,4.1392285300994205
0.5763475484233175,3.8778986192369937
0.525200185489955,4.24464525988189
0.5583991585636039,4.157463661982223
0.5568401681637756,4.1700027387585665
0.5333816573778106,4.152566432397232
0.5464303878502231,4.23249607467734
0.5677647732558017,3.7215971726188317
0.553342065622875,4.16883969903766
0.5581238729401372,3.896220258734248
0.534616955719926,3.879025233811419
0.5572919811153217,3.9565201422173684
0.5414776985542142,4.144770754640876
0.5850619505150799,4.003456434121587
0.5636939650290033,3.9635807099705143
0.5757668914418599,3.855635207166889
0.5239839123073528,4.192256853691801
0.5630539901004848,3.89758378893571
0.5305850539621807,3.737580960507247
0.6311886044930429,3.693346664534513
0.5398097359122149,4.055192574205273
0.5505296188482386,4.0236520322127305
0.5533004432358515,4.219516665196294
0.5479514401637025,4.0430650923943
0.5572203136279188,4.208863142182149
0.5595929963898191,3.9006963689301943
0.5606568251192359,3.9440992921814693
0.5448619756257113,4.164535459504435
0.5552818121691269,4.200506802339039
0.5729079746890815,4.211338134904457
0.5944288805900005,3.8867094669877535
0.549942915432678,4.134823160417198
0.5490817532331616,4.2086367455891205
0.5600562893197346,3.964725978531046
0.5370676105322155,3.8820890612023233
0.5267863284846407,4.250136440905024
0.5581443305015598,4.152532089573656
0.5568263325720527,4.114776851785357
0.6081547353210126,3.7173693602410602
0.5503354438105745,3.9847481108998735
0.5588251391553472,4.13473510998119
0.5928081902207316,4.065594818912056
0.5076153368819591,4.043734167348597
0.6131115469623123,3.766406686042807
0.522455896170292,3.967338008280048
0.5230395915820439,3.9075119995768506
0.5818537379723562,4.033919117013798
0.5722325152894046,3.756733585568647
0.5225918877083695,4.26163949406611
0.5553531390879191,4.0546400813765935
0.550095906171936,3.8332952966994434
0.5504715040749373,4.19936491513353
0.530723553309757,4.345034903952103
0.5239173130318366,4.250456543136555
0.5663137168073414,3.8746920300376995
0.5900679221582473,4.101914954211221
0.5368529323824864,3.8385788946783883
0.57632625035976,3.9990304324872556
0.5087405163220509,3.894990712712847
0.5349301418119334,4.167931429906349
0.591805969946431,3.8413542505957357
0.5236243981160301,4.172149289879234
0.5720940613368607,4.212644862370828
0.5559060557695219,4.037981218064021
0.597401038795918,4.0929283195391575
0.5618741847586876,4.199427551278565
0.5609997066554171,3.936225045951188
0.557067727625883,4.186986250030533
0.5472882984912321,3.7584762226316646
0.5208873769117253,4.051334638923802
0.5452410654359084,4.254948240307997
0.5366761300189103,3.9722624213181885
0.5647787504472103,4.298523343809376
0.5220434186289712,4.171294685719661
0.6083821960320177,3.7354681963703253
0.5319808021893401,3.8996522232963162
0.5445962803025876,4.067200134590489
0.506288654805346,4.137101888098203
0.5592024154139777,3.957398910181548
0.5652207913096279,3.7575993298866943
0.555713360677299,3.915517827136677
0.5440356590374689,4.2631704061018905
0.6148724695221787,3.6686980596360677
0.5629100766829976,4.327840457479215
0.5650135142635889,3.902982412861857
0.5623713481159196,4.152725448033356
0.551720003529286,4.034459226481254
0.5613462165983867,4.116140531900235
0.5596726062318867,4.052963596137578
0.5318077114856218,3.937130951558174
0.581250700948517,3.9545838665930595
0.5489546990150964,4.1979558496623826
0.5096330754095288,4.016172634026719
0.568389590081155,4.02409791234075
0.5414071756691908,4.187577990828262
0.5508859417660115,3.9683719571329745
0.5596714604892798,4.086073396939865
0.5731218028019672,4.034435855569357
0.5571585875629961,3.9441894457628535
0.5452239379770124,4.339364264101143
0.5678514617155882,4.118873119547401
0.5660836427715268,4.042848313340693
0.5906629563519573,3.8028444993695065
0.5829046864836408,3.92624040168314
0.5502968522759997,4.176166154839789
0.5588724088005541,4.28944215309426
0.563180598178009,3.9172958585871442
0.5798824499577951,3.98134132103929
0.5757556190985061,3.8545947311695685
0.5400513833215909,4.275880301994677
0.5719697967756062,3.979586958929437
0.5187404749142158,4.228572466948557
0.5240101972348019,4.262748181867985
0.5444085815091252,4.028566163030447
0.5263873359375976,3.9708343658357594
0.5411962114890543,4.2395370095899745
0.532177724475377,3.9092913208127134
0.5708754895715928,4.219388143920651
0.5395509992807815,4.05242273266676
0.580336188685878,3.9491223375299938
0.5202890710595164,3.9489794829105573
0.5463321369558799,4.325171326168628
0.5231288864747013,3.9372140904033976
0.6348273870909913,3.639968081945284
0.5066906297964411,4.027470565013062
0.6145577309874293,3.8920048536178276
0.5922831470605785,3.739703927681419
0.5358606288065728,4.325538977534203
0.5656275395385298,4.139982313280023
0.5338976147529776,3.948045751865301
0.5742513954153465,3.8469533339968773
0.533374541512951,4.0277278166027015
0.5615232638402724,4.213602714993061
0.5449374410573313,4.0917749228622915
0.558973481142093,4.237460070351917
0.5635017988629489,4.094807596015922
0.5719683505204584,3.9801410334962326
0.5870973719708262,3.9619977554574906
0.5339771203853476,4.1099257033867
0.5415370622275941,4.312493489402695
0.5543855939517209,4.103939311850149
0.575335261355328,3.843393700691312
0.5532165472558351,3.922482132168831
0.5462580759024606,3.773192150815923
0.5538568882187961,3.9818407212815146
0.6530916252395221,3.658834694940055
0.5469721709564271,4.260814841554798
0.5801732558615414,3.864661343392973
0.5384012868392495,4.074065834200938
0.6135786725299389,3.9436905089991785
0.5879564497095676,3.8940205923751527
0.5356105315643166,4.3100291207961
0.5386743586817863,4.287884756740589
0.5768519653975014,4.112116848669359
0.5742612618623265,4.16914792645411
0.5897583263806355,3.808927026424555
0.5523711388797116,4.090288108933148
0.5719943593336165,3.7628626149180238
0.5377436877425483,4.126161931707115
0.6110370874970126,3.74036760962792
0.5230997259602258,3.9410575072279417
0.5273325952563357,3.9959447275953974
0.5718263255611132,3.8247838758148642
0.5214797522885152,4.255907226765969
0.5855200854816404,3.9261661523644324
0.5311400763063333,3.943359169847168
0.5193149592004275,4.245951052565259
0.5464456925948734,4.268039918087291
0.5407764472813753,3.855367540016786
0.5430432238988941,4.267279048304618
0.5328805698765838,3.961771515857691
0.5730266361701177,4.024548981560992
0.5773280793279774,3.966442748244472
0.5278843566721966,3.9725072312578082
0.555743799612901,4.0487881654763385
0.556255589311468,3.7350717272043465
0.5794019489087822,3.770497524849983
0.5585157803755102,4.347414808686031
0.5436915397011287,4.005092202469407
0.630109392585244,3.670499412874218
0.5534922653699088,4.042169629499063
0.5532898167072086,3.997873535523018
0.5576140917423071,4.173107417270935
0.5468896042381134,4.032406436828806
0.5476114162305576,4.043763396303963
0.5620660616903691,4.137899749358186
0.5421150798273482,4.06563801448368
0.5459787416026017,4.031436802229132
0.5385494606809903,4.307927607681463
0.5369077925035477,4.145489918153621
0.5625517772928758,4.168526564281534
0.5690684258279518,4.0531718377955945
0.5222267624151723,3.9625209836338118
0.5118593676159476,4.279960512608349
0.565810266817602,4.06804112578325
0.5577201741555985,3.9878774106326547
0.5664449411181455,3.92589192940504
0.5808948938121002,3.892269135893836
0.5289267552592627,3.93464035976354
0.5627694884698802,4.161742022595362
0.5247349460866314,4.19940607403987
0.5525880598890133,3.958709320904452
0.5711829015224119,3.8894168016956154
0.5361954586808376,4.161674545176612
0.49957863740284947,4.128370298895782
0.574648472064779,4.066792874368333
0.5326169706359565,3.95732997770623
0.5325682262074166,4.155005736093387
0.5228275390072075,4.04539270894766
0.559087630719452,3.8447842654712687
0.5600445599223007,4.119735735131939
0.5769031156851684,4.128530235390828
0.5483082822510407,4.019686675984949
0.5165097838570719,4.018989842964451
0.5746049673390925,3.9722534522214477
0.5522328357550298,3.961987932827691
0.5525537464348348,4.064708204629135
0.524754924226457,4.060930433855401
0.5979198414505724,3.686958924518359
0.5771500313950624,4.193699385561296
0.5172689472727923,4.2389445196489595
0.5218453978846964,4.243225372517716
0.5545329970163614,4.0079101720813375
0.5355298456390974,4.145851140295572
0.5678406899219123,4.124806658646081
0.5552738619527138,3.8078443247063145
0.5853557140026078,4.085254417998655
0.542974605780827,4.293427647495843
0.5409357271638772,4.293448947765214
0.565828147820374,4.131992253873812
0.5611314979171291,4.120458006516515
0.5873219463260633,3.911046858599493
0.5648576317733894,3.6618209471389416
0.5593099405011177,3.873506289218904
0.5882496637598825,3.962325736746887
0.5343864168523286,3.9416859823116206
0.5836829906479745,4.141453839375187
0.5410925350661098,3.7013880955119753
0.5090517899647139,4.0872809405073705
0.558268864818625,3.626422777701571
0.514636305417809,4.283892209333397
0.564734246211373,4.038023761520089
0.5536251105924077,4.180413469489111
0.5263677947590145,4.260373632912464
0.5413161282887692,4.1250708037038075
0.5194181622436519,3.9236781857811738
0.6124475002580413,3.7435543003239005
0.524640771657658,4.248262936130025
0.5867081778746717,4.018853607033946
0.5891171006936907,3.932772226310259
0.5427531744153683,4.067098988597132
0.5223578868731299,4.189324482241464
0.5915220952043879,4.018408528182889
0.6122744899934341,3.867346567540936
0.5333670851244116,4.147936886050636
0.5629802378340524,4.082294547813494
0.5148214958031639,3.9716354269454754
0.5506913553218062,3.9866213996409265
0.6159353657041092,3.8745851071971074
0.5394609297433125,3.87315211961575
0.5210451470318969,3.73161657379544
0.5654737177566458,4.067106659241445
0.5650619693666302,3.9976223731462763
0.5631281844526149,4.099988041313902
0.5439619873646078,3.848028954309871
0.5938060290443056,3.804517107659592
0.5503444487176054,4.2012672521757635
0.5651227097047135,3.9037334163622504
0.5784549705975452,3.884618634676526
0.5148803131807634,4.069141109550082
0.536209448737817,3.886091880494328
0.6003433202403227,3.980756333753028
0.6581460954887187,3.6354113994282913
0.5621571853257993,4.154417206871394
0.5544337345979258,4.204468745503573
0.5278754828580982,3.9213217687401674
0.5671520944272327,4.001560245587432
0.539773323065425,4.088401679724758
0.5789287681164836,3.888609182544761
0.5438747545937659,3.562223374376853
0.6147592701984266,3.7704879468056696
0.5690420836988083,4.139042855538217
0.5453006301490803,4.3059252003106625
0.5447993140043844,3.9161511368518016
0.5305699076518763,4.200733016994376
0.519410250966038,4.322286579327819
0.5532007210409761,3.6796236211525586
0.5345734844662805,4.133320190177427
0.5512098289698499,3.915063060020287
0.5428092445615494,3.8321425005855634
0.5601472913249573,4.133848958925339
0.5311219227913128,4.162239767891008
0.5312601998896043,4.0960397743615635
0.5320110264812938,4.1484200480789815
0.5212771882212636,4.017469631499565
0.5622489139477006,3.8816827330387897
0.539418841338336,4.1142014532458235
0.5518352979969401,3.8402655471881784
0.5585927692323742,4.0444328984255336
0.5265795013644321,4.198236876177545
0.5389210813503089,4.294024625329117
0.5499732347179296,4.010224818794566
0.59852405695052,4.0026102005749475
0.5522561687048195,3.916635920029984
0.5614945885106565,4.167134194629667
0.5150159831780151,4.281712077339077
0.5480433971794696,4.035202413575398
0.5488688208104571,4.043132634060043
0.5301925330772724,4.120969358219292
0.5470651035431539,4.035228203926672
0.5400287939883074,4.251703667147969
0.5366447855043667,4.030117160424332
0.515670877543411,4.105929034303547
0.5452892274534945,4.0116078574882446
0.5324372831270812,4.071856983190008
0.554348789666595,3.860301000608756
0.5870112087923232,4.015144079044416
0.5575971543495827,3.8562948296393142
0.5684794124192946,3.8363552138192847
0.5761948044054813,4.196170504307376
0.5786825310163054,3.904740555863055
0.5829848461541849,3.9815615530850947
0.5285167226749531,3.963377337907646
0.593870687638017,3.7498209008265397
0.5121467556936884,3.985283891916044
0.5270813607524136,4.231126493663697
0.5309322512766687,3.872321503088443
0.5592812864420357,4.128902948793349
0.538987457960137,4.26412744598285
0.5653051985309541,3.8145079556702277
0.6046713013534878,3.9433371640964716
0.5081607402597667,4.100053763772368
0.5425634881616912,4.084183090384858
0.577594692690436,4.118200668549898
0.5605485603178801,3.886742488229647
0.5424358747482795,3.855297032976902
0.5423195615120705,3.9941986527341555
0.5747115256837205,3.6691872559669942
0.5571322670433069,3.6739265004701456
0.527261632012502,3.908920384183778
0.5534692293380931,4.150822119306304
0.560519568366921,4.081730773780763
0.506811953310563,4.186027746578152
0.5628908712343036,3.9909317812622405
0.5345327591881613,4.17381213570605
0.5596131242444934,3.9377132765296388
0.547095022741629,4.1903348920373285
0.5470289660873214,3.8318218665254964
0.5928429851638873,3.7236009677809605
0.5328010660286813,4.11183880255208
0.5742896376412311,3.9775451408574196
0.5615409567376041,4.131741842673614
0.5102115026075467,4.074124245636548
0.5127190044629444,4.113731516958514
0.5510629152935439,3.7536876498479086
0.5460978655018592,4.076893736804268
0.5603065178950132,4.070971412900252
0.5095274293771731,3.852159864484817
0.5816824532206358,3.848540581723024
0.5279405929801294,4.171837205864079
0.549121039692314,3.79924518942722
0.5529810056794778,3.7241117509410278
0.5537813197528066,4.022708661125454
0.5522235004464393,4.188366761074634
0.5793573892238782,3.8777476452584767
0.5022051929431451,4.16773288748196
0.530262740997745,4.2198318848130505
0.5437983286487189,4.108120981470573
0.5416700282106567,4.069008733963759
0.5545317766944232,3.925730963061523
0.5116347549255165,3.9877126422331526
0.49824573224070473,3.951089952261699
0.5356905040752741,4.353731894870173
0.5529920937133176,4.029054262900195
0.5372724270753143,3.612540185833901
0.5448976654556569,4.055594649821863
0.5704932871065056,4.103849819271905
0.5402298632911172,4.083776096191512
0.5326733278779715,4.134952658533462
0.5635724353294652,4.181926846896875
0.5430242271695197,4.070816718864335
0.5218528005178452,4.219511147527775
0.5626932619342008,4.059103217503266
0.5317201001003273,3.9419169378200176
0.5360756870216402,3.909625668287364
0.5523822704764599,3.8978154581432807
0.542983563108223,4.108768727672852
0.5315786801396042,4.298038238944717
0.527002010222345,4.170740347284496
0.5820210245314318,3.854867994090893
0.6113815666452863,3.7222537815053243
0.5406358994988579,4.0528956145076025
0.5405920353654022,3.82039872590067
0.5537812661120066,4.172628209123873
0.5315013870967917,4.217963370842857
0.5534441153146158,3.905029213291755
0.5754341720695333,4.23543005235543
0.5581578980032048,4.179715676904984
0.578700399750063,3.906355003597435
0.5507419005254969,4.064664649336261
0.5632908721690005,4.101464837094286
0.5611218217777395,4.141020191479265
0.559767062276602,3.9168543996109935
0.561866879197904,4.124598637985585
0.5772538819898855,4.05041644736873
0.5206022839317125,4.222982401236941
0.5776906349328331,3.8360866173073926
0.5568522932199215,4.181804854944995
0.5877927192999906,4.102000394533978
0.632082595837395,3.558074289738942
0.6241020136999013,3.7397314470370464
0.541869717202767,4.1084051925025635
0.5801322713959983,3.928703572616308
0.5255469591768714,3.938490609186813
0.5641669240615116,3.8477077908813615
0.5564240009239967,4.210126924395719
0.5634595064273246,4.118171471159637
0.5687963852320507,3.6968302219181233
0.556489472694792,4.046824240427678
0.5640555279999472,3.9745155036486537
0.5656327619481256,4.140543225439147
0.5466623720992644,4.0282793944003386
0.539810122340606,3.8620894447869634
0.5431595950277069,3.9763060119658302
0.5683227131997454,3.7540442247895407
0.568982140522753,4.0573031212619535
0.5727109736053754,4.233489091682189
0.5491352766968189,4.2286232226109375
0.5587609602243462,4.132226112739804
0.5444970739814616,4.3009595772797695
0.5576370475025368,3.969667417011968
0.5847435283874705,4.058344597665527
0.5686738417389773,3.93112625779705
0.5996733425477045,3.967923694146118
0.5783226537145449,3.9142969579620748
0.5669503074679572,4.130283874741572
0.5233871659863899,4.014210114613413
0.6181636428477782,3.9716586345548124
0.5253127068669362,3.965938633127628
0.5738730336098414,3.6731731157031366
0.5388903758320623,4.103576696686309
0.550595346468493,4.022350217424674
0.5456078651170685,3.877635484810495
0.616588019307586,3.7460261833540933
0.5645415235260597,3.824079677763333
0.5616516487184661,4.1685377126716405
0.5548935695486512,4.1701744245283505
0.579094097883636,3.939247573128929
0.5675592033809815,4.058128154611602
0.5272770994740623,3.924631887573236
0.5306556152362704,3.9251648948753037
0.5650554845197314,4.080549858242295
0.5040380685583802,3.882939369647382
0.5850876548062854,4.0854464992205655
0.5432209009837492,3.9193498959709903
0.5329519693663223,4.345238342448886
0.5223804038100157,3.985262890753106
0.5456194002739455,4.129032055811428
0.5336520379978338,3.9644135371581566
0.5677628904757821,3.874344489719252
0.5424953049069584,4.115581315293181
0.5766965375232789,4.021534576687378
0.5420993893312209,4.064073460510433
0.5875398930953378,4.158347711758702
0.5286449607814717,4.100288088087003
0.538594497470179,3.8680117483009737
0.5855011902329451,4.058646973786054
0.576345115284906,3.891454040762714
0.5213246541580129,3.8993731554739828
0.5658363509918426,3.8284893650125125
0.5589652577772021,4.023667458032304
0.5807151510633035,3.9884901596455578
0.6226024219410452,3.6191025718665895
0.5885790181898475,4.086621959823824
0.549739579314907,4.260884092811971
0.5447640723707218,4.078493704445717
0.5737593916520831,3.848513905153507
0.5537820645052275,3.993938554147705
0.5778136857738937,3.992660934193132
0.5502383025342978,4.023094922856424
0.5154502301088616,3.9984542036520048
0.5402756852310896,4.048670699982096
0.5430311662057173,4.0837749285013025
0.5195243809734195,4.041714903969005
0.5257569466351873,3.983555278011224
0.5635351730825888,4.139253871890983
0.5494562321196063,3.8758787423535943
0.5505563337439402,3.9774541375594215
0.5391567076690696,4.101453236771254
0.5578535396893564,3.9597148568677163
0.5374749402362416,3.702030105409776
0.5520102209852609,3.7862999363889274
0.506919347095426,4.054165413532844
0.5160520065590896,4.052295324589486
0.5609596013696835,4.186643773366487
0.5860108400179755,4.135494750773778
0.540506014120565,4.044651717124718
0.5247041928904689,4.2609435389609684
0.5490561947844187,4.254620203833244
0.5427093060700927,3.848272014595439
0.5619955513450444,3.925270345649753
0.5485881065177253,3.8082963568542123
0.5459436707422345,4.050861487655799
0.500114524231953,3.9488260751355067
0.5257106265470036,3.7345268943834733
0.563147764683819,3.902259323160784
0.5300718990012784,4.0008203162160365
0.5428606885165641,4.223261694109742
0.5013876400116398,4.1215721346599965
0.5706979131115262,4.094857919867132
0.5469698213017669,4.098584845817783
0.5292021402629321,4.194083429756172
0.5833750108572177,3.967359452385264
0.5475774401321661,4.042858634762084
0.5361234144541106,4.165409093643363
0.5351405135847621,3.9860337379239694
0.558496264375426,4.1327618662013395
0.5524550333837481,4.099148548204204
0.5558120142860591,4.027340035692686
0.5739282152460926,3.8052690889899954
0.5339298580805479,4.187367984968604
0.5172419025019002,4.0029548312593315
0.5293721651564872,3.9811002142373195
0.48497957875681047,3.980133153098368
0.5476156920774639,3.79412703103606
0.5583827310254463,4.061901760851608
0.6093949307103231,3.875684923859378
0.5265773372578139,4.266651345268989
0.5703474423182625,3.5991632241399714
0.5506774133935959,4.138767783547718
0.5586247250575384,4.135340823886698
0.559352973860275,3.929338257445931
0.5746165358456824,3.959717746105488
0.5400690409747998,4.1122495747202
0.5285788095931118,4.018833889414441
0.5477351621425731,4.297921638483895
0.5686169631806669,4.060198525342605
0.5652567108860896,3.8317713522397763
0.5880602635546811,3.8050684393247756
0.562818753633981,4.0670721001519246
0.5654846225257938,3.8322112886055777
0.5502904874223544,3.960503728470927
0.5572262852368167,4.01031117548589
0.5859834225415556,4.1444704420545895
0.5488923971011316,4.0798046591860615
0.5368258829447651,4.086153261170377
0.5342978173571327,4.1037531139771515
0.5337271576843778,4.14721090967363
0.5628971301299549,3.8522044115072394
0.5370383630756195,4.090113743212714
0.503048758061438,4.136302588245685
0.5291068524062329,3.944374555422316
0.5271850891298914,4.140089649559599
0.5448383667331799,4.119941293771448
0.53792985098741,4.083712928455399
0.5317990778557659,4.116122755947161
0.5795387328771628,3.8786743729986175
0.5853896403691103,4.049365323816418
0.5504775318208545,4.047215827519664
0.5569239786063503,4.017259807459333
0.5412342376383554,4.073130348146589
0.5553966947191634,3.9500674345759816
0.5696165279827119,4.009955756767073
0.5361901060305266,4.118497985972213
0.5320887093961707,3.892831789777233
0.5687195335923795,4.084746839194661
0.5978252180385583,3.843926138898064
0.5300425214495573,3.6419565182510696
0.5296439024482062,3.922985253040433
0.5418348822753116,4.107226934891878
0.5619137405879777,4.053808586597197
0.562637980453753,3.816481062162001
0.6113553690154004,3.8842849461275857
0.5600593818647744,4.039568767521895
0.5344686760030137,4.35607448540685
0.5586183696692555,4.197641702499493
0.546062054905864,4.057035372598231
0.5435791184515134,3.8855394540038852
0.5623783815392301,3.851117347452433
0.5293089682519356,3.9839322560029404
0.5345072923699689,3.904096550978815
0.5132355577524548,3.775726241186941
0.5073569911259969,4.145179067870591
0.5571598951018982,4.215380690745608
0.5728913335808388,4.19761682254925
0.5852354095302414,4.1395872466284365
0.5726805365611596,3.905746183089382
0.5782643883515513,3.976931327243405
0.5431280266133692,3.9912385965315202
0.5405552182474798,4.26777131478013
0.5803416836800318,4.064793870067474
0.5384257854598279,3.6368946083869584
0.5548471171175368,3.8623307861616047
0.5815974621690697,4.0303393729781645
0.5402417420687121,4.085380197994266
0.546224371219098,4.114531168940587
0.5528553580414984,4.17344391787096
0.5253061423968034,4.21824572269212
0.5891788784259967,4.136602637824531
0.5551559557487861,4.044827768824089
0.5944249284214037,4.121227841903647
0.5381160062895695,4.118295037415168
0.5688131361310439,4.216851667951151
0.548028184940432,4.272389228947071
0.6135896066786081,3.7131688513218895
0.5828942056714869,4.085474905147477
0.534382900134403,3.822055501363852
0.5531415433943734,4.163776892648628
0.586975486485426,4.065934829872064
0.546561073255719,4.083150187599686
0.5502274760836814,3.9789407577771256
0.5299359151029516,3.941633076323378
0.5277071528333103,3.9570558624361065
0.6498135172965583,3.7145205261992515
0.5594731323010261,4.011809061709096
0.587225567002467,3.9912021692485453
0.5506060818008981,3.8403085330527738
0.6158961529277364,3.8346273188658735
0.5471622437628265,4.2048954517994614
0.5433314652813235,3.9759416594662635
0.578996550861648,4.135136234438499
0.5824889755075875,4.14310314573451
0.5503011263341652,4.274719607968604
0.5599439547080105,4.157663142313273
0.5737477786936868,3.955740326819136
0.5659869945780439,4.112556549549031
0.5709679342536056,4.125568908301777
0.609184304871316,4.074333790328062
0.5116810760746853,3.8533866630435667
0.600817892618275,3.6208425378187012
0.525069368984308,4.279504006766223
0.5377997428699429,3.9139004640898523
0.5407369317475881,3.8565179807837673
0.5279450342290921,4.164342783808454
0.5906003392077038,4.109955129416279
0.5664446341704089,4.056652704233786
0.5957769014583574,3.7857242280828225
0.5801892109286652,4.095229515335298
0.5905352595162163,3.8358936055945283
0.5311022449138113,4.123722308341561
0.5764109803398674,4.00154122365841
0.5346863259479595,4.180856277835332
0.5404860350892513,3.8001061958118814
0.5650959862775352,4.090564503315584
0.552624135406467,4.009142649302773
0.5993713664510801,3.812669709225727
0.5423158447145016,4.053740641639447
0.5539470952614479,4.190834306457373
0.5533047348877361,3.981523368429626
0.5430254126689319,4.316631984826988
0.5211085221072264,4.2150684622931704
0.5482815300715268,3.9960526546179356
0.5780414164379665,3.9761417269368624
0.5466878743376314,4.259725032632182
0.4927690355344965,3.9435519507586867
0.6011909667994196,4.0544851040814125
0.5724044148052517,3.951286584238853
0.5810759027152116,3.9768665825960174
0.5361399474506742,3.884600670920221
0.5943406757538228,3.82817593554085
0.5398365804106499,4.173774503446051
0.664188759135078,3.293593096136769
0.5505161359995596,3.980133465370001
0.5698920974391142,4.142836936323846
0.5717672281509687,4.2255077957070055
0.6003632061440705,3.933657875528715
0.5640138969822215,3.8354184806570086
0.5575687460326544,3.9385573808954715
0.5470080109412979,3.821776548518414
0.5577028379178269,4.112566495187227
0.5048217285188726,4.168417941326962
0.5781061779663423,4.056491527159582
0.5119569461582839,4.11461754792766
0.5960614237062384,4.053967415417574
0.5100759401728766,4.176345020398435
0.5629420844600884,3.944457798336453
0.583264105177517,4.068414699840964
0.5468519454129824,3.961827890546872
0.5813738331561564,3.903198616774526
0.5876329179960406,3.8658529483015447
0.5331449629569182,3.929198118805966
0.537877905559935,4.123671378016582
0.5575038558670262,4.032478182107547
0.5219121950844038,4.247930594613389
0.5267761244267521,3.9587786354843897
0.54985959905212,3.787165156601984
0.5724388480449488,4.202331523017853
0.5318827612623481,3.8901940925061287
0.518268244950106,4.072857639678722
0.5317858734197405,3.9365302635009876
0.5794050471019253,4.102496424032982
0.5780108672160743,3.904283807970808
0.5583631096036821,3.9836993682219117
0.5280476706507508,4.142182437902508
0.5430304601693218,4.0091369792242775
0.5969756072579593,3.991675890523066
0.5202443849395696,4.216843594406414
0.529011427057077,4.2057307535841115
0.5648789302439207,4.152668887979874
0.5174320651930763,4.2613484886398405
0.5439810445546712,4.350728148161026
0.5299194039169417,4.004427637119619
0.5733657312221285,3.9704631818460885
0.5572988934445785,4.052937104134234
0.5503313434332009,3.9843000553185988
0.5722154950893322,4.048857477400534
0.5660751189793982,4.064754796085447
0.5742461865863112,4.221289010719327
0.6160352251971389,3.875089286709637
0.5276461145390994,3.96195913052906
0.5776862314739465,4.028852408490548
0.5370074225960753,4.142431842851075
0.5089025344384024,4.141351911174044
0.5768199914280686,4.1585587639112696
0.5581898359605647,4.071946556812387
0.5376196195731202,4.156766234893248
0.5715732551554864,3.9448081991256116
0.537689472109695,4.150218183767591
0.5705696100726744,4.040255907345599
0.5833835154055057,3.994574334915576
0.5580313325536724,4.152963356007201
0.5102939476983512,4.072009310400447
0.5373898765316242,3.82950386996672
0.5716953802388595,4.030759974646999
0.5814734108290108,4.059109213481377
0.5672979193686586,3.7982586918090724
0.5665864017831895,4.2908760110269855
0.5777031328925295,3.719762908002833
0.5309283225087514,4.174541497663268
0.5197780123631442,4.029885299633013
0.5245113937783801,4.240002105752983
0.5367981723318046,4.102484199479723
0.5531762870042679,4.169542184636206
0.5951542563957958,3.9619790633905634
0.5888788165406061,4.078924620897365
0.5604774352855841,3.8903368373751697
0.5535102319011512,3.995288692903671
0.58206476275341,3.9069528479996087
0.5916215718947506,4.034347599711381
0.5909520195252885,4.084018354217082
0.5619054886259789,4.139387478543113
0.5714111043277336,4.232990739295723
0.5265613947160056,4.229458401822353
0.5822264202389829,4.180573214470856
0.5595706690323685,3.903754263401135
0.5801822376747103,4.077808853199144
0.5332065025683913,4.078602110949215
0.5430503221114386,4.0884410799763184
0.6515358473734435,3.8413557911922873
0.534622961010148,4.134937704340024
0.5323029004564234,4.149455120314109
0.5577315608044726,4.116808054993073
0.5382692418912272,4.133170068575398
0.5959603832258541,3.960726886767993
0.5201160583879003,4.192237018907955
0.538706309866333,4.300714264391117
0.5472392961302379,4.083844168678293
0.5549071013879925,4.2250273733292625
0.5410165626947828,4.0363802740913135
0.5770305140226909,3.9973509452862674
0.5323078892581858,3.9810163457691643
0.5456010589050306,3.8437292316924245
0.5666207289386724,4.1156292268651296
0.5616353051767349,3.9360832754968698
0.534770645481735,3.9022083973537622
0.5651911740442735,4.075797845502915
0.5721944668732828,3.973562500687946
0.5096680620956832,3.8075673944110826
0.5627654694373557,3.887480692108122
0.505089139517854,3.9208172590948265
0.4949791237888384,4.005337432985108
0.6068357477433304,4.02466156196144
0.5743474045364222,3.835413665459502
0.5804174147980832,4.083872680913834
0.5386538386202359,4.15263165823533
0.5488796744499124,4.054328483125578
0.545991605726606,4.069937247243399
0.5502839915981225,4.1837485607295575
0.5559350192739322,4.141589561871366
0.521841756446163,3.9708193387970323
0.5358328214161675,4.109204263915645
0.5653301409541062,4.155535549977528
0.541957880895615,3.9860975796929767
0.548329039265494,3.9848220609328706
0.5209434654217757,4.222525094519518
0.5665261944027361,4.147018958816167
0.5366527972832694,4.1340128418992235
0.5205065757566768,4.2900007415692345
0.5739032609749731,4.025434305333172
0.5466493975512099,3.988533994089479
0.5619457451634894,4.022572153848956
0.5765036627148119,4.0556845327194795
0.5719424941772887,3.919911275517362
0.5776708268802522,3.9161493154823668
0.5257102874413083,4.2288337070056174
0.5245101663295825,3.9979993488742664
0.502437472128484,4.131299271178029
0.5868946482558657,3.6975119268649252
0.5382405911773896,4.184788043179441
0.5700752180201686,3.707892459063105
0.5472655539676373,4.04628594049441
0.5350104194980685,3.9091214975661726
0.5505147301131487,4.037775783454621
0.5893970116542876,3.87906377133942
0.5584951608015136,3.969611403559274
0.5681768816732394,3.8899158599653383
0.5263659808509176,4.180047129314121
0.565479371060292,4.1069590649194945
0.53842846211357,4.149701470993009
0.5323927614960252,3.9461721315782405
0.5410034504803031,4.015721972585567
0.5521256347135418,4.185004894239491
0.5219341194508124,4.253389370914272
0.5375764481532463,4.103588472684499
0.5240499694594046,3.996515436963937
0.5559875446461748,3.902928018547254
0.5307140887019798,3.9518657948737244
0.5250378128421879,3.9310527130738335
0.5323052528775752,3.8624274435262476
0.5595665912513339,4.190881937264286
0.5631484084659519,3.7461078540510706
0.5507094885535463,3.802155358903441
0.5565884578320949,4.205003024102064
0.5496593336810859,4.026212773932092
0.5634698045218703,4.166701407721465
0.5630360118698626,3.8386768636112314
0.5396476122799186,4.260608183839752
0.5102035665607633,4.028251407292633
0.5442065096162019,4.059962804789074
0.563597051415866,4.138436137683713
0.508021510309797,4.118300042233124
0.5785484888570501,3.9315997740739412
0.5304282547353534,4.218881491696767
0.5219819612688977,4.254033494274439
0.527716403461222,3.933210670524773
0.5144871583672931,4.1072918534767435
0.49441773947571116,3.9147237853465153
0.590621404925579,3.835219594722951
0.6102805269921155,3.9134528959887955
0.5682884028802099,4.010920929912369
0.5113068527377218,4.0847014264566095
0.5455768452822073,4.302092614004919
0.5319267884697944,3.9189662921597033
0.5702335295238607,3.6603244104026786
0.5340180344768587,3.9504728763482873
0.5408025709792111,4.0323167721525035
0.5448103087890453,3.877734789000478
0.4973645303917688,3.9533467015524715
0.5559229750467511,3.945231425940225
0.5235026910602142,4.037016098421738
0.5196412641716462,4.007437328624548
0.5447207503519121,4.075813310739813
0.5673451009298555,3.85717402447623
0.5616541489782111,4.154291156298862
0.5824484121905256,3.864621999374948
0.5550538678393244,3.9710286772265255
0.5669045018562492,4.139922534707831
0.5075268124470941,4.059959557106803
0.5129163142180236,4.066483399125592
0.5930508863939692,4.037390423906486
0.5213823439689832,4.0179766782192985
0.522385787737925,4.273723263060275
0.5248457857507516,3.8989899336779437
0.5641488773725248,4.108715126997499
0.528691522204657,3.8938735268628304
0.5497646373353633,4.194588714679791
0.5524976914940368,4.184888133959561
0.5447665458211202,3.7916321149320606
0.6479937309085068,3.8620282376723356
0.5182770589994825,4.285406044432342
0.5618384623361853,4.111894022563058
0.5644743416148451,4.292603801624376
0.5171867310265846,4.082234130291159
0.5300186966715312,4.127315824492684
0.5445731728671916,4.235472532834988
0.5590907860062435,3.9079116224723855
0.5385034638599618,3.8944249674419953
0.5575910194686634,3.9442235826041707
0.5652005809274442,4.089888436888762
0.5701140783298894,3.889921629414802
0.5539637913395886,4.035553383494762
0.5518003914665325,3.916182356366159
0.5562667072274516,3.9596303995748463
0.5502875901548304,3.990554265949332
0.5744468703942748,3.8517327329390376
0.579814846552002,3.919529940432353
0.5651532168967558,4.200519568262516
0.5496080475510903,4.060013878107808
0.5634740235077172,4.112953296015992
0.5415048166475912,4.087632909567822
0.559571278041621,3.833122927371736
0.5834724543530551,3.91552201759446
0.5385772079712388,4.148064784570193
0.5492494473426164,4.124717821073757
0.5572697941749819,3.979932600105481
0.5289687245215029,4.170719676093243
0.5397010065343791,4.3158624991982535
0.5204955228968352,3.7360714023915915
0.6025917721257438,3.7271826081053976
0.5383700430782719,4.119105920657367
0.5529591557918165,3.6794745470701407
0.527663544148549,3.9238715191296216
0.6266532883099719,3.874471797505132
0.5307133562359184,3.9210821817197723
0.528919634448444,3.96403199910483
0.5806451396334317,4.136757525247518
0.5108600483706877,4.151103962983276
0.5672570111386085,4.122868510673266
0.557607708844035,4.142971621588896
0.5201937169387169,4.229408888084176
0.5822809975963454,3.950228732343181
0.5720696807712057,3.9694951788852
0.5336606785522595,3.942044620636166
0.5182266004391887,4.092889611426391
0.5278095661943368,4.032893409461725
0.5339839420258399,3.965017306495723
0.5915753531974243,3.9711878670261727
0.5392845167780171,4.030960169852347
0.5769878420577464,3.8847256150623974
0.5397196619545329,4.110846167598225
0.5334665991174837,4.32119250250114
0.5278039114457969,4.224541580359802
0.5316664818900582,3.9952256158086317
0.5509545798007236,4.27718192158914
0.5524940646425275,4.011220813020809
0.5475922279609274,4.035962389870699
0.5655104762684878,4.089121775448326
0.561917370172785,4.128352193268253
0.5456419797520498,4.307615609806924
0.5471099243089196,4.257296953985093
0.5905061432130545,3.985683891557359
0.5370182161379339,4.189394371686446
0.6661526881653068,3.676778829720163
0.5556051938498592,3.9320417645686287
0.5194571928025288,4.027807465524975
0.5443031486910431,3.7169982669470065
0.5727362029122927,3.996129811437863
0.5168919695081148,3.976071491190899
0.5642849468443432,3.893288787810905
0.5793030762313564,3.987309232233603
0.5850530653209668,4.025701008098904
0.6045729428912733,3.660856357960983
0.5503980642243748,3.9021453473048164
0.5462982818727097,3.8151499077796363
0.5167635377177128,4.039541668341744
0.5738278438389411,3.944817258402225
0.5015384039694205,4.157142911865077
0.5306875018847791,3.9586553960436093
0.5398435260745448,3.8538773817191143
0.5496026313911686,3.706053198285682
0.5629406608296904,4.12139578361275
0.5659936020883352,3.837024461931973
0.5741801386798632,4.002223602203129
0.5680177990445439,4.0353119042253764
0.5327519039452668,4.356633444216573
0.5740243777258558,4.045648822364165
0.5524243172890909,4.16025202118111
0.5583975996401921,3.9755635410898775
0.5815331377215881,4.151671799847958
0.5171530769180562,4.236350443555186
0.5223169534178272,4.203337153981886
0.5403438319325243,4.014560188913188
0.5223413336500294,3.8420163090386286
0.522723896241027,4.258233795893351
0.5559348994967893,3.9409962440253126
0.5098535263130936,4.043842699381098
0.5625677162217662,4.095275801005599
0.5372372847802902,4.1536117192080235
0.5347078916239842,3.939426151512641
0.5187597778396978,3.9496016049300238
0.5040542860055449,4.163582586569488
0.6264581606901289,3.7234399431744585
0.537258669138939,4.182486194517719
0.5111449361161002,4.051321206077007
0.5530192392947518,4.178341840498707
0.5527767951373004,3.796026456717548
0.5809303012322948,4.009022133115258
0.5015935582673737,3.8393928515087126
0.5706122407902664,3.996365831961699
0.5254776565120268,4.232863265594632
0.5376914224811035,4.146085224730144
0.5351075633112353,3.8801576917767258
0.5524045317344407,3.8117420681146554
0.5917729408636913,3.828141571626649
0.5594681162075723,3.880691252321265
0.5592265253599279,3.9410402462176393
0.5441895583899351,4.052859484923147
0.5596383675301236,4.095906024536001
0.5094580517380533,4.12662524172151
0.5175683761738507,4.064170606133279
0.5195144031233573,3.7232405573895346
0.570791964948406,3.818548823816476
0.5332103770801249,4.0075666108228285
0.5475399303918876,4.2473060665409275
0.5313578222275644,4.195422212954659
0.5607125145591436,3.837420690609085
0.5334713328432469,4.161536445775634
0.5521435527207201,4.23774099470871
0.5513315268020824,4.068912671200515
0.528029074984526,4.040613953527469
0.5604773583329546,4.08115462866841
0.5348608738376558,4.075550400896957
0.5303350079437181,3.961080287984689
0.538678879549979,4.092555689182931
0.5539012384182961,4.038740832370612
0.566800123165221,3.8344300657939683
0.5372078049629426,4.129296570455549
0.6500384037628002,3.836727862581933
0.5279209841945465,4.14112038026292
0.5344921763930535,4.148113264819318
0.5366436681861179,4.327683881577105
0.5849958249359508,3.8831101802403745
0.5502089811181966,4.191362311090779
0.5153404564860946,4.259610529975616
0.5072603001304735,3.883404753750708
0.5895959195756456,4.1194074537717
0.5636772860479266,3.707926784190794
0.5264334903384206,3.9560779297967437
0.5570408387308277,3.936862781515479
0.5693467619734899,3.8945970063057582
0.5484293440667009,3.9370539006055734
0.6622556632227384,3.6731862712878183
0.5648316919861575,3.779230558464018
0.5131703287324667,4.080868656959835
0.5943839032451991,3.8015484794155534
0.5884546818216485,3.707922717402169
0.5285465055917536,3.9863801005616835
0.5534262545390826,4.0409459866590645
0.5545434782462718,3.817808993197513
0.5400862300835364,4.185521462844113
0.5551740695082846,4.133427261369127
0.5138276916343137,3.832982455015611
0.5481524712876226,3.9847081109806983
0.5243291646498113,4.1964090694167435
0.5208224056710368,3.923339751849151
0.5847983107187128,4.024688937261764
0.5282821936637085,3.9575298748496937
0.587305288651455,4.015064120096905
0.5849138145877422,3.862558301429153
0.5413469945504972,4.094274239142755
0.5739301020692424,4.096392583411339
0.6084716325890507,3.585675194721684
0.5568138179697774,4.21478306711828
0.5998577802026291,3.882686114701521
0.5443378996705727,3.7943633566372736
0.5574160202734758,3.941903738283395
0.5846943056114321,3.7549860433346574
0.5668965499500807,4.111235171606487
0.587616016480175,3.8739053923879836
0.5926627808382471,3.9084129872284077
0.5161360931776742,4.092918143074435
0.572136117911119,4.1148602177292934
0.5535442036048986,4.142367186230705
0.5692009829016862,4.136779242440933
0.5357781280076082,4.070680924596465
0.5807836838503592,4.154574030022138
0.5371641880490595,3.8908266907639977
0.538253183439343,4.025589511220678
0.5118965320627714,4.156322352616116
0.5525596026429017,4.024311224280307
0.5830386644757707,4.048647390215353
0.5542222096764805,3.8642058892160853
0.6231086040941102,3.7438708637293576
0.5633602462146728,4.094048944007596
0.5536039700793346,3.7211930477861457
0.5206289330159096,4.217459517320127
0.5832869124563212,3.996776897935115
0.5247857903282852,3.9091118374603044
0.5464002771574029,4.088158146378907
0.5699159024262118,4.264499899593413
0.5776896048254969,3.860507618919271
0.5784486326922506,4.182422778957471
0.5304897871654456,3.9586359673072558
0.5268256806160502,4.195940086205892
0.5399239259641658,4.071224686772095
0.5286204958063644,4.182649128509012
0.5708479204662688,4.0336070288639485
0.5501936997795195,3.8191695190421977
0.5464934030840592,3.9018836161188584
0.5534051992343882,4.198497898655239
0.5520826306033132,4.020745920613925
0.5452648526942777,3.5849346034811957
0.545795893529874,3.750571016549958
0.5848265472754226,3.641832188765237
0.5870720011412426,3.8972672614684836
0.5620553962891245,4.151070949602748
0.5393408658309634,4.061185529876537
0.557717550492003,3.98181035818189
0.5175399154686958,4.045178097039039
0.506035409727708,4.134483981252775
0.5534466848154137,3.9106011446832483
0.5472446096025315,4.02339708278195
0.5806002725321062,3.995359655292375
0.5599372069835865,3.966961282053813
0.5606837683863708,4.214609941304119
0.5486678554526794,4.2876636912653305
0.5838429431856268,4.115429498156632
0.5410690247897808,4.305519916833368
0.5608487395540721,4.016069483649956
0.5903270968392339,4.114689044219879
0.5487523855122728,4.085595358291992
0.5713680189421493,4.077872316524339
0.5786805749411225,3.8696966012239784
0.5261080053272019,4.191144333232622
0.5579492810904197,3.830790299795859
0.5548476170145342,4.147446678562326
0.5897736305931798,3.992012345339296
0.5096056666016672,4.134897177238607
0.7124382591838362,3.404086747789695
0.6008830313589367,3.4285897547845203
0.5313552886302114,3.9174861544411237
0.5371626393170396,4.3009764370034995
0.5734653861229753,3.9597973212937614
0.5763662793656541,3.8888931316315762
0.5744983009010796,3.8014347716899413
0.6289488659088515,3.761870459283799
0.5415809256689476,4.249560950014204
0.5293220586131216,4.1463315446105
0.5470400846426136,4.010689773043317
0.5828012185495093,4.204962065002743
0.5232591651116517,4.202770665237265
0.5459667438758874,4.041169810249531
0.5209778282063758,4.010820368868679
0.5285565083687672,4.135936097282912
0.6382026032400056,3.7894766072992225
0.5820722464426952,3.8040501958842943
0.5125004369395135,4.0720922747153745
0.5429851641238049,4.087255478715515
0.49671262639561514,4.003278891618211
0.5999737211803787,3.989059742039633
0.5635386237852278,3.990695609767268
0.5895512833038289,4.029326875012993
0.60141628079252,3.582758405485872
0.5473570136599514,4.070580948992565
0.5532111080639804,4.204477524984009
0.59714065928889,3.5209520388923377
0.5426893788675766,4.1121149874059215
0.5496246371002439,4.031038869471904
0.5259880811764436,3.964831382600123
0.5528362480200636,3.7141491110657596
0.5172018626195439,4.283884104784602
0.5556780302239185,3.861688776406142
0.5344282508972787,4.354325444335452
0.5223229335310157,4.176470911540503
0.5198952499642776,4.240963593436327
0.5420885321095293,3.8642708481933474
0.5213168307968359,4.270853386774012
0.5447981848139265,4.068435794256035
0.5563571627946726,4.13824560806424
0.5415337772006057,4.038653433187335
0.5721324676719722,4.273882598928968
0.5471030783106731,3.873865429483589
0.5577054302672699,3.9611382725785376
0.5773364412348362,4.190976129604124
0.5190508631700228,3.993966435472608
0.549103400493927,4.031825270929323
0.564344534769082,4.18133509720076
0.5288874631064063,4.202158090520929
0.5450915511736685,4.288031399106082
0.540940212586437,4.152183846560287
0.5799730504747057,4.03171007762666
0.5452936046968365,4.208960480660375
0.5211311116434071,3.9990023060642343
0.5534935740832,4.22462237770612
0.5630422613646916,3.8845626951981433
0.525200475964673,4.165496042768518
0.527835495195069,3.9561887620828764
0.5758508779727322,4.053078217662022
0.5817912681575189,4.204523158449495
0.5471373911918324,3.8056025188399363
0.5631636460669291,4.092516519636226
0.6252230971111757,3.780321831052263
0.5519693742928696,4.14634499434825
0.526278105648858,3.9746660078775893
0.5080928076170413,3.874028921142244
0.5142051790546489,4.230921722588212
0.5624473249970253,3.901036108493177
0.6008033198891246,3.9025118689521374
0.576916971020276,4.155001378924633
0.5620709468906803,4.094540333433987
0.5852445011619856,4.167667563021149
0.568173367143662,3.807139654496567
0.5101786128014211,4.08935339263076
0.5539950018051574,4.137347557945655
0.5232689191438807,4.17271303441096
0.5751368218997864,3.934609132943278
0.5431301489730844,4.0083715511906055
0.6172083351457661,3.830179032331351
0.5517809748696022,3.990897108141306
0.5564741620093065,4.20660494672358
0.5545541773087281,4.015659776190868
0.5780520712796026,3.9364128146869466
0.5620182165392252,3.62891714762652
0.5627279797801372,3.8508057646273426
0.5953851585591653,3.937796539061845
0.5735748787134436,4.06273447983457
0.5779715473248552,3.955500149083893
0.5787318293504937,3.645742808940156
0.5528883180407257,4.230361859525462
0.5420057726705072,4.103837705670377
0.5674962742406748,4.284991633275241
0.5613046810247156,4.08903742104022
0.6028330852835831,3.822317672832702
0.602301412994668,3.9067222113901736
0.5774175119275956,4.192301610413078
0.538142022696298,3.937903828629828
0.5478409725154967,4.074544608201282
0.537774936663887,3.8777868137588687
0.537425184259026,3.8839887424848016
0.5222996631469126,3.9921881023992665
0.5786011315211911,4.015360811661274
0.5764042494588785,4.165720443257761
0.5907788051363473,3.892151144323682
0.5447001690786322,4.09901388594627
0.6128206727151891,3.758640615791496
0.5595746182912169,4.22031590860032
0.5526174350639202,3.9410194385059856
0.5391515476425698,4.0666584020061345
0.5591770237172597,3.986021113547714
0.5315053794216905,4.162262686510615
0.5648793425515549,4.123385125840834
0.564678607232474,3.891290825320157
0.53369934291463,4.080010083159974
0.5550867439137268,4.162528410117087
0.5243556417456178,3.659221598894207
0.5424044983355542,4.053112247204101
0.5597820437886619,3.958252056138432
0.5632051693549789,4.296271509449
0.5363942680927497,3.9437838741390423
0.5492802197084292,4.050922065181468
0.6186720229046853,3.857993785985947
0.5300457191543287,3.954090586564615
0.5571240817300122,4.017240156541007
0.5330036025260271,4.154075487182235
0.5228673448904466,4.031476506420064
0.5149140613363897,4.09750540055017
0.5269221776213925,3.9472626161335977
0.5425621541024966,3.827352384029759
0.5477174616599301,4.230720427364507
0.5411962863454917,4.266815708364372
0.5592989624896135,4.123734483367184
0.5467080740722111,4.060318749570855
0.5461218625792817,4.049871838761432
0.5493756119965988,3.790827628087971
0.6222133990389151,3.8685823169373053
0.5633811116825269,3.6773722285773864
0.571346480473831,3.6770352389820276
0.5286018757015652,4.198857221747567
0.5796702045106858,3.9387038075693948
0.5756175134766021,3.6585039805912416
0.5584947195156158,4.167274506213232
0.5458007623129763,4.057796688942336
0.5695742504482867,4.086541219790379
0.532745977498339,3.6150022496999927
0.569277867113486,4.196829150208184
0.5365822653195503,3.817788438296338
0.5722418667967268,4.019652852837419
0.5230797422295027,4.014898122529975
0.5086419867922588,4.115430126427317
0.5533413432418511,3.9956324798390948
0.5479328803818262,4.0671593312345165
0.5470739279813938,3.8082487198501838
0.5263243149304628,3.9659893896643297
0.5850655297109736,3.9210034946356296
0.5301686555063992,3.912512219526557
0.5631180151928189,4.330656934231879
0.5260314870253678,3.9287040367796404
0.5919203953950487,4.038141379007116
0.5590035513131213,4.116223568995619
0.5328875611177196,4.111810166839696
0.5395989548133019,4.1502420467425285
0.5263254991462041,4.252552085502775
0.5168574062869387,4.072555784553352
0.5512595706721469,3.952224707989346
0.5257330735434238,4.225220678688949
0.6190558331460534,3.8526672463642893
0.5730688618392622,4.069243709276206
0.5017308396734161,3.856115572433629
0.5589591503685377,3.936775539990286
0.5568574404916268,4.036893517620897
0.5379779964658996,4.077258686620546
0.5691459642186021,4.06018111855971
0.5594943340919142,4.156736755169417
0.5414313441082278,4.050744440404172
0.6021814460594537,3.940354201195294
0.539506093803991,4.307515301392606
0.5232327426064928,4.2108393462796645
0.5066048822589698,4.120258910993303
0.579114819420229,3.9378180649743677
0.5470327243757138,4.220947174951095
0.5981982589515435,3.8042573243402287
0.5147557494662799,3.994712577664728
0.5177691183913603,4.278023221958611
0.581599794619086,3.860948046747037
0.5512939043671043,4.151575223797527
0.5221724473848071,4.004792815335727
0.5593469600065365,3.9942610576656024
0.5403592887477017,4.083383276170982
0.6077296300374823,3.910635873122411
0.5644623789819911,3.90720880578646
0.522258320868224,4.007187251362336
0.5747603575080448,3.965888078592643
0.5502761743773726,4.047006671868933
0.5512288983220165,4.03498542326085
0.5612157878345359,3.869979757528037
0.5401660038800002,4.093544310274949
0.5445821724493045,4.057857830831225
0.5324874346102687,4.116345724629455
0.5494816105762962,3.748771859403435
0.5419718475252253,4.12526646404939
0.5202516403164837,3.992291801240233
0.5683868388983444,4.072535397034133
0.6344959773378938,3.9065106962347316
0.557965004589223,4.313300797213955
0.5632512348138076,3.6651260636074015
0.6043848567366612,3.9175056730906372
0.5670359546381332,4.172091493140966
0.5760445972973921,4.076649004684635
0.5671068711449948,4.104850467301057
0.5728230895212623,4.179075703947293
0.5562613122660509,3.8692428149502143
0.5506837511375441,4.050765443830376
0.6182462578055314,3.4391333098294203
0.5735841486149693,4.049549737577423
0.5073392203976042,3.8251614884717307
0.4917063930980234,3.978437099163006
0.5389170928803005,4.285007469189462
0.5480742542602556,3.9987914705142695
0.5775201733119247,3.955460667991525
0.5557669123742875,4.183280502036374
0.5369147332221397,4.119277951364293
0.5611642215016518,4.175281761583598
0.5537331639796069,4.151822093995329
0.5624478370520906,4.0695722153585585
0.5748331699794947,3.893034374935027
0.5175257577849486,3.9727338182242007
0.5266408645035953,3.9672291669392368
0.5417943546279026,3.8304892892793867
0.5416210605917607,4.105343198640848
0.5409945380372744,4.070945614351181
0.5198889465591666,3.9455935396636934
0.5519879875273446,4.178415936171909
0.5397275143110999,4.068382605531819
0.5024277524238862,4.147312460907768
0.5624058125147036,4.062150965887306
0.5892523487499409,3.9226308000598578
0.5520759432369287,3.6345734571487385
0.5589998509957456,3.9396433144274297
0.5831031172135644,3.944536259197737
0.525989781478223,4.003159283163696
0.5558691296919842,4.0996282080235025
0.5701494037222948,3.855600890819854
0.5353159318571133,4.122797137393669
0.5317472058006074,4.159338331622073
0.519031982719816,3.935358480625012
0.5710050472255732,4.026677453637631
0.5604117988825951,4.1777258940951985
0.5785991294105485,3.805124712857475
0.544003894794595,4.066584757189536
0.5356447494133602,4.119670595447573
0.5377834219133081,3.8651570707512453
0.5553931259496483,4.19871996353348
0.5446602801770277,4.261222506957385
0.5794583560962455,3.913446140604801
0.5528587835157207,4.16666832224102
0.5349125466148947,4.099331468430388
0.5464842754705527,3.917087122558058
0.5715217705747612,3.8253479850617373
0.5407372717978245,4.090380705297414
0.5547462003004997,4.35431431173666
0.5525190284586824,4.245884283560742
0.5707808454502923,3.8609618863005633
0.5251480592248209,3.9594563639293034
0.5635827723839961,4.117370877396676
0.5295910918216907,3.982834186135704
0.5449364019020276,4.292212881900615
0.547290977615767,3.6694419103387337
0.5451395681484817,4.03216237996675
0.5575860920547232,3.886121893625623
0.5331874778638597,4.0235632289742655
0.5391737625391875,4.0997034985685525
0.5386241022380673,4.0523397685507145
0.5712531811489079,4.017525187215265
0.5900494077385415,3.910192132567804
0.5500581107140076,4.267322872102659
0.5417972223907199,4.101381413261295
0.5145050662318728,4.055300799637613
0.5363947073575489,3.8941492503108193
0.5560256893869189,4.103966990025634
0.5292093394940808,3.938187261640713
0.5272292094992922,4.275564272479036
0.5742008427753666,4.198855046040463
0.5518151466959342,4.1827529482661765
0.5660363481923362,4.121649073933644
0.6049729740753175,3.8874522268849296
0.5453976863020162,4.273093954183267
0.5684989612407727,4.096630840582904
0.5516415025422803,4.0542250850492385
0.5876587600189146,4.088807321357702
0.5596521925946896,4.002609012085163
0.5425720976842509,4.045691256207108
0.5568144057091019,4.18106768392257
0.5619873374465519,4.080810105767404
0.5346509210591853,3.888378656334798
0.5358786383585111,3.7675186588670475
0.5357845832953058,3.9308686267285373
0.5281866751494978,4.215865076882849
0.5221616950199964,3.995712588107624
0.5965849984838724,3.813668160454904
0.6042604255262353,3.807464828171694
0.56720950074112,3.9798104684514626
0.5482208049157583,4.088267535322512
0.5808776125566929,3.906863407526785
0.5473704354594456,3.8831004183732603
0.5865317283104138,3.9582097106796312
0.5332834195140334,4.002532297321468
0.5450173505806676,4.306479252309746
0.5672046008709767,4.084337473184568
0.5609435339875429,3.851020546704934
0.5300671197532081,4.157866314337388
0.5560757654027211,3.9779535846718157
0.574642899187284,3.817626642255274
0.5829006728559384,4.126642792200339
0.5619063157944416,3.9629917096636667
0.6112039584481881,4.017344949484808
0.528322999443104,3.923555679023979
0.519211581428287,3.9869724191220235
0.5653127595371101,4.049260866741693
0.520847866542856,4.006073681801752
0.5417111369216169,4.229320780085862
0.5108974263150308,4.051339757386387
0.5629010015883041,4.133897544774103
0.528882375555362,4.237672828083608
0.5690492054415235,4.028381001924452
0.5778327487671002,3.975315476512488
0.5635753861834204,3.9064260832853654
0.5969535504457495,4.051051488864833
0.5541340709118564,3.9916956055051425
0.5534230297495147,4.20200660751873
0.5983181802703784,3.947011637956479
0.5183168111193225,3.7958052587618227
0.5955969651704575,3.7460159038440963
0.5242913918032474,4.217069394393169
0.5457772305746211,4.008264621901623
0.5264489673589333,4.206336088638996
0.5652914649328539,4.052063777219077
0.5703537940561954,4.243567773528113
0.5303065992847429,3.932332912632853
0.5881749179450837,3.7886246435914255
0.5946626786015142,4.024266566277385
0.522189608548299,4.24643348426384
0.5506789728299154,3.9625119442751875
0.5614694876042706,4.162099739384034
0.5780361595251912,4.004825625811063
0.5892641101591675,3.903748137537354
0.6157869068725769,3.915790960907134
0.5216849992246603,4.26565386417731
0.664763004663855,3.5908210853574123
0.5762555820293587,3.942193185974619
0.5523214090847381,4.239847483518107
0.5674372419678764,3.8214642559117067
0.5584027393985532,3.93439079092103
0.5432438911001115,4.066105680968856
0.6112249302339849,3.73273823580155
0.5108671940399642,4.0897230860195775
0.5814734752747834,3.980786917578429
0.5798561703371169,3.895873909333432
0.5755661554091355,4.218357119233011
0.5391441232871955,3.920745865867227
0.5589387879944726,4.154016163345349
0.5469289358475095,4.07185429716007
0.5398340862203909,3.858837383832531
0.5461288912485169,3.8237274382924156
0.5126670183343681,4.044943606796411
0.5264924386629884,3.981433538795683
0.5883914304865412,3.7645071812548925
0.5687221487648717,4.0946256333515185
0.5708947930666687,4.021663949384883
0.559058109029558,4.102546459953472
0.5414985610247496,3.808212871997672
0.558468709091875,3.851375404554611
0.5269069692073844,3.9703397657458055
0.5376543754830526,4.126494653312704
0.5520544674128336,4.173135344180906
0.5681697141114675,3.6967393058561395
0.5499372607866624,4.2808471892580595
0.5543724726056712,4.204884610680722
0.5400694906138807,4.1020235905239915
0.5698410698914459,4.004146636952903
0.5611509776334348,4.144131474189622
0.6111827268006785,4.082775857138885
0.5663300301257289,4.0936956626413155
0.5472365277824986,4.040221903843064
0.5656722051326308,4.287377706443849
0.5427971779111084,4.304897239451696
0.5389543598319946,3.9084625068442986
0.5352853612018421,3.8639823616664786
0.5517134588403051,3.9013452332409533
0.5554694294564583,3.9999883876306863
0.5479821654573818,4.023991868976848
0.5448657291581315,4.102699704444826
0.5365064511828123,3.980771458056417
0.5506737097524148,4.051421513831396
0.5248618088168814,4.161152344801484
0.5355954188862175,3.901023850965194
0.5098944004903302,4.130335433097168
0.5709350715306727,3.8573339930109136
0.5439083140863278,4.091176920008089
0.5303579020456092,4.187181837996421
0.5634779007696503,4.197253392664771
0.5674232643006175,4.031464630743454
0.5656140741474004,4.0871705412748565
0.5117066771134948,4.12845423145911
0.5689408277974036,4.299151324204046
0.5647408160433335,4.048186700323209
0.5722930581904159,3.8144400968890046
0.5623934899682876,4.13564303944304
0.5509085205054433,3.955022547328024
0.5795246428953221,4.106880227232554
0.5670880008933229,4.147740117647819
0.5359229972444158,3.898623814896348
0.5364966735161577,4.325167642739725
0.5385368427863625,4.3246050936637515
0.6088404308615578,3.9842504961734626
0.4960580671041246,3.9654263105061616
0.5399552121253762,4.095897739728863
0.5162985317476603,4.050102027827799
0.5394042168066544,4.093157459151928
0.5578534787784071,4.101416216105504
0.5455049833876682,4.030628669217165
0.5373000650248304,4.3357232228010485
0.5649843248053122,3.9046216306383243
0.5378682717639548,4.048184708955605
0.5546304026669568,3.9216298192010464
0.5390640540242004,4.351748697290096
0.5655405015901338,3.6868900025422184
0.5111723754267865,4.1077059068806046
0.5849130078152834,3.92847548387824
0.6107922622441112,3.9065248118361366
0.5267586385772461,3.927326722724605
0.6070541881082939,3.905411551586934
0.5088639380652861,4.10743502482218
0.5389257404168951,4.080290029540424
0.5265571971610282,4.003265465544798
0.54900919478451,4.094322537664389
0.5255324719586759,3.9564195136494145
0.5507698755702384,3.9694939347092912
0.5478123428959467,3.99710640884669
0.5838049801024983,3.978995277754978
0.5318394587955693,3.9546188420944586
0.5309782646636706,4.201191311499625
0.5731470618144726,4.061293415822871
0.570440924797711,3.9363710511463217
0.548505238786745,4.050995926876049
0.5644644594865367,4.075566209185872
0.5657920396913111,4.138943496875206
0.5390058432137558,4.334062509161699
0.5238408096990168,3.9131712221816155
0.5569546865187381,4.03003599617894
0.5887111366589144,4.11877845983563
0.5534435394947121,4.182860020544701
0.5410891718865377,3.5810048995579753
0.5963459349548684,4.075368402597523
0.5410234113916216,4.33216808771603
0.5649044998526349,4.112248627300381
0.5574747060403907,4.159293597511723
0.5886430484377946,3.9823882965287045
0.5599318159947002,4.095477972117495
0.5643098307394441,4.1656071053615324
0.571913301390777,4.05154587843118
0.5220129669969772,4.02194495358406
0.5289246941597444,4.222560711147377
0.6319325557875112,3.8905287316062047
0.5164352764762926,4.225905031868279
0.531844078573619,4.161247641387127
0.573784325949276,3.976437841711403
0.5597253382379582,3.879884797099271
0.5339473208307713,3.9139145229691548
0.5737897219618088,3.764260653020525
0.5200557827687177,4.094560304632685
0.5586590346614186,3.935665720518538
0.5246918461489074,3.938075989597916
0.5424901131478357,4.042808123904457
0.5427259057309315,4.134355148355884
0.5674564889142766,3.8313164082990965
0.5628383213003212,3.847299265497077
0.5339590555088495,4.1114895613788365
0.5440961719183007,4.334111752575715
0.591334510650246,3.987129769642566
0.5364046033379477,4.310271055313374
0.5227280374305892,3.745786521894082
0.5586888417844414,4.13931536315873
0.5282429481055212,4.045370848089332
0.5412385129999956,4.047826227314285
0.5312024999462307,4.236033882328156
0.5294726655592236,4.2247338915091275
0.5591443379290246,3.8839301364627885
0.6094772945381469,3.872241399958458
0.5897461896394607,4.003646524395267
0.5775372260561251,3.9244848188790615
0.5122907337224866,4.139885144892573
0.543278354446648,4.041017463380062
0.5145560859565917,4.270996772844218
0.5172061731234515,4.22936425446695
0.5588757019797356,3.909792041406693
0.5097039348591048,4.089337701710453
0.5708626922025221,3.844666845997781
0.5301720395117381,3.7016340813588875
0.5478876193963933,4.027781455853462
0.5461776158328332,4.035912069897086
0.6075342424520804,3.9385877772191495
0.5717939503249189,4.008077240240872
0.5219772558633322,4.210740640146057
0.5136631409595683,3.860601644274025
0.5604206939461583,3.855622929959315
0.5612819333444719,4.134290144361772
0.554716265024606,4.161881656798819
0.5594311520198654,3.896922770965236
0.5268068474927735,3.7198754851514213
0.5457461146036867,4.029780410948505
0.5591301733698388,4.12270970530579
0.5307664906882449,3.860738187551616
0.5615960571130915,4.102806229861556
0.5699307809396701,4.286109153068468
0.5894838835656905,3.981976477493802
0.5765561456436682,4.162514965473922
0.5252101764506564,4.254727038498909
0.5567251215065726,3.8105946713319945
0.5066886773204676,4.137984230146306
0.6130303430321571,3.7694895254570757
0.5537677684044539,3.740775833179679
0.5245609401185167,4.249741423786865
0.5455525841826597,4.077998537418069
0.6143397211569183,3.9103803404382007
0.525657724359717,4.223077598658738
0.5217324655114524,4.286290553972713
0.5197090336380458,4.088334926520916
0.5201756869625965,4.1977426511902385
0.537868148867135,4.298225665874992
0.609011070250365,3.8951652457404378
0.5824262618850888,3.9044555747864997
0.542284542504574,4.333142284284506
0.5811357601905046,3.9410885307157124
0.5971000683453429,3.8999159476744274
0.5685771797293286,3.934882714778191
0.555716269135724,4.135533085350443
0.5307522589777723,4.139622520532742
0.5795195133995849,3.8088314930569607
0.5412237552740969,4.075824768356321
0.5449137929382131,3.9858827845993923
0.6010338703772723,3.9123017272383116
0.539821264264558,4.076158028165331
0.5444440354029276,4.01679688366365
0.5182447962865829,4.0706547622350095
0.5667856210456571,4.27574769150635
0.5764361479207135,3.700825769975619
0.5332085649534889,4.167037330491587
0.5378481671769543,4.057578535721623
0.5102165228566607,4.082151979811349
0.6110644543752188,3.7861002171076326
0.5477201074545786,4.052168830589052
0.5633236054850873,4.117836341875058
0.5632759912665851,4.058656083036048
0.5441088829121848,4.049553761478376
0.5369956648530674,4.041767773482323
0.54568081399389,4.0330195968516325
0.5588255312425939,3.746686132296251
0.5193090784026917,4.202085585697491
0.613526473961703,3.786874288587425
0.5221019495983724,4.187804641073477
0.5508277851299217,3.9501198485747064
0.5286945878519631,3.9762331190229836
0.5311012680266856,3.9081537227728855
0.5714401953175311,3.834730830548475
0.5565284842148758,3.9454974834070256
0.5967551661245438,4.032580348163682
0.570308542205963,3.8756148341505945
0.5632472651849618,3.9025226926985166
0.6390594527336352,3.6590319202813255
0.5153875609460271,4.033587291059053
0.5494359277656542,3.7164133329035347
0.5337551714477425,3.8841152565893915
0.5797835321153121,3.881056863921787
0.4946255334706262,3.954864065675002
0.5692621018929033,4.145499101245069
0.565494320602073,4.1108161555017935
0.5213182390807356,4.180637912367344
0.5620595460190999,3.965250377762421
0.5762256643333578,3.841228146088588
0.5341171189369307,3.923181088634367
0.5220922945564691,4.200468873369037
0.5914463855857152,3.772809011630843
0.5665113800513871,4.116443053267293
0.580653115857981,3.752641788998984
0.5600001752922817,4.148256968741725
0.5267975851664785,3.944774939852207
0.5846717493100267,4.094699558262414
0.6053908751940112,3.9724618287670883
0.5260775422049081,4.188009475331074
0.511252671297662,4.085715158577277
0.5676599161586879,3.4789697688011287
0.5795167942367633,3.810708303124716
0.5407377731181553,4.063306374909385
0.5702799248529872,4.104547963586627
0.5636285985464923,3.937821357730826
0.562538427263969,3.937424593362144
0.5267890102999956,4.199800856716134
0.5729263029649422,4.03642820616763
0.548231103336717,4.249607060446457
0.5451375759913247,3.7818792836968567
0.5636956830191464,4.123597295285596
0.5394476810817449,4.271911767517207
0.5359462738982183,4.258942126909705
0.5456002826812999,3.9949676166320134
0.5237450882263117,3.7211568235820214
0.5302785488960274,3.9792980927740973
0.5412247978499478,3.9671066264895107
0.5306637568322757,3.9276358258456874
0.5264992619099015,4.2113297538150265
0.5638509028008009,4.1331886962978865
0.5381827643389985,4.151963137889968
0.5963015853254395,3.990476186471201
0.5609572608708033,4.1533718148637275
0.5322574893553575,4.132941008147319
0.5259768351992803,4.20770139757494
0.5642627420348906,4.308114552883786
0.5587394062712264,3.913882721644858
0.5684644814722194,4.107537447923458
0.5786054980075485,3.941947156243979
0.557851462452959,4.032067452945544
0.5506562931738207,4.196822749845338
0.5593593138325915,4.1237896241282685
0.53914204386469,4.122185103629458
0.5689477782956561,3.8797905546595395
0.5761234045956537,3.7479558483524613
0.5298215688092016,3.640446084897954
0.5771178245854779,4.023805239081537
0.5468689024034726,3.9975609937130163
0.5386673935662704,4.146277222145131
0.5614444770760095,4.163631746189631
0.577490656078609,4.0532081061897856
0.5567693318912049,3.930369154917868
0.5681237498036832,4.13647060618052
0.532063997042758,4.165379509434371
0.550423875653292,4.421174121995905
0.5558594238986232,4.054916385286287
0.5434156695036374,4.119644834557156
0.5823429217865821,4.031661077795788
0.5656938027955407,3.666914565530145
0.5359952905604621,4.057749969576584
0.5625620737355548,4.167238406422881
0.5162833838365617,4.037255561576556
0.5547133945938797,4.137626584252167
0.5520953830640041,4.1733435464268975
0.5823409912041426,4.046750928649831
0.571194635171522,4.058807913113694
0.5759814269781761,3.9156734667370734
0.5724088117098473,4.025150603970055
0.529287809496786,3.9693131495730456
0.5642209605086218,4.068343655150999
0.5265669796806498,3.9585948447208774
0.5663131415728783,3.9798305098321847
0.5222262424217139,4.288059287019406
0.5487044159814805,4.209066369491736
0.5087071589534653,4.095438480089938
0.5416976890455656,3.77349994404625
0.5684979240605027,3.829539764175369
0.5706545834452658,4.063442913342084
0.5649844571156323,3.815292476429027
0.6024987748704647,3.942329616700302
0.5621048765068972,3.88545762168699
0.5454915258226972,4.001797572167681
0.5446258705391148,4.063245312020361
0.5839160565931922,3.9798039496457793
0.5530747958443998,4.2433199349644
0.5421446576384824,4.23059259755477
0.5456992383767542,4.274986157769596
0.5357355613495255,3.895569722443392
0.5461956486377505,4.119445661791442
0.5523280057989571,3.9328088283344216
0.5173553710748462,4.0788285533667885
0.54510750581295,4.068322097557651
0.544003813916112,4.031058681815458
0.5618878212117461,4.179368907395753
0.5386341061183428,4.163452088053016
0.5425961526586528,4.007104417626462
0.527284378610974,3.9909975892522187
0.5674820673766635,4.142855720118467
0.5597849063924979,4.007916385373301
0.6155061489057941,3.7856374581811907
0.5514735300608298,4.282165098662367
0.5673578127005133,3.9299054390804966
0.552602657496612,3.7448160683072813
0.5138484456335491,4.071718203304038
0.5698399178046244,3.8926030548128523
0.5950117595391136,4.170175851616656
0.5163260522586136,4.027576450884788
0.5465861749198233,3.9988616620285065
0.5530122958901641,3.7406468177160543
0.6053974836628172,3.780757181158814
0.5737417413001675,3.9850373311118985
0.5702943918215717,3.8443290473634395
0.5402068550946194,3.5662176960550696
0.5139352829914376,3.8043237248626465
0.5581518545509464,3.877973059399258
0.5838324333027008,3.962415303642794
0.5791992694178548,3.9245020279316924
0.5714212351025518,3.775126946239002
0.5650116233177248,4.130039881826203
0.5907205759506086,3.9201465379762315
0.5920369086314871,4.035338110351797
0.551477257723133,3.74470904455961
0.5335295740141867,3.811938697029484
0.568456298450183,3.984213463894816
0.528006712369693,3.9399923005302036
0.566794983316449,4.17274710388823
0.49565048218741464,3.943061309234988
0.5775586005306517,3.9281980671733554
0.529689367755754,3.908887057525574
0.5514026344563174,4.094506050476578
0.5531879718566567,4.043994378498385
0.5454177697834232,4.002463696866667
0.5278137532465014,3.988783309036595
0.5445726193947568,4.28028124742393
0.5509722084907012,3.970607859412386
0.5657335529596891,4.030037908037261
0.5459970804948909,4.054293166899489
0.5773272068322651,3.8847360227723
0.5408325962847328,4.1048218998553985
0.5315556291342499,4.011891052005355
0.5407668138177083,4.280725214406697
0.5658595574729243,3.9110288234116024
0.5685359904744473,4.153576181597407
0.5657422679710945,3.830346679514704
0.5591915785629628,4.103251043479827
0.5640770759610652,3.911904196146013
0.5687314188730357,3.9943790755017807
0.5652455202126657,3.981507985438457
0.5136062079685703,4.124647448975302
0.5600641776330668,3.9533383861847113
0.5499229143431946,4.174862476238245
0.5591966769330504,4.14388424279216
0.5619951674484823,3.932925061355571
0.5628178837921423,4.138840979894579
0.5305678964706771,3.890918802764439
0.5470394281378331,3.8862986626414826
0.5495581948621745,3.932204542495754
0.5445412886231141,4.029652152200179
0.5222754590407263,4.228939883462767
0.5681369583352177,4.094381596885522
0.5069867676016034,3.9365838084726548
0.5480893108833775,3.971711729469556
0.5808027462906598,3.9037974365960646
0.5594051789285678,4.141643028403116
0.5681397480684164,4.134067963438283
0.541599271427052,4.085520984456141
0.5474461879820582,3.8039947239683287
0.5340247441281762,3.9903643351825
0.536165400066742,4.07000995381689
0.5226196897173659,4.245584233932686
0.5670238880564261,4.0400501129480535
0.5231719119847034,4.137026288439503
0.5565802314658402,4.155281781174682
0.51517160859851,4.069214490364822
0.52422859235971,3.896887291295112
0.5397268248977756,4.06553407328593
0.5897156380025612,4.038107899655799
0.5488654735862555,4.0376434125395315
0.5772431323994279,4.142177848029066
0.5415340207513287,4.082324199082787
0.5167250942315608,4.239939151634819
0.5432395668031161,4.142720641673716
0.52110848609805,4.23748553278784
0.546118637555311,4.022151870953368
0.5741366027052376,3.909084995160969
0.5671438230300679,4.16772393283553
0.5539299626974524,4.057202820603887
0.5487379956395578,3.8025615902160266
0.578142430727714,3.964146928386431
0.6156905808451323,3.616794445987242
0.5402460501918706,4.0938483616344525
0.5513297820276002,4.207830130919421
0.556547360376392,4.105424464947398
0.5752183077138202,3.9516015900456636
0.5505184871912482,4.174933794275199
0.5362396991578149,3.8213625060983674
0.5686614962900539,4.234614877620493
0.5652185290711887,4.065645655832897
0.5884825287550776,4.126428092854238
0.5476224862731797,4.049089944865737
0.5906470735827801,4.019099983201287
0.5335076292757894,3.9511759705722387
0.5772485575156047,3.889935486488828
0.5444677618403662,4.051224122250215
0.5459947780611089,4.033072821426792
0.5452473903925611,3.873271458499396
0.578329169688546,3.9632605538091297
0.5466467078016864,3.859868880178949
0.6015879502862312,3.8235276707356642
0.5417553159879057,4.136367868199755
0.5234798489582728,4.029355337412057
0.5246914980668915,4.2042226808557475
0.5592636330332202,4.189522855119933
0.5548463782341626,3.9482120869231108
0.5429336269414615,4.165775535119747
0.5578311026438142,3.94122342237555
0.4966987094746192,4.190817420014349
0.56888651334023,3.836886507990229
0.5467526578283729,3.8429883824611917
0.5602739839327697,3.804622266968406
0.5712556965133514,4.088384618868752
0.6065466542424774,4.060952356556851
0.537893863451319,4.2886579665427105
0.561211613789252,4.127848135456488
0.5304340435112798,4.181912411333348
0.5839456946908941,3.9811764988019203
0.571511206129231,4.2284596608573715
0.5536080630820434,3.9560760688333687
0.5750312582418962,4.134496082947863
0.5459608121712404,4.198723125476174
0.5813156494678889,4.025376310922108
0.5631770203979761,3.92789425275342
0.5457614865454558,4.313112545360683
0.5594289022563057,4.199297401451387
0.5523100978465071,3.871320684474794
0.5828500960162869,4.029805597155849
0.5789754975638212,4.157209237766867
0.5450516903654966,4.030935713942098
0.5752905919855273,3.787302430253979
0.5191363839071813,4.239141307136793
0.5590675401475769,4.142215532259005
0.6023249130770706,3.9662781216420595
0.5208527241840614,4.252390874585202
0.5642592374987143,3.9296072935701907
0.5498801271532373,4.013668447676206
0.5877584467829237,3.986477327103223
0.5342474974083051,3.8856370381533103
0.5537099959131956,3.812088939562017
0.541028472156999,4.03690897895673
0.5498334543380611,4.0324018247429585
0.5202941539862346,4.239273621746256
0.5704619467632016,4.023015319592274
0.5793641600599808,3.9120629581855386
0.537984590577669,3.8641700534201617
0.5061874834669481,4.101664754904477
0.534909191937986,4.1394145817912715
0.5290111543915813,4.174001780714799
0.547276134406562,4.290210259303332
0.5582006543829914,4.103942680972789
0.5797114985886779,3.9767609279058296
0.5195838820552626,4.245444737924561
0.5591086620546472,3.9780932680102077
0.5582822719520699,4.123159016103653
0.5306387629044501,4.13370290673245
0.5075250144820076,4.055964883021692
0.5378543082599588,4.153313102392254
0.559410282363826,4.1164709851627075
0.5374612877669067,4.140748907705211
0.6297228852933889,3.732929052636436
0.5526566482288826,4.019895061676155
0.5812665613357113,3.83283784424056
0.508236113861667,4.071729619861804
0.5460971672105392,4.022553484249822
0.5421491904882898,4.095996494384601
0.5592068950491061,4.144863915256894
0.5523903829740641,4.38617858673696
0.5465222295839974,4.037518256627677
0.5773721899454788,4.0044913152985115
0.488204879483,4.004472526676641
0.5123950880744074,4.082483865672476
0.5203646432732383,4.2534900249038525
0.5742055539348242,4.0863682201928215
0.5589022393790484,3.8509860205005406
0.6460081215131417,3.6901013100921802
0.5872381923228555,4.115489276736661
0.5380281819308952,4.281038805479844
0.5318717818457694,4.18457046913715
0.5753571270356949,4.0289328363989965
0.555302677610323,4.004814344400516
0.5586317710706387,3.6616659332580244
0.5662442003986594,3.878816974493839
0.517709655728987,4.081537083718713
0.5795146402905683,3.94722220640636
0.5785928133148411,3.8774543891490385
0.525750217916996,3.964069449310285
0.5724481713254331,3.837459463327935
0.6154237231176706,3.9166677378390062
0.5076957677822725,3.808572403116596
0.5456057711491177,4.054650793454026
0.5191502770626356,4.244897940142227
0.574020652130775,3.881358497424823
0.5570964608014856,4.175512903135497
0.5772778517850726,4.18414383106122
0.5560140206893512,4.170973062361548
0.5256829465643359,3.994989761675175
0.5420128269350772,4.040005805673163
0.6068976182619487,3.9505707575197135
0.5667500924034922,4.094738852717794
0.6088699157876368,3.7738010430961353
0.5328593116207426,3.9450988145705064
0.5200040689273837,4.045892605182645
0.5540819327413867,3.9834439195629887
0.5421021212329273,4.113531262505968
0.5648841207498906,3.76613456404402
0.5157996519515905,3.792439796656067
0.5220649685878136,4.238893996664092
0.5512791471950372,4.167836094847394
0.5428802277535226,4.318655853652863
0.5298949299634897,3.9786378348943185
0.5591918911797761,4.008297090457905
0.5262897429538942,4.003933722555124
0.5880486929979765,4.020395166281065
0.551259892989142,3.9534534447854717
0.5847729456093756,4.128172087866861
0.6154696190350543,3.9074763146657947
0.5595523539400072,4.152112645096355
0.5844237598413594,4.049515205987429
0.5274312383404792,3.900628294826902
0.5620734288253534,4.146342887627775
0.5657326599499943,3.9620951569510177
0.5949974018020407,3.7611205582662137
0.5424934574249407,4.104533986179192
0.5564523013260989,4.017074107899857
0.514441190155844,4.1261704027862525
0.5215640309196484,4.188673693659784
0.5597817623358626,4.187496692333485
0.5515982472829579,4.003423760850727
0.5983996518428755,4.011836811797237
0.5761419393819049,4.015810228102834
0.5833744246407545,3.939887272929443
0.515963573348122,4.082155406049389
0.5808052615185163,3.8917928906149695
0.5379620211021243,4.188769132146935
0.5531333100543395,3.7221054506447406
0.509733173717112,4.186321245106494
0.5161036259243724,4.307847629576449
0.5646888409914262,3.8466367080113115
0.5408022580491537,3.9891995395677657
0.5421121047347625,4.3474879959457775
0.5459401893650992,4.093466316670994
0.577512578625237,3.8098982305666387
0.5308649624227709,3.9895381858303374
0.5618843710498779,3.980769188750242
0.5171281082089723,4.031995410594299
0.5208291097435349,4.194992461110056
0.5468080244612219,4.244204863778683
0.5065937219988341,4.0826852904126865
0.5470765583071228,4.057258671670538
0.5663113283432464,4.085965054442461
0.4965594159563502,3.9229615120284627
0.561054967419375,3.979192893727974
0.5618378691024197,3.6921737497222282
0.5556771548121114,4.090213708262178
0.5328974163210982,3.8993702783115283
0.5637633334136971,4.099184690237974
0.539388413592497,4.056962876136268
0.5412995379366163,4.052516604631089
0.6106633111671183,3.78900461710996
0.500228073953925,4.122848281638048
0.5564032376841018,3.936578121021922
0.5452085711868367,4.29583723867634
0.5802949148314187,3.9632952085442503
0.5277634275035056,3.9535375096648053
0.5642419707642463,4.142471032240967
0.5640292421444083,3.7428482688158993
0.603476215043616,3.994548569782584
0.5489147433644214,4.1666029300054594
0.5137988692483122,4.083409814563264
0.5315031537005267,4.010154220251816
0.5703272152650624,3.911195814302879
0.5928127572477687,3.7208584123774133
0.5244890155654844,3.7085165190578357
0.5379837607455502,3.6533099472246438
0.5585337278916804,4.092323715702963
0.5353140847870611,4.3318807124399745
0.5186624851339551,4.073499787346029
0.5715552092644035,4.091324665397219
0.5312252912078834,3.9203276710691686
0.5619252993856657,4.309497131986766
0.5600567561699589,3.9217421953891383
0.5362123847146577,4.254232311462143
0.5490773086921007,4.223757865516118
0.5354521245824982,4.105210935776076
0.5961752852077565,4.030815082850262
0.523367928482885,4.12580117621969
0.5552357863065109,4.230191588003689
0.5733067759241658,3.9485477826706252
0.5308103248927852,3.904065599290752
0.6305932911115729,3.763241689872302
0.536469954249157,3.800637239250392
0.5308405836209974,4.188911015230702
0.5656341228788789,3.952228170760668
0.5331834707870536,4.1403380593494425
0.5312276437114228,4.157267261837192
0.5490606261746157,4.2674870360842725
0.5431264082889263,3.973252499164179
0.5267939427541993,3.9033929617685774
0.6112381542674266,4.039733997877565
0.5204043734328772,4.273213460073162
0.5693376444307007,4.056456530387463
0.5416799141656223,4.1245468570432875
0.5149288376002358,4.006876438987454
0.5505296353954691,4.270500684569195
0.5368879441629143,4.117951484229459
0.5458754563882245,4.097673092533065
0.5570988350758145,3.978732582606977
0.5251810876569759,4.150730872706809
0.6011734817977409,3.9435139525841323
0.5531262413432076,3.987202426417721
0.5580137636093101,4.146427883329732
0.5238892131960272,4.229896545167419
0.5440999027043877,4.018348693149622
0.5878029033462734,4.125416173092123
0.5459023504553612,3.927025079339602
0.527043319094196,3.96977126310562
0.5402013901178706,4.027232149198027
0.5286119829660899,4.2469028965908
0.5758888139767319,3.664965156055261
0.5729230291296453,3.876691970647196
0.5572931398474553,3.8732865752828896
0.547229666494244,3.9408130585782435
0.5458979567661463,4.244115646324668
0.5720959749301814,4.058822675714119
0.5913965832913466,4.046929790326507
0.5639198761135983,4.160873126471238
0.5487662672158274,3.954823160423924
0.5249078658213716,3.9937352030825473
0.5356411562379241,4.1439790881321
0.5428012923758126,4.222478345429217
0.5424560517312926,4.10900706759652
0.5480950832440249,3.759112989090761
0.5351800618492938,3.9754429746944555
0.512595720772439,4.301513051882256
0.5265871059479601,4.010111839220325
0.5502312028351098,4.201488063544707
0.5670761545374635,4.1260478062867385
0.563675654915938,3.889999283588422
0.5771615520722181,3.9734407839153003
0.5601959744945354,4.179515129290759
0.5731424370701245,3.9291463915819556
0.5288643790566075,4.154783264998242
0.5711913807383289,3.9073748072178973
0.5269190495911843,4.1947323336481315
0.5262144693909322,4.231709227820115
0.5523078786998203,3.9497962327246676
0.582421606947435,4.164674984798359
0.5567296919663707,4.0816797416055435
0.5545657694142466,4.044897924525828
0.5490493777220414,4.239475717106938
0.5472958380795931,4.195552274021533
0.5063056120519738,4.106109770471556
0.5183966776762053,4.207987840125171
0.5533254927600574,3.9932869885585025
0.5926993600610618,4.076466847944635
0.5804197520086225,3.7424797128587532
0.5400924175345603,3.792396679607674
0.5118086616593374,3.7881880878936376
0.5805929970253378,3.9208098586617943
0.5255630858364501,4.197651274603188
0.568129402874021,4.232015575403527
0.5595745472932557,3.9654064858386455
0.5602804433415988,4.101417480005255
0.5483535237572019,3.903140515879666
0.512967206124518,4.277159735924962
0.550526582762387,4.035277984634078
0.5405327722886966,4.318913093178912
0.5583901778150019,4.013479984631954
0.5366128228419089,4.047702804416823
0.5671594285687124,4.036872696695215
0.5424061210176238,4.268976551063647
0.5254609312770645,4.208209412848196
0.5180528064869312,4.103791653889936
0.5523900242134492,4.183605649112606
0.5557202411656815,3.9355058775182292
0.5661906707278562,4.131090828340234
0.5225505046559119,4.047490527769997
0.588973218302165,3.8770134398473632
0.5333791986178761,4.126485978309516
0.5441378876827472,4.086782871715742
0.6044692737850114,3.8995707240680937
0.5282571892371614,4.179074546553134
0.5573180556577315,3.959593172067628
0.53883275779502,4.082559140872364
0.5680909117203307,4.063661799646212
0.5622674860767551,4.190947894212074
0.5663511219812647,4.096257445331818
0.5294306956820647,3.9813528059380583
0.6354650132697767,3.604911759495962
0.5725202884143582,4.226044171543417
0.5314544338024311,3.9203635432929436
0.5587582101388657,4.173937250418094
0.5700250999797202,4.139768572027947
0.5552781795307645,3.6221931500140934
0.5733807396544283,4.171105171451131
0.5698253475455796,4.112973329880422
0.6495768605394224,3.729603487010396
0.5549243746779049,4.166044206249235
0.5483542896734882,3.8442425696318794
0.5545430934546095,4.202852499886025
0.5272419071592037,4.205188061873744
0.554378235002332,4.192229818384306
0.5478806454785706,4.276385286993219
0.5255925861825862,4.26656653567354
0.5306038225851571,3.990190290027386
0.5332508975609095,3.840240587279931
0.567654117996374,4.121655669976887
0.5605926096930235,4.134746639462294
0.5794072950990032,3.9461762415099937
0.5920831265152328,3.5794414277090056
0.5423287671861411,4.03756949458685
0.5449973512557172,4.2843969322757625
0.4993541758771396,4.105385744267018
0.5906056927930257,3.8243490832908833
0.5446112701777638,4.23561624368725
0.5570220671602674,4.184232244670045
0.5451721483778308,4.27530634987937
0.5605707725420372,4.185842782260679
0.5590211554907438,4.131027899551211
0.5345660601638417,3.8136777073156334
0.5224290873536209,4.2440963693964475
0.5816593775198774,4.033486397557946
0.5621992140198856,4.160195801554496
0.5389495145588017,4.287439286956034
0.5374364650507139,4.183967694058776
0.5103752291781807,3.8498050165682653
0.5620514744415909,4.047773589211996
0.5609102032197887,4.12952734888125
0.5547454855326928,3.987650650663477
0.5583121835747494,3.9315959162786727
0.5698812196548423,3.9078088942553504
0.5793055500252364,4.049704252912802
0.537639095583904,4.289003864717944
0.5637464251246148,4.131311709232348
0.5573601230712074,3.9225085216727993
0.517288956965878,4.237671494250887
0.5452255366617795,4.2519782137297755
0.5419615929003566,4.07002445348171
0.5363260494155645,3.6011140381444715
0.5481590760779236,4.035102342035222
0.5175266580943826,3.994858926391794
0.5500936453589721,4.025138946603918
0.5818156422394208,3.8897796732628342
0.5498111572789018,4.197716136177392
0.5449724974717031,4.054031143596256
0.6042018805247235,3.870045327964135
0.5760217653408087,3.9975500184225847
0.4918781222684736,3.964490428100348
0.5806300832363412,4.003188088040864
0.5631386845120055,4.1970305987482215
0.5204986254086756,4.003109330156116
0.5390156818723407,4.265180170812337
0.5539565290971594,3.9243149758275333
0.5669740150923684,4.100433259980008
0.5510807139858814,4.143970784309221
0.5488719997735606,4.034493775847854
0.5337680182790032,4.151367145893016
0.5372814730261255,4.189956017821607
0.5367657889651756,3.734516191322543
0.5172549649097758,3.9907409778017624
0.5832006517598824,3.730665653440489
0.5388559218104219,3.7006092369891483
0.5609400887908889,4.190171595926738
0.547518081147489,3.8437762237929896
0.5366866528705162,4.18975447702562
0.5727565107432069,4.227001308684407
0.5424259564376744,4.35309853594912
0.5984728404250701,3.9465463463686867
0.5446078371595525,4.096110818254735
0.5526978215014146,4.017815785528588
0.5638542535762757,4.056481139087819
0.6322874544698669,3.5710216332953135
0.6056171427905428,3.7932307845556124
0.5296220047044766,4.223212837412736
0.5715070495666529,4.002517589310312
0.6030499119122946,3.767258197350811
0.5406965830223854,4.02559706535396
0.5903345583995195,4.134906022133129
0.5728748713195666,3.945510877685838
0.5853924173855972,3.9073081735541777
0.5484231787313661,3.995947599444897
0.5551841483474179,4.020601869553189
0.553914150098744,3.963259969874219
0.522063959464009,4.104397402205918
0.5800197351687633,3.8426514229018114
0.6134782393457866,4.00093885099406
0.5541048404673187,4.025910254350927
0.5102084098012506,4.112755009471029
0.5792793759735013,3.8549560739563122
0.6252791029675157,3.804910324629631
0.5663658226067034,3.7987192147332087
0.5473089377646626,4.312217238087425
0.5496090362485501,4.065481339381264
0.5707708965074523,4.020846648222966
0.5440069475595075,3.824805934932415
0.5858534142496089,4.022804992345416
0.5600184847328356,4.013173192809896
0.5280017892549914,4.174574511881235
0.5350799364475796,4.343009427411892
0.5200755537542883,4.316284519100754
0.5682450561260145,4.057637295922162
0.5742442147283278,4.026097335579446
0.5306366653066655,3.978820346464692
0.5182042306243527,4.038428855019268
0.5576188320207052,4.153882448666741
0.5519321363199758,4.031163809763389
0.5557280297607906,4.139295248697319
0.5470263061606703,3.9785573551524354
0.5518452859058348,4.076252658958697
0.5548410165846095,4.373743771588353
0.575525438291836,3.8353994350140685
0.5093231705044873,4.123170254970078
0.5706992717530622,4.016283691863587
0.5435516130972701,4.0473061714324805
0.5514535476242121,4.006562719268872
0.5853714673134817,4.010434860248367
0.6127692384555149,3.715013883358672
0.5609570776939542,4.140810909382904
0.5688790920444533,3.8870895930691662
0.5339173504295713,4.179403728424733
0.5631371795674435,4.105546137082532
0.5841027586209294,3.952700969708825
0.5802039538707376,3.9365275048465764
0.5542576799750972,3.992609355216041
0.5410247367697739,4.096468120657367
0.5426177880026269,4.090984409690986
0.5972986912170455,3.6862743203987587
0.5421627810146729,4.1115212002257016
0.5200855048783368,4.220458899027052
0.5258076654986698,4.215839110637227
0.5531031375532957,4.170326054354532
0.5629305490268184,3.7210565629866292
0.5801926993413483,3.9064292790422797
0.5607308047881369,4.16426095655962
0.5755889738511776,3.936798230010352
0.5177476468154609,4.009169722456764
0.5189524729801595,4.069270886953228
0.5400504279853574,4.13267273513181
0.568358316322405,4.243352853100528
0.5314961996747717,4.184978563189368
0.532292981307653,4.071743395176296
0.5679495150700994,3.9187667583154586
0.5259192723664166,3.666007886059873
0.5616790735146528,4.137828923902326
0.5659254187497936,4.042197039665086
0.5383494201104067,4.060049653125854
0.516211135021618,3.794869420542907
0.579871259599615,4.10284729504476
0.55420580186658,4.189416492664837
0.5630124667672961,4.19399043431741
0.5092370530310446,4.054916118985269
0.5815005089445888,3.8434975329695864
0.5324746232426532,3.947103772245969
0.5699016054948027,4.300649646074214
0.5459512358933103,4.285727839012976
0.5666953982275046,4.079434190924778
0.5262416930786542,3.983472658530067
0.501496891258899,3.899147463834622
0.5266572757793712,4.125929385369079
0.5254915032671016,4.197078643160952
0.5392435324215786,3.850381533919157
0.542563822093514,4.048090748350366
0.5643739844644691,3.9688471233503138
0.5263934536630946,4.1636819506259695
0.5234685756098171,3.9089509118262575
0.5536802367759598,3.961328752314684
0.5611232016948293,4.1007739592108186
0.5679951633898623,3.9281502398184265
0.6109188371665586,3.727419747884575
0.5880209915376632,4.068575562270391
0.5759036016163542,4.031418949580018
0.5643511242613664,4.098021005895837
0.5287730484113774,4.187590771668879
0.5735512684780076,4.024292425472396
0.5366372597161344,4.059739761668303
0.5757539315719132,4.182219124901661
0.5500649511619182,3.8557786439760053
0.5692038705757433,3.865742681951996
0.5645434488532767,3.868181105620719
0.5166648955316905,4.307417314009768
0.5551906968529552,4.158941567366479
0.5689473792492284,4.134219740781012
0.5409414626555404,4.03801859591342
0.5227080684151633,4.195351553606431
0.557404438769135,3.957303883688946
0.5801240067999934,4.031656384520816
0.5438664379478734,4.297853831938619
0.5310789051946446,4.119178475668252
0.5532557250309232,4.023566560173475
0.567594685239447,3.810130004242065
0.5285359592506113,4.238273782447689
0.5514526984251383,4.238002717503591
0.559119055171698,4.245712054377809
0.5887031488199357,3.919280138177919
0.546960619089131,4.057373707422143
0.6097980031128516,3.950167044525065
0.5392111707210715,3.759598343545956
0.5412559560191923,4.1049868165847565
0.5932671766116956,3.868386286378166
0.553334758388487,4.2543837511439335
0.5082696476717082,4.069022152784828
0.5486195382644953,3.8174696774992825
0.5424768027942756,4.27405418251764
0.556438916304404,4.002594227460005
0.5459122784889033,4.057476484495932
0.5616877812899747,4.013491017628151
0.5890156586904459,4.037340890352949
0.5485175968323664,4.033832753635997
0.5815230095675283,4.18464398922976
0.5324104131053928,4.185523498123214
0.572523864691827,3.941045029139668
0.5650363680682646,4.060901541291972
0.5779732491969802,4.048350570886395
0.5605641780259506,4.126406138522774
0.5740418355887161,3.806175278591285
0.5555435060798489,4.172923715792375
0.560713211016966,4.155122505389751
0.5625802032444925,4.104873968854519
0.5433600776745983,4.026396290086616
0.5845801826669734,3.884365479325623
0.5785289515224534,3.964487337837674
0.5631127298101095,4.125033845223779
0.5881421913863779,4.032648793929558
0.567743068182217,3.887991973243423
0.5676071100267165,4.137411138046961
0.5912282957197658,3.9489393398255714
0.5437828787184078,4.049754371974635
0.5400276086892104,4.093403615253001
0.5769489071975697,4.01980860009419
0.54723527685773,3.9359445479970265
0.5812530083726973,4.176065817631481
0.54631122805371,4.2701006243645265
0.5280648582453539,4.213279752798674
0.5255487910540421,4.168589507493929
0.548317887594784,4.39575574207302
0.5642836712750697,4.158979971567571
0.5268635649868275,3.693088642457857
0.5972855210512841,3.7472589058763526
0.5524471355573208,4.106784763989212
0.5224004868975102,4.199626820274783
0.5778630584775071,3.883851056711706
0.5209140787976615,4.019682665800395
0.5741004473206162,4.052086111226162
0.5835713467140634,3.920799395712326
0.5497365392559864,4.042750426047361
0.5699903413501908,4.047455647808363
0.5526052950450498,3.701983373555126
0.5789348801117596,4.006382886062685
0.5502975926599846,3.8692046647152654
0.580630504533829,4.154280467453801
0.4945183647563855,3.9037744584658216
0.6085359683897508,3.904217531285994
0.5747418382632165,4.195003700330733
0.5942671289818157,3.8629866479512582
0.5217147744132536,3.9236470648583732
0.5607626279705017,4.186512250671703
0.5477675572295942,4.087746420527617
0.5622407082067727,4.1354542976305195
0.5451031309125235,3.8281984244021565
0.5531038059733443,4.23653444744665
0.5631842257538047,4.1606975414184335
0.5551044218684021,3.9767528489135766
0.5450483328980451,4.2541879292087375
0.5207729699981519,4.087144544989734
0.5021861895786373,4.135060204697165
0.5566929868160523,3.93168752179076
0.5566839403679412,3.902325009577327
0.579213569812164,4.0527671634901
0.5343450914771714,3.8381936729305104
0.5630093049997053,4.113449270641322
0.5535845003620978,4.19973707159421
0.5489677953650821,3.995388872000882
0.5688751962979091,3.9416184677701054
0.5495897366390622,3.9216824079598385
0.5245746479549807,4.022906385573288
0.5869260720951913,4.075109847740045
0.5278470588783631,4.2464723092384915
0.5152882689880386,4.0916328852538255
0.5316067352494133,4.161562082305359
0.5433707743592043,4.264295340110794
0.5957044731860083,4.01297945741445
0.5154504423560528,4.076901208986122
0.5574404381634325,3.960081127532988
0.5337651120120407,4.16637886510808
0.5706963323913056,4.0099886817105075
0.5441211021550082,3.752592914831542
0.5429616375748688,4.045185121234942
0.5923453514436593,3.9760403414142673
0.5550810735054188,3.9864387570661006
0.5196187766188954,4.089633542634243
0.5624475095095675,3.7992621461420035
0.5323282136162227,4.18157258740054
0.5358939916155518,4.304986855018107
0.5401534616633161,4.056326162961195
0.5487001075990978,4.008119664757415
0.5535729867439433,4.044643742032396
0.5714216952796202,4.023195023908914
0.5311966497936554,3.9817173459365214
0.563570546528523,3.872681010271062
0.5423934978442005,4.307012547915972
0.5444829516659674,4.0652197892548125
0.5562508481985885,3.999658092041783
0.5961114842558888,3.941466021418717
0.5031881942996916,3.843199444208772
0.55652306871699,4.026369804597959
0.5310786973133007,3.829129270353246
0.5287566300771841,4.0065086284001685
0.5675183952058943,4.271517244321694
0.5302249183687838,4.024876796524842
0.5700155806106543,3.9797255741244073
0.5687749967824727,4.240894716261795
0.5250298008321704,3.821959618183806
0.5358265491421108,4.135188407986894
0.5344018247687181,3.8544076212150915
0.5531065744044873,3.9285121709232613
0.5651367209871249,3.666903768436544
0.5315290530760937,3.897714036396323
0.5278434438538363,3.939646494139383
0.5194761362658636,4.198061408525162
0.5385696756670901,4.149922356876148
0.5274783310812986,4.2568244653627065
0.5546373254427016,4.163047799503083
0.5339950152473651,4.153891149047765
0.5442122980679865,3.848472322509298
0.5259179867450442,4.0002505089351335
0.5489520379371123,4.008019243010093
0.5264857348462278,4.225654308061525
0.5106449764770595,4.077649069077226
0.5663314363237729,4.150503091279495
0.5618652352760748,4.129805761028443
0.5581507965895731,4.172234925642015
0.5138141949564292,4.0949150364435685
0.5332574954958316,3.88626802284846
0.5422142452472566,3.8384479976540393
0.5646130184714006,3.887128794771895
0.5683583410506092,3.844862831088348
0.5288628854135397,3.9455380242822993
0.5444522914645772,4.288852849549918
0.5510477664869728,4.003452016833101
0.5716175577459863,3.827920482294621
0.5708669053785619,3.8072509552940654
0.5785228099424454,4.150708156947138
0.5766586668482833,3.8978942799277863
0.5776252794786715,3.9421374118867862
0.5606786014707917,4.102241203229584
0.5749462865352372,3.9484847252369946
0.5534857555842864,4.029534356318353
0.5264196675119024,4.213480435143623
0.5704110085016508,3.985458237784153
0.5755155970799868,4.020478855651105
0.5196563011087033,4.2097926953658265
0.504394705760513,4.1433216637004895
0.5671825003954889,4.337332959935881
0.5435123106442715,4.018652400934431
0.5442337214284462,4.28559697996812
0.5690523830436627,3.83637464674549
0.5375320021432505,4.109151368103917
0.555567067555052,3.9985234945594357
0.5535783010297188,3.9518562929732735
0.5795825435263106,3.7404484548864008
0.5825012133733826,4.1019350771153835
0.5324309494650018,3.9923168323958866
0.5608462854469962,4.17100551184046
0.5367399537861455,3.9811348045310777
0.5376901959816318,3.8941505366943545
0.5215314672300057,4.262357058214912
0.5662253012810877,4.071037963868428
0.543043619914071,4.061983902342353
0.5505270259919633,4.081025444402049
0.551231374285687,3.9638457295078706
0.5436646937060462,4.076644506329235
0.6165512992040457,4.002831087852948
0.5788163443930864,3.8872717490132422
0.5432647567660924,4.242853865334509
0.5446478016754657,4.021317302483956
0.5507578021597749,3.720159085844534
0.529915456135042,4.245793708859449
0.5061060465139781,3.8748516244472886
0.5807648413188117,3.8477892309689214
0.5575788561126437,4.100239473447683
0.5651249376584782,4.073783339455786
0.5868330045399553,4.041485610746549
0.5402477794808557,4.313214597178024
0.5186354407251299,3.9949527942599126
0.5185675580539623,4.001949786493776
0.5840644601860845,3.8214418597502924
0.5242105457310917,3.7368163495033695
0.538815578392301,4.307753037856523
0.5305500097355684,3.973863079943007
0.6115248366541155,3.842963124371607
0.5448893091152043,4.229905819400098
0.5743988579755149,3.7897229777675974
0.5560896652038202,4.332236223311258
0.5570673430393037,4.136003334988437
0.5503481484113529,4.01477361124616
0.5228868600605059,3.9524832483862156
0.5514754671638139,4.065585573854066
0.5171118612600858,4.052496293671804
0.5563620524306246,4.155548959694671
0.5917616841247296,3.8971801483781214
0.5625085860457697,4.143309596938942
0.5532524870999972,4.150671329631931
0.5299601042810976,3.900728617085243
0.5620208547493423,4.089836769703933
0.5906408511886206,3.5708377915593386
0.559606629034467,4.098879925978447
0.5068327742724615,4.149177076767997
0.5627480566249706,4.105116788943012
0.5414508219384621,4.030681732724195
0.5811821237802607,4.0705548351385366
0.5607917544800264,3.9302644270771316
0.5454478462300196,4.037392645537238
0.5646787128480993,4.145316866903218
0.5634136206377124,4.151538909433574
0.5616936306814863,3.883286345260096
0.5624683315259659,4.080180630115114
0.5645554013863792,4.038376100183098
0.6038129400417739,3.60699295691394
0.6074589418339092,3.9370704608339255
0.5614664449696146,4.1251018049072075
0.5662071597909122,4.1244779592377645
0.5582190703276352,4.301066374447562
0.5774894318187543,3.9901280750293933
0.5285690892726483,4.1840877572488075
0.5345811100884335,4.175275645271289
0.6045410107153395,3.671434041225737
0.5442219030707858,4.04118126350058
0.526347380434614,4.255203559760344
0.5731844290044156,4.055853751499846
0.5416306804219949,4.2828003507134795
0.5582876458727396,4.131305208197954
0.5868440947942754,4.10010296418024
0.5303416314265147,4.132337438782663
0.5491931813141077,4.044603851668366
0.5217725481367125,4.0106869484370895
0.5816399359483196,3.9100494107003576
0.535583640006816,3.8953079190090083
0.5473533075994784,4.029513167226655
0.576969942674089,3.866584229344204
0.5610975146533855,3.9385155967698755
0.5194165162143375,3.959524912386799
0.5504791871905632,3.9175208735711675
0.585083561891033,4.080551549658517
0.4891124066201266,3.9948723911702206
0.5466881078176947,4.015142624650142
0.596252156430193,3.8315077072174066
0.5235590304813289,4.012690729340478
0.5717077660002515,4.000051341978346
0.49031670908825215,4.012570547321384
0.5291722660292246,4.2010668562145
0.5426134990667743,4.022213624469343
0.5810422750355705,3.876081190378853
0.5049009407022282,3.930577853987184
0.5222081537128181,3.975020603480101
0.5369336923731766,4.083221748832656
0.5417544900742722,3.874540393421775
0.5542335999771425,4.34440180910383
0.5684035091972595,4.1097631170089315
0.6332830738450669,3.49147222677496
0.5602719418267545,4.183118204304432
0.5301969157551932,4.012121367424585
0.5822551494276113,3.9209707436109507
0.5529846725334401,4.175776787249085
0.5596307729651185,4.137939334730194
0.5273278686842201,4.237092510328261
0.5580405203022915,3.9120864737531433
0.5574164796931784,4.139960922548751
0.564194510879792,4.129630516251727
0.5271478619870779,3.9592329582122123
0.5528066055279754,4.1665121518566215
0.5410974542091309,4.0646924061664365
0.5641388521795424,4.019780107967947
0.5527042086292003,3.993379977486075
0.5406035431673302,4.0637652481645725
0.5321637792563029,4.224127705972559
0.5739770318260289,3.939020869728781
0.5116001774270308,4.060851978603045
0.5395934165037722,4.118914895752064
0.5746591443520445,4.009415096609884
0.5409174402323675,4.286562550852281
0.5380066509598156,4.088771182856161
0.5917531848693586,4.007798496371776
0.5882772123159224,4.024158154503437
0.5751415934400248,3.8473446891886174
0.5998764123054293,4.016178774290732
0.5622790817186601,3.893288401948457
0.5613682845891396,4.023336328269947
0.5740878328055818,4.001103437185387
0.6029362938539117,4.017430884989584
0.632898146556506,3.9523963354947913
0.5383624323047137,4.170555283624151
0.5636427588311373,3.6657264774874836
0.59368420388575,4.131773329852539
0.5614646870326444,4.077013624336418
0.563988655570711,4.099225308155871
0.5899617785435558,4.011337196747463
0.5750819277571344,3.919800687389048
0.5483244457134252,3.9772507787747795
0.5951260824857375,3.710507228830568
0.5436950130239863,4.077753418947806
0.5075733493957807,4.076951636208365
0.5430916987813713,4.2873280183340885
0.5638713920670189,3.80127797979229
0.5628856038738853,4.1215911334431885
0.5191864832620309,4.261249591303341
0.592751223263485,3.8298271002286093
0.5569052473748534,4.0031021672116465
0.57806659388363,4.1417677804895385
0.5788617171821923,4.173457813857877
0.5550740946073089,4.137176036791723
0.5276781541199179,3.897086352796625
0.5327175554499609,4.116450617709483
0.5549888578293811,3.964599102431265
0.5616596225436865,4.157802475817208
0.6282438174721746,3.6908050842268487
0.5440008767951795,3.883688056853598
0.5468619404464874,4.038020251874611
0.5265669184680337,3.7571732993430875
0.5319264060413437,4.1609561573417215
0.5171102920673992,4.013464915739541
0.5341075360757781,4.323558914881818
0.5253449982463603,4.1937582233296595
0.5001201686479874,3.9278044175929794
0.5289615101326262,3.7728239859590897
0.5161441811686022,3.948659700390511
0.5258011525529543,3.9312848416271966
0.520905588725273,4.036364513658982
0.5584540334249504,4.062220123187926
0.5196053573970424,4.079677771723008
0.5405201991822669,4.080698634763312
0.556630748498114,4.149935466131896
0.5673622681220528,4.1117339588795
0.5360836369637927,4.151725355078677
0.529443802699146,4.03216236120033
0.5384006018412261,4.046913436729343
0.5339577590662158,4.122634004842333
0.531005291961898,4.209078963243366
0.5518317590732791,3.9758929482044376
0.5881748717754225,3.819442699873354
0.5631580613249331,3.7479611159330126
0.5541000524741685,3.8888207902982637
0.5451851237700941,4.025535652112468
0.550618548155881,4.0021731815684
0.5064658391237306,4.14713719552239
0.5253315851170896,4.157107505239872
0.5405395825394855,4.134818641277126
0.5343877117867237,4.1007166212968125
0.5494975799668752,4.013427745296691
0.5433917986639426,4.001294065108088
0.551017314698207,3.7157526015026225
0.5262046597415256,3.7304876906986553
0.5351168387341037,4.177193434523054
0.560370161392132,3.9404236061736437
0.5471648988226449,4.080489254644005
0.6109432270146095,3.787610311630044
0.5404854489802007,4.309657507578884
0.533320440299556,4.189519955706391
0.5372385659096861,4.049482167096856
0.5671132041324223,3.839497532079887
0.5806727705892424,3.960347761177056
0.5603913166565175,4.084996631910702
0.5896214797969367,4.104493328716954
0.5729909277110432,3.863701379157226
0.6357510755248099,3.634086695504792
0.5758197870813856,4.003090404906308
0.5316366482211315,3.924131537578091
0.5182191579483969,4.0704884477033785
0.5707773404195097,3.982355892933077
0.5188494527910276,4.089570629705441
0.5573379462883139,4.142597137177644
0.5486022440764037,4.087449916108922
0.5504134682213396,4.0224216680556255
0.5569271946631955,4.214428837725948
0.528220087252242,4.249718241841609
0.5647547920200884,4.0956669404629045
0.5353818565133833,4.180943951646076
0.5400897719103792,4.283525519146187
0.5235598658294106,3.959445126814565
0.5776127185680461,4.194227673993672
0.566386670295933,4.055811216540992
0.5676069648114318,4.125369923106185
0.5823918278158925,3.9917486075349777
0.5420822779390208,4.098764140946584
0.563734750322254,4.12646003238893
0.5234009590616259,4.011989960674321
0.5706077807913618,4.036593656401828
0.5613603801331076,4.149833568169932
0.5309942451682335,3.9929224409998754
0.5617722785860194,4.199275617539989
0.538424132541269,4.12671283002521
0.5764995090490606,4.20881244855551
0.5568694633399115,4.177019657373735
0.5542389431182092,4.042431524690049
0.5377236186244869,4.166810280639436
0.5577106073644238,3.9974015419035474
0.5305132290398069,4.130949576696893
0.5794268768225944,4.231885835535587
0.5728403415308936,3.9147657537026945
0.5602418802694313,4.063978159734668
0.5764985711254718,4.069304345820471
0.5798722535673702,4.188919735729214
0.5603134771192951,3.8759967409464777
0.5406282798689436,4.312559361526627
0.5873089307776537,3.999698274910191
0.5806658972515814,3.7829052909031238
0.5464961755970809,4.268097969900894
0.5687770448398902,3.886753052260692
0.5508970862611617,4.06565565872894
0.5376124597243567,4.136388450189763
0.5639218063950994,4.050609389742972
0.5612910160553205,3.889473576641007
0.5396837668885849,4.089748280078074
0.5662818814807745,4.056344144568137
0.5380460906592964,4.2782111890478465
0.5548118797931789,3.9800626945554907
0.5930046398337075,4.0761353836728675
0.5658343496527601,4.145751596983584
0.5569228859592227,3.886680801261931
0.5217441957232166,3.9437217079727844
0.5834857475156053,3.95968222007539
0.5434036581852629,3.8384857841454547
0.5453555487571395,4.0410358818891545
0.7039453216363586,3.5647177028681973
0.5199047917675516,4.275570761569623
0.535644409457057,4.357348597299635
0.5285701447992867,4.025406184389548
0.5334137947376411,3.8809836495563714
0.5616864969518042,4.146569280408637
0.5368634345454638,4.046183737405226
0.5469831036483136,4.241078714847537
0.5657132606279107,3.978963673411233
0.5508307303479935,3.860776436595606
0.5024477239200049,3.923551360102728
0.5504691099615896,3.961323350108502
0.5433694312268713,4.04059917604538
0.5505214030810696,4.009892851315404
0.5267674354033377,3.8896079861906183
0.5718041337379253,4.210599876462847
0.5405079424340199,4.049156412311584
0.5227600049591193,4.238813438350493
0.5378820735145865,4.090635695815638
0.5802586800810672,3.969800912290502
0.5250017216806946,4.011499477202267
0.5436380673709786,4.05614781097091
0.553368322629869,4.009479361729843
0.5480370437768018,4.0085927970912
0.5167313943818829,3.8080228065853166
0.5397224266037451,4.094935970918404
0.5979927043233426,3.88545092295464
0.5526921353263662,3.9897384365760846
0.5047376547282104,4.177160050014819
0.5254084818100275,4.251072771426943
0.5615835613575668,4.068856304074282
0.5447587378477371,4.305620670428969
0.5351841702768628,3.62159626182903
0.5369651817215723,4.066414472220024
0.5648416875967706,3.8832519623268382
0.5801902964005379,3.7495674923637394
0.4885563617162316,4.033022905144416
0.5899929830163121,3.950492541059487
0.5589856658462289,4.193519789983319
0.5619939283657006,3.885280350178976
0.5562680197118824,4.191464835604821
0.5619967613926332,4.000235088218434
0.5415832042628634,4.075668806730069
0.533838466758589,3.920970432300423
0.5452746824895152,3.8397169290894695
0.5943277952963116,3.913694961368938
0.5196886527129855,4.237174737767626
0.5666490491786367,4.075568592137042
0.570564169747407,4.041710954163968
0.5788279583515404,4.156032227644173
0.5531723177858687,3.9815434556830493
0.6517486108725973,3.8037939998069663
0.5615755864771251,4.0737704661224265
0.5059483272361326,4.138273422314241
0.5113673031381618,4.084062299636835
0.5420493520915123,4.115613291743322
0.5779455896670669,4.045756719159595
0.5404578674021999,3.828648268980782
0.5367661088246604,4.104946620976568
0.5543476930814165,4.173845203659846
0.5619168929168591,3.9058385634547164
0.5336064368767969,4.242722903012705
0.564044206348672,4.341234857696069
0.5008922451514252,4.118979165801833
0.5933872875857037,3.790421740405233
0.5909021202984254,4.09697915492304
0.5342439364668309,4.347569082168997
0.5671109415908028,4.030692684693306
0.5178556101676656,3.99588490016232
0.5635064630296184,3.967568107311721
0.49567524334302293,3.963491712979591
0.5538058138242986,3.990126361809662
0.5337124140583798,4.125110520694247
0.5219850068813469,4.244860804276443
0.5590210651966643,3.842597960917313
0.5585003308613259,3.986652963778521
0.5410079752361622,4.2779502865994905
0.5468038315023384,4.019693524691936
0.5035120577156182,4.126037985077882
0.5872466881141268,3.856509453088993
0.6096263961808125,3.7145677957098915
0.5287536927676059,3.9633621646048187
0.5547601253455093,3.864284145841926
0.56397295085458,4.054218414032367
0.5612920054890755,4.142780178720121
0.5082107446843086,3.859579299798963
0.5507465393139687,4.233519366037338
0.5482892247089789,4.102430930135678
0.5777144689329411,4.006088505557101
0.5351341737342131,3.924617472243069
0.5531461752412578,3.836758594510526
0.6445587823758941,3.5951432398510756
0.5909342692197254,4.026151773962153
0.578890424435996,4.20359484469621
0.5322880844856079,3.9415141542757817
0.5420912394494529,4.049628255979405
0.539961555688083,4.289372376792749
0.5581744291426002,3.9278188241881202
0.5254605303750448,4.259407369072355
0.518767549572533,4.070911445179658
0.6660966975774149,3.6648227335622274
0.5760020902380624,4.026296141614933
0.543123752295594,4.2445723951476255
0.572498366936341,3.8302607976142213
0.5633736087719932,3.7171443592427376
0.5622369453026604,4.110588363317791
0.5875472226692287,3.9858974507220517
0.5642753653220468,4.062450883729363
0.5553001122098778,3.9280763601068576
0.567819612366601,4.273177316518992
0.5359346921237713,4.109833523668804
0.5435216072915018,4.301932346817874
0.5207023443673023,4.208327282428967
0.5555550635201821,4.008032581653878
0.5355493999167366,4.176683998320384
0.5542384848505711,4.032512957191734
0.5638638034466387,3.8587907114573663
0.5666504295842933,4.112380792851366
0.52524347480112,3.7611049774096545
0.5378831460483364,4.145944975196835
0.5573664099551195,3.8903036711625663
0.5283286651994283,3.987308644973622
0.5682217365993755,3.635663860301115
0.5361936849292223,4.064112591896776
0.5298569399417616,4.233605193245643
0.5383717090609225,4.3277579849071
0.5465739779072188,4.304563913215637
0.5114654285892019,4.117869711100015
0.5780713976971512,3.990710631116032
0.5475425431429952,4.047935597688203
0.532326166250415,4.185675919368816
0.5322086270505418,3.911622228074707
0.5458384127985063,4.31939448198355
0.5550359524512243,4.226655108463795
0.5596611272893703,3.8569692676444696
0.5797867974842809,4.020411522868241
0.5343798991143988,4.209285504641534
0.5596008178571668,4.379452475743938
0.5621284891582532,3.998689276834572
0.559406254003417,4.162996679862978
0.5648886850688184,3.870262493243061
0.6293207611441805,3.751261843894431
0.5546842682370154,4.207409401747187
0.5574901746186446,3.891971792439847
0.5182343986877539,3.7542626000962733
0.5919586349092537,4.102188079352069
0.564828177461552,4.127823481452167
0.6104757861253552,3.9490182302231402
0.550632167755113,3.9303117650748423
0.5501414457613929,3.975062574952149
0.5306855325023593,3.918073430019455
0.5093293981988477,4.112952641393499
0.5399339670808638,4.072624316574342
0.5495898408412726,4.26564623326064
0.49887238390319383,3.8741086905803965
0.5694795468366171,4.2212382993869895
0.543842693703428,3.8473854269428727
0.5642370547911532,4.005950931496096
0.5372295489186661,3.889738851089934
0.5983986757325538,3.910087842029746
0.5300184087098521,4.194952089588792
0.5851940487330116,3.842167780008769
0.5717449977409558,4.200598647835338
0.5726816970876861,4.026186834548246
0.5543079412427835,4.144037067524235
0.585663410247819,3.987873150800785
0.5205448761560185,4.0095304968995285
0.5522396454202181,4.247659554513105
0.5823630086837082,3.997331196971121
0.5505762043784678,4.186123803295667
0.5786676938757699,4.026494304089767
0.5792239824915981,3.9600899505128893
0.5663311744313045,4.059493402102718
0.5437493989442012,4.25504213280428
0.5698646299166646,4.1438647101968495
0.5197760423267871,4.197989058085236
0.5686653949652738,4.2302894078814175
0.559030861706335,3.92047995585691
0.5570471275514937,4.359274088997618
0.519802552386018,4.009565019198583
0.5812571636325276,4.0403548149202475
0.5042806802204878,4.126345587000579
0.5425388558999061,4.04503279811355
0.545015023303041,3.8621354052451706
0.5676101022969787,4.127833989289216
0.5148325817995004,4.088781332390784
0.5964890003320092,4.074489031142854
0.5654027424180129,4.0658467388125485
0.5405420815930339,4.036725783848328
0.5831079424485542,4.027968683264189
0.5490719559262321,3.970388210446174
0.5423581249454148,4.073006338984784
0.546986957988462,4.078182119726343
0.5541440188675827,4.007943521531067
0.5659232666098849,4.070914912489057
0.5081831565085033,3.842786635479852
0.5109802137764986,4.066641526852146
0.5997680051449394,3.898164602528427
0.5668732816427534,4.071994104901317
0.5977635948171492,3.720011776710636
0.5675882159366183,4.111614527750622
0.5610335305461341,4.106362538193669
0.5602375739166634,3.9618691382344555
0.5492287096047911,3.800054356154869
0.5352331172929553,3.7120224046883723
0.5438288700136227,4.280400938226335
0.5755301223786089,4.038600048603171
0.5431909217722234,4.262268820348206
0.5878194979944108,3.75185104731071
0.5410016731804603,4.309521039186509
0.5477289276963763,4.200230623816798
0.543092665566078,3.900916440674353
0.5718959072078645,4.018455792088198
0.5750427418247347,4.067215127183872
0.5212304645077183,4.233754904161855
0.5596579334899807,3.889912241289048
0.5516014609483282,3.843922833833707
0.5669204914434048,3.760362565360833
0.5715130395307352,4.061506274193865
0.5618575641592877,3.9293573351321105
0.5719537332837241,3.821040316199637
0.5990516382653104,3.9919030289765516
0.5932178277736372,3.7427782317008442
0.5414687425277468,3.8349527314157155
0.5409353704987757,4.0404754494634725
0.5789052537162578,3.963260068328168
0.5265925583592553,4.185664851398107
0.5274761940619112,3.9954240378079775
0.5508981027235121,4.083682884712894
0.5617810844641913,3.9579001266636475
0.5400552064244201,4.177199735087211
0.5212787879558006,4.020493274950885
0.5562839892928395,3.872978023105891
0.5733264928165145,4.087313246842846
0.5553847866128138,4.011242105968182
0.5664837962769224,3.978710565514693
0.5368759593947806,4.3121975700550275
0.5784789233973022,4.014277148796465
0.5629193056570291,4.1692155189445
0.5529773500124194,4.182872111011101
0.5444360910462375,3.5341535163120685
0.5424569108946075,4.063588564766701
0.5300166137017441,3.988215971617185
0.5160045397299439,3.7666834274510967
0.5487840674816988,3.857520172737799
0.557041110216957,4.19246020081713
0.5101369194704153,4.099210825215603
0.5542611901520368,4.134853479111206
0.544330370686786,4.2855376883776675
0.6087184281773185,3.694714609198298
0.5249350530377929,3.933526640020388
0.5479022584245234,3.861835707488962
0.5127536500072175,4.025924489912029
0.532493505539451,3.87258423333507
0.5563983715423287,3.878065852050748
0.5408244548951302,4.03355154536679
0.5473680959013844,4.092565570320502
0.5679928182149854,3.852974419379984
0.558152121982993,4.016143407727946
0.562248963434041,4.079550903493959
0.5579793697758699,4.008213091632202
0.5747321328788032,4.226087310278731
0.536251391641983,4.162785620682421
0.5356720928796171,4.124046281079996
0.5596258612892596,3.9978880711791795
0.5243914332843029,3.7728548919790543
0.5252702666865681,3.931909347826663
0.6137367250842947,3.9003613066887266
0.5337049021409422,4.149743025880051
0.5319711888375807,3.991876440179606
0.5680534179317013,4.06699755140377
0.5547119513771958,4.209077554911178
0.5133510824414226,4.073240865607732
0.5580047428153584,3.938877209085837
0.5770432118754297,3.91409166389003
0.568666717041369,4.049111050325845
0.6471536331671847,3.70571875912888
0.5774721229817468,3.9305824230844917
0.5538276285885435,3.7457680193700083
0.6076526350640811,4.068705172824715
0.6293689002681296,3.757559247575172
0.5661769501526613,4.1731944142623565
0.5005561409082829,3.942250001564613
0.5632851989519198,3.8956361124929497
0.5307113366430739,4.194671225405537
0.5567913928775112,3.8301674277719364
0.5298933309768992,3.998965085988749
0.5418443339570665,4.1009470282841445
0.5500176662844445,4.19617294335031
0.580591163970371,4.006967071321788
0.5299447867869292,4.217561687976123
0.5687709449692028,4.112696491288894
0.53501043820821,4.145664939118881
0.5086183930452295,4.131149775659498
0.5090180462621082,4.049675331290319
0.5461630582186872,4.023178376083452
0.5684875907705401,3.8804553194917895
0.5731534217573298,3.8855766246356658
0.5415286690392362,4.238728048525411
0.5804158503878719,3.913421963957204
0.569260570163192,4.144537707438414
0.572276168334045,4.061435097707647
0.5582309690537842,4.025841260229217
0.5525726195642633,4.23712745481608
0.5876926484267814,4.088788071262729
0.5607692472204998,4.152392086680351
0.57888332424238,4.0531499557737325
0.5683778914685417,4.098248112728295
0.6058581430013459,3.786207274890026
0.5873561705960123,4.03465242752758
0.5463699471333304,4.276306190493753
0.617751022519102,3.832298264889504
0.5388868119904702,3.868455337878046
0.5767544034923309,3.9963756016545453
0.5469537331404571,3.761715588800639
0.5327492894223781,3.8683988873264767
0.593439770961655,3.9904841850541914
0.6145748125564322,3.934108742592027
0.5129395515797037,3.7495060419980106
0.5412702060194632,4.300374229665848
0.5488032582885675,3.7931646377707007
0.522425189818323,4.0111886928316105
0.5315096039141877,4.237158109768964
0.5591027928754269,3.9688980358960877
0.5523738311738667,3.6359618025652725
0.5455945371932708,4.276491608144512
0.5232730555481677,4.279818139147722
0.5846337252345483,3.9941097517021027
0.5514327491732912,4.048811240175543
0.5210217946233432,4.2566492286911055
0.5540991985498049,4.322087084787125
0.550060590904586,4.277705136623555
0.5750264524490284,3.93472542076076
0.5118904586207279,4.0884776031108085
0.5217306365322878,3.9233922321240082
0.5699356961928059,4.079249372806772
0.5616914350667038,3.7523340126847238
0.5002224682909671,4.206710858537319
0.5558759294284447,3.7437084932573548
0.5264889851681712,3.9590894709508944
0.5461367698844989,4.115920093065598
0.5982814136946367,3.949571738972867
0.5441338949920412,4.0893729879520615
0.5468352811131255,3.972158837272156
0.5513488735311028,4.250591629186918
0.5712461045853293,3.812726457145311
0.5739483267521769,4.110984629998927
0.5535132365830254,3.9449995739839046
0.5777546932631213,4.129020009365173
0.5782150528611699,4.034300025049519
0.5461159456257331,4.076821786918009
0.574590827444518,4.055136616190569
0.5620424598583237,4.333638429225435
0.5622367720549888,4.050521440505316
0.5598437792815655,4.131104205899133
0.523047980749861,3.9502687030216452
0.5344262941914518,3.8780904311780002
0.5673268930946072,4.028264128914628
0.5642139925071872,3.9157785058553585
0.5078155365123748,4.056999012825471
0.5886815072971578,3.9125111574560663
0.5788526318387763,4.034985094021986
0.5434831479302759,4.115087330670279
0.5322198789905639,4.224676678246398
0.5884311061563714,3.489618514105143
0.5445581919075743,3.5651812320797998
0.5509446605528702,4.0947853326053165
0.544338864661686,4.213377979644637
0.5316642757798583,3.9736258003131355
0.5671858177373742,4.023836599595579
0.5283584847141972,4.200522721558603
0.5843071378367252,3.887781666816632
0.5565657231202292,4.162707338170875
0.5720235507775356,3.6411929379548424
0.5739420058908354,4.050998447802675
0.5327856922474753,3.9938234945374647
0.5419827426771516,4.358009075871523
0.5690596484270504,3.9349077177621794
0.5723675166387325,3.6820859895371245
0.5519580577021334,4.009218333691398
0.5665497553097393,3.865156274203812
0.555926398646534,3.9975154352343125
0.58030446661524,4.1314495885699865
0.5406598325975223,4.083196205330794
0.5380020049901061,4.318712998550692
0.5479230404106129,4.062218050873654
0.5466215221350041,4.282964901754231
0.5781423288651781,3.9847507569207496
0.5436450603341917,4.064290623345815
0.6032121969998603,3.6363607579087627
0.5365020631572891,4.144209426200216
0.5568475751554801,4.0212370425604185
0.5416813045664025,4.112212285029156
0.5625470438915103,3.9268195941127
0.5451948370748316,3.7815835548800254
0.539103587693611,4.265176617582871
0.5964608726406937,4.000657796558342
0.5479703909051273,4.270789044613316
0.5897463010203284,4.1278538035947925
0.5143599854349681,4.103440314162726
0.5914454159363296,3.7454315235948066
0.5780488854824994,4.212229957535019
0.5724518413940001,4.109039945296228
0.5438013265257593,4.08563078995114
0.595523206128914,3.951138816393328
0.5449345826413662,4.0960842097317265
0.5461746141682876,4.019469570756874
0.5547331294078506,4.063405153687228
0.5779131985389183,3.7418887972535226
0.5390658121034734,4.145701165752779
0.5880711447078028,4.123418628273211
0.5096276636881945,4.064180345056104
0.5599727253604906,4.113086910912599
0.5888731641579584,4.1334326345226735
0.5461371562025891,4.073564141312779
0.5166208462449973,4.06193835056176
0.5084986191723069,4.118609539353561
0.5484904300424741,3.8577498233738794
0.5461993023525463,3.8276472600348996
0.5033231797068262,4.037304334515367
0.5479875895299853,4.235934352734892
0.5101031013708698,4.115067201604115
0.5254668028385443,3.986774885185778
0.5240070663809876,3.7141208202257325
0.5489795758172044,4.087705009394698
0.5314095899415363,3.9502191304837653
0.5492434992564845,4.146895675696094
0.5560317343531358,3.9687193826076648
0.5580043646719247,3.9718504185332333
0.5813686918633499,4.0175442558098595
0.5351439230808699,4.224356129842314
0.5635688028976772,3.8858500450495055
0.5208936509708705,4.279193469035755
0.5341852583093002,4.169359571615995
0.5012397201519116,4.085329424598271
0.5642698529023186,4.045296993706109
0.5357187502024813,4.1550191442103435
0.5416162445737873,4.056862694554408
0.5180747037123915,4.208990490122952
0.5640286630565308,4.0755896647101055
0.5528954348377205,4.000165080446738
0.511953541258262,3.8094936746500796
0.5300860151081775,4.134051341232108
0.5289563886823493,3.9503675746435243
