channel,time_percent,victim_consistency,control_consistency
LASI_ax1,0,0.7058823529411765,0.7142857142857143
LASI_ax1,1,0.7058823529411765,0.7142857142857143
LASI_ax1,2,0.7058823529411765,0.7142857142857143
LASI_ax1,3,0.6470588235294118,0.7142857142857143
LASI_ax1,4,0.6470588235294118,0.7142857142857143
LASI_ax1,5,0.6470588235294118,0.6428571428571429
LASI_ax1,6,0.7058823529411765,0.5
LASI_ax1,7,0.6470588235294118,0.5
LASI_ax1,8,0.6470588235294118,0.5
LASI_ax1,9,0.6470588235294118,0.5714285714285714
LASI_ax1,10,0.7058823529411765,0.5714285714285714
LASI_ax1,11,0.7058823529411765,0.6428571428571429
LASI_ax1,12,0.6470588235294118,0.6428571428571429
LASI_ax1,13,0.5882352941176471,0.5714285714285714
LASI_ax1,14,0.5294117647058824,0.5
LASI_ax1,15,0.6470588235294118,0.5
LASI_ax1,16,0.5294117647058824,0.5
LASI_ax1,17,0.5882352941176471,0.5714285714285714
LASI_ax1,18,0.5882352941176471,0.5714285714285714
LASI_ax1,19,0.5882352941176471,0.5714285714285714
LASI_ax1,20,0.5294117647058824,0.5714285714285714
LASI_ax1,21,0.5294117647058824,0.5714285714285714
LASI_ax1,22,0.5294117647058824,0.5
LASI_ax1,23,0.5294117647058824,0.5
LASI_ax1,24,0.5294117647058824,0.5
LASI_ax1,25,0.5294117647058824,0.5
LASI_ax1,26,0.5294117647058824,0.5
LASI_ax1,27,0.5294117647058824,0.5
LASI_ax1,28,0.5294117647058824,0.5
LASI_ax1,29,0.5294117647058824,0.5714285714285714
LASI_ax1,30,0.5294117647058824,0.6428571428571429
LASI_ax1,31,0.5294117647058824,0.7142857142857143
LASI_ax1,32,0.6470588235294118,0.7142857142857143
LASI_ax1,33,0.6470588235294118,0.7142857142857143
LASI_ax1,34,0.6470588235294118,0.7857142857142857
LASI_ax1,35,0.6470588235294118,0.7857142857142857
LASI_ax1,36,0.6470588235294118,0.6428571428571429
LASI_ax1,37,0.6470588235294118,0.5714285714285714
LASI_ax1,38,0.6470588235294118,0.5714285714285714
LASI_ax1,39,0.6470588235294118,0.5714285714285714
LASI_ax1,40,0.5882352941176471,0.5714285714285714
LASI_ax1,41,0.5882352941176471,0.5714285714285714
LASI_ax1,42,0.5294117647058824,0.5714285714285714
LASI_ax1,43,0.5294117647058824,0.5714285714285714
LASI_ax1,44,0.5882352941176471,0.5714285714285714
LASI_ax1,45,0.7058823529411765,0.5714285714285714
LASI_ax1,46,0.5882352941176471,0.5714285714285714
LASI_ax1,47,0.5882352941176471,0.5714285714285714
LASI_ax1,48,0.6470588235294118,0.6428571428571429
LASI_ax1,49,0.6470588235294118,0.6428571428571429
LASI_ax1,50,0.6470588235294118,0.7142857142857143
LASI_ax1,51,0.6470588235294118,0.7142857142857143
LASI_ax1,52,0.6470588235294118,0.7142857142857143
LASI_ax1,53,0.5882352941176471,0.7857142857142857
LASI_ax1,54,0.5882352941176471,0.7857142857142857
LASI_ax1,55,0.5882352941176471,0.7857142857142857
LASI_ax1,56,0.5882352941176471,0.7142857142857143
LASI_ax1,57,0.5882352941176471,0.7142857142857143
LASI_ax1,58,0.5882352941176471,0.7142857142857143
LASI_ax1,59,0.5294117647058824,0.7142857142857143
LASI_ax1,60,0.5294117647058824,0.7142857142857143
LASI_ax1,61,0.5294117647058824,0.5714285714285714
LASI_ax1,62,0.5294117647058824,0.5714285714285714
LASI_ax1,63,0.5294117647058824,0.5714285714285714
LASI_ax1,64,0.5294117647058824,0.5
LASI_ax1,65,0.5294117647058824,0.7142857142857143
LASI_ax1,66,0.5294117647058824,0.7857142857142857
LASI_ax1,67,0.5294117647058824,0.7857142857142857
LASI_ax1,68,0.5294117647058824,0.7142857142857143
LASI_ax1,69,0.5294117647058824,0.7142857142857143
LASI_ax1,70,0.5294117647058824,0.7142857142857143
LASI_ax1,71,0.5882352941176471,0.6428571428571429
LASI_ax1,72,0.6470588235294118,0.6428571428571429
LASI_ax1,73,0.6470588235294118,0.6428571428571429
LASI_ax1,74,0.7058823529411765,0.6428571428571429
LASI_ax1,75,0.7058823529411765,0.6428571428571429
LASI_ax1,76,0.7058823529411765,0.6428571428571429
LASI_ax1,77,0.7058823529411765,0.6428571428571429
LASI_ax1,78,0.7058823529411765,0.6428571428571429
LASI_ax1,79,0.7058823529411765,0.6428571428571429
LASI_ax1,80,0.7058823529411765,0.7142857142857143
LASI_ax1,81,0.7058823529411765,0.7142857142857143
LASI_ax1,82,0.7058823529411765,0.7142857142857143
LASI_ax1,83,0.7058823529411765,0.7142857142857143
LASI_ax1,84,0.7058823529411765,0.7142857142857143
LASI_ax1,85,0.6470588235294118,0.7142857142857143
LASI_ax1,86,0.6470588235294118,0.7142857142857143
LASI_ax1,87,0.6470588235294118,0.7142857142857143
LASI_ax1,88,0.6470588235294118,0.7142857142857143
LASI_ax1,89,0.5882352941176471,0.7142857142857143
LASI_ax1,90,0.5882352941176471,0.7142857142857143
LASI_ax1,91,0.5882352941176471,0.7142857142857143
LASI_ax1,92,0.5882352941176471,0.7142857142857143
LASI_ax1,93,0.5882352941176471,0.7142857142857143
LASI_ax1,94,0.5882352941176471,0.7142857142857143
LASI_ax1,95,0.5882352941176471,0.7142857142857143
LASI_ax1,96,0.5882352941176471,0.7142857142857143
LASI_ax1,97,0.5882352941176471,0.7142857142857143
LASI_ax1,98,0.5882352941176471,0.7142857142857143
LASI_ax1,99,0.5882352941176471,0.7142857142857143
LASI_ax1,100,0.5882352941176471,0.7142857142857143
LASI_ax2,0,0.6470588235294118,0.7857142857142857
LASI_ax2,1,0.6470588235294118,0.7142857142857143
LASI_ax2,2,0.6470588235294118,0.7142857142857143
LASI_ax2,3,0.6470588235294118,0.6428571428571429
LASI_ax2,4,0.6470588235294118,0.6428571428571429
LASI_ax2,5,0.6470588235294118,0.6428571428571429
LASI_ax2,6,0.6470588235294118,0.6428571428571429
LASI_ax2,7,0.6470588235294118,0.6428571428571429
LASI_ax2,8,0.6470588235294118,0.7142857142857143
LASI_ax2,9,0.6470588235294118,0.7142857142857143
LASI_ax2,10,0.6470588235294118,0.7142857142857143
LASI_ax2,11,0.6470588235294118,0.7142857142857143
LASI_ax2,12,0.6470588235294118,0.7142857142857143
LASI_ax2,13,0.6470588235294118,0.7142857142857143
LASI_ax2,14,0.6470588235294118,0.7142857142857143
LASI_ax2,15,0.6470588235294118,0.7142857142857143
LASI_ax2,16,0.6470588235294118,0.6428571428571429
LASI_ax2,17,0.6470588235294118,0.6428571428571429
LASI_ax2,18,0.6470588235294118,0.6428571428571429
LASI_ax2,19,0.6470588235294118,0.6428571428571429
LASI_ax2,20,0.6470588235294118,0.6428571428571429
LASI_ax2,21,0.6470588235294118,0.6428571428571429
LASI_ax2,22,0.6470588235294118,0.6428571428571429
LASI_ax2,23,0.6470588235294118,0.6428571428571429
LASI_ax2,24,0.6470588235294118,0.6428571428571429
LASI_ax2,25,0.6470588235294118,0.6428571428571429
LASI_ax2,26,0.6470588235294118,0.5714285714285714
LASI_ax2,27,0.6470588235294118,0.5714285714285714
LASI_ax2,28,0.6470588235294118,0.5714285714285714
LASI_ax2,29,0.6470588235294118,0.5714285714285714
LASI_ax2,30,0.6470588235294118,0.5714285714285714
LASI_ax2,31,0.6470588235294118,0.5714285714285714
LASI_ax2,32,0.6470588235294118,0.5714285714285714
LASI_ax2,33,0.6470588235294118,0.5714285714285714
LASI_ax2,34,0.6470588235294118,0.5714285714285714
LASI_ax2,35,0.6470588235294118,0.5714285714285714
LASI_ax2,36,0.6470588235294118,0.6428571428571429
LASI_ax2,37,0.6470588235294118,0.6428571428571429
LASI_ax2,38,0.6470588235294118,0.6428571428571429
LASI_ax2,39,0.6470588235294118,0.6428571428571429
LASI_ax2,40,0.6470588235294118,0.6428571428571429
LASI_ax2,41,0.6470588235294118,0.6428571428571429
LASI_ax2,42,0.6470588235294118,0.6428571428571429
LASI_ax2,43,0.6470588235294118,0.6428571428571429
LASI_ax2,44,0.6470588235294118,0.6428571428571429
LASI_ax2,45,0.6470588235294118,0.6428571428571429
LASI_ax2,46,0.6470588235294118,0.6428571428571429
LASI_ax2,47,0.6470588235294118,0.6428571428571429
LASI_ax2,48,0.6470588235294118,0.6428571428571429
LASI_ax2,49,0.6470588235294118,0.6428571428571429
LASI_ax2,50,0.6470588235294118,0.6428571428571429
LASI_ax2,51,0.6470588235294118,0.6428571428571429
LASI_ax2,52,0.6470588235294118,0.6428571428571429
LASI_ax2,53,0.6470588235294118,0.6428571428571429
LASI_ax2,54,0.6470588235294118,0.6428571428571429
LASI_ax2,55,0.6470588235294118,0.6428571428571429
LASI_ax2,56,0.6470588235294118,0.7142857142857143
LASI_ax2,57,0.6470588235294118,0.7142857142857143
LASI_ax2,58,0.6470588235294118,0.7142857142857143
LASI_ax2,59,0.6470588235294118,0.7857142857142857
LASI_ax2,60,0.6470588235294118,0.7857142857142857
LASI_ax2,61,0.6470588235294118,0.7857142857142857
LASI_ax2,62,0.6470588235294118,0.7857142857142857
LASI_ax2,63,0.6470588235294118,0.7857142857142857
LASI_ax2,64,0.6470588235294118,0.7857142857142857
LASI_ax2,65,0.6470588235294118,0.7857142857142857
LASI_ax2,66,0.6470588235294118,0.7142857142857143
LASI_ax2,67,0.6470588235294118,0.7142857142857143
LASI_ax2,68,0.6470588235294118,0.7857142857142857
LASI_ax2,69,0.6470588235294118,0.8571428571428571
LASI_ax2,70,0.5882352941176471,0.7857142857142857
LASI_ax2,71,0.5882352941176471,0.7857142857142857
LASI_ax2,72,0.5882352941176471,0.7857142857142857
LASI_ax2,73,0.5882352941176471,0.7857142857142857
LASI_ax2,74,0.5882352941176471,0.7857142857142857
LASI_ax2,75,0.5882352941176471,0.7857142857142857
LASI_ax2,76,0.6470588235294118,0.7857142857142857
LASI_ax2,77,0.6470588235294118,0.7857142857142857
LASI_ax2,78,0.5882352941176471,0.7857142857142857
LASI_ax2,79,0.5882352941176471,0.7857142857142857
LASI_ax2,80,0.5882352941176471,0.7857142857142857
LASI_ax2,81,0.5882352941176471,0.7142857142857143
LASI_ax2,82,0.5882352941176471,0.7142857142857143
LASI_ax2,83,0.5882352941176471,0.7142857142857143
LASI_ax2,84,0.5882352941176471,0.6428571428571429
LASI_ax2,85,0.5882352941176471,0.6428571428571429
LASI_ax2,86,0.5882352941176471,0.6428571428571429
LASI_ax2,87,0.5882352941176471,0.6428571428571429
LASI_ax2,88,0.5882352941176471,0.6428571428571429
LASI_ax2,89,0.5882352941176471,0.6428571428571429
LASI_ax2,90,0.5882352941176471,0.6428571428571429
LASI_ax2,91,0.6470588235294118,0.6428571428571429
LASI_ax2,92,0.6470588235294118,0.6428571428571429
LASI_ax2,93,0.6470588235294118,0.6428571428571429
LASI_ax2,94,0.6470588235294118,0.6428571428571429
LASI_ax2,95,0.6470588235294118,0.7142857142857143
LASI_ax2,96,0.6470588235294118,0.7142857142857143
LASI_ax2,97,0.6470588235294118,0.7142857142857143
LASI_ax2,98,0.6470588235294118,0.7142857142857143
LASI_ax2,99,0.6470588235294118,0.7857142857142857
LASI_ax2,100,0.6470588235294118,0.7857142857142857
LASI_ax3,0,0.5294117647058824,0.5714285714285714
LASI_ax3,1,0.5294117647058824,0.5714285714285714
LASI_ax3,2,0.5294117647058824,0.5714285714285714
LASI_ax3,3,0.5294117647058824,0.5714285714285714
LASI_ax3,4,0.5294117647058824,0.5714285714285714
LASI_ax3,5,0.5294117647058824,0.5714285714285714
LASI_ax3,6,0.5294117647058824,0.5714285714285714
LASI_ax3,7,0.5294117647058824,0.5714285714285714
LASI_ax3,8,0.5294117647058824,0.5714285714285714
LASI_ax3,9,0.5294117647058824,0.5714285714285714
LASI_ax3,10,0.5294117647058824,0.5714285714285714
LASI_ax3,11,0.5294117647058824,0.5714285714285714
LASI_ax3,12,0.5294117647058824,0.5714285714285714
LASI_ax3,13,0.5294117647058824,0.5714285714285714
LASI_ax3,14,0.5294117647058824,0.5714285714285714
LASI_ax3,15,0.5294117647058824,0.5714285714285714
LASI_ax3,16,0.5294117647058824,0.5714285714285714
LASI_ax3,17,0.5294117647058824,0.5714285714285714
LASI_ax3,18,0.5294117647058824,0.5714285714285714
LASI_ax3,19,0.5294117647058824,0.5714285714285714
LASI_ax3,20,0.5294117647058824,0.5714285714285714
LASI_ax3,21,0.5294117647058824,0.5714285714285714
LASI_ax3,22,0.5294117647058824,0.5714285714285714
LASI_ax3,23,0.5294117647058824,0.5714285714285714
LASI_ax3,24,0.5294117647058824,0.5714285714285714
LASI_ax3,25,0.5294117647058824,0.5
LASI_ax3,26,0.5294117647058824,0.5714285714285714
LASI_ax3,27,0.5294117647058824,0.5714285714285714
LASI_ax3,28,0.5882352941176471,0.5714285714285714
LASI_ax3,29,0.5882352941176471,0.5714285714285714
LASI_ax3,30,0.5882352941176471,0.5714285714285714
LASI_ax3,31,0.5882352941176471,0.5714285714285714
LASI_ax3,32,0.5882352941176471,0.5714285714285714
LASI_ax3,33,0.5882352941176471,0.5714285714285714
LASI_ax3,34,0.5882352941176471,0.5714285714285714
LASI_ax3,35,0.5882352941176471,0.5714285714285714
LASI_ax3,36,0.5882352941176471,0.5714285714285714
LASI_ax3,37,0.5882352941176471,0.5714285714285714
LASI_ax3,38,0.5882352941176471,0.5714285714285714
LASI_ax3,39,0.5882352941176471,0.5714285714285714
LASI_ax3,40,0.5882352941176471,0.5714285714285714
LASI_ax3,41,0.5882352941176471,0.5714285714285714
LASI_ax3,42,0.5882352941176471,0.5714285714285714
LASI_ax3,43,0.5882352941176471,0.5714285714285714
LASI_ax3,44,0.5882352941176471,0.5714285714285714
LASI_ax3,45,0.5882352941176471,0.5714285714285714
LASI_ax3,46,0.5882352941176471,0.5714285714285714
LASI_ax3,47,0.5882352941176471,0.5714285714285714
LASI_ax3,48,0.5882352941176471,0.5714285714285714
LASI_ax3,49,0.5882352941176471,0.5714285714285714
LASI_ax3,50,0.5882352941176471,0.5714285714285714
LASI_ax3,51,0.5294117647058824,0.5714285714285714
LASI_ax3,52,0.5294117647058824,0.5714285714285714
LASI_ax3,53,0.5294117647058824,0.5714285714285714
LASI_ax3,54,0.5294117647058824,0.5714285714285714
LASI_ax3,55,0.5294117647058824,0.5714285714285714
LASI_ax3,56,0.5294117647058824,0.5714285714285714
LASI_ax3,57,0.5294117647058824,0.5714285714285714
LASI_ax3,58,0.5294117647058824,0.5714285714285714
LASI_ax3,59,0.5294117647058824,0.5714285714285714
LASI_ax3,60,0.5294117647058824,0.5714285714285714
LASI_ax3,61,0.5294117647058824,0.5714285714285714
LASI_ax3,62,0.5294117647058824,0.5714285714285714
LASI_ax3,63,0.5294117647058824,0.5714285714285714
LASI_ax3,64,0.5294117647058824,0.5714285714285714
LASI_ax3,65,0.5294117647058824,0.5714285714285714
LASI_ax3,66,0.5294117647058824,0.5714285714285714
LASI_ax3,67,0.5294117647058824,0.5714285714285714
LASI_ax3,68,0.5294117647058824,0.5714285714285714
LASI_ax3,69,0.5294117647058824,0.5714285714285714
LASI_ax3,70,0.5294117647058824,0.5714285714285714
LASI_ax3,71,0.5294117647058824,0.5714285714285714
LASI_ax3,72,0.5294117647058824,0.5714285714285714
LASI_ax3,73,0.5294117647058824,0.5714285714285714
LASI_ax3,74,0.5294117647058824,0.5714285714285714
LASI_ax3,75,0.5294117647058824,0.5714285714285714
LASI_ax3,76,0.5294117647058824,0.5714285714285714
LASI_ax3,77,0.5294117647058824,0.5714285714285714
LASI_ax3,78,0.5294117647058824,0.5714285714285714
LASI_ax3,79,0.5294117647058824,0.5714285714285714
LASI_ax3,80,0.5882352941176471,0.5714285714285714
LASI_ax3,81,0.5882352941176471,0.5714285714285714
LASI_ax3,82,0.5882352941176471,0.5714285714285714
LASI_ax3,83,0.5882352941176471,0.5714285714285714
LASI_ax3,84,0.5882352941176471,0.5714285714285714
LASI_ax3,85,0.5882352941176471,0.5714285714285714
LASI_ax3,86,0.5882352941176471,0.5714285714285714
LASI_ax3,87,0.5882352941176471,0.5714285714285714
LASI_ax3,88,0.5882352941176471,0.5714285714285714
LASI_ax3,89,0.5882352941176471,0.5714285714285714
LASI_ax3,90,0.5882352941176471,0.5714285714285714
LASI_ax3,91,0.5882352941176471,0.5714285714285714
LASI_ax3,92,0.5882352941176471,0.5714285714285714
LASI_ax3,93,0.5882352941176471,0.5714285714285714
LASI_ax3,94,0.5882352941176471,0.5714285714285714
LASI_ax3,95,0.5882352941176471,0.5714285714285714
LASI_ax3,96,0.5882352941176471,0.5714285714285714
LASI_ax3,97,0.5882352941176471,0.5714285714285714
LASI_ax3,98,0.5882352941176471,0.5714285714285714
LASI_ax3,99,0.5882352941176471,0.5714285714285714
LASI_ax3,100,0.5882352941176471,0.5714285714285714
RASI_ax1,0,0.6470588235294118,0.7142857142857143
RASI_ax1,1,0.6470588235294118,0.6428571428571429
RASI_ax1,2,0.6470588235294118,0.7142857142857143
RASI_ax1,3,0.6470588235294118,0.7142857142857143
RASI_ax1,4,0.7058823529411765,0.5714285714285714
RASI_ax1,5,0.6470588235294118,0.5714285714285714
RASI_ax1,6,0.7058823529411765,0.5714285714285714
RASI_ax1,7,0.7058823529411765,0.5714285714285714
RASI_ax1,8,0.7058823529411765,0.5714285714285714
RASI_ax1,9,0.5882352941176471,0.5
RASI_ax1,10,0.5882352941176471,0.5714285714285714
RASI_ax1,11,0.5882352941176471,0.5714285714285714
RASI_ax1,12,0.5882352941176471,0.5714285714285714
RASI_ax1,13,0.5294117647058824,0.6428571428571429
RASI_ax1,14,0.5294117647058824,0.6428571428571429
RASI_ax1,15,0.5882352941176471,0.6428571428571429
RASI_ax1,16,0.5882352941176471,0.5714285714285714
RASI_ax1,17,0.5294117647058824,0.5
RASI_ax1,18,0.5294117647058824,0.6428571428571429
RASI_ax1,19,0.5294117647058824,0.6428571428571429
RASI_ax1,20,0.5294117647058824,0.5714285714285714
RASI_ax1,21,0.5294117647058824,0.5
RASI_ax1,22,0.5294117647058824,0.5
RASI_ax1,23,0.5294117647058824,0.5714285714285714
RASI_ax1,24,0.5882352941176471,0.5714285714285714
RASI_ax1,25,0.5882352941176471,0.5714285714285714
RASI_ax1,26,0.5882352941176471,0.5714285714285714
RASI_ax1,27,0.5294117647058824,0.5714285714285714
RASI_ax1,28,0.5294117647058824,0.5714285714285714
RASI_ax1,29,0.5294117647058824,0.6428571428571429
RASI_ax1,30,0.5294117647058824,0.7142857142857143
RASI_ax1,31,0.5294117647058824,0.7142857142857143
RASI_ax1,32,0.5294117647058824,0.7857142857142857
RASI_ax1,33,0.5294117647058824,0.7857142857142857
RASI_ax1,34,0.5294117647058824,0.7857142857142857
RASI_ax1,35,0.5882352941176471,0.7857142857142857
RASI_ax1,36,0.5882352941176471,0.6428571428571429
RASI_ax1,37,0.6470588235294118,0.5714285714285714
RASI_ax1,38,0.6470588235294118,0.5714285714285714
RASI_ax1,39,0.5882352941176471,0.5714285714285714
RASI_ax1,40,0.5882352941176471,0.5714285714285714
RASI_ax1,41,0.5882352941176471,0.5714285714285714
RASI_ax1,42,0.5294117647058824,0.5
RASI_ax1,43,0.5294117647058824,0.5714285714285714
RASI_ax1,44,0.5882352941176471,0.5714285714285714
RASI_ax1,45,0.5882352941176471,0.5714285714285714
RASI_ax1,46,0.5882352941176471,0.5714285714285714
RASI_ax1,47,0.6470588235294118,0.5714285714285714
RASI_ax1,48,0.5882352941176471,0.6428571428571429
RASI_ax1,49,0.5882352941176471,0.6428571428571429
RASI_ax1,50,0.6470588235294118,0.7142857142857143
RASI_ax1,51,0.6470588235294118,0.7142857142857143
RASI_ax1,52,0.6470588235294118,0.7142857142857143
RASI_ax1,53,0.6470588235294118,0.7142857142857143
RASI_ax1,54,0.5882352941176471,0.7142857142857143
RASI_ax1,55,0.5882352941176471,0.7142857142857143
RASI_ax1,56,0.5294117647058824,0.7142857142857143
RASI_ax1,57,0.5294117647058824,0.7142857142857143
RASI_ax1,58,0.5294117647058824,0.7857142857142857
RASI_ax1,59,0.5294117647058824,0.7857142857142857
RASI_ax1,60,0.5294117647058824,0.7142857142857143
RASI_ax1,61,0.5294117647058824,0.7142857142857143
RASI_ax1,62,0.5294117647058824,0.6428571428571429
RASI_ax1,63,0.5294117647058824,0.6428571428571429
RASI_ax1,64,0.5294117647058824,0.7142857142857143
RASI_ax1,65,0.5294117647058824,0.7142857142857143
RASI_ax1,66,0.5294117647058824,0.7142857142857143
RASI_ax1,67,0.5294117647058824,0.7142857142857143
RASI_ax1,68,0.5294117647058824,0.6428571428571429
RASI_ax1,69,0.5294117647058824,0.5714285714285714
RASI_ax1,70,0.5294117647058824,0.5714285714285714
RASI_ax1,71,0.5882352941176471,0.5
RASI_ax1,72,0.5882352941176471,0.5
RASI_ax1,73,0.6470588235294118,0.5
RASI_ax1,74,0.6470588235294118,0.5714285714285714
RASI_ax1,75,0.6470588235294118,0.6428571428571429
RASI_ax1,76,0.6470588235294118,0.6428571428571429
RASI_ax1,77,0.6470588235294118,0.6428571428571429
RASI_ax1,78,0.6470588235294118,0.7142857142857143
RASI_ax1,79,0.6470588235294118,0.7142857142857143
RASI_ax1,80,0.6470588235294118,0.7142857142857143
RASI_ax1,81,0.6470588235294118,0.7142857142857143
RASI_ax1,82,0.6470588235294118,0.7142857142857143
RASI_ax1,83,0.6470588235294118,0.7142857142857143
RASI_ax1,84,0.6470588235294118,0.7142857142857143
RASI_ax1,85,0.6470588235294118,0.7142857142857143
RASI_ax1,86,0.5882352941176471,0.7142857142857143
RASI_ax1,87,0.5882352941176471,0.7142857142857143
RASI_ax1,88,0.5882352941176471,0.7142857142857143
RASI_ax1,89,0.6470588235294118,0.7142857142857143
RASI_ax1,90,0.6470588235294118,0.7142857142857143
RASI_ax1,91,0.6470588235294118,0.7142857142857143
RASI_ax1,92,0.5882352941176471,0.7142857142857143
RASI_ax1,93,0.5882352941176471,0.7142857142857143
RASI_ax1,94,0.5882352941176471,0.7142857142857143
RASI_ax1,95,0.5882352941176471,0.7142857142857143
RASI_ax1,96,0.5882352941176471,0.7142857142857143
RASI_ax1,97,0.5882352941176471,0.7142857142857143
RASI_ax1,98,0.5882352941176471,0.7142857142857143
RASI_ax1,99,0.5882352941176471,0.6428571428571429
RASI_ax1,100,0.5882352941176471,0.6428571428571429
RASI_ax2,0,0.5294117647058824,0.5714285714285714
RASI_ax2,1,0.5294117647058824,0.5714285714285714
RASI_ax2,2,0.5294117647058824,0.5714285714285714
RASI_ax2,3,0.5294117647058824,0.5714285714285714
RASI_ax2,4,0.5294117647058824,0.5714285714285714
RASI_ax2,5,0.5294117647058824,0.5714285714285714
RASI_ax2,6,0.5294117647058824,0.5714285714285714
RASI_ax2,7,0.5294117647058824,0.5
RASI_ax2,8,0.5294117647058824,0.5
RASI_ax2,9,0.5294117647058824,0.5
RASI_ax2,10,0.5294117647058824,0.6428571428571429
RASI_ax2,11,0.5294117647058824,0.6428571428571429
RASI_ax2,12,0.5294117647058824,0.6428571428571429
RASI_ax2,13,0.5294117647058824,0.5714285714285714
RASI_ax2,14,0.5294117647058824,0.5
RASI_ax2,15,0.5294117647058824,0.5714285714285714
RASI_ax2,16,0.5294117647058824,0.5714285714285714
RASI_ax2,17,0.5294117647058824,0.6428571428571429
RASI_ax2,18,0.5294117647058824,0.6428571428571429
RASI_ax2,19,0.5294117647058824,0.6428571428571429
RASI_ax2,20,0.5294117647058824,0.5714285714285714
RASI_ax2,21,0.5294117647058824,0.5714285714285714
RASI_ax2,22,0.5294117647058824,0.5714285714285714
RASI_ax2,23,0.5294117647058824,0.5714285714285714
RASI_ax2,24,0.5294117647058824,0.5714285714285714
RASI_ax2,25,0.5294117647058824,0.5714285714285714
RASI_ax2,26,0.5294117647058824,0.5714285714285714
RASI_ax2,27,0.5294117647058824,0.5714285714285714
RASI_ax2,28,0.5294117647058824,0.5714285714285714
RASI_ax2,29,0.5294117647058824,0.5714285714285714
RASI_ax2,30,0.5294117647058824,0.5714285714285714
RASI_ax2,31,0.5294117647058824,0.5714285714285714
RASI_ax2,32,0.5294117647058824,0.5714285714285714
RASI_ax2,33,0.5294117647058824,0.5714285714285714
RASI_ax2,34,0.5294117647058824,0.5714285714285714
RASI_ax2,35,0.5294117647058824,0.5714285714285714
RASI_ax2,36,0.5294117647058824,0.5714285714285714
RASI_ax2,37,0.5294117647058824,0.5714285714285714
RASI_ax2,38,0.5294117647058824,0.5714285714285714
RASI_ax2,39,0.5294117647058824,0.5714285714285714
RASI_ax2,40,0.5294117647058824,0.5714285714285714
RASI_ax2,41,0.5294117647058824,0.5714285714285714
RASI_ax2,42,0.5294117647058824,0.5714285714285714
RASI_ax2,43,0.5294117647058824,0.5714285714285714
RASI_ax2,44,0.5294117647058824,0.5714285714285714
RASI_ax2,45,0.5294117647058824,0.5714285714285714
RASI_ax2,46,0.5294117647058824,0.5714285714285714
RASI_ax2,47,0.5294117647058824,0.5714285714285714
RASI_ax2,48,0.5294117647058824,0.5714285714285714
RASI_ax2,49,0.5294117647058824,0.5714285714285714
RASI_ax2,50,0.5294117647058824,0.5714285714285714
RASI_ax2,51,0.5294117647058824,0.5714285714285714
RASI_ax2,52,0.5294117647058824,0.5714285714285714
RASI_ax2,53,0.5294117647058824,0.5714285714285714
RASI_ax2,54,0.5294117647058824,0.5714285714285714
RASI_ax2,55,0.5294117647058824,0.5
RASI_ax2,56,0.5294117647058824,0.5
RASI_ax2,57,0.5294117647058824,0.5
RASI_ax2,58,0.5294117647058824,0.5
RASI_ax2,59,0.5294117647058824,0.5
RASI_ax2,60,0.5294117647058824,0.5
RASI_ax2,61,0.5294117647058824,0.5
RASI_ax2,62,0.5294117647058824,0.5
RASI_ax2,63,0.5294117647058824,0.5
RASI_ax2,64,0.5294117647058824,0.5
RASI_ax2,65,0.5882352941176471,0.5
RASI_ax2,66,0.5294117647058824,0.5
RASI_ax2,67,0.5294117647058824,0.5
RASI_ax2,68,0.5294117647058824,0.5
RASI_ax2,69,0.5294117647058824,0.5
RASI_ax2,70,0.5294117647058824,0.5
RASI_ax2,71,0.5294117647058824,0.5
RASI_ax2,72,0.5294117647058824,0.5
RASI_ax2,73,0.5294117647058824,0.5
RASI_ax2,74,0.5294117647058824,0.5
RASI_ax2,75,0.5294117647058824,0.5
RASI_ax2,76,0.5294117647058824,0.5714285714285714
RASI_ax2,77,0.5294117647058824,0.5714285714285714
RASI_ax2,78,0.5294117647058824,0.5714285714285714
RASI_ax2,79,0.5294117647058824,0.5714285714285714
RASI_ax2,80,0.5294117647058824,0.5714285714285714
RASI_ax2,81,0.5294117647058824,0.5714285714285714
RASI_ax2,82,0.5294117647058824,0.5714285714285714
RASI_ax2,83,0.5294117647058824,0.5714285714285714
RASI_ax2,84,0.5294117647058824,0.5714285714285714
RASI_ax2,85,0.5294117647058824,0.5714285714285714
RASI_ax2,86,0.5294117647058824,0.5714285714285714
RASI_ax2,87,0.5294117647058824,0.5714285714285714
RASI_ax2,88,0.5294117647058824,0.5714285714285714
RASI_ax2,89,0.5294117647058824,0.5714285714285714
RASI_ax2,90,0.5294117647058824,0.5714285714285714
RASI_ax2,91,0.5294117647058824,0.5714285714285714
RASI_ax2,92,0.5294117647058824,0.5714285714285714
RASI_ax2,93,0.5294117647058824,0.5714285714285714
RASI_ax2,94,0.5294117647058824,0.5714285714285714
RASI_ax2,95,0.5294117647058824,0.5714285714285714
RASI_ax2,96,0.5294117647058824,0.5714285714285714
RASI_ax2,97,0.5294117647058824,0.5714285714285714
RASI_ax2,98,0.5294117647058824,0.5714285714285714
RASI_ax2,99,0.5294117647058824,0.5714285714285714
RASI_ax2,100,0.5294117647058824,0.5
RASI_ax3,0,0.5882352941176471,0.6428571428571429
RASI_ax3,1,0.5882352941176471,0.6428571428571429
RASI_ax3,2,0.5882352941176471,0.6428571428571429
RASI_ax3,3,0.5882352941176471,0.6428571428571429
RASI_ax3,4,0.5882352941176471,0.6428571428571429
RASI_ax3,5,0.5882352941176471,0.6428571428571429
RASI_ax3,6,0.5882352941176471,0.6428571428571429
RASI_ax3,7,0.5882352941176471,0.6428571428571429
RASI_ax3,8,0.5882352941176471,0.6428571428571429
RASI_ax3,9,0.5882352941176471,0.6428571428571429
RASI_ax3,10,0.5882352941176471,0.6428571428571429
RASI_ax3,11,0.5882352941176471,0.5714285714285714
RASI_ax3,12,0.5882352941176471,0.5714285714285714
RASI_ax3,13,0.5882352941176471,0.5714285714285714
RASI_ax3,14,0.5882352941176471,0.5714285714285714
RASI_ax3,15,0.5882352941176471,0.6428571428571429
RASI_ax3,16,0.5882352941176471,0.6428571428571429
RASI_ax3,17,0.5882352941176471,0.5714285714285714
RASI_ax3,18,0.5882352941176471,0.5714285714285714
RASI_ax3,19,0.5882352941176471,0.5714285714285714
RASI_ax3,20,0.5882352941176471,0.5714285714285714
RASI_ax3,21,0.5882352941176471,0.5714285714285714
RASI_ax3,22,0.5882352941176471,0.5714285714285714
RASI_ax3,23,0.5882352941176471,0.5714285714285714
RASI_ax3,24,0.5882352941176471,0.6428571428571429
RASI_ax3,25,0.5882352941176471,0.6428571428571429
RASI_ax3,26,0.5882352941176471,0.5714285714285714
RASI_ax3,27,0.5882352941176471,0.5714285714285714
RASI_ax3,28,0.5882352941176471,0.5714285714285714
RASI_ax3,29,0.5882352941176471,0.5714285714285714
RASI_ax3,30,0.5882352941176471,0.5714285714285714
RASI_ax3,31,0.5882352941176471,0.5
RASI_ax3,32,0.5294117647058824,0.5
RASI_ax3,33,0.5294117647058824,0.5
RASI_ax3,34,0.5294117647058824,0.5
RASI_ax3,35,0.5294117647058824,0.5
RASI_ax3,36,0.5294117647058824,0.5
RASI_ax3,37,0.5294117647058824,0.5
RASI_ax3,38,0.5294117647058824,0.5714285714285714
RASI_ax3,39,0.5294117647058824,0.5714285714285714
RASI_ax3,40,0.5294117647058824,0.5714285714285714
RASI_ax3,41,0.5294117647058824,0.5714285714285714
RASI_ax3,42,0.5294117647058824,0.5714285714285714
RASI_ax3,43,0.5294117647058824,0.5714285714285714
RASI_ax3,44,0.5294117647058824,0.6428571428571429
RASI_ax3,45,0.5882352941176471,0.6428571428571429
RASI_ax3,46,0.5882352941176471,0.6428571428571429
RASI_ax3,47,0.5882352941176471,0.6428571428571429
RASI_ax3,48,0.5882352941176471,0.6428571428571429
RASI_ax3,49,0.5882352941176471,0.6428571428571429
RASI_ax3,50,0.5882352941176471,0.6428571428571429
RASI_ax3,51,0.5882352941176471,0.6428571428571429
RASI_ax3,52,0.5882352941176471,0.5714285714285714
RASI_ax3,53,0.5882352941176471,0.5714285714285714
RASI_ax3,54,0.5882352941176471,0.6428571428571429
RASI_ax3,55,0.5882352941176471,0.6428571428571429
RASI_ax3,56,0.5882352941176471,0.6428571428571429
RASI_ax3,57,0.5882352941176471,0.6428571428571429
RASI_ax3,58,0.5882352941176471,0.6428571428571429
RASI_ax3,59,0.5882352941176471,0.5714285714285714
RASI_ax3,60,0.5882352941176471,0.5714285714285714
RASI_ax3,61,0.5882352941176471,0.5714285714285714
RASI_ax3,62,0.5882352941176471,0.5714285714285714
RASI_ax3,63,0.5882352941176471,0.5714285714285714
RASI_ax3,64,0.5882352941176471,0.5714285714285714
RASI_ax3,65,0.5882352941176471,0.5714285714285714
RASI_ax3,66,0.5882352941176471,0.5714285714285714
RASI_ax3,67,0.5882352941176471,0.6428571428571429
RASI_ax3,68,0.5882352941176471,0.7142857142857143
RASI_ax3,69,0.5882352941176471,0.7142857142857143
RASI_ax3,70,0.5882352941176471,0.7142857142857143
RASI_ax3,71,0.5882352941176471,0.7142857142857143
RASI_ax3,72,0.5882352941176471,0.7142857142857143
RASI_ax3,73,0.5882352941176471,0.7142857142857143
RASI_ax3,74,0.5882352941176471,0.6428571428571429
RASI_ax3,75,0.5882352941176471,0.6428571428571429
RASI_ax3,76,0.5882352941176471,0.5714285714285714
RASI_ax3,77,0.5882352941176471,0.5
RASI_ax3,78,0.5882352941176471,0.5
RASI_ax3,79,0.5882352941176471,0.5
RASI_ax3,80,0.5882352941176471,0.5
RASI_ax3,81,0.5294117647058824,0.5
RASI_ax3,82,0.5294117647058824,0.5
RASI_ax3,83,0.5294117647058824,0.5
RASI_ax3,84,0.5294117647058824,0.5
RASI_ax3,85,0.5294117647058824,0.5
RASI_ax3,86,0.5294117647058824,0.5
RASI_ax3,87,0.5294117647058824,0.5714285714285714
RASI_ax3,88,0.5294117647058824,0.5714285714285714
RASI_ax3,89,0.5294117647058824,0.5714285714285714
RASI_ax3,90,0.5294117647058824,0.5714285714285714
RASI_ax3,91,0.5294117647058824,0.5714285714285714
RASI_ax3,92,0.5294117647058824,0.5714285714285714
RASI_ax3,93,0.5294117647058824,0.6428571428571429
RASI_ax3,94,0.5294117647058824,0.6428571428571429
RASI_ax3,95,0.5294117647058824,0.6428571428571429
RASI_ax3,96,0.5294117647058824,0.6428571428571429
RASI_ax3,97,0.5294117647058824,0.6428571428571429
RASI_ax3,98,0.5294117647058824,0.6428571428571429
RASI_ax3,99,0.5882352941176471,0.6428571428571429
RASI_ax3,100,0.5882352941176471,0.6428571428571429
LPSI_ax1,0,0.5294117647058824,0.7142857142857143
LPSI_ax1,1,0.5294117647058824,0.6428571428571429
LPSI_ax1,2,0.5294117647058824,0.5714285714285714
LPSI_ax1,3,0.5294117647058824,0.5714285714285714
LPSI_ax1,4,0.5294117647058824,0.5714285714285714
LPSI_ax1,5,0.5294117647058824,0.7142857142857143
LPSI_ax1,6,0.5294117647058824,0.6428571428571429
LPSI_ax1,7,0.5882352941176471,0.5714285714285714
LPSI_ax1,8,0.5294117647058824,0.5714285714285714
LPSI_ax1,9,0.5294117647058824,0.5714285714285714
LPSI_ax1,10,0.5882352941176471,0.5
LPSI_ax1,11,0.5882352941176471,0.5714285714285714
LPSI_ax1,12,0.7058823529411765,0.6428571428571429
LPSI_ax1,13,0.7058823529411765,0.6428571428571429
LPSI_ax1,14,0.7058823529411765,0.6428571428571429
LPSI_ax1,15,0.6470588235294118,0.6428571428571429
LPSI_ax1,16,0.5882352941176471,0.7142857142857143
LPSI_ax1,17,0.5882352941176471,0.7142857142857143
LPSI_ax1,18,0.6470588235294118,0.5714285714285714
LPSI_ax1,19,0.6470588235294118,0.5
LPSI_ax1,20,0.5882352941176471,0.5
LPSI_ax1,21,0.5882352941176471,0.5
LPSI_ax1,22,0.5882352941176471,0.5
LPSI_ax1,23,0.5294117647058824,0.5
LPSI_ax1,24,0.5294117647058824,0.5714285714285714
LPSI_ax1,25,0.5294117647058824,0.5
LPSI_ax1,26,0.5882352941176471,0.5
LPSI_ax1,27,0.5294117647058824,0.5
LPSI_ax1,28,0.5882352941176471,0.5714285714285714
LPSI_ax1,29,0.6470588235294118,0.5714285714285714
LPSI_ax1,30,0.5882352941176471,0.5714285714285714
LPSI_ax1,31,0.5294117647058824,0.5
LPSI_ax1,32,0.5882352941176471,0.5714285714285714
LPSI_ax1,33,0.5882352941176471,0.5714285714285714
LPSI_ax1,34,0.5882352941176471,0.5714285714285714
LPSI_ax1,35,0.5882352941176471,0.5714285714285714
LPSI_ax1,36,0.5882352941176471,0.5714285714285714
LPSI_ax1,37,0.5882352941176471,0.5714285714285714
LPSI_ax1,38,0.5294117647058824,0.5
LPSI_ax1,39,0.5294117647058824,0.5
LPSI_ax1,40,0.5294117647058824,0.5714285714285714
LPSI_ax1,41,0.5294117647058824,0.5714285714285714
LPSI_ax1,42,0.5294117647058824,0.5714285714285714
LPSI_ax1,43,0.5294117647058824,0.5714285714285714
LPSI_ax1,44,0.5294117647058824,0.6428571428571429
LPSI_ax1,45,0.5294117647058824,0.7142857142857143
LPSI_ax1,46,0.5882352941176471,0.7142857142857143
LPSI_ax1,47,0.5882352941176471,0.7142857142857143
LPSI_ax1,48,0.5882352941176471,0.7142857142857143
LPSI_ax1,49,0.5882352941176471,0.7142857142857143
LPSI_ax1,50,0.5882352941176471,0.7142857142857143
LPSI_ax1,51,0.5882352941176471,0.5714285714285714
LPSI_ax1,52,0.5294117647058824,0.5714285714285714
LPSI_ax1,53,0.5294117647058824,0.5714285714285714
LPSI_ax1,54,0.5294117647058824,0.5
LPSI_ax1,55,0.5882352941176471,0.5714285714285714
LPSI_ax1,56,0.5882352941176471,0.5714285714285714
LPSI_ax1,57,0.5882352941176471,0.5714285714285714
LPSI_ax1,58,0.6470588235294118,0.6428571428571429
LPSI_ax1,59,0.5882352941176471,0.6428571428571429
LPSI_ax1,60,0.5882352941176471,0.6428571428571429
LPSI_ax1,61,0.6470588235294118,0.6428571428571429
LPSI_ax1,62,0.6470588235294118,0.6428571428571429
LPSI_ax1,63,0.6470588235294118,0.6428571428571429
LPSI_ax1,64,0.6470588235294118,0.7142857142857143
LPSI_ax1,65,0.6470588235294118,0.7142857142857143
LPSI_ax1,66,0.6470588235294118,0.7142857142857143
LPSI_ax1,67,0.6470588235294118,0.6428571428571429
LPSI_ax1,68,0.6470588235294118,0.6428571428571429
LPSI_ax1,69,0.5882352941176471,0.7142857142857143
LPSI_ax1,70,0.5882352941176471,0.7142857142857143
LPSI_ax1,71,0.5882352941176471,0.7142857142857143
LPSI_ax1,72,0.5294117647058824,0.7142857142857143
LPSI_ax1,73,0.5294117647058824,0.7142857142857143
LPSI_ax1,74,0.5294117647058824,0.6428571428571429
LPSI_ax1,75,0.5294117647058824,0.5714285714285714
LPSI_ax1,76,0.5294117647058824,0.5714285714285714
LPSI_ax1,77,0.5294117647058824,0.5714285714285714
LPSI_ax1,78,0.5294117647058824,0.5714285714285714
LPSI_ax1,79,0.5294117647058824,0.7142857142857143
LPSI_ax1,80,0.5294117647058824,0.7857142857142857
LPSI_ax1,81,0.5294117647058824,0.7857142857142857
LPSI_ax1,82,0.5294117647058824,0.7857142857142857
LPSI_ax1,83,0.5294117647058824,0.7857142857142857
LPSI_ax1,84,0.5882352941176471,0.7857142857142857
LPSI_ax1,85,0.5882352941176471,0.7857142857142857
LPSI_ax1,86,0.5882352941176471,0.6428571428571429
LPSI_ax1,87,0.6470588235294118,0.6428571428571429
LPSI_ax1,88,0.6470588235294118,0.6428571428571429
LPSI_ax1,89,0.7058823529411765,0.6428571428571429
LPSI_ax1,90,0.7058823529411765,0.6428571428571429
LPSI_ax1,91,0.7058823529411765,0.6428571428571429
LPSI_ax1,92,0.7058823529411765,0.6428571428571429
LPSI_ax1,93,0.7058823529411765,0.6428571428571429
LPSI_ax1,94,0.7058823529411765,0.7142857142857143
LPSI_ax1,95,0.7058823529411765,0.7142857142857143
LPSI_ax1,96,0.7058823529411765,0.7142857142857143
LPSI_ax1,97,0.7058823529411765,0.7142857142857143
LPSI_ax1,98,0.7058823529411765,0.7142857142857143
LPSI_ax1,99,0.7058823529411765,0.7142857142857143
LPSI_ax1,100,0.7058823529411765,0.7142857142857143
LPSI_ax2,0,0.5882352941176471,0.6428571428571429
LPSI_ax2,1,0.5882352941176471,0.6428571428571429
LPSI_ax2,2,0.5882352941176471,0.7142857142857143
LPSI_ax2,3,0.5882352941176471,0.7142857142857143
LPSI_ax2,4,0.5882352941176471,0.7142857142857143
LPSI_ax2,5,0.5882352941176471,0.7142857142857143
LPSI_ax2,6,0.5882352941176471,0.7142857142857143
LPSI_ax2,7,0.5882352941176471,0.5714285714285714
LPSI_ax2,8,0.5294117647058824,0.5714285714285714
LPSI_ax2,9,0.5294117647058824,0.5714285714285714
LPSI_ax2,10,0.5294117647058824,0.5
LPSI_ax2,11,0.5294117647058824,0.5
LPSI_ax2,12,0.5294117647058824,0.5714285714285714
LPSI_ax2,13,0.5294117647058824,0.6428571428571429
LPSI_ax2,14,0.5294117647058824,0.6428571428571429
LPSI_ax2,15,0.5294117647058824,0.6428571428571429
LPSI_ax2,16,0.5882352941176471,0.6428571428571429
LPSI_ax2,17,0.5882352941176471,0.6428571428571429
LPSI_ax2,18,0.5882352941176471,0.5714285714285714
LPSI_ax2,19,0.5882352941176471,0.5714285714285714
LPSI_ax2,20,0.5882352941176471,0.5714285714285714
LPSI_ax2,21,0.5882352941176471,0.5
LPSI_ax2,22,0.5294117647058824,0.5
LPSI_ax2,23,0.5294117647058824,0.5
LPSI_ax2,24,0.5294117647058824,0.5
LPSI_ax2,25,0.5294117647058824,0.5
LPSI_ax2,26,0.5294117647058824,0.5
LPSI_ax2,27,0.5294117647058824,0.5
LPSI_ax2,28,0.5294117647058824,0.5
LPSI_ax2,29,0.5294117647058824,0.5
LPSI_ax2,30,0.5294117647058824,0.5
LPSI_ax2,31,0.5294117647058824,0.5
LPSI_ax2,32,0.5294117647058824,0.5
LPSI_ax2,33,0.5294117647058824,0.5
LPSI_ax2,34,0.5294117647058824,0.5
LPSI_ax2,35,0.5294117647058824,0.5
LPSI_ax2,36,0.5294117647058824,0.5
LPSI_ax2,37,0.5294117647058824,0.5
LPSI_ax2,38,0.5294117647058824,0.5
LPSI_ax2,39,0.5294117647058824,0.5
LPSI_ax2,40,0.5294117647058824,0.5
LPSI_ax2,41,0.5294117647058824,0.5
LPSI_ax2,42,0.5294117647058824,0.5
LPSI_ax2,43,0.5294117647058824,0.5
LPSI_ax2,44,0.5882352941176471,0.5
LPSI_ax2,45,0.5294117647058824,0.5
LPSI_ax2,46,0.5294117647058824,0.5714285714285714
LPSI_ax2,47,0.5294117647058824,0.5714285714285714
LPSI_ax2,48,0.5294117647058824,0.5714285714285714
LPSI_ax2,49,0.5882352941176471,0.6428571428571429
LPSI_ax2,50,0.5882352941176471,0.6428571428571429
LPSI_ax2,51,0.5882352941176471,0.6428571428571429
LPSI_ax2,52,0.5882352941176471,0.6428571428571429
LPSI_ax2,53,0.5882352941176471,0.7142857142857143
LPSI_ax2,54,0.5882352941176471,0.6428571428571429
LPSI_ax2,55,0.5882352941176471,0.5714285714285714
LPSI_ax2,56,0.5882352941176471,0.5714285714285714
LPSI_ax2,57,0.5882352941176471,0.5714285714285714
LPSI_ax2,58,0.5882352941176471,0.5714285714285714
LPSI_ax2,59,0.5294117647058824,0.5714285714285714
LPSI_ax2,60,0.5294117647058824,0.5714285714285714
LPSI_ax2,61,0.5294117647058824,0.5714285714285714
LPSI_ax2,62,0.5294117647058824,0.5714285714285714
LPSI_ax2,63,0.5294117647058824,0.7142857142857143
LPSI_ax2,64,0.5294117647058824,0.7142857142857143
LPSI_ax2,65,0.5294117647058824,0.7142857142857143
LPSI_ax2,66,0.5294117647058824,0.7142857142857143
LPSI_ax2,67,0.5294117647058824,0.7142857142857143
LPSI_ax2,68,0.5294117647058824,0.7142857142857143
LPSI_ax2,69,0.5294117647058824,0.7142857142857143
LPSI_ax2,70,0.5294117647058824,0.7142857142857143
LPSI_ax2,71,0.5294117647058824,0.6428571428571429
LPSI_ax2,72,0.5294117647058824,0.5714285714285714
LPSI_ax2,73,0.5294117647058824,0.5
LPSI_ax2,74,0.5294117647058824,0.5
LPSI_ax2,75,0.5294117647058824,0.5714285714285714
LPSI_ax2,76,0.5294117647058824,0.5714285714285714
LPSI_ax2,77,0.5294117647058824,0.5714285714285714
LPSI_ax2,78,0.5294117647058824,0.5714285714285714
LPSI_ax2,79,0.5294117647058824,0.5714285714285714
LPSI_ax2,80,0.5294117647058824,0.5
LPSI_ax2,81,0.5294117647058824,0.5
LPSI_ax2,82,0.5294117647058824,0.5
LPSI_ax2,83,0.5294117647058824,0.5
LPSI_ax2,84,0.5294117647058824,0.5
LPSI_ax2,85,0.5294117647058824,0.5
LPSI_ax2,86,0.5294117647058824,0.5
LPSI_ax2,87,0.5294117647058824,0.5
LPSI_ax2,88,0.5294117647058824,0.5
LPSI_ax2,89,0.5294117647058824,0.5714285714285714
LPSI_ax2,90,0.5294117647058824,0.6428571428571429
LPSI_ax2,91,0.5294117647058824,0.6428571428571429
LPSI_ax2,92,0.5294117647058824,0.6428571428571429
LPSI_ax2,93,0.5294117647058824,0.6428571428571429
LPSI_ax2,94,0.5294117647058824,0.5714285714285714
LPSI_ax2,95,0.5294117647058824,0.5714285714285714
LPSI_ax2,96,0.5294117647058824,0.5714285714285714
LPSI_ax2,97,0.5294117647058824,0.5714285714285714
LPSI_ax2,98,0.5294117647058824,0.5714285714285714
LPSI_ax2,99,0.5294117647058824,0.5
LPSI_ax2,100,0.5294117647058824,0.5
LPSI_ax3,0,0.6470588235294118,0.5714285714285714
LPSI_ax3,1,0.6470588235294118,0.5714285714285714
LPSI_ax3,2,0.6470588235294118,0.5714285714285714
LPSI_ax3,3,0.6470588235294118,0.5714285714285714
LPSI_ax3,4,0.6470588235294118,0.5714285714285714
LPSI_ax3,5,0.6470588235294118,0.5714285714285714
LPSI_ax3,6,0.7058823529411765,0.5714285714285714
LPSI_ax3,7,0.7058823529411765,0.5714285714285714
LPSI_ax3,8,0.7058823529411765,0.5714285714285714
LPSI_ax3,9,0.7058823529411765,0.5714285714285714
LPSI_ax3,10,0.7058823529411765,0.5714285714285714
LPSI_ax3,11,0.7058823529411765,0.5714285714285714
LPSI_ax3,12,0.7058823529411765,0.5714285714285714
LPSI_ax3,13,0.7058823529411765,0.5714285714285714
LPSI_ax3,14,0.7058823529411765,0.5714285714285714
LPSI_ax3,15,0.6470588235294118,0.5714285714285714
LPSI_ax3,16,0.6470588235294118,0.5714285714285714
LPSI_ax3,17,0.6470588235294118,0.5714285714285714
LPSI_ax3,18,0.7058823529411765,0.5714285714285714
LPSI_ax3,19,0.7058823529411765,0.5714285714285714
LPSI_ax3,20,0.7058823529411765,0.5714285714285714
LPSI_ax3,21,0.7058823529411765,0.5714285714285714
LPSI_ax3,22,0.7058823529411765,0.5714285714285714
LPSI_ax3,23,0.7058823529411765,0.5714285714285714
LPSI_ax3,24,0.7058823529411765,0.5714285714285714
LPSI_ax3,25,0.7058823529411765,0.5714285714285714
LPSI_ax3,26,0.7058823529411765,0.6428571428571429
LPSI_ax3,27,0.7058823529411765,0.6428571428571429
LPSI_ax3,28,0.7058823529411765,0.6428571428571429
LPSI_ax3,29,0.7058823529411765,0.6428571428571429
LPSI_ax3,30,0.7058823529411765,0.6428571428571429
LPSI_ax3,31,0.6470588235294118,0.5714285714285714
LPSI_ax3,32,0.6470588235294118,0.5714285714285714
LPSI_ax3,33,0.6470588235294118,0.5714285714285714
LPSI_ax3,34,0.6470588235294118,0.5714285714285714
LPSI_ax3,35,0.6470588235294118,0.5714285714285714
LPSI_ax3,36,0.6470588235294118,0.5714285714285714
LPSI_ax3,37,0.6470588235294118,0.5714285714285714
LPSI_ax3,38,0.6470588235294118,0.5714285714285714
LPSI_ax3,39,0.7058823529411765,0.5714285714285714
LPSI_ax3,40,0.7058823529411765,0.5714285714285714
LPSI_ax3,41,0.7058823529411765,0.5714285714285714
LPSI_ax3,42,0.7058823529411765,0.5714285714285714
LPSI_ax3,43,0.7058823529411765,0.5714285714285714
LPSI_ax3,44,0.7058823529411765,0.5714285714285714
LPSI_ax3,45,0.6470588235294118,0.5714285714285714
LPSI_ax3,46,0.7058823529411765,0.5714285714285714
LPSI_ax3,47,0.6470588235294118,0.5714285714285714
LPSI_ax3,48,0.6470588235294118,0.5714285714285714
LPSI_ax3,49,0.7058823529411765,0.5714285714285714
LPSI_ax3,50,0.6470588235294118,0.5714285714285714
LPSI_ax3,51,0.6470588235294118,0.5714285714285714
LPSI_ax3,52,0.7058823529411765,0.5714285714285714
LPSI_ax3,53,0.7058823529411765,0.5714285714285714
LPSI_ax3,54,0.7058823529411765,0.5714285714285714
LPSI_ax3,55,0.7058823529411765,0.5714285714285714
LPSI_ax3,56,0.7058823529411765,0.5714285714285714
LPSI_ax3,57,0.7058823529411765,0.5714285714285714
LPSI_ax3,58,0.7058823529411765,0.5714285714285714
LPSI_ax3,59,0.7058823529411765,0.5714285714285714
LPSI_ax3,60,0.7058823529411765,0.6428571428571429
LPSI_ax3,61,0.7058823529411765,0.6428571428571429
LPSI_ax3,62,0.7058823529411765,0.6428571428571429
LPSI_ax3,63,0.7058823529411765,0.6428571428571429
LPSI_ax3,64,0.6470588235294118,0.6428571428571429
LPSI_ax3,65,0.6470588235294118,0.6428571428571429
LPSI_ax3,66,0.6470588235294118,0.6428571428571429
LPSI_ax3,67,0.6470588235294118,0.5714285714285714
LPSI_ax3,68,0.6470588235294118,0.5714285714285714
LPSI_ax3,69,0.6470588235294118,0.5714285714285714
LPSI_ax3,70,0.6470588235294118,0.5714285714285714
LPSI_ax3,71,0.6470588235294118,0.5714285714285714
LPSI_ax3,72,0.6470588235294118,0.5714285714285714
LPSI_ax3,73,0.5882352941176471,0.5714285714285714
LPSI_ax3,74,0.5882352941176471,0.6428571428571429
LPSI_ax3,75,0.5882352941176471,0.6428571428571429
LPSI_ax3,76,0.5882352941176471,0.6428571428571429
LPSI_ax3,77,0.5882352941176471,0.6428571428571429
LPSI_ax3,78,0.5882352941176471,0.6428571428571429
LPSI_ax3,79,0.5882352941176471,0.6428571428571429
LPSI_ax3,80,0.5882352941176471,0.5714285714285714
LPSI_ax3,81,0.5882352941176471,0.5714285714285714
LPSI_ax3,82,0.6470588235294118,0.5714285714285714
LPSI_ax3,83,0.6470588235294118,0.5714285714285714
LPSI_ax3,84,0.6470588235294118,0.5714285714285714
LPSI_ax3,85,0.6470588235294118,0.5714285714285714
LPSI_ax3,86,0.6470588235294118,0.5714285714285714
LPSI_ax3,87,0.6470588235294118,0.5714285714285714
LPSI_ax3,88,0.6470588235294118,0.5714285714285714
LPSI_ax3,89,0.6470588235294118,0.5714285714285714
LPSI_ax3,90,0.6470588235294118,0.5714285714285714
LPSI_ax3,91,0.6470588235294118,0.5714285714285714
LPSI_ax3,92,0.6470588235294118,0.5714285714285714
LPSI_ax3,93,0.5882352941176471,0.5714285714285714
LPSI_ax3,94,0.6470588235294118,0.5714285714285714
LPSI_ax3,95,0.6470588235294118,0.5714285714285714
LPSI_ax3,96,0.6470588235294118,0.5714285714285714
LPSI_ax3,97,0.6470588235294118,0.5714285714285714
LPSI_ax3,98,0.6470588235294118,0.5714285714285714
LPSI_ax3,99,0.6470588235294118,0.5714285714285714
LPSI_ax3,100,0.6470588235294118,0.5714285714285714
RPSI_ax1,0,0.5294117647058824,0.7142857142857143
RPSI_ax1,1,0.5294117647058824,0.7142857142857143
RPSI_ax1,2,0.5294117647058824,0.5714285714285714
RPSI_ax1,3,0.5294117647058824,0.6428571428571429
RPSI_ax1,4,0.5294117647058824,0.6428571428571429
RPSI_ax1,5,0.5294117647058824,0.6428571428571429
RPSI_ax1,6,0.5294117647058824,0.5714285714285714
RPSI_ax1,7,0.5294117647058824,0.5714285714285714
RPSI_ax1,8,0.5294117647058824,0.5
RPSI_ax1,9,0.5882352941176471,0.5714285714285714
RPSI_ax1,10,0.5882352941176471,0.5714285714285714
RPSI_ax1,11,0.5882352941176471,0.7142857142857143
RPSI_ax1,12,0.5882352941176471,0.7142857142857143
RPSI_ax1,13,0.6470588235294118,0.6428571428571429
RPSI_ax1,14,0.6470588235294118,0.7142857142857143
RPSI_ax1,15,0.6470588235294118,0.6428571428571429
RPSI_ax1,16,0.5882352941176471,0.7142857142857143
RPSI_ax1,17,0.6470588235294118,0.6428571428571429
RPSI_ax1,18,0.6470588235294118,0.5714285714285714
RPSI_ax1,19,0.6470588235294118,0.5
RPSI_ax1,20,0.5882352941176471,0.5
RPSI_ax1,21,0.5882352941176471,0.5
RPSI_ax1,22,0.5882352941176471,0.5
RPSI_ax1,23,0.5294117647058824,0.5
RPSI_ax1,24,0.5294117647058824,0.5
RPSI_ax1,25,0.5294117647058824,0.5
RPSI_ax1,26,0.5294117647058824,0.5
RPSI_ax1,27,0.5294117647058824,0.5
RPSI_ax1,28,0.5294117647058824,0.5714285714285714
RPSI_ax1,29,0.5882352941176471,0.6428571428571429
RPSI_ax1,30,0.5882352941176471,0.6428571428571429
RPSI_ax1,31,0.5294117647058824,0.5
RPSI_ax1,32,0.5294117647058824,0.5714285714285714
RPSI_ax1,33,0.5882352941176471,0.5714285714285714
RPSI_ax1,34,0.5882352941176471,0.6428571428571429
RPSI_ax1,35,0.5882352941176471,0.6428571428571429
RPSI_ax1,36,0.5882352941176471,0.5714285714285714
RPSI_ax1,37,0.5294117647058824,0.5714285714285714
RPSI_ax1,38,0.5294117647058824,0.5
RPSI_ax1,39,0.5294117647058824,0.5714285714285714
RPSI_ax1,40,0.5294117647058824,0.5714285714285714
RPSI_ax1,41,0.5294117647058824,0.5714285714285714
RPSI_ax1,42,0.5294117647058824,0.5714285714285714
RPSI_ax1,43,0.5294117647058824,0.5714285714285714
RPSI_ax1,44,0.5294117647058824,0.6428571428571429
RPSI_ax1,45,0.5294117647058824,0.7142857142857143
RPSI_ax1,46,0.5882352941176471,0.7142857142857143
RPSI_ax1,47,0.5882352941176471,0.7142857142857143
RPSI_ax1,48,0.5882352941176471,0.7142857142857143
RPSI_ax1,49,0.5882352941176471,0.7142857142857143
RPSI_ax1,50,0.5882352941176471,0.7142857142857143
RPSI_ax1,51,0.5882352941176471,0.6428571428571429
RPSI_ax1,52,0.5882352941176471,0.6428571428571429
RPSI_ax1,53,0.5294117647058824,0.6428571428571429
RPSI_ax1,54,0.5294117647058824,0.5
RPSI_ax1,55,0.5294117647058824,0.5714285714285714
RPSI_ax1,56,0.5882352941176471,0.5714285714285714
RPSI_ax1,57,0.5882352941176471,0.5714285714285714
RPSI_ax1,58,0.6470588235294118,0.6428571428571429
RPSI_ax1,59,0.5882352941176471,0.6428571428571429
RPSI_ax1,60,0.5882352941176471,0.6428571428571429
RPSI_ax1,61,0.5882352941176471,0.6428571428571429
RPSI_ax1,62,0.6470588235294118,0.6428571428571429
RPSI_ax1,63,0.6470588235294118,0.6428571428571429
RPSI_ax1,64,0.6470588235294118,0.7142857142857143
RPSI_ax1,65,0.6470588235294118,0.7142857142857143
RPSI_ax1,66,0.6470588235294118,0.6428571428571429
RPSI_ax1,67,0.6470588235294118,0.6428571428571429
RPSI_ax1,68,0.5882352941176471,0.6428571428571429
RPSI_ax1,69,0.5882352941176471,0.7142857142857143
RPSI_ax1,70,0.5294117647058824,0.7142857142857143
RPSI_ax1,71,0.5294117647058824,0.7142857142857143
RPSI_ax1,72,0.5294117647058824,0.7142857142857143
RPSI_ax1,73,0.5294117647058824,0.7142857142857143
RPSI_ax1,74,0.5294117647058824,0.7142857142857143
RPSI_ax1,75,0.5294117647058824,0.7142857142857143
RPSI_ax1,76,0.5294117647058824,0.6428571428571429
RPSI_ax1,77,0.5294117647058824,0.6428571428571429
RPSI_ax1,78,0.5294117647058824,0.6428571428571429
RPSI_ax1,79,0.5294117647058824,0.7142857142857143
RPSI_ax1,80,0.5294117647058824,0.7857142857142857
RPSI_ax1,81,0.5294117647058824,0.7857142857142857
RPSI_ax1,82,0.5294117647058824,0.7857142857142857
RPSI_ax1,83,0.5294117647058824,0.7857142857142857
RPSI_ax1,84,0.5294117647058824,0.7142857142857143
RPSI_ax1,85,0.5882352941176471,0.6428571428571429
RPSI_ax1,86,0.5882352941176471,0.6428571428571429
RPSI_ax1,87,0.5882352941176471,0.6428571428571429
RPSI_ax1,88,0.6470588235294118,0.6428571428571429
RPSI_ax1,89,0.7058823529411765,0.6428571428571429
RPSI_ax1,90,0.7058823529411765,0.6428571428571429
RPSI_ax1,91,0.7058823529411765,0.6428571428571429
RPSI_ax1,92,0.7058823529411765,0.6428571428571429
RPSI_ax1,93,0.7058823529411765,0.7142857142857143
RPSI_ax1,94,0.7058823529411765,0.7142857142857143
RPSI_ax1,95,0.7058823529411765,0.7142857142857143
RPSI_ax1,96,0.7058823529411765,0.7142857142857143
RPSI_ax1,97,0.7058823529411765,0.7142857142857143
RPSI_ax1,98,0.7058823529411765,0.7142857142857143
RPSI_ax1,99,0.7058823529411765,0.7142857142857143
RPSI_ax1,100,0.7058823529411765,0.7142857142857143
RPSI_ax2,0,0.5294117647058824,0.5714285714285714
RPSI_ax2,1,0.5294117647058824,0.5714285714285714
RPSI_ax2,2,0.5294117647058824,0.6428571428571429
RPSI_ax2,3,0.5294117647058824,0.6428571428571429
RPSI_ax2,4,0.5294117647058824,0.6428571428571429
RPSI_ax2,5,0.5294117647058824,0.6428571428571429
RPSI_ax2,6,0.5294117647058824,0.6428571428571429
RPSI_ax2,7,0.5294117647058824,0.5714285714285714
RPSI_ax2,8,0.5294117647058824,0.5
RPSI_ax2,9,0.5294117647058824,0.5
RPSI_ax2,10,0.5294117647058824,0.5
RPSI_ax2,11,0.5294117647058824,0.5
RPSI_ax2,12,0.5294117647058824,0.5
RPSI_ax2,13,0.5294117647058824,0.5
RPSI_ax2,14,0.5882352941176471,0.5
RPSI_ax2,15,0.5882352941176471,0.5
RPSI_ax2,16,0.5882352941176471,0.5
RPSI_ax2,17,0.5882352941176471,0.5714285714285714
RPSI_ax2,18,0.5882352941176471,0.5714285714285714
RPSI_ax2,19,0.5882352941176471,0.5714285714285714
RPSI_ax2,20,0.5882352941176471,0.5714285714285714
RPSI_ax2,21,0.5882352941176471,0.5714285714285714
RPSI_ax2,22,0.5882352941176471,0.5714285714285714
RPSI_ax2,23,0.5882352941176471,0.6428571428571429
RPSI_ax2,24,0.5882352941176471,0.5714285714285714
RPSI_ax2,25,0.5882352941176471,0.5714285714285714
RPSI_ax2,26,0.5882352941176471,0.5714285714285714
RPSI_ax2,27,0.5882352941176471,0.5714285714285714
RPSI_ax2,28,0.5882352941176471,0.5714285714285714
RPSI_ax2,29,0.5882352941176471,0.5714285714285714
RPSI_ax2,30,0.5882352941176471,0.5714285714285714
RPSI_ax2,31,0.5882352941176471,0.5714285714285714
RPSI_ax2,32,0.5882352941176471,0.5714285714285714
RPSI_ax2,33,0.5882352941176471,0.5714285714285714
RPSI_ax2,34,0.5882352941176471,0.5714285714285714
RPSI_ax2,35,0.5882352941176471,0.5714285714285714
RPSI_ax2,36,0.5882352941176471,0.5714285714285714
RPSI_ax2,37,0.5882352941176471,0.5714285714285714
RPSI_ax2,38,0.5882352941176471,0.5714285714285714
RPSI_ax2,39,0.6470588235294118,0.5714285714285714
RPSI_ax2,40,0.6470588235294118,0.5714285714285714
RPSI_ax2,41,0.5882352941176471,0.5714285714285714
RPSI_ax2,42,0.5882352941176471,0.5714285714285714
RPSI_ax2,43,0.5882352941176471,0.5714285714285714
RPSI_ax2,44,0.5882352941176471,0.6428571428571429
RPSI_ax2,45,0.5882352941176471,0.6428571428571429
RPSI_ax2,46,0.5882352941176471,0.6428571428571429
RPSI_ax2,47,0.5882352941176471,0.6428571428571429
RPSI_ax2,48,0.5882352941176471,0.6428571428571429
RPSI_ax2,49,0.5882352941176471,0.5714285714285714
RPSI_ax2,50,0.5882352941176471,0.5714285714285714
RPSI_ax2,51,0.5882352941176471,0.5
RPSI_ax2,52,0.5294117647058824,0.5
RPSI_ax2,53,0.5294117647058824,0.5
RPSI_ax2,54,0.5294117647058824,0.5714285714285714
RPSI_ax2,55,0.5294117647058824,0.5
RPSI_ax2,56,0.5294117647058824,0.5
RPSI_ax2,57,0.5294117647058824,0.5
RPSI_ax2,58,0.5294117647058824,0.5
RPSI_ax2,59,0.5294117647058824,0.5
RPSI_ax2,60,0.5294117647058824,0.5
RPSI_ax2,61,0.5294117647058824,0.5
RPSI_ax2,62,0.5294117647058824,0.5
RPSI_ax2,63,0.5294117647058824,0.5
RPSI_ax2,64,0.5294117647058824,0.5
RPSI_ax2,65,0.5294117647058824,0.5
RPSI_ax2,66,0.5294117647058824,0.5
RPSI_ax2,67,0.5882352941176471,0.5
RPSI_ax2,68,0.5882352941176471,0.5
RPSI_ax2,69,0.5882352941176471,0.5
RPSI_ax2,70,0.5882352941176471,0.5714285714285714
RPSI_ax2,71,0.5882352941176471,0.5
RPSI_ax2,72,0.5882352941176471,0.5
RPSI_ax2,73,0.5882352941176471,0.5
RPSI_ax2,74,0.5882352941176471,0.5
RPSI_ax2,75,0.5882352941176471,0.5714285714285714
RPSI_ax2,76,0.5882352941176471,0.5714285714285714
RPSI_ax2,77,0.6470588235294118,0.5714285714285714
RPSI_ax2,78,0.6470588235294118,0.6428571428571429
RPSI_ax2,79,0.6470588235294118,0.6428571428571429
RPSI_ax2,80,0.6470588235294118,0.6428571428571429
RPSI_ax2,81,0.6470588235294118,0.7142857142857143
RPSI_ax2,82,0.6470588235294118,0.7142857142857143
RPSI_ax2,83,0.6470588235294118,0.7142857142857143
RPSI_ax2,84,0.6470588235294118,0.7142857142857143
RPSI_ax2,85,0.5882352941176471,0.7142857142857143
RPSI_ax2,86,0.5294117647058824,0.7142857142857143
RPSI_ax2,87,0.5294117647058824,0.7142857142857143
RPSI_ax2,88,0.5882352941176471,0.7142857142857143
RPSI_ax2,89,0.5882352941176471,0.7142857142857143
RPSI_ax2,90,0.5294117647058824,0.7142857142857143
RPSI_ax2,91,0.5294117647058824,0.7857142857142857
RPSI_ax2,92,0.5294117647058824,0.7857142857142857
RPSI_ax2,93,0.5294117647058824,0.7142857142857143
RPSI_ax2,94,0.5294117647058824,0.7142857142857143
RPSI_ax2,95,0.5294117647058824,0.7857142857142857
RPSI_ax2,96,0.5294117647058824,0.7142857142857143
RPSI_ax2,97,0.5882352941176471,0.7857142857142857
RPSI_ax2,98,0.5882352941176471,0.7857142857142857
RPSI_ax2,99,0.5882352941176471,0.7857142857142857
RPSI_ax2,100,0.5882352941176471,0.7857142857142857
RPSI_ax3,0,0.6470588235294118,0.5714285714285714
RPSI_ax3,1,0.6470588235294118,0.5714285714285714
RPSI_ax3,2,0.6470588235294118,0.5714285714285714
RPSI_ax3,3,0.6470588235294118,0.6428571428571429
RPSI_ax3,4,0.6470588235294118,0.6428571428571429
RPSI_ax3,5,0.6470588235294118,0.6428571428571429
RPSI_ax3,6,0.6470588235294118,0.6428571428571429
RPSI_ax3,7,0.6470588235294118,0.6428571428571429
RPSI_ax3,8,0.6470588235294118,0.6428571428571429
RPSI_ax3,9,0.6470588235294118,0.6428571428571429
RPSI_ax3,10,0.5882352941176471,0.5714285714285714
RPSI_ax3,11,0.5882352941176471,0.5
RPSI_ax3,12,0.5882352941176471,0.5
RPSI_ax3,13,0.5882352941176471,0.5714285714285714
RPSI_ax3,14,0.5882352941176471,0.5714285714285714
RPSI_ax3,15,0.5882352941176471,0.5
RPSI_ax3,16,0.5882352941176471,0.5
RPSI_ax3,17,0.5882352941176471,0.5
RPSI_ax3,18,0.5882352941176471,0.5
RPSI_ax3,19,0.5882352941176471,0.5
RPSI_ax3,20,0.5882352941176471,0.5
RPSI_ax3,21,0.5882352941176471,0.5
RPSI_ax3,22,0.5882352941176471,0.5714285714285714
RPSI_ax3,23,0.5882352941176471,0.5714285714285714
RPSI_ax3,24,0.5882352941176471,0.5714285714285714
RPSI_ax3,25,0.5882352941176471,0.5714285714285714
RPSI_ax3,26,0.5882352941176471,0.5714285714285714
RPSI_ax3,27,0.5882352941176471,0.6428571428571429
RPSI_ax3,28,0.5882352941176471,0.6428571428571429
RPSI_ax3,29,0.5882352941176471,0.6428571428571429
RPSI_ax3,30,0.5882352941176471,0.6428571428571429
RPSI_ax3,31,0.5882352941176471,0.6428571428571429
RPSI_ax3,32,0.5882352941176471,0.5714285714285714
RPSI_ax3,33,0.5882352941176471,0.5714285714285714
RPSI_ax3,34,0.5882352941176471,0.5714285714285714
RPSI_ax3,35,0.5882352941176471,0.5714285714285714
RPSI_ax3,36,0.5882352941176471,0.5714285714285714
RPSI_ax3,37,0.5882352941176471,0.5714285714285714
RPSI_ax3,38,0.5882352941176471,0.5714285714285714
RPSI_ax3,39,0.5882352941176471,0.6428571428571429
RPSI_ax3,40,0.5882352941176471,0.5714285714285714
RPSI_ax3,41,0.5882352941176471,0.5714285714285714
RPSI_ax3,42,0.5882352941176471,0.5714285714285714
RPSI_ax3,43,0.5882352941176471,0.5714285714285714
RPSI_ax3,44,0.5882352941176471,0.5714285714285714
RPSI_ax3,45,0.5882352941176471,0.5714285714285714
RPSI_ax3,46,0.5882352941176471,0.5714285714285714
RPSI_ax3,47,0.6470588235294118,0.5714285714285714
RPSI_ax3,48,0.6470588235294118,0.5714285714285714
RPSI_ax3,49,0.6470588235294118,0.5714285714285714
RPSI_ax3,50,0.6470588235294118,0.5714285714285714
RPSI_ax3,51,0.6470588235294118,0.5714285714285714
RPSI_ax3,52,0.6470588235294118,0.5714285714285714
RPSI_ax3,53,0.6470588235294118,0.5714285714285714
RPSI_ax3,54,0.6470588235294118,0.5714285714285714
RPSI_ax3,55,0.6470588235294118,0.5714285714285714
RPSI_ax3,56,0.6470588235294118,0.5714285714285714
RPSI_ax3,57,0.6470588235294118,0.5714285714285714
RPSI_ax3,58,0.6470588235294118,0.5714285714285714
RPSI_ax3,59,0.6470588235294118,0.6428571428571429
RPSI_ax3,60,0.5882352941176471,0.6428571428571429
RPSI_ax3,61,0.5882352941176471,0.6428571428571429
RPSI_ax3,62,0.5882352941176471,0.6428571428571429
RPSI_ax3,63,0.5882352941176471,0.6428571428571429
RPSI_ax3,64,0.5882352941176471,0.6428571428571429
RPSI_ax3,65,0.5294117647058824,0.7142857142857143
RPSI_ax3,66,0.5294117647058824,0.7142857142857143
RPSI_ax3,67,0.5882352941176471,0.6428571428571429
RPSI_ax3,68,0.5882352941176471,0.6428571428571429
RPSI_ax3,69,0.5294117647058824,0.6428571428571429
RPSI_ax3,70,0.5294117647058824,0.7142857142857143
RPSI_ax3,71,0.5294117647058824,0.7142857142857143
RPSI_ax3,72,0.5294117647058824,0.6428571428571429
RPSI_ax3,73,0.5294117647058824,0.6428571428571429
RPSI_ax3,74,0.5294117647058824,0.6428571428571429
RPSI_ax3,75,0.5294117647058824,0.6428571428571429
RPSI_ax3,76,0.5294117647058824,0.6428571428571429
RPSI_ax3,77,0.5294117647058824,0.7142857142857143
RPSI_ax3,78,0.5294117647058824,0.7142857142857143
RPSI_ax3,79,0.5294117647058824,0.7142857142857143
RPSI_ax3,80,0.5294117647058824,0.6428571428571429
RPSI_ax3,81,0.5294117647058824,0.6428571428571429
RPSI_ax3,82,0.5294117647058824,0.6428571428571429
RPSI_ax3,83,0.5294117647058824,0.6428571428571429
RPSI_ax3,84,0.5294117647058824,0.6428571428571429
RPSI_ax3,85,0.5294117647058824,0.6428571428571429
RPSI_ax3,86,0.5294117647058824,0.6428571428571429
RPSI_ax3,87,0.5882352941176471,0.5714285714285714
RPSI_ax3,88,0.5882352941176471,0.5714285714285714
RPSI_ax3,89,0.5882352941176471,0.5714285714285714
RPSI_ax3,90,0.5882352941176471,0.5714285714285714
RPSI_ax3,91,0.5882352941176471,0.5714285714285714
RPSI_ax3,92,0.5882352941176471,0.5714285714285714
RPSI_ax3,93,0.5882352941176471,0.5
RPSI_ax3,94,0.5882352941176471,0.5
RPSI_ax3,95,0.5882352941176471,0.5
RPSI_ax3,96,0.5882352941176471,0.5
RPSI_ax3,97,0.5882352941176471,0.5
RPSI_ax3,98,0.5882352941176471,0.5
RPSI_ax3,99,0.5882352941176471,0.5
RPSI_ax3,100,0.5882352941176471,0.5
LHJC_ax1,0,0.5882352941176471,0.5714285714285714
LHJC_ax1,1,0.5294117647058824,0.5714285714285714
LHJC_ax1,2,0.5882352941176471,0.5714285714285714
LHJC_ax1,3,0.6470588235294118,0.6428571428571429
LHJC_ax1,4,0.7058823529411765,0.7142857142857143
LHJC_ax1,5,0.7058823529411765,0.7142857142857143
LHJC_ax1,6,0.6470588235294118,0.7142857142857143
LHJC_ax1,7,0.6470588235294118,0.7142857142857143
LHJC_ax1,8,0.6470588235294118,0.6428571428571429
LHJC_ax1,9,0.7058823529411765,0.5714285714285714
LHJC_ax1,10,0.6470588235294118,0.5
LHJC_ax1,11,0.6470588235294118,0.5
LHJC_ax1,12,0.6470588235294118,0.5714285714285714
LHJC_ax1,13,0.6470588235294118,0.5714285714285714
LHJC_ax1,14,0.6470588235294118,0.5714285714285714
LHJC_ax1,15,0.6470588235294118,0.6428571428571429
LHJC_ax1,16,0.6470588235294118,0.6428571428571429
LHJC_ax1,17,0.5882352941176471,0.5714285714285714
LHJC_ax1,18,0.5882352941176471,0.5
LHJC_ax1,19,0.5882352941176471,0.5
LHJC_ax1,20,0.5294117647058824,0.5
LHJC_ax1,21,0.5882352941176471,0.5714285714285714
LHJC_ax1,22,0.5882352941176471,0.5714285714285714
LHJC_ax1,23,0.5882352941176471,0.5714285714285714
LHJC_ax1,24,0.5882352941176471,0.5714285714285714
LHJC_ax1,25,0.5294117647058824,0.5
LHJC_ax1,26,0.5294117647058824,0.5714285714285714
LHJC_ax1,27,0.5294117647058824,0.5714285714285714
LHJC_ax1,28,0.5294117647058824,0.5714285714285714
LHJC_ax1,29,0.5294117647058824,0.5714285714285714
LHJC_ax1,30,0.5294117647058824,0.5714285714285714
LHJC_ax1,31,0.5294117647058824,0.5714285714285714
LHJC_ax1,32,0.5294117647058824,0.5714285714285714
LHJC_ax1,33,0.5294117647058824,0.6428571428571429
LHJC_ax1,34,0.5294117647058824,0.7142857142857143
LHJC_ax1,35,0.5294117647058824,0.7142857142857143
LHJC_ax1,36,0.5294117647058824,0.7142857142857143
LHJC_ax1,37,0.5294117647058824,0.7142857142857143
LHJC_ax1,38,0.6470588235294118,0.7857142857142857
LHJC_ax1,39,0.6470588235294118,0.7857142857142857
LHJC_ax1,40,0.5882352941176471,0.7857142857142857
LHJC_ax1,41,0.5882352941176471,0.5714285714285714
LHJC_ax1,42,0.6470588235294118,0.5714285714285714
LHJC_ax1,43,0.6470588235294118,0.5714285714285714
LHJC_ax1,44,0.5294117647058824,0.5714285714285714
LHJC_ax1,45,0.5294117647058824,0.5714285714285714
LHJC_ax1,46,0.5294117647058824,0.5714285714285714
LHJC_ax1,47,0.5294117647058824,0.5
LHJC_ax1,48,0.5882352941176471,0.5714285714285714
LHJC_ax1,49,0.5882352941176471,0.5714285714285714
LHJC_ax1,50,0.6470588235294118,0.5714285714285714
LHJC_ax1,51,0.5882352941176471,0.6428571428571429
LHJC_ax1,52,0.5882352941176471,0.6428571428571429
LHJC_ax1,53,0.6470588235294118,0.6428571428571429
LHJC_ax1,54,0.6470588235294118,0.6428571428571429
LHJC_ax1,55,0.6470588235294118,0.7142857142857143
LHJC_ax1,56,0.6470588235294118,0.7142857142857143
LHJC_ax1,57,0.5882352941176471,0.7857142857142857
LHJC_ax1,58,0.5882352941176471,0.7857142857142857
LHJC_ax1,59,0.5882352941176471,0.7142857142857143
LHJC_ax1,60,0.5882352941176471,0.7142857142857143
LHJC_ax1,61,0.5882352941176471,0.7142857142857143
LHJC_ax1,62,0.5882352941176471,0.7142857142857143
LHJC_ax1,63,0.5294117647058824,0.7142857142857143
LHJC_ax1,64,0.5294117647058824,0.6428571428571429
LHJC_ax1,65,0.5294117647058824,0.6428571428571429
LHJC_ax1,66,0.5294117647058824,0.5714285714285714
LHJC_ax1,67,0.5294117647058824,0.6428571428571429
LHJC_ax1,68,0.5294117647058824,0.6428571428571429
LHJC_ax1,69,0.5294117647058824,0.7142857142857143
LHJC_ax1,70,0.5294117647058824,0.7857142857142857
LHJC_ax1,71,0.5294117647058824,0.7857142857142857
LHJC_ax1,72,0.5294117647058824,0.7857142857142857
LHJC_ax1,73,0.5294117647058824,0.7857142857142857
LHJC_ax1,74,0.5294117647058824,0.6428571428571429
LHJC_ax1,75,0.5882352941176471,0.6428571428571429
LHJC_ax1,76,0.5882352941176471,0.6428571428571429
LHJC_ax1,77,0.6470588235294118,0.6428571428571429
LHJC_ax1,78,0.6470588235294118,0.6428571428571429
LHJC_ax1,79,0.7058823529411765,0.6428571428571429
LHJC_ax1,80,0.7058823529411765,0.6428571428571429
LHJC_ax1,81,0.7058823529411765,0.6428571428571429
LHJC_ax1,82,0.7058823529411765,0.6428571428571429
LHJC_ax1,83,0.7058823529411765,0.6428571428571429
LHJC_ax1,84,0.7058823529411765,0.7142857142857143
LHJC_ax1,85,0.7058823529411765,0.7142857142857143
LHJC_ax1,86,0.7058823529411765,0.7142857142857143
LHJC_ax1,87,0.6470588235294118,0.7142857142857143
LHJC_ax1,88,0.6470588235294118,0.7142857142857143
LHJC_ax1,89,0.6470588235294118,0.7142857142857143
LHJC_ax1,90,0.6470588235294118,0.7142857142857143
LHJC_ax1,91,0.6470588235294118,0.7142857142857143
LHJC_ax1,92,0.6470588235294118,0.7142857142857143
LHJC_ax1,93,0.5882352941176471,0.7142857142857143
LHJC_ax1,94,0.5882352941176471,0.7142857142857143
LHJC_ax1,95,0.5882352941176471,0.7142857142857143
LHJC_ax1,96,0.5882352941176471,0.7142857142857143
LHJC_ax1,97,0.5882352941176471,0.7142857142857143
LHJC_ax1,98,0.5882352941176471,0.7142857142857143
LHJC_ax1,99,0.5882352941176471,0.7142857142857143
LHJC_ax1,100,0.5882352941176471,0.7142857142857143
LHJC_ax2,0,0.7058823529411765,0.7857142857142857
LHJC_ax2,1,0.7058823529411765,0.7857142857142857
LHJC_ax2,2,0.7058823529411765,0.7142857142857143
LHJC_ax2,3,0.7058823529411765,0.7142857142857143
LHJC_ax2,4,0.7058823529411765,0.7142857142857143
LHJC_ax2,5,0.7058823529411765,0.7142857142857143
LHJC_ax2,6,0.6470588235294118,0.7142857142857143
LHJC_ax2,7,0.6470588235294118,0.7142857142857143
LHJC_ax2,8,0.6470588235294118,0.7142857142857143
LHJC_ax2,9,0.6470588235294118,0.6428571428571429
LHJC_ax2,10,0.6470588235294118,0.6428571428571429
LHJC_ax2,11,0.6470588235294118,0.6428571428571429
LHJC_ax2,12,0.6470588235294118,0.6428571428571429
LHJC_ax2,13,0.6470588235294118,0.6428571428571429
LHJC_ax2,14,0.6470588235294118,0.5
LHJC_ax2,15,0.6470588235294118,0.5
LHJC_ax2,16,0.6470588235294118,0.5
LHJC_ax2,17,0.6470588235294118,0.5
LHJC_ax2,18,0.6470588235294118,0.5
LHJC_ax2,19,0.6470588235294118,0.5
LHJC_ax2,20,0.6470588235294118,0.5714285714285714
LHJC_ax2,21,0.6470588235294118,0.5714285714285714
LHJC_ax2,22,0.6470588235294118,0.5714285714285714
LHJC_ax2,23,0.6470588235294118,0.5714285714285714
LHJC_ax2,24,0.6470588235294118,0.5714285714285714
LHJC_ax2,25,0.6470588235294118,0.5714285714285714
LHJC_ax2,26,0.6470588235294118,0.5714285714285714
LHJC_ax2,27,0.6470588235294118,0.6428571428571429
LHJC_ax2,28,0.5882352941176471,0.6428571428571429
LHJC_ax2,29,0.5882352941176471,0.6428571428571429
LHJC_ax2,30,0.5882352941176471,0.6428571428571429
LHJC_ax2,31,0.5882352941176471,0.6428571428571429
LHJC_ax2,32,0.6470588235294118,0.6428571428571429
LHJC_ax2,33,0.6470588235294118,0.6428571428571429
LHJC_ax2,34,0.6470588235294118,0.6428571428571429
LHJC_ax2,35,0.6470588235294118,0.6428571428571429
LHJC_ax2,36,0.6470588235294118,0.6428571428571429
LHJC_ax2,37,0.6470588235294118,0.6428571428571429
LHJC_ax2,38,0.6470588235294118,0.6428571428571429
LHJC_ax2,39,0.6470588235294118,0.6428571428571429
LHJC_ax2,40,0.6470588235294118,0.6428571428571429
LHJC_ax2,41,0.6470588235294118,0.6428571428571429
LHJC_ax2,42,0.6470588235294118,0.6428571428571429
LHJC_ax2,43,0.6470588235294118,0.6428571428571429
LHJC_ax2,44,0.6470588235294118,0.6428571428571429
LHJC_ax2,45,0.6470588235294118,0.6428571428571429
LHJC_ax2,46,0.6470588235294118,0.6428571428571429
LHJC_ax2,47,0.6470588235294118,0.6428571428571429
LHJC_ax2,48,0.6470588235294118,0.6428571428571429
LHJC_ax2,49,0.6470588235294118,0.6428571428571429
LHJC_ax2,50,0.6470588235294118,0.6428571428571429
LHJC_ax2,51,0.6470588235294118,0.6428571428571429
LHJC_ax2,52,0.6470588235294118,0.6428571428571429
LHJC_ax2,53,0.6470588235294118,0.6428571428571429
LHJC_ax2,54,0.6470588235294118,0.6428571428571429
LHJC_ax2,55,0.6470588235294118,0.7142857142857143
LHJC_ax2,56,0.6470588235294118,0.7142857142857143
LHJC_ax2,57,0.6470588235294118,0.7142857142857143
LHJC_ax2,58,0.6470588235294118,0.7142857142857143
LHJC_ax2,59,0.6470588235294118,0.7142857142857143
LHJC_ax2,60,0.6470588235294118,0.7142857142857143
LHJC_ax2,61,0.6470588235294118,0.7857142857142857
LHJC_ax2,62,0.6470588235294118,0.7857142857142857
LHJC_ax2,63,0.6470588235294118,0.7857142857142857
LHJC_ax2,64,0.6470588235294118,0.7857142857142857
LHJC_ax2,65,0.6470588235294118,0.7142857142857143
LHJC_ax2,66,0.5882352941176471,0.7142857142857143
LHJC_ax2,67,0.5882352941176471,0.7142857142857143
LHJC_ax2,68,0.5882352941176471,0.7142857142857143
LHJC_ax2,69,0.5882352941176471,0.7142857142857143
LHJC_ax2,70,0.5882352941176471,0.7142857142857143
LHJC_ax2,71,0.5882352941176471,0.7142857142857143
LHJC_ax2,72,0.5882352941176471,0.7142857142857143
LHJC_ax2,73,0.5882352941176471,0.7142857142857143
LHJC_ax2,74,0.5882352941176471,0.7142857142857143
LHJC_ax2,75,0.5882352941176471,0.7142857142857143
LHJC_ax2,76,0.5882352941176471,0.7142857142857143
LHJC_ax2,77,0.5882352941176471,0.7142857142857143
LHJC_ax2,78,0.5882352941176471,0.7142857142857143
LHJC_ax2,79,0.5882352941176471,0.7142857142857143
LHJC_ax2,80,0.5882352941176471,0.7142857142857143
LHJC_ax2,81,0.5882352941176471,0.7142857142857143
LHJC_ax2,82,0.5882352941176471,0.7142857142857143
LHJC_ax2,83,0.5882352941176471,0.7142857142857143
LHJC_ax2,84,0.5882352941176471,0.7142857142857143
LHJC_ax2,85,0.5882352941176471,0.7142857142857143
LHJC_ax2,86,0.5882352941176471,0.7142857142857143
LHJC_ax2,87,0.5882352941176471,0.7142857142857143
LHJC_ax2,88,0.5882352941176471,0.6428571428571429
LHJC_ax2,89,0.5882352941176471,0.6428571428571429
LHJC_ax2,90,0.5882352941176471,0.6428571428571429
LHJC_ax2,91,0.5882352941176471,0.6428571428571429
LHJC_ax2,92,0.5882352941176471,0.6428571428571429
LHJC_ax2,93,0.5882352941176471,0.6428571428571429
LHJC_ax2,94,0.5882352941176471,0.6428571428571429
LHJC_ax2,95,0.5882352941176471,0.6428571428571429
LHJC_ax2,96,0.5882352941176471,0.6428571428571429
LHJC_ax2,97,0.5882352941176471,0.7142857142857143
LHJC_ax2,98,0.5882352941176471,0.7142857142857143
LHJC_ax2,99,0.5882352941176471,0.7142857142857143
LHJC_ax2,100,0.5882352941176471,0.7142857142857143
LHJC_ax3,0,0.5294117647058824,0.5714285714285714
LHJC_ax3,1,0.5294117647058824,0.5
LHJC_ax3,2,0.5294117647058824,0.5
LHJC_ax3,3,0.5294117647058824,0.5
LHJC_ax3,4,0.5294117647058824,0.5
LHJC_ax3,5,0.5294117647058824,0.5714285714285714
LHJC_ax3,6,0.5294117647058824,0.5
LHJC_ax3,7,0.5294117647058824,0.5714285714285714
LHJC_ax3,8,0.5294117647058824,0.5
LHJC_ax3,9,0.5294117647058824,0.5714285714285714
LHJC_ax3,10,0.5294117647058824,0.5714285714285714
LHJC_ax3,11,0.5294117647058824,0.5714285714285714
LHJC_ax3,12,0.5294117647058824,0.5714285714285714
LHJC_ax3,13,0.5294117647058824,0.5
LHJC_ax3,14,0.5294117647058824,0.5
LHJC_ax3,15,0.5294117647058824,0.5
LHJC_ax3,16,0.5294117647058824,0.5
LHJC_ax3,17,0.5294117647058824,0.5
LHJC_ax3,18,0.5294117647058824,0.5
LHJC_ax3,19,0.5294117647058824,0.5
LHJC_ax3,20,0.5294117647058824,0.5
LHJC_ax3,21,0.5294117647058824,0.5
LHJC_ax3,22,0.5294117647058824,0.5
LHJC_ax3,23,0.5294117647058824,0.5
LHJC_ax3,24,0.5294117647058824,0.5
LHJC_ax3,25,0.5294117647058824,0.5
LHJC_ax3,26,0.5294117647058824,0.5
LHJC_ax3,27,0.5294117647058824,0.5
LHJC_ax3,28,0.5294117647058824,0.5714285714285714
LHJC_ax3,29,0.5294117647058824,0.5714285714285714
LHJC_ax3,30,0.5294117647058824,0.5714285714285714
LHJC_ax3,31,0.5294117647058824,0.5714285714285714
LHJC_ax3,32,0.5294117647058824,0.5714285714285714
LHJC_ax3,33,0.5294117647058824,0.5714285714285714
LHJC_ax3,34,0.5294117647058824,0.5
LHJC_ax3,35,0.5294117647058824,0.5714285714285714
LHJC_ax3,36,0.5294117647058824,0.5714285714285714
LHJC_ax3,37,0.5294117647058824,0.5714285714285714
LHJC_ax3,38,0.5294117647058824,0.5714285714285714
LHJC_ax3,39,0.5294117647058824,0.5714285714285714
LHJC_ax3,40,0.5294117647058824,0.5714285714285714
LHJC_ax3,41,0.5882352941176471,0.5714285714285714
LHJC_ax3,42,0.5882352941176471,0.5714285714285714
LHJC_ax3,43,0.5882352941176471,0.5714285714285714
LHJC_ax3,44,0.5882352941176471,0.5714285714285714
LHJC_ax3,45,0.5882352941176471,0.5714285714285714
LHJC_ax3,46,0.5882352941176471,0.5714285714285714
LHJC_ax3,47,0.5882352941176471,0.5714285714285714
LHJC_ax3,48,0.5882352941176471,0.5714285714285714
LHJC_ax3,49,0.5882352941176471,0.5714285714285714
LHJC_ax3,50,0.5882352941176471,0.5714285714285714
LHJC_ax3,51,0.5882352941176471,0.5714285714285714
LHJC_ax3,52,0.5882352941176471,0.5714285714285714
LHJC_ax3,53,0.5882352941176471,0.5714285714285714
LHJC_ax3,54,0.5882352941176471,0.5714285714285714
LHJC_ax3,55,0.5882352941176471,0.5714285714285714
LHJC_ax3,56,0.5294117647058824,0.5714285714285714
LHJC_ax3,57,0.5294117647058824,0.5714285714285714
LHJC_ax3,58,0.5294117647058824,0.5714285714285714
LHJC_ax3,59,0.5294117647058824,0.5714285714285714
LHJC_ax3,60,0.5294117647058824,0.5714285714285714
LHJC_ax3,61,0.5294117647058824,0.5714285714285714
LHJC_ax3,62,0.5294117647058824,0.5714285714285714
LHJC_ax3,63,0.5294117647058824,0.5714285714285714
LHJC_ax3,64,0.5294117647058824,0.5714285714285714
LHJC_ax3,65,0.5294117647058824,0.5714285714285714
LHJC_ax3,66,0.5294117647058824,0.5714285714285714
LHJC_ax3,67,0.5294117647058824,0.5714285714285714
LHJC_ax3,68,0.5294117647058824,0.5714285714285714
LHJC_ax3,69,0.5294117647058824,0.5714285714285714
LHJC_ax3,70,0.5294117647058824,0.5714285714285714
LHJC_ax3,71,0.5294117647058824,0.5714285714285714
LHJC_ax3,72,0.5294117647058824,0.5714285714285714
LHJC_ax3,73,0.5294117647058824,0.5
LHJC_ax3,74,0.5294117647058824,0.5
LHJC_ax3,75,0.5294117647058824,0.5
LHJC_ax3,76,0.5294117647058824,0.5
LHJC_ax3,77,0.5294117647058824,0.5
LHJC_ax3,78,0.5294117647058824,0.5714285714285714
LHJC_ax3,79,0.5294117647058824,0.5714285714285714
LHJC_ax3,80,0.5294117647058824,0.5714285714285714
LHJC_ax3,81,0.5294117647058824,0.5714285714285714
LHJC_ax3,82,0.5294117647058824,0.5714285714285714
LHJC_ax3,83,0.5294117647058824,0.5
LHJC_ax3,84,0.5294117647058824,0.5714285714285714
LHJC_ax3,85,0.5294117647058824,0.5714285714285714
LHJC_ax3,86,0.5294117647058824,0.5714285714285714
LHJC_ax3,87,0.5294117647058824,0.5714285714285714
LHJC_ax3,88,0.5294117647058824,0.5714285714285714
LHJC_ax3,89,0.5294117647058824,0.5714285714285714
LHJC_ax3,90,0.5294117647058824,0.5714285714285714
LHJC_ax3,91,0.5882352941176471,0.5714285714285714
LHJC_ax3,92,0.5882352941176471,0.5714285714285714
LHJC_ax3,93,0.5882352941176471,0.5714285714285714
LHJC_ax3,94,0.5882352941176471,0.5714285714285714
LHJC_ax3,95,0.5882352941176471,0.5714285714285714
LHJC_ax3,96,0.5882352941176471,0.5714285714285714
LHJC_ax3,97,0.5882352941176471,0.5714285714285714
LHJC_ax3,98,0.5882352941176471,0.5714285714285714
LHJC_ax3,99,0.5882352941176471,0.5714285714285714
LHJC_ax3,100,0.5882352941176471,0.5714285714285714
RHJC_ax1,0,0.5882352941176471,0.5714285714285714
RHJC_ax1,1,0.7058823529411765,0.5714285714285714
RHJC_ax1,2,0.6470588235294118,0.5714285714285714
RHJC_ax1,3,0.6470588235294118,0.7142857142857143
RHJC_ax1,4,0.6470588235294118,0.7142857142857143
RHJC_ax1,5,0.6470588235294118,0.7142857142857143
RHJC_ax1,6,0.6470588235294118,0.6428571428571429
RHJC_ax1,7,0.6470588235294118,0.5714285714285714
RHJC_ax1,8,0.6470588235294118,0.5714285714285714
RHJC_ax1,9,0.7058823529411765,0.5714285714285714
RHJC_ax1,10,0.7647058823529411,0.5714285714285714
RHJC_ax1,11,0.7058823529411765,0.5714285714285714
RHJC_ax1,12,0.7058823529411765,0.5
RHJC_ax1,13,0.6470588235294118,0.5
RHJC_ax1,14,0.6470588235294118,0.5714285714285714
RHJC_ax1,15,0.5882352941176471,0.5714285714285714
RHJC_ax1,16,0.5882352941176471,0.6428571428571429
RHJC_ax1,17,0.5294117647058824,0.6428571428571429
RHJC_ax1,18,0.5294117647058824,0.6428571428571429
RHJC_ax1,19,0.5294117647058824,0.6428571428571429
RHJC_ax1,20,0.5882352941176471,0.6428571428571429
RHJC_ax1,21,0.5294117647058824,0.5
RHJC_ax1,22,0.5882352941176471,0.5714285714285714
RHJC_ax1,23,0.5882352941176471,0.5714285714285714
RHJC_ax1,24,0.5294117647058824,0.5714285714285714
RHJC_ax1,25,0.5294117647058824,0.5714285714285714
RHJC_ax1,26,0.5294117647058824,0.5
RHJC_ax1,27,0.5294117647058824,0.5714285714285714
RHJC_ax1,28,0.5294117647058824,0.5714285714285714
RHJC_ax1,29,0.5294117647058824,0.5714285714285714
RHJC_ax1,30,0.5294117647058824,0.5714285714285714
RHJC_ax1,31,0.5294117647058824,0.5714285714285714
RHJC_ax1,32,0.5294117647058824,0.5714285714285714
RHJC_ax1,33,0.5294117647058824,0.6428571428571429
RHJC_ax1,34,0.5294117647058824,0.6428571428571429
RHJC_ax1,35,0.5294117647058824,0.7142857142857143
RHJC_ax1,36,0.5294117647058824,0.7142857142857143
RHJC_ax1,37,0.5294117647058824,0.7857142857142857
RHJC_ax1,38,0.6470588235294118,0.7857142857142857
RHJC_ax1,39,0.6470588235294118,0.7857142857142857
RHJC_ax1,40,0.6470588235294118,0.7142857142857143
RHJC_ax1,41,0.6470588235294118,0.7142857142857143
RHJC_ax1,42,0.6470588235294118,0.5714285714285714
RHJC_ax1,43,0.6470588235294118,0.5714285714285714
RHJC_ax1,44,0.5882352941176471,0.5714285714285714
RHJC_ax1,45,0.5882352941176471,0.5714285714285714
RHJC_ax1,46,0.5294117647058824,0.5
RHJC_ax1,47,0.5294117647058824,0.5
RHJC_ax1,48,0.5294117647058824,0.5714285714285714
RHJC_ax1,49,0.5882352941176471,0.5714285714285714
RHJC_ax1,50,0.5882352941176471,0.5714285714285714
RHJC_ax1,51,0.6470588235294118,0.5714285714285714
RHJC_ax1,52,0.5882352941176471,0.6428571428571429
RHJC_ax1,53,0.5882352941176471,0.6428571428571429
RHJC_ax1,54,0.6470588235294118,0.6428571428571429
RHJC_ax1,55,0.6470588235294118,0.7142857142857143
RHJC_ax1,56,0.6470588235294118,0.7142857142857143
RHJC_ax1,57,0.5882352941176471,0.7142857142857143
RHJC_ax1,58,0.5882352941176471,0.6428571428571429
RHJC_ax1,59,0.5882352941176471,0.6428571428571429
RHJC_ax1,60,0.5294117647058824,0.7142857142857143
RHJC_ax1,61,0.5294117647058824,0.7142857142857143
RHJC_ax1,62,0.5294117647058824,0.7142857142857143
RHJC_ax1,63,0.5294117647058824,0.7142857142857143
RHJC_ax1,64,0.5294117647058824,0.7142857142857143
RHJC_ax1,65,0.5294117647058824,0.7142857142857143
RHJC_ax1,66,0.5294117647058824,0.6428571428571429
RHJC_ax1,67,0.5294117647058824,0.6428571428571429
RHJC_ax1,68,0.5294117647058824,0.7142857142857143
RHJC_ax1,69,0.5294117647058824,0.7142857142857143
RHJC_ax1,70,0.5294117647058824,0.7142857142857143
RHJC_ax1,71,0.5294117647058824,0.7142857142857143
RHJC_ax1,72,0.5294117647058824,0.6428571428571429
RHJC_ax1,73,0.5294117647058824,0.6428571428571429
RHJC_ax1,74,0.5294117647058824,0.5714285714285714
RHJC_ax1,75,0.5294117647058824,0.5714285714285714
RHJC_ax1,76,0.5882352941176471,0.5714285714285714
RHJC_ax1,77,0.5882352941176471,0.5
RHJC_ax1,78,0.5882352941176471,0.5
RHJC_ax1,79,0.6470588235294118,0.5714285714285714
RHJC_ax1,80,0.6470588235294118,0.7142857142857143
RHJC_ax1,81,0.6470588235294118,0.6428571428571429
RHJC_ax1,82,0.6470588235294118,0.7142857142857143
RHJC_ax1,83,0.6470588235294118,0.7142857142857143
RHJC_ax1,84,0.6470588235294118,0.7142857142857143
RHJC_ax1,85,0.6470588235294118,0.7142857142857143
RHJC_ax1,86,0.6470588235294118,0.7142857142857143
RHJC_ax1,87,0.6470588235294118,0.7142857142857143
RHJC_ax1,88,0.6470588235294118,0.7142857142857143
RHJC_ax1,89,0.6470588235294118,0.7142857142857143
RHJC_ax1,90,0.6470588235294118,0.7142857142857143
RHJC_ax1,91,0.6470588235294118,0.7142857142857143
RHJC_ax1,92,0.6470588235294118,0.7142857142857143
RHJC_ax1,93,0.5882352941176471,0.7142857142857143
RHJC_ax1,94,0.6470588235294118,0.7142857142857143
RHJC_ax1,95,0.6470588235294118,0.7142857142857143
RHJC_ax1,96,0.6470588235294118,0.7142857142857143
RHJC_ax1,97,0.6470588235294118,0.7142857142857143
RHJC_ax1,98,0.6470588235294118,0.7142857142857143
RHJC_ax1,99,0.5882352941176471,0.7142857142857143
RHJC_ax1,100,0.5882352941176471,0.7142857142857143
RHJC_ax2,0,0.5294117647058824,0.5714285714285714
RHJC_ax2,1,0.5294117647058824,0.5714285714285714
RHJC_ax2,2,0.5294117647058824,0.5714285714285714
RHJC_ax2,3,0.5294117647058824,0.5714285714285714
RHJC_ax2,4,0.5294117647058824,0.5714285714285714
RHJC_ax2,5,0.5294117647058824,0.5714285714285714
RHJC_ax2,6,0.5294117647058824,0.5714285714285714
RHJC_ax2,7,0.5294117647058824,0.5714285714285714
RHJC_ax2,8,0.5294117647058824,0.6428571428571429
RHJC_ax2,9,0.5294117647058824,0.6428571428571429
RHJC_ax2,10,0.5294117647058824,0.6428571428571429
RHJC_ax2,11,0.5294117647058824,0.6428571428571429
RHJC_ax2,12,0.5294117647058824,0.5
RHJC_ax2,13,0.5294117647058824,0.5714285714285714
RHJC_ax2,14,0.5294117647058824,0.6428571428571429
RHJC_ax2,15,0.5294117647058824,0.6428571428571429
RHJC_ax2,16,0.5294117647058824,0.6428571428571429
RHJC_ax2,17,0.5294117647058824,0.5714285714285714
RHJC_ax2,18,0.5294117647058824,0.5714285714285714
RHJC_ax2,19,0.5294117647058824,0.6428571428571429
RHJC_ax2,20,0.5294117647058824,0.6428571428571429
RHJC_ax2,21,0.5294117647058824,0.6428571428571429
RHJC_ax2,22,0.5294117647058824,0.6428571428571429
RHJC_ax2,23,0.5294117647058824,0.6428571428571429
RHJC_ax2,24,0.5294117647058824,0.6428571428571429
RHJC_ax2,25,0.5294117647058824,0.6428571428571429
RHJC_ax2,26,0.5294117647058824,0.6428571428571429
RHJC_ax2,27,0.5294117647058824,0.6428571428571429
RHJC_ax2,28,0.5294117647058824,0.6428571428571429
RHJC_ax2,29,0.5294117647058824,0.6428571428571429
RHJC_ax2,30,0.5294117647058824,0.6428571428571429
RHJC_ax2,31,0.5294117647058824,0.6428571428571429
RHJC_ax2,32,0.5294117647058824,0.6428571428571429
RHJC_ax2,33,0.5294117647058824,0.6428571428571429
RHJC_ax2,34,0.5294117647058824,0.6428571428571429
RHJC_ax2,35,0.5294117647058824,0.5714285714285714
RHJC_ax2,36,0.5294117647058824,0.5714285714285714
RHJC_ax2,37,0.5294117647058824,0.5714285714285714
RHJC_ax2,38,0.5294117647058824,0.5714285714285714
RHJC_ax2,39,0.5294117647058824,0.6428571428571429
RHJC_ax2,40,0.5294117647058824,0.6428571428571429
RHJC_ax2,41,0.5294117647058824,0.6428571428571429
RHJC_ax2,42,0.5294117647058824,0.6428571428571429
RHJC_ax2,43,0.5294117647058824,0.6428571428571429
RHJC_ax2,44,0.5294117647058824,0.6428571428571429
RHJC_ax2,45,0.5882352941176471,0.6428571428571429
RHJC_ax2,46,0.5882352941176471,0.6428571428571429
RHJC_ax2,47,0.5882352941176471,0.5714285714285714
RHJC_ax2,48,0.5882352941176471,0.5714285714285714
RHJC_ax2,49,0.5882352941176471,0.5714285714285714
RHJC_ax2,50,0.5882352941176471,0.5714285714285714
RHJC_ax2,51,0.5882352941176471,0.5714285714285714
RHJC_ax2,52,0.5882352941176471,0.5714285714285714
RHJC_ax2,53,0.5882352941176471,0.5714285714285714
RHJC_ax2,54,0.5882352941176471,0.5714285714285714
RHJC_ax2,55,0.5882352941176471,0.5714285714285714
RHJC_ax2,56,0.5882352941176471,0.5714285714285714
RHJC_ax2,57,0.5294117647058824,0.5714285714285714
RHJC_ax2,58,0.5294117647058824,0.5714285714285714
RHJC_ax2,59,0.5294117647058824,0.5714285714285714
RHJC_ax2,60,0.5294117647058824,0.5714285714285714
RHJC_ax2,61,0.5882352941176471,0.5714285714285714
RHJC_ax2,62,0.5882352941176471,0.5714285714285714
RHJC_ax2,63,0.5882352941176471,0.5714285714285714
RHJC_ax2,64,0.5294117647058824,0.5
RHJC_ax2,65,0.5294117647058824,0.5714285714285714
RHJC_ax2,66,0.5294117647058824,0.5714285714285714
RHJC_ax2,67,0.5294117647058824,0.5714285714285714
RHJC_ax2,68,0.5294117647058824,0.5714285714285714
RHJC_ax2,69,0.5294117647058824,0.5
RHJC_ax2,70,0.5294117647058824,0.5
RHJC_ax2,71,0.5294117647058824,0.5
RHJC_ax2,72,0.5294117647058824,0.5
RHJC_ax2,73,0.5294117647058824,0.5
RHJC_ax2,74,0.5294117647058824,0.5714285714285714
RHJC_ax2,75,0.5882352941176471,0.5714285714285714
RHJC_ax2,76,0.5882352941176471,0.5714285714285714
RHJC_ax2,77,0.5882352941176471,0.5714285714285714
RHJC_ax2,78,0.5882352941176471,0.5714285714285714
RHJC_ax2,79,0.5882352941176471,0.5714285714285714
RHJC_ax2,80,0.5882352941176471,0.5714285714285714
RHJC_ax2,81,0.5882352941176471,0.5714285714285714
RHJC_ax2,82,0.5882352941176471,0.5714285714285714
RHJC_ax2,83,0.5882352941176471,0.5714285714285714
RHJC_ax2,84,0.5882352941176471,0.5714285714285714
RHJC_ax2,85,0.5882352941176471,0.5714285714285714
RHJC_ax2,86,0.5882352941176471,0.6428571428571429
RHJC_ax2,87,0.5882352941176471,0.6428571428571429
RHJC_ax2,88,0.5882352941176471,0.5714285714285714
RHJC_ax2,89,0.5882352941176471,0.5714285714285714
RHJC_ax2,90,0.5882352941176471,0.5714285714285714
RHJC_ax2,91,0.5882352941176471,0.5714285714285714
RHJC_ax2,92,0.5882352941176471,0.5714285714285714
RHJC_ax2,93,0.5882352941176471,0.6428571428571429
RHJC_ax2,94,0.5882352941176471,0.6428571428571429
RHJC_ax2,95,0.5882352941176471,0.6428571428571429
RHJC_ax2,96,0.5882352941176471,0.6428571428571429
RHJC_ax2,97,0.5882352941176471,0.5714285714285714
RHJC_ax2,98,0.5882352941176471,0.5714285714285714
RHJC_ax2,99,0.5882352941176471,0.5714285714285714
RHJC_ax2,100,0.5882352941176471,0.5714285714285714
RHJC_ax3,0,0.5294117647058824,0.5714285714285714
RHJC_ax3,1,0.5294117647058824,0.5714285714285714
RHJC_ax3,2,0.5294117647058824,0.5714285714285714
RHJC_ax3,3,0.5294117647058824,0.5714285714285714
RHJC_ax3,4,0.5294117647058824,0.5
RHJC_ax3,5,0.5294117647058824,0.5714285714285714
RHJC_ax3,6,0.5294117647058824,0.5714285714285714
RHJC_ax3,7,0.5294117647058824,0.5714285714285714
RHJC_ax3,8,0.5294117647058824,0.5714285714285714
RHJC_ax3,9,0.5294117647058824,0.5
RHJC_ax3,10,0.5294117647058824,0.5
RHJC_ax3,11,0.5294117647058824,0.5
RHJC_ax3,12,0.5294117647058824,0.5
RHJC_ax3,13,0.5294117647058824,0.5714285714285714
RHJC_ax3,14,0.5294117647058824,0.5
RHJC_ax3,15,0.5294117647058824,0.5714285714285714
RHJC_ax3,16,0.5294117647058824,0.6428571428571429
RHJC_ax3,17,0.5294117647058824,0.6428571428571429
RHJC_ax3,18,0.5882352941176471,0.6428571428571429
RHJC_ax3,19,0.5882352941176471,0.6428571428571429
RHJC_ax3,20,0.5882352941176471,0.6428571428571429
RHJC_ax3,21,0.5882352941176471,0.6428571428571429
RHJC_ax3,22,0.5882352941176471,0.6428571428571429
RHJC_ax3,23,0.5882352941176471,0.6428571428571429
RHJC_ax3,24,0.5882352941176471,0.6428571428571429
RHJC_ax3,25,0.5882352941176471,0.5714285714285714
RHJC_ax3,26,0.5294117647058824,0.5714285714285714
RHJC_ax3,27,0.6470588235294118,0.5714285714285714
RHJC_ax3,28,0.6470588235294118,0.5714285714285714
RHJC_ax3,29,0.6470588235294118,0.5714285714285714
RHJC_ax3,30,0.6470588235294118,0.5714285714285714
RHJC_ax3,31,0.6470588235294118,0.5714285714285714
RHJC_ax3,32,0.5882352941176471,0.6428571428571429
RHJC_ax3,33,0.5882352941176471,0.6428571428571429
RHJC_ax3,34,0.5882352941176471,0.6428571428571429
RHJC_ax3,35,0.5882352941176471,0.6428571428571429
RHJC_ax3,36,0.5882352941176471,0.6428571428571429
RHJC_ax3,37,0.5882352941176471,0.6428571428571429
RHJC_ax3,38,0.5882352941176471,0.6428571428571429
RHJC_ax3,39,0.5882352941176471,0.6428571428571429
RHJC_ax3,40,0.5882352941176471,0.6428571428571429
RHJC_ax3,41,0.5882352941176471,0.6428571428571429
RHJC_ax3,42,0.5882352941176471,0.6428571428571429
RHJC_ax3,43,0.5882352941176471,0.6428571428571429
RHJC_ax3,44,0.5882352941176471,0.6428571428571429
RHJC_ax3,45,0.5882352941176471,0.6428571428571429
RHJC_ax3,46,0.5294117647058824,0.6428571428571429
RHJC_ax3,47,0.5294117647058824,0.6428571428571429
RHJC_ax3,48,0.5882352941176471,0.6428571428571429
RHJC_ax3,49,0.5882352941176471,0.6428571428571429
RHJC_ax3,50,0.5882352941176471,0.6428571428571429
RHJC_ax3,51,0.5882352941176471,0.6428571428571429
RHJC_ax3,52,0.5882352941176471,0.6428571428571429
RHJC_ax3,53,0.5882352941176471,0.6428571428571429
RHJC_ax3,54,0.5882352941176471,0.6428571428571429
RHJC_ax3,55,0.5882352941176471,0.6428571428571429
RHJC_ax3,56,0.5882352941176471,0.5714285714285714
RHJC_ax3,57,0.5882352941176471,0.5714285714285714
RHJC_ax3,58,0.5882352941176471,0.5714285714285714
RHJC_ax3,59,0.5882352941176471,0.5714285714285714
RHJC_ax3,60,0.5882352941176471,0.5714285714285714
RHJC_ax3,61,0.5882352941176471,0.5714285714285714
RHJC_ax3,62,0.5882352941176471,0.5714285714285714
RHJC_ax3,63,0.5294117647058824,0.5
RHJC_ax3,64,0.5294117647058824,0.5
RHJC_ax3,65,0.5294117647058824,0.5714285714285714
RHJC_ax3,66,0.5882352941176471,0.5714285714285714
RHJC_ax3,67,0.5882352941176471,0.5714285714285714
RHJC_ax3,68,0.5882352941176471,0.5714285714285714
RHJC_ax3,69,0.5882352941176471,0.6428571428571429
RHJC_ax3,70,0.6470588235294118,0.6428571428571429
RHJC_ax3,71,0.6470588235294118,0.6428571428571429
RHJC_ax3,72,0.6470588235294118,0.6428571428571429
RHJC_ax3,73,0.6470588235294118,0.6428571428571429
RHJC_ax3,74,0.6470588235294118,0.6428571428571429
RHJC_ax3,75,0.6470588235294118,0.6428571428571429
RHJC_ax3,76,0.6470588235294118,0.6428571428571429
RHJC_ax3,77,0.5882352941176471,0.5714285714285714
RHJC_ax3,78,0.5882352941176471,0.5714285714285714
RHJC_ax3,79,0.5882352941176471,0.5714285714285714
RHJC_ax3,80,0.5882352941176471,0.5714285714285714
RHJC_ax3,81,0.6470588235294118,0.5714285714285714
RHJC_ax3,82,0.5882352941176471,0.5714285714285714
RHJC_ax3,83,0.5882352941176471,0.5714285714285714
RHJC_ax3,84,0.5882352941176471,0.5714285714285714
RHJC_ax3,85,0.5882352941176471,0.6428571428571429
RHJC_ax3,86,0.5882352941176471,0.6428571428571429
RHJC_ax3,87,0.5882352941176471,0.6428571428571429
RHJC_ax3,88,0.5882352941176471,0.6428571428571429
RHJC_ax3,89,0.5882352941176471,0.6428571428571429
RHJC_ax3,90,0.5882352941176471,0.6428571428571429
RHJC_ax3,91,0.5882352941176471,0.6428571428571429
RHJC_ax3,92,0.5882352941176471,0.6428571428571429
RHJC_ax3,93,0.5882352941176471,0.6428571428571429
RHJC_ax3,94,0.5882352941176471,0.6428571428571429
RHJC_ax3,95,0.5882352941176471,0.6428571428571429
RHJC_ax3,96,0.5882352941176471,0.6428571428571429
RHJC_ax3,97,0.5882352941176471,0.6428571428571429
RHJC_ax3,98,0.5882352941176471,0.6428571428571429
RHJC_ax3,99,0.5882352941176471,0.6428571428571429
RHJC_ax3,100,0.5294117647058824,0.6428571428571429
LHipAngles_ax1,0,0.6470588235294118,0.6428571428571429
LHipAngles_ax1,1,0.6470588235294118,0.6428571428571429
LHipAngles_ax1,2,0.6470588235294118,0.6428571428571429
LHipAngles_ax1,3,0.6470588235294118,0.6428571428571429
LHipAngles_ax1,4,0.6470588235294118,0.6428571428571429
LHipAngles_ax1,5,0.6470588235294118,0.6428571428571429
LHipAngles_ax1,6,0.6470588235294118,0.6428571428571429
LHipAngles_ax1,7,0.6470588235294118,0.6428571428571429
LHipAngles_ax1,8,0.6470588235294118,0.6428571428571429
LHipAngles_ax1,9,0.6470588235294118,0.5714285714285714
LHipAngles_ax1,10,0.6470588235294118,0.5714285714285714
LHipAngles_ax1,11,0.6470588235294118,0.5714285714285714
LHipAngles_ax1,12,0.6470588235294118,0.5714285714285714
LHipAngles_ax1,13,0.6470588235294118,0.5714285714285714
LHipAngles_ax1,14,0.6470588235294118,0.5714285714285714
LHipAngles_ax1,15,0.5882352941176471,0.5714285714285714
LHipAngles_ax1,16,0.5294117647058824,0.5
LHipAngles_ax1,17,0.5294117647058824,0.5714285714285714
LHipAngles_ax1,18,0.5882352941176471,0.5714285714285714
LHipAngles_ax1,19,0.7058823529411765,0.5714285714285714
LHipAngles_ax1,20,0.7058823529411765,0.7142857142857143
LHipAngles_ax1,21,0.6470588235294118,0.7142857142857143
LHipAngles_ax1,22,0.7647058823529411,0.6428571428571429
LHipAngles_ax1,23,0.7647058823529411,0.5714285714285714
LHipAngles_ax1,24,0.8235294117647058,0.5714285714285714
LHipAngles_ax1,25,0.8235294117647058,0.5714285714285714
LHipAngles_ax1,26,0.8235294117647058,0.5714285714285714
LHipAngles_ax1,27,0.8823529411764706,0.5714285714285714
LHipAngles_ax1,28,0.7647058823529411,0.5714285714285714
LHipAngles_ax1,29,0.7058823529411765,0.6428571428571429
LHipAngles_ax1,30,0.7058823529411765,0.6428571428571429
LHipAngles_ax1,31,0.7058823529411765,0.7857142857142857
LHipAngles_ax1,32,0.6470588235294118,0.7142857142857143
LHipAngles_ax1,33,0.7058823529411765,0.7142857142857143
LHipAngles_ax1,34,0.7058823529411765,0.7142857142857143
LHipAngles_ax1,35,0.7058823529411765,0.7142857142857143
LHipAngles_ax1,36,0.7058823529411765,0.7142857142857143
LHipAngles_ax1,37,0.6470588235294118,0.7142857142857143
LHipAngles_ax1,38,0.6470588235294118,0.7142857142857143
LHipAngles_ax1,39,0.6470588235294118,0.7142857142857143
LHipAngles_ax1,40,0.6470588235294118,0.7142857142857143
LHipAngles_ax1,41,0.6470588235294118,0.7857142857142857
LHipAngles_ax1,42,0.6470588235294118,0.7857142857142857
LHipAngles_ax1,43,0.6470588235294118,0.7857142857142857
LHipAngles_ax1,44,0.6470588235294118,0.7857142857142857
LHipAngles_ax1,45,0.6470588235294118,0.7857142857142857
LHipAngles_ax1,46,0.6470588235294118,0.7857142857142857
LHipAngles_ax1,47,0.6470588235294118,0.7857142857142857
LHipAngles_ax1,48,0.6470588235294118,0.7142857142857143
LHipAngles_ax1,49,0.6470588235294118,0.7142857142857143
LHipAngles_ax1,50,0.6470588235294118,0.7142857142857143
LHipAngles_ax1,51,0.6470588235294118,0.7142857142857143
LHipAngles_ax1,52,0.6470588235294118,0.7142857142857143
LHipAngles_ax1,53,0.6470588235294118,0.7857142857142857
LHipAngles_ax1,54,0.6470588235294118,0.7857142857142857
LHipAngles_ax1,55,0.6470588235294118,0.7857142857142857
LHipAngles_ax1,56,0.6470588235294118,0.7857142857142857
LHipAngles_ax1,57,0.6470588235294118,0.7857142857142857
LHipAngles_ax1,58,0.6470588235294118,0.7857142857142857
LHipAngles_ax1,59,0.6470588235294118,0.7857142857142857
LHipAngles_ax1,60,0.6470588235294118,0.7857142857142857
LHipAngles_ax1,61,0.6470588235294118,0.7857142857142857
LHipAngles_ax1,62,0.6470588235294118,0.7857142857142857
LHipAngles_ax1,63,0.6470588235294118,0.7142857142857143
LHipAngles_ax1,64,0.6470588235294118,0.7142857142857143
LHipAngles_ax1,65,0.6470588235294118,0.7142857142857143
LHipAngles_ax1,66,0.7058823529411765,0.6428571428571429
LHipAngles_ax1,67,0.7647058823529411,0.6428571428571429
LHipAngles_ax1,68,0.7647058823529411,0.5714285714285714
LHipAngles_ax1,69,0.7647058823529411,0.5714285714285714
LHipAngles_ax1,70,0.7647058823529411,0.6428571428571429
LHipAngles_ax1,71,0.7647058823529411,0.7142857142857143
LHipAngles_ax1,72,0.7647058823529411,0.6428571428571429
LHipAngles_ax1,73,0.7647058823529411,0.5714285714285714
LHipAngles_ax1,74,0.8235294117647058,0.5714285714285714
LHipAngles_ax1,75,0.8235294117647058,0.5714285714285714
LHipAngles_ax1,76,0.7647058823529411,0.5714285714285714
LHipAngles_ax1,77,0.7058823529411765,0.6428571428571429
LHipAngles_ax1,78,0.5882352941176471,0.7142857142857143
LHipAngles_ax1,79,0.5882352941176471,0.7142857142857143
LHipAngles_ax1,80,0.6470588235294118,0.7142857142857143
LHipAngles_ax1,81,0.6470588235294118,0.5714285714285714
LHipAngles_ax1,82,0.6470588235294118,0.5714285714285714
LHipAngles_ax1,83,0.6470588235294118,0.5714285714285714
LHipAngles_ax1,84,0.5294117647058824,0.5714285714285714
LHipAngles_ax1,85,0.5882352941176471,0.5714285714285714
LHipAngles_ax1,86,0.5882352941176471,0.5714285714285714
LHipAngles_ax1,87,0.5882352941176471,0.5714285714285714
LHipAngles_ax1,88,0.5882352941176471,0.5714285714285714
LHipAngles_ax1,89,0.5882352941176471,0.5714285714285714
LHipAngles_ax1,90,0.5882352941176471,0.5714285714285714
LHipAngles_ax1,91,0.5882352941176471,0.5714285714285714
LHipAngles_ax1,92,0.5882352941176471,0.6428571428571429
LHipAngles_ax1,93,0.5882352941176471,0.6428571428571429
LHipAngles_ax1,94,0.5882352941176471,0.6428571428571429
LHipAngles_ax1,95,0.5882352941176471,0.6428571428571429
LHipAngles_ax1,96,0.5882352941176471,0.6428571428571429
LHipAngles_ax1,97,0.5882352941176471,0.6428571428571429
LHipAngles_ax1,98,0.5882352941176471,0.6428571428571429
LHipAngles_ax1,99,0.5882352941176471,0.6428571428571429
LHipAngles_ax1,100,0.5882352941176471,0.6428571428571429
LHipAngles_ax2,0,0.5294117647058824,0.5714285714285714
LHipAngles_ax2,1,0.5294117647058824,0.5714285714285714
LHipAngles_ax2,2,0.5294117647058824,0.5
LHipAngles_ax2,3,0.5294117647058824,0.8571428571428571
LHipAngles_ax2,4,0.5294117647058824,0.8571428571428571
LHipAngles_ax2,5,0.5294117647058824,0.8571428571428571
LHipAngles_ax2,6,0.5882352941176471,0.8571428571428571
LHipAngles_ax2,7,0.5882352941176471,0.8571428571428571
LHipAngles_ax2,8,0.5882352941176471,0.8571428571428571
LHipAngles_ax2,9,0.5882352941176471,0.8571428571428571
LHipAngles_ax2,10,0.5294117647058824,0.8571428571428571
LHipAngles_ax2,11,0.5294117647058824,0.8571428571428571
LHipAngles_ax2,12,0.5294117647058824,0.6428571428571429
LHipAngles_ax2,13,0.5882352941176471,0.5714285714285714
LHipAngles_ax2,14,0.5294117647058824,0.5714285714285714
LHipAngles_ax2,15,0.5294117647058824,0.5714285714285714
LHipAngles_ax2,16,0.5294117647058824,0.5
LHipAngles_ax2,17,0.5294117647058824,0.6428571428571429
LHipAngles_ax2,18,0.5294117647058824,0.6428571428571429
LHipAngles_ax2,19,0.5294117647058824,0.6428571428571429
LHipAngles_ax2,20,0.5294117647058824,0.6428571428571429
LHipAngles_ax2,21,0.5294117647058824,0.6428571428571429
LHipAngles_ax2,22,0.5294117647058824,0.6428571428571429
LHipAngles_ax2,23,0.5294117647058824,0.6428571428571429
LHipAngles_ax2,24,0.5294117647058824,0.5714285714285714
LHipAngles_ax2,25,0.5294117647058824,0.5714285714285714
LHipAngles_ax2,26,0.5294117647058824,0.5
LHipAngles_ax2,27,0.5294117647058824,0.5714285714285714
LHipAngles_ax2,28,0.5294117647058824,0.6428571428571429
LHipAngles_ax2,29,0.5294117647058824,0.8571428571428571
LHipAngles_ax2,30,0.5294117647058824,0.8571428571428571
LHipAngles_ax2,31,0.5294117647058824,0.8571428571428571
LHipAngles_ax2,32,0.5294117647058824,0.8571428571428571
LHipAngles_ax2,33,0.5294117647058824,0.8571428571428571
LHipAngles_ax2,34,0.5294117647058824,0.8571428571428571
LHipAngles_ax2,35,0.5294117647058824,0.8571428571428571
LHipAngles_ax2,36,0.5294117647058824,0.8571428571428571
LHipAngles_ax2,37,0.5294117647058824,0.8571428571428571
LHipAngles_ax2,38,0.5294117647058824,0.8571428571428571
LHipAngles_ax2,39,0.5294117647058824,0.8571428571428571
LHipAngles_ax2,40,0.5294117647058824,0.8571428571428571
LHipAngles_ax2,41,0.5294117647058824,0.8571428571428571
LHipAngles_ax2,42,0.5294117647058824,0.8571428571428571
LHipAngles_ax2,43,0.5294117647058824,0.8571428571428571
LHipAngles_ax2,44,0.5294117647058824,0.8571428571428571
LHipAngles_ax2,45,0.5294117647058824,0.8571428571428571
LHipAngles_ax2,46,0.5294117647058824,0.8571428571428571
LHipAngles_ax2,47,0.5294117647058824,0.8571428571428571
LHipAngles_ax2,48,0.5294117647058824,0.8571428571428571
LHipAngles_ax2,49,0.5294117647058824,0.8571428571428571
LHipAngles_ax2,50,0.5294117647058824,0.8571428571428571
LHipAngles_ax2,51,0.5882352941176471,0.8571428571428571
LHipAngles_ax2,52,0.5882352941176471,0.8571428571428571
LHipAngles_ax2,53,0.5882352941176471,0.8571428571428571
LHipAngles_ax2,54,0.5882352941176471,0.8571428571428571
LHipAngles_ax2,55,0.5294117647058824,0.8571428571428571
LHipAngles_ax2,56,0.5882352941176471,0.7857142857142857
LHipAngles_ax2,57,0.5882352941176471,0.7142857142857143
LHipAngles_ax2,58,0.6470588235294118,0.6428571428571429
LHipAngles_ax2,59,0.6470588235294118,0.6428571428571429
LHipAngles_ax2,60,0.6470588235294118,0.7142857142857143
LHipAngles_ax2,61,0.7058823529411765,0.7857142857142857
LHipAngles_ax2,62,0.6470588235294118,0.7857142857142857
LHipAngles_ax2,63,0.8235294117647058,0.7857142857142857
LHipAngles_ax2,64,0.8235294117647058,0.7857142857142857
LHipAngles_ax2,65,0.7647058823529411,0.7857142857142857
LHipAngles_ax2,66,0.7647058823529411,0.7857142857142857
LHipAngles_ax2,67,0.7647058823529411,0.7857142857142857
LHipAngles_ax2,68,0.7058823529411765,0.7857142857142857
LHipAngles_ax2,69,0.7058823529411765,0.7857142857142857
LHipAngles_ax2,70,0.7058823529411765,0.7857142857142857
LHipAngles_ax2,71,0.7058823529411765,0.7857142857142857
LHipAngles_ax2,72,0.7058823529411765,0.7857142857142857
LHipAngles_ax2,73,0.7058823529411765,0.7857142857142857
LHipAngles_ax2,74,0.7058823529411765,0.7857142857142857
LHipAngles_ax2,75,0.7647058823529411,0.7857142857142857
LHipAngles_ax2,76,0.7058823529411765,0.7857142857142857
LHipAngles_ax2,77,0.7058823529411765,0.7857142857142857
LHipAngles_ax2,78,0.7058823529411765,0.7142857142857143
LHipAngles_ax2,79,0.7058823529411765,0.7142857142857143
LHipAngles_ax2,80,0.7058823529411765,0.7142857142857143
LHipAngles_ax2,81,0.7058823529411765,0.7142857142857143
LHipAngles_ax2,82,0.7058823529411765,0.7142857142857143
LHipAngles_ax2,83,0.7058823529411765,0.6428571428571429
LHipAngles_ax2,84,0.7058823529411765,0.6428571428571429
LHipAngles_ax2,85,0.7647058823529411,0.5714285714285714
LHipAngles_ax2,86,0.7647058823529411,0.5
LHipAngles_ax2,87,0.7647058823529411,0.5714285714285714
LHipAngles_ax2,88,0.7058823529411765,0.5714285714285714
LHipAngles_ax2,89,0.7058823529411765,0.5714285714285714
LHipAngles_ax2,90,0.6470588235294118,0.5
LHipAngles_ax2,91,0.6470588235294118,0.5
LHipAngles_ax2,92,0.6470588235294118,0.5714285714285714
LHipAngles_ax2,93,0.6470588235294118,0.5714285714285714
LHipAngles_ax2,94,0.7058823529411765,0.5714285714285714
LHipAngles_ax2,95,0.7058823529411765,0.5714285714285714
LHipAngles_ax2,96,0.6470588235294118,0.6428571428571429
LHipAngles_ax2,97,0.6470588235294118,0.7142857142857143
LHipAngles_ax2,98,0.6470588235294118,0.7142857142857143
LHipAngles_ax2,99,0.6470588235294118,0.7142857142857143
LHipAngles_ax2,100,0.5882352941176471,0.7142857142857143
LHipAngles_ax3,0,0.5294117647058824,0.5714285714285714
LHipAngles_ax3,1,0.5294117647058824,0.5714285714285714
LHipAngles_ax3,2,0.5294117647058824,0.5714285714285714
LHipAngles_ax3,3,0.5294117647058824,0.5714285714285714
LHipAngles_ax3,4,0.5294117647058824,0.5714285714285714
LHipAngles_ax3,5,0.5294117647058824,0.5714285714285714
LHipAngles_ax3,6,0.5294117647058824,0.5714285714285714
LHipAngles_ax3,7,0.5294117647058824,0.5714285714285714
LHipAngles_ax3,8,0.5294117647058824,0.5714285714285714
LHipAngles_ax3,9,0.5294117647058824,0.5714285714285714
LHipAngles_ax3,10,0.5294117647058824,0.5714285714285714
LHipAngles_ax3,11,0.5294117647058824,0.5714285714285714
LHipAngles_ax3,12,0.5294117647058824,0.5714285714285714
LHipAngles_ax3,13,0.5294117647058824,0.5
LHipAngles_ax3,14,0.5882352941176471,0.7142857142857143
LHipAngles_ax3,15,0.5882352941176471,0.6428571428571429
LHipAngles_ax3,16,0.5294117647058824,0.6428571428571429
LHipAngles_ax3,17,0.5294117647058824,0.5714285714285714
LHipAngles_ax3,18,0.5294117647058824,0.5
LHipAngles_ax3,19,0.5294117647058824,0.5
LHipAngles_ax3,20,0.5294117647058824,0.5
LHipAngles_ax3,21,0.5294117647058824,0.5
LHipAngles_ax3,22,0.5294117647058824,0.5
LHipAngles_ax3,23,0.5294117647058824,0.5
LHipAngles_ax3,24,0.5294117647058824,0.5
LHipAngles_ax3,25,0.5294117647058824,0.5714285714285714
LHipAngles_ax3,26,0.5882352941176471,0.5714285714285714
LHipAngles_ax3,27,0.5882352941176471,0.5714285714285714
LHipAngles_ax3,28,0.5882352941176471,0.5714285714285714
LHipAngles_ax3,29,0.5882352941176471,0.5714285714285714
LHipAngles_ax3,30,0.5882352941176471,0.5714285714285714
LHipAngles_ax3,31,0.5882352941176471,0.5
LHipAngles_ax3,32,0.5882352941176471,0.5
LHipAngles_ax3,33,0.5882352941176471,0.5714285714285714
LHipAngles_ax3,34,0.5882352941176471,0.6428571428571429
LHipAngles_ax3,35,0.5882352941176471,0.6428571428571429
LHipAngles_ax3,36,0.5882352941176471,0.7142857142857143
LHipAngles_ax3,37,0.5882352941176471,0.7142857142857143
LHipAngles_ax3,38,0.5882352941176471,0.7142857142857143
LHipAngles_ax3,39,0.5294117647058824,0.7142857142857143
LHipAngles_ax3,40,0.5294117647058824,0.7142857142857143
LHipAngles_ax3,41,0.5294117647058824,0.7142857142857143
LHipAngles_ax3,42,0.5882352941176471,0.7142857142857143
LHipAngles_ax3,43,0.5294117647058824,0.7142857142857143
LHipAngles_ax3,44,0.5294117647058824,0.7142857142857143
LHipAngles_ax3,45,0.5294117647058824,0.7142857142857143
LHipAngles_ax3,46,0.5294117647058824,0.6428571428571429
LHipAngles_ax3,47,0.5294117647058824,0.5714285714285714
LHipAngles_ax3,48,0.5294117647058824,0.5
LHipAngles_ax3,49,0.5294117647058824,0.5
LHipAngles_ax3,50,0.5882352941176471,0.5
LHipAngles_ax3,51,0.5294117647058824,0.5
LHipAngles_ax3,52,0.5294117647058824,0.5
LHipAngles_ax3,53,0.5294117647058824,0.5
LHipAngles_ax3,54,0.5294117647058824,0.5
LHipAngles_ax3,55,0.5882352941176471,0.5
LHipAngles_ax3,56,0.5294117647058824,0.5
LHipAngles_ax3,57,0.5294117647058824,0.5
LHipAngles_ax3,58,0.5294117647058824,0.6428571428571429
LHipAngles_ax3,59,0.5294117647058824,0.6428571428571429
LHipAngles_ax3,60,0.5294117647058824,0.6428571428571429
LHipAngles_ax3,61,0.5294117647058824,0.6428571428571429
LHipAngles_ax3,62,0.5294117647058824,0.7142857142857143
LHipAngles_ax3,63,0.5294117647058824,0.5714285714285714
LHipAngles_ax3,64,0.5294117647058824,0.5
LHipAngles_ax3,65,0.5882352941176471,0.5714285714285714
LHipAngles_ax3,66,0.5294117647058824,0.7142857142857143
LHipAngles_ax3,67,0.5294117647058824,0.7142857142857143
LHipAngles_ax3,68,0.5294117647058824,0.6428571428571429
LHipAngles_ax3,69,0.5294117647058824,0.5714285714285714
LHipAngles_ax3,70,0.5294117647058824,0.5714285714285714
LHipAngles_ax3,71,0.5294117647058824,0.5
LHipAngles_ax3,72,0.5294117647058824,0.5
LHipAngles_ax3,73,0.5294117647058824,0.5
LHipAngles_ax3,74,0.5294117647058824,0.5
LHipAngles_ax3,75,0.5294117647058824,0.6428571428571429
LHipAngles_ax3,76,0.5294117647058824,0.6428571428571429
LHipAngles_ax3,77,0.5294117647058824,0.5714285714285714
LHipAngles_ax3,78,0.5294117647058824,0.5714285714285714
LHipAngles_ax3,79,0.5294117647058824,0.6428571428571429
LHipAngles_ax3,80,0.5294117647058824,0.6428571428571429
LHipAngles_ax3,81,0.5882352941176471,0.6428571428571429
LHipAngles_ax3,82,0.5882352941176471,0.5714285714285714
LHipAngles_ax3,83,0.5882352941176471,0.5714285714285714
LHipAngles_ax3,84,0.5882352941176471,0.6428571428571429
LHipAngles_ax3,85,0.5882352941176471,0.7142857142857143
LHipAngles_ax3,86,0.5882352941176471,0.7142857142857143
LHipAngles_ax3,87,0.5882352941176471,0.6428571428571429
LHipAngles_ax3,88,0.5882352941176471,0.6428571428571429
LHipAngles_ax3,89,0.5294117647058824,0.5714285714285714
LHipAngles_ax3,90,0.5294117647058824,0.5714285714285714
LHipAngles_ax3,91,0.5294117647058824,0.5714285714285714
LHipAngles_ax3,92,0.5294117647058824,0.5714285714285714
LHipAngles_ax3,93,0.5294117647058824,0.5
LHipAngles_ax3,94,0.5294117647058824,0.5
LHipAngles_ax3,95,0.5294117647058824,0.5
LHipAngles_ax3,96,0.5294117647058824,0.5
LHipAngles_ax3,97,0.5294117647058824,0.6428571428571429
LHipAngles_ax3,98,0.5294117647058824,0.6428571428571429
LHipAngles_ax3,99,0.5294117647058824,0.6428571428571429
LHipAngles_ax3,100,0.5294117647058824,0.6428571428571429
RHipAngles_ax1,0,0.7058823529411765,0.7857142857142857
RHipAngles_ax1,1,0.7058823529411765,0.7857142857142857
RHipAngles_ax1,2,0.7058823529411765,0.7857142857142857
RHipAngles_ax1,3,0.7058823529411765,0.7857142857142857
RHipAngles_ax1,4,0.6470588235294118,0.7857142857142857
RHipAngles_ax1,5,0.7058823529411765,0.7857142857142857
RHipAngles_ax1,6,0.7058823529411765,0.7857142857142857
RHipAngles_ax1,7,0.7058823529411765,0.7857142857142857
RHipAngles_ax1,8,0.7058823529411765,0.7857142857142857
RHipAngles_ax1,9,0.6470588235294118,0.7857142857142857
RHipAngles_ax1,10,0.6470588235294118,0.7857142857142857
RHipAngles_ax1,11,0.6470588235294118,0.7857142857142857
RHipAngles_ax1,12,0.6470588235294118,0.7857142857142857
RHipAngles_ax1,13,0.6470588235294118,0.7857142857142857
RHipAngles_ax1,14,0.6470588235294118,0.7857142857142857
RHipAngles_ax1,15,0.6470588235294118,0.7857142857142857
RHipAngles_ax1,16,0.5882352941176471,0.7857142857142857
RHipAngles_ax1,17,0.5882352941176471,0.8571428571428571
RHipAngles_ax1,18,0.6470588235294118,0.8571428571428571
RHipAngles_ax1,19,0.7058823529411765,0.8571428571428571
RHipAngles_ax1,20,0.7058823529411765,0.7142857142857143
RHipAngles_ax1,21,0.6470588235294118,0.7142857142857143
RHipAngles_ax1,22,0.6470588235294118,0.7142857142857143
RHipAngles_ax1,23,0.7647058823529411,0.6428571428571429
RHipAngles_ax1,24,0.7647058823529411,0.7142857142857143
RHipAngles_ax1,25,0.7647058823529411,0.7142857142857143
RHipAngles_ax1,26,0.7058823529411765,0.7142857142857143
RHipAngles_ax1,27,0.7058823529411765,0.7142857142857143
RHipAngles_ax1,28,0.7647058823529411,0.7142857142857143
RHipAngles_ax1,29,0.6470588235294118,0.7142857142857143
RHipAngles_ax1,30,0.5294117647058824,0.7142857142857143
RHipAngles_ax1,31,0.5882352941176471,0.6428571428571429
RHipAngles_ax1,32,0.5882352941176471,0.6428571428571429
RHipAngles_ax1,33,0.5294117647058824,0.5
RHipAngles_ax1,34,0.5294117647058824,0.5
RHipAngles_ax1,35,0.5882352941176471,0.5
RHipAngles_ax1,36,0.6470588235294118,0.5714285714285714
RHipAngles_ax1,37,0.6470588235294118,0.5714285714285714
RHipAngles_ax1,38,0.6470588235294118,0.5714285714285714
RHipAngles_ax1,39,0.6470588235294118,0.5714285714285714
RHipAngles_ax1,40,0.6470588235294118,0.5714285714285714
RHipAngles_ax1,41,0.6470588235294118,0.5714285714285714
RHipAngles_ax1,42,0.6470588235294118,0.5714285714285714
RHipAngles_ax1,43,0.6470588235294118,0.5714285714285714
RHipAngles_ax1,44,0.6470588235294118,0.5714285714285714
RHipAngles_ax1,45,0.6470588235294118,0.5714285714285714
RHipAngles_ax1,46,0.6470588235294118,0.5714285714285714
RHipAngles_ax1,47,0.6470588235294118,0.5714285714285714
RHipAngles_ax1,48,0.6470588235294118,0.5714285714285714
RHipAngles_ax1,49,0.6470588235294118,0.5714285714285714
RHipAngles_ax1,50,0.6470588235294118,0.5714285714285714
RHipAngles_ax1,51,0.6470588235294118,0.5714285714285714
RHipAngles_ax1,52,0.6470588235294118,0.5714285714285714
RHipAngles_ax1,53,0.6470588235294118,0.5714285714285714
RHipAngles_ax1,54,0.6470588235294118,0.5714285714285714
RHipAngles_ax1,55,0.6470588235294118,0.5714285714285714
RHipAngles_ax1,56,0.6470588235294118,0.5714285714285714
RHipAngles_ax1,57,0.6470588235294118,0.5714285714285714
RHipAngles_ax1,58,0.6470588235294118,0.5714285714285714
RHipAngles_ax1,59,0.6470588235294118,0.5714285714285714
RHipAngles_ax1,60,0.6470588235294118,0.5714285714285714
RHipAngles_ax1,61,0.6470588235294118,0.5714285714285714
RHipAngles_ax1,62,0.6470588235294118,0.5714285714285714
RHipAngles_ax1,63,0.6470588235294118,0.5714285714285714
RHipAngles_ax1,64,0.6470588235294118,0.5714285714285714
RHipAngles_ax1,65,0.6470588235294118,0.5714285714285714
RHipAngles_ax1,66,0.5882352941176471,0.5714285714285714
RHipAngles_ax1,67,0.5294117647058824,0.5
RHipAngles_ax1,68,0.5882352941176471,0.5
RHipAngles_ax1,69,0.6470588235294118,0.7142857142857143
RHipAngles_ax1,70,0.7058823529411765,0.7142857142857143
RHipAngles_ax1,71,0.8235294117647058,0.7857142857142857
RHipAngles_ax1,72,0.8235294117647058,0.6428571428571429
RHipAngles_ax1,73,0.7647058823529411,0.7142857142857143
RHipAngles_ax1,74,0.7647058823529411,0.7142857142857143
RHipAngles_ax1,75,0.7647058823529411,0.7142857142857143
RHipAngles_ax1,76,0.7058823529411765,0.7857142857142857
RHipAngles_ax1,77,0.7058823529411765,0.7857142857142857
RHipAngles_ax1,78,0.6470588235294118,0.7857142857142857
RHipAngles_ax1,79,0.6470588235294118,0.7857142857142857
RHipAngles_ax1,80,0.7058823529411765,0.7857142857142857
RHipAngles_ax1,81,0.7058823529411765,0.9285714285714286
RHipAngles_ax1,82,0.7058823529411765,0.8571428571428571
RHipAngles_ax1,83,0.7058823529411765,0.7857142857142857
RHipAngles_ax1,84,0.7058823529411765,0.7142857142857143
RHipAngles_ax1,85,0.7058823529411765,0.7142857142857143
RHipAngles_ax1,86,0.7058823529411765,0.7142857142857143
RHipAngles_ax1,87,0.6470588235294118,0.7142857142857143
RHipAngles_ax1,88,0.6470588235294118,0.7142857142857143
RHipAngles_ax1,89,0.6470588235294118,0.7142857142857143
RHipAngles_ax1,90,0.6470588235294118,0.7142857142857143
RHipAngles_ax1,91,0.5882352941176471,0.7142857142857143
RHipAngles_ax1,92,0.6470588235294118,0.7142857142857143
RHipAngles_ax1,93,0.6470588235294118,0.7142857142857143
RHipAngles_ax1,94,0.6470588235294118,0.7142857142857143
RHipAngles_ax1,95,0.6470588235294118,0.7142857142857143
RHipAngles_ax1,96,0.6470588235294118,0.7142857142857143
RHipAngles_ax1,97,0.6470588235294118,0.7142857142857143
RHipAngles_ax1,98,0.6470588235294118,0.7142857142857143
RHipAngles_ax1,99,0.6470588235294118,0.7142857142857143
RHipAngles_ax1,100,0.6470588235294118,0.7142857142857143
RHipAngles_ax2,0,0.5294117647058824,0.5714285714285714
RHipAngles_ax2,1,0.5294117647058824,0.5
RHipAngles_ax2,2,0.5294117647058824,0.5
RHipAngles_ax2,3,0.5294117647058824,0.5
RHipAngles_ax2,4,0.5294117647058824,0.5
RHipAngles_ax2,5,0.5882352941176471,0.5714285714285714
RHipAngles_ax2,6,0.5882352941176471,0.5714285714285714
RHipAngles_ax2,7,0.7058823529411765,0.5714285714285714
RHipAngles_ax2,8,0.5882352941176471,0.5714285714285714
RHipAngles_ax2,9,0.5294117647058824,0.5714285714285714
RHipAngles_ax2,10,0.5882352941176471,0.5714285714285714
RHipAngles_ax2,11,0.5882352941176471,0.5
RHipAngles_ax2,12,0.5882352941176471,0.5714285714285714
RHipAngles_ax2,13,0.6470588235294118,0.5714285714285714
RHipAngles_ax2,14,0.7058823529411765,0.7142857142857143
RHipAngles_ax2,15,0.7058823529411765,0.7857142857142857
RHipAngles_ax2,16,0.7058823529411765,0.7857142857142857
RHipAngles_ax2,17,0.7058823529411765,0.7857142857142857
RHipAngles_ax2,18,0.6470588235294118,0.7857142857142857
RHipAngles_ax2,19,0.6470588235294118,0.7857142857142857
RHipAngles_ax2,20,0.6470588235294118,0.7857142857142857
RHipAngles_ax2,21,0.6470588235294118,0.7857142857142857
RHipAngles_ax2,22,0.6470588235294118,0.7857142857142857
RHipAngles_ax2,23,0.6470588235294118,0.7857142857142857
RHipAngles_ax2,24,0.6470588235294118,0.7857142857142857
RHipAngles_ax2,25,0.6470588235294118,0.7857142857142857
RHipAngles_ax2,26,0.6470588235294118,0.7142857142857143
RHipAngles_ax2,27,0.6470588235294118,0.6428571428571429
RHipAngles_ax2,28,0.6470588235294118,0.6428571428571429
RHipAngles_ax2,29,0.6470588235294118,0.6428571428571429
RHipAngles_ax2,30,0.5882352941176471,0.6428571428571429
RHipAngles_ax2,31,0.5882352941176471,0.6428571428571429
RHipAngles_ax2,32,0.5294117647058824,0.6428571428571429
RHipAngles_ax2,33,0.5294117647058824,0.5714285714285714
RHipAngles_ax2,34,0.5294117647058824,0.5
RHipAngles_ax2,35,0.5882352941176471,0.5714285714285714
RHipAngles_ax2,36,0.5882352941176471,0.6428571428571429
RHipAngles_ax2,37,0.6470588235294118,0.6428571428571429
RHipAngles_ax2,38,0.6470588235294118,0.6428571428571429
RHipAngles_ax2,39,0.6470588235294118,0.6428571428571429
RHipAngles_ax2,40,0.6470588235294118,0.6428571428571429
RHipAngles_ax2,41,0.5882352941176471,0.6428571428571429
RHipAngles_ax2,42,0.5882352941176471,0.6428571428571429
RHipAngles_ax2,43,0.5882352941176471,0.6428571428571429
RHipAngles_ax2,44,0.5882352941176471,0.5714285714285714
RHipAngles_ax2,45,0.5882352941176471,0.5714285714285714
RHipAngles_ax2,46,0.5882352941176471,0.5714285714285714
RHipAngles_ax2,47,0.5294117647058824,0.5714285714285714
RHipAngles_ax2,48,0.5294117647058824,0.5
RHipAngles_ax2,49,0.5294117647058824,0.5
RHipAngles_ax2,50,0.5294117647058824,0.5
RHipAngles_ax2,51,0.5294117647058824,0.5714285714285714
RHipAngles_ax2,52,0.5294117647058824,0.5
RHipAngles_ax2,53,0.5294117647058824,0.5
RHipAngles_ax2,54,0.5294117647058824,0.5
RHipAngles_ax2,55,0.5294117647058824,0.5714285714285714
RHipAngles_ax2,56,0.5294117647058824,0.5714285714285714
RHipAngles_ax2,57,0.5294117647058824,0.5714285714285714
RHipAngles_ax2,58,0.5294117647058824,0.5714285714285714
RHipAngles_ax2,59,0.5294117647058824,0.5
RHipAngles_ax2,60,0.5294117647058824,0.5
RHipAngles_ax2,61,0.5882352941176471,0.5
RHipAngles_ax2,62,0.6470588235294118,0.5714285714285714
RHipAngles_ax2,63,0.6470588235294118,0.6428571428571429
RHipAngles_ax2,64,0.5882352941176471,0.6428571428571429
RHipAngles_ax2,65,0.5882352941176471,0.5714285714285714
RHipAngles_ax2,66,0.6470588235294118,0.5714285714285714
RHipAngles_ax2,67,0.7058823529411765,0.5714285714285714
RHipAngles_ax2,68,0.7058823529411765,0.5714285714285714
RHipAngles_ax2,69,0.7058823529411765,0.5714285714285714
RHipAngles_ax2,70,0.7058823529411765,0.5714285714285714
RHipAngles_ax2,71,0.7058823529411765,0.5714285714285714
RHipAngles_ax2,72,0.7058823529411765,0.5714285714285714
RHipAngles_ax2,73,0.5882352941176471,0.5714285714285714
RHipAngles_ax2,74,0.5882352941176471,0.5714285714285714
RHipAngles_ax2,75,0.5882352941176471,0.5714285714285714
RHipAngles_ax2,76,0.5882352941176471,0.5714285714285714
RHipAngles_ax2,77,0.5294117647058824,0.5714285714285714
RHipAngles_ax2,78,0.5294117647058824,0.5714285714285714
RHipAngles_ax2,79,0.5294117647058824,0.5714285714285714
RHipAngles_ax2,80,0.5294117647058824,0.5714285714285714
RHipAngles_ax2,81,0.5294117647058824,0.5714285714285714
RHipAngles_ax2,82,0.5294117647058824,0.5714285714285714
RHipAngles_ax2,83,0.5294117647058824,0.5714285714285714
RHipAngles_ax2,84,0.5294117647058824,0.5714285714285714
RHipAngles_ax2,85,0.5294117647058824,0.5714285714285714
RHipAngles_ax2,86,0.5294117647058824,0.5714285714285714
RHipAngles_ax2,87,0.5294117647058824,0.5714285714285714
RHipAngles_ax2,88,0.5294117647058824,0.5714285714285714
RHipAngles_ax2,89,0.5294117647058824,0.5714285714285714
RHipAngles_ax2,90,0.5294117647058824,0.6428571428571429
RHipAngles_ax2,91,0.5294117647058824,0.5714285714285714
RHipAngles_ax2,92,0.5294117647058824,0.5
RHipAngles_ax2,93,0.5294117647058824,0.5
RHipAngles_ax2,94,0.5294117647058824,0.5714285714285714
RHipAngles_ax2,95,0.5294117647058824,0.5714285714285714
RHipAngles_ax2,96,0.5294117647058824,0.5714285714285714
RHipAngles_ax2,97,0.5294117647058824,0.5714285714285714
RHipAngles_ax2,98,0.5294117647058824,0.5714285714285714
RHipAngles_ax2,99,0.5294117647058824,0.5714285714285714
RHipAngles_ax2,100,0.5294117647058824,0.5714285714285714
RHipAngles_ax3,0,0.5882352941176471,0.7857142857142857
RHipAngles_ax3,1,0.5882352941176471,0.7857142857142857
RHipAngles_ax3,2,0.5882352941176471,0.8571428571428571
RHipAngles_ax3,3,0.5882352941176471,0.8571428571428571
RHipAngles_ax3,4,0.5882352941176471,0.9285714285714286
RHipAngles_ax3,5,0.5882352941176471,0.7857142857142857
RHipAngles_ax3,6,0.5882352941176471,0.6428571428571429
RHipAngles_ax3,7,0.5882352941176471,0.7142857142857143
RHipAngles_ax3,8,0.5882352941176471,0.7142857142857143
RHipAngles_ax3,9,0.5882352941176471,0.6428571428571429
RHipAngles_ax3,10,0.5882352941176471,0.6428571428571429
RHipAngles_ax3,11,0.5882352941176471,0.7142857142857143
RHipAngles_ax3,12,0.5882352941176471,0.7857142857142857
RHipAngles_ax3,13,0.6470588235294118,0.7857142857142857
RHipAngles_ax3,14,0.6470588235294118,0.7857142857142857
RHipAngles_ax3,15,0.6470588235294118,0.8571428571428571
RHipAngles_ax3,16,0.5882352941176471,0.8571428571428571
RHipAngles_ax3,17,0.5882352941176471,0.8571428571428571
RHipAngles_ax3,18,0.5882352941176471,0.7857142857142857
RHipAngles_ax3,19,0.6470588235294118,0.6428571428571429
RHipAngles_ax3,20,0.6470588235294118,0.5714285714285714
RHipAngles_ax3,21,0.6470588235294118,0.5714285714285714
RHipAngles_ax3,22,0.6470588235294118,0.5714285714285714
RHipAngles_ax3,23,0.5882352941176471,0.6428571428571429
RHipAngles_ax3,24,0.5882352941176471,0.7142857142857143
RHipAngles_ax3,25,0.5882352941176471,0.7857142857142857
RHipAngles_ax3,26,0.5882352941176471,0.7857142857142857
RHipAngles_ax3,27,0.5882352941176471,0.8571428571428571
RHipAngles_ax3,28,0.5882352941176471,0.8571428571428571
RHipAngles_ax3,29,0.5882352941176471,0.8571428571428571
RHipAngles_ax3,30,0.5882352941176471,0.8571428571428571
RHipAngles_ax3,31,0.5882352941176471,0.8571428571428571
RHipAngles_ax3,32,0.5882352941176471,0.8571428571428571
RHipAngles_ax3,33,0.5882352941176471,0.7857142857142857
RHipAngles_ax3,34,0.6470588235294118,0.7857142857142857
RHipAngles_ax3,35,0.6470588235294118,0.7857142857142857
RHipAngles_ax3,36,0.6470588235294118,0.7857142857142857
RHipAngles_ax3,37,0.6470588235294118,0.7857142857142857
RHipAngles_ax3,38,0.6470588235294118,0.8571428571428571
RHipAngles_ax3,39,0.6470588235294118,0.7857142857142857
RHipAngles_ax3,40,0.6470588235294118,0.8571428571428571
RHipAngles_ax3,41,0.6470588235294118,0.8571428571428571
RHipAngles_ax3,42,0.6470588235294118,0.7857142857142857
RHipAngles_ax3,43,0.6470588235294118,0.7857142857142857
RHipAngles_ax3,44,0.6470588235294118,0.7857142857142857
RHipAngles_ax3,45,0.6470588235294118,0.7857142857142857
RHipAngles_ax3,46,0.5882352941176471,0.7857142857142857
RHipAngles_ax3,47,0.5882352941176471,0.7142857142857143
RHipAngles_ax3,48,0.5294117647058824,0.7142857142857143
RHipAngles_ax3,49,0.5294117647058824,0.6428571428571429
RHipAngles_ax3,50,0.5294117647058824,0.6428571428571429
RHipAngles_ax3,51,0.5294117647058824,0.6428571428571429
RHipAngles_ax3,52,0.5294117647058824,0.6428571428571429
RHipAngles_ax3,53,0.5294117647058824,0.8571428571428571
RHipAngles_ax3,54,0.5882352941176471,0.7857142857142857
RHipAngles_ax3,55,0.6470588235294118,0.7142857142857143
RHipAngles_ax3,56,0.6470588235294118,0.6428571428571429
RHipAngles_ax3,57,0.6470588235294118,0.5714285714285714
RHipAngles_ax3,58,0.5882352941176471,0.6428571428571429
RHipAngles_ax3,59,0.6470588235294118,0.6428571428571429
RHipAngles_ax3,60,0.6470588235294118,0.7142857142857143
RHipAngles_ax3,61,0.5882352941176471,0.7142857142857143
RHipAngles_ax3,62,0.5882352941176471,0.7857142857142857
RHipAngles_ax3,63,0.5294117647058824,0.7857142857142857
RHipAngles_ax3,64,0.5294117647058824,0.7857142857142857
RHipAngles_ax3,65,0.5882352941176471,0.8571428571428571
RHipAngles_ax3,66,0.5882352941176471,0.8571428571428571
RHipAngles_ax3,67,0.5882352941176471,0.8571428571428571
RHipAngles_ax3,68,0.5882352941176471,0.8571428571428571
RHipAngles_ax3,69,0.5882352941176471,0.6428571428571429
RHipAngles_ax3,70,0.5882352941176471,0.6428571428571429
RHipAngles_ax3,71,0.5882352941176471,0.6428571428571429
RHipAngles_ax3,72,0.5882352941176471,0.5714285714285714
RHipAngles_ax3,73,0.5882352941176471,0.6428571428571429
RHipAngles_ax3,74,0.5882352941176471,0.7142857142857143
RHipAngles_ax3,75,0.5882352941176471,0.7857142857142857
RHipAngles_ax3,76,0.5882352941176471,0.7857142857142857
RHipAngles_ax3,77,0.5882352941176471,0.7857142857142857
RHipAngles_ax3,78,0.5882352941176471,0.7857142857142857
RHipAngles_ax3,79,0.5882352941176471,0.7857142857142857
RHipAngles_ax3,80,0.5882352941176471,0.7142857142857143
RHipAngles_ax3,81,0.5882352941176471,0.6428571428571429
RHipAngles_ax3,82,0.5882352941176471,0.6428571428571429
RHipAngles_ax3,83,0.5294117647058824,0.6428571428571429
RHipAngles_ax3,84,0.5294117647058824,0.6428571428571429
RHipAngles_ax3,85,0.5294117647058824,0.6428571428571429
RHipAngles_ax3,86,0.5294117647058824,0.7142857142857143
RHipAngles_ax3,87,0.5294117647058824,0.7142857142857143
RHipAngles_ax3,88,0.5294117647058824,0.7142857142857143
RHipAngles_ax3,89,0.5294117647058824,0.7142857142857143
RHipAngles_ax3,90,0.5294117647058824,0.7142857142857143
RHipAngles_ax3,91,0.5294117647058824,0.7142857142857143
RHipAngles_ax3,92,0.5294117647058824,0.7857142857142857
RHipAngles_ax3,93,0.5294117647058824,0.7142857142857143
RHipAngles_ax3,94,0.5882352941176471,0.7142857142857143
RHipAngles_ax3,95,0.5882352941176471,0.7142857142857143
RHipAngles_ax3,96,0.5882352941176471,0.7142857142857143
RHipAngles_ax3,97,0.5882352941176471,0.7142857142857143
RHipAngles_ax3,98,0.5882352941176471,0.7857142857142857
RHipAngles_ax3,99,0.5882352941176471,0.7857142857142857
RHipAngles_ax3,100,0.5882352941176471,0.7857142857142857
LKJC_ax1,0,0.6470588235294118,0.6428571428571429
LKJC_ax1,1,0.6470588235294118,0.6428571428571429
LKJC_ax1,2,0.5882352941176471,0.6428571428571429
LKJC_ax1,3,0.5882352941176471,0.6428571428571429
LKJC_ax1,4,0.6470588235294118,0.7142857142857143
LKJC_ax1,5,0.6470588235294118,0.7142857142857143
LKJC_ax1,6,0.6470588235294118,0.7142857142857143
LKJC_ax1,7,0.6470588235294118,0.6428571428571429
LKJC_ax1,8,0.6470588235294118,0.6428571428571429
LKJC_ax1,9,0.6470588235294118,0.6428571428571429
LKJC_ax1,10,0.6470588235294118,0.7142857142857143
LKJC_ax1,11,0.6470588235294118,0.7142857142857143
LKJC_ax1,12,0.6470588235294118,0.5714285714285714
LKJC_ax1,13,0.5294117647058824,0.5
LKJC_ax1,14,0.5294117647058824,0.5
LKJC_ax1,15,0.5294117647058824,0.5
LKJC_ax1,16,0.5882352941176471,0.5
LKJC_ax1,17,0.5294117647058824,0.5
LKJC_ax1,18,0.5294117647058824,0.5
LKJC_ax1,19,0.5294117647058824,0.5
LKJC_ax1,20,0.5294117647058824,0.5
LKJC_ax1,21,0.5294117647058824,0.5
LKJC_ax1,22,0.5294117647058824,0.5
LKJC_ax1,23,0.5294117647058824,0.5714285714285714
LKJC_ax1,24,0.5294117647058824,0.5714285714285714
LKJC_ax1,25,0.5294117647058824,0.5714285714285714
LKJC_ax1,26,0.5294117647058824,0.5714285714285714
LKJC_ax1,27,0.5294117647058824,0.5
LKJC_ax1,28,0.5294117647058824,0.5
LKJC_ax1,29,0.5294117647058824,0.5
LKJC_ax1,30,0.5294117647058824,0.5714285714285714
LKJC_ax1,31,0.5294117647058824,0.7142857142857143
LKJC_ax1,32,0.5882352941176471,0.7142857142857143
LKJC_ax1,33,0.5882352941176471,0.7857142857142857
LKJC_ax1,34,0.5882352941176471,0.8571428571428571
LKJC_ax1,35,0.5882352941176471,0.7857142857142857
LKJC_ax1,36,0.5882352941176471,0.7857142857142857
LKJC_ax1,37,0.6470588235294118,0.7142857142857143
LKJC_ax1,38,0.6470588235294118,0.7142857142857143
LKJC_ax1,39,0.6470588235294118,0.7142857142857143
LKJC_ax1,40,0.5882352941176471,0.7142857142857143
LKJC_ax1,41,0.5882352941176471,0.7142857142857143
LKJC_ax1,42,0.5882352941176471,0.7142857142857143
LKJC_ax1,43,0.5882352941176471,0.6428571428571429
LKJC_ax1,44,0.5882352941176471,0.5714285714285714
LKJC_ax1,45,0.5882352941176471,0.5714285714285714
LKJC_ax1,46,0.5882352941176471,0.5714285714285714
LKJC_ax1,47,0.5882352941176471,0.5714285714285714
LKJC_ax1,48,0.5882352941176471,0.5714285714285714
LKJC_ax1,49,0.5882352941176471,0.5714285714285714
LKJC_ax1,50,0.5882352941176471,0.5714285714285714
LKJC_ax1,51,0.6470588235294118,0.5714285714285714
LKJC_ax1,52,0.6470588235294118,0.5714285714285714
LKJC_ax1,53,0.6470588235294118,0.5714285714285714
LKJC_ax1,54,0.5882352941176471,0.6428571428571429
LKJC_ax1,55,0.5882352941176471,0.6428571428571429
LKJC_ax1,56,0.5882352941176471,0.6428571428571429
LKJC_ax1,57,0.5882352941176471,0.7142857142857143
LKJC_ax1,58,0.5882352941176471,0.7142857142857143
LKJC_ax1,59,0.5882352941176471,0.7142857142857143
LKJC_ax1,60,0.5882352941176471,0.7142857142857143
LKJC_ax1,61,0.5882352941176471,0.6428571428571429
LKJC_ax1,62,0.5882352941176471,0.6428571428571429
LKJC_ax1,63,0.5882352941176471,0.6428571428571429
LKJC_ax1,64,0.5882352941176471,0.6428571428571429
LKJC_ax1,65,0.5294117647058824,0.6428571428571429
LKJC_ax1,66,0.5294117647058824,0.5714285714285714
LKJC_ax1,67,0.5294117647058824,0.6428571428571429
LKJC_ax1,68,0.5882352941176471,0.6428571428571429
LKJC_ax1,69,0.6470588235294118,0.6428571428571429
LKJC_ax1,70,0.6470588235294118,0.6428571428571429
LKJC_ax1,71,0.6470588235294118,0.6428571428571429
LKJC_ax1,72,0.7058823529411765,0.6428571428571429
LKJC_ax1,73,0.6470588235294118,0.6428571428571429
LKJC_ax1,74,0.7058823529411765,0.6428571428571429
LKJC_ax1,75,0.7058823529411765,0.6428571428571429
LKJC_ax1,76,0.7058823529411765,0.7142857142857143
LKJC_ax1,77,0.6470588235294118,0.7142857142857143
LKJC_ax1,78,0.6470588235294118,0.7142857142857143
LKJC_ax1,79,0.5882352941176471,0.7142857142857143
LKJC_ax1,80,0.5882352941176471,0.7142857142857143
LKJC_ax1,81,0.5882352941176471,0.7142857142857143
LKJC_ax1,82,0.5882352941176471,0.7142857142857143
LKJC_ax1,83,0.5882352941176471,0.7142857142857143
LKJC_ax1,84,0.5882352941176471,0.7142857142857143
LKJC_ax1,85,0.5882352941176471,0.7142857142857143
LKJC_ax1,86,0.5882352941176471,0.7142857142857143
LKJC_ax1,87,0.5882352941176471,0.7142857142857143
LKJC_ax1,88,0.5882352941176471,0.7142857142857143
LKJC_ax1,89,0.5882352941176471,0.7142857142857143
LKJC_ax1,90,0.5882352941176471,0.7142857142857143
LKJC_ax1,91,0.5882352941176471,0.7142857142857143
LKJC_ax1,92,0.5882352941176471,0.7142857142857143
LKJC_ax1,93,0.5882352941176471,0.7142857142857143
LKJC_ax1,94,0.5882352941176471,0.7857142857142857
LKJC_ax1,95,0.5882352941176471,0.7857142857142857
LKJC_ax1,96,0.5882352941176471,0.7857142857142857
LKJC_ax1,97,0.5882352941176471,0.7857142857142857
LKJC_ax1,98,0.5882352941176471,0.7857142857142857
LKJC_ax1,99,0.5882352941176471,0.7857142857142857
LKJC_ax1,100,0.5882352941176471,0.7857142857142857
LKJC_ax2,0,0.5882352941176471,0.7142857142857143
LKJC_ax2,1,0.5882352941176471,0.7142857142857143
LKJC_ax2,2,0.5294117647058824,0.7142857142857143
LKJC_ax2,3,0.5294117647058824,0.7142857142857143
LKJC_ax2,4,0.5294117647058824,0.7142857142857143
LKJC_ax2,5,0.5882352941176471,0.6428571428571429
LKJC_ax2,6,0.6470588235294118,0.6428571428571429
LKJC_ax2,7,0.6470588235294118,0.6428571428571429
LKJC_ax2,8,0.6470588235294118,0.6428571428571429
LKJC_ax2,9,0.6470588235294118,0.6428571428571429
LKJC_ax2,10,0.6470588235294118,0.7142857142857143
LKJC_ax2,11,0.7058823529411765,0.7142857142857143
LKJC_ax2,12,0.6470588235294118,0.7142857142857143
LKJC_ax2,13,0.7058823529411765,0.7142857142857143
LKJC_ax2,14,0.7058823529411765,0.7142857142857143
LKJC_ax2,15,0.7058823529411765,0.7142857142857143
LKJC_ax2,16,0.7058823529411765,0.7142857142857143
LKJC_ax2,17,0.6470588235294118,0.6428571428571429
LKJC_ax2,18,0.6470588235294118,0.6428571428571429
LKJC_ax2,19,0.5882352941176471,0.6428571428571429
LKJC_ax2,20,0.5882352941176471,0.6428571428571429
LKJC_ax2,21,0.5882352941176471,0.6428571428571429
LKJC_ax2,22,0.6470588235294118,0.6428571428571429
LKJC_ax2,23,0.5882352941176471,0.7142857142857143
LKJC_ax2,24,0.5882352941176471,0.7142857142857143
LKJC_ax2,25,0.6470588235294118,0.7142857142857143
LKJC_ax2,26,0.6470588235294118,0.7142857142857143
LKJC_ax2,27,0.6470588235294118,0.7142857142857143
LKJC_ax2,28,0.6470588235294118,0.7857142857142857
LKJC_ax2,29,0.6470588235294118,0.7142857142857143
LKJC_ax2,30,0.6470588235294118,0.7142857142857143
LKJC_ax2,31,0.6470588235294118,0.7142857142857143
LKJC_ax2,32,0.6470588235294118,0.7142857142857143
LKJC_ax2,33,0.6470588235294118,0.6428571428571429
LKJC_ax2,34,0.6470588235294118,0.6428571428571429
LKJC_ax2,35,0.6470588235294118,0.6428571428571429
LKJC_ax2,36,0.6470588235294118,0.5714285714285714
LKJC_ax2,37,0.6470588235294118,0.6428571428571429
LKJC_ax2,38,0.6470588235294118,0.6428571428571429
LKJC_ax2,39,0.6470588235294118,0.6428571428571429
LKJC_ax2,40,0.6470588235294118,0.6428571428571429
LKJC_ax2,41,0.6470588235294118,0.6428571428571429
LKJC_ax2,42,0.6470588235294118,0.6428571428571429
LKJC_ax2,43,0.6470588235294118,0.6428571428571429
LKJC_ax2,44,0.6470588235294118,0.6428571428571429
LKJC_ax2,45,0.6470588235294118,0.6428571428571429
LKJC_ax2,46,0.6470588235294118,0.6428571428571429
LKJC_ax2,47,0.6470588235294118,0.6428571428571429
LKJC_ax2,48,0.6470588235294118,0.6428571428571429
LKJC_ax2,49,0.6470588235294118,0.6428571428571429
LKJC_ax2,50,0.6470588235294118,0.6428571428571429
LKJC_ax2,51,0.6470588235294118,0.6428571428571429
LKJC_ax2,52,0.6470588235294118,0.6428571428571429
LKJC_ax2,53,0.6470588235294118,0.6428571428571429
LKJC_ax2,54,0.6470588235294118,0.6428571428571429
LKJC_ax2,55,0.6470588235294118,0.5714285714285714
LKJC_ax2,56,0.6470588235294118,0.5714285714285714
LKJC_ax2,57,0.6470588235294118,0.5714285714285714
LKJC_ax2,58,0.6470588235294118,0.5714285714285714
LKJC_ax2,59,0.6470588235294118,0.5714285714285714
LKJC_ax2,60,0.6470588235294118,0.5714285714285714
LKJC_ax2,61,0.6470588235294118,0.5714285714285714
LKJC_ax2,62,0.6470588235294118,0.5714285714285714
LKJC_ax2,63,0.6470588235294118,0.5714285714285714
LKJC_ax2,64,0.6470588235294118,0.6428571428571429
LKJC_ax2,65,0.5882352941176471,0.6428571428571429
LKJC_ax2,66,0.5882352941176471,0.6428571428571429
LKJC_ax2,67,0.6470588235294118,0.6428571428571429
LKJC_ax2,68,0.6470588235294118,0.6428571428571429
LKJC_ax2,69,0.6470588235294118,0.6428571428571429
LKJC_ax2,70,0.6470588235294118,0.6428571428571429
LKJC_ax2,71,0.6470588235294118,0.6428571428571429
LKJC_ax2,72,0.6470588235294118,0.6428571428571429
LKJC_ax2,73,0.6470588235294118,0.6428571428571429
LKJC_ax2,74,0.6470588235294118,0.6428571428571429
LKJC_ax2,75,0.6470588235294118,0.6428571428571429
LKJC_ax2,76,0.5882352941176471,0.6428571428571429
LKJC_ax2,77,0.5882352941176471,0.6428571428571429
LKJC_ax2,78,0.5882352941176471,0.6428571428571429
LKJC_ax2,79,0.5882352941176471,0.6428571428571429
LKJC_ax2,80,0.5882352941176471,0.6428571428571429
LKJC_ax2,81,0.5882352941176471,0.6428571428571429
LKJC_ax2,82,0.5882352941176471,0.6428571428571429
LKJC_ax2,83,0.6470588235294118,0.6428571428571429
LKJC_ax2,84,0.6470588235294118,0.5714285714285714
LKJC_ax2,85,0.6470588235294118,0.5714285714285714
LKJC_ax2,86,0.6470588235294118,0.5714285714285714
LKJC_ax2,87,0.6470588235294118,0.5714285714285714
LKJC_ax2,88,0.6470588235294118,0.5714285714285714
LKJC_ax2,89,0.6470588235294118,0.5714285714285714
LKJC_ax2,90,0.6470588235294118,0.5714285714285714
LKJC_ax2,91,0.6470588235294118,0.5714285714285714
LKJC_ax2,92,0.6470588235294118,0.5714285714285714
LKJC_ax2,93,0.6470588235294118,0.5714285714285714
LKJC_ax2,94,0.6470588235294118,0.5714285714285714
LKJC_ax2,95,0.6470588235294118,0.5714285714285714
LKJC_ax2,96,0.6470588235294118,0.5714285714285714
LKJC_ax2,97,0.6470588235294118,0.5714285714285714
LKJC_ax2,98,0.5882352941176471,0.5714285714285714
LKJC_ax2,99,0.5882352941176471,0.5714285714285714
LKJC_ax2,100,0.5882352941176471,0.5714285714285714
LKJC_ax3,0,0.6470588235294118,0.7142857142857143
LKJC_ax3,1,0.6470588235294118,0.5714285714285714
LKJC_ax3,2,0.6470588235294118,0.5714285714285714
LKJC_ax3,3,0.6470588235294118,0.5714285714285714
LKJC_ax3,4,0.6470588235294118,0.5714285714285714
LKJC_ax3,5,0.6470588235294118,0.5714285714285714
LKJC_ax3,6,0.6470588235294118,0.5714285714285714
LKJC_ax3,7,0.6470588235294118,0.5714285714285714
LKJC_ax3,8,0.5882352941176471,0.5714285714285714
LKJC_ax3,9,0.5294117647058824,0.5714285714285714
LKJC_ax3,10,0.5294117647058824,0.5
LKJC_ax3,11,0.5294117647058824,0.5714285714285714
LKJC_ax3,12,0.5294117647058824,0.5714285714285714
LKJC_ax3,13,0.5882352941176471,0.5714285714285714
LKJC_ax3,14,0.5882352941176471,0.5714285714285714
LKJC_ax3,15,0.5294117647058824,0.5714285714285714
LKJC_ax3,16,0.5294117647058824,0.5
LKJC_ax3,17,0.5294117647058824,0.5
LKJC_ax3,18,0.5294117647058824,0.5
LKJC_ax3,19,0.5294117647058824,0.5
LKJC_ax3,20,0.5294117647058824,0.5
LKJC_ax3,21,0.5294117647058824,0.5714285714285714
LKJC_ax3,22,0.5294117647058824,0.5
LKJC_ax3,23,0.5294117647058824,0.5
LKJC_ax3,24,0.5294117647058824,0.6428571428571429
LKJC_ax3,25,0.5294117647058824,0.6428571428571429
LKJC_ax3,26,0.5294117647058824,0.5714285714285714
LKJC_ax3,27,0.5294117647058824,0.5
LKJC_ax3,28,0.5294117647058824,0.5714285714285714
LKJC_ax3,29,0.5294117647058824,0.5714285714285714
LKJC_ax3,30,0.5294117647058824,0.7142857142857143
LKJC_ax3,31,0.5882352941176471,0.7857142857142857
LKJC_ax3,32,0.5882352941176471,0.6428571428571429
LKJC_ax3,33,0.5882352941176471,0.6428571428571429
LKJC_ax3,34,0.5882352941176471,0.7142857142857143
LKJC_ax3,35,0.5294117647058824,0.7857142857142857
LKJC_ax3,36,0.5294117647058824,0.7857142857142857
LKJC_ax3,37,0.5294117647058824,0.6428571428571429
LKJC_ax3,38,0.5294117647058824,0.6428571428571429
LKJC_ax3,39,0.5294117647058824,0.6428571428571429
LKJC_ax3,40,0.5294117647058824,0.6428571428571429
LKJC_ax3,41,0.5294117647058824,0.6428571428571429
LKJC_ax3,42,0.5294117647058824,0.6428571428571429
LKJC_ax3,43,0.5294117647058824,0.6428571428571429
LKJC_ax3,44,0.5882352941176471,0.6428571428571429
LKJC_ax3,45,0.5882352941176471,0.6428571428571429
LKJC_ax3,46,0.5882352941176471,0.6428571428571429
LKJC_ax3,47,0.5882352941176471,0.6428571428571429
LKJC_ax3,48,0.6470588235294118,0.6428571428571429
LKJC_ax3,49,0.6470588235294118,0.5714285714285714
LKJC_ax3,50,0.6470588235294118,0.5714285714285714
LKJC_ax3,51,0.5882352941176471,0.5714285714285714
LKJC_ax3,52,0.5882352941176471,0.5714285714285714
LKJC_ax3,53,0.5882352941176471,0.5714285714285714
LKJC_ax3,54,0.5294117647058824,0.5714285714285714
LKJC_ax3,55,0.5294117647058824,0.5714285714285714
LKJC_ax3,56,0.5294117647058824,0.5714285714285714
LKJC_ax3,57,0.5294117647058824,0.5
LKJC_ax3,58,0.5294117647058824,0.5714285714285714
LKJC_ax3,59,0.5294117647058824,0.5714285714285714
LKJC_ax3,60,0.5294117647058824,0.5714285714285714
LKJC_ax3,61,0.5294117647058824,0.5
LKJC_ax3,62,0.5294117647058824,0.5714285714285714
LKJC_ax3,63,0.5294117647058824,0.6428571428571429
LKJC_ax3,64,0.5294117647058824,0.6428571428571429
LKJC_ax3,65,0.5294117647058824,0.6428571428571429
LKJC_ax3,66,0.5294117647058824,0.6428571428571429
LKJC_ax3,67,0.5294117647058824,0.6428571428571429
LKJC_ax3,68,0.5294117647058824,0.5714285714285714
LKJC_ax3,69,0.5294117647058824,0.5714285714285714
LKJC_ax3,70,0.5294117647058824,0.6428571428571429
LKJC_ax3,71,0.5294117647058824,0.7142857142857143
LKJC_ax3,72,0.5882352941176471,0.8571428571428571
LKJC_ax3,73,0.5882352941176471,0.8571428571428571
LKJC_ax3,74,0.5882352941176471,0.7857142857142857
LKJC_ax3,75,0.5882352941176471,0.7857142857142857
LKJC_ax3,76,0.5882352941176471,0.7142857142857143
LKJC_ax3,77,0.5294117647058824,0.5
LKJC_ax3,78,0.5294117647058824,0.5
LKJC_ax3,79,0.5294117647058824,0.5
LKJC_ax3,80,0.5294117647058824,0.5
LKJC_ax3,81,0.5294117647058824,0.5
LKJC_ax3,82,0.5294117647058824,0.5
LKJC_ax3,83,0.5294117647058824,0.5714285714285714
LKJC_ax3,84,0.5294117647058824,0.6428571428571429
LKJC_ax3,85,0.5294117647058824,0.6428571428571429
LKJC_ax3,86,0.5294117647058824,0.5
LKJC_ax3,87,0.5294117647058824,0.5
LKJC_ax3,88,0.5882352941176471,0.5
LKJC_ax3,89,0.5882352941176471,0.5
LKJC_ax3,90,0.6470588235294118,0.5
LKJC_ax3,91,0.6470588235294118,0.5714285714285714
LKJC_ax3,92,0.6470588235294118,0.5714285714285714
LKJC_ax3,93,0.6470588235294118,0.5714285714285714
LKJC_ax3,94,0.6470588235294118,0.5714285714285714
LKJC_ax3,95,0.5882352941176471,0.6428571428571429
LKJC_ax3,96,0.5882352941176471,0.5714285714285714
LKJC_ax3,97,0.5882352941176471,0.5714285714285714
LKJC_ax3,98,0.6470588235294118,0.5714285714285714
LKJC_ax3,99,0.7058823529411765,0.5714285714285714
LKJC_ax3,100,0.6470588235294118,0.5714285714285714
RKJC_ax1,0,0.5294117647058824,0.5
RKJC_ax1,1,0.5294117647058824,0.5
RKJC_ax1,2,0.5294117647058824,0.5
RKJC_ax1,3,0.5294117647058824,0.5714285714285714
RKJC_ax1,4,0.5294117647058824,0.5714285714285714
RKJC_ax1,5,0.5294117647058824,0.5714285714285714
RKJC_ax1,6,0.5294117647058824,0.5
RKJC_ax1,7,0.5294117647058824,0.5
RKJC_ax1,8,0.5882352941176471,0.5
RKJC_ax1,9,0.5294117647058824,0.5
RKJC_ax1,10,0.5882352941176471,0.5714285714285714
RKJC_ax1,11,0.7058823529411765,0.5714285714285714
RKJC_ax1,12,0.5294117647058824,0.5714285714285714
RKJC_ax1,13,0.5294117647058824,0.5
RKJC_ax1,14,0.5294117647058824,0.5
RKJC_ax1,15,0.5294117647058824,0.5
RKJC_ax1,16,0.5882352941176471,0.5714285714285714
RKJC_ax1,17,0.5882352941176471,0.5714285714285714
RKJC_ax1,18,0.5882352941176471,0.5714285714285714
RKJC_ax1,19,0.5882352941176471,0.6428571428571429
RKJC_ax1,20,0.5882352941176471,0.5714285714285714
RKJC_ax1,21,0.5882352941176471,0.5714285714285714
RKJC_ax1,22,0.5882352941176471,0.5714285714285714
RKJC_ax1,23,0.5294117647058824,0.5
RKJC_ax1,24,0.5294117647058824,0.5
RKJC_ax1,25,0.5294117647058824,0.5
RKJC_ax1,26,0.5882352941176471,0.5714285714285714
RKJC_ax1,27,0.6470588235294118,0.6428571428571429
RKJC_ax1,28,0.6470588235294118,0.6428571428571429
RKJC_ax1,29,0.6470588235294118,0.7142857142857143
RKJC_ax1,30,0.6470588235294118,0.7142857142857143
RKJC_ax1,31,0.6470588235294118,0.7142857142857143
RKJC_ax1,32,0.6470588235294118,0.7142857142857143
RKJC_ax1,33,0.6470588235294118,0.7142857142857143
RKJC_ax1,34,0.7058823529411765,0.7857142857142857
RKJC_ax1,35,0.7058823529411765,0.7857142857142857
RKJC_ax1,36,0.7058823529411765,0.7857142857142857
RKJC_ax1,37,0.7058823529411765,0.8571428571428571
RKJC_ax1,38,0.7058823529411765,0.7857142857142857
RKJC_ax1,39,0.6470588235294118,0.7857142857142857
RKJC_ax1,40,0.6470588235294118,0.7857142857142857
RKJC_ax1,41,0.6470588235294118,0.8571428571428571
RKJC_ax1,42,0.6470588235294118,0.8571428571428571
RKJC_ax1,43,0.6470588235294118,0.7857142857142857
RKJC_ax1,44,0.6470588235294118,0.7142857142857143
RKJC_ax1,45,0.6470588235294118,0.7142857142857143
RKJC_ax1,46,0.6470588235294118,0.7142857142857143
RKJC_ax1,47,0.6470588235294118,0.7142857142857143
RKJC_ax1,48,0.6470588235294118,0.7142857142857143
RKJC_ax1,49,0.6470588235294118,0.7857142857142857
RKJC_ax1,50,0.6470588235294118,0.7857142857142857
RKJC_ax1,51,0.6470588235294118,0.7857142857142857
RKJC_ax1,52,0.5882352941176471,0.7142857142857143
RKJC_ax1,53,0.5882352941176471,0.7142857142857143
RKJC_ax1,54,0.5882352941176471,0.7142857142857143
RKJC_ax1,55,0.5882352941176471,0.7142857142857143
RKJC_ax1,56,0.5294117647058824,0.7142857142857143
RKJC_ax1,57,0.5294117647058824,0.7142857142857143
RKJC_ax1,58,0.5294117647058824,0.7142857142857143
RKJC_ax1,59,0.5294117647058824,0.5
RKJC_ax1,60,0.5294117647058824,0.5
RKJC_ax1,61,0.5294117647058824,0.5714285714285714
RKJC_ax1,62,0.5294117647058824,0.5714285714285714
RKJC_ax1,63,0.5294117647058824,0.5714285714285714
RKJC_ax1,64,0.5294117647058824,0.6428571428571429
RKJC_ax1,65,0.5882352941176471,0.6428571428571429
RKJC_ax1,66,0.5882352941176471,0.5714285714285714
RKJC_ax1,67,0.5294117647058824,0.5714285714285714
RKJC_ax1,68,0.5882352941176471,0.5
RKJC_ax1,69,0.5882352941176471,0.5
RKJC_ax1,70,0.5882352941176471,0.5
RKJC_ax1,71,0.5882352941176471,0.5714285714285714
RKJC_ax1,72,0.6470588235294118,0.6428571428571429
RKJC_ax1,73,0.7058823529411765,0.6428571428571429
RKJC_ax1,74,0.7058823529411765,0.6428571428571429
RKJC_ax1,75,0.7058823529411765,0.6428571428571429
RKJC_ax1,76,0.7058823529411765,0.6428571428571429
RKJC_ax1,77,0.7058823529411765,0.7142857142857143
RKJC_ax1,78,0.7058823529411765,0.7142857142857143
RKJC_ax1,79,0.7058823529411765,0.7142857142857143
RKJC_ax1,80,0.7058823529411765,0.7142857142857143
RKJC_ax1,81,0.7058823529411765,0.7142857142857143
RKJC_ax1,82,0.7058823529411765,0.7142857142857143
RKJC_ax1,83,0.7058823529411765,0.7142857142857143
RKJC_ax1,84,0.7058823529411765,0.7142857142857143
RKJC_ax1,85,0.7058823529411765,0.7142857142857143
RKJC_ax1,86,0.7058823529411765,0.7142857142857143
RKJC_ax1,87,0.6470588235294118,0.7142857142857143
RKJC_ax1,88,0.6470588235294118,0.7142857142857143
RKJC_ax1,89,0.6470588235294118,0.7142857142857143
RKJC_ax1,90,0.7058823529411765,0.7142857142857143
RKJC_ax1,91,0.7058823529411765,0.7142857142857143
RKJC_ax1,92,0.7058823529411765,0.7142857142857143
RKJC_ax1,93,0.7058823529411765,0.7142857142857143
RKJC_ax1,94,0.7058823529411765,0.7142857142857143
RKJC_ax1,95,0.7058823529411765,0.7142857142857143
RKJC_ax1,96,0.7058823529411765,0.7142857142857143
RKJC_ax1,97,0.7058823529411765,0.7142857142857143
RKJC_ax1,98,0.7058823529411765,0.7142857142857143
RKJC_ax1,99,0.7058823529411765,0.7142857142857143
RKJC_ax1,100,0.7058823529411765,0.7142857142857143
RKJC_ax2,0,0.7058823529411765,0.5714285714285714
RKJC_ax2,1,0.7058823529411765,0.5714285714285714
RKJC_ax2,2,0.7058823529411765,0.5714285714285714
RKJC_ax2,3,0.7058823529411765,0.5714285714285714
RKJC_ax2,4,0.7058823529411765,0.6428571428571429
RKJC_ax2,5,0.7058823529411765,0.6428571428571429
RKJC_ax2,6,0.6470588235294118,0.6428571428571429
RKJC_ax2,7,0.6470588235294118,0.6428571428571429
RKJC_ax2,8,0.6470588235294118,0.5714285714285714
RKJC_ax2,9,0.5882352941176471,0.5714285714285714
RKJC_ax2,10,0.5882352941176471,0.5714285714285714
RKJC_ax2,11,0.5882352941176471,0.5714285714285714
RKJC_ax2,12,0.5882352941176471,0.5
RKJC_ax2,13,0.5882352941176471,0.5
RKJC_ax2,14,0.5882352941176471,0.5
RKJC_ax2,15,0.5882352941176471,0.5
RKJC_ax2,16,0.5882352941176471,0.5
RKJC_ax2,17,0.5882352941176471,0.5
RKJC_ax2,18,0.5882352941176471,0.5
RKJC_ax2,19,0.5294117647058824,0.5
RKJC_ax2,20,0.5294117647058824,0.5
RKJC_ax2,21,0.5294117647058824,0.5
RKJC_ax2,22,0.5294117647058824,0.5
RKJC_ax2,23,0.5294117647058824,0.5
RKJC_ax2,24,0.5294117647058824,0.5
RKJC_ax2,25,0.5294117647058824,0.5
RKJC_ax2,26,0.5294117647058824,0.5
RKJC_ax2,27,0.5294117647058824,0.5
RKJC_ax2,28,0.5294117647058824,0.5
RKJC_ax2,29,0.5294117647058824,0.5
RKJC_ax2,30,0.5294117647058824,0.5
RKJC_ax2,31,0.5294117647058824,0.5
RKJC_ax2,32,0.5294117647058824,0.5
RKJC_ax2,33,0.5294117647058824,0.5
RKJC_ax2,34,0.5294117647058824,0.5714285714285714
RKJC_ax2,35,0.5294117647058824,0.6428571428571429
RKJC_ax2,36,0.5294117647058824,0.6428571428571429
RKJC_ax2,37,0.5294117647058824,0.6428571428571429
RKJC_ax2,38,0.5294117647058824,0.5714285714285714
RKJC_ax2,39,0.5294117647058824,0.5714285714285714
RKJC_ax2,40,0.5294117647058824,0.5714285714285714
RKJC_ax2,41,0.5294117647058824,0.5714285714285714
RKJC_ax2,42,0.5294117647058824,0.5
RKJC_ax2,43,0.5294117647058824,0.5
RKJC_ax2,44,0.5294117647058824,0.5
RKJC_ax2,45,0.5294117647058824,0.5714285714285714
RKJC_ax2,46,0.5294117647058824,0.5714285714285714
RKJC_ax2,47,0.5294117647058824,0.7142857142857143
RKJC_ax2,48,0.5294117647058824,0.7142857142857143
RKJC_ax2,49,0.5294117647058824,0.7142857142857143
RKJC_ax2,50,0.5294117647058824,0.5714285714285714
RKJC_ax2,51,0.5294117647058824,0.5
RKJC_ax2,52,0.5294117647058824,0.5
RKJC_ax2,53,0.5294117647058824,0.5
RKJC_ax2,54,0.5294117647058824,0.5
RKJC_ax2,55,0.5294117647058824,0.5
RKJC_ax2,56,0.5294117647058824,0.5
RKJC_ax2,57,0.5294117647058824,0.5
RKJC_ax2,58,0.5294117647058824,0.5714285714285714
RKJC_ax2,59,0.5294117647058824,0.5714285714285714
RKJC_ax2,60,0.5294117647058824,0.5
RKJC_ax2,61,0.5294117647058824,0.5
RKJC_ax2,62,0.5294117647058824,0.5
RKJC_ax2,63,0.5294117647058824,0.5
RKJC_ax2,64,0.5294117647058824,0.5714285714285714
RKJC_ax2,65,0.5294117647058824,0.5714285714285714
RKJC_ax2,66,0.5882352941176471,0.5714285714285714
RKJC_ax2,67,0.5882352941176471,0.5714285714285714
RKJC_ax2,68,0.5882352941176471,0.5714285714285714
RKJC_ax2,69,0.5294117647058824,0.5
RKJC_ax2,70,0.5294117647058824,0.5
RKJC_ax2,71,0.5294117647058824,0.5
RKJC_ax2,72,0.5294117647058824,0.5
RKJC_ax2,73,0.5294117647058824,0.5
RKJC_ax2,74,0.5294117647058824,0.5
RKJC_ax2,75,0.5294117647058824,0.5
RKJC_ax2,76,0.5294117647058824,0.5
RKJC_ax2,77,0.5294117647058824,0.5
RKJC_ax2,78,0.5294117647058824,0.5
RKJC_ax2,79,0.5294117647058824,0.5
RKJC_ax2,80,0.5294117647058824,0.5
RKJC_ax2,81,0.5294117647058824,0.5
RKJC_ax2,82,0.5294117647058824,0.5714285714285714
RKJC_ax2,83,0.5294117647058824,0.5714285714285714
RKJC_ax2,84,0.5294117647058824,0.5714285714285714
RKJC_ax2,85,0.5294117647058824,0.5
RKJC_ax2,86,0.5294117647058824,0.5714285714285714
RKJC_ax2,87,0.5294117647058824,0.5714285714285714
RKJC_ax2,88,0.5294117647058824,0.5714285714285714
RKJC_ax2,89,0.5294117647058824,0.5714285714285714
RKJC_ax2,90,0.5294117647058824,0.5714285714285714
RKJC_ax2,91,0.5294117647058824,0.5714285714285714
RKJC_ax2,92,0.5294117647058824,0.5714285714285714
RKJC_ax2,93,0.5294117647058824,0.5714285714285714
RKJC_ax2,94,0.5294117647058824,0.5714285714285714
RKJC_ax2,95,0.5294117647058824,0.5714285714285714
RKJC_ax2,96,0.5294117647058824,0.5714285714285714
RKJC_ax2,97,0.5882352941176471,0.5714285714285714
RKJC_ax2,98,0.5882352941176471,0.5714285714285714
RKJC_ax2,99,0.5882352941176471,0.5714285714285714
RKJC_ax2,100,0.5882352941176471,0.5714285714285714
RKJC_ax3,0,0.5882352941176471,0.5714285714285714
RKJC_ax3,1,0.5882352941176471,0.7142857142857143
RKJC_ax3,2,0.5882352941176471,0.7142857142857143
RKJC_ax3,3,0.5882352941176471,0.7142857142857143
RKJC_ax3,4,0.5882352941176471,0.7142857142857143
RKJC_ax3,5,0.5882352941176471,0.7142857142857143
RKJC_ax3,6,0.5882352941176471,0.7142857142857143
RKJC_ax3,7,0.5882352941176471,0.7142857142857143
RKJC_ax3,8,0.5882352941176471,0.6428571428571429
RKJC_ax3,9,0.5882352941176471,0.6428571428571429
RKJC_ax3,10,0.5882352941176471,0.6428571428571429
RKJC_ax3,11,0.5882352941176471,0.6428571428571429
RKJC_ax3,12,0.5882352941176471,0.6428571428571429
RKJC_ax3,13,0.6470588235294118,0.6428571428571429
RKJC_ax3,14,0.6470588235294118,0.6428571428571429
RKJC_ax3,15,0.6470588235294118,0.6428571428571429
RKJC_ax3,16,0.6470588235294118,0.7142857142857143
RKJC_ax3,17,0.6470588235294118,0.7142857142857143
RKJC_ax3,18,0.6470588235294118,0.7142857142857143
RKJC_ax3,19,0.5882352941176471,0.6428571428571429
RKJC_ax3,20,0.5882352941176471,0.6428571428571429
RKJC_ax3,21,0.5882352941176471,0.5714285714285714
RKJC_ax3,22,0.5882352941176471,0.5714285714285714
RKJC_ax3,23,0.5294117647058824,0.5
RKJC_ax3,24,0.5294117647058824,0.5714285714285714
RKJC_ax3,25,0.5294117647058824,0.5714285714285714
RKJC_ax3,26,0.5294117647058824,0.6428571428571429
RKJC_ax3,27,0.5294117647058824,0.6428571428571429
RKJC_ax3,28,0.5294117647058824,0.6428571428571429
RKJC_ax3,29,0.5882352941176471,0.7142857142857143
RKJC_ax3,30,0.5882352941176471,0.6428571428571429
RKJC_ax3,31,0.5882352941176471,0.7857142857142857
RKJC_ax3,32,0.5882352941176471,0.7857142857142857
RKJC_ax3,33,0.5882352941176471,0.7142857142857143
RKJC_ax3,34,0.6470588235294118,0.5714285714285714
RKJC_ax3,35,0.6470588235294118,0.5714285714285714
RKJC_ax3,36,0.6470588235294118,0.5714285714285714
RKJC_ax3,37,0.5882352941176471,0.5714285714285714
RKJC_ax3,38,0.5882352941176471,0.5
RKJC_ax3,39,0.5294117647058824,0.5
RKJC_ax3,40,0.5294117647058824,0.5
RKJC_ax3,41,0.5294117647058824,0.5
RKJC_ax3,42,0.5882352941176471,0.5
RKJC_ax3,43,0.5882352941176471,0.5
RKJC_ax3,44,0.5882352941176471,0.5
RKJC_ax3,45,0.5882352941176471,0.5
RKJC_ax3,46,0.5882352941176471,0.5
RKJC_ax3,47,0.5882352941176471,0.5
RKJC_ax3,48,0.6470588235294118,0.5714285714285714
RKJC_ax3,49,0.6470588235294118,0.5714285714285714
RKJC_ax3,50,0.6470588235294118,0.5714285714285714
RKJC_ax3,51,0.6470588235294118,0.5714285714285714
RKJC_ax3,52,0.6470588235294118,0.5714285714285714
RKJC_ax3,53,0.5882352941176471,0.5714285714285714
RKJC_ax3,54,0.5882352941176471,0.5
RKJC_ax3,55,0.5882352941176471,0.5
RKJC_ax3,56,0.5294117647058824,0.5
RKJC_ax3,57,0.5294117647058824,0.5
RKJC_ax3,58,0.5882352941176471,0.5
RKJC_ax3,59,0.6470588235294118,0.5
RKJC_ax3,60,0.7058823529411765,0.5714285714285714
RKJC_ax3,61,0.7058823529411765,0.5714285714285714
RKJC_ax3,62,0.7058823529411765,0.5714285714285714
RKJC_ax3,63,0.7058823529411765,0.5714285714285714
RKJC_ax3,64,0.7058823529411765,0.5714285714285714
RKJC_ax3,65,0.6470588235294118,0.5714285714285714
RKJC_ax3,66,0.6470588235294118,0.5714285714285714
RKJC_ax3,67,0.6470588235294118,0.5714285714285714
RKJC_ax3,68,0.5882352941176471,0.5714285714285714
RKJC_ax3,69,0.5294117647058824,0.5714285714285714
RKJC_ax3,70,0.5882352941176471,0.5714285714285714
RKJC_ax3,71,0.5882352941176471,0.5714285714285714
RKJC_ax3,72,0.6470588235294118,0.5714285714285714
RKJC_ax3,73,0.5882352941176471,0.5714285714285714
RKJC_ax3,74,0.5882352941176471,0.5
RKJC_ax3,75,0.5294117647058824,0.5714285714285714
RKJC_ax3,76,0.6470588235294118,0.6428571428571429
RKJC_ax3,77,0.5882352941176471,0.5714285714285714
RKJC_ax3,78,0.5882352941176471,0.5714285714285714
RKJC_ax3,79,0.5882352941176471,0.5714285714285714
RKJC_ax3,80,0.5882352941176471,0.6428571428571429
RKJC_ax3,81,0.5882352941176471,0.6428571428571429
RKJC_ax3,82,0.5294117647058824,0.5714285714285714
RKJC_ax3,83,0.5294117647058824,0.6428571428571429
RKJC_ax3,84,0.5294117647058824,0.5714285714285714
RKJC_ax3,85,0.5294117647058824,0.5714285714285714
RKJC_ax3,86,0.5294117647058824,0.6428571428571429
RKJC_ax3,87,0.5294117647058824,0.6428571428571429
RKJC_ax3,88,0.5294117647058824,0.6428571428571429
RKJC_ax3,89,0.5294117647058824,0.6428571428571429
RKJC_ax3,90,0.5294117647058824,0.6428571428571429
RKJC_ax3,91,0.5294117647058824,0.6428571428571429
RKJC_ax3,92,0.5294117647058824,0.6428571428571429
RKJC_ax3,93,0.5294117647058824,0.6428571428571429
RKJC_ax3,94,0.5294117647058824,0.6428571428571429
RKJC_ax3,95,0.5294117647058824,0.6428571428571429
RKJC_ax3,96,0.5294117647058824,0.6428571428571429
RKJC_ax3,97,0.5294117647058824,0.5714285714285714
RKJC_ax3,98,0.5294117647058824,0.5714285714285714
RKJC_ax3,99,0.5294117647058824,0.6428571428571429
RKJC_ax3,100,0.5294117647058824,0.5714285714285714
LKneeAngles_ax1,0,0.7058823529411765,0.7142857142857143
LKneeAngles_ax1,1,0.6470588235294118,0.7142857142857143
LKneeAngles_ax1,2,0.6470588235294118,0.7142857142857143
LKneeAngles_ax1,3,0.6470588235294118,0.7142857142857143
LKneeAngles_ax1,4,0.7058823529411765,0.7142857142857143
LKneeAngles_ax1,5,0.7058823529411765,0.7142857142857143
LKneeAngles_ax1,6,0.7058823529411765,0.7142857142857143
LKneeAngles_ax1,7,0.7058823529411765,0.7857142857142857
LKneeAngles_ax1,8,0.7058823529411765,0.7857142857142857
LKneeAngles_ax1,9,0.7058823529411765,0.7142857142857143
LKneeAngles_ax1,10,0.7647058823529411,0.7857142857142857
LKneeAngles_ax1,11,0.7647058823529411,0.8571428571428571
LKneeAngles_ax1,12,0.7647058823529411,0.8571428571428571
LKneeAngles_ax1,13,0.7647058823529411,0.7857142857142857
LKneeAngles_ax1,14,0.7647058823529411,0.7142857142857143
LKneeAngles_ax1,15,0.7058823529411765,0.6428571428571429
LKneeAngles_ax1,16,0.8235294117647058,0.6428571428571429
LKneeAngles_ax1,17,0.7647058823529411,0.6428571428571429
LKneeAngles_ax1,18,0.7058823529411765,0.6428571428571429
LKneeAngles_ax1,19,0.5882352941176471,0.5714285714285714
LKneeAngles_ax1,20,0.5882352941176471,0.6428571428571429
LKneeAngles_ax1,21,0.5882352941176471,0.6428571428571429
LKneeAngles_ax1,22,0.5882352941176471,0.6428571428571429
LKneeAngles_ax1,23,0.5882352941176471,0.6428571428571429
LKneeAngles_ax1,24,0.5882352941176471,0.6428571428571429
LKneeAngles_ax1,25,0.5882352941176471,0.6428571428571429
LKneeAngles_ax1,26,0.5882352941176471,0.6428571428571429
LKneeAngles_ax1,27,0.6470588235294118,0.6428571428571429
LKneeAngles_ax1,28,0.6470588235294118,0.6428571428571429
LKneeAngles_ax1,29,0.6470588235294118,0.6428571428571429
LKneeAngles_ax1,30,0.6470588235294118,0.6428571428571429
LKneeAngles_ax1,31,0.6470588235294118,0.6428571428571429
LKneeAngles_ax1,32,0.6470588235294118,0.6428571428571429
LKneeAngles_ax1,33,0.6470588235294118,0.6428571428571429
LKneeAngles_ax1,34,0.5882352941176471,0.6428571428571429
LKneeAngles_ax1,35,0.5882352941176471,0.6428571428571429
LKneeAngles_ax1,36,0.5882352941176471,0.6428571428571429
LKneeAngles_ax1,37,0.5882352941176471,0.5714285714285714
LKneeAngles_ax1,38,0.5882352941176471,0.5
LKneeAngles_ax1,39,0.5294117647058824,0.5
LKneeAngles_ax1,40,0.5882352941176471,0.5714285714285714
LKneeAngles_ax1,41,0.5882352941176471,0.5714285714285714
LKneeAngles_ax1,42,0.5294117647058824,0.5
LKneeAngles_ax1,43,0.6470588235294118,0.5714285714285714
LKneeAngles_ax1,44,0.5294117647058824,0.5714285714285714
LKneeAngles_ax1,45,0.5882352941176471,0.5
LKneeAngles_ax1,46,0.6470588235294118,0.5714285714285714
LKneeAngles_ax1,47,0.6470588235294118,0.5714285714285714
LKneeAngles_ax1,48,0.5882352941176471,0.7142857142857143
LKneeAngles_ax1,49,0.5882352941176471,0.7142857142857143
LKneeAngles_ax1,50,0.5294117647058824,0.5
LKneeAngles_ax1,51,0.5882352941176471,0.5
LKneeAngles_ax1,52,0.5882352941176471,0.5
LKneeAngles_ax1,53,0.5882352941176471,0.5714285714285714
LKneeAngles_ax1,54,0.5882352941176471,0.5714285714285714
LKneeAngles_ax1,55,0.5294117647058824,0.5
LKneeAngles_ax1,56,0.5294117647058824,0.5
LKneeAngles_ax1,57,0.5882352941176471,0.5
LKneeAngles_ax1,58,0.5882352941176471,0.6428571428571429
LKneeAngles_ax1,59,0.5294117647058824,0.6428571428571429
LKneeAngles_ax1,60,0.5882352941176471,0.6428571428571429
LKneeAngles_ax1,61,0.5882352941176471,0.6428571428571429
LKneeAngles_ax1,62,0.5882352941176471,0.6428571428571429
LKneeAngles_ax1,63,0.5294117647058824,0.6428571428571429
LKneeAngles_ax1,64,0.5882352941176471,0.6428571428571429
LKneeAngles_ax1,65,0.5882352941176471,0.6428571428571429
LKneeAngles_ax1,66,0.6470588235294118,0.6428571428571429
LKneeAngles_ax1,67,0.6470588235294118,0.6428571428571429
LKneeAngles_ax1,68,0.6470588235294118,0.7142857142857143
LKneeAngles_ax1,69,0.6470588235294118,0.7142857142857143
LKneeAngles_ax1,70,0.6470588235294118,0.7142857142857143
LKneeAngles_ax1,71,0.6470588235294118,0.7142857142857143
LKneeAngles_ax1,72,0.6470588235294118,0.7142857142857143
LKneeAngles_ax1,73,0.6470588235294118,0.7142857142857143
LKneeAngles_ax1,74,0.6470588235294118,0.7142857142857143
LKneeAngles_ax1,75,0.6470588235294118,0.7142857142857143
LKneeAngles_ax1,76,0.6470588235294118,0.7142857142857143
LKneeAngles_ax1,77,0.6470588235294118,0.7142857142857143
LKneeAngles_ax1,78,0.6470588235294118,0.6428571428571429
LKneeAngles_ax1,79,0.6470588235294118,0.6428571428571429
LKneeAngles_ax1,80,0.6470588235294118,0.6428571428571429
LKneeAngles_ax1,81,0.6470588235294118,0.6428571428571429
LKneeAngles_ax1,82,0.6470588235294118,0.6428571428571429
LKneeAngles_ax1,83,0.6470588235294118,0.6428571428571429
LKneeAngles_ax1,84,0.6470588235294118,0.6428571428571429
LKneeAngles_ax1,85,0.6470588235294118,0.6428571428571429
LKneeAngles_ax1,86,0.6470588235294118,0.6428571428571429
LKneeAngles_ax1,87,0.5882352941176471,0.6428571428571429
LKneeAngles_ax1,88,0.5882352941176471,0.6428571428571429
LKneeAngles_ax1,89,0.5882352941176471,0.6428571428571429
LKneeAngles_ax1,90,0.5882352941176471,0.5714285714285714
LKneeAngles_ax1,91,0.5294117647058824,0.5714285714285714
LKneeAngles_ax1,92,0.5294117647058824,0.5
LKneeAngles_ax1,93,0.5882352941176471,0.5
LKneeAngles_ax1,94,0.5882352941176471,0.6428571428571429
LKneeAngles_ax1,95,0.6470588235294118,0.5714285714285714
LKneeAngles_ax1,96,0.6470588235294118,0.6428571428571429
LKneeAngles_ax1,97,0.6470588235294118,0.6428571428571429
LKneeAngles_ax1,98,0.7058823529411765,0.5714285714285714
LKneeAngles_ax1,99,0.7647058823529411,0.5714285714285714
LKneeAngles_ax1,100,0.8235294117647058,0.6428571428571429
LKneeAngles_ax2,0,0.5882352941176471,0.5714285714285714
LKneeAngles_ax2,1,0.5882352941176471,0.5714285714285714
LKneeAngles_ax2,2,0.5882352941176471,0.5714285714285714
LKneeAngles_ax2,3,0.5882352941176471,0.5714285714285714
LKneeAngles_ax2,4,0.5882352941176471,0.5
LKneeAngles_ax2,5,0.5882352941176471,0.5
LKneeAngles_ax2,6,0.5882352941176471,0.5
LKneeAngles_ax2,7,0.5882352941176471,0.5714285714285714
LKneeAngles_ax2,8,0.5882352941176471,0.5714285714285714
LKneeAngles_ax2,9,0.5294117647058824,0.5714285714285714
LKneeAngles_ax2,10,0.5294117647058824,0.5
LKneeAngles_ax2,11,0.5294117647058824,0.5714285714285714
LKneeAngles_ax2,12,0.5294117647058824,0.6428571428571429
LKneeAngles_ax2,13,0.5882352941176471,0.5714285714285714
LKneeAngles_ax2,14,0.5294117647058824,0.5714285714285714
LKneeAngles_ax2,15,0.5294117647058824,0.5714285714285714
LKneeAngles_ax2,16,0.5882352941176471,0.5714285714285714
LKneeAngles_ax2,17,0.5294117647058824,0.7142857142857143
LKneeAngles_ax2,18,0.5294117647058824,0.5714285714285714
LKneeAngles_ax2,19,0.5294117647058824,0.5
LKneeAngles_ax2,20,0.5294117647058824,0.5
LKneeAngles_ax2,21,0.5294117647058824,0.5714285714285714
LKneeAngles_ax2,22,0.5294117647058824,0.5
LKneeAngles_ax2,23,0.5294117647058824,0.6428571428571429
LKneeAngles_ax2,24,0.5294117647058824,0.6428571428571429
LKneeAngles_ax2,25,0.5294117647058824,0.5714285714285714
LKneeAngles_ax2,26,0.5294117647058824,0.5714285714285714
LKneeAngles_ax2,27,0.5294117647058824,0.5714285714285714
LKneeAngles_ax2,28,0.5294117647058824,0.5714285714285714
LKneeAngles_ax2,29,0.5294117647058824,0.5714285714285714
LKneeAngles_ax2,30,0.5294117647058824,0.5714285714285714
LKneeAngles_ax2,31,0.5882352941176471,0.5714285714285714
LKneeAngles_ax2,32,0.5294117647058824,0.5714285714285714
LKneeAngles_ax2,33,0.5294117647058824,0.5
LKneeAngles_ax2,34,0.5294117647058824,0.5
LKneeAngles_ax2,35,0.5294117647058824,0.5
LKneeAngles_ax2,36,0.5882352941176471,0.5
LKneeAngles_ax2,37,0.5294117647058824,0.5
LKneeAngles_ax2,38,0.5294117647058824,0.5
LKneeAngles_ax2,39,0.5294117647058824,0.5
LKneeAngles_ax2,40,0.5294117647058824,0.5
LKneeAngles_ax2,41,0.5294117647058824,0.5
LKneeAngles_ax2,42,0.5294117647058824,0.5
LKneeAngles_ax2,43,0.5294117647058824,0.5
LKneeAngles_ax2,44,0.5294117647058824,0.5
LKneeAngles_ax2,45,0.5294117647058824,0.5714285714285714
LKneeAngles_ax2,46,0.5294117647058824,0.5
LKneeAngles_ax2,47,0.5294117647058824,0.5
LKneeAngles_ax2,48,0.5882352941176471,0.5714285714285714
LKneeAngles_ax2,49,0.5882352941176471,0.5714285714285714
LKneeAngles_ax2,50,0.5882352941176471,0.6428571428571429
LKneeAngles_ax2,51,0.5882352941176471,0.6428571428571429
LKneeAngles_ax2,52,0.5882352941176471,0.6428571428571429
LKneeAngles_ax2,53,0.5882352941176471,0.5714285714285714
LKneeAngles_ax2,54,0.5882352941176471,0.5714285714285714
LKneeAngles_ax2,55,0.5882352941176471,0.5714285714285714
LKneeAngles_ax2,56,0.5294117647058824,0.5
LKneeAngles_ax2,57,0.5294117647058824,0.5714285714285714
LKneeAngles_ax2,58,0.5294117647058824,0.5714285714285714
LKneeAngles_ax2,59,0.5294117647058824,0.5714285714285714
LKneeAngles_ax2,60,0.5294117647058824,0.5714285714285714
LKneeAngles_ax2,61,0.5294117647058824,0.5
LKneeAngles_ax2,62,0.5294117647058824,0.5714285714285714
LKneeAngles_ax2,63,0.5294117647058824,0.5714285714285714
LKneeAngles_ax2,64,0.5882352941176471,0.6428571428571429
LKneeAngles_ax2,65,0.5882352941176471,0.6428571428571429
LKneeAngles_ax2,66,0.5882352941176471,0.5714285714285714
LKneeAngles_ax2,67,0.5882352941176471,0.5714285714285714
LKneeAngles_ax2,68,0.5294117647058824,0.6428571428571429
LKneeAngles_ax2,69,0.5294117647058824,0.7142857142857143
LKneeAngles_ax2,70,0.5294117647058824,0.7142857142857143
LKneeAngles_ax2,71,0.5294117647058824,0.6428571428571429
LKneeAngles_ax2,72,0.5882352941176471,0.6428571428571429
LKneeAngles_ax2,73,0.5882352941176471,0.6428571428571429
LKneeAngles_ax2,74,0.5882352941176471,0.6428571428571429
LKneeAngles_ax2,75,0.5882352941176471,0.6428571428571429
LKneeAngles_ax2,76,0.5882352941176471,0.6428571428571429
LKneeAngles_ax2,77,0.5882352941176471,0.6428571428571429
LKneeAngles_ax2,78,0.5882352941176471,0.6428571428571429
LKneeAngles_ax2,79,0.5882352941176471,0.6428571428571429
LKneeAngles_ax2,80,0.5882352941176471,0.5714285714285714
LKneeAngles_ax2,81,0.5882352941176471,0.6428571428571429
LKneeAngles_ax2,82,0.5882352941176471,0.6428571428571429
LKneeAngles_ax2,83,0.5882352941176471,0.5714285714285714
LKneeAngles_ax2,84,0.5882352941176471,0.5714285714285714
LKneeAngles_ax2,85,0.5294117647058824,0.5714285714285714
LKneeAngles_ax2,86,0.5294117647058824,0.5714285714285714
LKneeAngles_ax2,87,0.5294117647058824,0.5714285714285714
LKneeAngles_ax2,88,0.5294117647058824,0.5714285714285714
LKneeAngles_ax2,89,0.5294117647058824,0.5714285714285714
LKneeAngles_ax2,90,0.5294117647058824,0.5714285714285714
LKneeAngles_ax2,91,0.5294117647058824,0.5714285714285714
LKneeAngles_ax2,92,0.5294117647058824,0.5714285714285714
LKneeAngles_ax2,93,0.5294117647058824,0.5
LKneeAngles_ax2,94,0.5294117647058824,0.5714285714285714
LKneeAngles_ax2,95,0.5294117647058824,0.5714285714285714
LKneeAngles_ax2,96,0.5294117647058824,0.5
LKneeAngles_ax2,97,0.5294117647058824,0.5714285714285714
LKneeAngles_ax2,98,0.5294117647058824,0.5714285714285714
LKneeAngles_ax2,99,0.5294117647058824,0.5714285714285714
LKneeAngles_ax2,100,0.5882352941176471,0.5714285714285714
LKneeAngles_ax3,0,0.5882352941176471,0.6428571428571429
LKneeAngles_ax3,1,0.5882352941176471,0.6428571428571429
LKneeAngles_ax3,2,0.5882352941176471,0.6428571428571429
LKneeAngles_ax3,3,0.5882352941176471,0.6428571428571429
LKneeAngles_ax3,4,0.5882352941176471,0.6428571428571429
LKneeAngles_ax3,5,0.5882352941176471,0.5714285714285714
LKneeAngles_ax3,6,0.5294117647058824,0.5
LKneeAngles_ax3,7,0.5882352941176471,0.5714285714285714
LKneeAngles_ax3,8,0.5882352941176471,0.7142857142857143
LKneeAngles_ax3,9,0.5882352941176471,0.7142857142857143
LKneeAngles_ax3,10,0.6470588235294118,0.7857142857142857
LKneeAngles_ax3,11,0.6470588235294118,0.7857142857142857
LKneeAngles_ax3,12,0.7058823529411765,0.7142857142857143
LKneeAngles_ax3,13,0.7058823529411765,0.6428571428571429
LKneeAngles_ax3,14,0.7058823529411765,0.6428571428571429
LKneeAngles_ax3,15,0.7058823529411765,0.6428571428571429
LKneeAngles_ax3,16,0.7058823529411765,0.7142857142857143
LKneeAngles_ax3,17,0.7058823529411765,0.7142857142857143
LKneeAngles_ax3,18,0.7058823529411765,0.7142857142857143
LKneeAngles_ax3,19,0.7058823529411765,0.7142857142857143
LKneeAngles_ax3,20,0.7058823529411765,0.7142857142857143
LKneeAngles_ax3,21,0.7058823529411765,0.7142857142857143
LKneeAngles_ax3,22,0.7058823529411765,0.7142857142857143
LKneeAngles_ax3,23,0.7058823529411765,0.7142857142857143
LKneeAngles_ax3,24,0.7058823529411765,0.7142857142857143
LKneeAngles_ax3,25,0.7058823529411765,0.7142857142857143
LKneeAngles_ax3,26,0.7058823529411765,0.7142857142857143
LKneeAngles_ax3,27,0.7058823529411765,0.7142857142857143
LKneeAngles_ax3,28,0.7058823529411765,0.7142857142857143
LKneeAngles_ax3,29,0.7058823529411765,0.7142857142857143
LKneeAngles_ax3,30,0.7058823529411765,0.7142857142857143
LKneeAngles_ax3,31,0.7058823529411765,0.7142857142857143
LKneeAngles_ax3,32,0.7058823529411765,0.7142857142857143
LKneeAngles_ax3,33,0.7058823529411765,0.6428571428571429
LKneeAngles_ax3,34,0.7058823529411765,0.6428571428571429
LKneeAngles_ax3,35,0.6470588235294118,0.6428571428571429
LKneeAngles_ax3,36,0.6470588235294118,0.6428571428571429
LKneeAngles_ax3,37,0.6470588235294118,0.6428571428571429
LKneeAngles_ax3,38,0.5882352941176471,0.7142857142857143
LKneeAngles_ax3,39,0.5882352941176471,0.7142857142857143
LKneeAngles_ax3,40,0.5882352941176471,0.6428571428571429
LKneeAngles_ax3,41,0.5882352941176471,0.6428571428571429
LKneeAngles_ax3,42,0.5882352941176471,0.6428571428571429
LKneeAngles_ax3,43,0.5882352941176471,0.6428571428571429
LKneeAngles_ax3,44,0.6470588235294118,0.6428571428571429
LKneeAngles_ax3,45,0.6470588235294118,0.6428571428571429
LKneeAngles_ax3,46,0.6470588235294118,0.6428571428571429
LKneeAngles_ax3,47,0.6470588235294118,0.6428571428571429
LKneeAngles_ax3,48,0.6470588235294118,0.6428571428571429
LKneeAngles_ax3,49,0.6470588235294118,0.7142857142857143
LKneeAngles_ax3,50,0.6470588235294118,0.7142857142857143
LKneeAngles_ax3,51,0.6470588235294118,0.7142857142857143
LKneeAngles_ax3,52,0.6470588235294118,0.7142857142857143
LKneeAngles_ax3,53,0.5882352941176471,0.7857142857142857
LKneeAngles_ax3,54,0.5882352941176471,0.7142857142857143
LKneeAngles_ax3,55,0.5882352941176471,0.6428571428571429
LKneeAngles_ax3,56,0.6470588235294118,0.5714285714285714
LKneeAngles_ax3,57,0.6470588235294118,0.7142857142857143
LKneeAngles_ax3,58,0.6470588235294118,0.7142857142857143
LKneeAngles_ax3,59,0.6470588235294118,0.6428571428571429
LKneeAngles_ax3,60,0.6470588235294118,0.6428571428571429
LKneeAngles_ax3,61,0.5882352941176471,0.5714285714285714
LKneeAngles_ax3,62,0.5882352941176471,0.6428571428571429
LKneeAngles_ax3,63,0.5882352941176471,0.6428571428571429
LKneeAngles_ax3,64,0.5882352941176471,0.6428571428571429
LKneeAngles_ax3,65,0.5882352941176471,0.6428571428571429
LKneeAngles_ax3,66,0.6470588235294118,0.7142857142857143
LKneeAngles_ax3,67,0.7058823529411765,0.7142857142857143
LKneeAngles_ax3,68,0.7058823529411765,0.7142857142857143
LKneeAngles_ax3,69,0.7058823529411765,0.7142857142857143
LKneeAngles_ax3,70,0.7058823529411765,0.7142857142857143
LKneeAngles_ax3,71,0.7058823529411765,0.7142857142857143
LKneeAngles_ax3,72,0.5882352941176471,0.7142857142857143
LKneeAngles_ax3,73,0.5882352941176471,0.5714285714285714
LKneeAngles_ax3,74,0.5882352941176471,0.5
LKneeAngles_ax3,75,0.5882352941176471,0.5714285714285714
LKneeAngles_ax3,76,0.5882352941176471,0.5714285714285714
LKneeAngles_ax3,77,0.5882352941176471,0.6428571428571429
LKneeAngles_ax3,78,0.5882352941176471,0.7142857142857143
LKneeAngles_ax3,79,0.5882352941176471,0.6428571428571429
LKneeAngles_ax3,80,0.5882352941176471,0.6428571428571429
LKneeAngles_ax3,81,0.6470588235294118,0.6428571428571429
LKneeAngles_ax3,82,0.6470588235294118,0.5714285714285714
LKneeAngles_ax3,83,0.6470588235294118,0.5714285714285714
LKneeAngles_ax3,84,0.6470588235294118,0.5714285714285714
LKneeAngles_ax3,85,0.6470588235294118,0.5714285714285714
LKneeAngles_ax3,86,0.6470588235294118,0.5714285714285714
LKneeAngles_ax3,87,0.6470588235294118,0.5714285714285714
LKneeAngles_ax3,88,0.6470588235294118,0.6428571428571429
LKneeAngles_ax3,89,0.6470588235294118,0.7142857142857143
LKneeAngles_ax3,90,0.6470588235294118,0.6428571428571429
LKneeAngles_ax3,91,0.6470588235294118,0.6428571428571429
LKneeAngles_ax3,92,0.6470588235294118,0.6428571428571429
LKneeAngles_ax3,93,0.5882352941176471,0.5714285714285714
LKneeAngles_ax3,94,0.5882352941176471,0.5714285714285714
LKneeAngles_ax3,95,0.5882352941176471,0.5714285714285714
LKneeAngles_ax3,96,0.5882352941176471,0.5714285714285714
LKneeAngles_ax3,97,0.5882352941176471,0.5
LKneeAngles_ax3,98,0.5882352941176471,0.5
LKneeAngles_ax3,99,0.5882352941176471,0.5714285714285714
LKneeAngles_ax3,100,0.5882352941176471,0.5714285714285714
RKneeAngles_ax1,0,0.6470588235294118,0.5714285714285714
RKneeAngles_ax1,1,0.6470588235294118,0.5714285714285714
RKneeAngles_ax1,2,0.6470588235294118,0.5714285714285714
RKneeAngles_ax1,3,0.7058823529411765,0.5
RKneeAngles_ax1,4,0.6470588235294118,0.5714285714285714
RKneeAngles_ax1,5,0.5882352941176471,0.5714285714285714
RKneeAngles_ax1,6,0.5294117647058824,0.5
RKneeAngles_ax1,7,0.5294117647058824,0.5
RKneeAngles_ax1,8,0.5294117647058824,0.5714285714285714
RKneeAngles_ax1,9,0.5882352941176471,0.5714285714285714
RKneeAngles_ax1,10,0.6470588235294118,0.5714285714285714
RKneeAngles_ax1,11,0.5882352941176471,0.5714285714285714
RKneeAngles_ax1,12,0.5294117647058824,0.5714285714285714
RKneeAngles_ax1,13,0.5294117647058824,0.5714285714285714
RKneeAngles_ax1,14,0.5294117647058824,0.6428571428571429
RKneeAngles_ax1,15,0.5882352941176471,0.7857142857142857
RKneeAngles_ax1,16,0.5882352941176471,0.7857142857142857
RKneeAngles_ax1,17,0.6470588235294118,0.7857142857142857
RKneeAngles_ax1,18,0.6470588235294118,0.7142857142857143
RKneeAngles_ax1,19,0.6470588235294118,0.7142857142857143
RKneeAngles_ax1,20,0.6470588235294118,0.7857142857142857
RKneeAngles_ax1,21,0.6470588235294118,0.7857142857142857
RKneeAngles_ax1,22,0.6470588235294118,0.7857142857142857
RKneeAngles_ax1,23,0.6470588235294118,0.7857142857142857
RKneeAngles_ax1,24,0.6470588235294118,0.7857142857142857
RKneeAngles_ax1,25,0.6470588235294118,0.7857142857142857
RKneeAngles_ax1,26,0.6470588235294118,0.7142857142857143
RKneeAngles_ax1,27,0.6470588235294118,0.6428571428571429
RKneeAngles_ax1,28,0.6470588235294118,0.6428571428571429
RKneeAngles_ax1,29,0.6470588235294118,0.6428571428571429
RKneeAngles_ax1,30,0.6470588235294118,0.6428571428571429
RKneeAngles_ax1,31,0.6470588235294118,0.6428571428571429
RKneeAngles_ax1,32,0.6470588235294118,0.7142857142857143
RKneeAngles_ax1,33,0.6470588235294118,0.7142857142857143
RKneeAngles_ax1,34,0.6470588235294118,0.7142857142857143
RKneeAngles_ax1,35,0.6470588235294118,0.7142857142857143
RKneeAngles_ax1,36,0.6470588235294118,0.7142857142857143
RKneeAngles_ax1,37,0.6470588235294118,0.7142857142857143
RKneeAngles_ax1,38,0.6470588235294118,0.7142857142857143
RKneeAngles_ax1,39,0.6470588235294118,0.7142857142857143
RKneeAngles_ax1,40,0.6470588235294118,0.6428571428571429
RKneeAngles_ax1,41,0.6470588235294118,0.5714285714285714
RKneeAngles_ax1,42,0.5882352941176471,0.5714285714285714
RKneeAngles_ax1,43,0.6470588235294118,0.6428571428571429
RKneeAngles_ax1,44,0.7058823529411765,0.7142857142857143
RKneeAngles_ax1,45,0.7058823529411765,0.7857142857142857
RKneeAngles_ax1,46,0.6470588235294118,0.7142857142857143
RKneeAngles_ax1,47,0.5882352941176471,0.7142857142857143
RKneeAngles_ax1,48,0.6470588235294118,0.5
RKneeAngles_ax1,49,0.6470588235294118,0.5714285714285714
RKneeAngles_ax1,50,0.7058823529411765,0.6428571428571429
RKneeAngles_ax1,51,0.7058823529411765,0.6428571428571429
RKneeAngles_ax1,52,0.7058823529411765,0.6428571428571429
RKneeAngles_ax1,53,0.7058823529411765,0.6428571428571429
RKneeAngles_ax1,54,0.6470588235294118,0.5714285714285714
RKneeAngles_ax1,55,0.6470588235294118,0.5714285714285714
RKneeAngles_ax1,56,0.5294117647058824,0.5
RKneeAngles_ax1,57,0.5294117647058824,0.5
RKneeAngles_ax1,58,0.5294117647058824,0.5714285714285714
RKneeAngles_ax1,59,0.5294117647058824,0.5
RKneeAngles_ax1,60,0.5294117647058824,0.5
RKneeAngles_ax1,61,0.5294117647058824,0.5
RKneeAngles_ax1,62,0.5294117647058824,0.5714285714285714
RKneeAngles_ax1,63,0.5294117647058824,0.6428571428571429
RKneeAngles_ax1,64,0.5294117647058824,0.7857142857142857
RKneeAngles_ax1,65,0.5882352941176471,0.7142857142857143
RKneeAngles_ax1,66,0.5882352941176471,0.7142857142857143
RKneeAngles_ax1,67,0.5882352941176471,0.7142857142857143
RKneeAngles_ax1,68,0.5882352941176471,0.7142857142857143
RKneeAngles_ax1,69,0.5882352941176471,0.7142857142857143
RKneeAngles_ax1,70,0.6470588235294118,0.7142857142857143
RKneeAngles_ax1,71,0.5882352941176471,0.7142857142857143
RKneeAngles_ax1,72,0.5882352941176471,0.7142857142857143
RKneeAngles_ax1,73,0.6470588235294118,0.7142857142857143
RKneeAngles_ax1,74,0.6470588235294118,0.7142857142857143
RKneeAngles_ax1,75,0.6470588235294118,0.7142857142857143
RKneeAngles_ax1,76,0.6470588235294118,0.7142857142857143
RKneeAngles_ax1,77,0.6470588235294118,0.6428571428571429
RKneeAngles_ax1,78,0.6470588235294118,0.6428571428571429
RKneeAngles_ax1,79,0.6470588235294118,0.6428571428571429
RKneeAngles_ax1,80,0.6470588235294118,0.6428571428571429
RKneeAngles_ax1,81,0.6470588235294118,0.6428571428571429
RKneeAngles_ax1,82,0.6470588235294118,0.6428571428571429
RKneeAngles_ax1,83,0.6470588235294118,0.7142857142857143
RKneeAngles_ax1,84,0.6470588235294118,0.7142857142857143
RKneeAngles_ax1,85,0.6470588235294118,0.7142857142857143
RKneeAngles_ax1,86,0.6470588235294118,0.6428571428571429
RKneeAngles_ax1,87,0.6470588235294118,0.6428571428571429
RKneeAngles_ax1,88,0.7647058823529411,0.6428571428571429
RKneeAngles_ax1,89,0.7647058823529411,0.6428571428571429
RKneeAngles_ax1,90,0.7058823529411765,0.6428571428571429
RKneeAngles_ax1,91,0.6470588235294118,0.6428571428571429
RKneeAngles_ax1,92,0.7058823529411765,0.7142857142857143
RKneeAngles_ax1,93,0.7058823529411765,0.8571428571428571
RKneeAngles_ax1,94,0.7058823529411765,0.9285714285714286
RKneeAngles_ax1,95,0.5882352941176471,0.7857142857142857
RKneeAngles_ax1,96,0.5882352941176471,0.6428571428571429
RKneeAngles_ax1,97,0.6470588235294118,0.6428571428571429
RKneeAngles_ax1,98,0.5882352941176471,0.5714285714285714
RKneeAngles_ax1,99,0.5294117647058824,0.5
RKneeAngles_ax1,100,0.5294117647058824,0.5
RKneeAngles_ax2,0,0.6470588235294118,0.5714285714285714
RKneeAngles_ax2,1,0.6470588235294118,0.5714285714285714
RKneeAngles_ax2,2,0.6470588235294118,0.5714285714285714
RKneeAngles_ax2,3,0.5882352941176471,0.5714285714285714
RKneeAngles_ax2,4,0.5882352941176471,0.5714285714285714
RKneeAngles_ax2,5,0.5882352941176471,0.5714285714285714
RKneeAngles_ax2,6,0.5882352941176471,0.5714285714285714
RKneeAngles_ax2,7,0.5882352941176471,0.5714285714285714
RKneeAngles_ax2,8,0.5882352941176471,0.5714285714285714
RKneeAngles_ax2,9,0.5882352941176471,0.5714285714285714
RKneeAngles_ax2,10,0.5294117647058824,0.5
RKneeAngles_ax2,11,0.5294117647058824,0.5
RKneeAngles_ax2,12,0.5294117647058824,0.5
RKneeAngles_ax2,13,0.5882352941176471,0.5714285714285714
RKneeAngles_ax2,14,0.5882352941176471,0.5714285714285714
RKneeAngles_ax2,15,0.5882352941176471,0.5714285714285714
RKneeAngles_ax2,16,0.5882352941176471,0.5714285714285714
RKneeAngles_ax2,17,0.5882352941176471,0.5714285714285714
RKneeAngles_ax2,18,0.5882352941176471,0.5714285714285714
RKneeAngles_ax2,19,0.5882352941176471,0.5714285714285714
RKneeAngles_ax2,20,0.5882352941176471,0.5714285714285714
RKneeAngles_ax2,21,0.5294117647058824,0.5714285714285714
RKneeAngles_ax2,22,0.5294117647058824,0.5714285714285714
RKneeAngles_ax2,23,0.5294117647058824,0.5714285714285714
RKneeAngles_ax2,24,0.5294117647058824,0.6428571428571429
RKneeAngles_ax2,25,0.5294117647058824,0.6428571428571429
RKneeAngles_ax2,26,0.5294117647058824,0.6428571428571429
RKneeAngles_ax2,27,0.5294117647058824,0.7142857142857143
RKneeAngles_ax2,28,0.5294117647058824,0.7142857142857143
RKneeAngles_ax2,29,0.5294117647058824,0.6428571428571429
RKneeAngles_ax2,30,0.5294117647058824,0.6428571428571429
RKneeAngles_ax2,31,0.5882352941176471,0.5714285714285714
RKneeAngles_ax2,32,0.5882352941176471,0.5714285714285714
RKneeAngles_ax2,33,0.5882352941176471,0.5714285714285714
RKneeAngles_ax2,34,0.5882352941176471,0.5714285714285714
RKneeAngles_ax2,35,0.5882352941176471,0.5714285714285714
RKneeAngles_ax2,36,0.5882352941176471,0.5714285714285714
RKneeAngles_ax2,37,0.6470588235294118,0.5714285714285714
RKneeAngles_ax2,38,0.6470588235294118,0.6428571428571429
RKneeAngles_ax2,39,0.7058823529411765,0.6428571428571429
RKneeAngles_ax2,40,0.7058823529411765,0.6428571428571429
RKneeAngles_ax2,41,0.7058823529411765,0.6428571428571429
RKneeAngles_ax2,42,0.7058823529411765,0.6428571428571429
RKneeAngles_ax2,43,0.6470588235294118,0.6428571428571429
RKneeAngles_ax2,44,0.6470588235294118,0.6428571428571429
RKneeAngles_ax2,45,0.6470588235294118,0.6428571428571429
RKneeAngles_ax2,46,0.6470588235294118,0.6428571428571429
RKneeAngles_ax2,47,0.6470588235294118,0.6428571428571429
RKneeAngles_ax2,48,0.7058823529411765,0.6428571428571429
RKneeAngles_ax2,49,0.7058823529411765,0.6428571428571429
RKneeAngles_ax2,50,0.7058823529411765,0.6428571428571429
RKneeAngles_ax2,51,0.7058823529411765,0.6428571428571429
RKneeAngles_ax2,52,0.7058823529411765,0.6428571428571429
RKneeAngles_ax2,53,0.7058823529411765,0.6428571428571429
RKneeAngles_ax2,54,0.7058823529411765,0.6428571428571429
RKneeAngles_ax2,55,0.7058823529411765,0.6428571428571429
RKneeAngles_ax2,56,0.5882352941176471,0.6428571428571429
RKneeAngles_ax2,57,0.5882352941176471,0.7142857142857143
RKneeAngles_ax2,58,0.5882352941176471,0.7142857142857143
RKneeAngles_ax2,59,0.5882352941176471,0.7142857142857143
RKneeAngles_ax2,60,0.5882352941176471,0.7857142857142857
RKneeAngles_ax2,61,0.5294117647058824,0.7857142857142857
RKneeAngles_ax2,62,0.5294117647058824,0.7857142857142857
RKneeAngles_ax2,63,0.5294117647058824,0.7857142857142857
RKneeAngles_ax2,64,0.5882352941176471,0.7857142857142857
RKneeAngles_ax2,65,0.5882352941176471,0.8571428571428571
RKneeAngles_ax2,66,0.5882352941176471,0.7857142857142857
RKneeAngles_ax2,67,0.5882352941176471,0.7857142857142857
RKneeAngles_ax2,68,0.5882352941176471,0.7857142857142857
RKneeAngles_ax2,69,0.5882352941176471,0.7142857142857143
RKneeAngles_ax2,70,0.5294117647058824,0.6428571428571429
RKneeAngles_ax2,71,0.5294117647058824,0.6428571428571429
RKneeAngles_ax2,72,0.5294117647058824,0.6428571428571429
RKneeAngles_ax2,73,0.5294117647058824,0.6428571428571429
RKneeAngles_ax2,74,0.5294117647058824,0.6428571428571429
RKneeAngles_ax2,75,0.5294117647058824,0.6428571428571429
RKneeAngles_ax2,76,0.5882352941176471,0.6428571428571429
RKneeAngles_ax2,77,0.5882352941176471,0.7857142857142857
RKneeAngles_ax2,78,0.5882352941176471,0.7857142857142857
RKneeAngles_ax2,79,0.5882352941176471,0.7857142857142857
RKneeAngles_ax2,80,0.5882352941176471,0.7857142857142857
RKneeAngles_ax2,81,0.5882352941176471,0.7857142857142857
RKneeAngles_ax2,82,0.5882352941176471,0.7142857142857143
RKneeAngles_ax2,83,0.5882352941176471,0.6428571428571429
RKneeAngles_ax2,84,0.5882352941176471,0.6428571428571429
RKneeAngles_ax2,85,0.5882352941176471,0.6428571428571429
RKneeAngles_ax2,86,0.6470588235294118,0.6428571428571429
RKneeAngles_ax2,87,0.6470588235294118,0.7142857142857143
RKneeAngles_ax2,88,0.6470588235294118,0.7142857142857143
RKneeAngles_ax2,89,0.5882352941176471,0.7142857142857143
RKneeAngles_ax2,90,0.5882352941176471,0.7142857142857143
RKneeAngles_ax2,91,0.5882352941176471,0.7142857142857143
RKneeAngles_ax2,92,0.5882352941176471,0.7142857142857143
RKneeAngles_ax2,93,0.5882352941176471,0.7142857142857143
RKneeAngles_ax2,94,0.5882352941176471,0.7142857142857143
RKneeAngles_ax2,95,0.5882352941176471,0.6428571428571429
RKneeAngles_ax2,96,0.6470588235294118,0.6428571428571429
RKneeAngles_ax2,97,0.6470588235294118,0.6428571428571429
RKneeAngles_ax2,98,0.6470588235294118,0.6428571428571429
RKneeAngles_ax2,99,0.6470588235294118,0.6428571428571429
RKneeAngles_ax2,100,0.6470588235294118,0.5714285714285714
RKneeAngles_ax3,0,0.5882352941176471,0.5
RKneeAngles_ax3,1,0.5294117647058824,0.5
RKneeAngles_ax3,2,0.5294117647058824,0.5
RKneeAngles_ax3,3,0.5294117647058824,0.5
RKneeAngles_ax3,4,0.5294117647058824,0.5
RKneeAngles_ax3,5,0.5882352941176471,0.5
RKneeAngles_ax3,6,0.5294117647058824,0.5
RKneeAngles_ax3,7,0.5882352941176471,0.5
RKneeAngles_ax3,8,0.5882352941176471,0.5
RKneeAngles_ax3,9,0.5294117647058824,0.5
RKneeAngles_ax3,10,0.5882352941176471,0.5
RKneeAngles_ax3,11,0.5882352941176471,0.5
RKneeAngles_ax3,12,0.5882352941176471,0.5
RKneeAngles_ax3,13,0.5882352941176471,0.5
RKneeAngles_ax3,14,0.5882352941176471,0.5
RKneeAngles_ax3,15,0.5294117647058824,0.5
RKneeAngles_ax3,16,0.5294117647058824,0.5
RKneeAngles_ax3,17,0.5882352941176471,0.5
RKneeAngles_ax3,18,0.5882352941176471,0.5
RKneeAngles_ax3,19,0.5882352941176471,0.5714285714285714
RKneeAngles_ax3,20,0.5882352941176471,0.5
RKneeAngles_ax3,21,0.5294117647058824,0.5
RKneeAngles_ax3,22,0.5294117647058824,0.5
RKneeAngles_ax3,23,0.5294117647058824,0.5
RKneeAngles_ax3,24,0.5294117647058824,0.5
RKneeAngles_ax3,25,0.5294117647058824,0.5
RKneeAngles_ax3,26,0.5882352941176471,0.5714285714285714
RKneeAngles_ax3,27,0.5882352941176471,0.5714285714285714
RKneeAngles_ax3,28,0.5882352941176471,0.6428571428571429
RKneeAngles_ax3,29,0.5882352941176471,0.6428571428571429
RKneeAngles_ax3,30,0.6470588235294118,0.5714285714285714
RKneeAngles_ax3,31,0.6470588235294118,0.5
RKneeAngles_ax3,32,0.5882352941176471,0.5714285714285714
RKneeAngles_ax3,33,0.5882352941176471,0.5714285714285714
RKneeAngles_ax3,34,0.5882352941176471,0.5714285714285714
RKneeAngles_ax3,35,0.5882352941176471,0.5
RKneeAngles_ax3,36,0.5294117647058824,0.5
RKneeAngles_ax3,37,0.5294117647058824,0.5
RKneeAngles_ax3,38,0.5294117647058824,0.5
RKneeAngles_ax3,39,0.5294117647058824,0.5
RKneeAngles_ax3,40,0.5294117647058824,0.5
RKneeAngles_ax3,41,0.5294117647058824,0.5
RKneeAngles_ax3,42,0.5294117647058824,0.5
RKneeAngles_ax3,43,0.5294117647058824,0.5
RKneeAngles_ax3,44,0.5294117647058824,0.5
RKneeAngles_ax3,45,0.5882352941176471,0.5
RKneeAngles_ax3,46,0.5882352941176471,0.5714285714285714
RKneeAngles_ax3,47,0.5882352941176471,0.5714285714285714
RKneeAngles_ax3,48,0.5882352941176471,0.5714285714285714
RKneeAngles_ax3,49,0.5294117647058824,0.5714285714285714
RKneeAngles_ax3,50,0.5882352941176471,0.5714285714285714
RKneeAngles_ax3,51,0.5882352941176471,0.5714285714285714
RKneeAngles_ax3,52,0.5882352941176471,0.5714285714285714
RKneeAngles_ax3,53,0.5882352941176471,0.5714285714285714
RKneeAngles_ax3,54,0.5294117647058824,0.5
RKneeAngles_ax3,55,0.5294117647058824,0.5
RKneeAngles_ax3,56,0.5882352941176471,0.5714285714285714
RKneeAngles_ax3,57,0.5882352941176471,0.5
RKneeAngles_ax3,58,0.5882352941176471,0.5
RKneeAngles_ax3,59,0.5294117647058824,0.5
RKneeAngles_ax3,60,0.5294117647058824,0.5
RKneeAngles_ax3,61,0.5294117647058824,0.5
RKneeAngles_ax3,62,0.7058823529411765,0.5714285714285714
RKneeAngles_ax3,63,0.7058823529411765,0.5714285714285714
RKneeAngles_ax3,64,0.7058823529411765,0.5714285714285714
RKneeAngles_ax3,65,0.7058823529411765,0.5714285714285714
RKneeAngles_ax3,66,0.7058823529411765,0.6428571428571429
RKneeAngles_ax3,67,0.7058823529411765,0.5714285714285714
RKneeAngles_ax3,68,0.6470588235294118,0.5714285714285714
RKneeAngles_ax3,69,0.5882352941176471,0.5714285714285714
RKneeAngles_ax3,70,0.5882352941176471,0.5714285714285714
RKneeAngles_ax3,71,0.5882352941176471,0.5
RKneeAngles_ax3,72,0.5882352941176471,0.5
RKneeAngles_ax3,73,0.5882352941176471,0.5
RKneeAngles_ax3,74,0.5294117647058824,0.5
RKneeAngles_ax3,75,0.5882352941176471,0.5
RKneeAngles_ax3,76,0.5882352941176471,0.5714285714285714
RKneeAngles_ax3,77,0.6470588235294118,0.5714285714285714
RKneeAngles_ax3,78,0.6470588235294118,0.6428571428571429
RKneeAngles_ax3,79,0.6470588235294118,0.5714285714285714
RKneeAngles_ax3,80,0.6470588235294118,0.6428571428571429
RKneeAngles_ax3,81,0.6470588235294118,0.6428571428571429
RKneeAngles_ax3,82,0.6470588235294118,0.6428571428571429
RKneeAngles_ax3,83,0.7058823529411765,0.6428571428571429
RKneeAngles_ax3,84,0.7058823529411765,0.6428571428571429
RKneeAngles_ax3,85,0.7058823529411765,0.5714285714285714
RKneeAngles_ax3,86,0.7058823529411765,0.5714285714285714
RKneeAngles_ax3,87,0.7647058823529411,0.5714285714285714
RKneeAngles_ax3,88,0.7647058823529411,0.5714285714285714
RKneeAngles_ax3,89,0.7647058823529411,0.5714285714285714
RKneeAngles_ax3,90,0.7058823529411765,0.5714285714285714
RKneeAngles_ax3,91,0.6470588235294118,0.5714285714285714
RKneeAngles_ax3,92,0.6470588235294118,0.5714285714285714
RKneeAngles_ax3,93,0.5882352941176471,0.5714285714285714
RKneeAngles_ax3,94,0.5882352941176471,0.5
RKneeAngles_ax3,95,0.5294117647058824,0.5
RKneeAngles_ax3,96,0.5294117647058824,0.5
RKneeAngles_ax3,97,0.5294117647058824,0.5
RKneeAngles_ax3,98,0.5294117647058824,0.5
RKneeAngles_ax3,99,0.5294117647058824,0.5
RKneeAngles_ax3,100,0.5294117647058824,0.5
LAJC_ax1,0,0.7058823529411765,0.7142857142857143
LAJC_ax1,1,0.7058823529411765,0.7142857142857143
LAJC_ax1,2,0.7058823529411765,0.7142857142857143
LAJC_ax1,3,0.6470588235294118,0.7142857142857143
LAJC_ax1,4,0.6470588235294118,0.7142857142857143
LAJC_ax1,5,0.6470588235294118,0.7142857142857143
LAJC_ax1,6,0.5882352941176471,0.7142857142857143
LAJC_ax1,7,0.5294117647058824,0.7142857142857143
LAJC_ax1,8,0.5294117647058824,0.7142857142857143
LAJC_ax1,9,0.5294117647058824,0.7142857142857143
LAJC_ax1,10,0.5294117647058824,0.6428571428571429
LAJC_ax1,11,0.5294117647058824,0.6428571428571429
LAJC_ax1,12,0.5294117647058824,0.6428571428571429
LAJC_ax1,13,0.5294117647058824,0.5
LAJC_ax1,14,0.5294117647058824,0.5714285714285714
LAJC_ax1,15,0.5294117647058824,0.5714285714285714
LAJC_ax1,16,0.5882352941176471,0.5
LAJC_ax1,17,0.6470588235294118,0.6428571428571429
LAJC_ax1,18,0.5294117647058824,0.6428571428571429
LAJC_ax1,19,0.5294117647058824,0.7142857142857143
LAJC_ax1,20,0.5882352941176471,0.7142857142857143
LAJC_ax1,21,0.5882352941176471,0.7142857142857143
LAJC_ax1,22,0.5882352941176471,0.5714285714285714
LAJC_ax1,23,0.5882352941176471,0.5714285714285714
LAJC_ax1,24,0.5882352941176471,0.5
LAJC_ax1,25,0.5294117647058824,0.5
LAJC_ax1,26,0.5882352941176471,0.5
LAJC_ax1,27,0.5882352941176471,0.5
LAJC_ax1,28,0.5882352941176471,0.6428571428571429
LAJC_ax1,29,0.5882352941176471,0.6428571428571429
LAJC_ax1,30,0.5882352941176471,0.5
LAJC_ax1,31,0.5294117647058824,0.5714285714285714
LAJC_ax1,32,0.5294117647058824,0.5714285714285714
LAJC_ax1,33,0.5882352941176471,0.5714285714285714
LAJC_ax1,34,0.5882352941176471,0.5714285714285714
LAJC_ax1,35,0.5882352941176471,0.7142857142857143
LAJC_ax1,36,0.5882352941176471,0.7857142857142857
LAJC_ax1,37,0.5882352941176471,0.7857142857142857
LAJC_ax1,38,0.6470588235294118,0.8571428571428571
LAJC_ax1,39,0.7058823529411765,0.8571428571428571
LAJC_ax1,40,0.7058823529411765,0.7857142857142857
LAJC_ax1,41,0.7058823529411765,0.5714285714285714
LAJC_ax1,42,0.7058823529411765,0.7142857142857143
LAJC_ax1,43,0.6470588235294118,0.7142857142857143
LAJC_ax1,44,0.6470588235294118,0.7857142857142857
LAJC_ax1,45,0.5882352941176471,0.7142857142857143
LAJC_ax1,46,0.5882352941176471,0.7142857142857143
LAJC_ax1,47,0.6470588235294118,0.6428571428571429
LAJC_ax1,48,0.7058823529411765,0.6428571428571429
LAJC_ax1,49,0.7058823529411765,0.5714285714285714
LAJC_ax1,50,0.7058823529411765,0.5714285714285714
LAJC_ax1,51,0.7058823529411765,0.6428571428571429
LAJC_ax1,52,0.7058823529411765,0.6428571428571429
LAJC_ax1,53,0.7058823529411765,0.6428571428571429
LAJC_ax1,54,0.7058823529411765,0.6428571428571429
LAJC_ax1,55,0.7058823529411765,0.6428571428571429
LAJC_ax1,56,0.7058823529411765,0.6428571428571429
LAJC_ax1,57,0.7058823529411765,0.6428571428571429
LAJC_ax1,58,0.7058823529411765,0.6428571428571429
LAJC_ax1,59,0.7058823529411765,0.6428571428571429
LAJC_ax1,60,0.7058823529411765,0.6428571428571429
LAJC_ax1,61,0.7058823529411765,0.6428571428571429
LAJC_ax1,62,0.7058823529411765,0.6428571428571429
LAJC_ax1,63,0.7058823529411765,0.6428571428571429
LAJC_ax1,64,0.7058823529411765,0.6428571428571429
LAJC_ax1,65,0.6470588235294118,0.6428571428571429
LAJC_ax1,66,0.5882352941176471,0.6428571428571429
LAJC_ax1,67,0.6470588235294118,0.7142857142857143
LAJC_ax1,68,0.6470588235294118,0.7142857142857143
LAJC_ax1,69,0.5882352941176471,0.7857142857142857
LAJC_ax1,70,0.5882352941176471,0.8571428571428571
LAJC_ax1,71,0.5882352941176471,0.7857142857142857
LAJC_ax1,72,0.5882352941176471,0.7857142857142857
LAJC_ax1,73,0.5882352941176471,0.6428571428571429
LAJC_ax1,74,0.5882352941176471,0.6428571428571429
LAJC_ax1,75,0.5882352941176471,0.6428571428571429
LAJC_ax1,76,0.5294117647058824,0.5
LAJC_ax1,77,0.5294117647058824,0.5
LAJC_ax1,78,0.5882352941176471,0.6428571428571429
LAJC_ax1,79,0.5294117647058824,0.6428571428571429
LAJC_ax1,80,0.5294117647058824,0.7142857142857143
LAJC_ax1,81,0.5294117647058824,0.6428571428571429
LAJC_ax1,82,0.6470588235294118,0.6428571428571429
LAJC_ax1,83,0.7058823529411765,0.5714285714285714
LAJC_ax1,84,0.5882352941176471,0.5714285714285714
LAJC_ax1,85,0.5882352941176471,0.6428571428571429
LAJC_ax1,86,0.5882352941176471,0.6428571428571429
LAJC_ax1,87,0.5882352941176471,0.7142857142857143
LAJC_ax1,88,0.5882352941176471,0.7142857142857143
LAJC_ax1,89,0.5882352941176471,0.7857142857142857
LAJC_ax1,90,0.5882352941176471,0.7857142857142857
LAJC_ax1,91,0.5882352941176471,0.7857142857142857
LAJC_ax1,92,0.5882352941176471,0.7857142857142857
LAJC_ax1,93,0.5882352941176471,0.7857142857142857
LAJC_ax1,94,0.5882352941176471,0.7857142857142857
LAJC_ax1,95,0.5294117647058824,0.7857142857142857
LAJC_ax1,96,0.5294117647058824,0.7857142857142857
LAJC_ax1,97,0.5294117647058824,0.7857142857142857
LAJC_ax1,98,0.5294117647058824,0.7857142857142857
LAJC_ax1,99,0.5294117647058824,0.7857142857142857
LAJC_ax1,100,0.5294117647058824,0.7857142857142857
LAJC_ax2,0,0.5294117647058824,0.5
LAJC_ax2,1,0.5294117647058824,0.5
LAJC_ax2,2,0.5294117647058824,0.5
LAJC_ax2,3,0.5294117647058824,0.5
LAJC_ax2,4,0.5294117647058824,0.5
LAJC_ax2,5,0.5294117647058824,0.5
LAJC_ax2,6,0.5294117647058824,0.5714285714285714
LAJC_ax2,7,0.5294117647058824,0.5714285714285714
LAJC_ax2,8,0.5294117647058824,0.5714285714285714
LAJC_ax2,9,0.5294117647058824,0.5714285714285714
LAJC_ax2,10,0.5294117647058824,0.5714285714285714
LAJC_ax2,11,0.5294117647058824,0.5714285714285714
LAJC_ax2,12,0.5294117647058824,0.5
LAJC_ax2,13,0.5294117647058824,0.5
LAJC_ax2,14,0.5294117647058824,0.5
LAJC_ax2,15,0.5294117647058824,0.5
LAJC_ax2,16,0.5294117647058824,0.5
LAJC_ax2,17,0.5294117647058824,0.5
LAJC_ax2,18,0.5882352941176471,0.5
LAJC_ax2,19,0.5882352941176471,0.5714285714285714
LAJC_ax2,20,0.5294117647058824,0.5714285714285714
LAJC_ax2,21,0.5882352941176471,0.5714285714285714
LAJC_ax2,22,0.5294117647058824,0.5714285714285714
LAJC_ax2,23,0.5294117647058824,0.5
LAJC_ax2,24,0.5294117647058824,0.5
LAJC_ax2,25,0.5294117647058824,0.5
LAJC_ax2,26,0.5294117647058824,0.5
LAJC_ax2,27,0.5294117647058824,0.5
LAJC_ax2,28,0.5294117647058824,0.5
LAJC_ax2,29,0.5294117647058824,0.5
LAJC_ax2,30,0.5294117647058824,0.5
LAJC_ax2,31,0.5294117647058824,0.5
LAJC_ax2,32,0.5294117647058824,0.5
LAJC_ax2,33,0.5882352941176471,0.7142857142857143
LAJC_ax2,34,0.6470588235294118,0.7142857142857143
LAJC_ax2,35,0.6470588235294118,0.7142857142857143
LAJC_ax2,36,0.6470588235294118,0.7857142857142857
LAJC_ax2,37,0.6470588235294118,0.7142857142857143
LAJC_ax2,38,0.6470588235294118,0.7142857142857143
LAJC_ax2,39,0.6470588235294118,0.7857142857142857
LAJC_ax2,40,0.6470588235294118,0.7857142857142857
LAJC_ax2,41,0.6470588235294118,0.7857142857142857
LAJC_ax2,42,0.6470588235294118,0.7857142857142857
LAJC_ax2,43,0.6470588235294118,0.7857142857142857
LAJC_ax2,44,0.6470588235294118,0.7857142857142857
LAJC_ax2,45,0.6470588235294118,0.7857142857142857
LAJC_ax2,46,0.6470588235294118,0.7857142857142857
LAJC_ax2,47,0.6470588235294118,0.7857142857142857
LAJC_ax2,48,0.6470588235294118,0.7857142857142857
LAJC_ax2,49,0.6470588235294118,0.7857142857142857
LAJC_ax2,50,0.6470588235294118,0.7857142857142857
LAJC_ax2,51,0.6470588235294118,0.7857142857142857
LAJC_ax2,52,0.6470588235294118,0.7142857142857143
LAJC_ax2,53,0.6470588235294118,0.6428571428571429
LAJC_ax2,54,0.6470588235294118,0.5714285714285714
LAJC_ax2,55,0.6470588235294118,0.5714285714285714
LAJC_ax2,56,0.6470588235294118,0.5714285714285714
LAJC_ax2,57,0.6470588235294118,0.5714285714285714
LAJC_ax2,58,0.6470588235294118,0.5714285714285714
LAJC_ax2,59,0.5882352941176471,0.5714285714285714
LAJC_ax2,60,0.5882352941176471,0.5714285714285714
LAJC_ax2,61,0.5882352941176471,0.6428571428571429
LAJC_ax2,62,0.5882352941176471,0.7142857142857143
LAJC_ax2,63,0.5882352941176471,0.7142857142857143
LAJC_ax2,64,0.5882352941176471,0.7142857142857143
LAJC_ax2,65,0.5294117647058824,0.7142857142857143
LAJC_ax2,66,0.5294117647058824,0.7142857142857143
LAJC_ax2,67,0.5882352941176471,0.7142857142857143
LAJC_ax2,68,0.5882352941176471,0.7142857142857143
LAJC_ax2,69,0.6470588235294118,0.7142857142857143
LAJC_ax2,70,0.6470588235294118,0.7142857142857143
LAJC_ax2,71,0.6470588235294118,0.7142857142857143
LAJC_ax2,72,0.6470588235294118,0.7142857142857143
LAJC_ax2,73,0.6470588235294118,0.7142857142857143
LAJC_ax2,74,0.6470588235294118,0.7142857142857143
LAJC_ax2,75,0.6470588235294118,0.7142857142857143
LAJC_ax2,76,0.6470588235294118,0.7142857142857143
LAJC_ax2,77,0.6470588235294118,0.7142857142857143
LAJC_ax2,78,0.6470588235294118,0.7142857142857143
LAJC_ax2,79,0.6470588235294118,0.7142857142857143
LAJC_ax2,80,0.6470588235294118,0.7142857142857143
LAJC_ax2,81,0.6470588235294118,0.7142857142857143
LAJC_ax2,82,0.6470588235294118,0.7142857142857143
LAJC_ax2,83,0.6470588235294118,0.7142857142857143
LAJC_ax2,84,0.6470588235294118,0.7142857142857143
LAJC_ax2,85,0.6470588235294118,0.7142857142857143
LAJC_ax2,86,0.6470588235294118,0.7142857142857143
LAJC_ax2,87,0.6470588235294118,0.7142857142857143
LAJC_ax2,88,0.6470588235294118,0.7142857142857143
LAJC_ax2,89,0.6470588235294118,0.7142857142857143
LAJC_ax2,90,0.6470588235294118,0.7142857142857143
LAJC_ax2,91,0.6470588235294118,0.7142857142857143
LAJC_ax2,92,0.5882352941176471,0.7142857142857143
LAJC_ax2,93,0.5882352941176471,0.7142857142857143
LAJC_ax2,94,0.5882352941176471,0.6428571428571429
LAJC_ax2,95,0.5882352941176471,0.5714285714285714
LAJC_ax2,96,0.5882352941176471,0.5714285714285714
LAJC_ax2,97,0.5882352941176471,0.5714285714285714
LAJC_ax2,98,0.5882352941176471,0.5
LAJC_ax2,99,0.5882352941176471,0.5
LAJC_ax2,100,0.5882352941176471,0.5
LAJC_ax3,0,0.6470588235294118,0.7142857142857143
LAJC_ax3,1,0.6470588235294118,0.7142857142857143
LAJC_ax3,2,0.6470588235294118,0.7857142857142857
LAJC_ax3,3,0.7058823529411765,0.7142857142857143
LAJC_ax3,4,0.6470588235294118,0.6428571428571429
LAJC_ax3,5,0.7058823529411765,0.6428571428571429
LAJC_ax3,6,0.5294117647058824,0.6428571428571429
LAJC_ax3,7,0.5294117647058824,0.5
LAJC_ax3,8,0.5882352941176471,0.5714285714285714
LAJC_ax3,9,0.5882352941176471,0.6428571428571429
LAJC_ax3,10,0.5882352941176471,0.7142857142857143
LAJC_ax3,11,0.5882352941176471,0.7142857142857143
LAJC_ax3,12,0.5882352941176471,0.7142857142857143
LAJC_ax3,13,0.5882352941176471,0.7142857142857143
LAJC_ax3,14,0.5882352941176471,0.7142857142857143
LAJC_ax3,15,0.5882352941176471,0.6428571428571429
LAJC_ax3,16,0.5882352941176471,0.6428571428571429
LAJC_ax3,17,0.6470588235294118,0.6428571428571429
LAJC_ax3,18,0.6470588235294118,0.6428571428571429
LAJC_ax3,19,0.6470588235294118,0.6428571428571429
LAJC_ax3,20,0.6470588235294118,0.6428571428571429
LAJC_ax3,21,0.6470588235294118,0.6428571428571429
LAJC_ax3,22,0.6470588235294118,0.6428571428571429
LAJC_ax3,23,0.6470588235294118,0.6428571428571429
LAJC_ax3,24,0.6470588235294118,0.6428571428571429
LAJC_ax3,25,0.6470588235294118,0.6428571428571429
LAJC_ax3,26,0.6470588235294118,0.6428571428571429
LAJC_ax3,27,0.6470588235294118,0.6428571428571429
LAJC_ax3,28,0.6470588235294118,0.6428571428571429
LAJC_ax3,29,0.6470588235294118,0.6428571428571429
LAJC_ax3,30,0.6470588235294118,0.6428571428571429
LAJC_ax3,31,0.6470588235294118,0.6428571428571429
LAJC_ax3,32,0.6470588235294118,0.6428571428571429
LAJC_ax3,33,0.6470588235294118,0.6428571428571429
LAJC_ax3,34,0.6470588235294118,0.6428571428571429
LAJC_ax3,35,0.6470588235294118,0.6428571428571429
LAJC_ax3,36,0.5294117647058824,0.6428571428571429
LAJC_ax3,37,0.5294117647058824,0.5714285714285714
LAJC_ax3,38,0.5882352941176471,0.6428571428571429
LAJC_ax3,39,0.7058823529411765,0.7142857142857143
LAJC_ax3,40,0.7058823529411765,0.7142857142857143
LAJC_ax3,41,0.7058823529411765,0.7142857142857143
LAJC_ax3,42,0.7058823529411765,0.8571428571428571
LAJC_ax3,43,0.7058823529411765,0.8571428571428571
LAJC_ax3,44,0.7058823529411765,0.8571428571428571
LAJC_ax3,45,0.7058823529411765,0.7857142857142857
LAJC_ax3,46,0.7058823529411765,0.7857142857142857
LAJC_ax3,47,0.7058823529411765,0.7857142857142857
LAJC_ax3,48,0.7058823529411765,0.7142857142857143
LAJC_ax3,49,0.7058823529411765,0.7142857142857143
LAJC_ax3,50,0.7058823529411765,0.7142857142857143
LAJC_ax3,51,0.7647058823529411,0.7857142857142857
LAJC_ax3,52,0.5882352941176471,0.7142857142857143
LAJC_ax3,53,0.6470588235294118,0.7142857142857143
LAJC_ax3,54,0.6470588235294118,0.6428571428571429
LAJC_ax3,55,0.5294117647058824,0.5
LAJC_ax3,56,0.5294117647058824,0.5
LAJC_ax3,57,0.5882352941176471,0.5714285714285714
LAJC_ax3,58,0.5882352941176471,0.5714285714285714
LAJC_ax3,59,0.5882352941176471,0.6428571428571429
LAJC_ax3,60,0.5882352941176471,0.5714285714285714
LAJC_ax3,61,0.5882352941176471,0.5714285714285714
LAJC_ax3,62,0.5882352941176471,0.6428571428571429
LAJC_ax3,63,0.5882352941176471,0.6428571428571429
LAJC_ax3,64,0.5882352941176471,0.6428571428571429
LAJC_ax3,65,0.5882352941176471,0.6428571428571429
LAJC_ax3,66,0.6470588235294118,0.6428571428571429
LAJC_ax3,67,0.6470588235294118,0.6428571428571429
LAJC_ax3,68,0.6470588235294118,0.6428571428571429
LAJC_ax3,69,0.6470588235294118,0.6428571428571429
LAJC_ax3,70,0.6470588235294118,0.6428571428571429
LAJC_ax3,71,0.6470588235294118,0.6428571428571429
LAJC_ax3,72,0.6470588235294118,0.6428571428571429
LAJC_ax3,73,0.6470588235294118,0.6428571428571429
LAJC_ax3,74,0.6470588235294118,0.6428571428571429
LAJC_ax3,75,0.6470588235294118,0.6428571428571429
LAJC_ax3,76,0.6470588235294118,0.6428571428571429
LAJC_ax3,77,0.6470588235294118,0.6428571428571429
LAJC_ax3,78,0.6470588235294118,0.6428571428571429
LAJC_ax3,79,0.6470588235294118,0.6428571428571429
LAJC_ax3,80,0.6470588235294118,0.6428571428571429
LAJC_ax3,81,0.5882352941176471,0.5714285714285714
LAJC_ax3,82,0.5882352941176471,0.5714285714285714
LAJC_ax3,83,0.5882352941176471,0.5714285714285714
LAJC_ax3,84,0.5882352941176471,0.5714285714285714
LAJC_ax3,85,0.6470588235294118,0.5
LAJC_ax3,86,0.5294117647058824,0.5
LAJC_ax3,87,0.5882352941176471,0.5
LAJC_ax3,88,0.5882352941176471,0.5
LAJC_ax3,89,0.5882352941176471,0.7142857142857143
LAJC_ax3,90,0.7058823529411765,0.7142857142857143
LAJC_ax3,91,0.6470588235294118,0.7142857142857143
LAJC_ax3,92,0.6470588235294118,0.6428571428571429
LAJC_ax3,93,0.6470588235294118,0.6428571428571429
LAJC_ax3,94,0.5882352941176471,0.6428571428571429
LAJC_ax3,95,0.5882352941176471,0.6428571428571429
LAJC_ax3,96,0.5882352941176471,0.6428571428571429
LAJC_ax3,97,0.5882352941176471,0.6428571428571429
LAJC_ax3,98,0.5882352941176471,0.6428571428571429
LAJC_ax3,99,0.5294117647058824,0.6428571428571429
LAJC_ax3,100,0.5882352941176471,0.5714285714285714
RAJC_ax1,0,0.5882352941176471,0.7142857142857143
RAJC_ax1,1,0.5882352941176471,0.7142857142857143
RAJC_ax1,2,0.5882352941176471,0.7142857142857143
RAJC_ax1,3,0.5882352941176471,0.7142857142857143
RAJC_ax1,4,0.5882352941176471,0.7142857142857143
RAJC_ax1,5,0.5882352941176471,0.7142857142857143
RAJC_ax1,6,0.5882352941176471,0.7142857142857143
RAJC_ax1,7,0.5882352941176471,0.6428571428571429
RAJC_ax1,8,0.5882352941176471,0.6428571428571429
RAJC_ax1,9,0.5882352941176471,0.6428571428571429
RAJC_ax1,10,0.5882352941176471,0.6428571428571429
RAJC_ax1,11,0.5882352941176471,0.5714285714285714
RAJC_ax1,12,0.5882352941176471,0.5
RAJC_ax1,13,0.5882352941176471,0.5
RAJC_ax1,14,0.5882352941176471,0.5714285714285714
RAJC_ax1,15,0.5882352941176471,0.5714285714285714
RAJC_ax1,16,0.5882352941176471,0.5714285714285714
RAJC_ax1,17,0.5294117647058824,0.5714285714285714
RAJC_ax1,18,0.5294117647058824,0.5714285714285714
RAJC_ax1,19,0.5294117647058824,0.5714285714285714
RAJC_ax1,20,0.5882352941176471,0.5714285714285714
RAJC_ax1,21,0.5882352941176471,0.5714285714285714
RAJC_ax1,22,0.5882352941176471,0.5
RAJC_ax1,23,0.5294117647058824,0.5
RAJC_ax1,24,0.5294117647058824,0.5
RAJC_ax1,25,0.5294117647058824,0.5714285714285714
RAJC_ax1,26,0.5294117647058824,0.5714285714285714
RAJC_ax1,27,0.6470588235294118,0.5714285714285714
RAJC_ax1,28,0.5882352941176471,0.5714285714285714
RAJC_ax1,29,0.5882352941176471,0.6428571428571429
RAJC_ax1,30,0.5882352941176471,0.5714285714285714
RAJC_ax1,31,0.5882352941176471,0.6428571428571429
RAJC_ax1,32,0.5882352941176471,0.5714285714285714
RAJC_ax1,33,0.5294117647058824,0.5
RAJC_ax1,34,0.5294117647058824,0.5
RAJC_ax1,35,0.5882352941176471,0.5
RAJC_ax1,36,0.5882352941176471,0.6428571428571429
RAJC_ax1,37,0.6470588235294118,0.7857142857142857
RAJC_ax1,38,0.6470588235294118,0.7857142857142857
RAJC_ax1,39,0.7058823529411765,0.7857142857142857
RAJC_ax1,40,0.7058823529411765,0.7857142857142857
RAJC_ax1,41,0.7058823529411765,0.7857142857142857
RAJC_ax1,42,0.7058823529411765,0.7857142857142857
RAJC_ax1,43,0.6470588235294118,0.7142857142857143
RAJC_ax1,44,0.6470588235294118,0.7142857142857143
RAJC_ax1,45,0.7058823529411765,0.6428571428571429
RAJC_ax1,46,0.7647058823529411,0.7142857142857143
RAJC_ax1,47,0.7647058823529411,0.7142857142857143
RAJC_ax1,48,0.7058823529411765,0.7857142857142857
RAJC_ax1,49,0.6470588235294118,0.7857142857142857
RAJC_ax1,50,0.6470588235294118,0.7857142857142857
RAJC_ax1,51,0.6470588235294118,0.7857142857142857
RAJC_ax1,52,0.6470588235294118,0.7857142857142857
RAJC_ax1,53,0.6470588235294118,0.8571428571428571
RAJC_ax1,54,0.6470588235294118,0.8571428571428571
RAJC_ax1,55,0.6470588235294118,0.8571428571428571
RAJC_ax1,56,0.6470588235294118,0.8571428571428571
RAJC_ax1,57,0.6470588235294118,0.7857142857142857
RAJC_ax1,58,0.6470588235294118,0.7857142857142857
RAJC_ax1,59,0.6470588235294118,0.7857142857142857
RAJC_ax1,60,0.6470588235294118,0.7857142857142857
RAJC_ax1,61,0.6470588235294118,0.7857142857142857
RAJC_ax1,62,0.6470588235294118,0.7857142857142857
RAJC_ax1,63,0.6470588235294118,0.7857142857142857
RAJC_ax1,64,0.6470588235294118,0.7857142857142857
RAJC_ax1,65,0.5882352941176471,0.7857142857142857
RAJC_ax1,66,0.5882352941176471,0.7857142857142857
RAJC_ax1,67,0.5882352941176471,0.7142857142857143
RAJC_ax1,68,0.5882352941176471,0.7142857142857143
RAJC_ax1,69,0.5882352941176471,0.7142857142857143
RAJC_ax1,70,0.5882352941176471,0.7142857142857143
RAJC_ax1,71,0.5294117647058824,0.6428571428571429
RAJC_ax1,72,0.5294117647058824,0.6428571428571429
RAJC_ax1,73,0.5294117647058824,0.5714285714285714
RAJC_ax1,74,0.5294117647058824,0.5
RAJC_ax1,75,0.5294117647058824,0.5714285714285714
RAJC_ax1,76,0.5294117647058824,0.5714285714285714
RAJC_ax1,77,0.5294117647058824,0.5714285714285714
RAJC_ax1,78,0.5294117647058824,0.5714285714285714
RAJC_ax1,79,0.5294117647058824,0.5714285714285714
RAJC_ax1,80,0.5882352941176471,0.5714285714285714
RAJC_ax1,81,0.5882352941176471,0.5714285714285714
RAJC_ax1,82,0.7058823529411765,0.5714285714285714
RAJC_ax1,83,0.7058823529411765,0.6428571428571429
RAJC_ax1,84,0.7058823529411765,0.6428571428571429
RAJC_ax1,85,0.7058823529411765,0.6428571428571429
RAJC_ax1,86,0.7647058823529411,0.6428571428571429
RAJC_ax1,87,0.7647058823529411,0.7142857142857143
RAJC_ax1,88,0.7647058823529411,0.7142857142857143
RAJC_ax1,89,0.7647058823529411,0.7142857142857143
RAJC_ax1,90,0.7647058823529411,0.6428571428571429
RAJC_ax1,91,0.7647058823529411,0.6428571428571429
RAJC_ax1,92,0.7647058823529411,0.6428571428571429
RAJC_ax1,93,0.7647058823529411,0.6428571428571429
RAJC_ax1,94,0.7647058823529411,0.6428571428571429
RAJC_ax1,95,0.7647058823529411,0.7142857142857143
RAJC_ax1,96,0.7647058823529411,0.7142857142857143
RAJC_ax1,97,0.7647058823529411,0.7142857142857143
RAJC_ax1,98,0.7647058823529411,0.7142857142857143
RAJC_ax1,99,0.7647058823529411,0.7142857142857143
RAJC_ax1,100,0.7647058823529411,0.7142857142857143
RAJC_ax2,0,0.6470588235294118,0.6428571428571429
RAJC_ax2,1,0.6470588235294118,0.6428571428571429
RAJC_ax2,2,0.5882352941176471,0.6428571428571429
RAJC_ax2,3,0.5882352941176471,0.6428571428571429
RAJC_ax2,4,0.5882352941176471,0.6428571428571429
RAJC_ax2,5,0.5882352941176471,0.6428571428571429
RAJC_ax2,6,0.6470588235294118,0.6428571428571429
RAJC_ax2,7,0.6470588235294118,0.6428571428571429
RAJC_ax2,8,0.6470588235294118,0.6428571428571429
RAJC_ax2,9,0.6470588235294118,0.6428571428571429
RAJC_ax2,10,0.5882352941176471,0.6428571428571429
RAJC_ax2,11,0.5882352941176471,0.6428571428571429
RAJC_ax2,12,0.5882352941176471,0.6428571428571429
RAJC_ax2,13,0.5882352941176471,0.6428571428571429
RAJC_ax2,14,0.6470588235294118,0.6428571428571429
RAJC_ax2,15,0.6470588235294118,0.6428571428571429
RAJC_ax2,16,0.6470588235294118,0.6428571428571429
RAJC_ax2,17,0.5882352941176471,0.6428571428571429
RAJC_ax2,18,0.5882352941176471,0.6428571428571429
RAJC_ax2,19,0.5882352941176471,0.6428571428571429
RAJC_ax2,20,0.5882352941176471,0.6428571428571429
RAJC_ax2,21,0.5882352941176471,0.6428571428571429
RAJC_ax2,22,0.5882352941176471,0.6428571428571429
RAJC_ax2,23,0.5882352941176471,0.6428571428571429
RAJC_ax2,24,0.5882352941176471,0.5714285714285714
RAJC_ax2,25,0.5882352941176471,0.5714285714285714
RAJC_ax2,26,0.5882352941176471,0.5714285714285714
RAJC_ax2,27,0.5882352941176471,0.5714285714285714
RAJC_ax2,28,0.5882352941176471,0.5714285714285714
RAJC_ax2,29,0.5294117647058824,0.5714285714285714
RAJC_ax2,30,0.5294117647058824,0.5714285714285714
RAJC_ax2,31,0.5294117647058824,0.5714285714285714
RAJC_ax2,32,0.5294117647058824,0.5714285714285714
RAJC_ax2,33,0.5294117647058824,0.5714285714285714
RAJC_ax2,34,0.5294117647058824,0.5714285714285714
RAJC_ax2,35,0.5294117647058824,0.5714285714285714
RAJC_ax2,36,0.5294117647058824,0.5714285714285714
RAJC_ax2,37,0.5294117647058824,0.5714285714285714
RAJC_ax2,38,0.5294117647058824,0.5714285714285714
RAJC_ax2,39,0.5294117647058824,0.5
RAJC_ax2,40,0.5294117647058824,0.5
RAJC_ax2,41,0.5882352941176471,0.6428571428571429
RAJC_ax2,42,0.5882352941176471,0.7857142857142857
RAJC_ax2,43,0.5882352941176471,0.6428571428571429
RAJC_ax2,44,0.5882352941176471,0.7142857142857143
RAJC_ax2,45,0.5294117647058824,0.7142857142857143
RAJC_ax2,46,0.5294117647058824,0.6428571428571429
RAJC_ax2,47,0.5294117647058824,0.5714285714285714
RAJC_ax2,48,0.5294117647058824,0.5714285714285714
RAJC_ax2,49,0.5294117647058824,0.5714285714285714
RAJC_ax2,50,0.5294117647058824,0.5714285714285714
RAJC_ax2,51,0.5294117647058824,0.5714285714285714
RAJC_ax2,52,0.5294117647058824,0.5714285714285714
RAJC_ax2,53,0.5294117647058824,0.5714285714285714
RAJC_ax2,54,0.5294117647058824,0.6428571428571429
RAJC_ax2,55,0.5882352941176471,0.7142857142857143
RAJC_ax2,56,0.5882352941176471,0.7142857142857143
RAJC_ax2,57,0.5882352941176471,0.7142857142857143
RAJC_ax2,58,0.5882352941176471,0.7857142857142857
RAJC_ax2,59,0.5882352941176471,0.7857142857142857
RAJC_ax2,60,0.5882352941176471,0.7142857142857143
RAJC_ax2,61,0.5882352941176471,0.7142857142857143
RAJC_ax2,62,0.5882352941176471,0.6428571428571429
RAJC_ax2,63,0.5882352941176471,0.7142857142857143
RAJC_ax2,64,0.5882352941176471,0.7142857142857143
RAJC_ax2,65,0.5882352941176471,0.7142857142857143
RAJC_ax2,66,0.5882352941176471,0.7142857142857143
RAJC_ax2,67,0.5294117647058824,0.7142857142857143
RAJC_ax2,68,0.5294117647058824,0.7142857142857143
RAJC_ax2,69,0.5294117647058824,0.6428571428571429
RAJC_ax2,70,0.5294117647058824,0.6428571428571429
RAJC_ax2,71,0.5294117647058824,0.6428571428571429
RAJC_ax2,72,0.5294117647058824,0.6428571428571429
RAJC_ax2,73,0.5294117647058824,0.6428571428571429
RAJC_ax2,74,0.5294117647058824,0.6428571428571429
RAJC_ax2,75,0.5294117647058824,0.5714285714285714
RAJC_ax2,76,0.5294117647058824,0.5714285714285714
RAJC_ax2,77,0.5294117647058824,0.5
RAJC_ax2,78,0.5294117647058824,0.5
RAJC_ax2,79,0.5294117647058824,0.5
RAJC_ax2,80,0.5294117647058824,0.5714285714285714
RAJC_ax2,81,0.5294117647058824,0.5714285714285714
RAJC_ax2,82,0.5294117647058824,0.5
RAJC_ax2,83,0.5294117647058824,0.5
RAJC_ax2,84,0.5294117647058824,0.5714285714285714
RAJC_ax2,85,0.5294117647058824,0.5714285714285714
RAJC_ax2,86,0.5294117647058824,0.5714285714285714
RAJC_ax2,87,0.5294117647058824,0.6428571428571429
RAJC_ax2,88,0.5294117647058824,0.6428571428571429
RAJC_ax2,89,0.5294117647058824,0.5714285714285714
RAJC_ax2,90,0.5294117647058824,0.5714285714285714
RAJC_ax2,91,0.5294117647058824,0.5714285714285714
RAJC_ax2,92,0.5294117647058824,0.5714285714285714
RAJC_ax2,93,0.5294117647058824,0.6428571428571429
RAJC_ax2,94,0.5294117647058824,0.6428571428571429
RAJC_ax2,95,0.5294117647058824,0.6428571428571429
RAJC_ax2,96,0.5294117647058824,0.6428571428571429
RAJC_ax2,97,0.5294117647058824,0.6428571428571429
RAJC_ax2,98,0.5294117647058824,0.6428571428571429
RAJC_ax2,99,0.5294117647058824,0.6428571428571429
RAJC_ax2,100,0.5294117647058824,0.5714285714285714
RAJC_ax3,0,0.5882352941176471,0.7857142857142857
RAJC_ax3,1,0.6470588235294118,0.7857142857142857
RAJC_ax3,2,0.6470588235294118,0.7142857142857143
RAJC_ax3,3,0.7058823529411765,0.8571428571428571
RAJC_ax3,4,0.7058823529411765,0.5714285714285714
RAJC_ax3,5,0.7647058823529411,0.6428571428571429
RAJC_ax3,6,0.6470588235294118,0.5714285714285714
RAJC_ax3,7,0.6470588235294118,0.5
RAJC_ax3,8,0.6470588235294118,0.5
RAJC_ax3,9,0.5882352941176471,0.5
RAJC_ax3,10,0.5882352941176471,0.5
RAJC_ax3,11,0.5882352941176471,0.5
RAJC_ax3,12,0.5882352941176471,0.6428571428571429
RAJC_ax3,13,0.5882352941176471,0.6428571428571429
RAJC_ax3,14,0.5882352941176471,0.6428571428571429
RAJC_ax3,15,0.5882352941176471,0.6428571428571429
RAJC_ax3,16,0.5882352941176471,0.6428571428571429
RAJC_ax3,17,0.5882352941176471,0.6428571428571429
RAJC_ax3,18,0.5882352941176471,0.6428571428571429
RAJC_ax3,19,0.5882352941176471,0.6428571428571429
RAJC_ax3,20,0.5882352941176471,0.6428571428571429
RAJC_ax3,21,0.5882352941176471,0.6428571428571429
RAJC_ax3,22,0.5882352941176471,0.6428571428571429
RAJC_ax3,23,0.6470588235294118,0.6428571428571429
RAJC_ax3,24,0.6470588235294118,0.6428571428571429
RAJC_ax3,25,0.6470588235294118,0.6428571428571429
RAJC_ax3,26,0.6470588235294118,0.6428571428571429
RAJC_ax3,27,0.5882352941176471,0.6428571428571429
RAJC_ax3,28,0.5882352941176471,0.6428571428571429
RAJC_ax3,29,0.5882352941176471,0.6428571428571429
RAJC_ax3,30,0.5882352941176471,0.6428571428571429
RAJC_ax3,31,0.5882352941176471,0.6428571428571429
RAJC_ax3,32,0.5882352941176471,0.6428571428571429
RAJC_ax3,33,0.5294117647058824,0.5714285714285714
RAJC_ax3,34,0.5294117647058824,0.5
RAJC_ax3,35,0.5294117647058824,0.5714285714285714
RAJC_ax3,36,0.5294117647058824,0.5
RAJC_ax3,37,0.5294117647058824,0.5
RAJC_ax3,38,0.5294117647058824,0.5714285714285714
RAJC_ax3,39,0.5294117647058824,0.5714285714285714
RAJC_ax3,40,0.5294117647058824,0.6428571428571429
RAJC_ax3,41,0.5882352941176471,0.5714285714285714
RAJC_ax3,42,0.5882352941176471,0.6428571428571429
RAJC_ax3,43,0.5882352941176471,0.7857142857142857
RAJC_ax3,44,0.5882352941176471,0.7857142857142857
RAJC_ax3,45,0.5882352941176471,0.7857142857142857
RAJC_ax3,46,0.5882352941176471,0.7857142857142857
RAJC_ax3,47,0.5882352941176471,0.7857142857142857
RAJC_ax3,48,0.5882352941176471,0.7857142857142857
RAJC_ax3,49,0.5294117647058824,0.6428571428571429
RAJC_ax3,50,0.5882352941176471,0.7142857142857143
RAJC_ax3,51,0.5882352941176471,0.7857142857142857
RAJC_ax3,52,0.5882352941176471,0.7142857142857143
RAJC_ax3,53,0.7058823529411765,0.7142857142857143
RAJC_ax3,54,0.5882352941176471,0.6428571428571429
RAJC_ax3,55,0.5882352941176471,0.5714285714285714
RAJC_ax3,56,0.7058823529411765,0.5714285714285714
RAJC_ax3,57,0.6470588235294118,0.5714285714285714
RAJC_ax3,58,0.5294117647058824,0.5714285714285714
RAJC_ax3,59,0.5294117647058824,0.5
RAJC_ax3,60,0.5294117647058824,0.5714285714285714
RAJC_ax3,61,0.5294117647058824,0.6428571428571429
RAJC_ax3,62,0.5294117647058824,0.6428571428571429
RAJC_ax3,63,0.5882352941176471,0.7142857142857143
RAJC_ax3,64,0.5882352941176471,0.7142857142857143
RAJC_ax3,65,0.6470588235294118,0.7142857142857143
RAJC_ax3,66,0.6470588235294118,0.6428571428571429
RAJC_ax3,67,0.6470588235294118,0.6428571428571429
RAJC_ax3,68,0.6470588235294118,0.6428571428571429
RAJC_ax3,69,0.6470588235294118,0.6428571428571429
RAJC_ax3,70,0.6470588235294118,0.6428571428571429
RAJC_ax3,71,0.6470588235294118,0.6428571428571429
RAJC_ax3,72,0.6470588235294118,0.6428571428571429
RAJC_ax3,73,0.6470588235294118,0.6428571428571429
RAJC_ax3,74,0.6470588235294118,0.6428571428571429
RAJC_ax3,75,0.6470588235294118,0.6428571428571429
RAJC_ax3,76,0.6470588235294118,0.6428571428571429
RAJC_ax3,77,0.6470588235294118,0.6428571428571429
RAJC_ax3,78,0.6470588235294118,0.6428571428571429
RAJC_ax3,79,0.6470588235294118,0.6428571428571429
RAJC_ax3,80,0.6470588235294118,0.6428571428571429
RAJC_ax3,81,0.6470588235294118,0.6428571428571429
RAJC_ax3,82,0.6470588235294118,0.6428571428571429
RAJC_ax3,83,0.6470588235294118,0.6428571428571429
RAJC_ax3,84,0.5882352941176471,0.6428571428571429
RAJC_ax3,85,0.5294117647058824,0.5
RAJC_ax3,86,0.5882352941176471,0.6428571428571429
RAJC_ax3,87,0.5294117647058824,0.6428571428571429
RAJC_ax3,88,0.5882352941176471,0.5714285714285714
RAJC_ax3,89,0.5882352941176471,0.8571428571428571
RAJC_ax3,90,0.6470588235294118,0.8571428571428571
RAJC_ax3,91,0.6470588235294118,0.8571428571428571
RAJC_ax3,92,0.6470588235294118,0.7857142857142857
RAJC_ax3,93,0.6470588235294118,0.7857142857142857
RAJC_ax3,94,0.6470588235294118,0.7857142857142857
RAJC_ax3,95,0.6470588235294118,0.7857142857142857
RAJC_ax3,96,0.6470588235294118,0.7857142857142857
RAJC_ax3,97,0.5882352941176471,0.7857142857142857
RAJC_ax3,98,0.5882352941176471,0.7857142857142857
RAJC_ax3,99,0.5882352941176471,0.8571428571428571
RAJC_ax3,100,0.5882352941176471,0.8571428571428571
LAnkleAngles_ax1,0,0.5882352941176471,0.5
LAnkleAngles_ax1,1,0.6470588235294118,0.5
LAnkleAngles_ax1,2,0.6470588235294118,0.5
LAnkleAngles_ax1,3,0.5882352941176471,0.5
LAnkleAngles_ax1,4,0.5882352941176471,0.5714285714285714
LAnkleAngles_ax1,5,0.5882352941176471,0.5714285714285714
LAnkleAngles_ax1,6,0.5882352941176471,0.5714285714285714
LAnkleAngles_ax1,7,0.5294117647058824,0.5
LAnkleAngles_ax1,8,0.6470588235294118,0.5
LAnkleAngles_ax1,9,0.5882352941176471,0.5714285714285714
LAnkleAngles_ax1,10,0.7647058823529411,0.5714285714285714
LAnkleAngles_ax1,11,0.8235294117647058,0.6428571428571429
LAnkleAngles_ax1,12,0.7647058823529411,0.7142857142857143
LAnkleAngles_ax1,13,0.7647058823529411,0.7857142857142857
LAnkleAngles_ax1,14,0.7058823529411765,0.7142857142857143
LAnkleAngles_ax1,15,0.6470588235294118,0.6428571428571429
LAnkleAngles_ax1,16,0.5294117647058824,0.5
LAnkleAngles_ax1,17,0.5294117647058824,0.5714285714285714
LAnkleAngles_ax1,18,0.5294117647058824,0.5
LAnkleAngles_ax1,19,0.5294117647058824,0.5
LAnkleAngles_ax1,20,0.5294117647058824,0.5714285714285714
LAnkleAngles_ax1,21,0.5294117647058824,0.5714285714285714
LAnkleAngles_ax1,22,0.5294117647058824,0.5714285714285714
LAnkleAngles_ax1,23,0.5294117647058824,0.6428571428571429
LAnkleAngles_ax1,24,0.5294117647058824,0.6428571428571429
LAnkleAngles_ax1,25,0.5294117647058824,0.6428571428571429
LAnkleAngles_ax1,26,0.5294117647058824,0.6428571428571429
LAnkleAngles_ax1,27,0.5294117647058824,0.7142857142857143
LAnkleAngles_ax1,28,0.5294117647058824,0.7857142857142857
LAnkleAngles_ax1,29,0.5294117647058824,0.5714285714285714
LAnkleAngles_ax1,30,0.5294117647058824,0.6428571428571429
LAnkleAngles_ax1,31,0.5294117647058824,0.6428571428571429
LAnkleAngles_ax1,32,0.5294117647058824,0.5714285714285714
LAnkleAngles_ax1,33,0.5294117647058824,0.5714285714285714
LAnkleAngles_ax1,34,0.5294117647058824,0.5714285714285714
LAnkleAngles_ax1,35,0.5294117647058824,0.5714285714285714
LAnkleAngles_ax1,36,0.5294117647058824,0.5714285714285714
LAnkleAngles_ax1,37,0.5294117647058824,0.6428571428571429
LAnkleAngles_ax1,38,0.5294117647058824,0.6428571428571429
LAnkleAngles_ax1,39,0.5294117647058824,0.6428571428571429
LAnkleAngles_ax1,40,0.5294117647058824,0.6428571428571429
LAnkleAngles_ax1,41,0.5294117647058824,0.5714285714285714
LAnkleAngles_ax1,42,0.5294117647058824,0.5714285714285714
LAnkleAngles_ax1,43,0.5294117647058824,0.5
LAnkleAngles_ax1,44,0.5294117647058824,0.5
LAnkleAngles_ax1,45,0.5294117647058824,0.5
LAnkleAngles_ax1,46,0.5294117647058824,0.5
LAnkleAngles_ax1,47,0.5882352941176471,0.5714285714285714
LAnkleAngles_ax1,48,0.5882352941176471,0.5714285714285714
LAnkleAngles_ax1,49,0.5882352941176471,0.5714285714285714
LAnkleAngles_ax1,50,0.5882352941176471,0.6428571428571429
LAnkleAngles_ax1,51,0.5882352941176471,0.6428571428571429
LAnkleAngles_ax1,52,0.5294117647058824,0.5
LAnkleAngles_ax1,53,0.5294117647058824,0.5714285714285714
LAnkleAngles_ax1,54,0.5294117647058824,0.5
LAnkleAngles_ax1,55,0.5294117647058824,0.5714285714285714
LAnkleAngles_ax1,56,0.5294117647058824,0.6428571428571429
LAnkleAngles_ax1,57,0.5882352941176471,0.5714285714285714
LAnkleAngles_ax1,58,0.5294117647058824,0.5714285714285714
LAnkleAngles_ax1,59,0.5294117647058824,0.5
LAnkleAngles_ax1,60,0.7058823529411765,0.5714285714285714
LAnkleAngles_ax1,61,0.5882352941176471,0.5714285714285714
LAnkleAngles_ax1,62,0.6470588235294118,0.6428571428571429
LAnkleAngles_ax1,63,0.6470588235294118,0.6428571428571429
LAnkleAngles_ax1,64,0.6470588235294118,0.6428571428571429
LAnkleAngles_ax1,65,0.7058823529411765,0.6428571428571429
LAnkleAngles_ax1,66,0.5882352941176471,0.6428571428571429
LAnkleAngles_ax1,67,0.5882352941176471,0.6428571428571429
LAnkleAngles_ax1,68,0.5882352941176471,0.6428571428571429
LAnkleAngles_ax1,69,0.5882352941176471,0.7857142857142857
LAnkleAngles_ax1,70,0.5882352941176471,0.7142857142857143
LAnkleAngles_ax1,71,0.5882352941176471,0.6428571428571429
LAnkleAngles_ax1,72,0.5882352941176471,0.5714285714285714
LAnkleAngles_ax1,73,0.5882352941176471,0.5714285714285714
LAnkleAngles_ax1,74,0.5882352941176471,0.5714285714285714
LAnkleAngles_ax1,75,0.5882352941176471,0.5714285714285714
LAnkleAngles_ax1,76,0.5882352941176471,0.7142857142857143
LAnkleAngles_ax1,77,0.5294117647058824,0.6428571428571429
LAnkleAngles_ax1,78,0.5294117647058824,0.5
LAnkleAngles_ax1,79,0.5294117647058824,0.6428571428571429
LAnkleAngles_ax1,80,0.5294117647058824,0.6428571428571429
LAnkleAngles_ax1,81,0.5294117647058824,0.6428571428571429
LAnkleAngles_ax1,82,0.5294117647058824,0.6428571428571429
LAnkleAngles_ax1,83,0.5882352941176471,0.6428571428571429
LAnkleAngles_ax1,84,0.5882352941176471,0.6428571428571429
LAnkleAngles_ax1,85,0.6470588235294118,0.6428571428571429
LAnkleAngles_ax1,86,0.7058823529411765,0.6428571428571429
LAnkleAngles_ax1,87,0.7058823529411765,0.6428571428571429
LAnkleAngles_ax1,88,0.5882352941176471,0.6428571428571429
LAnkleAngles_ax1,89,0.5882352941176471,0.5714285714285714
LAnkleAngles_ax1,90,0.5882352941176471,0.5714285714285714
LAnkleAngles_ax1,91,0.5882352941176471,0.5714285714285714
LAnkleAngles_ax1,92,0.5882352941176471,0.5
LAnkleAngles_ax1,93,0.5882352941176471,0.5
LAnkleAngles_ax1,94,0.5882352941176471,0.5
LAnkleAngles_ax1,95,0.5882352941176471,0.5714285714285714
LAnkleAngles_ax1,96,0.5882352941176471,0.5714285714285714
LAnkleAngles_ax1,97,0.5294117647058824,0.5714285714285714
LAnkleAngles_ax1,98,0.5294117647058824,0.5
LAnkleAngles_ax1,99,0.5294117647058824,0.5714285714285714
LAnkleAngles_ax1,100,0.5882352941176471,0.5
LAnkleAngles_ax2,0,0.7647058823529411,0.7142857142857143
LAnkleAngles_ax2,1,0.7647058823529411,0.7857142857142857
LAnkleAngles_ax2,2,0.7647058823529411,0.7857142857142857
LAnkleAngles_ax2,3,0.7647058823529411,0.7857142857142857
LAnkleAngles_ax2,4,0.7647058823529411,0.7857142857142857
LAnkleAngles_ax2,5,0.7647058823529411,0.7857142857142857
LAnkleAngles_ax2,6,0.7647058823529411,0.7857142857142857
LAnkleAngles_ax2,7,0.7647058823529411,0.7857142857142857
LAnkleAngles_ax2,8,0.7647058823529411,0.7857142857142857
LAnkleAngles_ax2,9,0.7058823529411765,0.7857142857142857
LAnkleAngles_ax2,10,0.7647058823529411,0.7857142857142857
LAnkleAngles_ax2,11,0.7647058823529411,0.7142857142857143
LAnkleAngles_ax2,12,0.7647058823529411,0.7142857142857143
LAnkleAngles_ax2,13,0.7647058823529411,0.7142857142857143
LAnkleAngles_ax2,14,0.7647058823529411,0.7142857142857143
LAnkleAngles_ax2,15,0.7647058823529411,0.7142857142857143
LAnkleAngles_ax2,16,0.7647058823529411,0.7142857142857143
LAnkleAngles_ax2,17,0.8235294117647058,0.7142857142857143
LAnkleAngles_ax2,18,0.8235294117647058,0.7142857142857143
LAnkleAngles_ax2,19,0.8235294117647058,0.7142857142857143
LAnkleAngles_ax2,20,0.7647058823529411,0.7142857142857143
LAnkleAngles_ax2,21,0.7647058823529411,0.7142857142857143
LAnkleAngles_ax2,22,0.7647058823529411,0.7142857142857143
LAnkleAngles_ax2,23,0.7647058823529411,0.7142857142857143
LAnkleAngles_ax2,24,0.7647058823529411,0.7142857142857143
LAnkleAngles_ax2,25,0.8235294117647058,0.7142857142857143
LAnkleAngles_ax2,26,0.8235294117647058,0.7142857142857143
LAnkleAngles_ax2,27,0.7647058823529411,0.7142857142857143
LAnkleAngles_ax2,28,0.7647058823529411,0.7142857142857143
LAnkleAngles_ax2,29,0.7647058823529411,0.7142857142857143
LAnkleAngles_ax2,30,0.7647058823529411,0.7142857142857143
LAnkleAngles_ax2,31,0.7647058823529411,0.7142857142857143
LAnkleAngles_ax2,32,0.7647058823529411,0.7142857142857143
LAnkleAngles_ax2,33,0.7647058823529411,0.7857142857142857
LAnkleAngles_ax2,34,0.7647058823529411,0.7857142857142857
LAnkleAngles_ax2,35,0.7647058823529411,0.7857142857142857
LAnkleAngles_ax2,36,0.7647058823529411,0.7857142857142857
LAnkleAngles_ax2,37,0.7647058823529411,0.7857142857142857
LAnkleAngles_ax2,38,0.7647058823529411,0.7857142857142857
LAnkleAngles_ax2,39,0.7647058823529411,0.7857142857142857
LAnkleAngles_ax2,40,0.7647058823529411,0.7857142857142857
LAnkleAngles_ax2,41,0.7647058823529411,0.7857142857142857
LAnkleAngles_ax2,42,0.7647058823529411,0.7857142857142857
LAnkleAngles_ax2,43,0.8235294117647058,0.7857142857142857
LAnkleAngles_ax2,44,0.8235294117647058,0.7857142857142857
LAnkleAngles_ax2,45,0.8235294117647058,0.7857142857142857
LAnkleAngles_ax2,46,0.8235294117647058,0.7857142857142857
LAnkleAngles_ax2,47,0.8235294117647058,0.7142857142857143
LAnkleAngles_ax2,48,0.8235294117647058,0.7142857142857143
LAnkleAngles_ax2,49,0.8235294117647058,0.7142857142857143
LAnkleAngles_ax2,50,0.8235294117647058,0.7142857142857143
LAnkleAngles_ax2,51,0.8235294117647058,0.7142857142857143
LAnkleAngles_ax2,52,0.8235294117647058,0.7142857142857143
LAnkleAngles_ax2,53,0.8235294117647058,0.7857142857142857
LAnkleAngles_ax2,54,0.7647058823529411,0.7857142857142857
LAnkleAngles_ax2,55,0.7647058823529411,0.7857142857142857
LAnkleAngles_ax2,56,0.7647058823529411,0.7857142857142857
LAnkleAngles_ax2,57,0.8235294117647058,0.7857142857142857
LAnkleAngles_ax2,58,0.8235294117647058,0.7857142857142857
LAnkleAngles_ax2,59,0.7058823529411765,0.7142857142857143
LAnkleAngles_ax2,60,0.7058823529411765,0.7142857142857143
LAnkleAngles_ax2,61,0.7058823529411765,0.7142857142857143
LAnkleAngles_ax2,62,0.7058823529411765,0.7142857142857143
LAnkleAngles_ax2,63,0.7058823529411765,0.7142857142857143
LAnkleAngles_ax2,64,0.7647058823529411,0.7142857142857143
LAnkleAngles_ax2,65,0.7647058823529411,0.7142857142857143
LAnkleAngles_ax2,66,0.8235294117647058,0.7857142857142857
LAnkleAngles_ax2,67,0.8235294117647058,0.7142857142857143
LAnkleAngles_ax2,68,0.8235294117647058,0.7142857142857143
LAnkleAngles_ax2,69,0.8235294117647058,0.7142857142857143
LAnkleAngles_ax2,70,0.8235294117647058,0.7142857142857143
LAnkleAngles_ax2,71,0.7647058823529411,0.7142857142857143
LAnkleAngles_ax2,72,0.7647058823529411,0.7142857142857143
LAnkleAngles_ax2,73,0.7647058823529411,0.7142857142857143
LAnkleAngles_ax2,74,0.8235294117647058,0.7142857142857143
LAnkleAngles_ax2,75,0.8235294117647058,0.7142857142857143
LAnkleAngles_ax2,76,0.7647058823529411,0.7142857142857143
LAnkleAngles_ax2,77,0.7647058823529411,0.7142857142857143
LAnkleAngles_ax2,78,0.7647058823529411,0.7142857142857143
LAnkleAngles_ax2,79,0.7647058823529411,0.7142857142857143
LAnkleAngles_ax2,80,0.7647058823529411,0.7142857142857143
LAnkleAngles_ax2,81,0.7647058823529411,0.7142857142857143
LAnkleAngles_ax2,82,0.7647058823529411,0.7142857142857143
LAnkleAngles_ax2,83,0.7647058823529411,0.7142857142857143
LAnkleAngles_ax2,84,0.7647058823529411,0.6428571428571429
LAnkleAngles_ax2,85,0.7647058823529411,0.6428571428571429
LAnkleAngles_ax2,86,0.7647058823529411,0.6428571428571429
LAnkleAngles_ax2,87,0.7647058823529411,0.6428571428571429
LAnkleAngles_ax2,88,0.7647058823529411,0.6428571428571429
LAnkleAngles_ax2,89,0.7647058823529411,0.6428571428571429
LAnkleAngles_ax2,90,0.7647058823529411,0.5714285714285714
LAnkleAngles_ax2,91,0.7647058823529411,0.5714285714285714
LAnkleAngles_ax2,92,0.7647058823529411,0.7142857142857143
LAnkleAngles_ax2,93,0.7647058823529411,0.7857142857142857
LAnkleAngles_ax2,94,0.7647058823529411,0.7857142857142857
LAnkleAngles_ax2,95,0.7647058823529411,0.7142857142857143
LAnkleAngles_ax2,96,0.7647058823529411,0.7142857142857143
LAnkleAngles_ax2,97,0.7647058823529411,0.7142857142857143
LAnkleAngles_ax2,98,0.7647058823529411,0.7142857142857143
LAnkleAngles_ax2,99,0.7647058823529411,0.7142857142857143
LAnkleAngles_ax2,100,0.7647058823529411,0.7142857142857143
LAnkleAngles_ax3,0,0.7647058823529411,0.7142857142857143
LAnkleAngles_ax3,1,0.7647058823529411,0.7142857142857143
LAnkleAngles_ax3,2,0.7647058823529411,0.7142857142857143
LAnkleAngles_ax3,3,0.7647058823529411,0.7857142857142857
LAnkleAngles_ax3,4,0.7647058823529411,0.7857142857142857
LAnkleAngles_ax3,5,0.7647058823529411,0.7857142857142857
LAnkleAngles_ax3,6,0.7647058823529411,0.7857142857142857
LAnkleAngles_ax3,7,0.7647058823529411,0.7857142857142857
LAnkleAngles_ax3,8,0.7647058823529411,0.7857142857142857
LAnkleAngles_ax3,9,0.7647058823529411,0.7142857142857143
LAnkleAngles_ax3,10,0.7058823529411765,0.6428571428571429
LAnkleAngles_ax3,11,0.7058823529411765,0.6428571428571429
LAnkleAngles_ax3,12,0.7058823529411765,0.7142857142857143
LAnkleAngles_ax3,13,0.6470588235294118,0.7142857142857143
LAnkleAngles_ax3,14,0.6470588235294118,0.7142857142857143
LAnkleAngles_ax3,15,0.7647058823529411,0.7142857142857143
LAnkleAngles_ax3,16,0.7647058823529411,0.7142857142857143
LAnkleAngles_ax3,17,0.7058823529411765,0.7142857142857143
LAnkleAngles_ax3,18,0.7058823529411765,0.6428571428571429
LAnkleAngles_ax3,19,0.7647058823529411,0.7142857142857143
LAnkleAngles_ax3,20,0.7647058823529411,0.7142857142857143
LAnkleAngles_ax3,21,0.7647058823529411,0.7142857142857143
LAnkleAngles_ax3,22,0.7647058823529411,0.7142857142857143
LAnkleAngles_ax3,23,0.7647058823529411,0.7142857142857143
LAnkleAngles_ax3,24,0.7647058823529411,0.7142857142857143
LAnkleAngles_ax3,25,0.7647058823529411,0.7142857142857143
LAnkleAngles_ax3,26,0.7647058823529411,0.7142857142857143
LAnkleAngles_ax3,27,0.7647058823529411,0.7142857142857143
LAnkleAngles_ax3,28,0.7647058823529411,0.7857142857142857
LAnkleAngles_ax3,29,0.7647058823529411,0.7857142857142857
LAnkleAngles_ax3,30,0.7647058823529411,0.7857142857142857
LAnkleAngles_ax3,31,0.7647058823529411,0.7857142857142857
LAnkleAngles_ax3,32,0.7647058823529411,0.7857142857142857
LAnkleAngles_ax3,33,0.7058823529411765,0.7857142857142857
LAnkleAngles_ax3,34,0.7058823529411765,0.7857142857142857
LAnkleAngles_ax3,35,0.7058823529411765,0.7857142857142857
LAnkleAngles_ax3,36,0.7058823529411765,0.8571428571428571
LAnkleAngles_ax3,37,0.7058823529411765,0.8571428571428571
LAnkleAngles_ax3,38,0.7058823529411765,0.8571428571428571
LAnkleAngles_ax3,39,0.7058823529411765,0.8571428571428571
LAnkleAngles_ax3,40,0.7058823529411765,0.8571428571428571
LAnkleAngles_ax3,41,0.7058823529411765,0.7857142857142857
LAnkleAngles_ax3,42,0.7058823529411765,0.7857142857142857
LAnkleAngles_ax3,43,0.7058823529411765,0.6428571428571429
LAnkleAngles_ax3,44,0.7058823529411765,0.6428571428571429
LAnkleAngles_ax3,45,0.7058823529411765,0.7142857142857143
LAnkleAngles_ax3,46,0.7058823529411765,0.7857142857142857
LAnkleAngles_ax3,47,0.7058823529411765,0.6428571428571429
LAnkleAngles_ax3,48,0.7647058823529411,0.7142857142857143
LAnkleAngles_ax3,49,0.7647058823529411,0.7142857142857143
LAnkleAngles_ax3,50,0.7647058823529411,0.7142857142857143
LAnkleAngles_ax3,51,0.7647058823529411,0.7142857142857143
LAnkleAngles_ax3,52,0.7647058823529411,0.6428571428571429
LAnkleAngles_ax3,53,0.7647058823529411,0.7142857142857143
LAnkleAngles_ax3,54,0.7647058823529411,0.6428571428571429
LAnkleAngles_ax3,55,0.7647058823529411,0.6428571428571429
LAnkleAngles_ax3,56,0.7647058823529411,0.7142857142857143
LAnkleAngles_ax3,57,0.7647058823529411,0.7142857142857143
LAnkleAngles_ax3,58,0.7647058823529411,0.6428571428571429
LAnkleAngles_ax3,59,0.7058823529411765,0.6428571428571429
LAnkleAngles_ax3,60,0.7058823529411765,0.6428571428571429
LAnkleAngles_ax3,61,0.5882352941176471,0.6428571428571429
LAnkleAngles_ax3,62,0.5882352941176471,0.6428571428571429
LAnkleAngles_ax3,63,0.5882352941176471,0.6428571428571429
LAnkleAngles_ax3,64,0.5882352941176471,0.6428571428571429
LAnkleAngles_ax3,65,0.7058823529411765,0.7142857142857143
LAnkleAngles_ax3,66,0.7058823529411765,0.7857142857142857
LAnkleAngles_ax3,67,0.7647058823529411,0.7142857142857143
LAnkleAngles_ax3,68,0.7647058823529411,0.7142857142857143
LAnkleAngles_ax3,69,0.7647058823529411,0.7142857142857143
LAnkleAngles_ax3,70,0.7647058823529411,0.7142857142857143
LAnkleAngles_ax3,71,0.7647058823529411,0.7142857142857143
LAnkleAngles_ax3,72,0.7647058823529411,0.7142857142857143
LAnkleAngles_ax3,73,0.7647058823529411,0.7142857142857143
LAnkleAngles_ax3,74,0.7647058823529411,0.7142857142857143
LAnkleAngles_ax3,75,0.7647058823529411,0.7857142857142857
LAnkleAngles_ax3,76,0.7647058823529411,0.7857142857142857
LAnkleAngles_ax3,77,0.7647058823529411,0.7142857142857143
LAnkleAngles_ax3,78,0.7647058823529411,0.7142857142857143
LAnkleAngles_ax3,79,0.7647058823529411,0.7142857142857143
LAnkleAngles_ax3,80,0.7647058823529411,0.7142857142857143
LAnkleAngles_ax3,81,0.7647058823529411,0.7142857142857143
LAnkleAngles_ax3,82,0.7647058823529411,0.7142857142857143
LAnkleAngles_ax3,83,0.7647058823529411,0.7142857142857143
LAnkleAngles_ax3,84,0.7647058823529411,0.7142857142857143
LAnkleAngles_ax3,85,0.7058823529411765,0.7142857142857143
LAnkleAngles_ax3,86,0.7058823529411765,0.6428571428571429
LAnkleAngles_ax3,87,0.7058823529411765,0.7142857142857143
LAnkleAngles_ax3,88,0.7058823529411765,0.7142857142857143
LAnkleAngles_ax3,89,0.7058823529411765,0.7142857142857143
LAnkleAngles_ax3,90,0.6470588235294118,0.7142857142857143
LAnkleAngles_ax3,91,0.6470588235294118,0.6428571428571429
LAnkleAngles_ax3,92,0.7058823529411765,0.6428571428571429
LAnkleAngles_ax3,93,0.7058823529411765,0.5714285714285714
LAnkleAngles_ax3,94,0.7058823529411765,0.6428571428571429
LAnkleAngles_ax3,95,0.7058823529411765,0.6428571428571429
LAnkleAngles_ax3,96,0.7058823529411765,0.6428571428571429
LAnkleAngles_ax3,97,0.7058823529411765,0.6428571428571429
LAnkleAngles_ax3,98,0.7647058823529411,0.6428571428571429
LAnkleAngles_ax3,99,0.7647058823529411,0.7142857142857143
LAnkleAngles_ax3,100,0.7647058823529411,0.7142857142857143
RAnkleAngles_ax1,0,0.6470588235294118,0.6428571428571429
RAnkleAngles_ax1,1,0.6470588235294118,0.6428571428571429
RAnkleAngles_ax1,2,0.6470588235294118,0.5714285714285714
RAnkleAngles_ax1,3,0.6470588235294118,0.6428571428571429
RAnkleAngles_ax1,4,0.5882352941176471,0.6428571428571429
RAnkleAngles_ax1,5,0.5882352941176471,0.5714285714285714
RAnkleAngles_ax1,6,0.5882352941176471,0.5714285714285714
RAnkleAngles_ax1,7,0.5294117647058824,0.5
RAnkleAngles_ax1,8,0.5294117647058824,0.5
RAnkleAngles_ax1,9,0.5294117647058824,0.6428571428571429
RAnkleAngles_ax1,10,0.5294117647058824,0.5
RAnkleAngles_ax1,11,0.5294117647058824,0.5
RAnkleAngles_ax1,12,0.5882352941176471,0.5714285714285714
RAnkleAngles_ax1,13,0.5882352941176471,0.5
RAnkleAngles_ax1,14,0.5294117647058824,0.5
RAnkleAngles_ax1,15,0.5294117647058824,0.5714285714285714
RAnkleAngles_ax1,16,0.5882352941176471,0.5714285714285714
RAnkleAngles_ax1,17,0.5882352941176471,0.6428571428571429
RAnkleAngles_ax1,18,0.5882352941176471,0.6428571428571429
RAnkleAngles_ax1,19,0.7058823529411765,0.6428571428571429
RAnkleAngles_ax1,20,0.7058823529411765,0.6428571428571429
RAnkleAngles_ax1,21,0.7058823529411765,0.6428571428571429
RAnkleAngles_ax1,22,0.7058823529411765,0.6428571428571429
RAnkleAngles_ax1,23,0.7058823529411765,0.6428571428571429
RAnkleAngles_ax1,24,0.7058823529411765,0.6428571428571429
RAnkleAngles_ax1,25,0.7647058823529411,0.6428571428571429
RAnkleAngles_ax1,26,0.7647058823529411,0.6428571428571429
RAnkleAngles_ax1,27,0.7647058823529411,0.6428571428571429
RAnkleAngles_ax1,28,0.7647058823529411,0.6428571428571429
RAnkleAngles_ax1,29,0.7647058823529411,0.7142857142857143
RAnkleAngles_ax1,30,0.7647058823529411,0.6428571428571429
RAnkleAngles_ax1,31,0.7647058823529411,0.6428571428571429
RAnkleAngles_ax1,32,0.7058823529411765,0.6428571428571429
RAnkleAngles_ax1,33,0.7058823529411765,0.5714285714285714
RAnkleAngles_ax1,34,0.5882352941176471,0.5714285714285714
RAnkleAngles_ax1,35,0.5882352941176471,0.5714285714285714
RAnkleAngles_ax1,36,0.5882352941176471,0.5714285714285714
RAnkleAngles_ax1,37,0.5882352941176471,0.5714285714285714
RAnkleAngles_ax1,38,0.5882352941176471,0.5714285714285714
RAnkleAngles_ax1,39,0.6470588235294118,0.5714285714285714
RAnkleAngles_ax1,40,0.7058823529411765,0.5714285714285714
RAnkleAngles_ax1,41,0.7058823529411765,0.6428571428571429
RAnkleAngles_ax1,42,0.7058823529411765,0.6428571428571429
RAnkleAngles_ax1,43,0.6470588235294118,0.6428571428571429
RAnkleAngles_ax1,44,0.5882352941176471,0.7142857142857143
RAnkleAngles_ax1,45,0.5882352941176471,0.6428571428571429
RAnkleAngles_ax1,46,0.6470588235294118,0.6428571428571429
RAnkleAngles_ax1,47,0.6470588235294118,0.6428571428571429
RAnkleAngles_ax1,48,0.5882352941176471,0.6428571428571429
RAnkleAngles_ax1,49,0.5882352941176471,0.6428571428571429
RAnkleAngles_ax1,50,0.5882352941176471,0.7142857142857143
RAnkleAngles_ax1,51,0.5882352941176471,0.7142857142857143
RAnkleAngles_ax1,52,0.5882352941176471,0.6428571428571429
RAnkleAngles_ax1,53,0.6470588235294118,0.7857142857142857
RAnkleAngles_ax1,54,0.5294117647058824,0.7857142857142857
RAnkleAngles_ax1,55,0.5882352941176471,0.8571428571428571
RAnkleAngles_ax1,56,0.5882352941176471,0.8571428571428571
RAnkleAngles_ax1,57,0.5882352941176471,0.6428571428571429
RAnkleAngles_ax1,58,0.7058823529411765,0.6428571428571429
RAnkleAngles_ax1,59,0.7058823529411765,0.6428571428571429
RAnkleAngles_ax1,60,0.5294117647058824,0.5714285714285714
RAnkleAngles_ax1,61,0.5294117647058824,0.6428571428571429
RAnkleAngles_ax1,62,0.5882352941176471,0.6428571428571429
RAnkleAngles_ax1,63,0.6470588235294118,0.6428571428571429
RAnkleAngles_ax1,64,0.5294117647058824,0.5714285714285714
RAnkleAngles_ax1,65,0.5882352941176471,0.5714285714285714
RAnkleAngles_ax1,66,0.7058823529411765,0.5714285714285714
RAnkleAngles_ax1,67,0.7058823529411765,0.5714285714285714
RAnkleAngles_ax1,68,0.7058823529411765,0.5714285714285714
RAnkleAngles_ax1,69,0.7058823529411765,0.5714285714285714
RAnkleAngles_ax1,70,0.7058823529411765,0.5714285714285714
RAnkleAngles_ax1,71,0.7058823529411765,0.5714285714285714
RAnkleAngles_ax1,72,0.7058823529411765,0.5714285714285714
RAnkleAngles_ax1,73,0.7058823529411765,0.5714285714285714
RAnkleAngles_ax1,74,0.7058823529411765,0.5714285714285714
RAnkleAngles_ax1,75,0.6470588235294118,0.5714285714285714
RAnkleAngles_ax1,76,0.5294117647058824,0.5
RAnkleAngles_ax1,77,0.5294117647058824,0.5
RAnkleAngles_ax1,78,0.5294117647058824,0.5
RAnkleAngles_ax1,79,0.5882352941176471,0.5714285714285714
RAnkleAngles_ax1,80,0.6470588235294118,0.5714285714285714
RAnkleAngles_ax1,81,0.5882352941176471,0.6428571428571429
RAnkleAngles_ax1,82,0.5882352941176471,0.6428571428571429
RAnkleAngles_ax1,83,0.5882352941176471,0.6428571428571429
RAnkleAngles_ax1,84,0.6470588235294118,0.5714285714285714
RAnkleAngles_ax1,85,0.6470588235294118,0.6428571428571429
RAnkleAngles_ax1,86,0.7058823529411765,0.6428571428571429
RAnkleAngles_ax1,87,0.7058823529411765,0.5714285714285714
RAnkleAngles_ax1,88,0.6470588235294118,0.5714285714285714
RAnkleAngles_ax1,89,0.6470588235294118,0.5714285714285714
RAnkleAngles_ax1,90,0.5882352941176471,0.5714285714285714
RAnkleAngles_ax1,91,0.5882352941176471,0.5
RAnkleAngles_ax1,92,0.5882352941176471,0.5
RAnkleAngles_ax1,93,0.5882352941176471,0.5
RAnkleAngles_ax1,94,0.5882352941176471,0.5714285714285714
RAnkleAngles_ax1,95,0.5882352941176471,0.5714285714285714
RAnkleAngles_ax1,96,0.5882352941176471,0.5714285714285714
RAnkleAngles_ax1,97,0.5882352941176471,0.5714285714285714
RAnkleAngles_ax1,98,0.6470588235294118,0.5714285714285714
RAnkleAngles_ax1,99,0.6470588235294118,0.5714285714285714
RAnkleAngles_ax1,100,0.6470588235294118,0.5714285714285714
RAnkleAngles_ax2,0,0.7647058823529411,0.6428571428571429
RAnkleAngles_ax2,1,0.7647058823529411,0.6428571428571429
RAnkleAngles_ax2,2,0.7058823529411765,0.6428571428571429
RAnkleAngles_ax2,3,0.7058823529411765,0.6428571428571429
RAnkleAngles_ax2,4,0.8235294117647058,0.6428571428571429
RAnkleAngles_ax2,5,0.8235294117647058,0.6428571428571429
RAnkleAngles_ax2,6,0.8235294117647058,0.6428571428571429
RAnkleAngles_ax2,7,0.7647058823529411,0.6428571428571429
RAnkleAngles_ax2,8,0.7058823529411765,0.6428571428571429
RAnkleAngles_ax2,9,0.7647058823529411,0.6428571428571429
RAnkleAngles_ax2,10,0.7058823529411765,0.6428571428571429
RAnkleAngles_ax2,11,0.6470588235294118,0.5714285714285714
RAnkleAngles_ax2,12,0.7058823529411765,0.5714285714285714
RAnkleAngles_ax2,13,0.7647058823529411,0.5714285714285714
RAnkleAngles_ax2,14,0.7058823529411765,0.5714285714285714
RAnkleAngles_ax2,15,0.5882352941176471,0.5714285714285714
RAnkleAngles_ax2,16,0.5882352941176471,0.5714285714285714
RAnkleAngles_ax2,17,0.5294117647058824,0.5714285714285714
RAnkleAngles_ax2,18,0.5294117647058824,0.5714285714285714
RAnkleAngles_ax2,19,0.5294117647058824,0.5
RAnkleAngles_ax2,20,0.5882352941176471,0.5
RAnkleAngles_ax2,21,0.5882352941176471,0.5
RAnkleAngles_ax2,22,0.5294117647058824,0.5
RAnkleAngles_ax2,23,0.5294117647058824,0.5
RAnkleAngles_ax2,24,0.5882352941176471,0.5714285714285714
RAnkleAngles_ax2,25,0.7058823529411765,0.5714285714285714
RAnkleAngles_ax2,26,0.7058823529411765,0.6428571428571429
RAnkleAngles_ax2,27,0.7058823529411765,0.6428571428571429
RAnkleAngles_ax2,28,0.7058823529411765,0.5714285714285714
RAnkleAngles_ax2,29,0.7058823529411765,0.5714285714285714
RAnkleAngles_ax2,30,0.6470588235294118,0.5714285714285714
RAnkleAngles_ax2,31,0.5882352941176471,0.5714285714285714
RAnkleAngles_ax2,32,0.5882352941176471,0.5714285714285714
RAnkleAngles_ax2,33,0.6470588235294118,0.5714285714285714
RAnkleAngles_ax2,34,0.5294117647058824,0.5714285714285714
RAnkleAngles_ax2,35,0.5294117647058824,0.5714285714285714
RAnkleAngles_ax2,36,0.5294117647058824,0.5714285714285714
RAnkleAngles_ax2,37,0.5294117647058824,0.5714285714285714
RAnkleAngles_ax2,38,0.5294117647058824,0.5714285714285714
RAnkleAngles_ax2,39,0.5294117647058824,0.5714285714285714
RAnkleAngles_ax2,40,0.5294117647058824,0.6428571428571429
RAnkleAngles_ax2,41,0.5294117647058824,0.5714285714285714
RAnkleAngles_ax2,42,0.5882352941176471,0.5714285714285714
RAnkleAngles_ax2,43,0.6470588235294118,0.5
RAnkleAngles_ax2,44,0.6470588235294118,0.5714285714285714
RAnkleAngles_ax2,45,0.6470588235294118,0.7142857142857143
RAnkleAngles_ax2,46,0.6470588235294118,0.7142857142857143
RAnkleAngles_ax2,47,0.6470588235294118,0.7857142857142857
RAnkleAngles_ax2,48,0.6470588235294118,0.7142857142857143
RAnkleAngles_ax2,49,0.6470588235294118,0.7142857142857143
RAnkleAngles_ax2,50,0.6470588235294118,0.7142857142857143
RAnkleAngles_ax2,51,0.6470588235294118,0.7142857142857143
RAnkleAngles_ax2,52,0.7058823529411765,0.7142857142857143
RAnkleAngles_ax2,53,0.7647058823529411,0.6428571428571429
RAnkleAngles_ax2,54,0.7058823529411765,0.6428571428571429
RAnkleAngles_ax2,55,0.7647058823529411,0.7142857142857143
RAnkleAngles_ax2,56,0.7058823529411765,0.6428571428571429
RAnkleAngles_ax2,57,0.7058823529411765,0.6428571428571429
RAnkleAngles_ax2,58,0.6470588235294118,0.5714285714285714
RAnkleAngles_ax2,59,0.5882352941176471,0.6428571428571429
RAnkleAngles_ax2,60,0.5882352941176471,0.6428571428571429
RAnkleAngles_ax2,61,0.5882352941176471,0.6428571428571429
RAnkleAngles_ax2,62,0.5882352941176471,0.6428571428571429
RAnkleAngles_ax2,63,0.5882352941176471,0.5714285714285714
RAnkleAngles_ax2,64,0.5882352941176471,0.5714285714285714
RAnkleAngles_ax2,65,0.5294117647058824,0.5
RAnkleAngles_ax2,66,0.5294117647058824,0.5
RAnkleAngles_ax2,67,0.5882352941176471,0.5
RAnkleAngles_ax2,68,0.5294117647058824,0.5
RAnkleAngles_ax2,69,0.5294117647058824,0.5
RAnkleAngles_ax2,70,0.5294117647058824,0.5
RAnkleAngles_ax2,71,0.5294117647058824,0.5
RAnkleAngles_ax2,72,0.5294117647058824,0.5714285714285714
RAnkleAngles_ax2,73,0.5882352941176471,0.5714285714285714
RAnkleAngles_ax2,74,0.5294117647058824,0.5714285714285714
RAnkleAngles_ax2,75,0.5294117647058824,0.5714285714285714
RAnkleAngles_ax2,76,0.5294117647058824,0.5714285714285714
RAnkleAngles_ax2,77,0.5294117647058824,0.5714285714285714
RAnkleAngles_ax2,78,0.5294117647058824,0.5
RAnkleAngles_ax2,79,0.5294117647058824,0.5
RAnkleAngles_ax2,80,0.5294117647058824,0.5
RAnkleAngles_ax2,81,0.5882352941176471,0.5714285714285714
RAnkleAngles_ax2,82,0.5882352941176471,0.5
RAnkleAngles_ax2,83,0.5294117647058824,0.5
RAnkleAngles_ax2,84,0.5294117647058824,0.5
RAnkleAngles_ax2,85,0.5294117647058824,0.5
RAnkleAngles_ax2,86,0.5294117647058824,0.5
RAnkleAngles_ax2,87,0.5294117647058824,0.5
RAnkleAngles_ax2,88,0.5882352941176471,0.5
RAnkleAngles_ax2,89,0.5882352941176471,0.5
RAnkleAngles_ax2,90,0.6470588235294118,0.5714285714285714
RAnkleAngles_ax2,91,0.5882352941176471,0.5
RAnkleAngles_ax2,92,0.5294117647058824,0.5
RAnkleAngles_ax2,93,0.5294117647058824,0.5
RAnkleAngles_ax2,94,0.6470588235294118,0.5
RAnkleAngles_ax2,95,0.6470588235294118,0.5
RAnkleAngles_ax2,96,0.6470588235294118,0.5
RAnkleAngles_ax2,97,0.6470588235294118,0.6428571428571429
RAnkleAngles_ax2,98,0.5882352941176471,0.6428571428571429
RAnkleAngles_ax2,99,0.7647058823529411,0.6428571428571429
RAnkleAngles_ax2,100,0.7647058823529411,0.6428571428571429
RAnkleAngles_ax3,0,0.5294117647058824,0.5
RAnkleAngles_ax3,1,0.5294117647058824,0.5
RAnkleAngles_ax3,2,0.5294117647058824,0.5
RAnkleAngles_ax3,3,0.5294117647058824,0.5
RAnkleAngles_ax3,4,0.5882352941176471,0.5
RAnkleAngles_ax3,5,0.6470588235294118,0.5714285714285714
RAnkleAngles_ax3,6,0.6470588235294118,0.5714285714285714
RAnkleAngles_ax3,7,0.7058823529411765,0.5714285714285714
RAnkleAngles_ax3,8,0.6470588235294118,0.5714285714285714
RAnkleAngles_ax3,9,0.6470588235294118,0.5714285714285714
RAnkleAngles_ax3,10,0.6470588235294118,0.6428571428571429
RAnkleAngles_ax3,11,0.7647058823529411,0.6428571428571429
RAnkleAngles_ax3,12,0.7647058823529411,0.5714285714285714
RAnkleAngles_ax3,13,0.7647058823529411,0.5714285714285714
RAnkleAngles_ax3,14,0.7647058823529411,0.5714285714285714
RAnkleAngles_ax3,15,0.5882352941176471,0.5714285714285714
RAnkleAngles_ax3,16,0.5882352941176471,0.5714285714285714
RAnkleAngles_ax3,17,0.6470588235294118,0.5714285714285714
RAnkleAngles_ax3,18,0.5882352941176471,0.5
RAnkleAngles_ax3,19,0.5294117647058824,0.5714285714285714
RAnkleAngles_ax3,20,0.5882352941176471,0.5
RAnkleAngles_ax3,21,0.5294117647058824,0.5
RAnkleAngles_ax3,22,0.5882352941176471,0.5714285714285714
RAnkleAngles_ax3,23,0.6470588235294118,0.5714285714285714
RAnkleAngles_ax3,24,0.7058823529411765,0.5714285714285714
RAnkleAngles_ax3,25,0.7058823529411765,0.6428571428571429
RAnkleAngles_ax3,26,0.7058823529411765,0.6428571428571429
RAnkleAngles_ax3,27,0.7058823529411765,0.7142857142857143
RAnkleAngles_ax3,28,0.7058823529411765,0.6428571428571429
RAnkleAngles_ax3,29,0.7058823529411765,0.6428571428571429
RAnkleAngles_ax3,30,0.7058823529411765,0.6428571428571429
RAnkleAngles_ax3,31,0.7058823529411765,0.6428571428571429
RAnkleAngles_ax3,32,0.7058823529411765,0.6428571428571429
RAnkleAngles_ax3,33,0.7058823529411765,0.6428571428571429
RAnkleAngles_ax3,34,0.7058823529411765,0.6428571428571429
RAnkleAngles_ax3,35,0.7058823529411765,0.6428571428571429
RAnkleAngles_ax3,36,0.6470588235294118,0.6428571428571429
RAnkleAngles_ax3,37,0.6470588235294118,0.6428571428571429
RAnkleAngles_ax3,38,0.5294117647058824,0.6428571428571429
RAnkleAngles_ax3,39,0.5294117647058824,0.6428571428571429
RAnkleAngles_ax3,40,0.5882352941176471,0.6428571428571429
RAnkleAngles_ax3,41,0.5882352941176471,0.6428571428571429
RAnkleAngles_ax3,42,0.5882352941176471,0.6428571428571429
RAnkleAngles_ax3,43,0.6470588235294118,0.6428571428571429
RAnkleAngles_ax3,44,0.7058823529411765,0.6428571428571429
RAnkleAngles_ax3,45,0.7058823529411765,0.6428571428571429
RAnkleAngles_ax3,46,0.7058823529411765,0.6428571428571429
RAnkleAngles_ax3,47,0.7058823529411765,0.6428571428571429
RAnkleAngles_ax3,48,0.7647058823529411,0.6428571428571429
RAnkleAngles_ax3,49,0.7647058823529411,0.6428571428571429
RAnkleAngles_ax3,50,0.7647058823529411,0.6428571428571429
RAnkleAngles_ax3,51,0.7647058823529411,0.6428571428571429
RAnkleAngles_ax3,52,0.7647058823529411,0.6428571428571429
RAnkleAngles_ax3,53,0.8235294117647058,0.6428571428571429
RAnkleAngles_ax3,54,0.7058823529411765,0.7142857142857143
RAnkleAngles_ax3,55,0.5882352941176471,0.7142857142857143
RAnkleAngles_ax3,56,0.6470588235294118,0.5714285714285714
RAnkleAngles_ax3,57,0.6470588235294118,0.5714285714285714
RAnkleAngles_ax3,58,0.6470588235294118,0.5
RAnkleAngles_ax3,59,0.5882352941176471,0.5
RAnkleAngles_ax3,60,0.5882352941176471,0.5714285714285714
RAnkleAngles_ax3,61,0.5294117647058824,0.5714285714285714
RAnkleAngles_ax3,62,0.5294117647058824,0.5
RAnkleAngles_ax3,63,0.5882352941176471,0.5
RAnkleAngles_ax3,64,0.5882352941176471,0.5
RAnkleAngles_ax3,65,0.5294117647058824,0.5
RAnkleAngles_ax3,66,0.5294117647058824,0.5
RAnkleAngles_ax3,67,0.5882352941176471,0.5
RAnkleAngles_ax3,68,0.5294117647058824,0.5
RAnkleAngles_ax3,69,0.5294117647058824,0.5
RAnkleAngles_ax3,70,0.5882352941176471,0.5
RAnkleAngles_ax3,71,0.5882352941176471,0.5
RAnkleAngles_ax3,72,0.6470588235294118,0.5714285714285714
RAnkleAngles_ax3,73,0.7058823529411765,0.5714285714285714
RAnkleAngles_ax3,74,0.5882352941176471,0.5714285714285714
RAnkleAngles_ax3,75,0.5882352941176471,0.5714285714285714
RAnkleAngles_ax3,76,0.5882352941176471,0.5714285714285714
RAnkleAngles_ax3,77,0.5882352941176471,0.5714285714285714
RAnkleAngles_ax3,78,0.5294117647058824,0.5714285714285714
RAnkleAngles_ax3,79,0.5294117647058824,0.5714285714285714
RAnkleAngles_ax3,80,0.5882352941176471,0.5
RAnkleAngles_ax3,81,0.5882352941176471,0.5
RAnkleAngles_ax3,82,0.6470588235294118,0.5714285714285714
RAnkleAngles_ax3,83,0.5882352941176471,0.5714285714285714
RAnkleAngles_ax3,84,0.5882352941176471,0.5714285714285714
RAnkleAngles_ax3,85,0.6470588235294118,0.5714285714285714
RAnkleAngles_ax3,86,0.6470588235294118,0.5714285714285714
RAnkleAngles_ax3,87,0.7058823529411765,0.5714285714285714
RAnkleAngles_ax3,88,0.6470588235294118,0.5714285714285714
RAnkleAngles_ax3,89,0.6470588235294118,0.5714285714285714
RAnkleAngles_ax3,90,0.6470588235294118,0.5714285714285714
RAnkleAngles_ax3,91,0.6470588235294118,0.5714285714285714
RAnkleAngles_ax3,92,0.5882352941176471,0.5
RAnkleAngles_ax3,93,0.5882352941176471,0.5
RAnkleAngles_ax3,94,0.5882352941176471,0.5
RAnkleAngles_ax3,95,0.5882352941176471,0.5
RAnkleAngles_ax3,96,0.6470588235294118,0.5
RAnkleAngles_ax3,97,0.5882352941176471,0.5
RAnkleAngles_ax3,98,0.5294117647058824,0.5
RAnkleAngles_ax3,99,0.5882352941176471,0.5
RAnkleAngles_ax3,100,0.7647058823529411,0.5714285714285714
LAbsAnkleAngle_ax1,0,0.5294117647058824,0.5
LAbsAnkleAngle_ax1,1,0.5294117647058824,0.5
LAbsAnkleAngle_ax1,2,0.5294117647058824,0.5
LAbsAnkleAngle_ax1,3,0.5294117647058824,0.5714285714285714
LAbsAnkleAngle_ax1,4,0.5294117647058824,0.5714285714285714
LAbsAnkleAngle_ax1,5,0.5882352941176471,0.5714285714285714
LAbsAnkleAngle_ax1,6,0.5294117647058824,0.5
LAbsAnkleAngle_ax1,7,0.5294117647058824,0.5
LAbsAnkleAngle_ax1,8,0.5882352941176471,0.5
LAbsAnkleAngle_ax1,9,0.5882352941176471,0.5714285714285714
LAbsAnkleAngle_ax1,10,0.7647058823529411,0.5714285714285714
LAbsAnkleAngle_ax1,11,0.8235294117647058,0.6428571428571429
LAbsAnkleAngle_ax1,12,0.7647058823529411,0.7142857142857143
LAbsAnkleAngle_ax1,13,0.7647058823529411,0.7857142857142857
LAbsAnkleAngle_ax1,14,0.7058823529411765,0.7142857142857143
LAbsAnkleAngle_ax1,15,0.6470588235294118,0.6428571428571429
LAbsAnkleAngle_ax1,16,0.5294117647058824,0.5
LAbsAnkleAngle_ax1,17,0.5294117647058824,0.5714285714285714
LAbsAnkleAngle_ax1,18,0.5294117647058824,0.5
LAbsAnkleAngle_ax1,19,0.5294117647058824,0.5714285714285714
LAbsAnkleAngle_ax1,20,0.5294117647058824,0.5714285714285714
LAbsAnkleAngle_ax1,21,0.5294117647058824,0.5714285714285714
LAbsAnkleAngle_ax1,22,0.5294117647058824,0.5714285714285714
LAbsAnkleAngle_ax1,23,0.5294117647058824,0.6428571428571429
LAbsAnkleAngle_ax1,24,0.5294117647058824,0.6428571428571429
LAbsAnkleAngle_ax1,25,0.5294117647058824,0.6428571428571429
LAbsAnkleAngle_ax1,26,0.5294117647058824,0.6428571428571429
LAbsAnkleAngle_ax1,27,0.5294117647058824,0.7142857142857143
LAbsAnkleAngle_ax1,28,0.5294117647058824,0.7142857142857143
LAbsAnkleAngle_ax1,29,0.5294117647058824,0.5
LAbsAnkleAngle_ax1,30,0.5294117647058824,0.6428571428571429
LAbsAnkleAngle_ax1,31,0.5294117647058824,0.6428571428571429
LAbsAnkleAngle_ax1,32,0.5294117647058824,0.6428571428571429
LAbsAnkleAngle_ax1,33,0.5294117647058824,0.5714285714285714
LAbsAnkleAngle_ax1,34,0.5294117647058824,0.5
LAbsAnkleAngle_ax1,35,0.5294117647058824,0.5
LAbsAnkleAngle_ax1,36,0.5294117647058824,0.5
LAbsAnkleAngle_ax1,37,0.5882352941176471,0.5714285714285714
LAbsAnkleAngle_ax1,38,0.5294117647058824,0.5714285714285714
LAbsAnkleAngle_ax1,39,0.5294117647058824,0.5714285714285714
LAbsAnkleAngle_ax1,40,0.5294117647058824,0.5714285714285714
LAbsAnkleAngle_ax1,41,0.5294117647058824,0.5714285714285714
LAbsAnkleAngle_ax1,42,0.5294117647058824,0.5714285714285714
LAbsAnkleAngle_ax1,43,0.5294117647058824,0.5
LAbsAnkleAngle_ax1,44,0.5882352941176471,0.5
LAbsAnkleAngle_ax1,45,0.6470588235294118,0.5714285714285714
LAbsAnkleAngle_ax1,46,0.6470588235294118,0.5714285714285714
LAbsAnkleAngle_ax1,47,0.6470588235294118,0.5714285714285714
LAbsAnkleAngle_ax1,48,0.5882352941176471,0.6428571428571429
LAbsAnkleAngle_ax1,49,0.5882352941176471,0.6428571428571429
LAbsAnkleAngle_ax1,50,0.5882352941176471,0.6428571428571429
LAbsAnkleAngle_ax1,51,0.5294117647058824,0.6428571428571429
LAbsAnkleAngle_ax1,52,0.5294117647058824,0.5714285714285714
LAbsAnkleAngle_ax1,53,0.5294117647058824,0.5714285714285714
LAbsAnkleAngle_ax1,54,0.5294117647058824,0.5714285714285714
LAbsAnkleAngle_ax1,55,0.5294117647058824,0.5714285714285714
LAbsAnkleAngle_ax1,56,0.5294117647058824,0.5714285714285714
LAbsAnkleAngle_ax1,57,0.5294117647058824,0.5
LAbsAnkleAngle_ax1,58,0.5294117647058824,0.5714285714285714
LAbsAnkleAngle_ax1,59,0.5294117647058824,0.5
LAbsAnkleAngle_ax1,60,0.7058823529411765,0.5714285714285714
LAbsAnkleAngle_ax1,61,0.5882352941176471,0.5714285714285714
LAbsAnkleAngle_ax1,62,0.6470588235294118,0.6428571428571429
LAbsAnkleAngle_ax1,63,0.6470588235294118,0.6428571428571429
LAbsAnkleAngle_ax1,64,0.6470588235294118,0.6428571428571429
LAbsAnkleAngle_ax1,65,0.7058823529411765,0.6428571428571429
LAbsAnkleAngle_ax1,66,0.5882352941176471,0.6428571428571429
LAbsAnkleAngle_ax1,67,0.5882352941176471,0.6428571428571429
LAbsAnkleAngle_ax1,68,0.5882352941176471,0.6428571428571429
LAbsAnkleAngle_ax1,69,0.5882352941176471,0.7857142857142857
LAbsAnkleAngle_ax1,70,0.5882352941176471,0.7142857142857143
LAbsAnkleAngle_ax1,71,0.5882352941176471,0.6428571428571429
LAbsAnkleAngle_ax1,72,0.5882352941176471,0.5714285714285714
LAbsAnkleAngle_ax1,73,0.5882352941176471,0.6428571428571429
LAbsAnkleAngle_ax1,74,0.5882352941176471,0.6428571428571429
LAbsAnkleAngle_ax1,75,0.5882352941176471,0.6428571428571429
LAbsAnkleAngle_ax1,76,0.5882352941176471,0.7142857142857143
LAbsAnkleAngle_ax1,77,0.5294117647058824,0.7142857142857143
LAbsAnkleAngle_ax1,78,0.5294117647058824,0.5
LAbsAnkleAngle_ax1,79,0.5294117647058824,0.6428571428571429
LAbsAnkleAngle_ax1,80,0.5294117647058824,0.6428571428571429
LAbsAnkleAngle_ax1,81,0.5294117647058824,0.6428571428571429
LAbsAnkleAngle_ax1,82,0.5294117647058824,0.6428571428571429
LAbsAnkleAngle_ax1,83,0.5882352941176471,0.6428571428571429
LAbsAnkleAngle_ax1,84,0.5882352941176471,0.6428571428571429
LAbsAnkleAngle_ax1,85,0.5882352941176471,0.6428571428571429
LAbsAnkleAngle_ax1,86,0.7058823529411765,0.6428571428571429
LAbsAnkleAngle_ax1,87,0.6470588235294118,0.6428571428571429
LAbsAnkleAngle_ax1,88,0.6470588235294118,0.5714285714285714
LAbsAnkleAngle_ax1,89,0.5882352941176471,0.5714285714285714
LAbsAnkleAngle_ax1,90,0.5882352941176471,0.5714285714285714
LAbsAnkleAngle_ax1,91,0.6470588235294118,0.5714285714285714
LAbsAnkleAngle_ax1,92,0.6470588235294118,0.5714285714285714
LAbsAnkleAngle_ax1,93,0.6470588235294118,0.5
LAbsAnkleAngle_ax1,94,0.5294117647058824,0.5
LAbsAnkleAngle_ax1,95,0.5294117647058824,0.5714285714285714
LAbsAnkleAngle_ax1,96,0.5294117647058824,0.5
LAbsAnkleAngle_ax1,97,0.5294117647058824,0.5
LAbsAnkleAngle_ax1,98,0.5294117647058824,0.5
LAbsAnkleAngle_ax1,99,0.5294117647058824,0.5714285714285714
LAbsAnkleAngle_ax1,100,0.5294117647058824,0.5714285714285714
LAbsAnkleAngle_ax2,0,,
LAbsAnkleAngle_ax2,1,,
LAbsAnkleAngle_ax2,2,,
LAbsAnkleAngle_ax2,3,,
LAbsAnkleAngle_ax2,4,,
LAbsAnkleAngle_ax2,5,,
LAbsAnkleAngle_ax2,6,,
LAbsAnkleAngle_ax2,7,,
LAbsAnkleAngle_ax2,8,,
LAbsAnkleAngle_ax2,9,,
LAbsAnkleAngle_ax2,10,,
LAbsAnkleAngle_ax2,11,,
LAbsAnkleAngle_ax2,12,,
LAbsAnkleAngle_ax2,13,,
LAbsAnkleAngle_ax2,14,,
LAbsAnkleAngle_ax2,15,,
LAbsAnkleAngle_ax2,16,,
LAbsAnkleAngle_ax2,17,,
LAbsAnkleAngle_ax2,18,,
LAbsAnkleAngle_ax2,19,,
LAbsAnkleAngle_ax2,20,,
LAbsAnkleAngle_ax2,21,,
LAbsAnkleAngle_ax2,22,,
LAbsAnkleAngle_ax2,23,,
LAbsAnkleAngle_ax2,24,,
LAbsAnkleAngle_ax2,25,,
LAbsAnkleAngle_ax2,26,,
LAbsAnkleAngle_ax2,27,,
LAbsAnkleAngle_ax2,28,,
LAbsAnkleAngle_ax2,29,,
LAbsAnkleAngle_ax2,30,,
LAbsAnkleAngle_ax2,31,,
LAbsAnkleAngle_ax2,32,,
LAbsAnkleAngle_ax2,33,,
LAbsAnkleAngle_ax2,34,,
LAbsAnkleAngle_ax2,35,,
LAbsAnkleAngle_ax2,36,,
LAbsAnkleAngle_ax2,37,,
LAbsAnkleAngle_ax2,38,,
LAbsAnkleAngle_ax2,39,,
LAbsAnkleAngle_ax2,40,,
LAbsAnkleAngle_ax2,41,,
LAbsAnkleAngle_ax2,42,,
LAbsAnkleAngle_ax2,43,,
LAbsAnkleAngle_ax2,44,,
LAbsAnkleAngle_ax2,45,,
LAbsAnkleAngle_ax2,46,,
LAbsAnkleAngle_ax2,47,,
LAbsAnkleAngle_ax2,48,,
LAbsAnkleAngle_ax2,49,,
LAbsAnkleAngle_ax2,50,,
LAbsAnkleAngle_ax2,51,,
LAbsAnkleAngle_ax2,52,,
LAbsAnkleAngle_ax2,53,,
LAbsAnkleAngle_ax2,54,,
LAbsAnkleAngle_ax2,55,,
LAbsAnkleAngle_ax2,56,,
LAbsAnkleAngle_ax2,57,,
LAbsAnkleAngle_ax2,58,,
LAbsAnkleAngle_ax2,59,,
LAbsAnkleAngle_ax2,60,,
LAbsAnkleAngle_ax2,61,,
LAbsAnkleAngle_ax2,62,,
LAbsAnkleAngle_ax2,63,,
LAbsAnkleAngle_ax2,64,,
LAbsAnkleAngle_ax2,65,,
LAbsAnkleAngle_ax2,66,,
LAbsAnkleAngle_ax2,67,,
LAbsAnkleAngle_ax2,68,,
LAbsAnkleAngle_ax2,69,,
LAbsAnkleAngle_ax2,70,,
LAbsAnkleAngle_ax2,71,,
LAbsAnkleAngle_ax2,72,,
LAbsAnkleAngle_ax2,73,,
LAbsAnkleAngle_ax2,74,,
LAbsAnkleAngle_ax2,75,,
LAbsAnkleAngle_ax2,76,,
LAbsAnkleAngle_ax2,77,,
LAbsAnkleAngle_ax2,78,,
LAbsAnkleAngle_ax2,79,,
LAbsAnkleAngle_ax2,80,,
LAbsAnkleAngle_ax2,81,,
LAbsAnkleAngle_ax2,82,,
LAbsAnkleAngle_ax2,83,,
LAbsAnkleAngle_ax2,84,,
LAbsAnkleAngle_ax2,85,,
LAbsAnkleAngle_ax2,86,,
LAbsAnkleAngle_ax2,87,,
LAbsAnkleAngle_ax2,88,,
LAbsAnkleAngle_ax2,89,,
LAbsAnkleAngle_ax2,90,,
LAbsAnkleAngle_ax2,91,,
LAbsAnkleAngle_ax2,92,,
LAbsAnkleAngle_ax2,93,,
LAbsAnkleAngle_ax2,94,,
LAbsAnkleAngle_ax2,95,,
LAbsAnkleAngle_ax2,96,,
LAbsAnkleAngle_ax2,97,,
LAbsAnkleAngle_ax2,98,,
LAbsAnkleAngle_ax2,99,,
LAbsAnkleAngle_ax2,100,,
LAbsAnkleAngle_ax3,0,,
LAbsAnkleAngle_ax3,1,,
LAbsAnkleAngle_ax3,2,,
LAbsAnkleAngle_ax3,3,,
LAbsAnkleAngle_ax3,4,,
LAbsAnkleAngle_ax3,5,,
LAbsAnkleAngle_ax3,6,,
LAbsAnkleAngle_ax3,7,,
LAbsAnkleAngle_ax3,8,,
LAbsAnkleAngle_ax3,9,,
LAbsAnkleAngle_ax3,10,,
LAbsAnkleAngle_ax3,11,,
LAbsAnkleAngle_ax3,12,,
LAbsAnkleAngle_ax3,13,,
LAbsAnkleAngle_ax3,14,,
LAbsAnkleAngle_ax3,15,,
LAbsAnkleAngle_ax3,16,,
LAbsAnkleAngle_ax3,17,,
LAbsAnkleAngle_ax3,18,,
LAbsAnkleAngle_ax3,19,,
LAbsAnkleAngle_ax3,20,,
LAbsAnkleAngle_ax3,21,,
LAbsAnkleAngle_ax3,22,,
LAbsAnkleAngle_ax3,23,,
LAbsAnkleAngle_ax3,24,,
LAbsAnkleAngle_ax3,25,,
LAbsAnkleAngle_ax3,26,,
LAbsAnkleAngle_ax3,27,,
LAbsAnkleAngle_ax3,28,,
LAbsAnkleAngle_ax3,29,,
LAbsAnkleAngle_ax3,30,,
LAbsAnkleAngle_ax3,31,,
LAbsAnkleAngle_ax3,32,,
LAbsAnkleAngle_ax3,33,,
LAbsAnkleAngle_ax3,34,,
LAbsAnkleAngle_ax3,35,,
LAbsAnkleAngle_ax3,36,,
LAbsAnkleAngle_ax3,37,,
LAbsAnkleAngle_ax3,38,,
LAbsAnkleAngle_ax3,39,,
LAbsAnkleAngle_ax3,40,,
LAbsAnkleAngle_ax3,41,,
LAbsAnkleAngle_ax3,42,,
LAbsAnkleAngle_ax3,43,,
LAbsAnkleAngle_ax3,44,,
LAbsAnkleAngle_ax3,45,,
LAbsAnkleAngle_ax3,46,,
LAbsAnkleAngle_ax3,47,,
LAbsAnkleAngle_ax3,48,,
LAbsAnkleAngle_ax3,49,,
LAbsAnkleAngle_ax3,50,,
LAbsAnkleAngle_ax3,51,,
LAbsAnkleAngle_ax3,52,,
LAbsAnkleAngle_ax3,53,,
LAbsAnkleAngle_ax3,54,,
LAbsAnkleAngle_ax3,55,,
LAbsAnkleAngle_ax3,56,,
LAbsAnkleAngle_ax3,57,,
LAbsAnkleAngle_ax3,58,,
LAbsAnkleAngle_ax3,59,,
LAbsAnkleAngle_ax3,60,,
LAbsAnkleAngle_ax3,61,,
LAbsAnkleAngle_ax3,62,,
LAbsAnkleAngle_ax3,63,,
LAbsAnkleAngle_ax3,64,,
LAbsAnkleAngle_ax3,65,,
LAbsAnkleAngle_ax3,66,,
LAbsAnkleAngle_ax3,67,,
LAbsAnkleAngle_ax3,68,,
LAbsAnkleAngle_ax3,69,,
LAbsAnkleAngle_ax3,70,,
LAbsAnkleAngle_ax3,71,,
LAbsAnkleAngle_ax3,72,,
LAbsAnkleAngle_ax3,73,,
LAbsAnkleAngle_ax3,74,,
LAbsAnkleAngle_ax3,75,,
LAbsAnkleAngle_ax3,76,,
LAbsAnkleAngle_ax3,77,,
LAbsAnkleAngle_ax3,78,,
LAbsAnkleAngle_ax3,79,,
LAbsAnkleAngle_ax3,80,,
LAbsAnkleAngle_ax3,81,,
LAbsAnkleAngle_ax3,82,,
LAbsAnkleAngle_ax3,83,,
LAbsAnkleAngle_ax3,84,,
LAbsAnkleAngle_ax3,85,,
LAbsAnkleAngle_ax3,86,,
LAbsAnkleAngle_ax3,87,,
LAbsAnkleAngle_ax3,88,,
LAbsAnkleAngle_ax3,89,,
LAbsAnkleAngle_ax3,90,,
LAbsAnkleAngle_ax3,91,,
LAbsAnkleAngle_ax3,92,,
LAbsAnkleAngle_ax3,93,,
LAbsAnkleAngle_ax3,94,,
LAbsAnkleAngle_ax3,95,,
LAbsAnkleAngle_ax3,96,,
LAbsAnkleAngle_ax3,97,,
LAbsAnkleAngle_ax3,98,,
LAbsAnkleAngle_ax3,99,,
LAbsAnkleAngle_ax3,100,,
RAbsAnkleAngle_ax1,0,0.6470588235294118,0.6428571428571429
RAbsAnkleAngle_ax1,1,0.6470588235294118,0.6428571428571429
RAbsAnkleAngle_ax1,2,0.6470588235294118,0.6428571428571429
RAbsAnkleAngle_ax1,3,0.6470588235294118,0.6428571428571429
RAbsAnkleAngle_ax1,4,0.6470588235294118,0.6428571428571429
RAbsAnkleAngle_ax1,5,0.5882352941176471,0.6428571428571429
RAbsAnkleAngle_ax1,6,0.5882352941176471,0.5714285714285714
RAbsAnkleAngle_ax1,7,0.5294117647058824,0.5
RAbsAnkleAngle_ax1,8,0.5294117647058824,0.5
RAbsAnkleAngle_ax1,9,0.5294117647058824,0.5
RAbsAnkleAngle_ax1,10,0.5294117647058824,0.5714285714285714
RAbsAnkleAngle_ax1,11,0.5294117647058824,0.5
RAbsAnkleAngle_ax1,12,0.5882352941176471,0.5714285714285714
RAbsAnkleAngle_ax1,13,0.5882352941176471,0.5714285714285714
RAbsAnkleAngle_ax1,14,0.5294117647058824,0.5
RAbsAnkleAngle_ax1,15,0.5294117647058824,0.5714285714285714
RAbsAnkleAngle_ax1,16,0.5294117647058824,0.5714285714285714
RAbsAnkleAngle_ax1,17,0.5882352941176471,0.6428571428571429
RAbsAnkleAngle_ax1,18,0.5882352941176471,0.6428571428571429
RAbsAnkleAngle_ax1,19,0.7058823529411765,0.6428571428571429
RAbsAnkleAngle_ax1,20,0.7058823529411765,0.6428571428571429
RAbsAnkleAngle_ax1,21,0.7058823529411765,0.6428571428571429
RAbsAnkleAngle_ax1,22,0.7058823529411765,0.6428571428571429
RAbsAnkleAngle_ax1,23,0.7058823529411765,0.6428571428571429
RAbsAnkleAngle_ax1,24,0.7058823529411765,0.6428571428571429
RAbsAnkleAngle_ax1,25,0.7058823529411765,0.6428571428571429
RAbsAnkleAngle_ax1,26,0.7647058823529411,0.6428571428571429
RAbsAnkleAngle_ax1,27,0.7647058823529411,0.6428571428571429
RAbsAnkleAngle_ax1,28,0.7647058823529411,0.6428571428571429
RAbsAnkleAngle_ax1,29,0.7647058823529411,0.7857142857142857
RAbsAnkleAngle_ax1,30,0.7647058823529411,0.6428571428571429
RAbsAnkleAngle_ax1,31,0.7647058823529411,0.6428571428571429
RAbsAnkleAngle_ax1,32,0.7058823529411765,0.6428571428571429
RAbsAnkleAngle_ax1,33,0.7058823529411765,0.5714285714285714
RAbsAnkleAngle_ax1,34,0.7058823529411765,0.5714285714285714
RAbsAnkleAngle_ax1,35,0.7058823529411765,0.5714285714285714
RAbsAnkleAngle_ax1,36,0.7058823529411765,0.5714285714285714
RAbsAnkleAngle_ax1,37,0.7058823529411765,0.6428571428571429
RAbsAnkleAngle_ax1,38,0.6470588235294118,0.6428571428571429
RAbsAnkleAngle_ax1,39,0.6470588235294118,0.6428571428571429
RAbsAnkleAngle_ax1,40,0.7058823529411765,0.6428571428571429
RAbsAnkleAngle_ax1,41,0.7058823529411765,0.6428571428571429
RAbsAnkleAngle_ax1,42,0.7058823529411765,0.6428571428571429
RAbsAnkleAngle_ax1,43,0.7058823529411765,0.6428571428571429
RAbsAnkleAngle_ax1,44,0.7058823529411765,0.6428571428571429
RAbsAnkleAngle_ax1,45,0.5882352941176471,0.7142857142857143
RAbsAnkleAngle_ax1,46,0.5882352941176471,0.7142857142857143
RAbsAnkleAngle_ax1,47,0.5882352941176471,0.6428571428571429
RAbsAnkleAngle_ax1,48,0.5882352941176471,0.5714285714285714
RAbsAnkleAngle_ax1,49,0.5882352941176471,0.5714285714285714
RAbsAnkleAngle_ax1,50,0.5882352941176471,0.5714285714285714
RAbsAnkleAngle_ax1,51,0.5294117647058824,0.5714285714285714
RAbsAnkleAngle_ax1,52,0.5294117647058824,0.7142857142857143
RAbsAnkleAngle_ax1,53,0.5294117647058824,0.7142857142857143
RAbsAnkleAngle_ax1,54,0.5882352941176471,0.7857142857142857
RAbsAnkleAngle_ax1,55,0.5882352941176471,0.7857142857142857
RAbsAnkleAngle_ax1,56,0.5882352941176471,0.7857142857142857
RAbsAnkleAngle_ax1,57,0.5882352941176471,0.6428571428571429
RAbsAnkleAngle_ax1,58,0.7058823529411765,0.6428571428571429
RAbsAnkleAngle_ax1,59,0.7058823529411765,0.7142857142857143
RAbsAnkleAngle_ax1,60,0.5294117647058824,0.5714285714285714
RAbsAnkleAngle_ax1,61,0.5882352941176471,0.7142857142857143
RAbsAnkleAngle_ax1,62,0.5882352941176471,0.6428571428571429
RAbsAnkleAngle_ax1,63,0.6470588235294118,0.6428571428571429
RAbsAnkleAngle_ax1,64,0.5294117647058824,0.5714285714285714
RAbsAnkleAngle_ax1,65,0.5882352941176471,0.5714285714285714
RAbsAnkleAngle_ax1,66,0.7058823529411765,0.5714285714285714
RAbsAnkleAngle_ax1,67,0.7058823529411765,0.5714285714285714
RAbsAnkleAngle_ax1,68,0.6470588235294118,0.5714285714285714
RAbsAnkleAngle_ax1,69,0.7058823529411765,0.5714285714285714
RAbsAnkleAngle_ax1,70,0.7058823529411765,0.5714285714285714
RAbsAnkleAngle_ax1,71,0.7058823529411765,0.5714285714285714
RAbsAnkleAngle_ax1,72,0.7058823529411765,0.5714285714285714
RAbsAnkleAngle_ax1,73,0.7058823529411765,0.5714285714285714
RAbsAnkleAngle_ax1,74,0.7058823529411765,0.5714285714285714
RAbsAnkleAngle_ax1,75,0.5882352941176471,0.5714285714285714
RAbsAnkleAngle_ax1,76,0.5294117647058824,0.5
RAbsAnkleAngle_ax1,77,0.5294117647058824,0.5
RAbsAnkleAngle_ax1,78,0.5294117647058824,0.5
RAbsAnkleAngle_ax1,79,0.5294117647058824,0.5
RAbsAnkleAngle_ax1,80,0.5294117647058824,0.5714285714285714
RAbsAnkleAngle_ax1,81,0.5882352941176471,0.6428571428571429
RAbsAnkleAngle_ax1,82,0.5882352941176471,0.6428571428571429
RAbsAnkleAngle_ax1,83,0.5882352941176471,0.5714285714285714
RAbsAnkleAngle_ax1,84,0.5294117647058824,0.5714285714285714
RAbsAnkleAngle_ax1,85,0.7058823529411765,0.5714285714285714
RAbsAnkleAngle_ax1,86,0.7058823529411765,0.5714285714285714
RAbsAnkleAngle_ax1,87,0.7058823529411765,0.5714285714285714
RAbsAnkleAngle_ax1,88,0.6470588235294118,0.5
RAbsAnkleAngle_ax1,89,0.5882352941176471,0.5
RAbsAnkleAngle_ax1,90,0.5882352941176471,0.5
RAbsAnkleAngle_ax1,91,0.5882352941176471,0.5
RAbsAnkleAngle_ax1,92,0.5882352941176471,0.5
RAbsAnkleAngle_ax1,93,0.6470588235294118,0.5714285714285714
RAbsAnkleAngle_ax1,94,0.6470588235294118,0.5714285714285714
RAbsAnkleAngle_ax1,95,0.7058823529411765,0.5714285714285714
RAbsAnkleAngle_ax1,96,0.7058823529411765,0.5714285714285714
RAbsAnkleAngle_ax1,97,0.6470588235294118,0.6428571428571429
RAbsAnkleAngle_ax1,98,0.6470588235294118,0.6428571428571429
RAbsAnkleAngle_ax1,99,0.6470588235294118,0.6428571428571429
RAbsAnkleAngle_ax1,100,0.6470588235294118,0.6428571428571429
RAbsAnkleAngle_ax2,0,,
RAbsAnkleAngle_ax2,1,,
RAbsAnkleAngle_ax2,2,,
RAbsAnkleAngle_ax2,3,,
RAbsAnkleAngle_ax2,4,,
RAbsAnkleAngle_ax2,5,,
RAbsAnkleAngle_ax2,6,,
RAbsAnkleAngle_ax2,7,,
RAbsAnkleAngle_ax2,8,,
RAbsAnkleAngle_ax2,9,,
RAbsAnkleAngle_ax2,10,,
RAbsAnkleAngle_ax2,11,,
RAbsAnkleAngle_ax2,12,,
RAbsAnkleAngle_ax2,13,,
RAbsAnkleAngle_ax2,14,,
RAbsAnkleAngle_ax2,15,,
RAbsAnkleAngle_ax2,16,,
RAbsAnkleAngle_ax2,17,,
RAbsAnkleAngle_ax2,18,,
RAbsAnkleAngle_ax2,19,,
RAbsAnkleAngle_ax2,20,,
RAbsAnkleAngle_ax2,21,,
RAbsAnkleAngle_ax2,22,,
RAbsAnkleAngle_ax2,23,,
RAbsAnkleAngle_ax2,24,,
RAbsAnkleAngle_ax2,25,,
RAbsAnkleAngle_ax2,26,,
RAbsAnkleAngle_ax2,27,,
RAbsAnkleAngle_ax2,28,,
RAbsAnkleAngle_ax2,29,,
RAbsAnkleAngle_ax2,30,,
RAbsAnkleAngle_ax2,31,,
RAbsAnkleAngle_ax2,32,,
RAbsAnkleAngle_ax2,33,,
RAbsAnkleAngle_ax2,34,,
RAbsAnkleAngle_ax2,35,,
RAbsAnkleAngle_ax2,36,,
RAbsAnkleAngle_ax2,37,,
RAbsAnkleAngle_ax2,38,,
RAbsAnkleAngle_ax2,39,,
RAbsAnkleAngle_ax2,40,,
RAbsAnkleAngle_ax2,41,,
RAbsAnkleAngle_ax2,42,,
RAbsAnkleAngle_ax2,43,,
RAbsAnkleAngle_ax2,44,,
RAbsAnkleAngle_ax2,45,,
RAbsAnkleAngle_ax2,46,,
RAbsAnkleAngle_ax2,47,,
RAbsAnkleAngle_ax2,48,,
RAbsAnkleAngle_ax2,49,,
RAbsAnkleAngle_ax2,50,,
RAbsAnkleAngle_ax2,51,,
RAbsAnkleAngle_ax2,52,,
RAbsAnkleAngle_ax2,53,,
RAbsAnkleAngle_ax2,54,,
RAbsAnkleAngle_ax2,55,,
RAbsAnkleAngle_ax2,56,,
RAbsAnkleAngle_ax2,57,,
RAbsAnkleAngle_ax2,58,,
RAbsAnkleAngle_ax2,59,,
RAbsAnkleAngle_ax2,60,,
RAbsAnkleAngle_ax2,61,,
RAbsAnkleAngle_ax2,62,,
RAbsAnkleAngle_ax2,63,,
RAbsAnkleAngle_ax2,64,,
RAbsAnkleAngle_ax2,65,,
RAbsAnkleAngle_ax2,66,,
RAbsAnkleAngle_ax2,67,,
RAbsAnkleAngle_ax2,68,,
RAbsAnkleAngle_ax2,69,,
RAbsAnkleAngle_ax2,70,,
RAbsAnkleAngle_ax2,71,,
RAbsAnkleAngle_ax2,72,,
RAbsAnkleAngle_ax2,73,,
RAbsAnkleAngle_ax2,74,,
RAbsAnkleAngle_ax2,75,,
RAbsAnkleAngle_ax2,76,,
RAbsAnkleAngle_ax2,77,,
RAbsAnkleAngle_ax2,78,,
RAbsAnkleAngle_ax2,79,,
RAbsAnkleAngle_ax2,80,,
RAbsAnkleAngle_ax2,81,,
RAbsAnkleAngle_ax2,82,,
RAbsAnkleAngle_ax2,83,,
RAbsAnkleAngle_ax2,84,,
RAbsAnkleAngle_ax2,85,,
RAbsAnkleAngle_ax2,86,,
RAbsAnkleAngle_ax2,87,,
RAbsAnkleAngle_ax2,88,,
RAbsAnkleAngle_ax2,89,,
RAbsAnkleAngle_ax2,90,,
RAbsAnkleAngle_ax2,91,,
RAbsAnkleAngle_ax2,92,,
RAbsAnkleAngle_ax2,93,,
RAbsAnkleAngle_ax2,94,,
RAbsAnkleAngle_ax2,95,,
RAbsAnkleAngle_ax2,96,,
RAbsAnkleAngle_ax2,97,,
RAbsAnkleAngle_ax2,98,,
RAbsAnkleAngle_ax2,99,,
RAbsAnkleAngle_ax2,100,,
RAbsAnkleAngle_ax3,0,,
RAbsAnkleAngle_ax3,1,,
RAbsAnkleAngle_ax3,2,,
RAbsAnkleAngle_ax3,3,,
RAbsAnkleAngle_ax3,4,,
RAbsAnkleAngle_ax3,5,,
RAbsAnkleAngle_ax3,6,,
RAbsAnkleAngle_ax3,7,,
RAbsAnkleAngle_ax3,8,,
RAbsAnkleAngle_ax3,9,,
RAbsAnkleAngle_ax3,10,,
RAbsAnkleAngle_ax3,11,,
RAbsAnkleAngle_ax3,12,,
RAbsAnkleAngle_ax3,13,,
RAbsAnkleAngle_ax3,14,,
RAbsAnkleAngle_ax3,15,,
RAbsAnkleAngle_ax3,16,,
RAbsAnkleAngle_ax3,17,,
RAbsAnkleAngle_ax3,18,,
RAbsAnkleAngle_ax3,19,,
RAbsAnkleAngle_ax3,20,,
RAbsAnkleAngle_ax3,21,,
RAbsAnkleAngle_ax3,22,,
RAbsAnkleAngle_ax3,23,,
RAbsAnkleAngle_ax3,24,,
RAbsAnkleAngle_ax3,25,,
RAbsAnkleAngle_ax3,26,,
RAbsAnkleAngle_ax3,27,,
RAbsAnkleAngle_ax3,28,,
RAbsAnkleAngle_ax3,29,,
RAbsAnkleAngle_ax3,30,,
RAbsAnkleAngle_ax3,31,,
RAbsAnkleAngle_ax3,32,,
RAbsAnkleAngle_ax3,33,,
RAbsAnkleAngle_ax3,34,,
RAbsAnkleAngle_ax3,35,,
RAbsAnkleAngle_ax3,36,,
RAbsAnkleAngle_ax3,37,,
RAbsAnkleAngle_ax3,38,,
RAbsAnkleAngle_ax3,39,,
RAbsAnkleAngle_ax3,40,,
RAbsAnkleAngle_ax3,41,,
RAbsAnkleAngle_ax3,42,,
RAbsAnkleAngle_ax3,43,,
RAbsAnkleAngle_ax3,44,,
RAbsAnkleAngle_ax3,45,,
RAbsAnkleAngle_ax3,46,,
RAbsAnkleAngle_ax3,47,,
RAbsAnkleAngle_ax3,48,,
RAbsAnkleAngle_ax3,49,,
RAbsAnkleAngle_ax3,50,,
RAbsAnkleAngle_ax3,51,,
RAbsAnkleAngle_ax3,52,,
RAbsAnkleAngle_ax3,53,,
RAbsAnkleAngle_ax3,54,,
RAbsAnkleAngle_ax3,55,,
RAbsAnkleAngle_ax3,56,,
RAbsAnkleAngle_ax3,57,,
RAbsAnkleAngle_ax3,58,,
RAbsAnkleAngle_ax3,59,,
RAbsAnkleAngle_ax3,60,,
RAbsAnkleAngle_ax3,61,,
RAbsAnkleAngle_ax3,62,,
RAbsAnkleAngle_ax3,63,,
RAbsAnkleAngle_ax3,64,,
RAbsAnkleAngle_ax3,65,,
RAbsAnkleAngle_ax3,66,,
RAbsAnkleAngle_ax3,67,,
RAbsAnkleAngle_ax3,68,,
RAbsAnkleAngle_ax3,69,,
RAbsAnkleAngle_ax3,70,,
RAbsAnkleAngle_ax3,71,,
RAbsAnkleAngle_ax3,72,,
RAbsAnkleAngle_ax3,73,,
RAbsAnkleAngle_ax3,74,,
RAbsAnkleAngle_ax3,75,,
RAbsAnkleAngle_ax3,76,,
RAbsAnkleAngle_ax3,77,,
RAbsAnkleAngle_ax3,78,,
RAbsAnkleAngle_ax3,79,,
RAbsAnkleAngle_ax3,80,,
RAbsAnkleAngle_ax3,81,,
RAbsAnkleAngle_ax3,82,,
RAbsAnkleAngle_ax3,83,,
RAbsAnkleAngle_ax3,84,,
RAbsAnkleAngle_ax3,85,,
RAbsAnkleAngle_ax3,86,,
RAbsAnkleAngle_ax3,87,,
RAbsAnkleAngle_ax3,88,,
RAbsAnkleAngle_ax3,89,,
RAbsAnkleAngle_ax3,90,,
RAbsAnkleAngle_ax3,91,,
RAbsAnkleAngle_ax3,92,,
RAbsAnkleAngle_ax3,93,,
RAbsAnkleAngle_ax3,94,,
RAbsAnkleAngle_ax3,95,,
RAbsAnkleAngle_ax3,96,,
RAbsAnkleAngle_ax3,97,,
RAbsAnkleAngle_ax3,98,,
RAbsAnkleAngle_ax3,99,,
RAbsAnkleAngle_ax3,100,,
LHEE_ax1,0,0.7058823529411765,0.7142857142857143
LHEE_ax1,1,0.7058823529411765,0.7142857142857143
LHEE_ax1,2,0.7058823529411765,0.7142857142857143
LHEE_ax1,3,0.7058823529411765,0.7142857142857143
LHEE_ax1,4,0.7058823529411765,0.7142857142857143
LHEE_ax1,5,0.7058823529411765,0.7142857142857143
LHEE_ax1,6,0.7058823529411765,0.7142857142857143
LHEE_ax1,7,0.7058823529411765,0.7142857142857143
LHEE_ax1,8,0.7058823529411765,0.7142857142857143
LHEE_ax1,9,0.7058823529411765,0.7142857142857143
LHEE_ax1,10,0.7058823529411765,0.7142857142857143
LHEE_ax1,11,0.7058823529411765,0.7142857142857143
LHEE_ax1,12,0.6470588235294118,0.7142857142857143
LHEE_ax1,13,0.6470588235294118,0.6428571428571429
LHEE_ax1,14,0.6470588235294118,0.7142857142857143
LHEE_ax1,15,0.5882352941176471,0.6428571428571429
LHEE_ax1,16,0.5882352941176471,0.5
LHEE_ax1,17,0.5882352941176471,0.5
LHEE_ax1,18,0.6470588235294118,0.5714285714285714
LHEE_ax1,19,0.6470588235294118,0.5714285714285714
LHEE_ax1,20,0.5882352941176471,0.6428571428571429
LHEE_ax1,21,0.6470588235294118,0.6428571428571429
LHEE_ax1,22,0.6470588235294118,0.6428571428571429
LHEE_ax1,23,0.6470588235294118,0.6428571428571429
LHEE_ax1,24,0.6470588235294118,0.5714285714285714
LHEE_ax1,25,0.6470588235294118,0.5714285714285714
LHEE_ax1,26,0.6470588235294118,0.5714285714285714
LHEE_ax1,27,0.6470588235294118,0.5714285714285714
LHEE_ax1,28,0.6470588235294118,0.5714285714285714
LHEE_ax1,29,0.5882352941176471,0.5714285714285714
LHEE_ax1,30,0.5882352941176471,0.7142857142857143
LHEE_ax1,31,0.5294117647058824,0.5
LHEE_ax1,32,0.5294117647058824,0.6428571428571429
LHEE_ax1,33,0.5882352941176471,0.6428571428571429
LHEE_ax1,34,0.5882352941176471,0.6428571428571429
LHEE_ax1,35,0.5882352941176471,0.6428571428571429
LHEE_ax1,36,0.5882352941176471,0.7142857142857143
LHEE_ax1,37,0.5882352941176471,0.8571428571428571
LHEE_ax1,38,0.5882352941176471,0.7857142857142857
LHEE_ax1,39,0.6470588235294118,0.8571428571428571
LHEE_ax1,40,0.7058823529411765,0.8571428571428571
LHEE_ax1,41,0.7058823529411765,0.8571428571428571
LHEE_ax1,42,0.7058823529411765,0.6428571428571429
LHEE_ax1,43,0.7058823529411765,0.7142857142857143
LHEE_ax1,44,0.7058823529411765,0.7142857142857143
LHEE_ax1,45,0.6470588235294118,0.6428571428571429
LHEE_ax1,46,0.6470588235294118,0.7142857142857143
LHEE_ax1,47,0.6470588235294118,0.7142857142857143
LHEE_ax1,48,0.6470588235294118,0.7142857142857143
LHEE_ax1,49,0.6470588235294118,0.6428571428571429
LHEE_ax1,50,0.6470588235294118,0.6428571428571429
LHEE_ax1,51,0.7647058823529411,0.6428571428571429
LHEE_ax1,52,0.7647058823529411,0.7142857142857143
LHEE_ax1,53,0.7647058823529411,0.7142857142857143
LHEE_ax1,54,0.7647058823529411,0.7142857142857143
LHEE_ax1,55,0.7647058823529411,0.7142857142857143
LHEE_ax1,56,0.7058823529411765,0.7142857142857143
LHEE_ax1,57,0.7058823529411765,0.7142857142857143
LHEE_ax1,58,0.7058823529411765,0.7142857142857143
LHEE_ax1,59,0.7058823529411765,0.6428571428571429
LHEE_ax1,60,0.7058823529411765,0.6428571428571429
LHEE_ax1,61,0.6470588235294118,0.6428571428571429
LHEE_ax1,62,0.6470588235294118,0.6428571428571429
LHEE_ax1,63,0.6470588235294118,0.6428571428571429
LHEE_ax1,64,0.6470588235294118,0.6428571428571429
LHEE_ax1,65,0.6470588235294118,0.6428571428571429
LHEE_ax1,66,0.7058823529411765,0.6428571428571429
LHEE_ax1,67,0.7058823529411765,0.6428571428571429
LHEE_ax1,68,0.7058823529411765,0.7142857142857143
LHEE_ax1,69,0.6470588235294118,0.7142857142857143
LHEE_ax1,70,0.5882352941176471,0.7142857142857143
LHEE_ax1,71,0.5882352941176471,0.7142857142857143
LHEE_ax1,72,0.5882352941176471,0.7142857142857143
LHEE_ax1,73,0.5882352941176471,0.7142857142857143
LHEE_ax1,74,0.5882352941176471,0.7142857142857143
LHEE_ax1,75,0.5882352941176471,0.7142857142857143
LHEE_ax1,76,0.5882352941176471,0.6428571428571429
LHEE_ax1,77,0.5882352941176471,0.7142857142857143
LHEE_ax1,78,0.5294117647058824,0.7142857142857143
LHEE_ax1,79,0.5882352941176471,0.6428571428571429
LHEE_ax1,80,0.5294117647058824,0.5714285714285714
LHEE_ax1,81,0.5294117647058824,0.7142857142857143
LHEE_ax1,82,0.5294117647058824,0.7857142857142857
LHEE_ax1,83,0.5294117647058824,0.5714285714285714
LHEE_ax1,84,0.5294117647058824,0.5
LHEE_ax1,85,0.5294117647058824,0.5714285714285714
LHEE_ax1,86,0.5294117647058824,0.5714285714285714
LHEE_ax1,87,0.5882352941176471,0.6428571428571429
LHEE_ax1,88,0.5882352941176471,0.6428571428571429
LHEE_ax1,89,0.5882352941176471,0.7142857142857143
LHEE_ax1,90,0.5882352941176471,0.7142857142857143
LHEE_ax1,91,0.5882352941176471,0.7857142857142857
LHEE_ax1,92,0.5882352941176471,0.7857142857142857
LHEE_ax1,93,0.5882352941176471,0.7857142857142857
LHEE_ax1,94,0.5294117647058824,0.7857142857142857
LHEE_ax1,95,0.5294117647058824,0.7142857142857143
LHEE_ax1,96,0.5294117647058824,0.7142857142857143
LHEE_ax1,97,0.5294117647058824,0.7142857142857143
LHEE_ax1,98,0.5294117647058824,0.7142857142857143
LHEE_ax1,99,0.5294117647058824,0.7142857142857143
LHEE_ax1,100,0.5294117647058824,0.7142857142857143
LHEE_ax2,0,0.5294117647058824,0.5
LHEE_ax2,1,0.5294117647058824,0.5
LHEE_ax2,2,0.5294117647058824,0.5
LHEE_ax2,3,0.5294117647058824,0.5
LHEE_ax2,4,0.5294117647058824,0.5
LHEE_ax2,5,0.5294117647058824,0.5
LHEE_ax2,6,0.5294117647058824,0.5
LHEE_ax2,7,0.5294117647058824,0.5
LHEE_ax2,8,0.5882352941176471,0.5
LHEE_ax2,9,0.5882352941176471,0.5
LHEE_ax2,10,0.5882352941176471,0.5
LHEE_ax2,11,0.5882352941176471,0.5
LHEE_ax2,12,0.5882352941176471,0.5
LHEE_ax2,13,0.5882352941176471,0.5
LHEE_ax2,14,0.5882352941176471,0.5
LHEE_ax2,15,0.5882352941176471,0.5
LHEE_ax2,16,0.5294117647058824,0.5
LHEE_ax2,17,0.5294117647058824,0.5714285714285714
LHEE_ax2,18,0.5294117647058824,0.5
LHEE_ax2,19,0.5294117647058824,0.5
LHEE_ax2,20,0.5294117647058824,0.5
LHEE_ax2,21,0.5882352941176471,0.5
LHEE_ax2,22,0.5882352941176471,0.5
LHEE_ax2,23,0.5882352941176471,0.5
LHEE_ax2,24,0.5882352941176471,0.5
LHEE_ax2,25,0.5882352941176471,0.5
LHEE_ax2,26,0.5882352941176471,0.5
LHEE_ax2,27,0.5882352941176471,0.5
LHEE_ax2,28,0.5882352941176471,0.5
LHEE_ax2,29,0.5882352941176471,0.5
LHEE_ax2,30,0.5882352941176471,0.5714285714285714
LHEE_ax2,31,0.6470588235294118,0.5714285714285714
LHEE_ax2,32,0.6470588235294118,0.5
LHEE_ax2,33,0.6470588235294118,0.5
LHEE_ax2,34,0.6470588235294118,0.5
LHEE_ax2,35,0.6470588235294118,0.5
LHEE_ax2,36,0.6470588235294118,0.6428571428571429
LHEE_ax2,37,0.6470588235294118,0.6428571428571429
LHEE_ax2,38,0.6470588235294118,0.6428571428571429
LHEE_ax2,39,0.6470588235294118,0.5714285714285714
LHEE_ax2,40,0.6470588235294118,0.6428571428571429
LHEE_ax2,41,0.6470588235294118,0.6428571428571429
LHEE_ax2,42,0.6470588235294118,0.7142857142857143
LHEE_ax2,43,0.6470588235294118,0.6428571428571429
LHEE_ax2,44,0.6470588235294118,0.7857142857142857
LHEE_ax2,45,0.6470588235294118,0.7857142857142857
LHEE_ax2,46,0.6470588235294118,0.7857142857142857
LHEE_ax2,47,0.6470588235294118,0.6428571428571429
LHEE_ax2,48,0.6470588235294118,0.6428571428571429
LHEE_ax2,49,0.6470588235294118,0.6428571428571429
LHEE_ax2,50,0.5294117647058824,0.6428571428571429
LHEE_ax2,51,0.5294117647058824,0.6428571428571429
LHEE_ax2,52,0.5294117647058824,0.5
LHEE_ax2,53,0.5294117647058824,0.5
LHEE_ax2,54,0.5294117647058824,0.5
LHEE_ax2,55,0.5294117647058824,0.5714285714285714
LHEE_ax2,56,0.5294117647058824,0.5714285714285714
LHEE_ax2,57,0.5294117647058824,0.5714285714285714
LHEE_ax2,58,0.5294117647058824,0.5714285714285714
LHEE_ax2,59,0.5294117647058824,0.5714285714285714
LHEE_ax2,60,0.5294117647058824,0.5714285714285714
LHEE_ax2,61,0.5294117647058824,0.7857142857142857
LHEE_ax2,62,0.5294117647058824,0.7857142857142857
LHEE_ax2,63,0.5294117647058824,0.7857142857142857
LHEE_ax2,64,0.5294117647058824,0.7142857142857143
LHEE_ax2,65,0.5294117647058824,0.7142857142857143
LHEE_ax2,66,0.5294117647058824,0.7142857142857143
LHEE_ax2,67,0.5882352941176471,0.7142857142857143
LHEE_ax2,68,0.5882352941176471,0.7142857142857143
LHEE_ax2,69,0.5294117647058824,0.7142857142857143
LHEE_ax2,70,0.5294117647058824,0.5
LHEE_ax2,71,0.5294117647058824,0.5
LHEE_ax2,72,0.5294117647058824,0.5
LHEE_ax2,73,0.5294117647058824,0.5
LHEE_ax2,74,0.5294117647058824,0.5
LHEE_ax2,75,0.5294117647058824,0.5714285714285714
LHEE_ax2,76,0.5294117647058824,0.5714285714285714
LHEE_ax2,77,0.5294117647058824,0.5714285714285714
LHEE_ax2,78,0.5294117647058824,0.5714285714285714
LHEE_ax2,79,0.5294117647058824,0.6428571428571429
LHEE_ax2,80,0.5294117647058824,0.6428571428571429
LHEE_ax2,81,0.5294117647058824,0.6428571428571429
LHEE_ax2,82,0.5294117647058824,0.6428571428571429
LHEE_ax2,83,0.5294117647058824,0.5
LHEE_ax2,84,0.5294117647058824,0.5
LHEE_ax2,85,0.5294117647058824,0.5
LHEE_ax2,86,0.5294117647058824,0.5
LHEE_ax2,87,0.5294117647058824,0.5
LHEE_ax2,88,0.5294117647058824,0.5
LHEE_ax2,89,0.5294117647058824,0.5
LHEE_ax2,90,0.5294117647058824,0.5
LHEE_ax2,91,0.5294117647058824,0.5
LHEE_ax2,92,0.5294117647058824,0.5714285714285714
LHEE_ax2,93,0.5294117647058824,0.6428571428571429
LHEE_ax2,94,0.5294117647058824,0.6428571428571429
LHEE_ax2,95,0.5294117647058824,0.6428571428571429
LHEE_ax2,96,0.5294117647058824,0.7142857142857143
LHEE_ax2,97,0.5294117647058824,0.7142857142857143
LHEE_ax2,98,0.5294117647058824,0.7142857142857143
LHEE_ax2,99,0.5882352941176471,0.7142857142857143
LHEE_ax2,100,0.5294117647058824,0.7142857142857143
LHEE_ax3,0,0.6470588235294118,0.6428571428571429
LHEE_ax3,1,0.5882352941176471,0.5714285714285714
LHEE_ax3,2,0.5294117647058824,0.5714285714285714
LHEE_ax3,3,0.5294117647058824,0.5714285714285714
LHEE_ax3,4,0.6470588235294118,0.5714285714285714
LHEE_ax3,5,0.6470588235294118,0.5714285714285714
LHEE_ax3,6,0.7647058823529411,0.5
LHEE_ax3,7,0.7647058823529411,0.5714285714285714
LHEE_ax3,8,0.7647058823529411,0.6428571428571429
LHEE_ax3,9,0.7058823529411765,0.6428571428571429
LHEE_ax3,10,0.7058823529411765,0.6428571428571429
LHEE_ax3,11,0.6470588235294118,0.6428571428571429
LHEE_ax3,12,0.6470588235294118,0.7142857142857143
LHEE_ax3,13,0.6470588235294118,0.7142857142857143
LHEE_ax3,14,0.6470588235294118,0.7142857142857143
LHEE_ax3,15,0.6470588235294118,0.7142857142857143
LHEE_ax3,16,0.6470588235294118,0.7142857142857143
LHEE_ax3,17,0.6470588235294118,0.6428571428571429
LHEE_ax3,18,0.6470588235294118,0.6428571428571429
LHEE_ax3,19,0.6470588235294118,0.6428571428571429
LHEE_ax3,20,0.6470588235294118,0.6428571428571429
LHEE_ax3,21,0.6470588235294118,0.6428571428571429
LHEE_ax3,22,0.6470588235294118,0.6428571428571429
LHEE_ax3,23,0.6470588235294118,0.6428571428571429
LHEE_ax3,24,0.6470588235294118,0.6428571428571429
LHEE_ax3,25,0.6470588235294118,0.6428571428571429
LHEE_ax3,26,0.6470588235294118,0.6428571428571429
LHEE_ax3,27,0.6470588235294118,0.6428571428571429
LHEE_ax3,28,0.6470588235294118,0.6428571428571429
LHEE_ax3,29,0.6470588235294118,0.6428571428571429
LHEE_ax3,30,0.6470588235294118,0.6428571428571429
LHEE_ax3,31,0.6470588235294118,0.6428571428571429
LHEE_ax3,32,0.6470588235294118,0.6428571428571429
LHEE_ax3,33,0.6470588235294118,0.6428571428571429
LHEE_ax3,34,0.6470588235294118,0.6428571428571429
LHEE_ax3,35,0.5882352941176471,0.6428571428571429
LHEE_ax3,36,0.5294117647058824,0.5714285714285714
LHEE_ax3,37,0.5294117647058824,0.5714285714285714
LHEE_ax3,38,0.5882352941176471,0.7857142857142857
LHEE_ax3,39,0.6470588235294118,0.5714285714285714
LHEE_ax3,40,0.5882352941176471,0.5714285714285714
LHEE_ax3,41,0.6470588235294118,0.5714285714285714
LHEE_ax3,42,0.6470588235294118,0.5
LHEE_ax3,43,0.5294117647058824,0.5
LHEE_ax3,44,0.5294117647058824,0.5714285714285714
LHEE_ax3,45,0.5294117647058824,0.5
LHEE_ax3,46,0.5294117647058824,0.5714285714285714
LHEE_ax3,47,0.5882352941176471,0.5
LHEE_ax3,48,0.5882352941176471,0.5714285714285714
LHEE_ax3,49,0.5882352941176471,0.5714285714285714
LHEE_ax3,50,0.5294117647058824,0.5
LHEE_ax3,51,0.5882352941176471,0.5
LHEE_ax3,52,0.6470588235294118,0.5
LHEE_ax3,53,0.6470588235294118,0.5
LHEE_ax3,54,0.6470588235294118,0.5
LHEE_ax3,55,0.6470588235294118,0.5
LHEE_ax3,56,0.6470588235294118,0.5
LHEE_ax3,57,0.6470588235294118,0.5714285714285714
LHEE_ax3,58,0.6470588235294118,0.5714285714285714
LHEE_ax3,59,0.6470588235294118,0.5714285714285714
LHEE_ax3,60,0.6470588235294118,0.5714285714285714
LHEE_ax3,61,0.6470588235294118,0.6428571428571429
LHEE_ax3,62,0.6470588235294118,0.6428571428571429
LHEE_ax3,63,0.6470588235294118,0.6428571428571429
LHEE_ax3,64,0.6470588235294118,0.6428571428571429
LHEE_ax3,65,0.6470588235294118,0.6428571428571429
LHEE_ax3,66,0.6470588235294118,0.6428571428571429
LHEE_ax3,67,0.6470588235294118,0.6428571428571429
LHEE_ax3,68,0.6470588235294118,0.6428571428571429
LHEE_ax3,69,0.6470588235294118,0.6428571428571429
LHEE_ax3,70,0.6470588235294118,0.6428571428571429
LHEE_ax3,71,0.6470588235294118,0.6428571428571429
LHEE_ax3,72,0.6470588235294118,0.6428571428571429
LHEE_ax3,73,0.6470588235294118,0.6428571428571429
LHEE_ax3,74,0.6470588235294118,0.6428571428571429
LHEE_ax3,75,0.6470588235294118,0.6428571428571429
LHEE_ax3,76,0.6470588235294118,0.6428571428571429
LHEE_ax3,77,0.6470588235294118,0.6428571428571429
LHEE_ax3,78,0.6470588235294118,0.6428571428571429
LHEE_ax3,79,0.6470588235294118,0.6428571428571429
LHEE_ax3,80,0.6470588235294118,0.6428571428571429
LHEE_ax3,81,0.6470588235294118,0.6428571428571429
LHEE_ax3,82,0.6470588235294118,0.6428571428571429
LHEE_ax3,83,0.7058823529411765,0.6428571428571429
LHEE_ax3,84,0.7058823529411765,0.6428571428571429
LHEE_ax3,85,0.7058823529411765,0.6428571428571429
LHEE_ax3,86,0.7058823529411765,0.6428571428571429
LHEE_ax3,87,0.6470588235294118,0.6428571428571429
LHEE_ax3,88,0.6470588235294118,0.5714285714285714
LHEE_ax3,89,0.5882352941176471,0.5
LHEE_ax3,90,0.6470588235294118,0.7142857142857143
LHEE_ax3,91,0.6470588235294118,0.6428571428571429
LHEE_ax3,92,0.6470588235294118,0.5714285714285714
LHEE_ax3,93,0.7058823529411765,0.6428571428571429
LHEE_ax3,94,0.7058823529411765,0.6428571428571429
LHEE_ax3,95,0.7647058823529411,0.6428571428571429
LHEE_ax3,96,0.8235294117647058,0.6428571428571429
LHEE_ax3,97,0.8235294117647058,0.6428571428571429
LHEE_ax3,98,0.7647058823529411,0.5714285714285714
LHEE_ax3,99,0.7058823529411765,0.5714285714285714
LHEE_ax3,100,0.7058823529411765,0.6428571428571429
RHEE_ax1,0,0.6470588235294118,0.6428571428571429
RHEE_ax1,1,0.6470588235294118,0.6428571428571429
RHEE_ax1,2,0.6470588235294118,0.6428571428571429
RHEE_ax1,3,0.6470588235294118,0.6428571428571429
RHEE_ax1,4,0.6470588235294118,0.6428571428571429
RHEE_ax1,5,0.6470588235294118,0.6428571428571429
RHEE_ax1,6,0.6470588235294118,0.6428571428571429
RHEE_ax1,7,0.6470588235294118,0.6428571428571429
RHEE_ax1,8,0.6470588235294118,0.6428571428571429
RHEE_ax1,9,0.6470588235294118,0.6428571428571429
RHEE_ax1,10,0.6470588235294118,0.6428571428571429
RHEE_ax1,11,0.5882352941176471,0.6428571428571429
RHEE_ax1,12,0.5882352941176471,0.6428571428571429
RHEE_ax1,13,0.5882352941176471,0.6428571428571429
RHEE_ax1,14,0.5882352941176471,0.5
RHEE_ax1,15,0.5294117647058824,0.5
RHEE_ax1,16,0.5294117647058824,0.5
RHEE_ax1,17,0.5882352941176471,0.5
RHEE_ax1,18,0.5294117647058824,0.5
RHEE_ax1,19,0.5294117647058824,0.5
RHEE_ax1,20,0.5882352941176471,0.5714285714285714
RHEE_ax1,21,0.5882352941176471,0.5714285714285714
RHEE_ax1,22,0.5294117647058824,0.5714285714285714
RHEE_ax1,23,0.5882352941176471,0.5
RHEE_ax1,24,0.5294117647058824,0.5
RHEE_ax1,25,0.5294117647058824,0.5714285714285714
RHEE_ax1,26,0.5882352941176471,0.5714285714285714
RHEE_ax1,27,0.5882352941176471,0.5714285714285714
RHEE_ax1,28,0.5882352941176471,0.5714285714285714
RHEE_ax1,29,0.5882352941176471,0.5714285714285714
RHEE_ax1,30,0.5294117647058824,0.5
RHEE_ax1,31,0.5294117647058824,0.5
RHEE_ax1,32,0.5882352941176471,0.5
RHEE_ax1,33,0.5882352941176471,0.5714285714285714
RHEE_ax1,34,0.5294117647058824,0.5714285714285714
RHEE_ax1,35,0.5294117647058824,0.5
RHEE_ax1,36,0.5294117647058824,0.5
RHEE_ax1,37,0.5294117647058824,0.7142857142857143
RHEE_ax1,38,0.5882352941176471,0.7142857142857143
RHEE_ax1,39,0.6470588235294118,0.7142857142857143
RHEE_ax1,40,0.6470588235294118,0.7857142857142857
RHEE_ax1,41,0.7058823529411765,0.7857142857142857
RHEE_ax1,42,0.7058823529411765,0.7142857142857143
RHEE_ax1,43,0.7058823529411765,0.7142857142857143
RHEE_ax1,44,0.7058823529411765,0.6428571428571429
RHEE_ax1,45,0.6470588235294118,0.6428571428571429
RHEE_ax1,46,0.6470588235294118,0.6428571428571429
RHEE_ax1,47,0.6470588235294118,0.7142857142857143
RHEE_ax1,48,0.6470588235294118,0.7857142857142857
RHEE_ax1,49,0.7647058823529411,0.7857142857142857
RHEE_ax1,50,0.7647058823529411,0.7857142857142857
RHEE_ax1,51,0.7647058823529411,0.7857142857142857
RHEE_ax1,52,0.7647058823529411,0.7857142857142857
RHEE_ax1,53,0.7058823529411765,0.7857142857142857
RHEE_ax1,54,0.7058823529411765,0.7857142857142857
RHEE_ax1,55,0.7058823529411765,0.7857142857142857
RHEE_ax1,56,0.7058823529411765,0.7857142857142857
RHEE_ax1,57,0.7058823529411765,0.7857142857142857
RHEE_ax1,58,0.6470588235294118,0.7857142857142857
RHEE_ax1,59,0.6470588235294118,0.7857142857142857
RHEE_ax1,60,0.6470588235294118,0.7857142857142857
RHEE_ax1,61,0.6470588235294118,0.7857142857142857
RHEE_ax1,62,0.6470588235294118,0.8571428571428571
RHEE_ax1,63,0.6470588235294118,0.8571428571428571
RHEE_ax1,64,0.6470588235294118,0.7857142857142857
RHEE_ax1,65,0.6470588235294118,0.7857142857142857
RHEE_ax1,66,0.6470588235294118,0.7857142857142857
RHEE_ax1,67,0.6470588235294118,0.7857142857142857
RHEE_ax1,68,0.5882352941176471,0.7142857142857143
RHEE_ax1,69,0.5882352941176471,0.6428571428571429
RHEE_ax1,70,0.5882352941176471,0.6428571428571429
RHEE_ax1,71,0.5882352941176471,0.6428571428571429
RHEE_ax1,72,0.5294117647058824,0.7142857142857143
RHEE_ax1,73,0.5294117647058824,0.5714285714285714
RHEE_ax1,74,0.5294117647058824,0.5
RHEE_ax1,75,0.5294117647058824,0.7142857142857143
RHEE_ax1,76,0.5294117647058824,0.7142857142857143
RHEE_ax1,77,0.5294117647058824,0.6428571428571429
RHEE_ax1,78,0.5294117647058824,0.6428571428571429
RHEE_ax1,79,0.5294117647058824,0.7142857142857143
RHEE_ax1,80,0.5294117647058824,0.7142857142857143
RHEE_ax1,81,0.5294117647058824,0.7142857142857143
RHEE_ax1,82,0.5294117647058824,0.7857142857142857
RHEE_ax1,83,0.5294117647058824,0.7857142857142857
RHEE_ax1,84,0.5882352941176471,0.7142857142857143
RHEE_ax1,85,0.6470588235294118,0.7142857142857143
RHEE_ax1,86,0.7058823529411765,0.6428571428571429
RHEE_ax1,87,0.7647058823529411,0.5714285714285714
RHEE_ax1,88,0.7058823529411765,0.5714285714285714
RHEE_ax1,89,0.7058823529411765,0.5714285714285714
RHEE_ax1,90,0.7647058823529411,0.6428571428571429
RHEE_ax1,91,0.7647058823529411,0.6428571428571429
RHEE_ax1,92,0.7647058823529411,0.6428571428571429
RHEE_ax1,93,0.7647058823529411,0.6428571428571429
RHEE_ax1,94,0.7647058823529411,0.6428571428571429
RHEE_ax1,95,0.7647058823529411,0.6428571428571429
RHEE_ax1,96,0.7647058823529411,0.7142857142857143
RHEE_ax1,97,0.7647058823529411,0.7142857142857143
RHEE_ax1,98,0.7647058823529411,0.7142857142857143
RHEE_ax1,99,0.7647058823529411,0.7142857142857143
RHEE_ax1,100,0.7647058823529411,0.7142857142857143
RHEE_ax2,0,0.7058823529411765,0.5714285714285714
RHEE_ax2,1,0.7058823529411765,0.6428571428571429
RHEE_ax2,2,0.7058823529411765,0.6428571428571429
RHEE_ax2,3,0.7058823529411765,0.5714285714285714
RHEE_ax2,4,0.7058823529411765,0.6428571428571429
RHEE_ax2,5,0.7058823529411765,0.6428571428571429
RHEE_ax2,6,0.7058823529411765,0.6428571428571429
RHEE_ax2,7,0.7058823529411765,0.6428571428571429
RHEE_ax2,8,0.7058823529411765,0.6428571428571429
RHEE_ax2,9,0.7058823529411765,0.6428571428571429
RHEE_ax2,10,0.7058823529411765,0.6428571428571429
RHEE_ax2,11,0.7058823529411765,0.6428571428571429
RHEE_ax2,12,0.7058823529411765,0.6428571428571429
RHEE_ax2,13,0.6470588235294118,0.6428571428571429
RHEE_ax2,14,0.6470588235294118,0.6428571428571429
RHEE_ax2,15,0.6470588235294118,0.6428571428571429
RHEE_ax2,16,0.6470588235294118,0.6428571428571429
RHEE_ax2,17,0.6470588235294118,0.6428571428571429
RHEE_ax2,18,0.6470588235294118,0.6428571428571429
RHEE_ax2,19,0.6470588235294118,0.5714285714285714
RHEE_ax2,20,0.5294117647058824,0.5
RHEE_ax2,21,0.5294117647058824,0.5
RHEE_ax2,22,0.5294117647058824,0.5
RHEE_ax2,23,0.5294117647058824,0.5
RHEE_ax2,24,0.5294117647058824,0.5714285714285714
RHEE_ax2,25,0.5882352941176471,0.5714285714285714
RHEE_ax2,26,0.5882352941176471,0.5
RHEE_ax2,27,0.5882352941176471,0.5
RHEE_ax2,28,0.5882352941176471,0.5
RHEE_ax2,29,0.5882352941176471,0.5
RHEE_ax2,30,0.5294117647058824,0.5
RHEE_ax2,31,0.5294117647058824,0.5
RHEE_ax2,32,0.5882352941176471,0.5
RHEE_ax2,33,0.5882352941176471,0.5
RHEE_ax2,34,0.5882352941176471,0.5
RHEE_ax2,35,0.5294117647058824,0.5
RHEE_ax2,36,0.5882352941176471,0.5
RHEE_ax2,37,0.5882352941176471,0.5714285714285714
RHEE_ax2,38,0.5882352941176471,0.5714285714285714
RHEE_ax2,39,0.5882352941176471,0.5714285714285714
RHEE_ax2,40,0.5294117647058824,0.5714285714285714
RHEE_ax2,41,0.5294117647058824,0.5714285714285714
RHEE_ax2,42,0.5294117647058824,0.5
RHEE_ax2,43,0.5294117647058824,0.5714285714285714
RHEE_ax2,44,0.5294117647058824,0.5714285714285714
RHEE_ax2,45,0.5294117647058824,0.5714285714285714
RHEE_ax2,46,0.5294117647058824,0.5714285714285714
RHEE_ax2,47,0.5294117647058824,0.5714285714285714
RHEE_ax2,48,0.5294117647058824,0.5714285714285714
RHEE_ax2,49,0.5294117647058824,0.5
RHEE_ax2,50,0.5294117647058824,0.5
RHEE_ax2,51,0.5294117647058824,0.5714285714285714
RHEE_ax2,52,0.5294117647058824,0.6428571428571429
RHEE_ax2,53,0.5882352941176471,0.6428571428571429
RHEE_ax2,54,0.5882352941176471,0.6428571428571429
RHEE_ax2,55,0.5882352941176471,0.6428571428571429
RHEE_ax2,56,0.5882352941176471,0.6428571428571429
RHEE_ax2,57,0.5882352941176471,0.5714285714285714
RHEE_ax2,58,0.5882352941176471,0.5714285714285714
RHEE_ax2,59,0.5882352941176471,0.5714285714285714
RHEE_ax2,60,0.5882352941176471,0.5714285714285714
RHEE_ax2,61,0.5882352941176471,0.6428571428571429
RHEE_ax2,62,0.5882352941176471,0.6428571428571429
RHEE_ax2,63,0.5882352941176471,0.6428571428571429
RHEE_ax2,64,0.5882352941176471,0.6428571428571429
RHEE_ax2,65,0.5882352941176471,0.5714285714285714
RHEE_ax2,66,0.5882352941176471,0.5714285714285714
RHEE_ax2,67,0.5882352941176471,0.5714285714285714
RHEE_ax2,68,0.5294117647058824,0.5714285714285714
RHEE_ax2,69,0.5294117647058824,0.5714285714285714
RHEE_ax2,70,0.5294117647058824,0.5714285714285714
RHEE_ax2,71,0.5294117647058824,0.5714285714285714
RHEE_ax2,72,0.5294117647058824,0.5714285714285714
RHEE_ax2,73,0.5294117647058824,0.5
RHEE_ax2,74,0.5294117647058824,0.5714285714285714
RHEE_ax2,75,0.5294117647058824,0.5
RHEE_ax2,76,0.5294117647058824,0.5714285714285714
RHEE_ax2,77,0.5294117647058824,0.5
RHEE_ax2,78,0.5294117647058824,0.5714285714285714
RHEE_ax2,79,0.5294117647058824,0.5
RHEE_ax2,80,0.5294117647058824,0.6428571428571429
RHEE_ax2,81,0.5882352941176471,0.6428571428571429
RHEE_ax2,82,0.5882352941176471,0.6428571428571429
RHEE_ax2,83,0.5294117647058824,0.6428571428571429
RHEE_ax2,84,0.5294117647058824,0.6428571428571429
RHEE_ax2,85,0.5294117647058824,0.5714285714285714
RHEE_ax2,86,0.5294117647058824,0.5714285714285714
RHEE_ax2,87,0.5294117647058824,0.5714285714285714
RHEE_ax2,88,0.5294117647058824,0.5714285714285714
RHEE_ax2,89,0.5294117647058824,0.6428571428571429
RHEE_ax2,90,0.5294117647058824,0.6428571428571429
RHEE_ax2,91,0.5882352941176471,0.5714285714285714
RHEE_ax2,92,0.5882352941176471,0.5714285714285714
RHEE_ax2,93,0.5882352941176471,0.5714285714285714
RHEE_ax2,94,0.5294117647058824,0.6428571428571429
RHEE_ax2,95,0.5294117647058824,0.6428571428571429
RHEE_ax2,96,0.5294117647058824,0.5714285714285714
RHEE_ax2,97,0.5294117647058824,0.5714285714285714
RHEE_ax2,98,0.5294117647058824,0.5
RHEE_ax2,99,0.5294117647058824,0.5
RHEE_ax2,100,0.5882352941176471,0.5714285714285714
RHEE_ax3,0,0.6470588235294118,0.6428571428571429
RHEE_ax3,1,0.6470588235294118,0.7142857142857143
RHEE_ax3,2,0.6470588235294118,0.5
RHEE_ax3,3,0.6470588235294118,0.5
RHEE_ax3,4,0.5882352941176471,0.5714285714285714
RHEE_ax3,5,0.6470588235294118,0.5714285714285714
RHEE_ax3,6,0.6470588235294118,0.5714285714285714
RHEE_ax3,7,0.6470588235294118,0.5714285714285714
RHEE_ax3,8,0.6470588235294118,0.5714285714285714
RHEE_ax3,9,0.6470588235294118,0.5714285714285714
RHEE_ax3,10,0.6470588235294118,0.6428571428571429
RHEE_ax3,11,0.6470588235294118,0.6428571428571429
RHEE_ax3,12,0.6470588235294118,0.6428571428571429
RHEE_ax3,13,0.6470588235294118,0.6428571428571429
RHEE_ax3,14,0.6470588235294118,0.6428571428571429
RHEE_ax3,15,0.6470588235294118,0.6428571428571429
RHEE_ax3,16,0.6470588235294118,0.6428571428571429
RHEE_ax3,17,0.6470588235294118,0.6428571428571429
RHEE_ax3,18,0.6470588235294118,0.6428571428571429
RHEE_ax3,19,0.6470588235294118,0.6428571428571429
RHEE_ax3,20,0.6470588235294118,0.6428571428571429
RHEE_ax3,21,0.6470588235294118,0.6428571428571429
RHEE_ax3,22,0.6470588235294118,0.6428571428571429
RHEE_ax3,23,0.6470588235294118,0.6428571428571429
RHEE_ax3,24,0.6470588235294118,0.6428571428571429
RHEE_ax3,25,0.6470588235294118,0.6428571428571429
RHEE_ax3,26,0.6470588235294118,0.6428571428571429
RHEE_ax3,27,0.6470588235294118,0.6428571428571429
RHEE_ax3,28,0.6470588235294118,0.6428571428571429
RHEE_ax3,29,0.6470588235294118,0.6428571428571429
RHEE_ax3,30,0.6470588235294118,0.6428571428571429
RHEE_ax3,31,0.6470588235294118,0.6428571428571429
RHEE_ax3,32,0.6470588235294118,0.6428571428571429
RHEE_ax3,33,0.6470588235294118,0.6428571428571429
RHEE_ax3,34,0.6470588235294118,0.5714285714285714
RHEE_ax3,35,0.6470588235294118,0.5714285714285714
RHEE_ax3,36,0.6470588235294118,0.5714285714285714
RHEE_ax3,37,0.5882352941176471,0.5
RHEE_ax3,38,0.5294117647058824,0.5714285714285714
RHEE_ax3,39,0.5294117647058824,0.6428571428571429
RHEE_ax3,40,0.5294117647058824,0.5714285714285714
RHEE_ax3,41,0.5882352941176471,0.5714285714285714
RHEE_ax3,42,0.5294117647058824,0.6428571428571429
RHEE_ax3,43,0.5882352941176471,0.6428571428571429
RHEE_ax3,44,0.5882352941176471,0.6428571428571429
RHEE_ax3,45,0.5882352941176471,0.5714285714285714
RHEE_ax3,46,0.6470588235294118,0.5
RHEE_ax3,47,0.6470588235294118,0.5
RHEE_ax3,48,0.5294117647058824,0.5
RHEE_ax3,49,0.6470588235294118,0.5714285714285714
RHEE_ax3,50,0.5882352941176471,0.5714285714285714
RHEE_ax3,51,0.5294117647058824,0.5714285714285714
RHEE_ax3,52,0.5882352941176471,0.6428571428571429
RHEE_ax3,53,0.5882352941176471,0.6428571428571429
RHEE_ax3,54,0.6470588235294118,0.6428571428571429
RHEE_ax3,55,0.7058823529411765,0.6428571428571429
RHEE_ax3,56,0.7058823529411765,0.6428571428571429
RHEE_ax3,57,0.7058823529411765,0.6428571428571429
RHEE_ax3,58,0.7058823529411765,0.6428571428571429
RHEE_ax3,59,0.7058823529411765,0.6428571428571429
RHEE_ax3,60,0.6470588235294118,0.6428571428571429
RHEE_ax3,61,0.6470588235294118,0.7142857142857143
RHEE_ax3,62,0.6470588235294118,0.7142857142857143
RHEE_ax3,63,0.6470588235294118,0.7142857142857143
RHEE_ax3,64,0.6470588235294118,0.7142857142857143
RHEE_ax3,65,0.6470588235294118,0.7142857142857143
RHEE_ax3,66,0.6470588235294118,0.7142857142857143
RHEE_ax3,67,0.6470588235294118,0.7142857142857143
RHEE_ax3,68,0.6470588235294118,0.7142857142857143
RHEE_ax3,69,0.6470588235294118,0.7142857142857143
RHEE_ax3,70,0.6470588235294118,0.6428571428571429
RHEE_ax3,71,0.6470588235294118,0.6428571428571429
RHEE_ax3,72,0.6470588235294118,0.6428571428571429
RHEE_ax3,73,0.6470588235294118,0.6428571428571429
RHEE_ax3,74,0.6470588235294118,0.6428571428571429
RHEE_ax3,75,0.6470588235294118,0.6428571428571429
RHEE_ax3,76,0.6470588235294118,0.6428571428571429
RHEE_ax3,77,0.6470588235294118,0.6428571428571429
RHEE_ax3,78,0.6470588235294118,0.6428571428571429
RHEE_ax3,79,0.6470588235294118,0.6428571428571429
RHEE_ax3,80,0.6470588235294118,0.6428571428571429
RHEE_ax3,81,0.6470588235294118,0.6428571428571429
RHEE_ax3,82,0.6470588235294118,0.6428571428571429
RHEE_ax3,83,0.6470588235294118,0.6428571428571429
RHEE_ax3,84,0.6470588235294118,0.6428571428571429
RHEE_ax3,85,0.6470588235294118,0.5714285714285714
RHEE_ax3,86,0.5882352941176471,0.5714285714285714
RHEE_ax3,87,0.5294117647058824,0.5714285714285714
RHEE_ax3,88,0.7058823529411765,0.6428571428571429
RHEE_ax3,89,0.6470588235294118,0.7142857142857143
RHEE_ax3,90,0.6470588235294118,0.7857142857142857
RHEE_ax3,91,0.6470588235294118,0.5714285714285714
RHEE_ax3,92,0.5294117647058824,0.5
RHEE_ax3,93,0.5294117647058824,0.5
RHEE_ax3,94,0.5294117647058824,0.5
RHEE_ax3,95,0.5294117647058824,0.5
RHEE_ax3,96,0.5882352941176471,0.5714285714285714
RHEE_ax3,97,0.6470588235294118,0.5714285714285714
RHEE_ax3,98,0.6470588235294118,0.6428571428571429
RHEE_ax3,99,0.5882352941176471,0.6428571428571429
RHEE_ax3,100,0.6470588235294118,0.6428571428571429
LTOE_ax1,0,0.5294117647058824,0.5714285714285714
LTOE_ax1,1,0.5882352941176471,0.6428571428571429
LTOE_ax1,2,0.5882352941176471,0.6428571428571429
LTOE_ax1,3,0.5882352941176471,0.6428571428571429
LTOE_ax1,4,0.5882352941176471,0.6428571428571429
LTOE_ax1,5,0.5882352941176471,0.6428571428571429
LTOE_ax1,6,0.5882352941176471,0.5714285714285714
LTOE_ax1,7,0.5882352941176471,0.5714285714285714
LTOE_ax1,8,0.5882352941176471,0.5714285714285714
LTOE_ax1,9,0.5882352941176471,0.5714285714285714
LTOE_ax1,10,0.5882352941176471,0.5714285714285714
LTOE_ax1,11,0.5882352941176471,0.5714285714285714
LTOE_ax1,12,0.5882352941176471,0.5714285714285714
LTOE_ax1,13,0.5882352941176471,0.5714285714285714
LTOE_ax1,14,0.5882352941176471,0.5714285714285714
LTOE_ax1,15,0.5882352941176471,0.5714285714285714
LTOE_ax1,16,0.5882352941176471,0.5714285714285714
LTOE_ax1,17,0.5882352941176471,0.5714285714285714
LTOE_ax1,18,0.5294117647058824,0.5714285714285714
LTOE_ax1,19,0.5294117647058824,0.5714285714285714
LTOE_ax1,20,0.5294117647058824,0.5
LTOE_ax1,21,0.5882352941176471,0.5
LTOE_ax1,22,0.5294117647058824,0.6428571428571429
LTOE_ax1,23,0.5294117647058824,0.5714285714285714
LTOE_ax1,24,0.5294117647058824,0.5
LTOE_ax1,25,0.5294117647058824,0.5
LTOE_ax1,26,0.5294117647058824,0.5714285714285714
LTOE_ax1,27,0.5294117647058824,0.7142857142857143
LTOE_ax1,28,0.5882352941176471,0.7142857142857143
LTOE_ax1,29,0.5882352941176471,0.6428571428571429
LTOE_ax1,30,0.6470588235294118,0.6428571428571429
LTOE_ax1,31,0.5882352941176471,0.6428571428571429
LTOE_ax1,32,0.5882352941176471,0.6428571428571429
LTOE_ax1,33,0.5294117647058824,0.6428571428571429
LTOE_ax1,34,0.5294117647058824,0.5
LTOE_ax1,35,0.5294117647058824,0.7142857142857143
LTOE_ax1,36,0.5294117647058824,0.5714285714285714
LTOE_ax1,37,0.5294117647058824,0.6428571428571429
LTOE_ax1,38,0.6470588235294118,0.6428571428571429
LTOE_ax1,39,0.6470588235294118,0.7142857142857143
LTOE_ax1,40,0.6470588235294118,0.6428571428571429
LTOE_ax1,41,0.6470588235294118,0.5714285714285714
LTOE_ax1,42,0.6470588235294118,0.5714285714285714
LTOE_ax1,43,0.5882352941176471,0.5714285714285714
LTOE_ax1,44,0.5882352941176471,0.5714285714285714
LTOE_ax1,45,0.6470588235294118,0.6428571428571429
LTOE_ax1,46,0.7058823529411765,0.6428571428571429
LTOE_ax1,47,0.7058823529411765,0.6428571428571429
LTOE_ax1,48,0.7058823529411765,0.6428571428571429
LTOE_ax1,49,0.7058823529411765,0.6428571428571429
LTOE_ax1,50,0.7058823529411765,0.6428571428571429
LTOE_ax1,51,0.7058823529411765,0.6428571428571429
LTOE_ax1,52,0.7058823529411765,0.6428571428571429
LTOE_ax1,53,0.7058823529411765,0.6428571428571429
LTOE_ax1,54,0.7058823529411765,0.6428571428571429
LTOE_ax1,55,0.7058823529411765,0.6428571428571429
LTOE_ax1,56,0.7058823529411765,0.6428571428571429
LTOE_ax1,57,0.7058823529411765,0.6428571428571429
LTOE_ax1,58,0.7058823529411765,0.6428571428571429
LTOE_ax1,59,0.7058823529411765,0.6428571428571429
LTOE_ax1,60,0.7058823529411765,0.6428571428571429
LTOE_ax1,61,0.7058823529411765,0.6428571428571429
LTOE_ax1,62,0.7058823529411765,0.6428571428571429
LTOE_ax1,63,0.7058823529411765,0.6428571428571429
LTOE_ax1,64,0.7058823529411765,0.6428571428571429
LTOE_ax1,65,0.7058823529411765,0.6428571428571429
LTOE_ax1,66,0.7058823529411765,0.6428571428571429
LTOE_ax1,67,0.7647058823529411,0.5714285714285714
LTOE_ax1,68,0.7647058823529411,0.5714285714285714
LTOE_ax1,69,0.7647058823529411,0.6428571428571429
LTOE_ax1,70,0.7647058823529411,0.6428571428571429
LTOE_ax1,71,0.7647058823529411,0.6428571428571429
LTOE_ax1,72,0.7647058823529411,0.6428571428571429
LTOE_ax1,73,0.7647058823529411,0.6428571428571429
LTOE_ax1,74,0.7647058823529411,0.5714285714285714
LTOE_ax1,75,0.7647058823529411,0.5714285714285714
LTOE_ax1,76,0.7647058823529411,0.5714285714285714
LTOE_ax1,77,0.7058823529411765,0.6428571428571429
LTOE_ax1,78,0.7058823529411765,0.5714285714285714
LTOE_ax1,79,0.7647058823529411,0.5714285714285714
LTOE_ax1,80,0.7647058823529411,0.6428571428571429
LTOE_ax1,81,0.7647058823529411,0.7142857142857143
LTOE_ax1,82,0.7058823529411765,0.7142857142857143
LTOE_ax1,83,0.7058823529411765,0.7142857142857143
LTOE_ax1,84,0.5882352941176471,0.7142857142857143
LTOE_ax1,85,0.5882352941176471,0.7142857142857143
LTOE_ax1,86,0.5882352941176471,0.7142857142857143
LTOE_ax1,87,0.5882352941176471,0.7142857142857143
LTOE_ax1,88,0.5882352941176471,0.7142857142857143
LTOE_ax1,89,0.5882352941176471,0.7142857142857143
LTOE_ax1,90,0.5882352941176471,0.7857142857142857
LTOE_ax1,91,0.5294117647058824,0.7857142857142857
LTOE_ax1,92,0.5294117647058824,0.7857142857142857
LTOE_ax1,93,0.5294117647058824,0.7857142857142857
LTOE_ax1,94,0.5294117647058824,0.7857142857142857
LTOE_ax1,95,0.5294117647058824,0.7857142857142857
LTOE_ax1,96,0.5294117647058824,0.7857142857142857
LTOE_ax1,97,0.5294117647058824,0.7857142857142857
LTOE_ax1,98,0.5294117647058824,0.7857142857142857
LTOE_ax1,99,0.5294117647058824,0.7857142857142857
LTOE_ax1,100,0.5294117647058824,0.7857142857142857
LTOE_ax2,0,0.5294117647058824,0.5714285714285714
LTOE_ax2,1,0.5294117647058824,0.5714285714285714
LTOE_ax2,2,0.5294117647058824,0.5714285714285714
LTOE_ax2,3,0.5294117647058824,0.5714285714285714
LTOE_ax2,4,0.5294117647058824,0.5714285714285714
LTOE_ax2,5,0.5294117647058824,0.5714285714285714
LTOE_ax2,6,0.5294117647058824,0.5714285714285714
LTOE_ax2,7,0.5294117647058824,0.5714285714285714
LTOE_ax2,8,0.5294117647058824,0.5714285714285714
LTOE_ax2,9,0.5294117647058824,0.5714285714285714
LTOE_ax2,10,0.5294117647058824,0.5714285714285714
LTOE_ax2,11,0.5294117647058824,0.5714285714285714
LTOE_ax2,12,0.5294117647058824,0.5714285714285714
LTOE_ax2,13,0.5294117647058824,0.5714285714285714
LTOE_ax2,14,0.5294117647058824,0.5714285714285714
LTOE_ax2,15,0.5294117647058824,0.5714285714285714
LTOE_ax2,16,0.5294117647058824,0.5714285714285714
LTOE_ax2,17,0.5294117647058824,0.5714285714285714
LTOE_ax2,18,0.5294117647058824,0.5714285714285714
LTOE_ax2,19,0.5882352941176471,0.5714285714285714
LTOE_ax2,20,0.6470588235294118,0.5714285714285714
LTOE_ax2,21,0.6470588235294118,0.6428571428571429
LTOE_ax2,22,0.6470588235294118,0.6428571428571429
LTOE_ax2,23,0.6470588235294118,0.6428571428571429
LTOE_ax2,24,0.6470588235294118,0.7857142857142857
LTOE_ax2,25,0.6470588235294118,0.7857142857142857
LTOE_ax2,26,0.6470588235294118,0.7857142857142857
LTOE_ax2,27,0.6470588235294118,0.7857142857142857
LTOE_ax2,28,0.6470588235294118,0.7857142857142857
LTOE_ax2,29,0.6470588235294118,0.7857142857142857
LTOE_ax2,30,0.6470588235294118,0.7857142857142857
LTOE_ax2,31,0.6470588235294118,0.7857142857142857
LTOE_ax2,32,0.6470588235294118,0.7857142857142857
LTOE_ax2,33,0.6470588235294118,0.7857142857142857
LTOE_ax2,34,0.6470588235294118,0.7857142857142857
LTOE_ax2,35,0.6470588235294118,0.7142857142857143
LTOE_ax2,36,0.6470588235294118,0.7142857142857143
LTOE_ax2,37,0.6470588235294118,0.7142857142857143
LTOE_ax2,38,0.6470588235294118,0.7142857142857143
LTOE_ax2,39,0.6470588235294118,0.6428571428571429
LTOE_ax2,40,0.6470588235294118,0.6428571428571429
LTOE_ax2,41,0.6470588235294118,0.6428571428571429
LTOE_ax2,42,0.6470588235294118,0.6428571428571429
LTOE_ax2,43,0.6470588235294118,0.6428571428571429
LTOE_ax2,44,0.6470588235294118,0.6428571428571429
LTOE_ax2,45,0.6470588235294118,0.6428571428571429
LTOE_ax2,46,0.6470588235294118,0.6428571428571429
LTOE_ax2,47,0.6470588235294118,0.6428571428571429
LTOE_ax2,48,0.6470588235294118,0.6428571428571429
LTOE_ax2,49,0.5882352941176471,0.7142857142857143
LTOE_ax2,50,0.6470588235294118,0.7142857142857143
LTOE_ax2,51,0.6470588235294118,0.5714285714285714
LTOE_ax2,52,0.6470588235294118,0.6428571428571429
LTOE_ax2,53,0.6470588235294118,0.6428571428571429
LTOE_ax2,54,0.6470588235294118,0.6428571428571429
LTOE_ax2,55,0.6470588235294118,0.6428571428571429
LTOE_ax2,56,0.6470588235294118,0.6428571428571429
LTOE_ax2,57,0.6470588235294118,0.6428571428571429
LTOE_ax2,58,0.5882352941176471,0.6428571428571429
LTOE_ax2,59,0.5882352941176471,0.6428571428571429
LTOE_ax2,60,0.5882352941176471,0.6428571428571429
LTOE_ax2,61,0.5882352941176471,0.6428571428571429
LTOE_ax2,62,0.5882352941176471,0.6428571428571429
LTOE_ax2,63,0.5882352941176471,0.5714285714285714
LTOE_ax2,64,0.5882352941176471,0.5714285714285714
LTOE_ax2,65,0.5882352941176471,0.5714285714285714
LTOE_ax2,66,0.5882352941176471,0.5
LTOE_ax2,67,0.5882352941176471,0.5714285714285714
LTOE_ax2,68,0.5882352941176471,0.5714285714285714
LTOE_ax2,69,0.5882352941176471,0.5714285714285714
LTOE_ax2,70,0.5294117647058824,0.5714285714285714
LTOE_ax2,71,0.5294117647058824,0.5714285714285714
LTOE_ax2,72,0.5882352941176471,0.6428571428571429
LTOE_ax2,73,0.5882352941176471,0.6428571428571429
LTOE_ax2,74,0.5882352941176471,0.7142857142857143
LTOE_ax2,75,0.5882352941176471,0.7142857142857143
LTOE_ax2,76,0.5882352941176471,0.7142857142857143
LTOE_ax2,77,0.6470588235294118,0.7142857142857143
LTOE_ax2,78,0.6470588235294118,0.7142857142857143
LTOE_ax2,79,0.6470588235294118,0.7142857142857143
LTOE_ax2,80,0.6470588235294118,0.7142857142857143
LTOE_ax2,81,0.6470588235294118,0.7142857142857143
LTOE_ax2,82,0.6470588235294118,0.7142857142857143
LTOE_ax2,83,0.6470588235294118,0.7142857142857143
LTOE_ax2,84,0.6470588235294118,0.6428571428571429
LTOE_ax2,85,0.6470588235294118,0.6428571428571429
LTOE_ax2,86,0.6470588235294118,0.6428571428571429
LTOE_ax2,87,0.6470588235294118,0.6428571428571429
LTOE_ax2,88,0.6470588235294118,0.7142857142857143
LTOE_ax2,89,0.6470588235294118,0.7142857142857143
LTOE_ax2,90,0.6470588235294118,0.7142857142857143
LTOE_ax2,91,0.5882352941176471,0.7142857142857143
LTOE_ax2,92,0.5294117647058824,0.6428571428571429
LTOE_ax2,93,0.5294117647058824,0.6428571428571429
LTOE_ax2,94,0.5294117647058824,0.6428571428571429
LTOE_ax2,95,0.5294117647058824,0.6428571428571429
LTOE_ax2,96,0.5294117647058824,0.6428571428571429
LTOE_ax2,97,0.5882352941176471,0.6428571428571429
LTOE_ax2,98,0.6470588235294118,0.6428571428571429
LTOE_ax2,99,0.6470588235294118,0.6428571428571429
LTOE_ax2,100,0.6470588235294118,0.6428571428571429
LTOE_ax3,0,0.6470588235294118,0.6428571428571429
LTOE_ax3,1,0.6470588235294118,0.6428571428571429
LTOE_ax3,2,0.6470588235294118,0.6428571428571429
LTOE_ax3,3,0.6470588235294118,0.5714285714285714
LTOE_ax3,4,0.6470588235294118,0.6428571428571429
LTOE_ax3,5,0.6470588235294118,0.6428571428571429
LTOE_ax3,6,0.5882352941176471,0.6428571428571429
LTOE_ax3,7,0.5882352941176471,0.5
LTOE_ax3,8,0.5294117647058824,0.5
LTOE_ax3,9,0.5882352941176471,0.5
LTOE_ax3,10,0.5882352941176471,0.5714285714285714
LTOE_ax3,11,0.5294117647058824,0.5
LTOE_ax3,12,0.5294117647058824,0.5714285714285714
LTOE_ax3,13,0.5294117647058824,0.5
LTOE_ax3,14,0.5294117647058824,0.5714285714285714
LTOE_ax3,15,0.5294117647058824,0.5714285714285714
LTOE_ax3,16,0.7058823529411765,0.5714285714285714
LTOE_ax3,17,0.5882352941176471,0.7142857142857143
LTOE_ax3,18,0.7058823529411765,0.7142857142857143
LTOE_ax3,19,0.6470588235294118,0.5714285714285714
LTOE_ax3,20,0.5882352941176471,0.5
LTOE_ax3,21,0.5294117647058824,0.5714285714285714
LTOE_ax3,22,0.5882352941176471,0.5
LTOE_ax3,23,0.6470588235294118,0.5714285714285714
LTOE_ax3,24,0.5882352941176471,0.5714285714285714
LTOE_ax3,25,0.5882352941176471,0.5714285714285714
LTOE_ax3,26,0.5882352941176471,0.5714285714285714
LTOE_ax3,27,0.5882352941176471,0.5714285714285714
LTOE_ax3,28,0.5882352941176471,0.5714285714285714
LTOE_ax3,29,0.5294117647058824,0.5714285714285714
LTOE_ax3,30,0.5294117647058824,0.5
LTOE_ax3,31,0.5294117647058824,0.5
LTOE_ax3,32,0.5294117647058824,0.5714285714285714
LTOE_ax3,33,0.5882352941176471,0.5714285714285714
LTOE_ax3,34,0.5882352941176471,0.7142857142857143
LTOE_ax3,35,0.6470588235294118,0.7857142857142857
LTOE_ax3,36,0.7058823529411765,0.7857142857142857
LTOE_ax3,37,0.7058823529411765,0.7142857142857143
LTOE_ax3,38,0.6470588235294118,0.7142857142857143
LTOE_ax3,39,0.5882352941176471,0.6428571428571429
LTOE_ax3,40,0.5294117647058824,0.5714285714285714
LTOE_ax3,41,0.5882352941176471,0.5
LTOE_ax3,42,0.5882352941176471,0.5
LTOE_ax3,43,0.5294117647058824,0.5
LTOE_ax3,44,0.5882352941176471,0.5
LTOE_ax3,45,0.6470588235294118,0.5714285714285714
LTOE_ax3,46,0.5882352941176471,0.7142857142857143
LTOE_ax3,47,0.5882352941176471,0.7142857142857143
LTOE_ax3,48,0.6470588235294118,0.7142857142857143
LTOE_ax3,49,0.6470588235294118,0.6428571428571429
LTOE_ax3,50,0.6470588235294118,0.6428571428571429
LTOE_ax3,51,0.6470588235294118,0.6428571428571429
LTOE_ax3,52,0.6470588235294118,0.6428571428571429
LTOE_ax3,53,0.6470588235294118,0.6428571428571429
LTOE_ax3,54,0.6470588235294118,0.6428571428571429
LTOE_ax3,55,0.5882352941176471,0.6428571428571429
LTOE_ax3,56,0.6470588235294118,0.5714285714285714
LTOE_ax3,57,0.5882352941176471,0.6428571428571429
LTOE_ax3,58,0.5882352941176471,0.6428571428571429
LTOE_ax3,59,0.5882352941176471,0.6428571428571429
LTOE_ax3,60,0.5882352941176471,0.5714285714285714
LTOE_ax3,61,0.7058823529411765,0.6428571428571429
LTOE_ax3,62,0.8823529411764706,0.6428571428571429
LTOE_ax3,63,0.8235294117647058,0.6428571428571429
LTOE_ax3,64,0.7058823529411765,0.6428571428571429
LTOE_ax3,65,0.6470588235294118,0.6428571428571429
LTOE_ax3,66,0.5294117647058824,0.6428571428571429
LTOE_ax3,67,0.5294117647058824,0.5714285714285714
LTOE_ax3,68,0.5294117647058824,0.5714285714285714
LTOE_ax3,69,0.5294117647058824,0.6428571428571429
LTOE_ax3,70,0.5882352941176471,0.5714285714285714
LTOE_ax3,71,0.5882352941176471,0.6428571428571429
LTOE_ax3,72,0.5882352941176471,0.5714285714285714
LTOE_ax3,73,0.6470588235294118,0.5714285714285714
LTOE_ax3,74,0.6470588235294118,0.7142857142857143
LTOE_ax3,75,0.6470588235294118,0.7142857142857143
LTOE_ax3,76,0.5882352941176471,0.7142857142857143
LTOE_ax3,77,0.5882352941176471,0.7142857142857143
LTOE_ax3,78,0.5294117647058824,0.7142857142857143
LTOE_ax3,79,0.5294117647058824,0.7142857142857143
LTOE_ax3,80,0.5294117647058824,0.6428571428571429
LTOE_ax3,81,0.5294117647058824,0.5714285714285714
LTOE_ax3,82,0.5294117647058824,0.5714285714285714
LTOE_ax3,83,0.5294117647058824,0.5
LTOE_ax3,84,0.5294117647058824,0.5
LTOE_ax3,85,0.5294117647058824,0.5714285714285714
LTOE_ax3,86,0.5882352941176471,0.5714285714285714
LTOE_ax3,87,0.5882352941176471,0.6428571428571429
LTOE_ax3,88,0.7058823529411765,0.7142857142857143
LTOE_ax3,89,0.7058823529411765,0.7142857142857143
LTOE_ax3,90,0.7058823529411765,0.6428571428571429
LTOE_ax3,91,0.7058823529411765,0.6428571428571429
LTOE_ax3,92,0.7058823529411765,0.6428571428571429
LTOE_ax3,93,0.6470588235294118,0.6428571428571429
LTOE_ax3,94,0.7058823529411765,0.5714285714285714
LTOE_ax3,95,0.7058823529411765,0.6428571428571429
LTOE_ax3,96,0.6470588235294118,0.6428571428571429
LTOE_ax3,97,0.6470588235294118,0.5714285714285714
LTOE_ax3,98,0.6470588235294118,0.6428571428571429
LTOE_ax3,99,0.6470588235294118,0.6428571428571429
LTOE_ax3,100,0.6470588235294118,0.6428571428571429
RTOE_ax1,0,0.5294117647058824,0.5714285714285714
RTOE_ax1,1,0.5294117647058824,0.6428571428571429
RTOE_ax1,2,0.5294117647058824,0.6428571428571429
RTOE_ax1,3,0.5294117647058824,0.7142857142857143
RTOE_ax1,4,0.5882352941176471,0.7142857142857143
RTOE_ax1,5,0.5882352941176471,0.7857142857142857
RTOE_ax1,6,0.5882352941176471,0.7857142857142857
RTOE_ax1,7,0.5882352941176471,0.7857142857142857
RTOE_ax1,8,0.5882352941176471,0.8571428571428571
RTOE_ax1,9,0.5882352941176471,0.8571428571428571
RTOE_ax1,10,0.5882352941176471,0.8571428571428571
RTOE_ax1,11,0.5882352941176471,0.8571428571428571
RTOE_ax1,12,0.5882352941176471,0.8571428571428571
RTOE_ax1,13,0.5882352941176471,0.8571428571428571
RTOE_ax1,14,0.5882352941176471,0.8571428571428571
RTOE_ax1,15,0.5882352941176471,0.9285714285714286
RTOE_ax1,16,0.5882352941176471,0.9285714285714286
RTOE_ax1,17,0.6470588235294118,0.9285714285714286
RTOE_ax1,18,0.5882352941176471,0.9285714285714286
RTOE_ax1,19,0.5882352941176471,0.9285714285714286
RTOE_ax1,20,0.6470588235294118,0.9285714285714286
RTOE_ax1,21,0.6470588235294118,0.8571428571428571
RTOE_ax1,22,0.7058823529411765,0.8571428571428571
RTOE_ax1,23,0.7058823529411765,0.8571428571428571
RTOE_ax1,24,0.6470588235294118,0.8571428571428571
RTOE_ax1,25,0.7058823529411765,0.7857142857142857
RTOE_ax1,26,0.7058823529411765,0.8571428571428571
RTOE_ax1,27,0.6470588235294118,0.8571428571428571
RTOE_ax1,28,0.5882352941176471,0.7142857142857143
RTOE_ax1,29,0.5294117647058824,0.7142857142857143
RTOE_ax1,30,0.5294117647058824,0.7857142857142857
RTOE_ax1,31,0.5294117647058824,0.5714285714285714
RTOE_ax1,32,0.5294117647058824,0.6428571428571429
RTOE_ax1,33,0.6470588235294118,0.7142857142857143
RTOE_ax1,34,0.6470588235294118,0.7142857142857143
RTOE_ax1,35,0.6470588235294118,0.7142857142857143
RTOE_ax1,36,0.6470588235294118,0.7142857142857143
RTOE_ax1,37,0.5882352941176471,0.7142857142857143
RTOE_ax1,38,0.6470588235294118,0.6428571428571429
RTOE_ax1,39,0.6470588235294118,0.6428571428571429
RTOE_ax1,40,0.6470588235294118,0.7857142857142857
RTOE_ax1,41,0.6470588235294118,0.7857142857142857
RTOE_ax1,42,0.6470588235294118,0.7857142857142857
RTOE_ax1,43,0.6470588235294118,0.7857142857142857
RTOE_ax1,44,0.6470588235294118,0.7857142857142857
RTOE_ax1,45,0.6470588235294118,0.7857142857142857
RTOE_ax1,46,0.6470588235294118,0.7857142857142857
RTOE_ax1,47,0.6470588235294118,0.7857142857142857
RTOE_ax1,48,0.6470588235294118,0.7857142857142857
RTOE_ax1,49,0.5882352941176471,0.7857142857142857
RTOE_ax1,50,0.5882352941176471,0.7857142857142857
RTOE_ax1,51,0.5882352941176471,0.7857142857142857
RTOE_ax1,52,0.5882352941176471,0.7857142857142857
RTOE_ax1,53,0.5882352941176471,0.7857142857142857
RTOE_ax1,54,0.5882352941176471,0.7857142857142857
RTOE_ax1,55,0.5882352941176471,0.7142857142857143
RTOE_ax1,56,0.5882352941176471,0.6428571428571429
RTOE_ax1,57,0.5882352941176471,0.6428571428571429
RTOE_ax1,58,0.5882352941176471,0.6428571428571429
RTOE_ax1,59,0.5882352941176471,0.6428571428571429
RTOE_ax1,60,0.5882352941176471,0.6428571428571429
RTOE_ax1,61,0.5882352941176471,0.6428571428571429
RTOE_ax1,62,0.5882352941176471,0.6428571428571429
RTOE_ax1,63,0.5882352941176471,0.6428571428571429
RTOE_ax1,64,0.5882352941176471,0.5714285714285714
RTOE_ax1,65,0.5882352941176471,0.5714285714285714
RTOE_ax1,66,0.5294117647058824,0.6428571428571429
RTOE_ax1,67,0.5294117647058824,0.6428571428571429
RTOE_ax1,68,0.5294117647058824,0.5714285714285714
RTOE_ax1,69,0.5294117647058824,0.5714285714285714
RTOE_ax1,70,0.5294117647058824,0.5714285714285714
RTOE_ax1,71,0.5294117647058824,0.5
RTOE_ax1,72,0.5294117647058824,0.5
RTOE_ax1,73,0.5294117647058824,0.5714285714285714
RTOE_ax1,74,0.5294117647058824,0.5
RTOE_ax1,75,0.5294117647058824,0.5
RTOE_ax1,76,0.5294117647058824,0.5
RTOE_ax1,77,0.5294117647058824,0.5
RTOE_ax1,78,0.5882352941176471,0.6428571428571429
RTOE_ax1,79,0.5882352941176471,0.6428571428571429
RTOE_ax1,80,0.5882352941176471,0.7142857142857143
RTOE_ax1,81,0.5882352941176471,0.7142857142857143
RTOE_ax1,82,0.6470588235294118,0.7142857142857143
RTOE_ax1,83,0.7058823529411765,0.7142857142857143
RTOE_ax1,84,0.7058823529411765,0.7142857142857143
RTOE_ax1,85,0.7058823529411765,0.7142857142857143
RTOE_ax1,86,0.7058823529411765,0.7142857142857143
RTOE_ax1,87,0.7058823529411765,0.7142857142857143
RTOE_ax1,88,0.6470588235294118,0.7142857142857143
RTOE_ax1,89,0.7058823529411765,0.7142857142857143
RTOE_ax1,90,0.7058823529411765,0.7142857142857143
RTOE_ax1,91,0.7058823529411765,0.6428571428571429
RTOE_ax1,92,0.7058823529411765,0.6428571428571429
RTOE_ax1,93,0.7058823529411765,0.7142857142857143
RTOE_ax1,94,0.7058823529411765,0.7857142857142857
RTOE_ax1,95,0.7058823529411765,0.7857142857142857
RTOE_ax1,96,0.7058823529411765,0.7857142857142857
RTOE_ax1,97,0.7058823529411765,0.7857142857142857
RTOE_ax1,98,0.7058823529411765,0.7857142857142857
RTOE_ax1,99,0.7058823529411765,0.7857142857142857
RTOE_ax1,100,0.7058823529411765,0.7857142857142857
RTOE_ax2,0,0.5294117647058824,0.5714285714285714
RTOE_ax2,1,0.5294117647058824,0.5714285714285714
RTOE_ax2,2,0.5882352941176471,0.5714285714285714
RTOE_ax2,3,0.5882352941176471,0.6428571428571429
RTOE_ax2,4,0.5882352941176471,0.6428571428571429
RTOE_ax2,5,0.5882352941176471,0.6428571428571429
RTOE_ax2,6,0.5294117647058824,0.7142857142857143
RTOE_ax2,7,0.5294117647058824,0.7142857142857143
RTOE_ax2,8,0.5294117647058824,0.7142857142857143
RTOE_ax2,9,0.5294117647058824,0.7142857142857143
RTOE_ax2,10,0.5294117647058824,0.7142857142857143
RTOE_ax2,11,0.5294117647058824,0.7142857142857143
RTOE_ax2,12,0.5294117647058824,0.7142857142857143
RTOE_ax2,13,0.5294117647058824,0.7142857142857143
RTOE_ax2,14,0.5294117647058824,0.7142857142857143
RTOE_ax2,15,0.5882352941176471,0.6428571428571429
RTOE_ax2,16,0.5882352941176471,0.6428571428571429
RTOE_ax2,17,0.5882352941176471,0.6428571428571429
RTOE_ax2,18,0.5882352941176471,0.6428571428571429
RTOE_ax2,19,0.5882352941176471,0.6428571428571429
RTOE_ax2,20,0.5294117647058824,0.6428571428571429
RTOE_ax2,21,0.5294117647058824,0.6428571428571429
RTOE_ax2,22,0.5294117647058824,0.6428571428571429
RTOE_ax2,23,0.5294117647058824,0.6428571428571429
RTOE_ax2,24,0.5294117647058824,0.5714285714285714
RTOE_ax2,25,0.5294117647058824,0.6428571428571429
RTOE_ax2,26,0.5294117647058824,0.6428571428571429
RTOE_ax2,27,0.5294117647058824,0.6428571428571429
RTOE_ax2,28,0.5294117647058824,0.6428571428571429
RTOE_ax2,29,0.5294117647058824,0.6428571428571429
RTOE_ax2,30,0.5294117647058824,0.6428571428571429
RTOE_ax2,31,0.5294117647058824,0.6428571428571429
RTOE_ax2,32,0.5294117647058824,0.6428571428571429
RTOE_ax2,33,0.5294117647058824,0.6428571428571429
RTOE_ax2,34,0.5294117647058824,0.6428571428571429
RTOE_ax2,35,0.5294117647058824,0.6428571428571429
RTOE_ax2,36,0.5294117647058824,0.6428571428571429
RTOE_ax2,37,0.5294117647058824,0.6428571428571429
RTOE_ax2,38,0.5294117647058824,0.6428571428571429
RTOE_ax2,39,0.5294117647058824,0.6428571428571429
RTOE_ax2,40,0.5294117647058824,0.6428571428571429
RTOE_ax2,41,0.5294117647058824,0.5714285714285714
RTOE_ax2,42,0.5294117647058824,0.5714285714285714
RTOE_ax2,43,0.5294117647058824,0.5714285714285714
RTOE_ax2,44,0.5294117647058824,0.5714285714285714
RTOE_ax2,45,0.5294117647058824,0.5714285714285714
RTOE_ax2,46,0.5294117647058824,0.5
RTOE_ax2,47,0.5294117647058824,0.5714285714285714
RTOE_ax2,48,0.5294117647058824,0.6428571428571429
RTOE_ax2,49,0.5294117647058824,0.6428571428571429
RTOE_ax2,50,0.5294117647058824,0.7142857142857143
RTOE_ax2,51,0.5294117647058824,0.7142857142857143
RTOE_ax2,52,0.5294117647058824,0.7142857142857143
RTOE_ax2,53,0.5294117647058824,0.6428571428571429
RTOE_ax2,54,0.5882352941176471,0.6428571428571429
RTOE_ax2,55,0.5882352941176471,0.6428571428571429
RTOE_ax2,56,0.5882352941176471,0.6428571428571429
RTOE_ax2,57,0.5882352941176471,0.6428571428571429
RTOE_ax2,58,0.5882352941176471,0.6428571428571429
RTOE_ax2,59,0.5882352941176471,0.5714285714285714
RTOE_ax2,60,0.5882352941176471,0.5714285714285714
RTOE_ax2,61,0.5882352941176471,0.5714285714285714
RTOE_ax2,62,0.5882352941176471,0.5714285714285714
RTOE_ax2,63,0.5882352941176471,0.5714285714285714
RTOE_ax2,64,0.5882352941176471,0.5714285714285714
RTOE_ax2,65,0.5882352941176471,0.6428571428571429
RTOE_ax2,66,0.5882352941176471,0.6428571428571429
RTOE_ax2,67,0.5882352941176471,0.6428571428571429
RTOE_ax2,68,0.5882352941176471,0.6428571428571429
RTOE_ax2,69,0.5882352941176471,0.6428571428571429
RTOE_ax2,70,0.5294117647058824,0.6428571428571429
RTOE_ax2,71,0.5294117647058824,0.6428571428571429
RTOE_ax2,72,0.5294117647058824,0.6428571428571429
RTOE_ax2,73,0.5294117647058824,0.6428571428571429
RTOE_ax2,74,0.5294117647058824,0.6428571428571429
RTOE_ax2,75,0.5294117647058824,0.6428571428571429
RTOE_ax2,76,0.5294117647058824,0.6428571428571429
RTOE_ax2,77,0.5294117647058824,0.6428571428571429
RTOE_ax2,78,0.5294117647058824,0.6428571428571429
RTOE_ax2,79,0.5294117647058824,0.6428571428571429
RTOE_ax2,80,0.5294117647058824,0.6428571428571429
RTOE_ax2,81,0.5294117647058824,0.6428571428571429
RTOE_ax2,82,0.5294117647058824,0.6428571428571429
RTOE_ax2,83,0.5294117647058824,0.6428571428571429
RTOE_ax2,84,0.5882352941176471,0.6428571428571429
RTOE_ax2,85,0.5882352941176471,0.5714285714285714
RTOE_ax2,86,0.5882352941176471,0.5714285714285714
RTOE_ax2,87,0.5882352941176471,0.5714285714285714
RTOE_ax2,88,0.5882352941176471,0.5714285714285714
RTOE_ax2,89,0.5882352941176471,0.5714285714285714
RTOE_ax2,90,0.5882352941176471,0.5714285714285714
RTOE_ax2,91,0.5882352941176471,0.5714285714285714
RTOE_ax2,92,0.5882352941176471,0.5714285714285714
RTOE_ax2,93,0.5882352941176471,0.5714285714285714
RTOE_ax2,94,0.5882352941176471,0.5714285714285714
RTOE_ax2,95,0.5882352941176471,0.5714285714285714
RTOE_ax2,96,0.5882352941176471,0.5714285714285714
RTOE_ax2,97,0.5882352941176471,0.5714285714285714
RTOE_ax2,98,0.5882352941176471,0.5714285714285714
RTOE_ax2,99,0.5882352941176471,0.5714285714285714
RTOE_ax2,100,0.5882352941176471,0.5714285714285714
RTOE_ax3,0,0.6470588235294118,0.6428571428571429
RTOE_ax3,1,0.6470588235294118,0.6428571428571429
RTOE_ax3,2,0.6470588235294118,0.6428571428571429
RTOE_ax3,3,0.6470588235294118,0.6428571428571429
RTOE_ax3,4,0.6470588235294118,0.6428571428571429
RTOE_ax3,5,0.6470588235294118,0.6428571428571429
RTOE_ax3,6,0.6470588235294118,0.6428571428571429
RTOE_ax3,7,0.6470588235294118,0.5714285714285714
RTOE_ax3,8,0.7058823529411765,0.6428571428571429
RTOE_ax3,9,0.6470588235294118,0.6428571428571429
RTOE_ax3,10,0.5882352941176471,0.5714285714285714
RTOE_ax3,11,0.5294117647058824,0.5714285714285714
RTOE_ax3,12,0.5882352941176471,0.5714285714285714
RTOE_ax3,13,0.5882352941176471,0.5714285714285714
RTOE_ax3,14,0.5882352941176471,0.5714285714285714
RTOE_ax3,15,0.6470588235294118,0.5714285714285714
RTOE_ax3,16,0.5294117647058824,0.5
RTOE_ax3,17,0.5882352941176471,0.5714285714285714
RTOE_ax3,18,0.5294117647058824,0.5714285714285714
RTOE_ax3,19,0.5294117647058824,0.5
RTOE_ax3,20,0.5294117647058824,0.5
RTOE_ax3,21,0.6470588235294118,0.5
RTOE_ax3,22,0.5882352941176471,0.5
RTOE_ax3,23,0.5294117647058824,0.5
RTOE_ax3,24,0.5294117647058824,0.5
RTOE_ax3,25,0.5294117647058824,0.5
RTOE_ax3,26,0.5294117647058824,0.5
RTOE_ax3,27,0.5294117647058824,0.5
RTOE_ax3,28,0.5882352941176471,0.5
RTOE_ax3,29,0.6470588235294118,0.5
RTOE_ax3,30,0.5294117647058824,0.5
RTOE_ax3,31,0.5294117647058824,0.5
RTOE_ax3,32,0.5882352941176471,0.5714285714285714
RTOE_ax3,33,0.6470588235294118,0.6428571428571429
RTOE_ax3,34,0.6470588235294118,0.6428571428571429
RTOE_ax3,35,0.6470588235294118,0.6428571428571429
RTOE_ax3,36,0.6470588235294118,0.6428571428571429
RTOE_ax3,37,0.6470588235294118,0.6428571428571429
RTOE_ax3,38,0.6470588235294118,0.5
RTOE_ax3,39,0.5882352941176471,0.5
RTOE_ax3,40,0.5882352941176471,0.5714285714285714
RTOE_ax3,41,0.5882352941176471,0.6428571428571429
RTOE_ax3,42,0.6470588235294118,0.6428571428571429
RTOE_ax3,43,0.7058823529411765,0.6428571428571429
RTOE_ax3,44,0.6470588235294118,0.6428571428571429
RTOE_ax3,45,0.6470588235294118,0.7142857142857143
RTOE_ax3,46,0.6470588235294118,0.6428571428571429
RTOE_ax3,47,0.6470588235294118,0.6428571428571429
RTOE_ax3,48,0.6470588235294118,0.6428571428571429
RTOE_ax3,49,0.6470588235294118,0.6428571428571429
RTOE_ax3,50,0.6470588235294118,0.6428571428571429
RTOE_ax3,51,0.6470588235294118,0.6428571428571429
RTOE_ax3,52,0.6470588235294118,0.6428571428571429
RTOE_ax3,53,0.6470588235294118,0.6428571428571429
RTOE_ax3,54,0.5882352941176471,0.6428571428571429
RTOE_ax3,55,0.5882352941176471,0.5714285714285714
RTOE_ax3,56,0.5294117647058824,0.5
RTOE_ax3,57,0.5294117647058824,0.5714285714285714
RTOE_ax3,58,0.5294117647058824,0.5
RTOE_ax3,59,0.5294117647058824,0.5
RTOE_ax3,60,0.5294117647058824,0.5
RTOE_ax3,61,0.5882352941176471,0.5714285714285714
RTOE_ax3,62,0.5882352941176471,0.5714285714285714
RTOE_ax3,63,0.7058823529411765,0.6428571428571429
RTOE_ax3,64,0.7058823529411765,0.6428571428571429
RTOE_ax3,65,0.7058823529411765,0.5714285714285714
RTOE_ax3,66,0.5294117647058824,0.6428571428571429
RTOE_ax3,67,0.5882352941176471,0.5714285714285714
RTOE_ax3,68,0.5294117647058824,0.5714285714285714
RTOE_ax3,69,0.5882352941176471,0.7142857142857143
RTOE_ax3,70,0.5882352941176471,0.6428571428571429
RTOE_ax3,71,0.6470588235294118,0.5714285714285714
RTOE_ax3,72,0.5294117647058824,0.5714285714285714
RTOE_ax3,73,0.5294117647058824,0.5
RTOE_ax3,74,0.5294117647058824,0.5
RTOE_ax3,75,0.5294117647058824,0.5
RTOE_ax3,76,0.5294117647058824,0.5
RTOE_ax3,77,0.5294117647058824,0.5
RTOE_ax3,78,0.5294117647058824,0.5
RTOE_ax3,79,0.5294117647058824,0.5
RTOE_ax3,80,0.5294117647058824,0.5
RTOE_ax3,81,0.5294117647058824,0.5
RTOE_ax3,82,0.5882352941176471,0.5
RTOE_ax3,83,0.5882352941176471,0.5
RTOE_ax3,84,0.5882352941176471,0.5
RTOE_ax3,85,0.5294117647058824,0.5
RTOE_ax3,86,0.7058823529411765,0.5714285714285714
RTOE_ax3,87,0.7058823529411765,0.5714285714285714
RTOE_ax3,88,0.7058823529411765,0.6428571428571429
RTOE_ax3,89,0.5882352941176471,0.6428571428571429
RTOE_ax3,90,0.5294117647058824,0.5
RTOE_ax3,91,0.5882352941176471,0.5714285714285714
RTOE_ax3,92,0.5882352941176471,0.6428571428571429
RTOE_ax3,93,0.6470588235294118,0.6428571428571429
RTOE_ax3,94,0.6470588235294118,0.5
RTOE_ax3,95,0.5882352941176471,0.5714285714285714
RTOE_ax3,96,0.5294117647058824,0.5
RTOE_ax3,97,0.5882352941176471,0.5714285714285714
RTOE_ax3,98,0.6470588235294118,0.5714285714285714
RTOE_ax3,99,0.6470588235294118,0.5714285714285714
RTOE_ax3,100,0.6470588235294118,0.5714285714285714
LFootProgressAngles_ax1,0,0.6470588235294118,0.6428571428571429
LFootProgressAngles_ax1,1,0.6470588235294118,0.6428571428571429
LFootProgressAngles_ax1,2,0.6470588235294118,0.6428571428571429
LFootProgressAngles_ax1,3,0.6470588235294118,0.6428571428571429
LFootProgressAngles_ax1,4,0.6470588235294118,0.6428571428571429
LFootProgressAngles_ax1,5,0.6470588235294118,0.6428571428571429
LFootProgressAngles_ax1,6,0.6470588235294118,0.6428571428571429
LFootProgressAngles_ax1,7,0.6470588235294118,0.6428571428571429
LFootProgressAngles_ax1,8,0.6470588235294118,0.6428571428571429
LFootProgressAngles_ax1,9,0.6470588235294118,0.6428571428571429
LFootProgressAngles_ax1,10,0.6470588235294118,0.6428571428571429
LFootProgressAngles_ax1,11,0.6470588235294118,0.6428571428571429
LFootProgressAngles_ax1,12,0.6470588235294118,0.6428571428571429
LFootProgressAngles_ax1,13,0.6470588235294118,0.6428571428571429
LFootProgressAngles_ax1,14,0.6470588235294118,0.6428571428571429
LFootProgressAngles_ax1,15,0.6470588235294118,0.6428571428571429
LFootProgressAngles_ax1,16,0.6470588235294118,0.6428571428571429
LFootProgressAngles_ax1,17,0.6470588235294118,0.6428571428571429
LFootProgressAngles_ax1,18,0.6470588235294118,0.6428571428571429
LFootProgressAngles_ax1,19,0.6470588235294118,0.6428571428571429
LFootProgressAngles_ax1,20,0.6470588235294118,0.6428571428571429
LFootProgressAngles_ax1,21,0.6470588235294118,0.6428571428571429
LFootProgressAngles_ax1,22,0.6470588235294118,0.6428571428571429
LFootProgressAngles_ax1,23,0.6470588235294118,0.6428571428571429
LFootProgressAngles_ax1,24,0.6470588235294118,0.6428571428571429
LFootProgressAngles_ax1,25,0.6470588235294118,0.6428571428571429
LFootProgressAngles_ax1,26,0.6470588235294118,0.6428571428571429
LFootProgressAngles_ax1,27,0.6470588235294118,0.6428571428571429
LFootProgressAngles_ax1,28,0.6470588235294118,0.6428571428571429
LFootProgressAngles_ax1,29,0.6470588235294118,0.6428571428571429
LFootProgressAngles_ax1,30,0.6470588235294118,0.6428571428571429
LFootProgressAngles_ax1,31,0.6470588235294118,0.6428571428571429
LFootProgressAngles_ax1,32,0.5882352941176471,0.6428571428571429
LFootProgressAngles_ax1,33,0.5882352941176471,0.7142857142857143
LFootProgressAngles_ax1,34,0.5882352941176471,0.7142857142857143
LFootProgressAngles_ax1,35,0.5882352941176471,0.6428571428571429
LFootProgressAngles_ax1,36,0.5294117647058824,0.5714285714285714
LFootProgressAngles_ax1,37,0.5882352941176471,0.5714285714285714
LFootProgressAngles_ax1,38,0.6470588235294118,0.6428571428571429
LFootProgressAngles_ax1,39,0.5294117647058824,0.5
LFootProgressAngles_ax1,40,0.5294117647058824,0.5
LFootProgressAngles_ax1,41,0.7058823529411765,0.5714285714285714
LFootProgressAngles_ax1,42,0.7647058823529411,0.7142857142857143
LFootProgressAngles_ax1,43,0.5882352941176471,0.7857142857142857
LFootProgressAngles_ax1,44,0.6470588235294118,0.6428571428571429
LFootProgressAngles_ax1,45,0.6470588235294118,0.6428571428571429
LFootProgressAngles_ax1,46,0.6470588235294118,0.6428571428571429
LFootProgressAngles_ax1,47,0.6470588235294118,0.6428571428571429
LFootProgressAngles_ax1,48,0.6470588235294118,0.6428571428571429
LFootProgressAngles_ax1,49,0.6470588235294118,0.6428571428571429
LFootProgressAngles_ax1,50,0.6470588235294118,0.7142857142857143
LFootProgressAngles_ax1,51,0.6470588235294118,0.7142857142857143
LFootProgressAngles_ax1,52,0.6470588235294118,0.6428571428571429
LFootProgressAngles_ax1,53,0.6470588235294118,0.6428571428571429
LFootProgressAngles_ax1,54,0.6470588235294118,0.6428571428571429
LFootProgressAngles_ax1,55,0.6470588235294118,0.6428571428571429
LFootProgressAngles_ax1,56,0.6470588235294118,0.6428571428571429
LFootProgressAngles_ax1,57,0.6470588235294118,0.6428571428571429
LFootProgressAngles_ax1,58,0.6470588235294118,0.6428571428571429
LFootProgressAngles_ax1,59,0.6470588235294118,0.7142857142857143
LFootProgressAngles_ax1,60,0.6470588235294118,0.7142857142857143
LFootProgressAngles_ax1,61,0.6470588235294118,0.7142857142857143
LFootProgressAngles_ax1,62,0.6470588235294118,0.7142857142857143
LFootProgressAngles_ax1,63,0.6470588235294118,0.6428571428571429
LFootProgressAngles_ax1,64,0.6470588235294118,0.6428571428571429
LFootProgressAngles_ax1,65,0.6470588235294118,0.6428571428571429
LFootProgressAngles_ax1,66,0.6470588235294118,0.6428571428571429
LFootProgressAngles_ax1,67,0.6470588235294118,0.6428571428571429
LFootProgressAngles_ax1,68,0.6470588235294118,0.6428571428571429
LFootProgressAngles_ax1,69,0.6470588235294118,0.6428571428571429
LFootProgressAngles_ax1,70,0.6470588235294118,0.6428571428571429
LFootProgressAngles_ax1,71,0.6470588235294118,0.6428571428571429
LFootProgressAngles_ax1,72,0.6470588235294118,0.6428571428571429
LFootProgressAngles_ax1,73,0.6470588235294118,0.6428571428571429
LFootProgressAngles_ax1,74,0.6470588235294118,0.6428571428571429
LFootProgressAngles_ax1,75,0.6470588235294118,0.6428571428571429
LFootProgressAngles_ax1,76,0.6470588235294118,0.6428571428571429
LFootProgressAngles_ax1,77,0.6470588235294118,0.6428571428571429
LFootProgressAngles_ax1,78,0.6470588235294118,0.6428571428571429
LFootProgressAngles_ax1,79,0.6470588235294118,0.6428571428571429
LFootProgressAngles_ax1,80,0.6470588235294118,0.6428571428571429
LFootProgressAngles_ax1,81,0.6470588235294118,0.6428571428571429
LFootProgressAngles_ax1,82,0.6470588235294118,0.6428571428571429
LFootProgressAngles_ax1,83,0.6470588235294118,0.6428571428571429
LFootProgressAngles_ax1,84,0.6470588235294118,0.6428571428571429
LFootProgressAngles_ax1,85,0.7058823529411765,0.6428571428571429
LFootProgressAngles_ax1,86,0.7647058823529411,0.6428571428571429
LFootProgressAngles_ax1,87,0.7647058823529411,0.6428571428571429
LFootProgressAngles_ax1,88,0.7058823529411765,0.5714285714285714
LFootProgressAngles_ax1,89,0.5882352941176471,0.5714285714285714
LFootProgressAngles_ax1,90,0.6470588235294118,0.7142857142857143
LFootProgressAngles_ax1,91,0.5294117647058824,0.5
LFootProgressAngles_ax1,92,0.5882352941176471,0.6428571428571429
LFootProgressAngles_ax1,93,0.5882352941176471,0.7142857142857143
LFootProgressAngles_ax1,94,0.6470588235294118,0.5714285714285714
LFootProgressAngles_ax1,95,0.6470588235294118,0.5714285714285714
LFootProgressAngles_ax1,96,0.6470588235294118,0.6428571428571429
LFootProgressAngles_ax1,97,0.6470588235294118,0.6428571428571429
LFootProgressAngles_ax1,98,0.6470588235294118,0.6428571428571429
LFootProgressAngles_ax1,99,0.6470588235294118,0.6428571428571429
LFootProgressAngles_ax1,100,0.6470588235294118,0.6428571428571429
LFootProgressAngles_ax2,0,0.5882352941176471,0.7142857142857143
LFootProgressAngles_ax2,1,0.5882352941176471,0.7142857142857143
LFootProgressAngles_ax2,2,0.5882352941176471,0.7857142857142857
LFootProgressAngles_ax2,3,0.5882352941176471,0.7857142857142857
LFootProgressAngles_ax2,4,0.5294117647058824,0.7857142857142857
LFootProgressAngles_ax2,5,0.5294117647058824,0.7857142857142857
LFootProgressAngles_ax2,6,0.6470588235294118,0.6428571428571429
LFootProgressAngles_ax2,7,0.6470588235294118,0.6428571428571429
LFootProgressAngles_ax2,8,0.7058823529411765,0.7142857142857143
LFootProgressAngles_ax2,9,0.7058823529411765,0.7142857142857143
LFootProgressAngles_ax2,10,0.7647058823529411,0.6428571428571429
LFootProgressAngles_ax2,11,0.8235294117647058,0.6428571428571429
LFootProgressAngles_ax2,12,0.8235294117647058,0.7142857142857143
LFootProgressAngles_ax2,13,0.8235294117647058,0.7142857142857143
LFootProgressAngles_ax2,14,0.8235294117647058,0.7142857142857143
LFootProgressAngles_ax2,15,0.7647058823529411,0.7142857142857143
LFootProgressAngles_ax2,16,0.7647058823529411,0.7142857142857143
LFootProgressAngles_ax2,17,0.8235294117647058,0.7142857142857143
LFootProgressAngles_ax2,18,0.8823529411764706,0.7142857142857143
LFootProgressAngles_ax2,19,0.8823529411764706,0.8571428571428571
LFootProgressAngles_ax2,20,0.9411764705882353,0.8571428571428571
LFootProgressAngles_ax2,21,0.9411764705882353,0.8571428571428571
LFootProgressAngles_ax2,22,0.9411764705882353,0.8571428571428571
LFootProgressAngles_ax2,23,0.9411764705882353,0.8571428571428571
LFootProgressAngles_ax2,24,0.9411764705882353,0.8571428571428571
LFootProgressAngles_ax2,25,0.9411764705882353,0.8571428571428571
LFootProgressAngles_ax2,26,0.9411764705882353,0.8571428571428571
LFootProgressAngles_ax2,27,0.9411764705882353,0.8571428571428571
LFootProgressAngles_ax2,28,0.9411764705882353,0.7857142857142857
LFootProgressAngles_ax2,29,0.9411764705882353,0.7857142857142857
LFootProgressAngles_ax2,30,0.9411764705882353,0.7857142857142857
LFootProgressAngles_ax2,31,0.9411764705882353,0.7857142857142857
LFootProgressAngles_ax2,32,0.9411764705882353,0.7857142857142857
LFootProgressAngles_ax2,33,0.9411764705882353,0.7857142857142857
LFootProgressAngles_ax2,34,0.8823529411764706,0.7857142857142857
LFootProgressAngles_ax2,35,0.8823529411764706,0.7857142857142857
LFootProgressAngles_ax2,36,0.8823529411764706,0.7857142857142857
LFootProgressAngles_ax2,37,0.8823529411764706,0.8571428571428571
LFootProgressAngles_ax2,38,0.7647058823529411,0.8571428571428571
LFootProgressAngles_ax2,39,0.7647058823529411,0.8571428571428571
LFootProgressAngles_ax2,40,0.7647058823529411,0.8571428571428571
LFootProgressAngles_ax2,41,0.7647058823529411,0.7857142857142857
LFootProgressAngles_ax2,42,0.8235294117647058,0.7857142857142857
LFootProgressAngles_ax2,43,0.8235294117647058,0.7857142857142857
LFootProgressAngles_ax2,44,0.8235294117647058,0.7857142857142857
LFootProgressAngles_ax2,45,0.7058823529411765,0.7142857142857143
LFootProgressAngles_ax2,46,0.6470588235294118,0.7142857142857143
LFootProgressAngles_ax2,47,0.5882352941176471,0.7857142857142857
LFootProgressAngles_ax2,48,0.5882352941176471,0.7857142857142857
LFootProgressAngles_ax2,49,0.5882352941176471,0.7142857142857143
LFootProgressAngles_ax2,50,0.5294117647058824,0.7142857142857143
LFootProgressAngles_ax2,51,0.5294117647058824,0.8571428571428571
LFootProgressAngles_ax2,52,0.5294117647058824,0.8571428571428571
LFootProgressAngles_ax2,53,0.5882352941176471,0.7857142857142857
LFootProgressAngles_ax2,54,0.5882352941176471,0.7857142857142857
LFootProgressAngles_ax2,55,0.7058823529411765,0.8571428571428571
LFootProgressAngles_ax2,56,0.7058823529411765,0.6428571428571429
LFootProgressAngles_ax2,57,0.7058823529411765,0.7857142857142857
LFootProgressAngles_ax2,58,0.6470588235294118,0.7857142857142857
LFootProgressAngles_ax2,59,0.6470588235294118,0.5714285714285714
LFootProgressAngles_ax2,60,0.6470588235294118,0.6428571428571429
LFootProgressAngles_ax2,61,0.6470588235294118,0.6428571428571429
LFootProgressAngles_ax2,62,0.7058823529411765,0.6428571428571429
LFootProgressAngles_ax2,63,0.6470588235294118,0.5714285714285714
LFootProgressAngles_ax2,64,0.5882352941176471,0.5714285714285714
LFootProgressAngles_ax2,65,0.6470588235294118,0.5714285714285714
LFootProgressAngles_ax2,66,0.7058823529411765,0.5714285714285714
LFootProgressAngles_ax2,67,0.6470588235294118,0.5714285714285714
LFootProgressAngles_ax2,68,0.7058823529411765,0.6428571428571429
LFootProgressAngles_ax2,69,0.7058823529411765,0.6428571428571429
LFootProgressAngles_ax2,70,0.7058823529411765,0.5714285714285714
LFootProgressAngles_ax2,71,0.7058823529411765,0.5714285714285714
LFootProgressAngles_ax2,72,0.7058823529411765,0.5714285714285714
LFootProgressAngles_ax2,73,0.7647058823529411,0.5714285714285714
LFootProgressAngles_ax2,74,0.7647058823529411,0.5714285714285714
LFootProgressAngles_ax2,75,0.7647058823529411,0.6428571428571429
LFootProgressAngles_ax2,76,0.7647058823529411,0.7142857142857143
LFootProgressAngles_ax2,77,0.7058823529411765,0.7142857142857143
LFootProgressAngles_ax2,78,0.7058823529411765,0.7857142857142857
LFootProgressAngles_ax2,79,0.7058823529411765,0.7857142857142857
LFootProgressAngles_ax2,80,0.7647058823529411,0.7857142857142857
LFootProgressAngles_ax2,81,0.7647058823529411,0.7857142857142857
LFootProgressAngles_ax2,82,0.7647058823529411,0.7857142857142857
LFootProgressAngles_ax2,83,0.7647058823529411,0.7142857142857143
LFootProgressAngles_ax2,84,0.8235294117647058,0.6428571428571429
LFootProgressAngles_ax2,85,0.8235294117647058,0.6428571428571429
LFootProgressAngles_ax2,86,0.8823529411764706,0.7142857142857143
LFootProgressAngles_ax2,87,0.8823529411764706,0.7142857142857143
LFootProgressAngles_ax2,88,0.8235294117647058,0.7857142857142857
LFootProgressAngles_ax2,89,0.8235294117647058,0.7857142857142857
LFootProgressAngles_ax2,90,0.8235294117647058,0.7857142857142857
LFootProgressAngles_ax2,91,0.7058823529411765,0.7857142857142857
LFootProgressAngles_ax2,92,0.6470588235294118,0.7857142857142857
LFootProgressAngles_ax2,93,0.5882352941176471,0.7857142857142857
LFootProgressAngles_ax2,94,0.5882352941176471,0.7857142857142857
LFootProgressAngles_ax2,95,0.5294117647058824,0.7142857142857143
LFootProgressAngles_ax2,96,0.5294117647058824,0.5
LFootProgressAngles_ax2,97,0.5294117647058824,0.5
LFootProgressAngles_ax2,98,0.5294117647058824,0.5
LFootProgressAngles_ax2,99,0.5294117647058824,0.6428571428571429
LFootProgressAngles_ax2,100,0.5294117647058824,0.7857142857142857
LFootProgressAngles_ax3,0,0.6470588235294118,0.5714285714285714
LFootProgressAngles_ax3,1,0.5882352941176471,0.5
LFootProgressAngles_ax3,2,0.5294117647058824,0.5
LFootProgressAngles_ax3,3,0.5294117647058824,0.5
LFootProgressAngles_ax3,4,0.5882352941176471,0.5714285714285714
LFootProgressAngles_ax3,5,0.5882352941176471,0.5714285714285714
LFootProgressAngles_ax3,6,0.5294117647058824,0.5
LFootProgressAngles_ax3,7,0.5294117647058824,0.5
LFootProgressAngles_ax3,8,0.5294117647058824,0.5714285714285714
LFootProgressAngles_ax3,9,0.5882352941176471,0.5
LFootProgressAngles_ax3,10,0.5882352941176471,0.5
LFootProgressAngles_ax3,11,0.5882352941176471,0.5
LFootProgressAngles_ax3,12,0.5294117647058824,0.5
LFootProgressAngles_ax3,13,0.5882352941176471,0.5
LFootProgressAngles_ax3,14,0.5882352941176471,0.5714285714285714
LFootProgressAngles_ax3,15,0.5294117647058824,0.5714285714285714
LFootProgressAngles_ax3,16,0.5294117647058824,0.5
LFootProgressAngles_ax3,17,0.5294117647058824,0.5
LFootProgressAngles_ax3,18,0.5882352941176471,0.5714285714285714
LFootProgressAngles_ax3,19,0.5882352941176471,0.5714285714285714
LFootProgressAngles_ax3,20,0.5882352941176471,0.6428571428571429
LFootProgressAngles_ax3,21,0.5882352941176471,0.5
LFootProgressAngles_ax3,22,0.5882352941176471,0.5
LFootProgressAngles_ax3,23,0.5882352941176471,0.5
LFootProgressAngles_ax3,24,0.5294117647058824,0.5
LFootProgressAngles_ax3,25,0.5294117647058824,0.5714285714285714
LFootProgressAngles_ax3,26,0.5294117647058824,0.5
LFootProgressAngles_ax3,27,0.5294117647058824,0.5
LFootProgressAngles_ax3,28,0.5294117647058824,0.5
LFootProgressAngles_ax3,29,0.5294117647058824,0.5
LFootProgressAngles_ax3,30,0.5294117647058824,0.5714285714285714
LFootProgressAngles_ax3,31,0.5294117647058824,0.5714285714285714
LFootProgressAngles_ax3,32,0.5294117647058824,0.5714285714285714
LFootProgressAngles_ax3,33,0.5294117647058824,0.5714285714285714
LFootProgressAngles_ax3,34,0.5294117647058824,0.5714285714285714
LFootProgressAngles_ax3,35,0.5882352941176471,0.6428571428571429
LFootProgressAngles_ax3,36,0.5882352941176471,0.5714285714285714
LFootProgressAngles_ax3,37,0.5882352941176471,0.6428571428571429
LFootProgressAngles_ax3,38,0.6470588235294118,0.6428571428571429
LFootProgressAngles_ax3,39,0.7058823529411765,0.6428571428571429
LFootProgressAngles_ax3,40,0.6470588235294118,0.5714285714285714
LFootProgressAngles_ax3,41,0.7058823529411765,0.5
LFootProgressAngles_ax3,42,0.7058823529411765,0.5
LFootProgressAngles_ax3,43,0.7058823529411765,0.5
LFootProgressAngles_ax3,44,0.6470588235294118,0.5
LFootProgressAngles_ax3,45,0.5294117647058824,0.5
LFootProgressAngles_ax3,46,0.5294117647058824,0.5
LFootProgressAngles_ax3,47,0.5294117647058824,0.5
LFootProgressAngles_ax3,48,0.7058823529411765,0.5714285714285714
LFootProgressAngles_ax3,49,0.7058823529411765,0.5714285714285714
LFootProgressAngles_ax3,50,0.6470588235294118,0.5714285714285714
LFootProgressAngles_ax3,51,0.6470588235294118,0.5714285714285714
LFootProgressAngles_ax3,52,0.5882352941176471,0.5
LFootProgressAngles_ax3,53,0.5882352941176471,0.5714285714285714
LFootProgressAngles_ax3,54,0.5294117647058824,0.5
LFootProgressAngles_ax3,55,0.5294117647058824,0.5
LFootProgressAngles_ax3,56,0.5294117647058824,0.5
LFootProgressAngles_ax3,57,0.5882352941176471,0.5
LFootProgressAngles_ax3,58,0.5882352941176471,0.5
LFootProgressAngles_ax3,59,0.5882352941176471,0.5
LFootProgressAngles_ax3,60,0.5882352941176471,0.5714285714285714
LFootProgressAngles_ax3,61,0.5294117647058824,0.6428571428571429
LFootProgressAngles_ax3,62,0.5294117647058824,0.5714285714285714
LFootProgressAngles_ax3,63,0.5294117647058824,0.6428571428571429
LFootProgressAngles_ax3,64,0.5294117647058824,0.6428571428571429
LFootProgressAngles_ax3,65,0.5294117647058824,0.6428571428571429
LFootProgressAngles_ax3,66,0.5294117647058824,0.6428571428571429
LFootProgressAngles_ax3,67,0.5882352941176471,0.6428571428571429
LFootProgressAngles_ax3,68,0.5882352941176471,0.5714285714285714
LFootProgressAngles_ax3,69,0.5882352941176471,0.5714285714285714
LFootProgressAngles_ax3,70,0.5882352941176471,0.5714285714285714
LFootProgressAngles_ax3,71,0.5882352941176471,0.5
LFootProgressAngles_ax3,72,0.5882352941176471,0.5
LFootProgressAngles_ax3,73,0.5294117647058824,0.5
LFootProgressAngles_ax3,74,0.5294117647058824,0.5
LFootProgressAngles_ax3,75,0.5882352941176471,0.5
LFootProgressAngles_ax3,76,0.5294117647058824,0.5
LFootProgressAngles_ax3,77,0.5294117647058824,0.5
LFootProgressAngles_ax3,78,0.5294117647058824,0.5714285714285714
LFootProgressAngles_ax3,79,0.5294117647058824,0.5714285714285714
LFootProgressAngles_ax3,80,0.5294117647058824,0.6428571428571429
LFootProgressAngles_ax3,81,0.5294117647058824,0.6428571428571429
LFootProgressAngles_ax3,82,0.5294117647058824,0.5714285714285714
LFootProgressAngles_ax3,83,0.5882352941176471,0.5714285714285714
LFootProgressAngles_ax3,84,0.5882352941176471,0.5714285714285714
LFootProgressAngles_ax3,85,0.6470588235294118,0.6428571428571429
LFootProgressAngles_ax3,86,0.6470588235294118,0.5714285714285714
LFootProgressAngles_ax3,87,0.6470588235294118,0.5714285714285714
LFootProgressAngles_ax3,88,0.6470588235294118,0.5714285714285714
LFootProgressAngles_ax3,89,0.5882352941176471,0.5714285714285714
LFootProgressAngles_ax3,90,0.5882352941176471,0.5
LFootProgressAngles_ax3,91,0.6470588235294118,0.5714285714285714
LFootProgressAngles_ax3,92,0.5882352941176471,0.5714285714285714
LFootProgressAngles_ax3,93,0.5882352941176471,0.5
LFootProgressAngles_ax3,94,0.5882352941176471,0.5
LFootProgressAngles_ax3,95,0.5294117647058824,0.5
LFootProgressAngles_ax3,96,0.5294117647058824,0.5
LFootProgressAngles_ax3,97,0.5294117647058824,0.5
LFootProgressAngles_ax3,98,0.5294117647058824,0.5
LFootProgressAngles_ax3,99,0.5294117647058824,0.5
LFootProgressAngles_ax3,100,0.6470588235294118,0.5
RFootProgressAngles_ax1,0,0.6470588235294118,0.6428571428571429
RFootProgressAngles_ax1,1,0.6470588235294118,0.6428571428571429
RFootProgressAngles_ax1,2,0.6470588235294118,0.6428571428571429
RFootProgressAngles_ax1,3,0.6470588235294118,0.6428571428571429
RFootProgressAngles_ax1,4,0.6470588235294118,0.6428571428571429
RFootProgressAngles_ax1,5,0.6470588235294118,0.6428571428571429
RFootProgressAngles_ax1,6,0.6470588235294118,0.6428571428571429
RFootProgressAngles_ax1,7,0.6470588235294118,0.7142857142857143
RFootProgressAngles_ax1,8,0.6470588235294118,0.7142857142857143
RFootProgressAngles_ax1,9,0.6470588235294118,0.7142857142857143
RFootProgressAngles_ax1,10,0.6470588235294118,0.7142857142857143
RFootProgressAngles_ax1,11,0.6470588235294118,0.7857142857142857
RFootProgressAngles_ax1,12,0.6470588235294118,0.7857142857142857
RFootProgressAngles_ax1,13,0.6470588235294118,0.7142857142857143
RFootProgressAngles_ax1,14,0.6470588235294118,0.7142857142857143
RFootProgressAngles_ax1,15,0.6470588235294118,0.7142857142857143
RFootProgressAngles_ax1,16,0.6470588235294118,0.6428571428571429
RFootProgressAngles_ax1,17,0.6470588235294118,0.6428571428571429
RFootProgressAngles_ax1,18,0.6470588235294118,0.6428571428571429
RFootProgressAngles_ax1,19,0.6470588235294118,0.6428571428571429
RFootProgressAngles_ax1,20,0.6470588235294118,0.6428571428571429
RFootProgressAngles_ax1,21,0.6470588235294118,0.6428571428571429
RFootProgressAngles_ax1,22,0.6470588235294118,0.7142857142857143
RFootProgressAngles_ax1,23,0.6470588235294118,0.7142857142857143
RFootProgressAngles_ax1,24,0.6470588235294118,0.7142857142857143
RFootProgressAngles_ax1,25,0.6470588235294118,0.7142857142857143
RFootProgressAngles_ax1,26,0.6470588235294118,0.7142857142857143
RFootProgressAngles_ax1,27,0.6470588235294118,0.7142857142857143
RFootProgressAngles_ax1,28,0.6470588235294118,0.7142857142857143
RFootProgressAngles_ax1,29,0.6470588235294118,0.7142857142857143
RFootProgressAngles_ax1,30,0.6470588235294118,0.7142857142857143
RFootProgressAngles_ax1,31,0.6470588235294118,0.7142857142857143
RFootProgressAngles_ax1,32,0.6470588235294118,0.7142857142857143
RFootProgressAngles_ax1,33,0.6470588235294118,0.7142857142857143
RFootProgressAngles_ax1,34,0.5882352941176471,0.7142857142857143
RFootProgressAngles_ax1,35,0.5882352941176471,0.6428571428571429
RFootProgressAngles_ax1,36,0.5882352941176471,0.5714285714285714
RFootProgressAngles_ax1,37,0.7058823529411765,0.6428571428571429
RFootProgressAngles_ax1,38,0.7058823529411765,0.7142857142857143
RFootProgressAngles_ax1,39,0.6470588235294118,0.7857142857142857
RFootProgressAngles_ax1,40,0.5882352941176471,0.5714285714285714
RFootProgressAngles_ax1,41,0.6470588235294118,0.7857142857142857
RFootProgressAngles_ax1,42,0.5294117647058824,0.5714285714285714
RFootProgressAngles_ax1,43,0.6470588235294118,0.5714285714285714
RFootProgressAngles_ax1,44,0.6470588235294118,0.7142857142857143
RFootProgressAngles_ax1,45,0.6470588235294118,0.7142857142857143
RFootProgressAngles_ax1,46,0.6470588235294118,0.7142857142857143
RFootProgressAngles_ax1,47,0.6470588235294118,0.7142857142857143
RFootProgressAngles_ax1,48,0.6470588235294118,0.7142857142857143
RFootProgressAngles_ax1,49,0.6470588235294118,0.7142857142857143
RFootProgressAngles_ax1,50,0.6470588235294118,0.6428571428571429
RFootProgressAngles_ax1,51,0.6470588235294118,0.6428571428571429
RFootProgressAngles_ax1,52,0.6470588235294118,0.6428571428571429
RFootProgressAngles_ax1,53,0.6470588235294118,0.6428571428571429
RFootProgressAngles_ax1,54,0.6470588235294118,0.6428571428571429
RFootProgressAngles_ax1,55,0.6470588235294118,0.6428571428571429
RFootProgressAngles_ax1,56,0.6470588235294118,0.6428571428571429
RFootProgressAngles_ax1,57,0.6470588235294118,0.6428571428571429
RFootProgressAngles_ax1,58,0.6470588235294118,0.6428571428571429
RFootProgressAngles_ax1,59,0.6470588235294118,0.6428571428571429
RFootProgressAngles_ax1,60,0.6470588235294118,0.6428571428571429
RFootProgressAngles_ax1,61,0.6470588235294118,0.6428571428571429
RFootProgressAngles_ax1,62,0.6470588235294118,0.6428571428571429
RFootProgressAngles_ax1,63,0.6470588235294118,0.6428571428571429
RFootProgressAngles_ax1,64,0.6470588235294118,0.6428571428571429
RFootProgressAngles_ax1,65,0.6470588235294118,0.6428571428571429
RFootProgressAngles_ax1,66,0.6470588235294118,0.6428571428571429
RFootProgressAngles_ax1,67,0.6470588235294118,0.6428571428571429
RFootProgressAngles_ax1,68,0.6470588235294118,0.6428571428571429
RFootProgressAngles_ax1,69,0.6470588235294118,0.6428571428571429
RFootProgressAngles_ax1,70,0.6470588235294118,0.6428571428571429
RFootProgressAngles_ax1,71,0.6470588235294118,0.6428571428571429
RFootProgressAngles_ax1,72,0.6470588235294118,0.6428571428571429
RFootProgressAngles_ax1,73,0.6470588235294118,0.6428571428571429
RFootProgressAngles_ax1,74,0.6470588235294118,0.6428571428571429
RFootProgressAngles_ax1,75,0.6470588235294118,0.6428571428571429
RFootProgressAngles_ax1,76,0.6470588235294118,0.6428571428571429
RFootProgressAngles_ax1,77,0.6470588235294118,0.6428571428571429
RFootProgressAngles_ax1,78,0.6470588235294118,0.6428571428571429
RFootProgressAngles_ax1,79,0.6470588235294118,0.6428571428571429
RFootProgressAngles_ax1,80,0.6470588235294118,0.6428571428571429
RFootProgressAngles_ax1,81,0.6470588235294118,0.6428571428571429
RFootProgressAngles_ax1,82,0.6470588235294118,0.6428571428571429
RFootProgressAngles_ax1,83,0.6470588235294118,0.6428571428571429
RFootProgressAngles_ax1,84,0.6470588235294118,0.6428571428571429
RFootProgressAngles_ax1,85,0.6470588235294118,0.6428571428571429
RFootProgressAngles_ax1,86,0.6470588235294118,0.7142857142857143
RFootProgressAngles_ax1,87,0.6470588235294118,0.6428571428571429
RFootProgressAngles_ax1,88,0.5294117647058824,0.5
RFootProgressAngles_ax1,89,0.6470588235294118,0.5714285714285714
RFootProgressAngles_ax1,90,0.6470588235294118,0.7142857142857143
RFootProgressAngles_ax1,91,0.6470588235294118,0.5
RFootProgressAngles_ax1,92,0.7058823529411765,0.7142857142857143
RFootProgressAngles_ax1,93,0.6470588235294118,0.6428571428571429
RFootProgressAngles_ax1,94,0.5882352941176471,0.6428571428571429
RFootProgressAngles_ax1,95,0.5882352941176471,0.6428571428571429
RFootProgressAngles_ax1,96,0.5882352941176471,0.7142857142857143
RFootProgressAngles_ax1,97,0.6470588235294118,0.7142857142857143
RFootProgressAngles_ax1,98,0.6470588235294118,0.7142857142857143
RFootProgressAngles_ax1,99,0.6470588235294118,0.7142857142857143
RFootProgressAngles_ax1,100,0.6470588235294118,0.7142857142857143
RFootProgressAngles_ax2,0,0.6470588235294118,0.6428571428571429
RFootProgressAngles_ax2,1,0.6470588235294118,0.7857142857142857
RFootProgressAngles_ax2,2,0.6470588235294118,0.7142857142857143
RFootProgressAngles_ax2,3,0.6470588235294118,0.7142857142857143
RFootProgressAngles_ax2,4,0.6470588235294118,0.7857142857142857
RFootProgressAngles_ax2,5,0.6470588235294118,0.7142857142857143
RFootProgressAngles_ax2,6,0.6470588235294118,0.6428571428571429
RFootProgressAngles_ax2,7,0.5882352941176471,0.6428571428571429
RFootProgressAngles_ax2,8,0.5294117647058824,0.5
RFootProgressAngles_ax2,9,0.5882352941176471,0.5714285714285714
RFootProgressAngles_ax2,10,0.5882352941176471,0.5
RFootProgressAngles_ax2,11,0.7058823529411765,0.7857142857142857
RFootProgressAngles_ax2,12,0.8235294117647058,0.8571428571428571
RFootProgressAngles_ax2,13,0.7058823529411765,0.8571428571428571
RFootProgressAngles_ax2,14,0.7647058823529411,0.8571428571428571
RFootProgressAngles_ax2,15,0.7647058823529411,0.8571428571428571
RFootProgressAngles_ax2,16,0.7058823529411765,0.7857142857142857
RFootProgressAngles_ax2,17,0.7058823529411765,0.5714285714285714
RFootProgressAngles_ax2,18,0.6470588235294118,0.5714285714285714
RFootProgressAngles_ax2,19,0.5882352941176471,0.5714285714285714
RFootProgressAngles_ax2,20,0.5882352941176471,0.5714285714285714
RFootProgressAngles_ax2,21,0.6470588235294118,0.5714285714285714
RFootProgressAngles_ax2,22,0.5294117647058824,0.5714285714285714
RFootProgressAngles_ax2,23,0.5294117647058824,0.5714285714285714
RFootProgressAngles_ax2,24,0.5882352941176471,0.5714285714285714
RFootProgressAngles_ax2,25,0.5882352941176471,0.5714285714285714
RFootProgressAngles_ax2,26,0.5294117647058824,0.5714285714285714
RFootProgressAngles_ax2,27,0.5882352941176471,0.5714285714285714
RFootProgressAngles_ax2,28,0.6470588235294118,0.5714285714285714
RFootProgressAngles_ax2,29,0.6470588235294118,0.6428571428571429
RFootProgressAngles_ax2,30,0.6470588235294118,0.5714285714285714
RFootProgressAngles_ax2,31,0.6470588235294118,0.6428571428571429
RFootProgressAngles_ax2,32,0.5882352941176471,0.6428571428571429
RFootProgressAngles_ax2,33,0.5882352941176471,0.6428571428571429
RFootProgressAngles_ax2,34,0.5882352941176471,0.5714285714285714
RFootProgressAngles_ax2,35,0.5294117647058824,0.5714285714285714
RFootProgressAngles_ax2,36,0.5882352941176471,0.5714285714285714
RFootProgressAngles_ax2,37,0.6470588235294118,0.7142857142857143
RFootProgressAngles_ax2,38,0.6470588235294118,0.7142857142857143
RFootProgressAngles_ax2,39,0.6470588235294118,0.7142857142857143
RFootProgressAngles_ax2,40,0.6470588235294118,0.6428571428571429
RFootProgressAngles_ax2,41,0.6470588235294118,0.7142857142857143
RFootProgressAngles_ax2,42,0.6470588235294118,0.8571428571428571
RFootProgressAngles_ax2,43,0.6470588235294118,0.7857142857142857
RFootProgressAngles_ax2,44,0.7058823529411765,0.7857142857142857
RFootProgressAngles_ax2,45,0.7058823529411765,0.7857142857142857
RFootProgressAngles_ax2,46,0.7058823529411765,0.7857142857142857
RFootProgressAngles_ax2,47,0.7058823529411765,0.7857142857142857
RFootProgressAngles_ax2,48,0.7058823529411765,0.7857142857142857
RFootProgressAngles_ax2,49,0.6470588235294118,0.7857142857142857
RFootProgressAngles_ax2,50,0.6470588235294118,0.7857142857142857
RFootProgressAngles_ax2,51,0.6470588235294118,0.7857142857142857
RFootProgressAngles_ax2,52,0.6470588235294118,0.7857142857142857
RFootProgressAngles_ax2,53,0.6470588235294118,0.7857142857142857
RFootProgressAngles_ax2,54,0.5882352941176471,0.7142857142857143
RFootProgressAngles_ax2,55,0.5882352941176471,0.6428571428571429
RFootProgressAngles_ax2,56,0.5294117647058824,0.5714285714285714
RFootProgressAngles_ax2,57,0.5294117647058824,0.5
RFootProgressAngles_ax2,58,0.5294117647058824,0.5714285714285714
RFootProgressAngles_ax2,59,0.6470588235294118,0.5714285714285714
RFootProgressAngles_ax2,60,0.7058823529411765,0.6428571428571429
RFootProgressAngles_ax2,61,0.7647058823529411,0.6428571428571429
RFootProgressAngles_ax2,62,0.7647058823529411,0.5714285714285714
RFootProgressAngles_ax2,63,0.6470588235294118,0.7142857142857143
RFootProgressAngles_ax2,64,0.6470588235294118,0.7142857142857143
RFootProgressAngles_ax2,65,0.6470588235294118,0.7142857142857143
RFootProgressAngles_ax2,66,0.5294117647058824,0.7142857142857143
RFootProgressAngles_ax2,67,0.5294117647058824,0.5
RFootProgressAngles_ax2,68,0.5294117647058824,0.5714285714285714
RFootProgressAngles_ax2,69,0.5882352941176471,0.5714285714285714
RFootProgressAngles_ax2,70,0.5294117647058824,0.5714285714285714
RFootProgressAngles_ax2,71,0.5294117647058824,0.5714285714285714
RFootProgressAngles_ax2,72,0.5882352941176471,0.7142857142857143
RFootProgressAngles_ax2,73,0.5294117647058824,0.7142857142857143
RFootProgressAngles_ax2,74,0.5294117647058824,0.6428571428571429
RFootProgressAngles_ax2,75,0.5294117647058824,0.5
RFootProgressAngles_ax2,76,0.5882352941176471,0.5714285714285714
RFootProgressAngles_ax2,77,0.6470588235294118,0.6428571428571429
RFootProgressAngles_ax2,78,0.5882352941176471,0.5714285714285714
RFootProgressAngles_ax2,79,0.5294117647058824,0.5
RFootProgressAngles_ax2,80,0.5294117647058824,0.5
RFootProgressAngles_ax2,81,0.5294117647058824,0.6428571428571429
RFootProgressAngles_ax2,82,0.5882352941176471,0.6428571428571429
RFootProgressAngles_ax2,83,0.5882352941176471,0.5714285714285714
RFootProgressAngles_ax2,84,0.6470588235294118,0.5714285714285714
RFootProgressAngles_ax2,85,0.7647058823529411,0.7142857142857143
RFootProgressAngles_ax2,86,0.7058823529411765,0.7142857142857143
RFootProgressAngles_ax2,87,0.6470588235294118,0.7857142857142857
RFootProgressAngles_ax2,88,0.7058823529411765,0.7142857142857143
RFootProgressAngles_ax2,89,0.6470588235294118,0.7142857142857143
RFootProgressAngles_ax2,90,0.6470588235294118,0.6428571428571429
RFootProgressAngles_ax2,91,0.6470588235294118,0.7142857142857143
RFootProgressAngles_ax2,92,0.6470588235294118,0.6428571428571429
RFootProgressAngles_ax2,93,0.6470588235294118,0.6428571428571429
RFootProgressAngles_ax2,94,0.7058823529411765,0.6428571428571429
RFootProgressAngles_ax2,95,0.7058823529411765,0.6428571428571429
RFootProgressAngles_ax2,96,0.7058823529411765,0.6428571428571429
RFootProgressAngles_ax2,97,0.7058823529411765,0.6428571428571429
RFootProgressAngles_ax2,98,0.7058823529411765,0.6428571428571429
RFootProgressAngles_ax2,99,0.6470588235294118,0.6428571428571429
RFootProgressAngles_ax2,100,0.7058823529411765,0.7142857142857143
RFootProgressAngles_ax3,0,0.5294117647058824,0.5
RFootProgressAngles_ax3,1,0.5294117647058824,0.5714285714285714
RFootProgressAngles_ax3,2,0.5294117647058824,0.5714285714285714
RFootProgressAngles_ax3,3,0.5294117647058824,0.5714285714285714
RFootProgressAngles_ax3,4,0.5294117647058824,0.5714285714285714
RFootProgressAngles_ax3,5,0.5294117647058824,0.5
RFootProgressAngles_ax3,6,0.5882352941176471,0.5
RFootProgressAngles_ax3,7,0.5882352941176471,0.5
RFootProgressAngles_ax3,8,0.5882352941176471,0.5
RFootProgressAngles_ax3,9,0.5294117647058824,0.5
RFootProgressAngles_ax3,10,0.5294117647058824,0.5
RFootProgressAngles_ax3,11,0.5294117647058824,0.6428571428571429
RFootProgressAngles_ax3,12,0.5294117647058824,0.6428571428571429
RFootProgressAngles_ax3,13,0.5294117647058824,0.6428571428571429
RFootProgressAngles_ax3,14,0.5294117647058824,0.6428571428571429
RFootProgressAngles_ax3,15,0.5294117647058824,0.6428571428571429
RFootProgressAngles_ax3,16,0.5294117647058824,0.6428571428571429
RFootProgressAngles_ax3,17,0.5882352941176471,0.7142857142857143
RFootProgressAngles_ax3,18,0.5294117647058824,0.5
RFootProgressAngles_ax3,19,0.5882352941176471,0.5
RFootProgressAngles_ax3,20,0.6470588235294118,0.5
RFootProgressAngles_ax3,21,0.6470588235294118,0.5
RFootProgressAngles_ax3,22,0.5882352941176471,0.5
RFootProgressAngles_ax3,23,0.5294117647058824,0.5
RFootProgressAngles_ax3,24,0.5294117647058824,0.5
RFootProgressAngles_ax3,25,0.5294117647058824,0.5
RFootProgressAngles_ax3,26,0.5294117647058824,0.5714285714285714
RFootProgressAngles_ax3,27,0.5294117647058824,0.5
RFootProgressAngles_ax3,28,0.5294117647058824,0.5
RFootProgressAngles_ax3,29,0.5294117647058824,0.5
RFootProgressAngles_ax3,30,0.5294117647058824,0.5
RFootProgressAngles_ax3,31,0.5294117647058824,0.6428571428571429
RFootProgressAngles_ax3,32,0.5294117647058824,0.6428571428571429
RFootProgressAngles_ax3,33,0.5294117647058824,0.6428571428571429
RFootProgressAngles_ax3,34,0.5294117647058824,0.5714285714285714
RFootProgressAngles_ax3,35,0.5294117647058824,0.6428571428571429
RFootProgressAngles_ax3,36,0.5882352941176471,0.6428571428571429
RFootProgressAngles_ax3,37,0.5882352941176471,0.7142857142857143
RFootProgressAngles_ax3,38,0.5882352941176471,0.7142857142857143
RFootProgressAngles_ax3,39,0.5882352941176471,0.7142857142857143
RFootProgressAngles_ax3,40,0.5882352941176471,0.7142857142857143
RFootProgressAngles_ax3,41,0.6470588235294118,0.7142857142857143
RFootProgressAngles_ax3,42,0.6470588235294118,0.7142857142857143
RFootProgressAngles_ax3,43,0.6470588235294118,0.7142857142857143
RFootProgressAngles_ax3,44,0.6470588235294118,0.7142857142857143
RFootProgressAngles_ax3,45,0.5882352941176471,0.7142857142857143
RFootProgressAngles_ax3,46,0.5294117647058824,0.7142857142857143
RFootProgressAngles_ax3,47,0.5294117647058824,0.5714285714285714
RFootProgressAngles_ax3,48,0.5294117647058824,0.5714285714285714
RFootProgressAngles_ax3,49,0.5294117647058824,0.5
RFootProgressAngles_ax3,50,0.5294117647058824,0.5714285714285714
RFootProgressAngles_ax3,51,0.5882352941176471,0.5714285714285714
RFootProgressAngles_ax3,52,0.5882352941176471,0.5714285714285714
RFootProgressAngles_ax3,53,0.5882352941176471,0.5714285714285714
RFootProgressAngles_ax3,54,0.5294117647058824,0.5714285714285714
RFootProgressAngles_ax3,55,0.5294117647058824,0.5714285714285714
RFootProgressAngles_ax3,56,0.5294117647058824,0.5
RFootProgressAngles_ax3,57,0.5294117647058824,0.5
RFootProgressAngles_ax3,58,0.5294117647058824,0.5
RFootProgressAngles_ax3,59,0.5294117647058824,0.5
RFootProgressAngles_ax3,60,0.5294117647058824,0.5
RFootProgressAngles_ax3,61,0.5294117647058824,0.5714285714285714
RFootProgressAngles_ax3,62,0.5294117647058824,0.5714285714285714
RFootProgressAngles_ax3,63,0.5294117647058824,0.5714285714285714
RFootProgressAngles_ax3,64,0.5294117647058824,0.6428571428571429
RFootProgressAngles_ax3,65,0.5294117647058824,0.5714285714285714
RFootProgressAngles_ax3,66,0.5294117647058824,0.5
RFootProgressAngles_ax3,67,0.5294117647058824,0.5714285714285714
RFootProgressAngles_ax3,68,0.5294117647058824,0.5714285714285714
RFootProgressAngles_ax3,69,0.5294117647058824,0.5714285714285714
RFootProgressAngles_ax3,70,0.5294117647058824,0.5714285714285714
RFootProgressAngles_ax3,71,0.5294117647058824,0.5714285714285714
RFootProgressAngles_ax3,72,0.5294117647058824,0.5
RFootProgressAngles_ax3,73,0.5882352941176471,0.5
RFootProgressAngles_ax3,74,0.5882352941176471,0.5714285714285714
RFootProgressAngles_ax3,75,0.5882352941176471,0.5714285714285714
RFootProgressAngles_ax3,76,0.5882352941176471,0.5714285714285714
RFootProgressAngles_ax3,77,0.5294117647058824,0.5
RFootProgressAngles_ax3,78,0.5294117647058824,0.5
RFootProgressAngles_ax3,79,0.5294117647058824,0.5
RFootProgressAngles_ax3,80,0.5294117647058824,0.5
RFootProgressAngles_ax3,81,0.5294117647058824,0.5
RFootProgressAngles_ax3,82,0.5294117647058824,0.5
RFootProgressAngles_ax3,83,0.5294117647058824,0.5
RFootProgressAngles_ax3,84,0.5294117647058824,0.5
RFootProgressAngles_ax3,85,0.5294117647058824,0.5
RFootProgressAngles_ax3,86,0.5882352941176471,0.5
RFootProgressAngles_ax3,87,0.5882352941176471,0.5
RFootProgressAngles_ax3,88,0.5882352941176471,0.5714285714285714
RFootProgressAngles_ax3,89,0.5882352941176471,0.5714285714285714
RFootProgressAngles_ax3,90,0.5882352941176471,0.5714285714285714
RFootProgressAngles_ax3,91,0.5294117647058824,0.6428571428571429
RFootProgressAngles_ax3,92,0.5294117647058824,0.6428571428571429
RFootProgressAngles_ax3,93,0.5294117647058824,0.6428571428571429
RFootProgressAngles_ax3,94,0.5294117647058824,0.7142857142857143
RFootProgressAngles_ax3,95,0.5294117647058824,0.6428571428571429
RFootProgressAngles_ax3,96,0.5294117647058824,0.5714285714285714
RFootProgressAngles_ax3,97,0.5294117647058824,0.5714285714285714
RFootProgressAngles_ax3,98,0.5294117647058824,0.5714285714285714
RFootProgressAngles_ax3,99,0.5294117647058824,0.5
RFootProgressAngles_ax3,100,0.5294117647058824,0.5714285714285714
CentreOfMass_ax1,0,0.5294117647058824,0.5
CentreOfMass_ax1,1,0.6470588235294118,0.6428571428571429
CentreOfMass_ax1,2,0.7058823529411765,0.7142857142857143
CentreOfMass_ax1,3,0.7058823529411765,0.7142857142857143
CentreOfMass_ax1,4,0.7058823529411765,0.7142857142857143
CentreOfMass_ax1,5,0.6470588235294118,0.7142857142857143
CentreOfMass_ax1,6,0.6470588235294118,0.7142857142857143
CentreOfMass_ax1,7,0.5882352941176471,0.7142857142857143
CentreOfMass_ax1,8,0.5882352941176471,0.7142857142857143
CentreOfMass_ax1,9,0.6470588235294118,0.5
CentreOfMass_ax1,10,0.7058823529411765,0.5
CentreOfMass_ax1,11,0.7058823529411765,0.5
CentreOfMass_ax1,12,0.7058823529411765,0.5
CentreOfMass_ax1,13,0.6470588235294118,0.5714285714285714
CentreOfMass_ax1,14,0.5882352941176471,0.6428571428571429
CentreOfMass_ax1,15,0.5882352941176471,0.6428571428571429
CentreOfMass_ax1,16,0.6470588235294118,0.5714285714285714
CentreOfMass_ax1,17,0.5294117647058824,0.6428571428571429
CentreOfMass_ax1,18,0.5294117647058824,0.5714285714285714
CentreOfMass_ax1,19,0.5882352941176471,0.5
CentreOfMass_ax1,20,0.5882352941176471,0.5
CentreOfMass_ax1,21,0.5882352941176471,0.5714285714285714
CentreOfMass_ax1,22,0.5882352941176471,0.5714285714285714
CentreOfMass_ax1,23,0.5882352941176471,0.5714285714285714
CentreOfMass_ax1,24,0.5294117647058824,0.5
CentreOfMass_ax1,25,0.5294117647058824,0.5
CentreOfMass_ax1,26,0.5294117647058824,0.5714285714285714
CentreOfMass_ax1,27,0.5294117647058824,0.5714285714285714
CentreOfMass_ax1,28,0.5294117647058824,0.5714285714285714
CentreOfMass_ax1,29,0.5294117647058824,0.5714285714285714
CentreOfMass_ax1,30,0.5294117647058824,0.5714285714285714
CentreOfMass_ax1,31,0.5294117647058824,0.6428571428571429
CentreOfMass_ax1,32,0.5294117647058824,0.7142857142857143
CentreOfMass_ax1,33,0.5294117647058824,0.7142857142857143
CentreOfMass_ax1,34,0.5294117647058824,0.7142857142857143
CentreOfMass_ax1,35,0.5882352941176471,0.7142857142857143
CentreOfMass_ax1,36,0.6470588235294118,0.7142857142857143
CentreOfMass_ax1,37,0.6470588235294118,0.7857142857142857
CentreOfMass_ax1,38,0.6470588235294118,0.7142857142857143
CentreOfMass_ax1,39,0.6470588235294118,0.5714285714285714
CentreOfMass_ax1,40,0.6470588235294118,0.5714285714285714
CentreOfMass_ax1,41,0.6470588235294118,0.5714285714285714
CentreOfMass_ax1,42,0.5882352941176471,0.5714285714285714
CentreOfMass_ax1,43,0.5882352941176471,0.5714285714285714
CentreOfMass_ax1,44,0.5882352941176471,0.5714285714285714
CentreOfMass_ax1,45,0.5294117647058824,0.5714285714285714
CentreOfMass_ax1,46,0.5882352941176471,0.5714285714285714
CentreOfMass_ax1,47,0.5882352941176471,0.5714285714285714
CentreOfMass_ax1,48,0.5882352941176471,0.5714285714285714
CentreOfMass_ax1,49,0.5294117647058824,0.6428571428571429
CentreOfMass_ax1,50,0.5882352941176471,0.6428571428571429
CentreOfMass_ax1,51,0.6470588235294118,0.6428571428571429
CentreOfMass_ax1,52,0.6470588235294118,0.6428571428571429
CentreOfMass_ax1,53,0.6470588235294118,0.7142857142857143
CentreOfMass_ax1,54,0.6470588235294118,0.7142857142857143
CentreOfMass_ax1,55,0.6470588235294118,0.7142857142857143
CentreOfMass_ax1,56,0.5882352941176471,0.7857142857142857
CentreOfMass_ax1,57,0.5882352941176471,0.7142857142857143
CentreOfMass_ax1,58,0.5882352941176471,0.7142857142857143
CentreOfMass_ax1,59,0.5882352941176471,0.7142857142857143
CentreOfMass_ax1,60,0.5294117647058824,0.7857142857142857
CentreOfMass_ax1,61,0.5294117647058824,0.7857142857142857
CentreOfMass_ax1,62,0.5294117647058824,0.7857142857142857
CentreOfMass_ax1,63,0.5294117647058824,0.7857142857142857
CentreOfMass_ax1,64,0.5294117647058824,0.7142857142857143
CentreOfMass_ax1,65,0.5294117647058824,0.6428571428571429
CentreOfMass_ax1,66,0.5294117647058824,0.6428571428571429
CentreOfMass_ax1,67,0.5294117647058824,0.5714285714285714
CentreOfMass_ax1,68,0.5294117647058824,0.7142857142857143
CentreOfMass_ax1,69,0.5294117647058824,0.7857142857142857
CentreOfMass_ax1,70,0.5294117647058824,0.7857142857142857
CentreOfMass_ax1,71,0.5294117647058824,0.7857142857142857
CentreOfMass_ax1,72,0.5882352941176471,0.7142857142857143
CentreOfMass_ax1,73,0.5882352941176471,0.7142857142857143
CentreOfMass_ax1,74,0.6470588235294118,0.6428571428571429
CentreOfMass_ax1,75,0.6470588235294118,0.6428571428571429
CentreOfMass_ax1,76,0.7058823529411765,0.6428571428571429
CentreOfMass_ax1,77,0.7058823529411765,0.5714285714285714
CentreOfMass_ax1,78,0.7058823529411765,0.6428571428571429
CentreOfMass_ax1,79,0.7058823529411765,0.6428571428571429
CentreOfMass_ax1,80,0.7058823529411765,0.6428571428571429
CentreOfMass_ax1,81,0.7058823529411765,0.6428571428571429
CentreOfMass_ax1,82,0.7058823529411765,0.6428571428571429
CentreOfMass_ax1,83,0.7058823529411765,0.7142857142857143
CentreOfMass_ax1,84,0.7058823529411765,0.7142857142857143
CentreOfMass_ax1,85,0.7058823529411765,0.7142857142857143
CentreOfMass_ax1,86,0.7058823529411765,0.7142857142857143
CentreOfMass_ax1,87,0.7058823529411765,0.7142857142857143
CentreOfMass_ax1,88,0.6470588235294118,0.7142857142857143
CentreOfMass_ax1,89,0.6470588235294118,0.7142857142857143
CentreOfMass_ax1,90,0.5882352941176471,0.7142857142857143
CentreOfMass_ax1,91,0.5882352941176471,0.7142857142857143
CentreOfMass_ax1,92,0.5882352941176471,0.7142857142857143
CentreOfMass_ax1,93,0.5882352941176471,0.7142857142857143
CentreOfMass_ax1,94,0.5882352941176471,0.7142857142857143
CentreOfMass_ax1,95,0.5882352941176471,0.7142857142857143
CentreOfMass_ax1,96,0.5882352941176471,0.7142857142857143
CentreOfMass_ax1,97,0.5882352941176471,0.7142857142857143
CentreOfMass_ax1,98,0.5882352941176471,0.7142857142857143
CentreOfMass_ax1,99,0.5882352941176471,0.7142857142857143
CentreOfMass_ax1,100,0.5882352941176471,0.7142857142857143
CentreOfMass_ax2,0,0.6470588235294118,0.5714285714285714
CentreOfMass_ax2,1,0.6470588235294118,0.5714285714285714
CentreOfMass_ax2,2,0.6470588235294118,0.5714285714285714
CentreOfMass_ax2,3,0.6470588235294118,0.5714285714285714
CentreOfMass_ax2,4,0.6470588235294118,0.5714285714285714
CentreOfMass_ax2,5,0.5882352941176471,0.5714285714285714
CentreOfMass_ax2,6,0.5882352941176471,0.5714285714285714
CentreOfMass_ax2,7,0.5882352941176471,0.5714285714285714
CentreOfMass_ax2,8,0.5882352941176471,0.5714285714285714
CentreOfMass_ax2,9,0.5882352941176471,0.5714285714285714
CentreOfMass_ax2,10,0.5882352941176471,0.5714285714285714
CentreOfMass_ax2,11,0.5882352941176471,0.5
CentreOfMass_ax2,12,0.6470588235294118,0.5
CentreOfMass_ax2,13,0.5882352941176471,0.5
CentreOfMass_ax2,14,0.5294117647058824,0.5
CentreOfMass_ax2,15,0.5294117647058824,0.5
CentreOfMass_ax2,16,0.5294117647058824,0.5
CentreOfMass_ax2,17,0.5294117647058824,0.5
CentreOfMass_ax2,18,0.5294117647058824,0.5
CentreOfMass_ax2,19,0.5294117647058824,0.5
CentreOfMass_ax2,20,0.5294117647058824,0.5
CentreOfMass_ax2,21,0.5294117647058824,0.5
CentreOfMass_ax2,22,0.5882352941176471,0.5
CentreOfMass_ax2,23,0.5882352941176471,0.5
CentreOfMass_ax2,24,0.5882352941176471,0.5
CentreOfMass_ax2,25,0.5882352941176471,0.5
CentreOfMass_ax2,26,0.5882352941176471,0.5
CentreOfMass_ax2,27,0.5882352941176471,0.5
CentreOfMass_ax2,28,0.5882352941176471,0.5
CentreOfMass_ax2,29,0.5882352941176471,0.5
CentreOfMass_ax2,30,0.5294117647058824,0.5
CentreOfMass_ax2,31,0.5294117647058824,0.5
CentreOfMass_ax2,32,0.5294117647058824,0.5714285714285714
CentreOfMass_ax2,33,0.5294117647058824,0.5714285714285714
CentreOfMass_ax2,34,0.5294117647058824,0.5714285714285714
CentreOfMass_ax2,35,0.5294117647058824,0.5714285714285714
CentreOfMass_ax2,36,0.5294117647058824,0.5714285714285714
CentreOfMass_ax2,37,0.5294117647058824,0.5714285714285714
CentreOfMass_ax2,38,0.5294117647058824,0.5714285714285714
CentreOfMass_ax2,39,0.5294117647058824,0.5714285714285714
CentreOfMass_ax2,40,0.5294117647058824,0.5714285714285714
CentreOfMass_ax2,41,0.5294117647058824,0.5714285714285714
CentreOfMass_ax2,42,0.5294117647058824,0.5714285714285714
CentreOfMass_ax2,43,0.5294117647058824,0.5714285714285714
CentreOfMass_ax2,44,0.5294117647058824,0.5714285714285714
CentreOfMass_ax2,45,0.5294117647058824,0.5714285714285714
CentreOfMass_ax2,46,0.5294117647058824,0.5714285714285714
CentreOfMass_ax2,47,0.5294117647058824,0.5714285714285714
CentreOfMass_ax2,48,0.5294117647058824,0.5714285714285714
CentreOfMass_ax2,49,0.5294117647058824,0.5714285714285714
CentreOfMass_ax2,50,0.5294117647058824,0.5714285714285714
CentreOfMass_ax2,51,0.5294117647058824,0.5714285714285714
CentreOfMass_ax2,52,0.5294117647058824,0.5714285714285714
CentreOfMass_ax2,53,0.5294117647058824,0.5
CentreOfMass_ax2,54,0.5294117647058824,0.5714285714285714
CentreOfMass_ax2,55,0.5294117647058824,0.5714285714285714
CentreOfMass_ax2,56,0.5294117647058824,0.5714285714285714
CentreOfMass_ax2,57,0.5294117647058824,0.5714285714285714
CentreOfMass_ax2,58,0.6470588235294118,0.5714285714285714
CentreOfMass_ax2,59,0.6470588235294118,0.5714285714285714
CentreOfMass_ax2,60,0.6470588235294118,0.5714285714285714
CentreOfMass_ax2,61,0.6470588235294118,0.5714285714285714
CentreOfMass_ax2,62,0.6470588235294118,0.5714285714285714
CentreOfMass_ax2,63,0.6470588235294118,0.5714285714285714
CentreOfMass_ax2,64,0.6470588235294118,0.5714285714285714
CentreOfMass_ax2,65,0.6470588235294118,0.5714285714285714
CentreOfMass_ax2,66,0.6470588235294118,0.6428571428571429
CentreOfMass_ax2,67,0.6470588235294118,0.7142857142857143
CentreOfMass_ax2,68,0.6470588235294118,0.6428571428571429
CentreOfMass_ax2,69,0.6470588235294118,0.6428571428571429
CentreOfMass_ax2,70,0.6470588235294118,0.6428571428571429
CentreOfMass_ax2,71,0.6470588235294118,0.6428571428571429
CentreOfMass_ax2,72,0.5882352941176471,0.6428571428571429
CentreOfMass_ax2,73,0.5882352941176471,0.6428571428571429
CentreOfMass_ax2,74,0.5882352941176471,0.6428571428571429
CentreOfMass_ax2,75,0.5882352941176471,0.6428571428571429
CentreOfMass_ax2,76,0.5882352941176471,0.6428571428571429
CentreOfMass_ax2,77,0.5882352941176471,0.5714285714285714
CentreOfMass_ax2,78,0.5882352941176471,0.5
CentreOfMass_ax2,79,0.5882352941176471,0.5714285714285714
CentreOfMass_ax2,80,0.5882352941176471,0.5714285714285714
CentreOfMass_ax2,81,0.5882352941176471,0.5714285714285714
CentreOfMass_ax2,82,0.5294117647058824,0.5714285714285714
CentreOfMass_ax2,83,0.5294117647058824,0.6428571428571429
CentreOfMass_ax2,84,0.5294117647058824,0.6428571428571429
CentreOfMass_ax2,85,0.5294117647058824,0.6428571428571429
CentreOfMass_ax2,86,0.5294117647058824,0.5714285714285714
CentreOfMass_ax2,87,0.5294117647058824,0.5714285714285714
CentreOfMass_ax2,88,0.5294117647058824,0.5
CentreOfMass_ax2,89,0.5294117647058824,0.5
CentreOfMass_ax2,90,0.5294117647058824,0.5
CentreOfMass_ax2,91,0.5294117647058824,0.5
CentreOfMass_ax2,92,0.5294117647058824,0.5
CentreOfMass_ax2,93,0.5294117647058824,0.5
CentreOfMass_ax2,94,0.5294117647058824,0.5
CentreOfMass_ax2,95,0.5294117647058824,0.5
CentreOfMass_ax2,96,0.5294117647058824,0.5
CentreOfMass_ax2,97,0.5294117647058824,0.5714285714285714
CentreOfMass_ax2,98,0.5294117647058824,0.5714285714285714
CentreOfMass_ax2,99,0.5294117647058824,0.5714285714285714
CentreOfMass_ax2,100,0.5294117647058824,0.5714285714285714
CentreOfMass_ax3,0,0.5882352941176471,0.5714285714285714
CentreOfMass_ax3,1,0.5882352941176471,0.5714285714285714
CentreOfMass_ax3,2,0.5882352941176471,0.6428571428571429
CentreOfMass_ax3,3,0.5882352941176471,0.6428571428571429
CentreOfMass_ax3,4,0.5882352941176471,0.6428571428571429
CentreOfMass_ax3,5,0.5882352941176471,0.6428571428571429
CentreOfMass_ax3,6,0.5882352941176471,0.6428571428571429
CentreOfMass_ax3,7,0.5882352941176471,0.6428571428571429
CentreOfMass_ax3,8,0.5882352941176471,0.6428571428571429
CentreOfMass_ax3,9,0.5882352941176471,0.6428571428571429
CentreOfMass_ax3,10,0.5882352941176471,0.6428571428571429
CentreOfMass_ax3,11,0.5882352941176471,0.6428571428571429
CentreOfMass_ax3,12,0.5882352941176471,0.6428571428571429
CentreOfMass_ax3,13,0.5882352941176471,0.6428571428571429
CentreOfMass_ax3,14,0.5882352941176471,0.6428571428571429
CentreOfMass_ax3,15,0.5882352941176471,0.6428571428571429
CentreOfMass_ax3,16,0.5882352941176471,0.6428571428571429
CentreOfMass_ax3,17,0.5882352941176471,0.6428571428571429
CentreOfMass_ax3,18,0.5882352941176471,0.6428571428571429
CentreOfMass_ax3,19,0.5882352941176471,0.6428571428571429
CentreOfMass_ax3,20,0.5882352941176471,0.6428571428571429
CentreOfMass_ax3,21,0.5882352941176471,0.6428571428571429
CentreOfMass_ax3,22,0.5882352941176471,0.6428571428571429
CentreOfMass_ax3,23,0.5882352941176471,0.6428571428571429
CentreOfMass_ax3,24,0.5882352941176471,0.6428571428571429
CentreOfMass_ax3,25,0.5882352941176471,0.6428571428571429
CentreOfMass_ax3,26,0.5882352941176471,0.6428571428571429
CentreOfMass_ax3,27,0.5882352941176471,0.7142857142857143
CentreOfMass_ax3,28,0.5882352941176471,0.6428571428571429
CentreOfMass_ax3,29,0.5882352941176471,0.5714285714285714
CentreOfMass_ax3,30,0.5882352941176471,0.5714285714285714
CentreOfMass_ax3,31,0.5882352941176471,0.5714285714285714
CentreOfMass_ax3,32,0.5882352941176471,0.5714285714285714
CentreOfMass_ax3,33,0.5882352941176471,0.5714285714285714
CentreOfMass_ax3,34,0.5882352941176471,0.5714285714285714
CentreOfMass_ax3,35,0.5882352941176471,0.5714285714285714
CentreOfMass_ax3,36,0.5882352941176471,0.5714285714285714
CentreOfMass_ax3,37,0.5882352941176471,0.5714285714285714
CentreOfMass_ax3,38,0.5294117647058824,0.5714285714285714
CentreOfMass_ax3,39,0.5294117647058824,0.5714285714285714
CentreOfMass_ax3,40,0.5294117647058824,0.5714285714285714
CentreOfMass_ax3,41,0.5294117647058824,0.5714285714285714
CentreOfMass_ax3,42,0.5294117647058824,0.5714285714285714
CentreOfMass_ax3,43,0.5882352941176471,0.5714285714285714
CentreOfMass_ax3,44,0.5882352941176471,0.5714285714285714
CentreOfMass_ax3,45,0.5882352941176471,0.5714285714285714
CentreOfMass_ax3,46,0.5882352941176471,0.5714285714285714
CentreOfMass_ax3,47,0.5882352941176471,0.5714285714285714
CentreOfMass_ax3,48,0.5882352941176471,0.5714285714285714
CentreOfMass_ax3,49,0.5882352941176471,0.5714285714285714
CentreOfMass_ax3,50,0.5882352941176471,0.5714285714285714
CentreOfMass_ax3,51,0.5882352941176471,0.5714285714285714
CentreOfMass_ax3,52,0.5882352941176471,0.6428571428571429
CentreOfMass_ax3,53,0.5882352941176471,0.6428571428571429
CentreOfMass_ax3,54,0.5882352941176471,0.6428571428571429
CentreOfMass_ax3,55,0.5882352941176471,0.6428571428571429
CentreOfMass_ax3,56,0.5882352941176471,0.6428571428571429
CentreOfMass_ax3,57,0.5882352941176471,0.6428571428571429
CentreOfMass_ax3,58,0.5882352941176471,0.6428571428571429
CentreOfMass_ax3,59,0.5882352941176471,0.6428571428571429
CentreOfMass_ax3,60,0.5882352941176471,0.6428571428571429
CentreOfMass_ax3,61,0.5882352941176471,0.6428571428571429
CentreOfMass_ax3,62,0.5882352941176471,0.6428571428571429
CentreOfMass_ax3,63,0.5882352941176471,0.6428571428571429
CentreOfMass_ax3,64,0.5882352941176471,0.6428571428571429
CentreOfMass_ax3,65,0.5882352941176471,0.6428571428571429
CentreOfMass_ax3,66,0.5882352941176471,0.6428571428571429
CentreOfMass_ax3,67,0.5882352941176471,0.6428571428571429
CentreOfMass_ax3,68,0.5882352941176471,0.6428571428571429
CentreOfMass_ax3,69,0.5882352941176471,0.6428571428571429
CentreOfMass_ax3,70,0.5882352941176471,0.6428571428571429
CentreOfMass_ax3,71,0.5882352941176471,0.6428571428571429
CentreOfMass_ax3,72,0.5882352941176471,0.6428571428571429
CentreOfMass_ax3,73,0.5882352941176471,0.6428571428571429
CentreOfMass_ax3,74,0.5882352941176471,0.6428571428571429
CentreOfMass_ax3,75,0.5882352941176471,0.6428571428571429
CentreOfMass_ax3,76,0.5882352941176471,0.5714285714285714
CentreOfMass_ax3,77,0.5882352941176471,0.5714285714285714
CentreOfMass_ax3,78,0.5882352941176471,0.5714285714285714
CentreOfMass_ax3,79,0.5882352941176471,0.5714285714285714
CentreOfMass_ax3,80,0.5882352941176471,0.5714285714285714
CentreOfMass_ax3,81,0.5882352941176471,0.6428571428571429
CentreOfMass_ax3,82,0.5882352941176471,0.6428571428571429
CentreOfMass_ax3,83,0.5882352941176471,0.6428571428571429
CentreOfMass_ax3,84,0.5882352941176471,0.6428571428571429
CentreOfMass_ax3,85,0.5882352941176471,0.5714285714285714
CentreOfMass_ax3,86,0.5882352941176471,0.6428571428571429
CentreOfMass_ax3,87,0.5882352941176471,0.6428571428571429
CentreOfMass_ax3,88,0.5882352941176471,0.6428571428571429
CentreOfMass_ax3,89,0.5882352941176471,0.6428571428571429
CentreOfMass_ax3,90,0.5882352941176471,0.6428571428571429
CentreOfMass_ax3,91,0.5882352941176471,0.6428571428571429
CentreOfMass_ax3,92,0.5882352941176471,0.6428571428571429
CentreOfMass_ax3,93,0.5882352941176471,0.5714285714285714
CentreOfMass_ax3,94,0.5882352941176471,0.5714285714285714
CentreOfMass_ax3,95,0.5882352941176471,0.5714285714285714
CentreOfMass_ax3,96,0.5882352941176471,0.5714285714285714
CentreOfMass_ax3,97,0.5882352941176471,0.5714285714285714
CentreOfMass_ax3,98,0.5882352941176471,0.5714285714285714
CentreOfMass_ax3,99,0.5882352941176471,0.5714285714285714
CentreOfMass_ax3,100,0.5882352941176471,0.5714285714285714
CentreOfMassFloor_ax1,0,0.5294117647058824,0.5
CentreOfMassFloor_ax1,1,0.6470588235294118,0.6428571428571429
CentreOfMassFloor_ax1,2,0.7058823529411765,0.7142857142857143
CentreOfMassFloor_ax1,3,0.7058823529411765,0.7142857142857143
CentreOfMassFloor_ax1,4,0.7058823529411765,0.7142857142857143
CentreOfMassFloor_ax1,5,0.6470588235294118,0.7142857142857143
CentreOfMassFloor_ax1,6,0.6470588235294118,0.7142857142857143
CentreOfMassFloor_ax1,7,0.5882352941176471,0.7142857142857143
CentreOfMassFloor_ax1,8,0.5882352941176471,0.7142857142857143
CentreOfMassFloor_ax1,9,0.6470588235294118,0.5
CentreOfMassFloor_ax1,10,0.7058823529411765,0.5
CentreOfMassFloor_ax1,11,0.7058823529411765,0.5
CentreOfMassFloor_ax1,12,0.7058823529411765,0.5
CentreOfMassFloor_ax1,13,0.6470588235294118,0.5714285714285714
CentreOfMassFloor_ax1,14,0.5882352941176471,0.6428571428571429
CentreOfMassFloor_ax1,15,0.5882352941176471,0.6428571428571429
CentreOfMassFloor_ax1,16,0.6470588235294118,0.5714285714285714
CentreOfMassFloor_ax1,17,0.5294117647058824,0.6428571428571429
CentreOfMassFloor_ax1,18,0.5294117647058824,0.5714285714285714
CentreOfMassFloor_ax1,19,0.5882352941176471,0.5
CentreOfMassFloor_ax1,20,0.5882352941176471,0.5
CentreOfMassFloor_ax1,21,0.5882352941176471,0.5714285714285714
CentreOfMassFloor_ax1,22,0.5882352941176471,0.5714285714285714
CentreOfMassFloor_ax1,23,0.5882352941176471,0.5714285714285714
CentreOfMassFloor_ax1,24,0.5294117647058824,0.5
CentreOfMassFloor_ax1,25,0.5294117647058824,0.5
CentreOfMassFloor_ax1,26,0.5294117647058824,0.5714285714285714
CentreOfMassFloor_ax1,27,0.5294117647058824,0.5714285714285714
CentreOfMassFloor_ax1,28,0.5294117647058824,0.5714285714285714
CentreOfMassFloor_ax1,29,0.5294117647058824,0.5714285714285714
CentreOfMassFloor_ax1,30,0.5294117647058824,0.5714285714285714
CentreOfMassFloor_ax1,31,0.5294117647058824,0.6428571428571429
CentreOfMassFloor_ax1,32,0.5294117647058824,0.7142857142857143
CentreOfMassFloor_ax1,33,0.5294117647058824,0.7142857142857143
CentreOfMassFloor_ax1,34,0.5294117647058824,0.7142857142857143
CentreOfMassFloor_ax1,35,0.5882352941176471,0.7142857142857143
CentreOfMassFloor_ax1,36,0.6470588235294118,0.7142857142857143
CentreOfMassFloor_ax1,37,0.6470588235294118,0.7857142857142857
CentreOfMassFloor_ax1,38,0.6470588235294118,0.7142857142857143
CentreOfMassFloor_ax1,39,0.6470588235294118,0.5714285714285714
CentreOfMassFloor_ax1,40,0.6470588235294118,0.5714285714285714
CentreOfMassFloor_ax1,41,0.6470588235294118,0.5714285714285714
CentreOfMassFloor_ax1,42,0.5882352941176471,0.5714285714285714
CentreOfMassFloor_ax1,43,0.5882352941176471,0.5714285714285714
CentreOfMassFloor_ax1,44,0.5882352941176471,0.5714285714285714
CentreOfMassFloor_ax1,45,0.5294117647058824,0.5714285714285714
CentreOfMassFloor_ax1,46,0.5882352941176471,0.5714285714285714
CentreOfMassFloor_ax1,47,0.5882352941176471,0.5714285714285714
CentreOfMassFloor_ax1,48,0.5882352941176471,0.5714285714285714
CentreOfMassFloor_ax1,49,0.5294117647058824,0.6428571428571429
CentreOfMassFloor_ax1,50,0.5882352941176471,0.6428571428571429
CentreOfMassFloor_ax1,51,0.6470588235294118,0.6428571428571429
CentreOfMassFloor_ax1,52,0.6470588235294118,0.6428571428571429
CentreOfMassFloor_ax1,53,0.6470588235294118,0.7142857142857143
CentreOfMassFloor_ax1,54,0.6470588235294118,0.7142857142857143
CentreOfMassFloor_ax1,55,0.6470588235294118,0.7142857142857143
CentreOfMassFloor_ax1,56,0.5882352941176471,0.7857142857142857
CentreOfMassFloor_ax1,57,0.5882352941176471,0.7142857142857143
CentreOfMassFloor_ax1,58,0.5882352941176471,0.7142857142857143
CentreOfMassFloor_ax1,59,0.5882352941176471,0.7142857142857143
CentreOfMassFloor_ax1,60,0.5294117647058824,0.7857142857142857
CentreOfMassFloor_ax1,61,0.5294117647058824,0.7857142857142857
CentreOfMassFloor_ax1,62,0.5294117647058824,0.7857142857142857
CentreOfMassFloor_ax1,63,0.5294117647058824,0.7857142857142857
CentreOfMassFloor_ax1,64,0.5294117647058824,0.7142857142857143
CentreOfMassFloor_ax1,65,0.5294117647058824,0.6428571428571429
CentreOfMassFloor_ax1,66,0.5294117647058824,0.6428571428571429
CentreOfMassFloor_ax1,67,0.5294117647058824,0.5714285714285714
CentreOfMassFloor_ax1,68,0.5294117647058824,0.7142857142857143
CentreOfMassFloor_ax1,69,0.5294117647058824,0.7857142857142857
CentreOfMassFloor_ax1,70,0.5294117647058824,0.7857142857142857
CentreOfMassFloor_ax1,71,0.5294117647058824,0.7857142857142857
CentreOfMassFloor_ax1,72,0.5882352941176471,0.7142857142857143
CentreOfMassFloor_ax1,73,0.5882352941176471,0.7142857142857143
CentreOfMassFloor_ax1,74,0.6470588235294118,0.6428571428571429
CentreOfMassFloor_ax1,75,0.6470588235294118,0.6428571428571429
CentreOfMassFloor_ax1,76,0.7058823529411765,0.6428571428571429
CentreOfMassFloor_ax1,77,0.7058823529411765,0.5714285714285714
CentreOfMassFloor_ax1,78,0.7058823529411765,0.6428571428571429
CentreOfMassFloor_ax1,79,0.7058823529411765,0.6428571428571429
CentreOfMassFloor_ax1,80,0.7058823529411765,0.6428571428571429
CentreOfMassFloor_ax1,81,0.7058823529411765,0.6428571428571429
CentreOfMassFloor_ax1,82,0.7058823529411765,0.6428571428571429
CentreOfMassFloor_ax1,83,0.7058823529411765,0.7142857142857143
CentreOfMassFloor_ax1,84,0.7058823529411765,0.7142857142857143
CentreOfMassFloor_ax1,85,0.7058823529411765,0.7142857142857143
CentreOfMassFloor_ax1,86,0.7058823529411765,0.7142857142857143
CentreOfMassFloor_ax1,87,0.7058823529411765,0.7142857142857143
CentreOfMassFloor_ax1,88,0.6470588235294118,0.7142857142857143
CentreOfMassFloor_ax1,89,0.6470588235294118,0.7142857142857143
CentreOfMassFloor_ax1,90,0.5882352941176471,0.7142857142857143
CentreOfMassFloor_ax1,91,0.5882352941176471,0.7142857142857143
CentreOfMassFloor_ax1,92,0.5882352941176471,0.7142857142857143
CentreOfMassFloor_ax1,93,0.5882352941176471,0.7142857142857143
CentreOfMassFloor_ax1,94,0.5882352941176471,0.7142857142857143
CentreOfMassFloor_ax1,95,0.5882352941176471,0.7142857142857143
CentreOfMassFloor_ax1,96,0.5882352941176471,0.7142857142857143
CentreOfMassFloor_ax1,97,0.5882352941176471,0.7142857142857143
CentreOfMassFloor_ax1,98,0.5882352941176471,0.7142857142857143
CentreOfMassFloor_ax1,99,0.5882352941176471,0.7142857142857143
CentreOfMassFloor_ax1,100,0.5882352941176471,0.7142857142857143
CentreOfMassFloor_ax2,0,0.6470588235294118,0.5714285714285714
CentreOfMassFloor_ax2,1,0.6470588235294118,0.5714285714285714
CentreOfMassFloor_ax2,2,0.6470588235294118,0.5714285714285714
CentreOfMassFloor_ax2,3,0.6470588235294118,0.5714285714285714
CentreOfMassFloor_ax2,4,0.6470588235294118,0.5714285714285714
CentreOfMassFloor_ax2,5,0.5882352941176471,0.5714285714285714
CentreOfMassFloor_ax2,6,0.5882352941176471,0.5714285714285714
CentreOfMassFloor_ax2,7,0.5882352941176471,0.5714285714285714
CentreOfMassFloor_ax2,8,0.5882352941176471,0.5714285714285714
CentreOfMassFloor_ax2,9,0.5882352941176471,0.5714285714285714
CentreOfMassFloor_ax2,10,0.5882352941176471,0.5714285714285714
CentreOfMassFloor_ax2,11,0.5882352941176471,0.5
CentreOfMassFloor_ax2,12,0.6470588235294118,0.5
CentreOfMassFloor_ax2,13,0.5882352941176471,0.5
CentreOfMassFloor_ax2,14,0.5294117647058824,0.5
CentreOfMassFloor_ax2,15,0.5294117647058824,0.5
CentreOfMassFloor_ax2,16,0.5294117647058824,0.5
CentreOfMassFloor_ax2,17,0.5294117647058824,0.5
CentreOfMassFloor_ax2,18,0.5294117647058824,0.5
CentreOfMassFloor_ax2,19,0.5294117647058824,0.5
CentreOfMassFloor_ax2,20,0.5294117647058824,0.5
CentreOfMassFloor_ax2,21,0.5294117647058824,0.5
CentreOfMassFloor_ax2,22,0.5882352941176471,0.5
CentreOfMassFloor_ax2,23,0.5882352941176471,0.5
CentreOfMassFloor_ax2,24,0.5882352941176471,0.5
CentreOfMassFloor_ax2,25,0.5882352941176471,0.5
CentreOfMassFloor_ax2,26,0.5882352941176471,0.5
CentreOfMassFloor_ax2,27,0.5882352941176471,0.5
CentreOfMassFloor_ax2,28,0.5882352941176471,0.5
CentreOfMassFloor_ax2,29,0.5882352941176471,0.5
CentreOfMassFloor_ax2,30,0.5294117647058824,0.5
CentreOfMassFloor_ax2,31,0.5294117647058824,0.5
CentreOfMassFloor_ax2,32,0.5294117647058824,0.5714285714285714
CentreOfMassFloor_ax2,33,0.5294117647058824,0.5714285714285714
CentreOfMassFloor_ax2,34,0.5294117647058824,0.5714285714285714
CentreOfMassFloor_ax2,35,0.5294117647058824,0.5714285714285714
CentreOfMassFloor_ax2,36,0.5294117647058824,0.5714285714285714
CentreOfMassFloor_ax2,37,0.5294117647058824,0.5714285714285714
CentreOfMassFloor_ax2,38,0.5294117647058824,0.5714285714285714
CentreOfMassFloor_ax2,39,0.5294117647058824,0.5714285714285714
CentreOfMassFloor_ax2,40,0.5294117647058824,0.5714285714285714
CentreOfMassFloor_ax2,41,0.5294117647058824,0.5714285714285714
CentreOfMassFloor_ax2,42,0.5294117647058824,0.5714285714285714
CentreOfMassFloor_ax2,43,0.5294117647058824,0.5714285714285714
CentreOfMassFloor_ax2,44,0.5294117647058824,0.5714285714285714
CentreOfMassFloor_ax2,45,0.5294117647058824,0.5714285714285714
CentreOfMassFloor_ax2,46,0.5294117647058824,0.5714285714285714
CentreOfMassFloor_ax2,47,0.5294117647058824,0.5714285714285714
CentreOfMassFloor_ax2,48,0.5294117647058824,0.5714285714285714
CentreOfMassFloor_ax2,49,0.5294117647058824,0.5714285714285714
CentreOfMassFloor_ax2,50,0.5294117647058824,0.5714285714285714
CentreOfMassFloor_ax2,51,0.5294117647058824,0.5714285714285714
CentreOfMassFloor_ax2,52,0.5294117647058824,0.5714285714285714
CentreOfMassFloor_ax2,53,0.5294117647058824,0.5
CentreOfMassFloor_ax2,54,0.5294117647058824,0.5714285714285714
CentreOfMassFloor_ax2,55,0.5294117647058824,0.5714285714285714
CentreOfMassFloor_ax2,56,0.5294117647058824,0.5714285714285714
CentreOfMassFloor_ax2,57,0.5294117647058824,0.5714285714285714
CentreOfMassFloor_ax2,58,0.6470588235294118,0.5714285714285714
CentreOfMassFloor_ax2,59,0.6470588235294118,0.5714285714285714
CentreOfMassFloor_ax2,60,0.6470588235294118,0.5714285714285714
CentreOfMassFloor_ax2,61,0.6470588235294118,0.5714285714285714
CentreOfMassFloor_ax2,62,0.6470588235294118,0.5714285714285714
CentreOfMassFloor_ax2,63,0.6470588235294118,0.5714285714285714
CentreOfMassFloor_ax2,64,0.6470588235294118,0.5714285714285714
CentreOfMassFloor_ax2,65,0.6470588235294118,0.5714285714285714
CentreOfMassFloor_ax2,66,0.6470588235294118,0.6428571428571429
CentreOfMassFloor_ax2,67,0.6470588235294118,0.7142857142857143
CentreOfMassFloor_ax2,68,0.6470588235294118,0.6428571428571429
CentreOfMassFloor_ax2,69,0.6470588235294118,0.6428571428571429
CentreOfMassFloor_ax2,70,0.6470588235294118,0.6428571428571429
CentreOfMassFloor_ax2,71,0.6470588235294118,0.6428571428571429
CentreOfMassFloor_ax2,72,0.5882352941176471,0.6428571428571429
CentreOfMassFloor_ax2,73,0.5882352941176471,0.6428571428571429
CentreOfMassFloor_ax2,74,0.5882352941176471,0.6428571428571429
CentreOfMassFloor_ax2,75,0.5882352941176471,0.6428571428571429
CentreOfMassFloor_ax2,76,0.5882352941176471,0.6428571428571429
CentreOfMassFloor_ax2,77,0.5882352941176471,0.5714285714285714
CentreOfMassFloor_ax2,78,0.5882352941176471,0.5
CentreOfMassFloor_ax2,79,0.5882352941176471,0.5714285714285714
CentreOfMassFloor_ax2,80,0.5882352941176471,0.5714285714285714
CentreOfMassFloor_ax2,81,0.5882352941176471,0.5714285714285714
CentreOfMassFloor_ax2,82,0.5294117647058824,0.5714285714285714
CentreOfMassFloor_ax2,83,0.5294117647058824,0.6428571428571429
CentreOfMassFloor_ax2,84,0.5294117647058824,0.6428571428571429
CentreOfMassFloor_ax2,85,0.5294117647058824,0.6428571428571429
CentreOfMassFloor_ax2,86,0.5294117647058824,0.5714285714285714
CentreOfMassFloor_ax2,87,0.5294117647058824,0.5714285714285714
CentreOfMassFloor_ax2,88,0.5294117647058824,0.5
CentreOfMassFloor_ax2,89,0.5294117647058824,0.5
CentreOfMassFloor_ax2,90,0.5294117647058824,0.5
CentreOfMassFloor_ax2,91,0.5294117647058824,0.5
CentreOfMassFloor_ax2,92,0.5294117647058824,0.5
CentreOfMassFloor_ax2,93,0.5294117647058824,0.5
CentreOfMassFloor_ax2,94,0.5294117647058824,0.5
CentreOfMassFloor_ax2,95,0.5294117647058824,0.5
CentreOfMassFloor_ax2,96,0.5294117647058824,0.5
CentreOfMassFloor_ax2,97,0.5294117647058824,0.5714285714285714
CentreOfMassFloor_ax2,98,0.5294117647058824,0.5714285714285714
CentreOfMassFloor_ax2,99,0.5294117647058824,0.5714285714285714
CentreOfMassFloor_ax2,100,0.5294117647058824,0.5714285714285714
CentreOfMassFloor_ax3,0,,
CentreOfMassFloor_ax3,1,,
CentreOfMassFloor_ax3,2,,
CentreOfMassFloor_ax3,3,,
CentreOfMassFloor_ax3,4,,
CentreOfMassFloor_ax3,5,,
CentreOfMassFloor_ax3,6,,
CentreOfMassFloor_ax3,7,,
CentreOfMassFloor_ax3,8,,
CentreOfMassFloor_ax3,9,,
CentreOfMassFloor_ax3,10,,
CentreOfMassFloor_ax3,11,,
CentreOfMassFloor_ax3,12,,
CentreOfMassFloor_ax3,13,,
CentreOfMassFloor_ax3,14,,
CentreOfMassFloor_ax3,15,,
CentreOfMassFloor_ax3,16,,
CentreOfMassFloor_ax3,17,,
CentreOfMassFloor_ax3,18,,
CentreOfMassFloor_ax3,19,,
CentreOfMassFloor_ax3,20,,
CentreOfMassFloor_ax3,21,,
CentreOfMassFloor_ax3,22,,
CentreOfMassFloor_ax3,23,,
CentreOfMassFloor_ax3,24,,
CentreOfMassFloor_ax3,25,,
CentreOfMassFloor_ax3,26,,
CentreOfMassFloor_ax3,27,,
CentreOfMassFloor_ax3,28,,
CentreOfMassFloor_ax3,29,,
CentreOfMassFloor_ax3,30,,
CentreOfMassFloor_ax3,31,,
CentreOfMassFloor_ax3,32,,
CentreOfMassFloor_ax3,33,,
CentreOfMassFloor_ax3,34,,
CentreOfMassFloor_ax3,35,,
CentreOfMassFloor_ax3,36,,
CentreOfMassFloor_ax3,37,,
CentreOfMassFloor_ax3,38,,
CentreOfMassFloor_ax3,39,,
CentreOfMassFloor_ax3,40,,
CentreOfMassFloor_ax3,41,,
CentreOfMassFloor_ax3,42,,
CentreOfMassFloor_ax3,43,,
CentreOfMassFloor_ax3,44,,
CentreOfMassFloor_ax3,45,,
CentreOfMassFloor_ax3,46,,
CentreOfMassFloor_ax3,47,,
CentreOfMassFloor_ax3,48,,
CentreOfMassFloor_ax3,49,,
CentreOfMassFloor_ax3,50,,
CentreOfMassFloor_ax3,51,,
CentreOfMassFloor_ax3,52,,
CentreOfMassFloor_ax3,53,,
CentreOfMassFloor_ax3,54,,
CentreOfMassFloor_ax3,55,,
CentreOfMassFloor_ax3,56,,
CentreOfMassFloor_ax3,57,,
CentreOfMassFloor_ax3,58,,
CentreOfMassFloor_ax3,59,,
CentreOfMassFloor_ax3,60,,
CentreOfMassFloor_ax3,61,,
CentreOfMassFloor_ax3,62,,
CentreOfMassFloor_ax3,63,,
CentreOfMassFloor_ax3,64,,
CentreOfMassFloor_ax3,65,,
CentreOfMassFloor_ax3,66,,
CentreOfMassFloor_ax3,67,,
CentreOfMassFloor_ax3,68,,
CentreOfMassFloor_ax3,69,,
CentreOfMassFloor_ax3,70,,
CentreOfMassFloor_ax3,71,,
CentreOfMassFloor_ax3,72,,
CentreOfMassFloor_ax3,73,,
CentreOfMassFloor_ax3,74,,
CentreOfMassFloor_ax3,75,,
CentreOfMassFloor_ax3,76,,
CentreOfMassFloor_ax3,77,,
CentreOfMassFloor_ax3,78,,
CentreOfMassFloor_ax3,79,,
CentreOfMassFloor_ax3,80,,
CentreOfMassFloor_ax3,81,,
CentreOfMassFloor_ax3,82,,
CentreOfMassFloor_ax3,83,,
CentreOfMassFloor_ax3,84,,
CentreOfMassFloor_ax3,85,,
CentreOfMassFloor_ax3,86,,
CentreOfMassFloor_ax3,87,,
CentreOfMassFloor_ax3,88,,
CentreOfMassFloor_ax3,89,,
CentreOfMassFloor_ax3,90,,
CentreOfMassFloor_ax3,91,,
CentreOfMassFloor_ax3,92,,
CentreOfMassFloor_ax3,93,,
CentreOfMassFloor_ax3,94,,
CentreOfMassFloor_ax3,95,,
CentreOfMassFloor_ax3,96,,
CentreOfMassFloor_ax3,97,,
CentreOfMassFloor_ax3,98,,
CentreOfMassFloor_ax3,99,,
CentreOfMassFloor_ax3,100,,
HipAngles_ax1_LminusR,0,0.6470588235294118,0.6428571428571429
HipAngles_ax1_LminusR,1,0.6470588235294118,0.6428571428571429
HipAngles_ax1_LminusR,2,0.6470588235294118,0.6428571428571429
HipAngles_ax1_LminusR,3,0.6470588235294118,0.6428571428571429
HipAngles_ax1_LminusR,4,0.6470588235294118,0.6428571428571429
HipAngles_ax1_LminusR,5,0.6470588235294118,0.6428571428571429
HipAngles_ax1_LminusR,6,0.6470588235294118,0.6428571428571429
HipAngles_ax1_LminusR,7,0.6470588235294118,0.6428571428571429
HipAngles_ax1_LminusR,8,0.6470588235294118,0.6428571428571429
HipAngles_ax1_LminusR,9,0.6470588235294118,0.6428571428571429
HipAngles_ax1_LminusR,10,0.6470588235294118,0.6428571428571429
HipAngles_ax1_LminusR,11,0.6470588235294118,0.6428571428571429
HipAngles_ax1_LminusR,12,0.6470588235294118,0.6428571428571429
HipAngles_ax1_LminusR,13,0.6470588235294118,0.6428571428571429
HipAngles_ax1_LminusR,14,0.6470588235294118,0.6428571428571429
HipAngles_ax1_LminusR,15,0.6470588235294118,0.6428571428571429
HipAngles_ax1_LminusR,16,0.6470588235294118,0.6428571428571429
HipAngles_ax1_LminusR,17,0.6470588235294118,0.6428571428571429
HipAngles_ax1_LminusR,18,0.6470588235294118,0.6428571428571429
HipAngles_ax1_LminusR,19,0.7058823529411765,0.6428571428571429
HipAngles_ax1_LminusR,20,0.7058823529411765,0.6428571428571429
HipAngles_ax1_LminusR,21,0.6470588235294118,0.7142857142857143
HipAngles_ax1_LminusR,22,0.5294117647058824,0.6428571428571429
HipAngles_ax1_LminusR,23,0.5882352941176471,0.5714285714285714
HipAngles_ax1_LminusR,24,0.5294117647058824,0.5
HipAngles_ax1_LminusR,25,0.5294117647058824,0.5
HipAngles_ax1_LminusR,26,0.5294117647058824,0.5
HipAngles_ax1_LminusR,27,0.5294117647058824,0.5
HipAngles_ax1_LminusR,28,0.5882352941176471,0.5714285714285714
HipAngles_ax1_LminusR,29,0.5882352941176471,0.5714285714285714
HipAngles_ax1_LminusR,30,0.6470588235294118,0.5714285714285714
HipAngles_ax1_LminusR,31,0.6470588235294118,0.5714285714285714
HipAngles_ax1_LminusR,32,0.6470588235294118,0.6428571428571429
HipAngles_ax1_LminusR,33,0.6470588235294118,0.6428571428571429
HipAngles_ax1_LminusR,34,0.6470588235294118,0.6428571428571429
HipAngles_ax1_LminusR,35,0.6470588235294118,0.6428571428571429
HipAngles_ax1_LminusR,36,0.6470588235294118,0.6428571428571429
HipAngles_ax1_LminusR,37,0.6470588235294118,0.6428571428571429
HipAngles_ax1_LminusR,38,0.6470588235294118,0.6428571428571429
HipAngles_ax1_LminusR,39,0.6470588235294118,0.6428571428571429
HipAngles_ax1_LminusR,40,0.6470588235294118,0.6428571428571429
HipAngles_ax1_LminusR,41,0.6470588235294118,0.6428571428571429
HipAngles_ax1_LminusR,42,0.6470588235294118,0.6428571428571429
HipAngles_ax1_LminusR,43,0.6470588235294118,0.6428571428571429
HipAngles_ax1_LminusR,44,0.6470588235294118,0.6428571428571429
HipAngles_ax1_LminusR,45,0.6470588235294118,0.6428571428571429
HipAngles_ax1_LminusR,46,0.6470588235294118,0.6428571428571429
HipAngles_ax1_LminusR,47,0.6470588235294118,0.6428571428571429
HipAngles_ax1_LminusR,48,0.6470588235294118,0.6428571428571429
HipAngles_ax1_LminusR,49,0.6470588235294118,0.6428571428571429
HipAngles_ax1_LminusR,50,0.6470588235294118,0.6428571428571429
HipAngles_ax1_LminusR,51,0.6470588235294118,0.6428571428571429
HipAngles_ax1_LminusR,52,0.6470588235294118,0.6428571428571429
HipAngles_ax1_LminusR,53,0.6470588235294118,0.6428571428571429
HipAngles_ax1_LminusR,54,0.6470588235294118,0.6428571428571429
HipAngles_ax1_LminusR,55,0.6470588235294118,0.6428571428571429
HipAngles_ax1_LminusR,56,0.6470588235294118,0.6428571428571429
HipAngles_ax1_LminusR,57,0.6470588235294118,0.6428571428571429
HipAngles_ax1_LminusR,58,0.6470588235294118,0.6428571428571429
HipAngles_ax1_LminusR,59,0.6470588235294118,0.6428571428571429
HipAngles_ax1_LminusR,60,0.6470588235294118,0.6428571428571429
HipAngles_ax1_LminusR,61,0.6470588235294118,0.6428571428571429
HipAngles_ax1_LminusR,62,0.6470588235294118,0.6428571428571429
HipAngles_ax1_LminusR,63,0.6470588235294118,0.6428571428571429
HipAngles_ax1_LminusR,64,0.6470588235294118,0.6428571428571429
HipAngles_ax1_LminusR,65,0.6470588235294118,0.6428571428571429
HipAngles_ax1_LminusR,66,0.6470588235294118,0.6428571428571429
HipAngles_ax1_LminusR,67,0.6470588235294118,0.6428571428571429
HipAngles_ax1_LminusR,68,0.6470588235294118,0.6428571428571429
HipAngles_ax1_LminusR,69,0.6470588235294118,0.5714285714285714
HipAngles_ax1_LminusR,70,0.6470588235294118,0.5
HipAngles_ax1_LminusR,71,0.5294117647058824,0.5
HipAngles_ax1_LminusR,72,0.5882352941176471,0.5714285714285714
HipAngles_ax1_LminusR,73,0.5294117647058824,0.5
HipAngles_ax1_LminusR,74,0.7058823529411765,0.6428571428571429
HipAngles_ax1_LminusR,75,0.6470588235294118,0.6428571428571429
HipAngles_ax1_LminusR,76,0.7647058823529411,0.5714285714285714
HipAngles_ax1_LminusR,77,0.6470588235294118,0.7142857142857143
HipAngles_ax1_LminusR,78,0.6470588235294118,0.7857142857142857
HipAngles_ax1_LminusR,79,0.6470588235294118,0.7857142857142857
HipAngles_ax1_LminusR,80,0.6470588235294118,0.7857142857142857
HipAngles_ax1_LminusR,81,0.6470588235294118,0.7857142857142857
HipAngles_ax1_LminusR,82,0.6470588235294118,0.7857142857142857
HipAngles_ax1_LminusR,83,0.6470588235294118,0.7857142857142857
HipAngles_ax1_LminusR,84,0.6470588235294118,0.7857142857142857
HipAngles_ax1_LminusR,85,0.6470588235294118,0.6428571428571429
HipAngles_ax1_LminusR,86,0.6470588235294118,0.6428571428571429
HipAngles_ax1_LminusR,87,0.6470588235294118,0.6428571428571429
HipAngles_ax1_LminusR,88,0.6470588235294118,0.6428571428571429
HipAngles_ax1_LminusR,89,0.6470588235294118,0.6428571428571429
HipAngles_ax1_LminusR,90,0.6470588235294118,0.6428571428571429
HipAngles_ax1_LminusR,91,0.6470588235294118,0.6428571428571429
HipAngles_ax1_LminusR,92,0.6470588235294118,0.6428571428571429
HipAngles_ax1_LminusR,93,0.6470588235294118,0.6428571428571429
HipAngles_ax1_LminusR,94,0.6470588235294118,0.6428571428571429
HipAngles_ax1_LminusR,95,0.6470588235294118,0.6428571428571429
HipAngles_ax1_LminusR,96,0.6470588235294118,0.6428571428571429
HipAngles_ax1_LminusR,97,0.6470588235294118,0.6428571428571429
HipAngles_ax1_LminusR,98,0.6470588235294118,0.6428571428571429
HipAngles_ax1_LminusR,99,0.6470588235294118,0.6428571428571429
HipAngles_ax1_LminusR,100,0.6470588235294118,0.6428571428571429
HipAngles_ax1_absLminusR,0,0.6470588235294118,0.7857142857142857
HipAngles_ax1_absLminusR,1,0.6470588235294118,0.7857142857142857
HipAngles_ax1_absLminusR,2,0.6470588235294118,0.7857142857142857
HipAngles_ax1_absLminusR,3,0.7058823529411765,0.7857142857142857
HipAngles_ax1_absLminusR,4,0.7058823529411765,0.7857142857142857
HipAngles_ax1_absLminusR,5,0.7058823529411765,0.7857142857142857
HipAngles_ax1_absLminusR,6,0.7058823529411765,0.7857142857142857
HipAngles_ax1_absLminusR,7,0.6470588235294118,0.7857142857142857
HipAngles_ax1_absLminusR,8,0.6470588235294118,0.7857142857142857
HipAngles_ax1_absLminusR,9,0.7058823529411765,0.7857142857142857
HipAngles_ax1_absLminusR,10,0.7058823529411765,0.7857142857142857
HipAngles_ax1_absLminusR,11,0.7058823529411765,0.7857142857142857
HipAngles_ax1_absLminusR,12,0.7058823529411765,0.8571428571428571
HipAngles_ax1_absLminusR,13,0.7058823529411765,0.8571428571428571
HipAngles_ax1_absLminusR,14,0.7058823529411765,0.8571428571428571
HipAngles_ax1_absLminusR,15,0.6470588235294118,0.7857142857142857
HipAngles_ax1_absLminusR,16,0.6470588235294118,0.7857142857142857
HipAngles_ax1_absLminusR,17,0.6470588235294118,0.7857142857142857
HipAngles_ax1_absLminusR,18,0.7058823529411765,0.8571428571428571
HipAngles_ax1_absLminusR,19,0.7058823529411765,0.8571428571428571
HipAngles_ax1_absLminusR,20,0.7058823529411765,0.8571428571428571
HipAngles_ax1_absLminusR,21,0.7058823529411765,0.7142857142857143
HipAngles_ax1_absLminusR,22,0.7647058823529411,0.7142857142857143
HipAngles_ax1_absLminusR,23,0.5294117647058824,0.6428571428571429
HipAngles_ax1_absLminusR,24,0.5294117647058824,0.5
HipAngles_ax1_absLminusR,25,0.5294117647058824,0.7142857142857143
HipAngles_ax1_absLminusR,26,0.6470588235294118,0.5714285714285714
HipAngles_ax1_absLminusR,27,0.5294117647058824,0.5714285714285714
HipAngles_ax1_absLminusR,28,0.5882352941176471,0.5714285714285714
HipAngles_ax1_absLminusR,29,0.5294117647058824,0.5
HipAngles_ax1_absLminusR,30,0.5882352941176471,0.5714285714285714
HipAngles_ax1_absLminusR,31,0.5294117647058824,0.5714285714285714
HipAngles_ax1_absLminusR,32,0.5294117647058824,0.5714285714285714
HipAngles_ax1_absLminusR,33,0.5294117647058824,0.5714285714285714
HipAngles_ax1_absLminusR,34,0.5294117647058824,0.5
HipAngles_ax1_absLminusR,35,0.5882352941176471,0.5
HipAngles_ax1_absLminusR,36,0.5294117647058824,0.5
HipAngles_ax1_absLminusR,37,0.5294117647058824,0.5
HipAngles_ax1_absLminusR,38,0.5294117647058824,0.5714285714285714
HipAngles_ax1_absLminusR,39,0.5882352941176471,0.5
HipAngles_ax1_absLminusR,40,0.5294117647058824,0.5
HipAngles_ax1_absLminusR,41,0.5294117647058824,0.5
HipAngles_ax1_absLminusR,42,0.5882352941176471,0.5
HipAngles_ax1_absLminusR,43,0.5882352941176471,0.5714285714285714
HipAngles_ax1_absLminusR,44,0.5882352941176471,0.6428571428571429
HipAngles_ax1_absLminusR,45,0.6470588235294118,0.6428571428571429
HipAngles_ax1_absLminusR,46,0.6470588235294118,0.6428571428571429
HipAngles_ax1_absLminusR,47,0.6470588235294118,0.6428571428571429
HipAngles_ax1_absLminusR,48,0.7058823529411765,0.6428571428571429
HipAngles_ax1_absLminusR,49,0.7058823529411765,0.6428571428571429
HipAngles_ax1_absLminusR,50,0.7058823529411765,0.6428571428571429
HipAngles_ax1_absLminusR,51,0.7058823529411765,0.6428571428571429
HipAngles_ax1_absLminusR,52,0.7058823529411765,0.6428571428571429
HipAngles_ax1_absLminusR,53,0.7058823529411765,0.5714285714285714
HipAngles_ax1_absLminusR,54,0.7058823529411765,0.5714285714285714
HipAngles_ax1_absLminusR,55,0.7058823529411765,0.5714285714285714
HipAngles_ax1_absLminusR,56,0.7058823529411765,0.5714285714285714
HipAngles_ax1_absLminusR,57,0.7647058823529411,0.5714285714285714
HipAngles_ax1_absLminusR,58,0.6470588235294118,0.5714285714285714
HipAngles_ax1_absLminusR,59,0.5882352941176471,0.5714285714285714
HipAngles_ax1_absLminusR,60,0.5294117647058824,0.5714285714285714
HipAngles_ax1_absLminusR,61,0.5294117647058824,0.5714285714285714
HipAngles_ax1_absLminusR,62,0.5294117647058824,0.6428571428571429
HipAngles_ax1_absLminusR,63,0.6470588235294118,0.5714285714285714
HipAngles_ax1_absLminusR,64,0.6470588235294118,0.5714285714285714
HipAngles_ax1_absLminusR,65,0.6470588235294118,0.5714285714285714
HipAngles_ax1_absLminusR,66,0.6470588235294118,0.5714285714285714
HipAngles_ax1_absLminusR,67,0.7058823529411765,0.5714285714285714
HipAngles_ax1_absLminusR,68,0.7058823529411765,0.5714285714285714
HipAngles_ax1_absLminusR,69,0.6470588235294118,0.5714285714285714
HipAngles_ax1_absLminusR,70,0.6470588235294118,0.5714285714285714
HipAngles_ax1_absLminusR,71,0.7058823529411765,0.6428571428571429
HipAngles_ax1_absLminusR,72,0.6470588235294118,0.6428571428571429
HipAngles_ax1_absLminusR,73,0.5294117647058824,0.5714285714285714
HipAngles_ax1_absLminusR,74,0.7647058823529411,0.5714285714285714
HipAngles_ax1_absLminusR,75,0.7647058823529411,0.7857142857142857
HipAngles_ax1_absLminusR,76,0.7058823529411765,0.7857142857142857
HipAngles_ax1_absLminusR,77,0.6470588235294118,0.6428571428571429
HipAngles_ax1_absLminusR,78,0.7058823529411765,0.5714285714285714
HipAngles_ax1_absLminusR,79,0.8235294117647058,0.5714285714285714
HipAngles_ax1_absLminusR,80,0.7647058823529411,0.5714285714285714
HipAngles_ax1_absLminusR,81,0.7647058823529411,0.5714285714285714
HipAngles_ax1_absLminusR,82,0.8235294117647058,0.5714285714285714
HipAngles_ax1_absLminusR,83,0.8235294117647058,0.5714285714285714
HipAngles_ax1_absLminusR,84,0.7647058823529411,0.5714285714285714
HipAngles_ax1_absLminusR,85,0.7647058823529411,0.5714285714285714
HipAngles_ax1_absLminusR,86,0.7647058823529411,0.6428571428571429
HipAngles_ax1_absLminusR,87,0.7647058823529411,0.6428571428571429
HipAngles_ax1_absLminusR,88,0.7058823529411765,0.7142857142857143
HipAngles_ax1_absLminusR,89,0.7058823529411765,0.7142857142857143
HipAngles_ax1_absLminusR,90,0.7058823529411765,0.7142857142857143
HipAngles_ax1_absLminusR,91,0.7058823529411765,0.7142857142857143
HipAngles_ax1_absLminusR,92,0.7058823529411765,0.8571428571428571
HipAngles_ax1_absLminusR,93,0.7058823529411765,0.8571428571428571
HipAngles_ax1_absLminusR,94,0.5882352941176471,0.8571428571428571
HipAngles_ax1_absLminusR,95,0.5882352941176471,0.7142857142857143
HipAngles_ax1_absLminusR,96,0.5882352941176471,0.6428571428571429
HipAngles_ax1_absLminusR,97,0.5294117647058824,0.5714285714285714
HipAngles_ax1_absLminusR,98,0.5882352941176471,0.5714285714285714
HipAngles_ax1_absLminusR,99,0.6470588235294118,0.5
HipAngles_ax1_absLminusR,100,0.5882352941176471,0.5714285714285714
KneeAngles_ax1_LminusR,0,0.5294117647058824,0.5714285714285714
KneeAngles_ax1_LminusR,1,0.5294117647058824,0.5714285714285714
KneeAngles_ax1_LminusR,2,0.5882352941176471,0.5
KneeAngles_ax1_LminusR,3,0.5294117647058824,0.5
KneeAngles_ax1_LminusR,4,0.5294117647058824,0.5
KneeAngles_ax1_LminusR,5,0.5882352941176471,0.5714285714285714
KneeAngles_ax1_LminusR,6,0.6470588235294118,0.5714285714285714
KneeAngles_ax1_LminusR,7,0.5882352941176471,0.5714285714285714
KneeAngles_ax1_LminusR,8,0.5882352941176471,0.5714285714285714
KneeAngles_ax1_LminusR,9,0.6470588235294118,0.5714285714285714
KneeAngles_ax1_LminusR,10,0.7647058823529411,0.5714285714285714
KneeAngles_ax1_LminusR,11,0.6470588235294118,0.5714285714285714
KneeAngles_ax1_LminusR,12,0.6470588235294118,0.6428571428571429
KneeAngles_ax1_LminusR,13,0.7058823529411765,0.7142857142857143
KneeAngles_ax1_LminusR,14,0.6470588235294118,0.7142857142857143
KneeAngles_ax1_LminusR,15,0.6470588235294118,0.7142857142857143
KneeAngles_ax1_LminusR,16,0.6470588235294118,0.7142857142857143
KneeAngles_ax1_LminusR,17,0.6470588235294118,0.7142857142857143
KneeAngles_ax1_LminusR,18,0.6470588235294118,0.7142857142857143
KneeAngles_ax1_LminusR,19,0.6470588235294118,0.6428571428571429
KneeAngles_ax1_LminusR,20,0.6470588235294118,0.6428571428571429
KneeAngles_ax1_LminusR,21,0.6470588235294118,0.6428571428571429
KneeAngles_ax1_LminusR,22,0.6470588235294118,0.6428571428571429
KneeAngles_ax1_LminusR,23,0.6470588235294118,0.6428571428571429
KneeAngles_ax1_LminusR,24,0.6470588235294118,0.6428571428571429
KneeAngles_ax1_LminusR,25,0.6470588235294118,0.6428571428571429
KneeAngles_ax1_LminusR,26,0.6470588235294118,0.6428571428571429
KneeAngles_ax1_LminusR,27,0.6470588235294118,0.6428571428571429
KneeAngles_ax1_LminusR,28,0.6470588235294118,0.6428571428571429
KneeAngles_ax1_LminusR,29,0.6470588235294118,0.6428571428571429
KneeAngles_ax1_LminusR,30,0.6470588235294118,0.6428571428571429
KneeAngles_ax1_LminusR,31,0.6470588235294118,0.6428571428571429
KneeAngles_ax1_LminusR,32,0.6470588235294118,0.6428571428571429
KneeAngles_ax1_LminusR,33,0.6470588235294118,0.6428571428571429
KneeAngles_ax1_LminusR,34,0.6470588235294118,0.6428571428571429
KneeAngles_ax1_LminusR,35,0.6470588235294118,0.6428571428571429
KneeAngles_ax1_LminusR,36,0.6470588235294118,0.6428571428571429
KneeAngles_ax1_LminusR,37,0.6470588235294118,0.6428571428571429
KneeAngles_ax1_LminusR,38,0.6470588235294118,0.6428571428571429
KneeAngles_ax1_LminusR,39,0.5882352941176471,0.6428571428571429
KneeAngles_ax1_LminusR,40,0.5882352941176471,0.6428571428571429
KneeAngles_ax1_LminusR,41,0.5882352941176471,0.5
KneeAngles_ax1_LminusR,42,0.5882352941176471,0.5
KneeAngles_ax1_LminusR,43,0.6470588235294118,0.5714285714285714
KneeAngles_ax1_LminusR,44,0.5882352941176471,0.5
KneeAngles_ax1_LminusR,45,0.5294117647058824,0.5714285714285714
KneeAngles_ax1_LminusR,46,0.5294117647058824,0.5714285714285714
KneeAngles_ax1_LminusR,47,0.5294117647058824,0.5
KneeAngles_ax1_LminusR,48,0.5294117647058824,0.5
KneeAngles_ax1_LminusR,49,0.5294117647058824,0.5714285714285714
KneeAngles_ax1_LminusR,50,0.5882352941176471,0.5714285714285714
KneeAngles_ax1_LminusR,51,0.6470588235294118,0.5714285714285714
KneeAngles_ax1_LminusR,52,0.5882352941176471,0.5714285714285714
KneeAngles_ax1_LminusR,53,0.5882352941176471,0.5
KneeAngles_ax1_LminusR,54,0.5294117647058824,0.5
KneeAngles_ax1_LminusR,55,0.5294117647058824,0.5
KneeAngles_ax1_LminusR,56,0.6470588235294118,0.5
KneeAngles_ax1_LminusR,57,0.7058823529411765,0.5714285714285714
KneeAngles_ax1_LminusR,58,0.5882352941176471,0.5714285714285714
KneeAngles_ax1_LminusR,59,0.5882352941176471,0.5714285714285714
KneeAngles_ax1_LminusR,60,0.5882352941176471,0.5714285714285714
KneeAngles_ax1_LminusR,61,0.5882352941176471,0.5714285714285714
KneeAngles_ax1_LminusR,62,0.5294117647058824,0.5714285714285714
KneeAngles_ax1_LminusR,63,0.5294117647058824,0.5714285714285714
KneeAngles_ax1_LminusR,64,0.5882352941176471,0.5714285714285714
KneeAngles_ax1_LminusR,65,0.5882352941176471,0.7142857142857143
KneeAngles_ax1_LminusR,66,0.5882352941176471,0.7142857142857143
KneeAngles_ax1_LminusR,67,0.6470588235294118,0.7142857142857143
KneeAngles_ax1_LminusR,68,0.6470588235294118,0.7142857142857143
KneeAngles_ax1_LminusR,69,0.6470588235294118,0.7142857142857143
KneeAngles_ax1_LminusR,70,0.6470588235294118,0.7142857142857143
KneeAngles_ax1_LminusR,71,0.6470588235294118,0.7142857142857143
KneeAngles_ax1_LminusR,72,0.6470588235294118,0.7142857142857143
KneeAngles_ax1_LminusR,73,0.6470588235294118,0.7142857142857143
KneeAngles_ax1_LminusR,74,0.6470588235294118,0.6428571428571429
KneeAngles_ax1_LminusR,75,0.6470588235294118,0.7142857142857143
KneeAngles_ax1_LminusR,76,0.6470588235294118,0.7142857142857143
KneeAngles_ax1_LminusR,77,0.6470588235294118,0.7142857142857143
KneeAngles_ax1_LminusR,78,0.6470588235294118,0.7142857142857143
KneeAngles_ax1_LminusR,79,0.6470588235294118,0.7142857142857143
KneeAngles_ax1_LminusR,80,0.6470588235294118,0.7142857142857143
KneeAngles_ax1_LminusR,81,0.6470588235294118,0.7142857142857143
KneeAngles_ax1_LminusR,82,0.6470588235294118,0.7142857142857143
KneeAngles_ax1_LminusR,83,0.6470588235294118,0.6428571428571429
KneeAngles_ax1_LminusR,84,0.6470588235294118,0.6428571428571429
KneeAngles_ax1_LminusR,85,0.6470588235294118,0.6428571428571429
KneeAngles_ax1_LminusR,86,0.6470588235294118,0.6428571428571429
KneeAngles_ax1_LminusR,87,0.6470588235294118,0.6428571428571429
KneeAngles_ax1_LminusR,88,0.6470588235294118,0.6428571428571429
KneeAngles_ax1_LminusR,89,0.6470588235294118,0.6428571428571429
KneeAngles_ax1_LminusR,90,0.5882352941176471,0.6428571428571429
KneeAngles_ax1_LminusR,91,0.5294117647058824,0.6428571428571429
KneeAngles_ax1_LminusR,92,0.5882352941176471,0.5714285714285714
KneeAngles_ax1_LminusR,93,0.5882352941176471,0.5714285714285714
KneeAngles_ax1_LminusR,94,0.5882352941176471,0.5714285714285714
KneeAngles_ax1_LminusR,95,0.6470588235294118,0.6428571428571429
KneeAngles_ax1_LminusR,96,0.5882352941176471,0.5714285714285714
KneeAngles_ax1_LminusR,97,0.6470588235294118,0.5714285714285714
KneeAngles_ax1_LminusR,98,0.5882352941176471,0.5
KneeAngles_ax1_LminusR,99,0.5294117647058824,0.5
KneeAngles_ax1_LminusR,100,0.5294117647058824,0.5
KneeAngles_ax1_absLminusR,0,0.5294117647058824,0.5
KneeAngles_ax1_absLminusR,1,0.5294117647058824,0.5714285714285714
KneeAngles_ax1_absLminusR,2,0.5294117647058824,0.5
KneeAngles_ax1_absLminusR,3,0.5294117647058824,0.5
KneeAngles_ax1_absLminusR,4,0.5294117647058824,0.5714285714285714
KneeAngles_ax1_absLminusR,5,0.5294117647058824,0.5714285714285714
KneeAngles_ax1_absLminusR,6,0.5294117647058824,0.6428571428571429
KneeAngles_ax1_absLminusR,7,0.8235294117647058,0.5714285714285714
KneeAngles_ax1_absLminusR,8,0.8235294117647058,0.5714285714285714
KneeAngles_ax1_absLminusR,9,0.5882352941176471,0.5
KneeAngles_ax1_absLminusR,10,0.5294117647058824,0.5714285714285714
KneeAngles_ax1_absLminusR,11,0.6470588235294118,0.6428571428571429
KneeAngles_ax1_absLminusR,12,0.6470588235294118,0.7142857142857143
KneeAngles_ax1_absLminusR,13,0.6470588235294118,0.6428571428571429
KneeAngles_ax1_absLminusR,14,0.5882352941176471,0.5714285714285714
KneeAngles_ax1_absLminusR,15,0.5882352941176471,0.5714285714285714
KneeAngles_ax1_absLminusR,16,0.5882352941176471,0.5714285714285714
KneeAngles_ax1_absLminusR,17,0.5294117647058824,0.5714285714285714
KneeAngles_ax1_absLminusR,18,0.5294117647058824,0.5714285714285714
KneeAngles_ax1_absLminusR,19,0.5294117647058824,0.5
KneeAngles_ax1_absLminusR,20,0.5294117647058824,0.5
KneeAngles_ax1_absLminusR,21,0.5882352941176471,0.5714285714285714
KneeAngles_ax1_absLminusR,22,0.7058823529411765,0.5714285714285714
KneeAngles_ax1_absLminusR,23,0.6470588235294118,0.5714285714285714
KneeAngles_ax1_absLminusR,24,0.6470588235294118,0.6428571428571429
KneeAngles_ax1_absLminusR,25,0.5882352941176471,0.7142857142857143
KneeAngles_ax1_absLminusR,26,0.5294117647058824,0.7142857142857143
KneeAngles_ax1_absLminusR,27,0.5882352941176471,0.6428571428571429
KneeAngles_ax1_absLminusR,28,0.6470588235294118,0.5714285714285714
KneeAngles_ax1_absLminusR,29,0.6470588235294118,0.6428571428571429
KneeAngles_ax1_absLminusR,30,0.7647058823529411,0.6428571428571429
KneeAngles_ax1_absLminusR,31,0.7647058823529411,0.6428571428571429
KneeAngles_ax1_absLminusR,32,0.7647058823529411,0.6428571428571429
KneeAngles_ax1_absLminusR,33,0.7058823529411765,0.6428571428571429
KneeAngles_ax1_absLminusR,34,0.6470588235294118,0.6428571428571429
KneeAngles_ax1_absLminusR,35,0.6470588235294118,0.6428571428571429
KneeAngles_ax1_absLminusR,36,0.5294117647058824,0.6428571428571429
KneeAngles_ax1_absLminusR,37,0.5294117647058824,0.6428571428571429
KneeAngles_ax1_absLminusR,38,0.5294117647058824,0.6428571428571429
KneeAngles_ax1_absLminusR,39,0.5294117647058824,0.5
KneeAngles_ax1_absLminusR,40,0.5294117647058824,0.5
KneeAngles_ax1_absLminusR,41,0.5294117647058824,0.5
KneeAngles_ax1_absLminusR,42,0.5294117647058824,0.5714285714285714
KneeAngles_ax1_absLminusR,43,0.5294117647058824,0.5
KneeAngles_ax1_absLminusR,44,0.5294117647058824,0.5714285714285714
KneeAngles_ax1_absLminusR,45,0.6470588235294118,0.6428571428571429
KneeAngles_ax1_absLminusR,46,0.5882352941176471,0.6428571428571429
KneeAngles_ax1_absLminusR,47,0.5882352941176471,0.7142857142857143
KneeAngles_ax1_absLminusR,48,0.5882352941176471,0.5714285714285714
KneeAngles_ax1_absLminusR,49,0.5294117647058824,0.6428571428571429
KneeAngles_ax1_absLminusR,50,0.7058823529411765,0.6428571428571429
KneeAngles_ax1_absLminusR,51,0.7058823529411765,0.6428571428571429
KneeAngles_ax1_absLminusR,52,0.7058823529411765,0.6428571428571429
KneeAngles_ax1_absLminusR,53,0.5882352941176471,0.5714285714285714
KneeAngles_ax1_absLminusR,54,0.5882352941176471,0.5714285714285714
KneeAngles_ax1_absLminusR,55,0.6470588235294118,0.5714285714285714
KneeAngles_ax1_absLminusR,56,0.6470588235294118,0.5714285714285714
KneeAngles_ax1_absLminusR,57,0.6470588235294118,0.6428571428571429
KneeAngles_ax1_absLminusR,58,0.5294117647058824,0.5
KneeAngles_ax1_absLminusR,59,0.5294117647058824,0.5
KneeAngles_ax1_absLminusR,60,0.5294117647058824,0.5
KneeAngles_ax1_absLminusR,61,0.5882352941176471,0.5714285714285714
KneeAngles_ax1_absLminusR,62,0.6470588235294118,0.6428571428571429
KneeAngles_ax1_absLminusR,63,0.7058823529411765,0.6428571428571429
KneeAngles_ax1_absLminusR,64,0.6470588235294118,0.5714285714285714
KneeAngles_ax1_absLminusR,65,0.7058823529411765,0.5714285714285714
KneeAngles_ax1_absLminusR,66,0.7058823529411765,0.5714285714285714
KneeAngles_ax1_absLminusR,67,0.7647058823529411,0.6428571428571429
KneeAngles_ax1_absLminusR,68,0.7647058823529411,0.6428571428571429
KneeAngles_ax1_absLminusR,69,0.8235294117647058,0.6428571428571429
KneeAngles_ax1_absLminusR,70,0.8235294117647058,0.5714285714285714
KneeAngles_ax1_absLminusR,71,0.8235294117647058,0.6428571428571429
KneeAngles_ax1_absLminusR,72,0.8235294117647058,0.6428571428571429
KneeAngles_ax1_absLminusR,73,0.8235294117647058,0.6428571428571429
KneeAngles_ax1_absLminusR,74,0.7058823529411765,0.5714285714285714
KneeAngles_ax1_absLminusR,75,0.5882352941176471,0.5
KneeAngles_ax1_absLminusR,76,0.5882352941176471,0.5
KneeAngles_ax1_absLminusR,77,0.6470588235294118,0.5
KneeAngles_ax1_absLminusR,78,0.7647058823529411,0.5
KneeAngles_ax1_absLminusR,79,0.7647058823529411,0.5714285714285714
KneeAngles_ax1_absLminusR,80,0.7058823529411765,0.5
KneeAngles_ax1_absLminusR,81,0.7058823529411765,0.5
KneeAngles_ax1_absLminusR,82,0.7058823529411765,0.5
KneeAngles_ax1_absLminusR,83,0.6470588235294118,0.5714285714285714
KneeAngles_ax1_absLminusR,84,0.6470588235294118,0.5714285714285714
KneeAngles_ax1_absLminusR,85,0.6470588235294118,0.5714285714285714
KneeAngles_ax1_absLminusR,86,0.6470588235294118,0.5714285714285714
KneeAngles_ax1_absLminusR,87,0.6470588235294118,0.5714285714285714
KneeAngles_ax1_absLminusR,88,0.6470588235294118,0.7142857142857143
KneeAngles_ax1_absLminusR,89,0.6470588235294118,0.7142857142857143
KneeAngles_ax1_absLminusR,90,0.7058823529411765,0.7142857142857143
KneeAngles_ax1_absLminusR,91,0.7058823529411765,0.7142857142857143
KneeAngles_ax1_absLminusR,92,0.7058823529411765,0.7142857142857143
KneeAngles_ax1_absLminusR,93,0.6470588235294118,0.5714285714285714
KneeAngles_ax1_absLminusR,94,0.5294117647058824,0.6428571428571429
KneeAngles_ax1_absLminusR,95,0.5882352941176471,0.6428571428571429
KneeAngles_ax1_absLminusR,96,0.5882352941176471,0.6428571428571429
KneeAngles_ax1_absLminusR,97,0.5294117647058824,0.8571428571428571
KneeAngles_ax1_absLminusR,98,0.5294117647058824,0.5714285714285714
KneeAngles_ax1_absLminusR,99,0.5294117647058824,0.5714285714285714
KneeAngles_ax1_absLminusR,100,0.5294117647058824,0.5
AnkleAngles_ax1_LminusR,0,0.5294117647058824,0.5
AnkleAngles_ax1_LminusR,1,0.5294117647058824,0.5
AnkleAngles_ax1_LminusR,2,0.5294117647058824,0.5
AnkleAngles_ax1_LminusR,3,0.5294117647058824,0.5714285714285714
AnkleAngles_ax1_LminusR,4,0.5882352941176471,0.5
AnkleAngles_ax1_LminusR,5,0.6470588235294118,0.6428571428571429
AnkleAngles_ax1_LminusR,6,0.6470588235294118,0.6428571428571429
AnkleAngles_ax1_LminusR,7,0.6470588235294118,0.7142857142857143
AnkleAngles_ax1_LminusR,8,0.6470588235294118,0.6428571428571429
AnkleAngles_ax1_LminusR,9,0.5294117647058824,0.6428571428571429
AnkleAngles_ax1_LminusR,10,0.6470588235294118,0.6428571428571429
AnkleAngles_ax1_LminusR,11,0.5294117647058824,0.5714285714285714
AnkleAngles_ax1_LminusR,12,0.6470588235294118,0.6428571428571429
AnkleAngles_ax1_LminusR,13,0.7058823529411765,0.5714285714285714
AnkleAngles_ax1_LminusR,14,0.6470588235294118,0.6428571428571429
AnkleAngles_ax1_LminusR,15,0.5294117647058824,0.5
AnkleAngles_ax1_LminusR,16,0.5294117647058824,0.6428571428571429
AnkleAngles_ax1_LminusR,17,0.5882352941176471,0.6428571428571429
AnkleAngles_ax1_LminusR,18,0.5882352941176471,0.6428571428571429
AnkleAngles_ax1_LminusR,19,0.5882352941176471,0.6428571428571429
AnkleAngles_ax1_LminusR,20,0.5882352941176471,0.6428571428571429
AnkleAngles_ax1_LminusR,21,0.5882352941176471,0.6428571428571429
AnkleAngles_ax1_LminusR,22,0.5882352941176471,0.6428571428571429
AnkleAngles_ax1_LminusR,23,0.5882352941176471,0.6428571428571429
AnkleAngles_ax1_LminusR,24,0.5882352941176471,0.6428571428571429
AnkleAngles_ax1_LminusR,25,0.5882352941176471,0.7142857142857143
AnkleAngles_ax1_LminusR,26,0.5882352941176471,0.7142857142857143
AnkleAngles_ax1_LminusR,27,0.5882352941176471,0.7142857142857143
AnkleAngles_ax1_LminusR,28,0.5882352941176471,0.7857142857142857
AnkleAngles_ax1_LminusR,29,0.7058823529411765,0.7857142857142857
AnkleAngles_ax1_LminusR,30,0.7058823529411765,0.7857142857142857
AnkleAngles_ax1_LminusR,31,0.5882352941176471,0.6428571428571429
AnkleAngles_ax1_LminusR,32,0.5882352941176471,0.5714285714285714
AnkleAngles_ax1_LminusR,33,0.5294117647058824,0.5
AnkleAngles_ax1_LminusR,34,0.5294117647058824,0.5
AnkleAngles_ax1_LminusR,35,0.5882352941176471,0.5714285714285714
AnkleAngles_ax1_LminusR,36,0.5294117647058824,0.5714285714285714
AnkleAngles_ax1_LminusR,37,0.5294117647058824,0.7142857142857143
AnkleAngles_ax1_LminusR,38,0.5882352941176471,0.7857142857142857
AnkleAngles_ax1_LminusR,39,0.6470588235294118,0.7857142857142857
AnkleAngles_ax1_LminusR,40,0.6470588235294118,0.7857142857142857
AnkleAngles_ax1_LminusR,41,0.6470588235294118,0.7857142857142857
AnkleAngles_ax1_LminusR,42,0.6470588235294118,0.7857142857142857
AnkleAngles_ax1_LminusR,43,0.6470588235294118,0.7857142857142857
AnkleAngles_ax1_LminusR,44,0.6470588235294118,0.7857142857142857
AnkleAngles_ax1_LminusR,45,0.6470588235294118,0.7857142857142857
AnkleAngles_ax1_LminusR,46,0.7058823529411765,0.7142857142857143
AnkleAngles_ax1_LminusR,47,0.7058823529411765,0.7142857142857143
AnkleAngles_ax1_LminusR,48,0.7058823529411765,0.6428571428571429
AnkleAngles_ax1_LminusR,49,0.7647058823529411,0.6428571428571429
AnkleAngles_ax1_LminusR,50,0.7647058823529411,0.5714285714285714
AnkleAngles_ax1_LminusR,51,0.7647058823529411,0.6428571428571429
AnkleAngles_ax1_LminusR,52,0.7647058823529411,0.6428571428571429
AnkleAngles_ax1_LminusR,53,0.8235294117647058,0.6428571428571429
AnkleAngles_ax1_LminusR,54,0.8235294117647058,0.6428571428571429
AnkleAngles_ax1_LminusR,55,0.8235294117647058,0.7857142857142857
AnkleAngles_ax1_LminusR,56,0.7647058823529411,0.7857142857142857
AnkleAngles_ax1_LminusR,57,0.7647058823529411,0.7857142857142857
AnkleAngles_ax1_LminusR,58,0.7058823529411765,0.7142857142857143
AnkleAngles_ax1_LminusR,59,0.7058823529411765,0.7857142857142857
AnkleAngles_ax1_LminusR,60,0.5882352941176471,0.5714285714285714
AnkleAngles_ax1_LminusR,61,0.5294117647058824,0.5
AnkleAngles_ax1_LminusR,62,0.6470588235294118,0.7142857142857143
AnkleAngles_ax1_LminusR,63,0.7058823529411765,0.7142857142857143
AnkleAngles_ax1_LminusR,64,0.6470588235294118,0.7142857142857143
AnkleAngles_ax1_LminusR,65,0.5882352941176471,0.7142857142857143
AnkleAngles_ax1_LminusR,66,0.5882352941176471,0.6428571428571429
AnkleAngles_ax1_LminusR,67,0.5882352941176471,0.6428571428571429
AnkleAngles_ax1_LminusR,68,0.6470588235294118,0.6428571428571429
AnkleAngles_ax1_LminusR,69,0.6470588235294118,0.6428571428571429
AnkleAngles_ax1_LminusR,70,0.6470588235294118,0.6428571428571429
AnkleAngles_ax1_LminusR,71,0.6470588235294118,0.6428571428571429
AnkleAngles_ax1_LminusR,72,0.6470588235294118,0.6428571428571429
AnkleAngles_ax1_LminusR,73,0.6470588235294118,0.6428571428571429
AnkleAngles_ax1_LminusR,74,0.6470588235294118,0.5714285714285714
AnkleAngles_ax1_LminusR,75,0.6470588235294118,0.5714285714285714
AnkleAngles_ax1_LminusR,76,0.5882352941176471,0.5714285714285714
AnkleAngles_ax1_LminusR,77,0.5294117647058824,0.6428571428571429
AnkleAngles_ax1_LminusR,78,0.5294117647058824,0.6428571428571429
AnkleAngles_ax1_LminusR,79,0.5294117647058824,0.6428571428571429
AnkleAngles_ax1_LminusR,80,0.5294117647058824,0.6428571428571429
AnkleAngles_ax1_LminusR,81,0.5294117647058824,0.5714285714285714
AnkleAngles_ax1_LminusR,82,0.5294117647058824,0.5714285714285714
AnkleAngles_ax1_LminusR,83,0.5294117647058824,0.5714285714285714
AnkleAngles_ax1_LminusR,84,0.5294117647058824,0.5714285714285714
AnkleAngles_ax1_LminusR,85,0.5294117647058824,0.5
AnkleAngles_ax1_LminusR,86,0.5294117647058824,0.5
AnkleAngles_ax1_LminusR,87,0.5294117647058824,0.5
AnkleAngles_ax1_LminusR,88,0.5294117647058824,0.5
AnkleAngles_ax1_LminusR,89,0.5294117647058824,0.5
AnkleAngles_ax1_LminusR,90,0.5294117647058824,0.5
AnkleAngles_ax1_LminusR,91,0.5294117647058824,0.5
AnkleAngles_ax1_LminusR,92,0.5294117647058824,0.5
AnkleAngles_ax1_LminusR,93,0.5294117647058824,0.5
AnkleAngles_ax1_LminusR,94,0.5294117647058824,0.5
AnkleAngles_ax1_LminusR,95,0.5882352941176471,0.5
AnkleAngles_ax1_LminusR,96,0.5294117647058824,0.5
AnkleAngles_ax1_LminusR,97,0.5882352941176471,0.5
AnkleAngles_ax1_LminusR,98,0.6470588235294118,0.5
AnkleAngles_ax1_LminusR,99,0.5882352941176471,0.5
AnkleAngles_ax1_LminusR,100,0.5294117647058824,0.5
AnkleAngles_ax1_absLminusR,0,0.5882352941176471,0.5714285714285714
AnkleAngles_ax1_absLminusR,1,0.5294117647058824,0.5
AnkleAngles_ax1_absLminusR,2,0.6470588235294118,0.5
AnkleAngles_ax1_absLminusR,3,0.5882352941176471,0.6428571428571429
AnkleAngles_ax1_absLminusR,4,0.5882352941176471,0.6428571428571429
AnkleAngles_ax1_absLminusR,5,0.5294117647058824,0.6428571428571429
AnkleAngles_ax1_absLminusR,6,0.6470588235294118,0.6428571428571429
AnkleAngles_ax1_absLminusR,7,0.6470588235294118,0.5714285714285714
AnkleAngles_ax1_absLminusR,8,0.5882352941176471,0.5714285714285714
AnkleAngles_ax1_absLminusR,9,0.5882352941176471,0.5
AnkleAngles_ax1_absLminusR,10,0.5294117647058824,0.6428571428571429
AnkleAngles_ax1_absLminusR,11,0.5882352941176471,0.5714285714285714
AnkleAngles_ax1_absLminusR,12,0.5294117647058824,0.5
AnkleAngles_ax1_absLminusR,13,0.7058823529411765,0.5714285714285714
AnkleAngles_ax1_absLminusR,14,0.5882352941176471,0.7142857142857143
AnkleAngles_ax1_absLminusR,15,0.5882352941176471,0.5
AnkleAngles_ax1_absLminusR,16,0.5294117647058824,0.5
AnkleAngles_ax1_absLminusR,17,0.5294117647058824,0.5
AnkleAngles_ax1_absLminusR,18,0.6470588235294118,0.5714285714285714
AnkleAngles_ax1_absLminusR,19,0.5882352941176471,0.5714285714285714
AnkleAngles_ax1_absLminusR,20,0.5882352941176471,0.6428571428571429
AnkleAngles_ax1_absLminusR,21,0.5882352941176471,0.6428571428571429
AnkleAngles_ax1_absLminusR,22,0.5294117647058824,0.7142857142857143
AnkleAngles_ax1_absLminusR,23,0.5882352941176471,0.7142857142857143
AnkleAngles_ax1_absLminusR,24,0.5882352941176471,0.6428571428571429
AnkleAngles_ax1_absLminusR,25,0.5882352941176471,0.7142857142857143
AnkleAngles_ax1_absLminusR,26,0.7058823529411765,0.7142857142857143
AnkleAngles_ax1_absLminusR,27,0.7058823529411765,0.7142857142857143
AnkleAngles_ax1_absLminusR,28,0.7058823529411765,0.7142857142857143
AnkleAngles_ax1_absLminusR,29,0.6470588235294118,0.7857142857142857
AnkleAngles_ax1_absLminusR,30,0.5882352941176471,0.7857142857142857
AnkleAngles_ax1_absLminusR,31,0.5294117647058824,0.7142857142857143
AnkleAngles_ax1_absLminusR,32,0.5294117647058824,0.7142857142857143
AnkleAngles_ax1_absLminusR,33,0.5294117647058824,0.7142857142857143
AnkleAngles_ax1_absLminusR,34,0.5294117647058824,0.6428571428571429
AnkleAngles_ax1_absLminusR,35,0.5882352941176471,0.5714285714285714
AnkleAngles_ax1_absLminusR,36,0.6470588235294118,0.6428571428571429
AnkleAngles_ax1_absLminusR,37,0.7058823529411765,0.7142857142857143
AnkleAngles_ax1_absLminusR,38,0.7647058823529411,0.7142857142857143
AnkleAngles_ax1_absLminusR,39,0.7647058823529411,0.6428571428571429
AnkleAngles_ax1_absLminusR,40,0.6470588235294118,0.7857142857142857
AnkleAngles_ax1_absLminusR,41,0.6470588235294118,0.7857142857142857
AnkleAngles_ax1_absLminusR,42,0.7058823529411765,0.7857142857142857
AnkleAngles_ax1_absLminusR,43,0.7058823529411765,0.7857142857142857
AnkleAngles_ax1_absLminusR,44,0.7058823529411765,0.7857142857142857
AnkleAngles_ax1_absLminusR,45,0.6470588235294118,0.7857142857142857
AnkleAngles_ax1_absLminusR,46,0.6470588235294118,0.7857142857142857
AnkleAngles_ax1_absLminusR,47,0.6470588235294118,0.7142857142857143
AnkleAngles_ax1_absLminusR,48,0.5882352941176471,0.7142857142857143
AnkleAngles_ax1_absLminusR,49,0.5882352941176471,0.7857142857142857
AnkleAngles_ax1_absLminusR,50,0.5882352941176471,0.7857142857142857
AnkleAngles_ax1_absLminusR,51,0.5882352941176471,0.7142857142857143
AnkleAngles_ax1_absLminusR,52,0.5882352941176471,0.7142857142857143
AnkleAngles_ax1_absLminusR,53,0.5882352941176471,0.7142857142857143
AnkleAngles_ax1_absLminusR,54,0.6470588235294118,0.5714285714285714
AnkleAngles_ax1_absLminusR,55,0.5882352941176471,0.6428571428571429
AnkleAngles_ax1_absLminusR,56,0.7058823529411765,0.5714285714285714
AnkleAngles_ax1_absLminusR,57,0.7058823529411765,0.5714285714285714
AnkleAngles_ax1_absLminusR,58,0.6470588235294118,0.6428571428571429
AnkleAngles_ax1_absLminusR,59,0.5882352941176471,0.5714285714285714
AnkleAngles_ax1_absLminusR,60,0.7647058823529411,0.6428571428571429
AnkleAngles_ax1_absLminusR,61,0.7058823529411765,0.7142857142857143
AnkleAngles_ax1_absLminusR,62,0.6470588235294118,0.6428571428571429
AnkleAngles_ax1_absLminusR,63,0.5294117647058824,0.5714285714285714
AnkleAngles_ax1_absLminusR,64,0.5294117647058824,0.5714285714285714
AnkleAngles_ax1_absLminusR,65,0.5294117647058824,0.6428571428571429
AnkleAngles_ax1_absLminusR,66,0.5882352941176471,0.5714285714285714
AnkleAngles_ax1_absLminusR,67,0.7058823529411765,0.5714285714285714
AnkleAngles_ax1_absLminusR,68,0.7058823529411765,0.5714285714285714
AnkleAngles_ax1_absLminusR,69,0.6470588235294118,0.5
AnkleAngles_ax1_absLminusR,70,0.7058823529411765,0.5714285714285714
AnkleAngles_ax1_absLminusR,71,0.7058823529411765,0.6428571428571429
AnkleAngles_ax1_absLminusR,72,0.7058823529411765,0.5714285714285714
AnkleAngles_ax1_absLminusR,73,0.6470588235294118,0.5714285714285714
AnkleAngles_ax1_absLminusR,74,0.5882352941176471,0.5714285714285714
AnkleAngles_ax1_absLminusR,75,0.5294117647058824,0.5714285714285714
AnkleAngles_ax1_absLminusR,76,0.5294117647058824,0.7142857142857143
AnkleAngles_ax1_absLminusR,77,0.5294117647058824,0.7142857142857143
AnkleAngles_ax1_absLminusR,78,0.5294117647058824,0.5714285714285714
AnkleAngles_ax1_absLminusR,79,0.5882352941176471,0.5714285714285714
AnkleAngles_ax1_absLminusR,80,0.5294117647058824,0.5
AnkleAngles_ax1_absLminusR,81,0.5294117647058824,0.5714285714285714
AnkleAngles_ax1_absLminusR,82,0.5294117647058824,0.6428571428571429
AnkleAngles_ax1_absLminusR,83,0.5294117647058824,0.5
AnkleAngles_ax1_absLminusR,84,0.5294117647058824,0.6428571428571429
AnkleAngles_ax1_absLminusR,85,0.5294117647058824,0.6428571428571429
AnkleAngles_ax1_absLminusR,86,0.5294117647058824,0.5
AnkleAngles_ax1_absLminusR,87,0.5294117647058824,0.5
AnkleAngles_ax1_absLminusR,88,0.5294117647058824,0.5
AnkleAngles_ax1_absLminusR,89,0.5294117647058824,0.5714285714285714
AnkleAngles_ax1_absLminusR,90,0.5294117647058824,0.6428571428571429
AnkleAngles_ax1_absLminusR,91,0.5294117647058824,0.5714285714285714
AnkleAngles_ax1_absLminusR,92,0.5294117647058824,0.5714285714285714
AnkleAngles_ax1_absLminusR,93,0.5294117647058824,0.5
AnkleAngles_ax1_absLminusR,94,0.5294117647058824,0.5
AnkleAngles_ax1_absLminusR,95,0.5294117647058824,0.5
AnkleAngles_ax1_absLminusR,96,0.5294117647058824,0.5
AnkleAngles_ax1_absLminusR,97,0.5294117647058824,0.5
AnkleAngles_ax1_absLminusR,98,0.5294117647058824,0.5
AnkleAngles_ax1_absLminusR,99,0.5294117647058824,0.5714285714285714
AnkleAngles_ax1_absLminusR,100,0.5294117647058824,0.5714285714285714
FootProgressAngles_ax1_LminusR,0,0.6470588235294118,0.6428571428571429
FootProgressAngles_ax1_LminusR,1,0.6470588235294118,0.6428571428571429
FootProgressAngles_ax1_LminusR,2,0.6470588235294118,0.6428571428571429
FootProgressAngles_ax1_LminusR,3,0.6470588235294118,0.6428571428571429
FootProgressAngles_ax1_LminusR,4,0.6470588235294118,0.6428571428571429
FootProgressAngles_ax1_LminusR,5,0.6470588235294118,0.6428571428571429
FootProgressAngles_ax1_LminusR,6,0.6470588235294118,0.6428571428571429
FootProgressAngles_ax1_LminusR,7,0.6470588235294118,0.7142857142857143
FootProgressAngles_ax1_LminusR,8,0.6470588235294118,0.7142857142857143
FootProgressAngles_ax1_LminusR,9,0.6470588235294118,0.7142857142857143
FootProgressAngles_ax1_LminusR,10,0.6470588235294118,0.7142857142857143
FootProgressAngles_ax1_LminusR,11,0.6470588235294118,0.7142857142857143
FootProgressAngles_ax1_LminusR,12,0.6470588235294118,0.7142857142857143
FootProgressAngles_ax1_LminusR,13,0.6470588235294118,0.7142857142857143
FootProgressAngles_ax1_LminusR,14,0.6470588235294118,0.6428571428571429
FootProgressAngles_ax1_LminusR,15,0.6470588235294118,0.6428571428571429
FootProgressAngles_ax1_LminusR,16,0.6470588235294118,0.6428571428571429
FootProgressAngles_ax1_LminusR,17,0.6470588235294118,0.6428571428571429
FootProgressAngles_ax1_LminusR,18,0.6470588235294118,0.6428571428571429
FootProgressAngles_ax1_LminusR,19,0.6470588235294118,0.6428571428571429
FootProgressAngles_ax1_LminusR,20,0.6470588235294118,0.6428571428571429
FootProgressAngles_ax1_LminusR,21,0.6470588235294118,0.6428571428571429
FootProgressAngles_ax1_LminusR,22,0.6470588235294118,0.6428571428571429
FootProgressAngles_ax1_LminusR,23,0.6470588235294118,0.6428571428571429
FootProgressAngles_ax1_LminusR,24,0.6470588235294118,0.6428571428571429
FootProgressAngles_ax1_LminusR,25,0.6470588235294118,0.6428571428571429
FootProgressAngles_ax1_LminusR,26,0.6470588235294118,0.6428571428571429
FootProgressAngles_ax1_LminusR,27,0.6470588235294118,0.7142857142857143
FootProgressAngles_ax1_LminusR,28,0.6470588235294118,0.7142857142857143
FootProgressAngles_ax1_LminusR,29,0.6470588235294118,0.7142857142857143
FootProgressAngles_ax1_LminusR,30,0.6470588235294118,0.7142857142857143
FootProgressAngles_ax1_LminusR,31,0.6470588235294118,0.6428571428571429
FootProgressAngles_ax1_LminusR,32,0.6470588235294118,0.6428571428571429
FootProgressAngles_ax1_LminusR,33,0.6470588235294118,0.6428571428571429
FootProgressAngles_ax1_LminusR,34,0.5882352941176471,0.7142857142857143
FootProgressAngles_ax1_LminusR,35,0.5882352941176471,0.7142857142857143
FootProgressAngles_ax1_LminusR,36,0.5882352941176471,0.6428571428571429
FootProgressAngles_ax1_LminusR,37,0.5294117647058824,0.5714285714285714
FootProgressAngles_ax1_LminusR,38,0.7647058823529411,0.5714285714285714
FootProgressAngles_ax1_LminusR,39,0.5294117647058824,0.6428571428571429
FootProgressAngles_ax1_LminusR,40,0.5294117647058824,0.5714285714285714
FootProgressAngles_ax1_LminusR,41,0.5294117647058824,0.5714285714285714
FootProgressAngles_ax1_LminusR,42,0.5882352941176471,0.5714285714285714
FootProgressAngles_ax1_LminusR,43,0.6470588235294118,0.6428571428571429
FootProgressAngles_ax1_LminusR,44,0.6470588235294118,0.6428571428571429
FootProgressAngles_ax1_LminusR,45,0.6470588235294118,0.6428571428571429
FootProgressAngles_ax1_LminusR,46,0.6470588235294118,0.6428571428571429
FootProgressAngles_ax1_LminusR,47,0.6470588235294118,0.6428571428571429
FootProgressAngles_ax1_LminusR,48,0.6470588235294118,0.6428571428571429
FootProgressAngles_ax1_LminusR,49,0.6470588235294118,0.6428571428571429
FootProgressAngles_ax1_LminusR,50,0.6470588235294118,0.6428571428571429
FootProgressAngles_ax1_LminusR,51,0.6470588235294118,0.6428571428571429
FootProgressAngles_ax1_LminusR,52,0.6470588235294118,0.6428571428571429
FootProgressAngles_ax1_LminusR,53,0.6470588235294118,0.6428571428571429
FootProgressAngles_ax1_LminusR,54,0.6470588235294118,0.6428571428571429
FootProgressAngles_ax1_LminusR,55,0.6470588235294118,0.6428571428571429
FootProgressAngles_ax1_LminusR,56,0.6470588235294118,0.6428571428571429
FootProgressAngles_ax1_LminusR,57,0.6470588235294118,0.6428571428571429
FootProgressAngles_ax1_LminusR,58,0.6470588235294118,0.6428571428571429
FootProgressAngles_ax1_LminusR,59,0.6470588235294118,0.6428571428571429
FootProgressAngles_ax1_LminusR,60,0.6470588235294118,0.6428571428571429
FootProgressAngles_ax1_LminusR,61,0.6470588235294118,0.6428571428571429
FootProgressAngles_ax1_LminusR,62,0.6470588235294118,0.6428571428571429
FootProgressAngles_ax1_LminusR,63,0.6470588235294118,0.6428571428571429
FootProgressAngles_ax1_LminusR,64,0.6470588235294118,0.6428571428571429
FootProgressAngles_ax1_LminusR,65,0.6470588235294118,0.6428571428571429
FootProgressAngles_ax1_LminusR,66,0.6470588235294118,0.6428571428571429
FootProgressAngles_ax1_LminusR,67,0.6470588235294118,0.6428571428571429
FootProgressAngles_ax1_LminusR,68,0.6470588235294118,0.6428571428571429
FootProgressAngles_ax1_LminusR,69,0.6470588235294118,0.6428571428571429
FootProgressAngles_ax1_LminusR,70,0.6470588235294118,0.6428571428571429
FootProgressAngles_ax1_LminusR,71,0.6470588235294118,0.6428571428571429
FootProgressAngles_ax1_LminusR,72,0.6470588235294118,0.6428571428571429
FootProgressAngles_ax1_LminusR,73,0.6470588235294118,0.6428571428571429
FootProgressAngles_ax1_LminusR,74,0.6470588235294118,0.6428571428571429
FootProgressAngles_ax1_LminusR,75,0.6470588235294118,0.6428571428571429
FootProgressAngles_ax1_LminusR,76,0.6470588235294118,0.6428571428571429
FootProgressAngles_ax1_LminusR,77,0.6470588235294118,0.6428571428571429
FootProgressAngles_ax1_LminusR,78,0.6470588235294118,0.6428571428571429
FootProgressAngles_ax1_LminusR,79,0.6470588235294118,0.6428571428571429
FootProgressAngles_ax1_LminusR,80,0.6470588235294118,0.6428571428571429
FootProgressAngles_ax1_LminusR,81,0.6470588235294118,0.6428571428571429
FootProgressAngles_ax1_LminusR,82,0.6470588235294118,0.6428571428571429
FootProgressAngles_ax1_LminusR,83,0.6470588235294118,0.6428571428571429
FootProgressAngles_ax1_LminusR,84,0.6470588235294118,0.6428571428571429
FootProgressAngles_ax1_LminusR,85,0.6470588235294118,0.6428571428571429
FootProgressAngles_ax1_LminusR,86,0.6470588235294118,0.6428571428571429
FootProgressAngles_ax1_LminusR,87,0.5882352941176471,0.7142857142857143
FootProgressAngles_ax1_LminusR,88,0.6470588235294118,0.5
FootProgressAngles_ax1_LminusR,89,0.5294117647058824,0.5
FootProgressAngles_ax1_LminusR,90,0.6470588235294118,0.6428571428571429
FootProgressAngles_ax1_LminusR,91,0.5882352941176471,0.5
FootProgressAngles_ax1_LminusR,92,0.5882352941176471,0.6428571428571429
FootProgressAngles_ax1_LminusR,93,0.5882352941176471,0.5714285714285714
FootProgressAngles_ax1_LminusR,94,0.5882352941176471,0.6428571428571429
FootProgressAngles_ax1_LminusR,95,0.6470588235294118,0.6428571428571429
FootProgressAngles_ax1_LminusR,96,0.6470588235294118,0.6428571428571429
FootProgressAngles_ax1_LminusR,97,0.6470588235294118,0.6428571428571429
FootProgressAngles_ax1_LminusR,98,0.6470588235294118,0.6428571428571429
FootProgressAngles_ax1_LminusR,99,0.6470588235294118,0.6428571428571429
FootProgressAngles_ax1_LminusR,100,0.6470588235294118,0.6428571428571429
FootProgressAngles_ax1_absLminusR,0,0.7058823529411765,0.6428571428571429
FootProgressAngles_ax1_absLminusR,1,0.7058823529411765,0.6428571428571429
FootProgressAngles_ax1_absLminusR,2,0.7058823529411765,0.5714285714285714
FootProgressAngles_ax1_absLminusR,3,0.7058823529411765,0.5714285714285714
FootProgressAngles_ax1_absLminusR,4,0.6470588235294118,0.5714285714285714
FootProgressAngles_ax1_absLminusR,5,0.5294117647058824,0.5714285714285714
FootProgressAngles_ax1_absLminusR,6,0.5294117647058824,0.6428571428571429
FootProgressAngles_ax1_absLminusR,7,0.5294117647058824,0.6428571428571429
FootProgressAngles_ax1_absLminusR,8,0.5294117647058824,0.5714285714285714
FootProgressAngles_ax1_absLminusR,9,0.5882352941176471,0.5714285714285714
FootProgressAngles_ax1_absLminusR,10,0.5882352941176471,0.5714285714285714
FootProgressAngles_ax1_absLminusR,11,0.5882352941176471,0.5714285714285714
FootProgressAngles_ax1_absLminusR,12,0.5882352941176471,0.5714285714285714
FootProgressAngles_ax1_absLminusR,13,0.5882352941176471,0.5
FootProgressAngles_ax1_absLminusR,14,0.5882352941176471,0.5714285714285714
FootProgressAngles_ax1_absLminusR,15,0.5882352941176471,0.5714285714285714
FootProgressAngles_ax1_absLminusR,16,0.5882352941176471,0.5714285714285714
FootProgressAngles_ax1_absLminusR,17,0.5294117647058824,0.7142857142857143
FootProgressAngles_ax1_absLminusR,18,0.5294117647058824,0.6428571428571429
FootProgressAngles_ax1_absLminusR,19,0.5294117647058824,0.6428571428571429
FootProgressAngles_ax1_absLminusR,20,0.5294117647058824,0.6428571428571429
FootProgressAngles_ax1_absLminusR,21,0.5294117647058824,0.5714285714285714
FootProgressAngles_ax1_absLminusR,22,0.5294117647058824,0.5
FootProgressAngles_ax1_absLminusR,23,0.7058823529411765,0.5714285714285714
FootProgressAngles_ax1_absLminusR,24,0.7058823529411765,0.5714285714285714
FootProgressAngles_ax1_absLminusR,25,0.6470588235294118,0.5714285714285714
FootProgressAngles_ax1_absLminusR,26,0.6470588235294118,0.6428571428571429
FootProgressAngles_ax1_absLminusR,27,0.6470588235294118,0.6428571428571429
FootProgressAngles_ax1_absLminusR,28,0.6470588235294118,0.6428571428571429
FootProgressAngles_ax1_absLminusR,29,0.6470588235294118,0.6428571428571429
FootProgressAngles_ax1_absLminusR,30,0.6470588235294118,0.6428571428571429
FootProgressAngles_ax1_absLminusR,31,0.6470588235294118,0.6428571428571429
FootProgressAngles_ax1_absLminusR,32,0.6470588235294118,0.5714285714285714
FootProgressAngles_ax1_absLminusR,33,0.6470588235294118,0.5714285714285714
FootProgressAngles_ax1_absLminusR,34,0.5294117647058824,0.5
FootProgressAngles_ax1_absLminusR,35,0.5882352941176471,0.6428571428571429
FootProgressAngles_ax1_absLminusR,36,0.7058823529411765,0.6428571428571429
FootProgressAngles_ax1_absLminusR,37,0.6470588235294118,0.5714285714285714
FootProgressAngles_ax1_absLminusR,38,0.5882352941176471,0.5714285714285714
FootProgressAngles_ax1_absLminusR,39,0.8235294117647058,0.7857142857142857
FootProgressAngles_ax1_absLminusR,40,0.7058823529411765,0.5714285714285714
FootProgressAngles_ax1_absLminusR,41,0.5294117647058824,0.5
FootProgressAngles_ax1_absLminusR,42,0.7647058823529411,0.5714285714285714
FootProgressAngles_ax1_absLminusR,43,0.7647058823529411,0.6428571428571429
FootProgressAngles_ax1_absLminusR,44,0.7058823529411765,0.6428571428571429
FootProgressAngles_ax1_absLminusR,45,0.5294117647058824,0.6428571428571429
FootProgressAngles_ax1_absLminusR,46,0.5294117647058824,0.6428571428571429
FootProgressAngles_ax1_absLminusR,47,0.5294117647058824,0.5714285714285714
FootProgressAngles_ax1_absLminusR,48,0.5294117647058824,0.5
FootProgressAngles_ax1_absLminusR,49,0.5882352941176471,0.5
FootProgressAngles_ax1_absLminusR,50,0.5294117647058824,0.5
FootProgressAngles_ax1_absLminusR,51,0.5882352941176471,0.5714285714285714
FootProgressAngles_ax1_absLminusR,52,0.5882352941176471,0.5714285714285714
FootProgressAngles_ax1_absLminusR,53,0.5882352941176471,0.5714285714285714
FootProgressAngles_ax1_absLminusR,54,0.5882352941176471,0.6428571428571429
FootProgressAngles_ax1_absLminusR,55,0.5294117647058824,0.5714285714285714
FootProgressAngles_ax1_absLminusR,56,0.5294117647058824,0.5714285714285714
FootProgressAngles_ax1_absLminusR,57,0.5294117647058824,0.5714285714285714
FootProgressAngles_ax1_absLminusR,58,0.5294117647058824,0.5
FootProgressAngles_ax1_absLminusR,59,0.5294117647058824,0.5
FootProgressAngles_ax1_absLminusR,60,0.5294117647058824,0.5
FootProgressAngles_ax1_absLminusR,61,0.5294117647058824,0.5
FootProgressAngles_ax1_absLminusR,62,0.5882352941176471,0.5
FootProgressAngles_ax1_absLminusR,63,0.5294117647058824,0.5714285714285714
FootProgressAngles_ax1_absLminusR,64,0.5294117647058824,0.5714285714285714
FootProgressAngles_ax1_absLminusR,65,0.5882352941176471,0.5
FootProgressAngles_ax1_absLminusR,66,0.5882352941176471,0.5
FootProgressAngles_ax1_absLminusR,67,0.5882352941176471,0.5
FootProgressAngles_ax1_absLminusR,68,0.5882352941176471,0.5714285714285714
FootProgressAngles_ax1_absLminusR,69,0.8235294117647058,0.5714285714285714
FootProgressAngles_ax1_absLminusR,70,0.7647058823529411,0.6428571428571429
FootProgressAngles_ax1_absLminusR,71,0.7647058823529411,0.7142857142857143
FootProgressAngles_ax1_absLminusR,72,0.6470588235294118,0.7142857142857143
FootProgressAngles_ax1_absLminusR,73,0.6470588235294118,0.7142857142857143
FootProgressAngles_ax1_absLminusR,74,0.5882352941176471,0.7142857142857143
FootProgressAngles_ax1_absLminusR,75,0.5882352941176471,0.6428571428571429
FootProgressAngles_ax1_absLminusR,76,0.5294117647058824,0.6428571428571429
FootProgressAngles_ax1_absLminusR,77,0.5294117647058824,0.6428571428571429
FootProgressAngles_ax1_absLminusR,78,0.5882352941176471,0.6428571428571429
FootProgressAngles_ax1_absLminusR,79,0.5882352941176471,0.6428571428571429
FootProgressAngles_ax1_absLminusR,80,0.5294117647058824,0.6428571428571429
FootProgressAngles_ax1_absLminusR,81,0.5294117647058824,0.6428571428571429
FootProgressAngles_ax1_absLminusR,82,0.5882352941176471,0.5714285714285714
FootProgressAngles_ax1_absLminusR,83,0.5882352941176471,0.5714285714285714
FootProgressAngles_ax1_absLminusR,84,0.6470588235294118,0.5714285714285714
FootProgressAngles_ax1_absLminusR,85,0.6470588235294118,0.5714285714285714
FootProgressAngles_ax1_absLminusR,86,0.7058823529411765,0.5714285714285714
FootProgressAngles_ax1_absLminusR,87,0.6470588235294118,0.5714285714285714
FootProgressAngles_ax1_absLminusR,88,0.5882352941176471,0.6428571428571429
FootProgressAngles_ax1_absLminusR,89,0.7058823529411765,0.6428571428571429
FootProgressAngles_ax1_absLminusR,90,0.8235294117647058,0.5714285714285714
FootProgressAngles_ax1_absLminusR,91,0.6470588235294118,0.6428571428571429
FootProgressAngles_ax1_absLminusR,92,0.5882352941176471,0.5714285714285714
FootProgressAngles_ax1_absLminusR,93,0.5882352941176471,0.6428571428571429
FootProgressAngles_ax1_absLminusR,94,0.5882352941176471,0.7142857142857143
FootProgressAngles_ax1_absLminusR,95,0.6470588235294118,0.7142857142857143
FootProgressAngles_ax1_absLminusR,96,0.7058823529411765,0.6428571428571429
FootProgressAngles_ax1_absLminusR,97,0.7647058823529411,0.6428571428571429
FootProgressAngles_ax1_absLminusR,98,0.7647058823529411,0.6428571428571429
FootProgressAngles_ax1_absLminusR,99,0.7647058823529411,0.6428571428571429
FootProgressAngles_ax1_absLminusR,100,0.6470588235294118,0.6428571428571429
