channel,time_percent,control_median,n_control,level
LASI_ax1,0,711.8948364257812,14,secondary
LASI_ax1,1,712.0436096191406,14,secondary
LASI_ax1,2,727.0411682128906,14,secondary
LASI_ax1,3,743.0980529785156,14,secondary
LASI_ax1,4,743.619140625,14,secondary
LASI_ax1,5,744.1613159179688,14,secondary
LASI_ax1,6,744.716064453125,14,secondary
LASI_ax1,7,756.2309265136719,14,secondary
LASI_ax1,8,764.4744720458984,14,secondary
LASI_ax1,9,772.7088928222656,14,secondary
LASI_ax1,10,778.7092895507812,14,secondary
LASI_ax1,11,781.9383239746094,14,secondary
LASI_ax1,12,790.0426635742188,14,secondary
LASI_ax1,13,797.9630432128906,14,secondary
LASI_ax1,14,805.1508026123047,14,secondary
LASI_ax1,15,801.0777130126953,14,secondary
LASI_ax1,16,815.5237274169922,14,secondary
LASI_ax1,17,829.3082122802734,14,secondary
LASI_ax1,18,835.6068267822266,14,secondary
LASI_ax1,19,841.7995452880859,14,secondary
LASI_ax1,20,839.8204193115234,14,secondary
LASI_ax1,21,844.2624206542969,14,secondary
LASI_ax1,22,850.0195922851562,14,secondary
LASI_ax1,23,855.7640686035156,14,secondary
LASI_ax1,24,861.5230560302734,14,secondary
LASI_ax1,25,871.3640594482422,14,secondary
LASI_ax1,26,883.4604034423828,14,secondary
LASI_ax1,27,895.6067047119141,14,secondary
LASI_ax1,28,905.7747192382812,14,secondary
LASI_ax1,29,906.6611022949219,14,secondary
LASI_ax1,30,907.6175537109375,14,secondary
LASI_ax1,31,901.0903625488281,14,secondary
LASI_ax1,32,894.6581726074219,14,secondary
LASI_ax1,33,894.9051971435547,14,secondary
LASI_ax1,34,901.5057220458984,14,secondary
LASI_ax1,35,908.1415557861328,14,secondary
LASI_ax1,36,921.7486267089844,14,secondary
LASI_ax1,37,935.2882690429688,14,secondary
LASI_ax1,38,936.01953125,14,secondary
LASI_ax1,39,945.0339050292969,14,secondary
LASI_ax1,40,959.7965087890625,14,secondary
LASI_ax1,41,974.8157348632812,14,secondary
LASI_ax1,42,990.1017150878906,14,secondary
LASI_ax1,43,1005.636474609375,14,secondary
LASI_ax1,44,1021.3883972167969,14,secondary
LASI_ax1,45,1036.7446594238281,14,secondary
LASI_ax1,46,1027.7740631103516,14,secondary
LASI_ax1,47,1031.6576538085938,14,secondary
LASI_ax1,48,1038.5782470703125,14,secondary
LASI_ax1,49,1047.330078125,14,secondary
LASI_ax1,50,1062.5306701660156,14,secondary
LASI_ax1,51,1065.3966369628906,14,secondary
LASI_ax1,52,1065.1158599853516,14,secondary
LASI_ax1,53,1055.1143188476562,14,secondary
LASI_ax1,54,1038.7559204101562,14,secondary
LASI_ax1,55,1028.7485961914062,14,secondary
LASI_ax1,56,1037.4354858398438,14,secondary
LASI_ax1,57,1052.6250610351562,14,secondary
LASI_ax1,58,1065.7814483642578,14,secondary
LASI_ax1,59,1065.4346923828125,14,secondary
LASI_ax1,60,1080.0988159179688,14,secondary
LASI_ax1,61,1088.684814453125,14,secondary
LASI_ax1,62,1095.2725830078125,14,secondary
LASI_ax1,63,1087.7123718261719,14,secondary
LASI_ax1,64,1081.7079162597656,14,secondary
LASI_ax1,65,1089.9733581542969,14,secondary
LASI_ax1,66,1098.0306701660156,14,secondary
LASI_ax1,67,1105.8838195800781,14,secondary
LASI_ax1,68,1113.5482482910156,14,secondary
LASI_ax1,69,1121.0348815917969,14,secondary
LASI_ax1,70,1129.9642944335938,14,secondary
LASI_ax1,71,1142.6403198242188,14,secondary
LASI_ax1,72,1155.1643676757812,14,secondary
LASI_ax1,73,1167.5380859375,14,secondary
LASI_ax1,74,1179.7800903320312,14,secondary
LASI_ax1,75,1191.9327392578125,14,secondary
LASI_ax1,76,1204.0440673828125,14,secondary
LASI_ax1,77,1216.127197265625,14,secondary
LASI_ax1,78,1228.1734008789062,14,secondary
LASI_ax1,79,1240.1987915039062,14,secondary
LASI_ax1,80,1252.2582397460938,14,secondary
LASI_ax1,81,1264.402099609375,14,secondary
LASI_ax1,82,1276.6439819335938,14,secondary
LASI_ax1,83,1275.91943359375,14,secondary
LASI_ax1,84,1274.4912719726562,14,secondary
LASI_ax1,85,1273.0711975097656,14,secondary
LASI_ax1,86,1271.6509094238281,14,secondary
LASI_ax1,87,1268.3030395507812,14,secondary
LASI_ax1,88,1267.992431640625,14,secondary
LASI_ax1,89,1267.7420654296875,14,secondary
LASI_ax1,90,1277.5863647460938,14,secondary
LASI_ax1,91,1290.7015380859375,14,secondary
LASI_ax1,92,1303.9542236328125,14,secondary
LASI_ax1,93,1312.0772094726562,14,secondary
LASI_ax1,94,1311.1441650390625,14,secondary
LASI_ax1,95,1300.5656127929688,14,secondary
LASI_ax1,96,1305.1063842773438,14,secondary
LASI_ax1,97,1318.7097473144531,14,secondary
LASI_ax1,98,1332.51904296875,14,secondary
LASI_ax1,99,1340.4626159667969,14,secondary
LASI_ax1,100,1348.4455871582031,14,secondary
LASI_ax2,0,348.57366943359375,14,secondary
LASI_ax2,1,348.9910888671875,14,secondary
LASI_ax2,2,349.4903564453125,14,secondary
LASI_ax2,3,350.2262878417969,14,secondary
LASI_ax2,4,351.2193145751953,14,secondary
LASI_ax2,5,352.737060546875,14,secondary
LASI_ax2,6,354.35394287109375,14,secondary
LASI_ax2,7,356.04864501953125,14,secondary
LASI_ax2,8,357.79762268066406,14,secondary
LASI_ax2,9,359.5760040283203,14,secondary
LASI_ax2,10,361.3575744628906,14,secondary
LASI_ax2,11,363.11529541015625,14,secondary
LASI_ax2,12,364.8223876953125,14,secondary
LASI_ax2,13,365.60325622558594,14,secondary
LASI_ax2,14,366.1238250732422,14,secondary
LASI_ax2,15,366.55931091308594,14,secondary
LASI_ax2,16,366.9173126220703,14,secondary
LASI_ax2,17,367.2133026123047,14,secondary
LASI_ax2,18,367.48194885253906,14,secondary
LASI_ax2,19,368.5344696044922,14,secondary
LASI_ax2,20,369.53114318847656,14,secondary
LASI_ax2,21,370.49505615234375,14,secondary
LASI_ax2,22,371.4443359375,14,secondary
LASI_ax2,23,372.39015197753906,14,secondary
LASI_ax2,24,373.3362274169922,14,secondary
LASI_ax2,25,373.5508117675781,14,secondary
LASI_ax2,26,372.6205139160156,14,secondary
LASI_ax2,27,371.6875915527344,14,secondary
LASI_ax2,28,370.7957000732422,14,secondary
LASI_ax2,29,369.9731140136719,14,secondary
LASI_ax2,30,369.23118591308594,14,secondary
LASI_ax2,31,368.5774841308594,14,secondary
LASI_ax2,32,367.99908447265625,14,secondary
LASI_ax2,33,367.49261474609375,14,secondary
LASI_ax2,34,367.05535888671875,14,secondary
LASI_ax2,35,366.68418884277344,14,secondary
LASI_ax2,36,366.38507080078125,14,secondary
LASI_ax2,37,366.1513366699219,14,secondary
LASI_ax2,38,365.98695373535156,14,secondary
LASI_ax2,39,365.8966369628906,14,secondary
LASI_ax2,40,365.8836212158203,14,secondary
LASI_ax2,41,365.9605712890625,14,secondary
LASI_ax2,42,366.110107421875,14,secondary
LASI_ax2,43,366.3265380859375,14,secondary
LASI_ax2,44,366.6053161621094,14,secondary
LASI_ax2,45,366.9301300048828,14,secondary
LASI_ax2,46,367.23731994628906,14,secondary
LASI_ax2,47,367.65638732910156,14,secondary
LASI_ax2,48,368.1531066894531,14,secondary
LASI_ax2,49,368.6968536376953,14,secondary
LASI_ax2,50,368.9591522216797,14,secondary
LASI_ax2,51,369.1002960205078,14,secondary
LASI_ax2,52,369.15843200683594,14,secondary
LASI_ax2,53,369.1361083984375,14,secondary
LASI_ax2,54,369.0401153564453,14,secondary
LASI_ax2,55,368.99632263183594,14,secondary
LASI_ax2,56,369.68775939941406,14,secondary
LASI_ax2,57,371.06158447265625,14,secondary
LASI_ax2,58,371.11138916015625,14,secondary
LASI_ax2,59,370.770751953125,14,secondary
LASI_ax2,60,370.3301696777344,14,secondary
LASI_ax2,61,369.6385040283203,14,secondary
LASI_ax2,62,370.9776153564453,14,secondary
LASI_ax2,63,372.7729797363281,14,secondary
LASI_ax2,64,374.7973937988281,14,secondary
LASI_ax2,65,377.0062561035156,14,secondary
LASI_ax2,66,378.47862243652344,14,secondary
LASI_ax2,67,379.356689453125,14,secondary
LASI_ax2,68,381.23316955566406,14,secondary
LASI_ax2,69,383.6803436279297,14,secondary
LASI_ax2,70,385.06427001953125,14,secondary
LASI_ax2,71,386.9161071777344,14,secondary
LASI_ax2,72,387.60931396484375,14,secondary
LASI_ax2,73,387.6331329345703,14,secondary
LASI_ax2,74,387.65711975097656,14,secondary
LASI_ax2,75,387.6947479248047,14,secondary
LASI_ax2,76,387.7550506591797,14,secondary
LASI_ax2,77,387.84397888183594,14,secondary
LASI_ax2,78,387.1908264160156,14,secondary
LASI_ax2,79,385.79734802246094,14,secondary
LASI_ax2,80,384.29774475097656,14,secondary
LASI_ax2,81,382.7430877685547,14,secondary
LASI_ax2,82,381.1582794189453,14,secondary
LASI_ax2,83,379.52618408203125,14,secondary
LASI_ax2,84,377.833251953125,14,secondary
LASI_ax2,85,376.79331970214844,14,secondary
LASI_ax2,86,375.9447784423828,14,secondary
LASI_ax2,87,375.1404113769531,14,secondary
LASI_ax2,88,376.2137756347656,14,secondary
LASI_ax2,89,377.3439483642578,14,secondary
LASI_ax2,90,378.4450225830078,14,secondary
LASI_ax2,91,378.28131103515625,14,secondary
LASI_ax2,92,377.7404327392578,14,secondary
LASI_ax2,93,377.26039123535156,14,secondary
LASI_ax2,94,377.1728973388672,14,secondary
LASI_ax2,95,378.1463317871094,14,secondary
LASI_ax2,96,379.2705841064453,14,secondary
LASI_ax2,97,380.1769714355469,14,secondary
LASI_ax2,98,381.07411193847656,14,secondary
LASI_ax2,99,381.9668426513672,14,secondary
LASI_ax2,100,382.87278747558594,14,secondary
LASI_ax3,0,900.7178497314453,14,secondary
LASI_ax3,1,898.6717224121094,14,secondary
LASI_ax3,2,896.3334350585938,14,secondary
LASI_ax3,3,894.3205871582031,14,secondary
LASI_ax3,4,892.1833038330078,14,secondary
LASI_ax3,5,890.7946624755859,14,secondary
LASI_ax3,6,890.5009918212891,14,secondary
LASI_ax3,7,890.1031799316406,14,secondary
LASI_ax3,8,890.2048034667969,14,secondary
LASI_ax3,9,891.1465301513672,14,secondary
LASI_ax3,10,892.4378814697266,14,secondary
LASI_ax3,11,893.7658233642578,14,secondary
LASI_ax3,12,895.5982055664062,14,secondary
LASI_ax3,13,898.0832214355469,14,secondary
LASI_ax3,14,900.8939208984375,14,secondary
LASI_ax3,15,903.9033355712891,14,secondary
LASI_ax3,16,905.9034271240234,14,secondary
LASI_ax3,17,907.2523345947266,14,secondary
LASI_ax3,18,908.5814666748047,14,secondary
LASI_ax3,19,910.2027893066406,14,secondary
LASI_ax3,20,911.4736328125,14,secondary
LASI_ax3,21,912.7776489257812,14,secondary
LASI_ax3,22,914.2039031982422,14,secondary
LASI_ax3,23,915.9181671142578,14,secondary
LASI_ax3,24,917.1629333496094,14,secondary
LASI_ax3,25,918.4873199462891,14,secondary
LASI_ax3,26,919.9074249267578,14,secondary
LASI_ax3,27,920.9857940673828,14,secondary
LASI_ax3,28,922.0977020263672,14,secondary
LASI_ax3,29,923.3699340820312,14,secondary
LASI_ax3,30,924.2418975830078,14,secondary
LASI_ax3,31,925.1833648681641,14,secondary
LASI_ax3,32,925.8770904541016,14,secondary
LASI_ax3,33,925.5919952392578,14,secondary
LASI_ax3,34,924.7227630615234,14,secondary
LASI_ax3,35,923.8876800537109,14,secondary
LASI_ax3,36,923.2541809082031,14,secondary
LASI_ax3,37,922.5328369140625,14,secondary
LASI_ax3,38,921.4577026367188,14,secondary
LASI_ax3,39,919.8907012939453,14,secondary
LASI_ax3,40,918.0783233642578,14,secondary
LASI_ax3,41,916.1266479492188,14,secondary
LASI_ax3,42,914.2652435302734,14,secondary
LASI_ax3,43,912.2589721679688,14,secondary
LASI_ax3,44,910.1605224609375,14,secondary
LASI_ax3,45,908.1632232666016,14,secondary
LASI_ax3,46,906.1349792480469,14,secondary
LASI_ax3,47,903.9394073486328,14,secondary
LASI_ax3,48,901.8000030517578,14,secondary
LASI_ax3,49,899.6018371582031,14,secondary
LASI_ax3,50,897.3790588378906,14,secondary
LASI_ax3,51,894.7582092285156,14,secondary
LASI_ax3,52,892.5395355224609,14,secondary
LASI_ax3,53,890.8589935302734,14,secondary
LASI_ax3,54,889.8053283691406,14,secondary
LASI_ax3,55,888.4369201660156,14,secondary
LASI_ax3,56,887.2852935791016,14,secondary
LASI_ax3,57,886.6612396240234,14,secondary
LASI_ax3,58,886.3057708740234,14,secondary
LASI_ax3,59,886.9640502929688,14,secondary
LASI_ax3,60,888.1672515869141,14,secondary
LASI_ax3,61,890.9766540527344,14,secondary
LASI_ax3,62,893.4880218505859,14,secondary
LASI_ax3,63,895.1297454833984,14,secondary
LASI_ax3,64,896.4374542236328,14,secondary
LASI_ax3,65,898.0232696533203,14,secondary
LASI_ax3,66,899.9990692138672,14,secondary
LASI_ax3,67,901.6801910400391,14,secondary
LASI_ax3,68,903.2907562255859,14,secondary
LASI_ax3,69,904.7919769287109,14,secondary
LASI_ax3,70,906.4011077880859,14,secondary
LASI_ax3,71,907.6251373291016,14,secondary
LASI_ax3,72,909.4944610595703,14,secondary
LASI_ax3,73,911.7887725830078,14,secondary
LASI_ax3,74,913.8126678466797,14,secondary
LASI_ax3,75,915.2096405029297,14,secondary
LASI_ax3,76,917.2966766357422,14,secondary
LASI_ax3,77,919.0904998779297,14,secondary
LASI_ax3,78,920.3574066162109,14,secondary
LASI_ax3,79,921.2826538085938,14,secondary
LASI_ax3,80,922.0463714599609,14,secondary
LASI_ax3,81,922.5186004638672,14,secondary
LASI_ax3,82,922.6318664550781,14,secondary
LASI_ax3,83,922.2458190917969,14,secondary
LASI_ax3,84,921.5841979980469,14,secondary
LASI_ax3,85,921.3675994873047,14,secondary
LASI_ax3,86,921.0713806152344,14,secondary
LASI_ax3,87,920.6631164550781,14,secondary
LASI_ax3,88,919.3304138183594,14,secondary
LASI_ax3,89,917.6307220458984,14,secondary
LASI_ax3,90,915.8460845947266,14,secondary
LASI_ax3,91,913.6688842773438,14,secondary
LASI_ax3,92,911.3596343994141,14,secondary
LASI_ax3,93,909.1765441894531,14,secondary
LASI_ax3,94,906.7512054443359,14,secondary
LASI_ax3,95,904.5327301025391,14,secondary
LASI_ax3,96,902.4053192138672,14,secondary
LASI_ax3,97,899.6665802001953,14,secondary
LASI_ax3,98,897.0419769287109,14,secondary
LASI_ax3,99,894.7998657226562,14,secondary
LASI_ax3,100,892.3481903076172,14,secondary
RASI_ax1,0,759.2903900146484,14,secondary
RASI_ax1,1,765.377197265625,14,secondary
RASI_ax1,2,765.3082885742188,14,secondary
RASI_ax1,3,753.2140808105469,14,secondary
RASI_ax1,4,740.716552734375,14,secondary
RASI_ax1,5,741.5291748046875,14,secondary
RASI_ax1,6,742.3649291992188,14,secondary
RASI_ax1,7,751.5872802734375,14,secondary
RASI_ax1,8,768.4254913330078,14,secondary
RASI_ax1,9,785.2235717773438,14,secondary
RASI_ax1,10,794.1267242431641,14,secondary
RASI_ax1,11,793.7937927246094,14,secondary
RASI_ax1,12,800.5454559326172,14,secondary
RASI_ax1,13,808.1103973388672,14,secondary
RASI_ax1,14,801.5365142822266,14,secondary
RASI_ax1,15,800.3641204833984,14,secondary
RASI_ax1,16,800.7291564941406,14,secondary
RASI_ax1,17,814.7021636962891,14,secondary
RASI_ax1,18,828.2937316894531,14,secondary
RASI_ax1,19,841.6244506835938,14,secondary
RASI_ax1,20,851.4734497070312,14,secondary
RASI_ax1,21,850.2207183837891,14,secondary
RASI_ax1,22,845.4117431640625,14,secondary
RASI_ax1,23,851.4321899414062,14,secondary
RASI_ax1,24,857.380126953125,14,secondary
RASI_ax1,25,863.2452087402344,14,secondary
RASI_ax1,26,871.1464691162109,14,secondary
RASI_ax1,27,883.0856170654297,14,secondary
RASI_ax1,28,894.9486236572266,14,secondary
RASI_ax1,29,906.7521514892578,14,secondary
RASI_ax1,30,917.6283111572266,14,secondary
RASI_ax1,31,916.6968383789062,14,secondary
RASI_ax1,32,914.5014343261719,14,secondary
RASI_ax1,33,910.8670349121094,14,secondary
RASI_ax1,34,912.5152130126953,14,secondary
RASI_ax1,35,922.7498168945312,14,secondary
RASI_ax1,36,932.94287109375,14,secondary
RASI_ax1,37,938.1464538574219,14,secondary
RASI_ax1,38,946.8625793457031,14,secondary
RASI_ax1,39,959.0181579589844,14,secondary
RASI_ax1,40,971.2994995117188,14,secondary
RASI_ax1,41,983.7189636230469,14,secondary
RASI_ax1,42,996.2457275390625,14,secondary
RASI_ax1,43,1008.8250427246094,14,secondary
RASI_ax1,44,1020.8111267089844,14,secondary
RASI_ax1,45,1026.5812072753906,14,secondary
RASI_ax1,46,1032.5897979736328,14,secondary
RASI_ax1,47,1038.1329040527344,14,secondary
RASI_ax1,48,1035.599853515625,14,secondary
RASI_ax1,49,1041.9732208251953,14,secondary
RASI_ax1,50,1050.103012084961,14,secondary
RASI_ax1,51,1062.7853698730469,14,secondary
RASI_ax1,52,1077.8775329589844,14,secondary
RASI_ax1,53,1082.7808837890625,14,secondary
RASI_ax1,54,1075.7800903320312,14,secondary
RASI_ax1,55,1066.0444946289062,14,secondary
RASI_ax1,56,1048.8592529296875,14,secondary
RASI_ax1,57,1042.4669189453125,14,secondary
RASI_ax1,58,1053.6397399902344,14,secondary
RASI_ax1,59,1069.5785064697266,14,secondary
RASI_ax1,60,1068.2359619140625,14,secondary
RASI_ax1,61,1074.8894653320312,14,secondary
RASI_ax1,62,1075.9824829101562,14,secondary
RASI_ax1,63,1084.6155395507812,14,secondary
RASI_ax1,64,1092.7153930664062,14,secondary
RASI_ax1,65,1103.259521484375,14,secondary
RASI_ax1,66,1102.1517028808594,14,secondary
RASI_ax1,67,1098.6722717285156,14,secondary
RASI_ax1,68,1105.8912658691406,14,secondary
RASI_ax1,69,1113.0856628417969,14,secondary
RASI_ax1,70,1120.2675170898438,14,secondary
RASI_ax1,71,1127.4095458984375,14,secondary
RASI_ax1,72,1139.6773681640625,14,secondary
RASI_ax1,73,1152.438232421875,14,secondary
RASI_ax1,74,1165.052001953125,14,secondary
RASI_ax1,75,1177.5167236328125,14,secondary
RASI_ax1,76,1189.8362426757812,14,secondary
RASI_ax1,77,1202.0773315429688,14,secondary
RASI_ax1,78,1214.2825927734375,14,secondary
RASI_ax1,79,1226.4713745117188,14,secondary
RASI_ax1,80,1238.6323852539062,14,secondary
RASI_ax1,81,1250.7098388671875,14,secondary
RASI_ax1,82,1262.6580200195312,14,secondary
RASI_ax1,83,1274.6336059570312,14,secondary
RASI_ax1,84,1276.3287353515625,14,secondary
RASI_ax1,85,1277.8155822753906,14,secondary
RASI_ax1,86,1276.8181457519531,14,secondary
RASI_ax1,87,1276.9760131835938,14,secondary
RASI_ax1,88,1278.1317749023438,14,secondary
RASI_ax1,89,1291.8309326171875,14,secondary
RASI_ax1,90,1305.5620727539062,14,secondary
RASI_ax1,91,1315.9742431640625,14,secondary
RASI_ax1,92,1315.5684814453125,14,secondary
RASI_ax1,93,1315.5531616210938,14,secondary
RASI_ax1,94,1316.7698364257812,14,secondary
RASI_ax1,95,1317.9192504882812,14,secondary
RASI_ax1,96,1324.5848388671875,14,secondary
RASI_ax1,97,1338.1567077636719,14,secondary
RASI_ax1,98,1352.0343627929688,14,secondary
RASI_ax1,99,1366.1968078613281,14,secondary
RASI_ax1,100,1365.2290649414062,14,secondary
RASI_ax2,0,191.9720230102539,14,secondary
RASI_ax2,1,192.22055053710938,14,secondary
RASI_ax2,2,192.1966552734375,14,secondary
RASI_ax2,3,192.3421401977539,14,secondary
RASI_ax2,4,192.4673080444336,14,secondary
RASI_ax2,5,191.69274139404297,14,secondary
RASI_ax2,6,190.0880355834961,14,secondary
RASI_ax2,7,190.44224548339844,14,secondary
RASI_ax2,8,189.37033081054688,14,secondary
RASI_ax2,9,188.14246368408203,14,secondary
RASI_ax2,10,187.11182403564453,14,secondary
RASI_ax2,11,186.87457275390625,14,secondary
RASI_ax2,12,186.64364624023438,14,secondary
RASI_ax2,13,185.40593719482422,14,secondary
RASI_ax2,14,183.81683349609375,14,secondary
RASI_ax2,15,182.16797637939453,14,secondary
RASI_ax2,16,184.55044555664062,14,secondary
RASI_ax2,17,186.2364044189453,14,secondary
RASI_ax2,18,187.19921112060547,14,secondary
RASI_ax2,19,186.83599090576172,14,secondary
RASI_ax2,20,186.7159881591797,14,secondary
RASI_ax2,21,186.20592498779297,14,secondary
RASI_ax2,22,185.47530364990234,14,secondary
RASI_ax2,23,184.66707611083984,14,secondary
RASI_ax2,24,183.90283203125,14,secondary
RASI_ax2,25,183.51658630371094,14,secondary
RASI_ax2,26,183.27681732177734,14,secondary
RASI_ax2,27,183.04387664794922,14,secondary
RASI_ax2,28,183.04148864746094,14,secondary
RASI_ax2,29,183.23760223388672,14,secondary
RASI_ax2,30,183.52674865722656,14,secondary
RASI_ax2,31,183.8594207763672,14,secondary
RASI_ax2,32,184.21808624267578,14,secondary
RASI_ax2,33,184.78065490722656,14,secondary
RASI_ax2,34,185.3072738647461,14,secondary
RASI_ax2,35,185.79764556884766,14,secondary
RASI_ax2,36,186.2559356689453,14,secondary
RASI_ax2,37,186.75350952148438,14,secondary
RASI_ax2,38,187.26253509521484,14,secondary
RASI_ax2,39,187.72687530517578,14,secondary
RASI_ax2,40,188.15790557861328,14,secondary
RASI_ax2,41,188.56319427490234,14,secondary
RASI_ax2,42,188.9555892944336,14,secondary
RASI_ax2,43,189.33902740478516,14,secondary
RASI_ax2,44,189.7908172607422,14,secondary
RASI_ax2,45,190.2600555419922,14,secondary
RASI_ax2,46,190.70415496826172,14,secondary
RASI_ax2,47,191.10220336914062,14,secondary
RASI_ax2,48,191.43241119384766,14,secondary
RASI_ax2,49,191.67383575439453,14,secondary
RASI_ax2,50,191.80752563476562,14,secondary
RASI_ax2,51,191.81527709960938,14,secondary
RASI_ax2,52,191.6832046508789,14,secondary
RASI_ax2,53,191.3957061767578,14,secondary
RASI_ax2,54,190.9372329711914,14,secondary
RASI_ax2,55,190.28341674804688,14,secondary
RASI_ax2,56,189.4546127319336,14,secondary
RASI_ax2,57,188.6357650756836,14,secondary
RASI_ax2,58,187.6611099243164,14,secondary
RASI_ax2,59,186.53607177734375,14,secondary
RASI_ax2,60,185.86721801757812,14,secondary
RASI_ax2,61,185.63597106933594,14,secondary
RASI_ax2,62,185.0308380126953,14,secondary
RASI_ax2,63,185.4396743774414,14,secondary
RASI_ax2,64,184.6129150390625,14,secondary
RASI_ax2,65,183.9382095336914,14,secondary
RASI_ax2,66,183.96640014648438,14,secondary
RASI_ax2,67,185.20269775390625,14,secondary
RASI_ax2,68,185.65955352783203,14,secondary
RASI_ax2,69,186.50003051757812,14,secondary
RASI_ax2,70,187.27223205566406,14,secondary
RASI_ax2,71,187.9344940185547,14,secondary
RASI_ax2,72,188.45960235595703,14,secondary
RASI_ax2,73,188.65260314941406,14,secondary
RASI_ax2,74,188.5466766357422,14,secondary
RASI_ax2,75,188.96363067626953,14,secondary
RASI_ax2,76,189.52898406982422,14,secondary
RASI_ax2,77,189.3883171081543,14,secondary
RASI_ax2,78,189.26992416381836,14,secondary
RASI_ax2,79,189.8315200805664,14,secondary
RASI_ax2,80,190.43145370483398,14,secondary
RASI_ax2,81,190.94245147705078,14,secondary
RASI_ax2,82,191.39640426635742,14,secondary
RASI_ax2,83,191.81058883666992,14,secondary
RASI_ax2,84,192.39129638671875,14,secondary
RASI_ax2,85,192.93790817260742,14,secondary
RASI_ax2,86,193.43817520141602,14,secondary
RASI_ax2,87,193.89046478271484,14,secondary
RASI_ax2,88,194.28005981445312,14,secondary
RASI_ax2,89,194.61139297485352,14,secondary
RASI_ax2,90,194.8945770263672,14,secondary
RASI_ax2,91,195.10834121704102,14,secondary
RASI_ax2,92,195.22360229492188,14,secondary
RASI_ax2,93,195.11327362060547,14,secondary
RASI_ax2,94,194.81818008422852,14,secondary
RASI_ax2,95,194.36188507080078,14,secondary
RASI_ax2,96,193.7602882385254,14,secondary
RASI_ax2,97,193.0698356628418,14,secondary
RASI_ax2,98,192.3558006286621,14,secondary
RASI_ax2,99,191.51689910888672,14,secondary
RASI_ax2,100,190.37124633789062,14,secondary
RASI_ax3,0,908.9102478027344,14,secondary
RASI_ax3,1,906.9990692138672,14,secondary
RASI_ax3,2,905.1819000244141,14,secondary
RASI_ax3,3,903.7414245605469,14,secondary
RASI_ax3,4,902.2899017333984,14,secondary
RASI_ax3,5,900.7720184326172,14,secondary
RASI_ax3,6,899.708984375,14,secondary
RASI_ax3,7,899.2470092773438,14,secondary
RASI_ax3,8,898.6460266113281,14,secondary
RASI_ax3,9,898.7237396240234,14,secondary
RASI_ax3,10,899.5566253662109,14,secondary
RASI_ax3,11,901.5005950927734,14,secondary
RASI_ax3,12,903.1555938720703,14,secondary
RASI_ax3,13,905.0634918212891,14,secondary
RASI_ax3,14,906.5710754394531,14,secondary
RASI_ax3,15,907.4837341308594,14,secondary
RASI_ax3,16,908.9567718505859,14,secondary
RASI_ax3,17,910.775634765625,14,secondary
RASI_ax3,18,912.5878753662109,14,secondary
RASI_ax3,19,914.6026153564453,14,secondary
RASI_ax3,20,917.0964050292969,14,secondary
RASI_ax3,21,919.959716796875,14,secondary
RASI_ax3,22,922.2855682373047,14,secondary
RASI_ax3,23,923.6846160888672,14,secondary
RASI_ax3,24,925.132080078125,14,secondary
RASI_ax3,25,926.6837768554688,14,secondary
RASI_ax3,26,928.7701568603516,14,secondary
RASI_ax3,27,930.7869720458984,14,secondary
RASI_ax3,28,932.1587524414062,14,secondary
RASI_ax3,29,933.1057434082031,14,secondary
RASI_ax3,30,934.2486877441406,14,secondary
RASI_ax3,31,935.3682403564453,14,secondary
RASI_ax3,32,935.5263824462891,14,secondary
RASI_ax3,33,935.3598327636719,14,secondary
RASI_ax3,34,935.2289123535156,14,secondary
RASI_ax3,35,934.8516845703125,14,secondary
RASI_ax3,36,934.2046356201172,14,secondary
RASI_ax3,37,933.1478576660156,14,secondary
RASI_ax3,38,932.0978088378906,14,secondary
RASI_ax3,39,930.8965454101562,14,secondary
RASI_ax3,40,929.3137359619141,14,secondary
RASI_ax3,41,927.0326690673828,14,secondary
RASI_ax3,42,924.3627319335938,14,secondary
RASI_ax3,43,922.0791625976562,14,secondary
RASI_ax3,44,919.6717987060547,14,secondary
RASI_ax3,45,917.0304870605469,14,secondary
RASI_ax3,46,914.2104339599609,14,secondary
RASI_ax3,47,911.5979766845703,14,secondary
RASI_ax3,48,909.1955108642578,14,secondary
RASI_ax3,49,906.8834533691406,14,secondary
RASI_ax3,50,904.5604400634766,14,secondary
RASI_ax3,51,902.4203033447266,14,secondary
RASI_ax3,52,900.4568328857422,14,secondary
RASI_ax3,53,898.8120574951172,14,secondary
RASI_ax3,54,898.0137176513672,14,secondary
RASI_ax3,55,897.4060363769531,14,secondary
RASI_ax3,56,896.9216613769531,14,secondary
RASI_ax3,57,896.4317169189453,14,secondary
RASI_ax3,58,896.1099090576172,14,secondary
RASI_ax3,59,896.3133850097656,14,secondary
RASI_ax3,60,897.2446746826172,14,secondary
RASI_ax3,61,899.3067626953125,14,secondary
RASI_ax3,62,901.8713073730469,14,secondary
RASI_ax3,63,903.7826843261719,14,secondary
RASI_ax3,64,906.1600036621094,14,secondary
RASI_ax3,65,908.14404296875,14,secondary
RASI_ax3,66,909.5637817382812,14,secondary
RASI_ax3,67,911.1149597167969,14,secondary
RASI_ax3,68,913.0446166992188,14,secondary
RASI_ax3,69,914.389892578125,14,secondary
RASI_ax3,70,916.2117004394531,14,secondary
RASI_ax3,71,917.98876953125,14,secondary
RASI_ax3,72,919.6064453125,14,secondary
RASI_ax3,73,920.528076171875,14,secondary
RASI_ax3,74,922.2083587646484,14,secondary
RASI_ax3,75,924.0636901855469,14,secondary
RASI_ax3,76,926.7785034179688,14,secondary
RASI_ax3,77,928.2621765136719,14,secondary
RASI_ax3,78,929.6481323242188,14,secondary
RASI_ax3,79,930.994140625,14,secondary
RASI_ax3,80,932.3878784179688,14,secondary
RASI_ax3,81,932.4849548339844,14,secondary
RASI_ax3,82,932.3166656494141,14,secondary
RASI_ax3,83,932.8042602539062,14,secondary
RASI_ax3,84,933.0921325683594,14,secondary
RASI_ax3,85,933.2611694335938,14,secondary
RASI_ax3,86,932.4222106933594,14,secondary
RASI_ax3,87,931.2574157714844,14,secondary
RASI_ax3,88,930.1030578613281,14,secondary
RASI_ax3,89,928.7782745361328,14,secondary
RASI_ax3,90,927.0987091064453,14,secondary
RASI_ax3,91,925.0185241699219,14,secondary
RASI_ax3,92,922.5087432861328,14,secondary
RASI_ax3,93,919.9466705322266,14,secondary
RASI_ax3,94,917.3564147949219,14,secondary
RASI_ax3,95,914.7613067626953,14,secondary
RASI_ax3,96,912.1822967529297,14,secondary
RASI_ax3,97,909.618408203125,14,secondary
RASI_ax3,98,907.0764312744141,14,secondary
RASI_ax3,99,904.6207275390625,14,secondary
RASI_ax3,100,902.0430908203125,14,secondary
LPSI_ax1,0,674.9200439453125,14,secondary
LPSI_ax1,1,689.1242370605469,14,secondary
LPSI_ax1,2,703.6749877929688,14,secondary
LPSI_ax1,3,714.5270690917969,14,secondary
LPSI_ax1,4,715.6453857421875,14,secondary
LPSI_ax1,5,711.4666290283203,14,secondary
LPSI_ax1,6,722.0608520507812,14,secondary
LPSI_ax1,7,734.2186279296875,14,secondary
LPSI_ax1,8,743.5045318603516,14,secondary
LPSI_ax1,9,752.9927978515625,14,secondary
LPSI_ax1,10,753.7247314453125,14,secondary
LPSI_ax1,11,742.6461486816406,14,secondary
LPSI_ax1,12,729.0616149902344,14,secondary
LPSI_ax1,13,730.4155883789062,14,secondary
LPSI_ax1,14,733.3073425292969,14,secondary
LPSI_ax1,15,748.3121337890625,14,secondary
LPSI_ax1,16,749.482177734375,14,secondary
LPSI_ax1,17,749.83642578125,14,secondary
LPSI_ax1,18,750.39794921875,14,secondary
LPSI_ax1,19,761.7376556396484,14,secondary
LPSI_ax1,20,771.1712799072266,14,secondary
LPSI_ax1,21,777.4431304931641,14,secondary
LPSI_ax1,22,783.6884918212891,14,secondary
LPSI_ax1,23,789.6951293945312,14,secondary
LPSI_ax1,24,790.6915588378906,14,secondary
LPSI_ax1,25,797.0604858398438,14,secondary
LPSI_ax1,26,803.4470977783203,14,secondary
LPSI_ax1,27,800.8868560791016,14,secondary
LPSI_ax1,28,794.9285278320312,14,secondary
LPSI_ax1,29,788.9214172363281,14,secondary
LPSI_ax1,30,795.8790740966797,14,secondary
LPSI_ax1,31,807.2786102294922,14,secondary
LPSI_ax1,32,818.6552276611328,14,secondary
LPSI_ax1,33,829.9933929443359,14,secondary
LPSI_ax1,34,840.7828369140625,14,secondary
LPSI_ax1,35,846.2854614257812,14,secondary
LPSI_ax1,36,851.792724609375,14,secondary
LPSI_ax1,37,846.8529510498047,14,secondary
LPSI_ax1,38,841.0684509277344,14,secondary
LPSI_ax1,39,842.8562927246094,14,secondary
LPSI_ax1,40,848.9603881835938,14,secondary
LPSI_ax1,41,855.2192230224609,14,secondary
LPSI_ax1,42,868.1129455566406,14,secondary
LPSI_ax1,43,881.1946105957031,14,secondary
LPSI_ax1,44,894.474609375,14,secondary
LPSI_ax1,45,900.4279479980469,14,secondary
LPSI_ax1,46,899.8333435058594,14,secondary
LPSI_ax1,47,898.2651977539062,14,secondary
LPSI_ax1,48,913.7034301757812,14,secondary
LPSI_ax1,49,929.3297119140625,14,secondary
LPSI_ax1,50,945.1758728027344,14,secondary
LPSI_ax1,51,955.3815612792969,14,secondary
LPSI_ax1,52,971.6643676757812,14,secondary
LPSI_ax1,53,987.9595947265625,14,secondary
LPSI_ax1,54,1004.3656921386719,14,secondary
LPSI_ax1,55,1019.5694580078125,14,secondary
LPSI_ax1,56,1027.3660583496094,14,secondary
LPSI_ax1,57,1035.2670288085938,14,secondary
LPSI_ax1,58,1030.0097198486328,14,secondary
LPSI_ax1,59,1029.6711730957031,14,secondary
LPSI_ax1,60,1031.7117614746094,14,secondary
LPSI_ax1,61,1045.3592834472656,14,secondary
LPSI_ax1,62,1060.5338897705078,14,secondary
LPSI_ax1,63,1070.083251953125,14,secondary
LPSI_ax1,64,1069.77001953125,14,secondary
LPSI_ax1,65,1069.508544921875,14,secondary
LPSI_ax1,66,1061.831298828125,14,secondary
LPSI_ax1,67,1061.1443481445312,14,secondary
LPSI_ax1,68,1061.70947265625,14,secondary
LPSI_ax1,69,1058.6519775390625,14,secondary
LPSI_ax1,70,1053.1409301757812,14,secondary
LPSI_ax1,71,1052.6507110595703,14,secondary
LPSI_ax1,72,1044.9402465820312,14,secondary
LPSI_ax1,73,1044.1983032226562,14,secondary
LPSI_ax1,74,1043.2130126953125,14,secondary
LPSI_ax1,75,1053.0628051757812,14,secondary
LPSI_ax1,76,1064.7518310546875,14,secondary
LPSI_ax1,77,1076.4231567382812,14,secondary
LPSI_ax1,78,1088.0950927734375,14,secondary
LPSI_ax1,79,1091.9083251953125,14,secondary
LPSI_ax1,80,1097.9851379394531,14,secondary
LPSI_ax1,81,1105.3841857910156,14,secondary
LPSI_ax1,82,1112.8801574707031,14,secondary
LPSI_ax1,83,1120.3360900878906,14,secondary
LPSI_ax1,84,1127.6848449707031,14,secondary
LPSI_ax1,85,1134.9329528808594,14,secondary
LPSI_ax1,86,1142.1174621582031,14,secondary
LPSI_ax1,87,1149.2923278808594,14,secondary
LPSI_ax1,88,1161.402587890625,14,secondary
LPSI_ax1,89,1174.0613403320312,14,secondary
LPSI_ax1,90,1186.837158203125,14,secondary
LPSI_ax1,91,1199.7329711914062,14,secondary
LPSI_ax1,92,1212.7390747070312,14,secondary
LPSI_ax1,93,1225.8387451171875,14,secondary
LPSI_ax1,94,1239.0134887695312,14,secondary
LPSI_ax1,95,1252.2523803710938,14,secondary
LPSI_ax1,96,1265.5679931640625,14,secondary
LPSI_ax1,97,1277.20458984375,14,secondary
LPSI_ax1,98,1276.8077087402344,14,secondary
LPSI_ax1,99,1276.2723388671875,14,secondary
LPSI_ax1,100,1268.6889038085938,14,secondary
LPSI_ax2,0,292.8162536621094,14,secondary
LPSI_ax2,1,293.52870178222656,14,secondary
LPSI_ax2,2,294.3041534423828,14,secondary
LPSI_ax2,3,295.4491958618164,14,secondary
LPSI_ax2,4,297.15065002441406,14,secondary
LPSI_ax2,5,298.89576721191406,14,secondary
LPSI_ax2,6,300.73777770996094,14,secondary
LPSI_ax2,7,302.71484375,14,secondary
LPSI_ax2,8,304.8865966796875,14,secondary
LPSI_ax2,9,307.5008850097656,14,secondary
LPSI_ax2,10,308.8966064453125,14,secondary
LPSI_ax2,11,309.0069885253906,14,secondary
LPSI_ax2,12,309.1410369873047,14,secondary
LPSI_ax2,13,309.6514892578125,14,secondary
LPSI_ax2,14,310.37684631347656,14,secondary
LPSI_ax2,15,311.2369079589844,14,secondary
LPSI_ax2,16,311.0668487548828,14,secondary
LPSI_ax2,17,310.83079528808594,14,secondary
LPSI_ax2,18,310.70068359375,14,secondary
LPSI_ax2,19,310.6974639892578,14,secondary
LPSI_ax2,20,310.8211212158203,14,secondary
LPSI_ax2,21,311.062255859375,14,secondary
LPSI_ax2,22,311.37713623046875,14,secondary
LPSI_ax2,23,312.6971740722656,14,secondary
LPSI_ax2,24,313.9127960205078,14,secondary
LPSI_ax2,25,315.1799774169922,14,secondary
LPSI_ax2,26,315.8674774169922,14,secondary
LPSI_ax2,27,316.0071716308594,14,secondary
LPSI_ax2,28,315.8433074951172,14,secondary
LPSI_ax2,29,315.3534698486328,14,secondary
LPSI_ax2,30,314.52955627441406,14,secondary
LPSI_ax2,31,314.5816650390625,14,secondary
LPSI_ax2,32,314.5991668701172,14,secondary
LPSI_ax2,33,314.5787811279297,14,secondary
LPSI_ax2,34,314.5264129638672,14,secondary
LPSI_ax2,35,314.40904235839844,14,secondary
LPSI_ax2,36,313.8823547363281,14,secondary
LPSI_ax2,37,312.84861755371094,14,secondary
LPSI_ax2,38,312.6838073730469,14,secondary
LPSI_ax2,39,312.8264465332031,14,secondary
LPSI_ax2,40,313.0021057128906,14,secondary
LPSI_ax2,41,313.24998474121094,14,secondary
LPSI_ax2,42,313.4131317138672,14,secondary
LPSI_ax2,43,313.415283203125,14,secondary
LPSI_ax2,44,313.5345458984375,14,secondary
LPSI_ax2,45,314.56378173828125,14,secondary
LPSI_ax2,46,314.4075164794922,14,secondary
LPSI_ax2,47,314.0536193847656,14,secondary
LPSI_ax2,48,313.6162414550781,14,secondary
LPSI_ax2,49,313.3210906982422,14,secondary
LPSI_ax2,50,312.09584045410156,14,secondary
LPSI_ax2,51,310.77976989746094,14,secondary
LPSI_ax2,52,312.76499938964844,14,secondary
LPSI_ax2,53,315.2318420410156,14,secondary
LPSI_ax2,54,315.0474395751953,14,secondary
LPSI_ax2,55,314.29222106933594,14,secondary
LPSI_ax2,56,313.488037109375,14,secondary
LPSI_ax2,57,312.7070007324219,14,secondary
LPSI_ax2,58,314.1321258544922,14,secondary
LPSI_ax2,59,315.28880310058594,14,secondary
LPSI_ax2,60,316.1062927246094,14,secondary
LPSI_ax2,61,316.56431579589844,14,secondary
LPSI_ax2,62,316.7672882080078,14,secondary
LPSI_ax2,63,316.84130859375,14,secondary
LPSI_ax2,64,316.9178466796875,14,secondary
LPSI_ax2,65,317.09698486328125,14,secondary
LPSI_ax2,66,317.802490234375,14,secondary
LPSI_ax2,67,319.18157958984375,14,secondary
LPSI_ax2,68,320.0582733154297,14,secondary
LPSI_ax2,69,320.55889892578125,14,secondary
LPSI_ax2,70,321.0663604736328,14,secondary
LPSI_ax2,71,320.9402313232422,14,secondary
LPSI_ax2,72,322.2037048339844,14,secondary
LPSI_ax2,73,323.2633056640625,14,secondary
LPSI_ax2,74,324.0107879638672,14,secondary
LPSI_ax2,75,324.9807434082031,14,secondary
LPSI_ax2,76,326.2572326660156,14,secondary
LPSI_ax2,77,326.5354766845703,14,secondary
LPSI_ax2,78,326.6288299560547,14,secondary
LPSI_ax2,79,326.1049499511719,14,secondary
LPSI_ax2,80,325.6253356933594,14,secondary
LPSI_ax2,81,324.90074157714844,14,secondary
LPSI_ax2,82,324.6939239501953,14,secondary
LPSI_ax2,83,324.6145782470703,14,secondary
LPSI_ax2,84,324.5152587890625,14,secondary
LPSI_ax2,85,324.40142822265625,14,secondary
LPSI_ax2,86,324.2780456542969,14,secondary
LPSI_ax2,87,324.150390625,14,secondary
LPSI_ax2,88,324.2428436279297,14,secondary
LPSI_ax2,89,324.8298645019531,14,secondary
LPSI_ax2,90,324.94793701171875,14,secondary
LPSI_ax2,91,324.2131042480469,14,secondary
LPSI_ax2,92,322.6687469482422,14,secondary
LPSI_ax2,93,321.0911102294922,14,secondary
LPSI_ax2,94,320.80133056640625,14,secondary
LPSI_ax2,95,320.5188293457031,14,secondary
LPSI_ax2,96,320.4023132324219,14,secondary
LPSI_ax2,97,320.8501892089844,14,secondary
LPSI_ax2,98,322.14564514160156,14,secondary
LPSI_ax2,99,324.00083923339844,14,secondary
LPSI_ax2,100,325.9692077636719,14,secondary
LPSI_ax3,0,943.7730712890625,14,secondary
LPSI_ax3,1,941.5297088623047,14,secondary
LPSI_ax3,2,939.4736938476562,14,secondary
LPSI_ax3,3,937.60400390625,14,secondary
LPSI_ax3,4,935.8448791503906,14,secondary
LPSI_ax3,5,934.4259033203125,14,secondary
LPSI_ax3,6,933.3530426025391,14,secondary
LPSI_ax3,7,932.6829681396484,14,secondary
LPSI_ax3,8,932.4470062255859,14,secondary
LPSI_ax3,9,933.2967834472656,14,secondary
LPSI_ax3,10,934.2366180419922,14,secondary
LPSI_ax3,11,935.3535461425781,14,secondary
LPSI_ax3,12,937.0975646972656,14,secondary
LPSI_ax3,13,939.0114898681641,14,secondary
LPSI_ax3,14,941.0780487060547,14,secondary
LPSI_ax3,15,942.9475708007812,14,secondary
LPSI_ax3,16,944.6611480712891,14,secondary
LPSI_ax3,17,946.2805786132812,14,secondary
LPSI_ax3,18,947.9060363769531,14,secondary
LPSI_ax3,19,949.5369873046875,14,secondary
LPSI_ax3,20,951.4241790771484,14,secondary
LPSI_ax3,21,953.7333221435547,14,secondary
LPSI_ax3,22,956.2165832519531,14,secondary
LPSI_ax3,23,958.9350433349609,14,secondary
LPSI_ax3,24,961.6022338867188,14,secondary
LPSI_ax3,25,964.1717681884766,14,secondary
LPSI_ax3,26,966.6407928466797,14,secondary
LPSI_ax3,27,968.9135284423828,14,secondary
LPSI_ax3,28,970.8983459472656,14,secondary
LPSI_ax3,29,972.7375640869141,14,secondary
LPSI_ax3,30,974.1600952148438,14,secondary
LPSI_ax3,31,975.1145477294922,14,secondary
LPSI_ax3,32,975.5152130126953,14,secondary
LPSI_ax3,33,975.7713775634766,14,secondary
LPSI_ax3,34,975.5082855224609,14,secondary
LPSI_ax3,35,975.1795043945312,14,secondary
LPSI_ax3,36,974.5723419189453,14,secondary
LPSI_ax3,37,973.5967559814453,14,secondary
LPSI_ax3,38,972.4062652587891,14,secondary
LPSI_ax3,39,971.0305786132812,14,secondary
LPSI_ax3,40,969.3780975341797,14,secondary
LPSI_ax3,41,967.5196533203125,14,secondary
LPSI_ax3,42,965.4918518066406,14,secondary
LPSI_ax3,43,963.2778015136719,14,secondary
LPSI_ax3,44,960.8184204101562,14,secondary
LPSI_ax3,45,958.2040252685547,14,secondary
LPSI_ax3,46,955.4066619873047,14,secondary
LPSI_ax3,47,952.8261413574219,14,secondary
LPSI_ax3,48,950.1069488525391,14,secondary
LPSI_ax3,49,947.4908294677734,14,secondary
LPSI_ax3,50,945.0703430175781,14,secondary
LPSI_ax3,51,942.5632934570312,14,secondary
LPSI_ax3,52,939.9511871337891,14,secondary
LPSI_ax3,53,937.7025604248047,14,secondary
LPSI_ax3,54,935.9735870361328,14,secondary
LPSI_ax3,55,934.6865844726562,14,secondary
LPSI_ax3,56,933.7641296386719,14,secondary
LPSI_ax3,57,933.2688140869141,14,secondary
LPSI_ax3,58,933.2724304199219,14,secondary
LPSI_ax3,59,933.3909454345703,14,secondary
LPSI_ax3,60,934.2594146728516,14,secondary
LPSI_ax3,61,935.6754913330078,14,secondary
LPSI_ax3,62,937.3929748535156,14,secondary
LPSI_ax3,63,939.3690490722656,14,secondary
LPSI_ax3,64,941.3992462158203,14,secondary
LPSI_ax3,65,942.9362030029297,14,secondary
LPSI_ax3,66,944.7670593261719,14,secondary
LPSI_ax3,67,946.6153259277344,14,secondary
LPSI_ax3,68,948.4038238525391,14,secondary
LPSI_ax3,69,950.1289367675781,14,secondary
LPSI_ax3,70,952.0048828125,14,secondary
LPSI_ax3,71,954.1685333251953,14,secondary
LPSI_ax3,72,956.6437377929688,14,secondary
LPSI_ax3,73,959.165283203125,14,secondary
LPSI_ax3,74,961.7301483154297,14,secondary
LPSI_ax3,75,964.1102600097656,14,secondary
LPSI_ax3,76,966.4281768798828,14,secondary
LPSI_ax3,77,968.6077728271484,14,secondary
LPSI_ax3,78,970.5970458984375,14,secondary
LPSI_ax3,79,972.2841033935547,14,secondary
LPSI_ax3,80,973.439697265625,14,secondary
LPSI_ax3,81,974.4417572021484,14,secondary
LPSI_ax3,82,974.9396820068359,14,secondary
LPSI_ax3,83,975.1162261962891,14,secondary
LPSI_ax3,84,975.0509643554688,14,secondary
LPSI_ax3,85,974.5631103515625,14,secondary
LPSI_ax3,86,973.6917266845703,14,secondary
LPSI_ax3,87,972.6831817626953,14,secondary
LPSI_ax3,88,971.6351318359375,14,secondary
LPSI_ax3,89,970.36669921875,14,secondary
LPSI_ax3,90,968.6696014404297,14,secondary
LPSI_ax3,91,966.60595703125,14,secondary
LPSI_ax3,92,964.5269165039062,14,secondary
LPSI_ax3,93,962.2442169189453,14,secondary
LPSI_ax3,94,959.9841461181641,14,secondary
LPSI_ax3,95,957.5452117919922,14,secondary
LPSI_ax3,96,955.1037902832031,14,secondary
LPSI_ax3,97,952.3454895019531,14,secondary
LPSI_ax3,98,949.8193359375,14,secondary
LPSI_ax3,99,947.4718475341797,14,secondary
LPSI_ax3,100,944.9915924072266,14,secondary
RPSI_ax1,0,681.2377014160156,14,secondary
RPSI_ax1,1,695.6110534667969,14,secondary
RPSI_ax1,2,710.1749267578125,14,secondary
RPSI_ax1,3,720.0779724121094,14,secondary
RPSI_ax1,4,727.2811584472656,14,secondary
RPSI_ax1,5,735.1064453125,14,secondary
RPSI_ax1,6,738.823974609375,14,secondary
RPSI_ax1,7,732.2879028320312,14,secondary
RPSI_ax1,8,736.4042053222656,14,secondary
RPSI_ax1,9,740.9208374023438,14,secondary
RPSI_ax1,10,741.6234741210938,14,secondary
RPSI_ax1,11,747.499267578125,14,secondary
RPSI_ax1,12,748.8507385253906,14,secondary
RPSI_ax1,13,747.7793579101562,14,secondary
RPSI_ax1,14,746.9084777832031,14,secondary
RPSI_ax1,15,751.1581726074219,14,secondary
RPSI_ax1,16,751.9406127929688,14,secondary
RPSI_ax1,17,752.6799621582031,14,secondary
RPSI_ax1,18,753.3813781738281,14,secondary
RPSI_ax1,19,762.46923828125,14,secondary
RPSI_ax1,20,775.8010864257812,14,secondary
RPSI_ax1,21,782.40771484375,14,secondary
RPSI_ax1,22,788.7483062744141,14,secondary
RPSI_ax1,23,794.4962921142578,14,secondary
RPSI_ax1,24,795.380126953125,14,secondary
RPSI_ax1,25,801.5188293457031,14,secondary
RPSI_ax1,26,807.5947875976562,14,secondary
RPSI_ax1,27,807.7574920654297,14,secondary
RPSI_ax1,28,801.2545928955078,14,secondary
RPSI_ax1,29,794.7105712890625,14,secondary
RPSI_ax1,30,795.8932800292969,14,secondary
RPSI_ax1,31,807.3983001708984,14,secondary
RPSI_ax1,32,818.9135894775391,14,secondary
RPSI_ax1,33,830.4492492675781,14,secondary
RPSI_ax1,34,841.7654113769531,14,secondary
RPSI_ax1,35,847.107666015625,14,secondary
RPSI_ax1,36,845.6621246337891,14,secondary
RPSI_ax1,37,838.8696594238281,14,secondary
RPSI_ax1,38,839.3914489746094,14,secondary
RPSI_ax1,39,845.6477966308594,14,secondary
RPSI_ax1,40,851.9800720214844,14,secondary
RPSI_ax1,41,858.3872528076172,14,secondary
RPSI_ax1,42,870.5899658203125,14,secondary
RPSI_ax1,43,883.9237365722656,14,secondary
RPSI_ax1,44,896.0446014404297,14,secondary
RPSI_ax1,45,899.1771392822266,14,secondary
RPSI_ax1,46,901.0024871826172,14,secondary
RPSI_ax1,47,904.6366271972656,14,secondary
RPSI_ax1,48,919.628662109375,14,secondary
RPSI_ax1,49,934.8614196777344,14,secondary
RPSI_ax1,50,950.3769226074219,14,secondary
RPSI_ax1,51,954.5439147949219,14,secondary
RPSI_ax1,52,965.7531127929688,14,secondary
RPSI_ax1,53,982.44287109375,14,secondary
RPSI_ax1,54,999.4772338867188,14,secondary
RPSI_ax1,55,1011.8284149169922,14,secondary
RPSI_ax1,56,1019.9925079345703,14,secondary
RPSI_ax1,57,1028.2423553466797,14,secondary
RPSI_ax1,58,1032.403060913086,14,secondary
RPSI_ax1,59,1033.353012084961,14,secondary
RPSI_ax1,60,1035.5122680664062,14,secondary
RPSI_ax1,61,1039.1466674804688,14,secondary
RPSI_ax1,62,1050.7830505371094,14,secondary
RPSI_ax1,63,1065.6563415527344,14,secondary
RPSI_ax1,64,1072.7399291992188,14,secondary
RPSI_ax1,65,1072.1354370117188,14,secondary
RPSI_ax1,66,1065.91748046875,14,secondary
RPSI_ax1,67,1058.5782470703125,14,secondary
RPSI_ax1,68,1058.0205078125,14,secondary
RPSI_ax1,69,1046.4024353027344,14,secondary
RPSI_ax1,70,1045.9274291992188,14,secondary
RPSI_ax1,71,1045.6174774169922,14,secondary
RPSI_ax1,72,1042.0890502929688,14,secondary
RPSI_ax1,73,1041.6373901367188,14,secondary
RPSI_ax1,74,1042.6553955078125,14,secondary
RPSI_ax1,75,1054.7814331054688,14,secondary
RPSI_ax1,76,1066.8614501953125,14,secondary
RPSI_ax1,77,1078.9156494140625,14,secondary
RPSI_ax1,78,1087.90771484375,14,secondary
RPSI_ax1,79,1100.3171997070312,14,secondary
RPSI_ax1,80,1111.7195129394531,14,secondary
RPSI_ax1,81,1106.6417846679688,14,secondary
RPSI_ax1,82,1110.2649230957031,14,secondary
RPSI_ax1,83,1116.7490234375,14,secondary
RPSI_ax1,84,1123.1447143554688,14,secondary
RPSI_ax1,85,1129.4995727539062,14,secondary
RPSI_ax1,86,1135.8600158691406,14,secondary
RPSI_ax1,87,1143.5900268554688,14,secondary
RPSI_ax1,88,1156.1918334960938,14,secondary
RPSI_ax1,89,1168.9478149414062,14,secondary
RPSI_ax1,90,1181.8519897460938,14,secondary
RPSI_ax1,91,1194.9115600585938,14,secondary
RPSI_ax1,92,1208.1468505859375,14,secondary
RPSI_ax1,93,1221.5778198242188,14,secondary
RPSI_ax1,94,1235.2067260742188,14,secondary
RPSI_ax1,95,1249.0077514648438,14,secondary
RPSI_ax1,96,1262.9273071289062,14,secondary
RPSI_ax1,97,1276.9317016601562,14,secondary
RPSI_ax1,98,1291.012451171875,14,secondary
RPSI_ax1,99,1291.6284484863281,14,secondary
RPSI_ax1,100,1285.59130859375,14,secondary
RPSI_ax2,0,255.10842895507812,14,secondary
RPSI_ax2,1,254.18727111816406,14,secondary
RPSI_ax2,2,253.33242797851562,14,secondary
RPSI_ax2,3,252.54348754882812,14,secondary
RPSI_ax2,4,252.14492797851562,14,secondary
RPSI_ax2,5,250.8558349609375,14,secondary
RPSI_ax2,6,249.70846557617188,14,secondary
RPSI_ax2,7,250.24114990234375,14,secondary
RPSI_ax2,8,250.7364959716797,14,secondary
RPSI_ax2,9,251.14238739013672,14,secondary
RPSI_ax2,10,251.41385650634766,14,secondary
RPSI_ax2,11,251.5056610107422,14,secondary
RPSI_ax2,12,251.37604522705078,14,secondary
RPSI_ax2,13,251.0738525390625,14,secondary
RPSI_ax2,14,250.26980590820312,14,secondary
RPSI_ax2,15,249.3417510986328,14,secondary
RPSI_ax2,16,249.1354217529297,14,secondary
RPSI_ax2,17,249.34483337402344,14,secondary
RPSI_ax2,18,249.95561981201172,14,secondary
RPSI_ax2,19,250.56822204589844,14,secondary
RPSI_ax2,20,251.10116577148438,14,secondary
RPSI_ax2,21,251.82816314697266,14,secondary
RPSI_ax2,22,252.7036895751953,14,secondary
RPSI_ax2,23,253.9336929321289,14,secondary
RPSI_ax2,24,254.05846405029297,14,secondary
RPSI_ax2,25,254.0814208984375,14,secondary
RPSI_ax2,26,253.62674713134766,14,secondary
RPSI_ax2,27,252.95130157470703,14,secondary
RPSI_ax2,28,252.3953094482422,14,secondary
RPSI_ax2,29,251.96609497070312,14,secondary
RPSI_ax2,30,251.6595001220703,14,secondary
RPSI_ax2,31,251.4663314819336,14,secondary
RPSI_ax2,32,251.96087646484375,14,secondary
RPSI_ax2,33,252.2917251586914,14,secondary
RPSI_ax2,34,251.60839080810547,14,secondary
RPSI_ax2,35,250.51638793945312,14,secondary
RPSI_ax2,36,249.53543853759766,14,secondary
RPSI_ax2,37,248.63699340820312,14,secondary
RPSI_ax2,38,247.7867660522461,14,secondary
RPSI_ax2,39,246.61702728271484,14,secondary
RPSI_ax2,40,246.60134887695312,14,secondary
RPSI_ax2,41,245.5071563720703,14,secondary
RPSI_ax2,42,246.66822052001953,14,secondary
RPSI_ax2,43,247.69293212890625,14,secondary
RPSI_ax2,44,248.74214935302734,14,secondary
RPSI_ax2,45,248.15876007080078,14,secondary
RPSI_ax2,46,247.73101806640625,14,secondary
RPSI_ax2,47,249.60831451416016,14,secondary
RPSI_ax2,48,249.59801483154297,14,secondary
RPSI_ax2,49,248.06239318847656,14,secondary
RPSI_ax2,50,247.87952423095703,14,secondary
RPSI_ax2,51,248.32592010498047,14,secondary
RPSI_ax2,52,248.34280395507812,14,secondary
RPSI_ax2,53,247.1312484741211,14,secondary
RPSI_ax2,54,246.58782958984375,14,secondary
RPSI_ax2,55,246.40908813476562,14,secondary
RPSI_ax2,56,247.1907730102539,14,secondary
RPSI_ax2,57,246.89839935302734,14,secondary
RPSI_ax2,58,247.38066864013672,14,secondary
RPSI_ax2,59,248.525390625,14,secondary
RPSI_ax2,60,249.24005889892578,14,secondary
RPSI_ax2,61,248.87310791015625,14,secondary
RPSI_ax2,62,248.39424896240234,14,secondary
RPSI_ax2,63,247.89429473876953,14,secondary
RPSI_ax2,64,247.4500961303711,14,secondary
RPSI_ax2,65,247.11638641357422,14,secondary
RPSI_ax2,66,247.28536224365234,14,secondary
RPSI_ax2,67,248.35374450683594,14,secondary
RPSI_ax2,68,249.347900390625,14,secondary
RPSI_ax2,69,250.16400146484375,14,secondary
RPSI_ax2,70,250.04827880859375,14,secondary
RPSI_ax2,71,250.72311401367188,14,secondary
RPSI_ax2,72,251.90665435791016,14,secondary
RPSI_ax2,73,251.96949005126953,14,secondary
RPSI_ax2,74,252.2664794921875,14,secondary
RPSI_ax2,75,252.43846130371094,14,secondary
RPSI_ax2,76,252.5369415283203,14,secondary
RPSI_ax2,77,252.18506622314453,14,secondary
RPSI_ax2,78,251.6243782043457,14,secondary
RPSI_ax2,79,251.1944465637207,14,secondary
RPSI_ax2,80,251.0803337097168,14,secondary
RPSI_ax2,81,250.8848533630371,14,secondary
RPSI_ax2,82,250.92731475830078,14,secondary
RPSI_ax2,83,250.65453338623047,14,secondary
RPSI_ax2,84,251.36823272705078,14,secondary
RPSI_ax2,85,252.27135467529297,14,secondary
RPSI_ax2,86,253.0867576599121,14,secondary
RPSI_ax2,87,252.66005325317383,14,secondary
RPSI_ax2,88,252.1491355895996,14,secondary
RPSI_ax2,89,251.57549285888672,14,secondary
RPSI_ax2,90,250.98838806152344,14,secondary
RPSI_ax2,91,251.02031326293945,14,secondary
RPSI_ax2,92,251.5228271484375,14,secondary
RPSI_ax2,93,252.3385772705078,14,secondary
RPSI_ax2,94,252.6403923034668,14,secondary
RPSI_ax2,95,251.6353645324707,14,secondary
RPSI_ax2,96,251.46131134033203,14,secondary
RPSI_ax2,97,251.51351928710938,14,secondary
RPSI_ax2,98,251.7281265258789,14,secondary
RPSI_ax2,99,250.3360366821289,14,secondary
RPSI_ax2,100,249.74219512939453,14,secondary
RPSI_ax3,0,951.8102111816406,14,secondary
RPSI_ax3,1,949.255859375,14,secondary
RPSI_ax3,2,946.8954772949219,14,secondary
RPSI_ax3,3,944.816162109375,14,secondary
RPSI_ax3,4,943.5476379394531,14,secondary
RPSI_ax3,5,942.5560760498047,14,secondary
RPSI_ax3,6,941.7876586914062,14,secondary
RPSI_ax3,7,941.0889129638672,14,secondary
RPSI_ax3,8,940.7851867675781,14,secondary
RPSI_ax3,9,941.0589447021484,14,secondary
RPSI_ax3,10,942.4296417236328,14,secondary
RPSI_ax3,11,943.4077911376953,14,secondary
RPSI_ax3,12,943.3027954101562,14,secondary
RPSI_ax3,13,943.6502380371094,14,secondary
RPSI_ax3,14,946.2998046875,14,secondary
RPSI_ax3,15,948.3175659179688,14,secondary
RPSI_ax3,16,949.7095642089844,14,secondary
RPSI_ax3,17,951.004150390625,14,secondary
RPSI_ax3,18,953.3198852539062,14,secondary
RPSI_ax3,19,955.263671875,14,secondary
RPSI_ax3,20,957.559814453125,14,secondary
RPSI_ax3,21,959.8973083496094,14,secondary
RPSI_ax3,22,962.3053894042969,14,secondary
RPSI_ax3,23,964.6795501708984,14,secondary
RPSI_ax3,24,967.1161651611328,14,secondary
RPSI_ax3,25,969.8360595703125,14,secondary
RPSI_ax3,26,972.1966094970703,14,secondary
RPSI_ax3,27,974.4955291748047,14,secondary
RPSI_ax3,28,976.6707763671875,14,secondary
RPSI_ax3,29,978.4884643554688,14,secondary
RPSI_ax3,30,979.8125915527344,14,secondary
RPSI_ax3,31,980.7380828857422,14,secondary
RPSI_ax3,32,981.1435394287109,14,secondary
RPSI_ax3,33,981.1977996826172,14,secondary
RPSI_ax3,34,980.5891723632812,14,secondary
RPSI_ax3,35,980.1890716552734,14,secondary
RPSI_ax3,36,979.8601989746094,14,secondary
RPSI_ax3,37,978.7030181884766,14,secondary
RPSI_ax3,38,977.4833984375,14,secondary
RPSI_ax3,39,976.2732391357422,14,secondary
RPSI_ax3,40,974.8528594970703,14,secondary
RPSI_ax3,41,973.1220855712891,14,secondary
RPSI_ax3,42,970.9039459228516,14,secondary
RPSI_ax3,43,968.4716033935547,14,secondary
RPSI_ax3,44,965.8572235107422,14,secondary
RPSI_ax3,45,963.0746612548828,14,secondary
RPSI_ax3,46,960.1626281738281,14,secondary
RPSI_ax3,47,957.2740478515625,14,secondary
RPSI_ax3,48,954.6237640380859,14,secondary
RPSI_ax3,49,951.94189453125,14,secondary
RPSI_ax3,50,949.3428802490234,14,secondary
RPSI_ax3,51,946.9051666259766,14,secondary
RPSI_ax3,52,944.6877288818359,14,secondary
RPSI_ax3,53,942.8329010009766,14,secondary
RPSI_ax3,54,941.3578186035156,14,secondary
RPSI_ax3,55,940.2390289306641,14,secondary
RPSI_ax3,56,939.9104614257812,14,secondary
RPSI_ax3,57,939.8419189453125,14,secondary
RPSI_ax3,58,940.3632049560547,14,secondary
RPSI_ax3,59,941.060546875,14,secondary
RPSI_ax3,60,942.7598571777344,14,secondary
RPSI_ax3,61,943.1963348388672,14,secondary
RPSI_ax3,62,944.8125305175781,14,secondary
RPSI_ax3,63,946.4146728515625,14,secondary
RPSI_ax3,64,947.308349609375,14,secondary
RPSI_ax3,65,948.9736633300781,14,secondary
RPSI_ax3,66,950.0600280761719,14,secondary
RPSI_ax3,67,950.9273071289062,14,secondary
RPSI_ax3,68,953.1913757324219,14,secondary
RPSI_ax3,69,955.971435546875,14,secondary
RPSI_ax3,70,958.3806304931641,14,secondary
RPSI_ax3,71,960.5613555908203,14,secondary
RPSI_ax3,72,963.0757598876953,14,secondary
RPSI_ax3,73,965.9853820800781,14,secondary
RPSI_ax3,74,968.8470611572266,14,secondary
RPSI_ax3,75,971.4113311767578,14,secondary
RPSI_ax3,76,973.4467010498047,14,secondary
RPSI_ax3,77,975.4020385742188,14,secondary
RPSI_ax3,78,977.3112945556641,14,secondary
RPSI_ax3,79,978.9739837646484,14,secondary
RPSI_ax3,80,980.1273498535156,14,secondary
RPSI_ax3,81,980.8266143798828,14,secondary
RPSI_ax3,82,981.169189453125,14,secondary
RPSI_ax3,83,981.2594299316406,14,secondary
RPSI_ax3,84,981.0933532714844,14,secondary
RPSI_ax3,85,980.7343597412109,14,secondary
RPSI_ax3,86,980.0863189697266,14,secondary
RPSI_ax3,87,979.1903839111328,14,secondary
RPSI_ax3,88,978.2796630859375,14,secondary
RPSI_ax3,89,977.233154296875,14,secondary
RPSI_ax3,90,975.9837188720703,14,secondary
RPSI_ax3,91,974.5522155761719,14,secondary
RPSI_ax3,92,972.9325408935547,14,secondary
RPSI_ax3,93,970.9742736816406,14,secondary
RPSI_ax3,94,968.6572418212891,14,secondary
RPSI_ax3,95,966.1906127929688,14,secondary
RPSI_ax3,96,963.6580963134766,14,secondary
RPSI_ax3,97,961.3216552734375,14,secondary
RPSI_ax3,98,959.2565002441406,14,secondary
RPSI_ax3,99,956.6206512451172,14,secondary
RPSI_ax3,100,953.8665771484375,14,secondary
LHJC_ax1,0,739.4331970214844,14,secondary
LHJC_ax1,1,739.6200561523438,14,secondary
LHJC_ax1,2,739.8485107421875,14,secondary
LHJC_ax1,3,733.2185974121094,14,secondary
LHJC_ax1,4,732.7807312011719,14,secondary
LHJC_ax1,5,732.1060180664062,14,secondary
LHJC_ax1,6,736.5003662109375,14,secondary
LHJC_ax1,7,740.5742492675781,14,secondary
LHJC_ax1,8,740.5892639160156,14,secondary
LHJC_ax1,9,740.382568359375,14,secondary
LHJC_ax1,10,752.1776733398438,14,secondary
LHJC_ax1,11,763.8204193115234,14,secondary
LHJC_ax1,12,771.7157592773438,14,secondary
LHJC_ax1,13,778.7406005859375,14,secondary
LHJC_ax1,14,780.9258422851562,14,secondary
LHJC_ax1,15,788.3057861328125,14,secondary
LHJC_ax1,16,790.6078948974609,14,secondary
LHJC_ax1,17,796.3020477294922,14,secondary
LHJC_ax1,18,801.8780822753906,14,secondary
LHJC_ax1,19,804.3010864257812,14,secondary
LHJC_ax1,20,810.2159576416016,14,secondary
LHJC_ax1,21,823.3496551513672,14,secondary
LHJC_ax1,22,836.3576049804688,14,secondary
LHJC_ax1,23,844.4761352539062,14,secondary
LHJC_ax1,24,844.2180633544922,14,secondary
LHJC_ax1,25,838.7876281738281,14,secondary
LHJC_ax1,26,844.6349487304688,14,secondary
LHJC_ax1,27,850.5011749267578,14,secondary
LHJC_ax1,28,856.386474609375,14,secondary
LHJC_ax1,29,862.9027404785156,14,secondary
LHJC_ax1,30,875.0675964355469,14,secondary
LHJC_ax1,31,887.2598724365234,14,secondary
LHJC_ax1,32,899.4752960205078,14,secondary
LHJC_ax1,33,908.8871307373047,14,secondary
LHJC_ax1,34,909.7811431884766,14,secondary
LHJC_ax1,35,910.6460266113281,14,secondary
LHJC_ax1,36,904.7259063720703,14,secondary
LHJC_ax1,37,900.6046447753906,14,secondary
LHJC_ax1,38,900.3526153564453,14,secondary
LHJC_ax1,39,907.8616943359375,14,secondary
LHJC_ax1,40,922.0046997070312,14,secondary
LHJC_ax1,41,935.438720703125,14,secondary
LHJC_ax1,42,936.8538208007812,14,secondary
LHJC_ax1,43,945.4169616699219,14,secondary
LHJC_ax1,44,960.6907958984375,14,secondary
LHJC_ax1,45,976.1802368164062,14,secondary
LHJC_ax1,46,991.8749084472656,14,secondary
LHJC_ax1,47,1007.7423095703125,14,secondary
LHJC_ax1,48,1022.7427215576172,14,secondary
LHJC_ax1,49,1029.704833984375,14,secondary
LHJC_ax1,50,1023.0127563476562,14,secondary
LHJC_ax1,51,1028.6830139160156,14,secondary
LHJC_ax1,52,1036.4583282470703,14,secondary
LHJC_ax1,53,1049.8419647216797,14,secondary
LHJC_ax1,54,1066.1249084472656,14,secondary
LHJC_ax1,55,1073.9808654785156,14,secondary
LHJC_ax1,56,1071.1085815429688,14,secondary
LHJC_ax1,57,1054.7521362304688,14,secondary
LHJC_ax1,58,1038.5670166015625,14,secondary
LHJC_ax1,59,1031.4695892333984,14,secondary
LHJC_ax1,60,1044.0622863769531,14,secondary
LHJC_ax1,61,1051.0572509765625,14,secondary
LHJC_ax1,62,1066.1724853515625,14,secondary
LHJC_ax1,63,1066.637451171875,14,secondary
LHJC_ax1,64,1072.2049560546875,14,secondary
LHJC_ax1,65,1084.2564239501953,14,secondary
LHJC_ax1,66,1091.700927734375,14,secondary
LHJC_ax1,67,1090.9517822265625,14,secondary
LHJC_ax1,68,1086.9477233886719,14,secondary
LHJC_ax1,69,1094.6750793457031,14,secondary
LHJC_ax1,70,1102.1164245605469,14,secondary
LHJC_ax1,71,1103.3607482910156,14,secondary
LHJC_ax1,72,1106.1094665527344,14,secondary
LHJC_ax1,73,1112.9728698730469,14,secondary
LHJC_ax1,74,1119.8052062988281,14,secondary
LHJC_ax1,75,1126.6626281738281,14,secondary
LHJC_ax1,76,1133.561279296875,14,secondary
LHJC_ax1,77,1145.1595458984375,14,secondary
LHJC_ax1,78,1157.1483764648438,14,secondary
LHJC_ax1,79,1169.1180419921875,14,secondary
LHJC_ax1,80,1181.113037109375,14,secondary
LHJC_ax1,81,1193.1641845703125,14,secondary
LHJC_ax1,82,1205.2705078125,14,secondary
LHJC_ax1,83,1217.4285278320312,14,secondary
LHJC_ax1,84,1229.6468505859375,14,secondary
LHJC_ax1,85,1241.9154663085938,14,secondary
LHJC_ax1,86,1254.2220458984375,14,secondary
LHJC_ax1,87,1264.8920288085938,14,secondary
LHJC_ax1,88,1263.8743286132812,14,secondary
LHJC_ax1,89,1262.8512268066406,14,secondary
LHJC_ax1,90,1261.8270263671875,14,secondary
LHJC_ax1,91,1271.3402709960938,14,secondary
LHJC_ax1,92,1279.300048828125,14,secondary
LHJC_ax1,93,1279.6062622070312,14,secondary
LHJC_ax1,94,1279.9673461914062,14,secondary
LHJC_ax1,95,1293.3706665039062,14,secondary
LHJC_ax1,96,1299.4555053710938,14,secondary
LHJC_ax1,97,1298.739990234375,14,secondary
LHJC_ax1,98,1300.8094177246094,14,secondary
LHJC_ax1,99,1307.340576171875,14,secondary
LHJC_ax1,100,1320.953857421875,14,secondary
LHJC_ax2,0,313.1972961425781,14,secondary
LHJC_ax2,1,314.02406311035156,14,secondary
LHJC_ax2,2,315.02239990234375,14,secondary
LHJC_ax2,3,316.1966247558594,14,secondary
LHJC_ax2,4,317.54132080078125,14,secondary
LHJC_ax2,5,318.8686218261719,14,secondary
LHJC_ax2,6,320.6132049560547,14,secondary
LHJC_ax2,7,322.4360656738281,14,secondary
LHJC_ax2,8,324.26988220214844,14,secondary
LHJC_ax2,9,326.14500427246094,14,secondary
LHJC_ax2,10,328.01454162597656,14,secondary
LHJC_ax2,11,329.82716369628906,14,secondary
LHJC_ax2,12,330.7090148925781,14,secondary
LHJC_ax2,13,331.5416564941406,14,secondary
LHJC_ax2,14,333.35633850097656,14,secondary
LHJC_ax2,15,335.08494567871094,14,secondary
LHJC_ax2,16,336.2940216064453,14,secondary
LHJC_ax2,17,336.3844299316406,14,secondary
LHJC_ax2,18,335.60325622558594,14,secondary
LHJC_ax2,19,334.59918212890625,14,secondary
LHJC_ax2,20,333.747314453125,14,secondary
LHJC_ax2,21,333.048095703125,14,secondary
LHJC_ax2,22,332.4989013671875,14,secondary
LHJC_ax2,23,332.04681396484375,14,secondary
LHJC_ax2,24,331.67132568359375,14,secondary
LHJC_ax2,25,331.3681640625,14,secondary
LHJC_ax2,26,331.13543701171875,14,secondary
LHJC_ax2,27,330.9587707519531,14,secondary
LHJC_ax2,28,330.80259704589844,14,secondary
LHJC_ax2,29,330.28895568847656,14,secondary
LHJC_ax2,30,330.30255126953125,14,secondary
LHJC_ax2,31,330.3450927734375,14,secondary
LHJC_ax2,32,330.3866882324219,14,secondary
LHJC_ax2,33,330.4396667480469,14,secondary
LHJC_ax2,34,330.52650451660156,14,secondary
LHJC_ax2,35,330.66419982910156,14,secondary
LHJC_ax2,36,330.86151123046875,14,secondary
LHJC_ax2,37,331.0890655517578,14,secondary
LHJC_ax2,38,331.3186340332031,14,secondary
LHJC_ax2,39,331.5328674316406,14,secondary
LHJC_ax2,40,331.644287109375,14,secondary
LHJC_ax2,41,331.42503356933594,14,secondary
LHJC_ax2,42,331.2587432861328,14,secondary
LHJC_ax2,43,331.1373596191406,14,secondary
LHJC_ax2,44,331.0467071533203,14,secondary
LHJC_ax2,45,330.9765167236328,14,secondary
LHJC_ax2,46,330.9311218261719,14,secondary
LHJC_ax2,47,330.9119110107422,14,secondary
LHJC_ax2,48,330.924560546875,14,secondary
LHJC_ax2,49,330.9714050292969,14,secondary
LHJC_ax2,50,331.0528564453125,14,secondary
LHJC_ax2,51,331.18060302734375,14,secondary
LHJC_ax2,52,331.2973175048828,14,secondary
LHJC_ax2,53,331.76495361328125,14,secondary
LHJC_ax2,54,332.30035400390625,14,secondary
LHJC_ax2,55,332.88999938964844,14,secondary
LHJC_ax2,56,333.5172882080078,14,secondary
LHJC_ax2,57,333.096435546875,14,secondary
LHJC_ax2,58,332.4245300292969,14,secondary
LHJC_ax2,59,331.9257354736328,14,secondary
LHJC_ax2,60,332.6080017089844,14,secondary
LHJC_ax2,61,334.10572814941406,14,secondary
LHJC_ax2,62,335.5015106201172,14,secondary
LHJC_ax2,63,334.4539489746094,14,secondary
LHJC_ax2,64,333.54205322265625,14,secondary
LHJC_ax2,65,336.57789611816406,14,secondary
LHJC_ax2,66,339.5124053955078,14,secondary
LHJC_ax2,67,342.1583251953125,14,secondary
LHJC_ax2,68,343.85072326660156,14,secondary
LHJC_ax2,69,344.04051208496094,14,secondary
LHJC_ax2,70,343.8901824951172,14,secondary
LHJC_ax2,71,343.3007507324219,14,secondary
LHJC_ax2,72,342.66102600097656,14,secondary
LHJC_ax2,73,342.0631103515625,14,secondary
LHJC_ax2,74,341.5192413330078,14,secondary
LHJC_ax2,75,341.04795837402344,14,secondary
LHJC_ax2,76,340.6872253417969,14,secondary
LHJC_ax2,77,340.4404602050781,14,secondary
LHJC_ax2,78,340.3211212158203,14,secondary
LHJC_ax2,79,340.28334045410156,14,secondary
LHJC_ax2,80,340.1737060546875,14,secondary
LHJC_ax2,81,340.1785583496094,14,secondary
LHJC_ax2,82,340.2966003417969,14,secondary
LHJC_ax2,83,340.48960876464844,14,secondary
LHJC_ax2,84,340.7279968261719,14,secondary
LHJC_ax2,85,340.9932403564453,14,secondary
LHJC_ax2,86,341.2738800048828,14,secondary
LHJC_ax2,87,340.86061096191406,14,secondary
LHJC_ax2,88,340.34571838378906,14,secondary
LHJC_ax2,89,339.88328552246094,14,secondary
LHJC_ax2,90,340.3088073730469,14,secondary
LHJC_ax2,91,340.8717803955078,14,secondary
LHJC_ax2,92,341.4056854248047,14,secondary
LHJC_ax2,93,341.1997375488281,14,secondary
LHJC_ax2,94,340.7762756347656,14,secondary
LHJC_ax2,95,340.5373840332031,14,secondary
LHJC_ax2,96,340.6448211669922,14,secondary
LHJC_ax2,97,341.41929626464844,14,secondary
LHJC_ax2,98,342.18568420410156,14,secondary
LHJC_ax2,99,343.01983642578125,14,secondary
LHJC_ax2,100,343.89691162109375,14,secondary
LHJC_ax3,0,828.630126953125,14,secondary
LHJC_ax3,1,826.6285095214844,14,secondary
LHJC_ax3,2,824.6846618652344,14,secondary
LHJC_ax3,3,823.1173706054688,14,secondary
LHJC_ax3,4,821.7242126464844,14,secondary
LHJC_ax3,5,820.4197692871094,14,secondary
LHJC_ax3,6,819.2547912597656,14,secondary
LHJC_ax3,7,818.3317260742188,14,secondary
LHJC_ax3,8,817.6949768066406,14,secondary
LHJC_ax3,9,817.5308837890625,14,secondary
LHJC_ax3,10,818.1431274414062,14,secondary
LHJC_ax3,11,819.4239807128906,14,secondary
LHJC_ax3,12,821.0546264648438,14,secondary
LHJC_ax3,13,823.2048034667969,14,secondary
LHJC_ax3,14,825.6250305175781,14,secondary
LHJC_ax3,15,827.7325134277344,14,secondary
LHJC_ax3,16,830.028076171875,14,secondary
LHJC_ax3,17,832.211181640625,14,secondary
LHJC_ax3,18,833.6941833496094,14,secondary
LHJC_ax3,19,835.0631408691406,14,secondary
LHJC_ax3,20,836.3568725585938,14,secondary
LHJC_ax3,21,837.8727111816406,14,secondary
LHJC_ax3,22,839.570068359375,14,secondary
LHJC_ax3,23,841.4608764648438,14,secondary
LHJC_ax3,24,843.5064086914062,14,secondary
LHJC_ax3,25,845.6439208984375,14,secondary
LHJC_ax3,26,847.8682556152344,14,secondary
LHJC_ax3,27,849.5150451660156,14,secondary
LHJC_ax3,28,851.0015563964844,14,secondary
LHJC_ax3,29,852.4182739257812,14,secondary
LHJC_ax3,30,853.9071350097656,14,secondary
LHJC_ax3,31,855.0929870605469,14,secondary
LHJC_ax3,32,855.6089782714844,14,secondary
LHJC_ax3,33,855.5956420898438,14,secondary
LHJC_ax3,34,855.1908264160156,14,secondary
LHJC_ax3,35,854.4401550292969,14,secondary
LHJC_ax3,36,853.3930969238281,14,secondary
LHJC_ax3,37,851.9317626953125,14,secondary
LHJC_ax3,38,850.9212036132812,14,secondary
LHJC_ax3,39,849.7017211914062,14,secondary
LHJC_ax3,40,848.1656494140625,14,secondary
LHJC_ax3,41,846.289306640625,14,secondary
LHJC_ax3,42,844.1746520996094,14,secondary
LHJC_ax3,43,842.049072265625,14,secondary
LHJC_ax3,44,839.650634765625,14,secondary
LHJC_ax3,45,837.3878479003906,14,secondary
LHJC_ax3,46,835.2487487792969,14,secondary
LHJC_ax3,47,833.0138244628906,14,secondary
LHJC_ax3,48,830.5271301269531,14,secondary
LHJC_ax3,49,828.0431518554688,14,secondary
LHJC_ax3,50,825.9712524414062,14,secondary
LHJC_ax3,51,824.10595703125,14,secondary
LHJC_ax3,52,822.0812683105469,14,secondary
LHJC_ax3,53,819.7441101074219,14,secondary
LHJC_ax3,54,818.1051025390625,14,secondary
LHJC_ax3,55,816.5190734863281,14,secondary
LHJC_ax3,56,815.8194274902344,14,secondary
LHJC_ax3,57,815.68701171875,14,secondary
LHJC_ax3,58,815.5037536621094,14,secondary
LHJC_ax3,59,814.7221374511719,14,secondary
LHJC_ax3,60,814.5750427246094,14,secondary
LHJC_ax3,61,815.2660827636719,14,secondary
LHJC_ax3,62,817.6912536621094,14,secondary
LHJC_ax3,63,819.9922485351562,14,secondary
LHJC_ax3,64,821.5599670410156,14,secondary
LHJC_ax3,65,822.928955078125,14,secondary
LHJC_ax3,66,824.2792358398438,14,secondary
LHJC_ax3,67,826.174072265625,14,secondary
LHJC_ax3,68,828.1949462890625,14,secondary
LHJC_ax3,69,830.5570983886719,14,secondary
LHJC_ax3,70,832.1357421875,14,secondary
LHJC_ax3,71,833.4360961914062,14,secondary
LHJC_ax3,72,835.4487915039062,14,secondary
LHJC_ax3,73,837.6773986816406,14,secondary
LHJC_ax3,74,840.04736328125,14,secondary
LHJC_ax3,75,842.1040344238281,14,secondary
LHJC_ax3,76,843.8597412109375,14,secondary
LHJC_ax3,77,846.2626037597656,14,secondary
LHJC_ax3,78,848.8111877441406,14,secondary
LHJC_ax3,79,851.1257629394531,14,secondary
LHJC_ax3,80,852.7476806640625,14,secondary
LHJC_ax3,81,853.9082336425781,14,secondary
LHJC_ax3,82,854.8165893554688,14,secondary
LHJC_ax3,83,854.8453369140625,14,secondary
LHJC_ax3,84,854.1676025390625,14,secondary
LHJC_ax3,85,853.0312805175781,14,secondary
LHJC_ax3,86,852.0860290527344,14,secondary
LHJC_ax3,87,851.0153503417969,14,secondary
LHJC_ax3,88,849.9660949707031,14,secondary
LHJC_ax3,89,848.6485290527344,14,secondary
LHJC_ax3,90,846.2037353515625,14,secondary
LHJC_ax3,91,843.6421203613281,14,secondary
LHJC_ax3,92,841.3827209472656,14,secondary
LHJC_ax3,93,839.0946655273438,14,secondary
LHJC_ax3,94,836.7775268554688,14,secondary
LHJC_ax3,95,834.5457153320312,14,secondary
LHJC_ax3,96,832.5092468261719,14,secondary
LHJC_ax3,97,829.689453125,14,secondary
LHJC_ax3,98,826.5570983886719,14,secondary
LHJC_ax3,99,823.4513244628906,14,secondary
LHJC_ax3,100,820.8413696289062,14,secondary
RHJC_ax1,0,725.7638244628906,14,secondary
RHJC_ax1,1,725.4570007324219,14,secondary
RHJC_ax1,2,736.8067932128906,14,secondary
RHJC_ax1,3,752.1428527832031,14,secondary
RHJC_ax1,4,767.7760314941406,14,secondary
RHJC_ax1,5,770.9992370605469,14,secondary
RHJC_ax1,6,759.1655578613281,14,secondary
RHJC_ax1,7,742.0533447265625,14,secondary
RHJC_ax1,8,735.3478393554688,14,secondary
RHJC_ax1,9,735.7890319824219,14,secondary
RHJC_ax1,10,740.2885284423828,14,secondary
RHJC_ax1,11,756.7228546142578,14,secondary
RHJC_ax1,12,772.9251708984375,14,secondary
RHJC_ax1,13,786.6747894287109,14,secondary
RHJC_ax1,14,786.6686553955078,14,secondary
RHJC_ax1,15,793.7676391601562,14,secondary
RHJC_ax1,16,800.9314117431641,14,secondary
RHJC_ax1,17,802.8712005615234,14,secondary
RHJC_ax1,18,797.1560516357422,14,secondary
RHJC_ax1,19,803.2808227539062,14,secondary
RHJC_ax1,20,803.2353363037109,14,secondary
RHJC_ax1,21,812.3678894042969,14,secondary
RHJC_ax1,22,825.1729278564453,14,secondary
RHJC_ax1,23,837.9031524658203,14,secondary
RHJC_ax1,24,845.7059020996094,14,secondary
RHJC_ax1,25,845.993896484375,14,secondary
RHJC_ax1,26,841.1085510253906,14,secondary
RHJC_ax1,27,846.8776245117188,14,secondary
RHJC_ax1,28,852.5860900878906,14,secondary
RHJC_ax1,29,858.2483978271484,14,secondary
RHJC_ax1,30,865.5947265625,14,secondary
RHJC_ax1,31,877.4631042480469,14,secondary
RHJC_ax1,32,889.3562469482422,14,secondary
RHJC_ax1,33,901.2896728515625,14,secondary
RHJC_ax1,34,913.22412109375,14,secondary
RHJC_ax1,35,912.6450042724609,14,secondary
RHJC_ax1,36,912.5037231445312,14,secondary
RHJC_ax1,37,907.6795959472656,14,secondary
RHJC_ax1,38,905.1935119628906,14,secondary
RHJC_ax1,39,915.2826538085938,14,secondary
RHJC_ax1,40,928.2606506347656,14,secondary
RHJC_ax1,41,935.6119079589844,14,secondary
RHJC_ax1,42,936.7176818847656,14,secondary
RHJC_ax1,43,946.87158203125,14,secondary
RHJC_ax1,44,959.9220275878906,14,secondary
RHJC_ax1,45,973.189453125,14,secondary
RHJC_ax1,46,986.8219604492188,14,secondary
RHJC_ax1,47,1000.8743896484375,14,secondary
RHJC_ax1,48,1012.5679626464844,14,secondary
RHJC_ax1,49,1019.4713897705078,14,secondary
RHJC_ax1,50,1026.4985656738281,14,secondary
RHJC_ax1,51,1033.6380004882812,14,secondary
RHJC_ax1,52,1034.2252349853516,14,secondary
RHJC_ax1,53,1042.7522735595703,14,secondary
RHJC_ax1,54,1054.7520751953125,14,secondary
RHJC_ax1,55,1071.3033752441406,14,secondary
RHJC_ax1,56,1084.3148803710938,14,secondary
RHJC_ax1,57,1076.7606201171875,14,secondary
RHJC_ax1,58,1059.39013671875,14,secondary
RHJC_ax1,59,1046.0011596679688,14,secondary
RHJC_ax1,60,1041.9978485107422,14,secondary
RHJC_ax1,61,1041.5828857421875,14,secondary
RHJC_ax1,62,1053.9317321777344,14,secondary
RHJC_ax1,63,1058.6905517578125,14,secondary
RHJC_ax1,64,1057.7857666015625,14,secondary
RHJC_ax1,65,1070.5204467773438,14,secondary
RHJC_ax1,66,1083.452880859375,14,secondary
RHJC_ax1,67,1094.0683898925781,14,secondary
RHJC_ax1,68,1101.6863403320312,14,secondary
RHJC_ax1,69,1095.8506469726562,14,secondary
RHJC_ax1,70,1093.8172302246094,14,secondary
RHJC_ax1,71,1100.3017883300781,14,secondary
RHJC_ax1,72,1100.2819519042969,14,secondary
RHJC_ax1,73,1107.0186462402344,14,secondary
RHJC_ax1,74,1113.7174987792969,14,secondary
RHJC_ax1,75,1120.4112854003906,14,secondary
RHJC_ax1,76,1127.060791015625,14,secondary
RHJC_ax1,77,1135.6535034179688,14,secondary
RHJC_ax1,78,1146.957275390625,14,secondary
RHJC_ax1,79,1159.0648193359375,14,secondary
RHJC_ax1,80,1171.15576171875,14,secondary
RHJC_ax1,81,1183.1852416992188,14,secondary
RHJC_ax1,82,1195.1090087890625,14,secondary
RHJC_ax1,83,1207.0676879882812,14,secondary
RHJC_ax1,84,1219.2283325195312,14,secondary
RHJC_ax1,85,1231.6000366210938,14,secondary
RHJC_ax1,86,1244.1134033203125,14,secondary
RHJC_ax1,87,1256.7279052734375,14,secondary
RHJC_ax1,88,1269.4577026367188,14,secondary
RHJC_ax1,89,1274.2197265625,14,secondary
RHJC_ax1,90,1275.9260864257812,14,secondary
RHJC_ax1,91,1290.150390625,14,secondary
RHJC_ax1,92,1291.7105712890625,14,secondary
RHJC_ax1,93,1292.8922119140625,14,secondary
RHJC_ax1,94,1300.7124633789062,14,secondary
RHJC_ax1,95,1301.8794555664062,14,secondary
RHJC_ax1,96,1306.1165161132812,14,secondary
RHJC_ax1,97,1320.4552612304688,14,secondary
RHJC_ax1,98,1332.3193359375,14,secondary
RHJC_ax1,99,1332.9940795898438,14,secondary
RHJC_ax1,100,1335.9862365722656,14,secondary
RHJC_ax2,0,228.20366668701172,14,secondary
RHJC_ax2,1,229.1370849609375,14,secondary
RHJC_ax2,2,230.08159637451172,14,secondary
RHJC_ax2,3,231.1939697265625,14,secondary
RHJC_ax2,4,231.33501434326172,14,secondary
RHJC_ax2,5,230.56473541259766,14,secondary
RHJC_ax2,6,230.7541961669922,14,secondary
RHJC_ax2,7,230.25884246826172,14,secondary
RHJC_ax2,8,227.71491241455078,14,secondary
RHJC_ax2,9,225.76689910888672,14,secondary
RHJC_ax2,10,225.05327606201172,14,secondary
RHJC_ax2,11,224.16221618652344,14,secondary
RHJC_ax2,12,221.66436004638672,14,secondary
RHJC_ax2,13,219.0921859741211,14,secondary
RHJC_ax2,14,220.03761291503906,14,secondary
RHJC_ax2,15,223.83480834960938,14,secondary
RHJC_ax2,16,226.0592498779297,14,secondary
RHJC_ax2,17,228.24867248535156,14,secondary
RHJC_ax2,18,230.07813262939453,14,secondary
RHJC_ax2,19,231.35315704345703,14,secondary
RHJC_ax2,20,232.29920196533203,14,secondary
RHJC_ax2,21,232.8570785522461,14,secondary
RHJC_ax2,22,232.77554321289062,14,secondary
RHJC_ax2,23,232.93116760253906,14,secondary
RHJC_ax2,24,232.90194702148438,14,secondary
RHJC_ax2,25,232.7726593017578,14,secondary
RHJC_ax2,26,232.68704223632812,14,secondary
RHJC_ax2,27,232.63551330566406,14,secondary
RHJC_ax2,28,232.60499572753906,14,secondary
RHJC_ax2,29,232.5806655883789,14,secondary
RHJC_ax2,30,232.43765258789062,14,secondary
RHJC_ax2,31,232.11132049560547,14,secondary
RHJC_ax2,32,231.4898681640625,14,secondary
RHJC_ax2,33,230.79122924804688,14,secondary
RHJC_ax2,34,230.08829498291016,14,secondary
RHJC_ax2,35,229.43893432617188,14,secondary
RHJC_ax2,36,228.83866119384766,14,secondary
RHJC_ax2,37,228.2749252319336,14,secondary
RHJC_ax2,38,227.75027465820312,14,secondary
RHJC_ax2,39,227.27188873291016,14,secondary
RHJC_ax2,40,226.83078002929688,14,secondary
RHJC_ax2,41,226.3992462158203,14,secondary
RHJC_ax2,42,225.93609619140625,14,secondary
RHJC_ax2,43,225.27667236328125,14,secondary
RHJC_ax2,44,224.79131317138672,14,secondary
RHJC_ax2,45,224.26404571533203,14,secondary
RHJC_ax2,46,223.71947479248047,14,secondary
RHJC_ax2,47,223.2938003540039,14,secondary
RHJC_ax2,48,222.68280792236328,14,secondary
RHJC_ax2,49,222.33367919921875,14,secondary
RHJC_ax2,50,221.93755340576172,14,secondary
RHJC_ax2,51,221.44630432128906,14,secondary
RHJC_ax2,52,220.8648223876953,14,secondary
RHJC_ax2,53,221.6337890625,14,secondary
RHJC_ax2,54,220.57025146484375,14,secondary
RHJC_ax2,55,219.09567260742188,14,secondary
RHJC_ax2,56,219.3899154663086,14,secondary
RHJC_ax2,57,219.77323150634766,14,secondary
RHJC_ax2,58,218.89507293701172,14,secondary
RHJC_ax2,59,217.01597595214844,14,secondary
RHJC_ax2,60,217.02962493896484,14,secondary
RHJC_ax2,61,217.0852279663086,14,secondary
RHJC_ax2,62,216.898193359375,14,secondary
RHJC_ax2,63,218.3234634399414,14,secondary
RHJC_ax2,64,220.78848266601562,14,secondary
RHJC_ax2,65,222.30393981933594,14,secondary
RHJC_ax2,66,221.69593811035156,14,secondary
RHJC_ax2,67,221.60425567626953,14,secondary
RHJC_ax2,68,220.22126007080078,14,secondary
RHJC_ax2,69,220.9265899658203,14,secondary
RHJC_ax2,70,221.45130157470703,14,secondary
RHJC_ax2,71,222.2286148071289,14,secondary
RHJC_ax2,72,224.20491790771484,14,secondary
RHJC_ax2,73,225.76730346679688,14,secondary
RHJC_ax2,74,227.02796936035156,14,secondary
RHJC_ax2,75,228.08871459960938,14,secondary
RHJC_ax2,76,228.79244995117188,14,secondary
RHJC_ax2,77,229.52679443359375,14,secondary
RHJC_ax2,78,230.1767120361328,14,secondary
RHJC_ax2,79,230.6246566772461,14,secondary
RHJC_ax2,80,230.74986267089844,14,secondary
RHJC_ax2,81,230.52992248535156,14,secondary
RHJC_ax2,82,230.15342712402344,14,secondary
RHJC_ax2,83,229.7726821899414,14,secondary
RHJC_ax2,84,229.41380310058594,14,secondary
RHJC_ax2,85,229.07757568359375,14,secondary
RHJC_ax2,86,228.80489349365234,14,secondary
RHJC_ax2,87,229.07418060302734,14,secondary
RHJC_ax2,88,229.82866668701172,14,secondary
RHJC_ax2,89,230.49542236328125,14,secondary
RHJC_ax2,90,231.0067138671875,14,secondary
RHJC_ax2,91,231.39138793945312,14,secondary
RHJC_ax2,92,231.6879119873047,14,secondary
RHJC_ax2,93,231.9296875,14,secondary
RHJC_ax2,94,231.76687240600586,14,secondary
RHJC_ax2,95,231.2616844177246,14,secondary
RHJC_ax2,96,230.65924072265625,14,secondary
RHJC_ax2,97,230.05645751953125,14,secondary
RHJC_ax2,98,229.46371841430664,14,secondary
RHJC_ax2,99,228.81999588012695,14,secondary
RHJC_ax2,100,227.959716796875,14,secondary
RHJC_ax3,0,831.8380584716797,14,secondary
RHJC_ax3,1,829.4451904296875,14,secondary
RHJC_ax3,2,826.867919921875,14,secondary
RHJC_ax3,3,824.927490234375,14,secondary
RHJC_ax3,4,822.7695922851562,14,secondary
RHJC_ax3,5,820.8717346191406,14,secondary
RHJC_ax3,6,819.5929260253906,14,secondary
RHJC_ax3,7,818.7856140136719,14,secondary
RHJC_ax3,8,818.5856018066406,14,secondary
RHJC_ax3,9,818.9901428222656,14,secondary
RHJC_ax3,10,819.4783935546875,14,secondary
RHJC_ax3,11,820.7065734863281,14,secondary
RHJC_ax3,12,822.23486328125,14,secondary
RHJC_ax3,13,822.5928649902344,14,secondary
RHJC_ax3,14,824.2159729003906,14,secondary
RHJC_ax3,15,826.2275695800781,14,secondary
RHJC_ax3,16,828.6160278320312,14,secondary
RHJC_ax3,17,830.4615478515625,14,secondary
RHJC_ax3,18,832.2063598632812,14,secondary
RHJC_ax3,19,835.3018188476562,14,secondary
RHJC_ax3,20,837.8310852050781,14,secondary
RHJC_ax3,21,840.2721862792969,14,secondary
RHJC_ax3,22,841.6180725097656,14,secondary
RHJC_ax3,23,843.8824462890625,14,secondary
RHJC_ax3,24,846.8701477050781,14,secondary
RHJC_ax3,25,848.432373046875,14,secondary
RHJC_ax3,26,850.2309265136719,14,secondary
RHJC_ax3,27,852.9925231933594,14,secondary
RHJC_ax3,28,855.9327392578125,14,secondary
RHJC_ax3,29,857.4749755859375,14,secondary
RHJC_ax3,30,859.0286712646484,14,secondary
RHJC_ax3,31,860.3840789794922,14,secondary
RHJC_ax3,32,860.6431121826172,14,secondary
RHJC_ax3,33,860.4785461425781,14,secondary
RHJC_ax3,34,860.1353912353516,14,secondary
RHJC_ax3,35,859.6022186279297,14,secondary
RHJC_ax3,36,858.9249267578125,14,secondary
RHJC_ax3,37,857.9378509521484,14,secondary
RHJC_ax3,38,856.7567596435547,14,secondary
RHJC_ax3,39,855.3499908447266,14,secondary
RHJC_ax3,40,853.7829742431641,14,secondary
RHJC_ax3,41,851.9127349853516,14,secondary
RHJC_ax3,42,849.8798828125,14,secondary
RHJC_ax3,43,847.7611083984375,14,secondary
RHJC_ax3,44,845.4448699951172,14,secondary
RHJC_ax3,45,842.9991302490234,14,secondary
RHJC_ax3,46,840.1986083984375,14,secondary
RHJC_ax3,47,837.578125,14,secondary
RHJC_ax3,48,835.4794006347656,14,secondary
RHJC_ax3,49,833.4175415039062,14,secondary
RHJC_ax3,50,831.1262817382812,14,secondary
RHJC_ax3,51,829.0024108886719,14,secondary
RHJC_ax3,52,826.9473266601562,14,secondary
RHJC_ax3,53,824.8856506347656,14,secondary
RHJC_ax3,54,823.3929748535156,14,secondary
RHJC_ax3,55,822.1965026855469,14,secondary
RHJC_ax3,56,821.2315368652344,14,secondary
RHJC_ax3,57,820.6355895996094,14,secondary
RHJC_ax3,58,820.5587768554688,14,secondary
RHJC_ax3,59,820.5581359863281,14,secondary
RHJC_ax3,60,820.8011169433594,14,secondary
RHJC_ax3,61,821.7908020019531,14,secondary
RHJC_ax3,62,822.1172180175781,14,secondary
RHJC_ax3,63,823.276123046875,14,secondary
RHJC_ax3,64,824.6272583007812,14,secondary
RHJC_ax3,65,826.4409484863281,14,secondary
RHJC_ax3,66,828.8017883300781,14,secondary
RHJC_ax3,67,831.0090026855469,14,secondary
RHJC_ax3,68,833.5950012207031,14,secondary
RHJC_ax3,69,835.9651794433594,14,secondary
RHJC_ax3,70,838.0978393554688,14,secondary
RHJC_ax3,71,840.0362243652344,14,secondary
RHJC_ax3,72,842.276611328125,14,secondary
RHJC_ax3,73,844.0069274902344,14,secondary
RHJC_ax3,74,845.5622253417969,14,secondary
RHJC_ax3,75,847.6774291992188,14,secondary
RHJC_ax3,76,850.3695068359375,14,secondary
RHJC_ax3,77,852.5729370117188,14,secondary
RHJC_ax3,78,854.1919555664062,14,secondary
RHJC_ax3,79,855.9432983398438,14,secondary
RHJC_ax3,80,857.5367126464844,14,secondary
RHJC_ax3,81,858.9454956054688,14,secondary
RHJC_ax3,82,859.3697052001953,14,secondary
RHJC_ax3,83,859.3546905517578,14,secondary
RHJC_ax3,84,859.1767578125,14,secondary
RHJC_ax3,85,858.7986450195312,14,secondary
RHJC_ax3,86,858.1187438964844,14,secondary
RHJC_ax3,87,856.7072296142578,14,secondary
RHJC_ax3,88,854.9456787109375,14,secondary
RHJC_ax3,89,853.5599975585938,14,secondary
RHJC_ax3,90,852.0449676513672,14,secondary
RHJC_ax3,91,850.2913665771484,14,secondary
RHJC_ax3,92,848.2682495117188,14,secondary
RHJC_ax3,93,846.1391906738281,14,secondary
RHJC_ax3,94,844.1729431152344,14,secondary
RHJC_ax3,95,841.6633605957031,14,secondary
RHJC_ax3,96,839.0802764892578,14,secondary
RHJC_ax3,97,836.4938659667969,14,secondary
RHJC_ax3,98,833.9692077636719,14,secondary
RHJC_ax3,99,831.8101043701172,14,secondary
RHJC_ax3,100,828.7879333496094,14,secondary
LHipAngles_ax1,0,26.947717666625977,14,primary
LHipAngles_ax1,1,26.37180185317993,14,primary
LHipAngles_ax1,2,25.853642225265503,14,primary
LHipAngles_ax1,3,25.396309971809387,14,primary
LHipAngles_ax1,4,24.99867594242096,14,primary
LHipAngles_ax1,5,24.65522849559784,14,primary
LHipAngles_ax1,6,24.355195343494415,14,primary
LHipAngles_ax1,7,24.08222770690918,14,primary
LHipAngles_ax1,8,23.82572215795517,14,primary
LHipAngles_ax1,9,23.657317519187927,14,primary
LHipAngles_ax1,10,23.48979341983795,14,primary
LHipAngles_ax1,11,23.304347574710846,14,primary
LHipAngles_ax1,12,23.118730068206787,14,primary
LHipAngles_ax1,13,23.020207405090332,14,primary
LHipAngles_ax1,14,22.554031372070312,14,primary
LHipAngles_ax1,15,21.646587371826172,14,primary
LHipAngles_ax1,16,20.64078998565674,14,primary
LHipAngles_ax1,17,19.557159423828125,14,primary
LHipAngles_ax1,18,18.421513557434082,14,primary
LHipAngles_ax1,19,18.119346618652344,14,primary
LHipAngles_ax1,20,20.095158576965332,14,primary
LHipAngles_ax1,21,22.222620964050293,14,primary
LHipAngles_ax1,22,21.637508392333984,14,primary
LHipAngles_ax1,23,20.991174697875977,14,primary
LHipAngles_ax1,24,21.787261962890625,14,primary
LHipAngles_ax1,25,21.953368186950684,14,primary
LHipAngles_ax1,26,22.141486167907715,14,primary
LHipAngles_ax1,27,22.564944744110107,14,primary
LHipAngles_ax1,28,24.397366046905518,14,primary
LHipAngles_ax1,29,26.104795455932617,14,primary
LHipAngles_ax1,30,26.270522594451904,14,primary
LHipAngles_ax1,31,26.36002016067505,14,primary
LHipAngles_ax1,32,25.64140224456787,14,primary
LHipAngles_ax1,33,24.30467128753662,14,primary
LHipAngles_ax1,34,23.43381094932556,14,primary
LHipAngles_ax1,35,22.893036365509033,14,primary
LHipAngles_ax1,36,22.288137435913086,14,primary
LHipAngles_ax1,37,21.777562141418457,14,primary
LHipAngles_ax1,38,21.406006813049316,14,primary
LHipAngles_ax1,39,21.21582019329071,14,primary
LHipAngles_ax1,40,20.901068329811096,14,primary
LHipAngles_ax1,41,20.47377848625183,14,primary
LHipAngles_ax1,42,19.950197398662567,14,primary
LHipAngles_ax1,43,19.36020863056183,14,primary
LHipAngles_ax1,44,18.73925891518593,14,primary
LHipAngles_ax1,45,18.125414296984673,14,primary
LHipAngles_ax1,46,17.554988272488117,14,primary
LHipAngles_ax1,47,16.977171391248703,14,primary
LHipAngles_ax1,48,16.135401904582977,14,primary
LHipAngles_ax1,49,15.331013023853302,14,primary
LHipAngles_ax1,50,14.603203773498535,14,primary
LHipAngles_ax1,51,13.908889651298523,14,primary
LHipAngles_ax1,52,13.246983289718628,14,primary
LHipAngles_ax1,53,12.663456678390503,14,primary
LHipAngles_ax1,54,12.17330801486969,14,primary
LHipAngles_ax1,55,11.746167302131653,14,primary
LHipAngles_ax1,56,11.374004006385803,14,primary
LHipAngles_ax1,57,11.364165306091309,14,primary
LHipAngles_ax1,58,11.595445990562439,14,primary
LHipAngles_ax1,59,12.09016728401184,14,primary
LHipAngles_ax1,60,12.852571964263916,14,primary
LHipAngles_ax1,61,13.646520853042603,14,primary
LHipAngles_ax1,62,13.6450055539608,14,primary
LHipAngles_ax1,63,13.691945109516382,14,primary
LHipAngles_ax1,64,13.780304253101349,14,primary
LHipAngles_ax1,65,14.270217418670654,14,primary
LHipAngles_ax1,66,14.851189613342285,14,primary
LHipAngles_ax1,67,15.826978087425232,14,primary
LHipAngles_ax1,68,17.65910291671753,14,primary
LHipAngles_ax1,69,19.67997455596924,14,primary
LHipAngles_ax1,70,21.378886699676514,14,primary
LHipAngles_ax1,71,21.923314571380615,14,primary
LHipAngles_ax1,72,22.16996192932129,14,primary
LHipAngles_ax1,73,21.476238250732422,14,primary
LHipAngles_ax1,74,21.323097229003906,14,primary
LHipAngles_ax1,75,21.704631805419922,14,primary
LHipAngles_ax1,76,22.155051231384277,14,primary
LHipAngles_ax1,77,23.614388465881348,14,primary
LHipAngles_ax1,78,25.59391212463379,14,primary
LHipAngles_ax1,79,26.019023895263672,14,primary
LHipAngles_ax1,80,24.944951057434082,14,primary
LHipAngles_ax1,81,24.230952262878418,14,primary
LHipAngles_ax1,82,24.37452793121338,14,primary
LHipAngles_ax1,83,25.45366859436035,14,primary
LHipAngles_ax1,84,26.37891674041748,14,primary
LHipAngles_ax1,85,27.146207809448242,14,primary
LHipAngles_ax1,86,27.75424098968506,14,primary
LHipAngles_ax1,87,28.189266204833984,14,primary
LHipAngles_ax1,88,28.495134353637695,14,primary
LHipAngles_ax1,89,28.65158462524414,14,primary
LHipAngles_ax1,90,28.604516983032227,14,primary
LHipAngles_ax1,91,28.491943359375,14,primary
LHipAngles_ax1,92,28.35049533843994,14,primary
LHipAngles_ax1,93,28.212841033935547,14,primary
LHipAngles_ax1,94,28.106886863708496,14,primary
LHipAngles_ax1,95,28.05007839202881,14,primary
LHipAngles_ax1,96,27.97786045074463,14,primary
LHipAngles_ax1,97,27.777690172195435,14,primary
LHipAngles_ax1,98,27.30712890625,14,primary
LHipAngles_ax1,99,26.863364219665527,14,primary
LHipAngles_ax1,100,26.44593334197998,14,primary
LHipAngles_ax2,0,0.786834666505456,14,secondary
LHipAngles_ax2,1,0.8867557544726878,14,secondary
LHipAngles_ax2,2,0.8830711990594864,14,secondary
LHipAngles_ax2,3,0.6633872389793396,14,secondary
LHipAngles_ax2,4,0.33732593059539795,14,secondary
LHipAngles_ax2,5,0.2279960010200739,14,secondary
LHipAngles_ax2,6,0.1376459002494812,14,secondary
LHipAngles_ax2,7,0.12370126321911812,14,secondary
LHipAngles_ax2,8,-0.18267866224050522,14,secondary
LHipAngles_ax2,9,0.15132712665945292,14,secondary
LHipAngles_ax2,10,0.20382680743932724,14,secondary
LHipAngles_ax2,11,-0.37323942547664046,14,secondary
LHipAngles_ax2,12,-0.4283471256494522,14,secondary
LHipAngles_ax2,13,-0.2888435423374176,14,secondary
LHipAngles_ax2,14,-0.2175598442554474,14,secondary
LHipAngles_ax2,15,-0.19663959741592407,14,secondary
LHipAngles_ax2,16,-0.22244077920913696,14,secondary
LHipAngles_ax2,17,-0.1314268782734871,14,secondary
LHipAngles_ax2,18,0.15058520436286926,14,secondary
LHipAngles_ax2,19,0.3979004919528961,14,secondary
LHipAngles_ax2,20,0.5900880098342896,14,secondary
LHipAngles_ax2,21,0.738633394241333,14,secondary
LHipAngles_ax2,22,0.9205054044723511,14,secondary
LHipAngles_ax2,23,0.9721781015396118,14,secondary
LHipAngles_ax2,24,0.8773133754730225,14,secondary
LHipAngles_ax2,25,0.7328400313854218,14,secondary
LHipAngles_ax2,26,0.6703445315361023,14,secondary
LHipAngles_ax2,27,0.7375602722167969,14,secondary
LHipAngles_ax2,28,0.7907247543334961,14,secondary
LHipAngles_ax2,29,0.8757128119468689,14,secondary
LHipAngles_ax2,30,1.0421384274959564,14,secondary
LHipAngles_ax2,31,1.3216233253479004,14,secondary
LHipAngles_ax2,32,1.7076870203018188,14,secondary
LHipAngles_ax2,33,1.6528365910053253,14,secondary
LHipAngles_ax2,34,1.5741510391235352,14,secondary
LHipAngles_ax2,35,1.5120418071746826,14,secondary
LHipAngles_ax2,36,1.4480831027030945,14,secondary
LHipAngles_ax2,37,1.3987896516919136,14,secondary
LHipAngles_ax2,38,1.3299478888511658,14,secondary
LHipAngles_ax2,39,1.2516726851463318,14,secondary
LHipAngles_ax2,40,1.1924216747283936,14,secondary
LHipAngles_ax2,41,1.1405153572559357,14,secondary
LHipAngles_ax2,42,1.0979549288749695,14,secondary
LHipAngles_ax2,43,0.9761406481266022,14,secondary
LHipAngles_ax2,44,0.7223668396472931,14,secondary
LHipAngles_ax2,45,0.6870690584182739,14,secondary
LHipAngles_ax2,46,0.5579303354024887,14,secondary
LHipAngles_ax2,47,0.35693883523344994,14,secondary
LHipAngles_ax2,48,0.24558166041970253,14,secondary
LHipAngles_ax2,49,0.25882142037153244,14,secondary
LHipAngles_ax2,50,0.13261029496788979,14,secondary
LHipAngles_ax2,51,0.17801117897033691,14,secondary
LHipAngles_ax2,52,0.272655226290226,14,secondary
LHipAngles_ax2,53,-0.0031479783356189728,14,secondary
LHipAngles_ax2,54,0.22153665870428085,14,secondary
LHipAngles_ax2,55,0.2930869236588478,14,secondary
LHipAngles_ax2,56,0.1173609271645546,14,secondary
LHipAngles_ax2,57,0.010961025953292847,14,secondary
LHipAngles_ax2,58,-0.24932072311639786,14,secondary
LHipAngles_ax2,59,-0.4836430847644806,14,secondary
LHipAngles_ax2,60,-0.5096633438079152,14,secondary
LHipAngles_ax2,61,-0.3979760408401489,14,secondary
LHipAngles_ax2,62,-0.909459263086319,14,secondary
LHipAngles_ax2,63,-1.4738490581512451,14,secondary
LHipAngles_ax2,64,-1.8842539191246033,14,secondary
LHipAngles_ax2,65,-1.7428675889968872,14,secondary
LHipAngles_ax2,66,-1.8380976915359497,14,secondary
LHipAngles_ax2,67,-1.9951732158660889,14,secondary
LHipAngles_ax2,68,-2.0000826120376587,14,secondary
LHipAngles_ax2,69,-1.8593745231628418,14,secondary
LHipAngles_ax2,70,-1.5826184749603271,14,secondary
LHipAngles_ax2,71,-1.2184723615646362,14,secondary
LHipAngles_ax2,72,-0.7895660400390625,14,secondary
LHipAngles_ax2,73,-0.34478726983070374,14,secondary
LHipAngles_ax2,74,0.1125107854604721,14,secondary
LHipAngles_ax2,75,0.47852131724357605,14,secondary
LHipAngles_ax2,76,0.44651954621076584,14,secondary
LHipAngles_ax2,77,0.4294190853834152,14,secondary
LHipAngles_ax2,78,0.40632009506225586,14,secondary
LHipAngles_ax2,79,0.35166092216968536,14,secondary
LHipAngles_ax2,80,0.3513153865933418,14,secondary
LHipAngles_ax2,81,0.7598556950688362,14,secondary
LHipAngles_ax2,82,0.786878377199173,14,secondary
LHipAngles_ax2,83,0.8442215099930763,14,secondary
LHipAngles_ax2,84,0.8453622534871101,14,secondary
LHipAngles_ax2,85,0.8471619188785553,14,secondary
LHipAngles_ax2,86,0.8587960414588451,14,secondary
LHipAngles_ax2,87,0.8800149001181126,14,secondary
LHipAngles_ax2,88,0.9149135565385222,14,secondary
LHipAngles_ax2,89,0.9660551100969315,14,secondary
LHipAngles_ax2,90,1.0419064462184906,14,secondary
LHipAngles_ax2,91,1.0736730098724365,14,secondary
LHipAngles_ax2,92,1.0674055367708206,14,secondary
LHipAngles_ax2,93,1.034432053565979,14,secondary
LHipAngles_ax2,94,0.7208019271492958,14,secondary
LHipAngles_ax2,95,0.7735615968704224,14,secondary
LHipAngles_ax2,96,0.7489807456731796,14,secondary
LHipAngles_ax2,97,0.7466737851500511,14,secondary
LHipAngles_ax2,98,0.8350725099444389,14,secondary
LHipAngles_ax2,99,0.7561895474791527,14,secondary
LHipAngles_ax2,100,0.6482080165296793,14,secondary
LHipAngles_ax3,0,-12.790111064910889,14,secondary
LHipAngles_ax3,1,-13.00954270362854,14,secondary
LHipAngles_ax3,2,-13.021796703338623,14,secondary
LHipAngles_ax3,3,-12.647513151168823,14,secondary
LHipAngles_ax3,4,-11.91454291343689,14,secondary
LHipAngles_ax3,5,-10.498597621917725,14,secondary
LHipAngles_ax3,6,-8.471598386764526,14,secondary
LHipAngles_ax3,7,-7.362815618515015,14,secondary
LHipAngles_ax3,8,-7.2972798347473145,14,secondary
LHipAngles_ax3,9,-7.360985994338989,14,secondary
LHipAngles_ax3,10,-7.394136667251587,14,secondary
LHipAngles_ax3,11,-7.1207849979400635,14,secondary
LHipAngles_ax3,12,-6.5496296882629395,14,secondary
LHipAngles_ax3,13,-6.050299644470215,14,secondary
LHipAngles_ax3,14,-5.699681520462036,14,secondary
LHipAngles_ax3,15,-5.257360219955444,14,secondary
LHipAngles_ax3,16,-4.7199389934539795,14,secondary
LHipAngles_ax3,17,-3.7357207536697388,14,secondary
LHipAngles_ax3,18,-3.4024070501327515,14,secondary
LHipAngles_ax3,19,-3.35374653339386,14,secondary
LHipAngles_ax3,20,-3.918225049972534,14,secondary
LHipAngles_ax3,21,-4.4454944133758545,14,secondary
LHipAngles_ax3,22,-4.596297264099121,14,secondary
LHipAngles_ax3,23,-4.649189233779907,14,secondary
LHipAngles_ax3,24,-5.922975063323975,14,secondary
LHipAngles_ax3,25,-7.263617753982544,14,secondary
LHipAngles_ax3,26,-8.411179304122925,14,secondary
LHipAngles_ax3,27,-9.086479187011719,14,secondary
LHipAngles_ax3,28,-8.888855695724487,14,secondary
LHipAngles_ax3,29,-8.559495687484741,14,secondary
LHipAngles_ax3,30,-7.9000232219696045,14,secondary
LHipAngles_ax3,31,-7.143591642379761,14,secondary
LHipAngles_ax3,32,-6.5259175300598145,14,secondary
LHipAngles_ax3,33,-5.9354612827301025,14,secondary
LHipAngles_ax3,34,-5.7635111808776855,14,secondary
LHipAngles_ax3,35,-5.776295185089111,14,secondary
LHipAngles_ax3,36,-5.775011777877808,14,secondary
LHipAngles_ax3,37,-5.750861644744873,14,secondary
LHipAngles_ax3,38,-5.9515299797058105,14,secondary
LHipAngles_ax3,39,-6.096120238304138,14,secondary
LHipAngles_ax3,40,-6.322977423667908,14,secondary
LHipAngles_ax3,41,-6.535998463630676,14,secondary
LHipAngles_ax3,42,-7.095775127410889,14,secondary
LHipAngles_ax3,43,-6.795623064041138,14,secondary
LHipAngles_ax3,44,-6.60346531867981,14,secondary
LHipAngles_ax3,45,-6.8418662548065186,14,secondary
LHipAngles_ax3,46,-7.431142807006836,14,secondary
LHipAngles_ax3,47,-7.81220269203186,14,secondary
LHipAngles_ax3,48,-8.507309436798096,14,secondary
LHipAngles_ax3,49,-9.408846378326416,14,secondary
LHipAngles_ax3,50,-9.938378810882568,14,secondary
LHipAngles_ax3,51,-10.501405715942383,14,secondary
LHipAngles_ax3,52,-10.967413902282715,14,secondary
LHipAngles_ax3,53,-10.801527500152588,14,secondary
LHipAngles_ax3,54,-10.655840396881104,14,secondary
LHipAngles_ax3,55,-10.335734844207764,14,secondary
LHipAngles_ax3,56,-9.771896839141846,14,secondary
LHipAngles_ax3,57,-8.801424026489258,14,secondary
LHipAngles_ax3,58,-8.098751544952393,14,secondary
LHipAngles_ax3,59,-7.924577474594116,14,secondary
LHipAngles_ax3,60,-7.692516565322876,14,secondary
LHipAngles_ax3,61,-7.100127696990967,14,secondary
LHipAngles_ax3,62,-6.992742538452148,14,secondary
LHipAngles_ax3,63,-7.045557975769043,14,secondary
LHipAngles_ax3,64,-7.001266956329346,14,secondary
LHipAngles_ax3,65,-6.39235782623291,14,secondary
LHipAngles_ax3,66,-5.4555981159210205,14,secondary
LHipAngles_ax3,67,-5.589908599853516,14,secondary
LHipAngles_ax3,68,-4.304335117340088,14,secondary
LHipAngles_ax3,69,-4.213424801826477,14,secondary
LHipAngles_ax3,70,-4.494904637336731,14,secondary
LHipAngles_ax3,71,-4.3672343492507935,14,secondary
LHipAngles_ax3,72,-4.688051104545593,14,secondary
LHipAngles_ax3,73,-5.12041449546814,14,secondary
LHipAngles_ax3,74,-4.983709335327148,14,secondary
LHipAngles_ax3,75,-4.472078084945679,14,secondary
LHipAngles_ax3,76,-4.481454849243164,14,secondary
LHipAngles_ax3,77,-5.000768661499023,14,secondary
LHipAngles_ax3,78,-5.727656364440918,14,secondary
LHipAngles_ax3,79,-5.909269094467163,14,secondary
LHipAngles_ax3,80,-6.263280153274536,14,secondary
LHipAngles_ax3,81,-6.653945684432983,14,secondary
LHipAngles_ax3,82,-6.476274013519287,14,secondary
LHipAngles_ax3,83,-5.77049708366394,14,secondary
LHipAngles_ax3,84,-5.588338851928711,14,secondary
LHipAngles_ax3,85,-5.270300388336182,14,secondary
LHipAngles_ax3,86,-4.682533025741577,14,secondary
LHipAngles_ax3,87,-4.233425855636597,14,secondary
LHipAngles_ax3,88,-3.6894099712371826,14,secondary
LHipAngles_ax3,89,-3.561956524848938,14,secondary
LHipAngles_ax3,90,-3.7902899980545044,14,secondary
LHipAngles_ax3,91,-4.336773157119751,14,secondary
LHipAngles_ax3,92,-5.217390298843384,14,secondary
LHipAngles_ax3,93,-5.857645750045776,14,secondary
LHipAngles_ax3,94,-6.298076152801514,14,secondary
LHipAngles_ax3,95,-7.799877643585205,14,secondary
LHipAngles_ax3,96,-9.322763919830322,14,secondary
LHipAngles_ax3,97,-11.06794261932373,14,secondary
LHipAngles_ax3,98,-11.881042957305908,14,secondary
LHipAngles_ax3,99,-12.269106149673462,14,secondary
LHipAngles_ax3,100,-12.729501724243164,14,secondary
RHipAngles_ax1,0,14.173413276672363,14,primary
RHipAngles_ax1,1,13.916215896606445,14,primary
RHipAngles_ax1,2,13.728233814239502,14,primary
RHipAngles_ax1,3,13.750644207000732,14,primary
RHipAngles_ax1,4,13.734853744506836,14,primary
RHipAngles_ax1,5,13.607622146606445,14,primary
RHipAngles_ax1,6,13.418264865875244,14,primary
RHipAngles_ax1,7,13.395925521850586,14,primary
RHipAngles_ax1,8,13.47861099243164,14,primary
RHipAngles_ax1,9,13.717164039611816,14,primary
RHipAngles_ax1,10,14.181952953338623,14,primary
RHipAngles_ax1,11,14.607457637786865,14,primary
RHipAngles_ax1,12,15.070461750030518,14,primary
RHipAngles_ax1,13,15.509628772735596,14,primary
RHipAngles_ax1,14,15.91315221786499,14,primary
RHipAngles_ax1,15,16.32009267807007,14,primary
RHipAngles_ax1,16,17.561243534088135,14,primary
RHipAngles_ax1,17,19.568385124206543,14,primary
RHipAngles_ax1,18,21.009533405303955,14,primary
RHipAngles_ax1,19,21.456088542938232,14,primary
RHipAngles_ax1,20,21.90526819229126,14,primary
RHipAngles_ax1,21,22.923054695129395,14,primary
RHipAngles_ax1,22,23.762821197509766,14,primary
RHipAngles_ax1,23,24.336413383483887,14,primary
RHipAngles_ax1,24,25.250469207763672,14,primary
RHipAngles_ax1,25,25.49784755706787,14,primary
RHipAngles_ax1,26,25.56851100921631,14,primary
RHipAngles_ax1,27,24.410823822021484,14,primary
RHipAngles_ax1,28,23.04470157623291,14,primary
RHipAngles_ax1,29,24.08745765686035,14,primary
RHipAngles_ax1,30,25.858391761779785,14,primary
RHipAngles_ax1,31,27.464097023010254,14,primary
RHipAngles_ax1,32,27.773887634277344,14,primary
RHipAngles_ax1,33,27.71828842163086,14,primary
RHipAngles_ax1,34,27.502704620361328,14,primary
RHipAngles_ax1,35,27.78226613998413,14,primary
RHipAngles_ax1,36,28.2088565826416,14,primary
RHipAngles_ax1,37,28.544079780578613,14,primary
RHipAngles_ax1,38,28.78240394592285,14,primary
RHipAngles_ax1,39,28.920527935028076,14,primary
RHipAngles_ax1,40,28.950198650360107,14,primary
RHipAngles_ax1,41,28.86187744140625,14,primary
RHipAngles_ax1,42,28.696974277496338,14,primary
RHipAngles_ax1,43,28.450963258743286,14,primary
RHipAngles_ax1,44,28.079362630844116,14,primary
RHipAngles_ax1,45,27.685031175613403,14,primary
RHipAngles_ax1,46,27.278968334197998,14,primary
RHipAngles_ax1,47,26.867580890655518,14,primary
RHipAngles_ax1,48,26.473316073417664,14,primary
RHipAngles_ax1,49,26.09071147441864,14,primary
RHipAngles_ax1,50,25.665384769439697,14,primary
RHipAngles_ax1,51,25.236793279647827,14,primary
RHipAngles_ax1,52,24.843617141246796,14,primary
RHipAngles_ax1,53,24.4601973593235,14,primary
RHipAngles_ax1,54,24.092146314680576,14,primary
RHipAngles_ax1,55,23.74774567782879,14,primary
RHipAngles_ax1,56,23.49830074608326,14,primary
RHipAngles_ax1,57,23.33859533071518,14,primary
RHipAngles_ax1,58,23.19019442796707,14,primary
RHipAngles_ax1,59,23.06937761604786,14,primary
RHipAngles_ax1,60,22.978583812713623,14,primary
RHipAngles_ax1,61,22.888101875782013,14,primary
RHipAngles_ax1,62,22.776107788085938,14,primary
RHipAngles_ax1,63,22.62610113620758,14,primary
RHipAngles_ax1,64,22.403470039367676,14,primary
RHipAngles_ax1,65,22.100749731063843,14,primary
RHipAngles_ax1,66,21.79386830329895,14,primary
RHipAngles_ax1,67,21.501404285430908,14,primary
RHipAngles_ax1,68,22.417303562164307,14,primary
RHipAngles_ax1,69,22.69946002960205,14,primary
RHipAngles_ax1,70,22.07094955444336,14,primary
RHipAngles_ax1,71,20.73879623413086,14,primary
RHipAngles_ax1,72,21.279330253601074,14,primary
RHipAngles_ax1,73,23.365379333496094,14,primary
RHipAngles_ax1,74,24.75300121307373,14,primary
RHipAngles_ax1,75,25.315593719482422,14,primary
RHipAngles_ax1,76,25.459997177124023,14,primary
RHipAngles_ax1,77,25.533236503601074,14,primary
RHipAngles_ax1,78,25.928805828094482,14,primary
RHipAngles_ax1,79,26.027953147888184,14,primary
RHipAngles_ax1,80,26.069465160369873,14,primary
RHipAngles_ax1,81,25.704495429992676,14,primary
RHipAngles_ax1,82,25.180467128753662,14,primary
RHipAngles_ax1,83,24.519165992736816,14,primary
RHipAngles_ax1,84,23.187824249267578,14,primary
RHipAngles_ax1,85,22.59364604949951,14,primary
RHipAngles_ax1,86,22.360862731933594,14,primary
RHipAngles_ax1,87,22.00072479248047,14,primary
RHipAngles_ax1,88,21.51881504058838,14,primary
RHipAngles_ax1,89,20.91214656829834,14,primary
RHipAngles_ax1,90,20.185397148132324,14,primary
RHipAngles_ax1,91,19.35440444946289,14,primary
RHipAngles_ax1,92,18.447585105895996,14,primary
RHipAngles_ax1,93,17.505311965942383,14,primary
RHipAngles_ax1,94,16.584228038787842,14,primary
RHipAngles_ax1,95,15.739701271057129,14,primary
RHipAngles_ax1,96,15.015861511230469,14,primary
RHipAngles_ax1,97,14.443599224090576,14,primary
RHipAngles_ax1,98,14.03548002243042,14,primary
RHipAngles_ax1,99,13.78456974029541,14,primary
RHipAngles_ax1,100,13.482269763946533,14,primary
RHipAngles_ax2,0,1.1862254408188164,14,secondary
RHipAngles_ax2,1,1.0188655704259872,14,secondary
RHipAngles_ax2,2,0.8308373913168907,14,secondary
RHipAngles_ax2,3,0.8030361533164978,14,secondary
RHipAngles_ax2,4,0.7041425704956055,14,secondary
RHipAngles_ax2,5,0.36033032089471817,14,secondary
RHipAngles_ax2,6,0.2654026597738266,14,secondary
RHipAngles_ax2,7,-0.004396406933665276,14,secondary
RHipAngles_ax2,8,0.11086582392454147,14,secondary
RHipAngles_ax2,9,0.3530033063143492,14,secondary
RHipAngles_ax2,10,0.36774104088544846,14,secondary
RHipAngles_ax2,11,0.3804442584514618,14,secondary
RHipAngles_ax2,12,0.40050700306892395,14,secondary
RHipAngles_ax2,13,-0.08077853918075562,14,secondary
RHipAngles_ax2,14,-0.5758450925350189,14,secondary
RHipAngles_ax2,15,-0.9853738844394684,14,secondary
RHipAngles_ax2,16,-1.1382722407579422,14,secondary
RHipAngles_ax2,17,-1.1148040890693665,14,secondary
RHipAngles_ax2,18,-1.1930005550384521,14,secondary
RHipAngles_ax2,19,-1.174584150314331,14,secondary
RHipAngles_ax2,20,-1.0386439561843872,14,secondary
RHipAngles_ax2,21,-0.5647348761558533,14,secondary
RHipAngles_ax2,22,0.028455009683966637,14,secondary
RHipAngles_ax2,23,0.4146479368209839,14,secondary
RHipAngles_ax2,24,0.36079858988523483,14,secondary
RHipAngles_ax2,25,0.46372712403535843,14,secondary
RHipAngles_ax2,26,0.7064464092254639,14,secondary
RHipAngles_ax2,27,0.9515179693698883,14,secondary
RHipAngles_ax2,28,1.242576241493225,14,secondary
RHipAngles_ax2,29,1.6004493832588196,14,secondary
RHipAngles_ax2,30,1.9432892352342606,14,secondary
RHipAngles_ax2,31,2.3737534284591675,14,secondary
RHipAngles_ax2,32,2.777717411518097,14,secondary
RHipAngles_ax2,33,2.872183382511139,14,secondary
RHipAngles_ax2,34,2.990051716566086,14,secondary
RHipAngles_ax2,35,3.1489410400390625,14,secondary
RHipAngles_ax2,36,3.2437376976013184,14,secondary
RHipAngles_ax2,37,3.259257972240448,14,secondary
RHipAngles_ax2,38,3.201909601688385,14,secondary
RHipAngles_ax2,39,3.1502712965011597,14,secondary
RHipAngles_ax2,40,3.1063684821128845,14,secondary
RHipAngles_ax2,41,3.050792694091797,14,secondary
RHipAngles_ax2,42,2.877807080745697,14,secondary
RHipAngles_ax2,43,2.5954371094703674,14,secondary
RHipAngles_ax2,44,2.3102144598960876,14,secondary
RHipAngles_ax2,45,2.040566474199295,14,secondary
RHipAngles_ax2,46,1.7291956096887589,14,secondary
RHipAngles_ax2,47,1.5008818432688713,14,secondary
RHipAngles_ax2,48,1.3447963148355484,14,secondary
RHipAngles_ax2,49,1.3111150008626282,14,secondary
RHipAngles_ax2,50,1.3714913483709097,14,secondary
RHipAngles_ax2,51,1.5079048722982407,14,secondary
RHipAngles_ax2,52,1.302067220211029,14,secondary
RHipAngles_ax2,53,0.8339701890945435,14,secondary
RHipAngles_ax2,54,0.7933196723461151,14,secondary
RHipAngles_ax2,55,0.9438385367393494,14,secondary
RHipAngles_ax2,56,1.0186171233654022,14,secondary
RHipAngles_ax2,57,1.201767235994339,14,secondary
RHipAngles_ax2,58,1.2593341916799545,14,secondary
RHipAngles_ax2,59,1.206932246685028,14,secondary
RHipAngles_ax2,60,1.353124588727951,14,secondary
RHipAngles_ax2,61,2.0694900155067444,14,secondary
RHipAngles_ax2,62,2.6706205010414124,14,secondary
RHipAngles_ax2,63,2.875389337539673,14,secondary
RHipAngles_ax2,64,2.854032278060913,14,secondary
RHipAngles_ax2,65,3.3639471530914307,14,secondary
RHipAngles_ax2,66,3.7126365900039673,14,secondary
RHipAngles_ax2,67,3.93803334236145,14,secondary
RHipAngles_ax2,68,4.063242554664612,14,secondary
RHipAngles_ax2,69,4.0261473804712296,14,secondary
RHipAngles_ax2,70,3.858880576211959,14,secondary
RHipAngles_ax2,71,3.6988024301826954,14,secondary
RHipAngles_ax2,72,3.580875039100647,14,secondary
RHipAngles_ax2,73,3.3524587154388428,14,secondary
RHipAngles_ax2,74,3.122188448905945,14,secondary
RHipAngles_ax2,75,2.9045252799987793,14,secondary
RHipAngles_ax2,76,2.714059829711914,14,secondary
RHipAngles_ax2,77,2.713186264038086,14,secondary
RHipAngles_ax2,78,2.926709532737732,14,secondary
RHipAngles_ax2,79,3.1850481033325195,14,secondary
RHipAngles_ax2,80,3.464085340499878,14,secondary
RHipAngles_ax2,81,3.6649454832077026,14,secondary
RHipAngles_ax2,82,3.571706771850586,14,secondary
RHipAngles_ax2,83,3.471829891204834,14,secondary
RHipAngles_ax2,84,3.3615169525146484,14,secondary
RHipAngles_ax2,85,3.2406522035598755,14,secondary
RHipAngles_ax2,86,3.0439767837524414,14,secondary
RHipAngles_ax2,87,2.8898899257183075,14,secondary
RHipAngles_ax2,88,2.8320266604423523,14,secondary
RHipAngles_ax2,89,2.7857274413108826,14,secondary
RHipAngles_ax2,90,2.7458813786506653,14,secondary
RHipAngles_ax2,91,2.6235424280166626,14,secondary
RHipAngles_ax2,92,2.491390585899353,14,secondary
RHipAngles_ax2,93,2.4469971656799316,14,secondary
RHipAngles_ax2,94,2.28842294216156,14,secondary
RHipAngles_ax2,95,2.1266541481018066,14,secondary
RHipAngles_ax2,96,1.9598047137260437,14,secondary
RHipAngles_ax2,97,1.7931652814149857,14,secondary
RHipAngles_ax2,98,1.6857532635331154,14,secondary
RHipAngles_ax2,99,1.5115309990942478,14,secondary
RHipAngles_ax2,100,1.3350324630737305,14,secondary
RHipAngles_ax3,0,-16.200154304504395,14,secondary
RHipAngles_ax3,1,-16.055142879486084,14,secondary
RHipAngles_ax3,2,-15.671371459960938,14,secondary
RHipAngles_ax3,3,-15.671512126922607,14,secondary
RHipAngles_ax3,4,-15.783623218536377,14,secondary
RHipAngles_ax3,5,-15.474961757659912,14,secondary
RHipAngles_ax3,6,-15.538294315338135,14,secondary
RHipAngles_ax3,7,-15.748425960540771,14,secondary
RHipAngles_ax3,8,-15.236940383911133,14,secondary
RHipAngles_ax3,9,-14.579251289367676,14,secondary
RHipAngles_ax3,10,-14.487205028533936,14,secondary
RHipAngles_ax3,11,-14.461416721343994,14,secondary
RHipAngles_ax3,12,-14.46967601776123,14,secondary
RHipAngles_ax3,13,-13.598970413208008,14,secondary
RHipAngles_ax3,14,-12.869155406951904,14,secondary
RHipAngles_ax3,15,-12.40427541732788,14,secondary
RHipAngles_ax3,16,-12.352497577667236,14,secondary
RHipAngles_ax3,17,-12.452385902404785,14,secondary
RHipAngles_ax3,18,-12.030580043792725,14,secondary
RHipAngles_ax3,19,-11.286333560943604,14,secondary
RHipAngles_ax3,20,-11.05818223953247,14,secondary
RHipAngles_ax3,21,-11.31264591217041,14,secondary
RHipAngles_ax3,22,-12.339300632476807,14,secondary
RHipAngles_ax3,23,-13.016699314117432,14,secondary
RHipAngles_ax3,24,-13.36468505859375,14,secondary
RHipAngles_ax3,25,-13.806350231170654,14,secondary
RHipAngles_ax3,26,-14.073437690734863,14,secondary
RHipAngles_ax3,27,-13.629389762878418,14,secondary
RHipAngles_ax3,28,-12.982585906982422,14,secondary
RHipAngles_ax3,29,-12.831688404083252,14,secondary
RHipAngles_ax3,30,-12.912331581115723,14,secondary
RHipAngles_ax3,31,-12.666565895080566,14,secondary
RHipAngles_ax3,32,-12.333936214447021,14,secondary
RHipAngles_ax3,33,-11.84778881072998,14,secondary
RHipAngles_ax3,34,-10.987459659576416,14,secondary
RHipAngles_ax3,35,-9.869295597076416,14,secondary
RHipAngles_ax3,36,-9.013274192810059,14,secondary
RHipAngles_ax3,37,-8.281598687171936,14,secondary
RHipAngles_ax3,38,-8.047025203704834,14,secondary
RHipAngles_ax3,39,-8.134383022785187,14,secondary
RHipAngles_ax3,40,-8.693390488624573,14,secondary
RHipAngles_ax3,41,-9.059386968612671,14,secondary
RHipAngles_ax3,42,-9.527720212936401,14,secondary
RHipAngles_ax3,43,-9.977534294128418,14,secondary
RHipAngles_ax3,44,-11.766775131225586,14,secondary
RHipAngles_ax3,45,-13.327913761138916,14,secondary
RHipAngles_ax3,46,-14.555830478668213,14,secondary
RHipAngles_ax3,47,-15.546647787094116,14,secondary
RHipAngles_ax3,48,-18.286046028137207,14,secondary
RHipAngles_ax3,49,-19.196560859680176,14,secondary
RHipAngles_ax3,50,-19.346220016479492,14,secondary
RHipAngles_ax3,51,-19.452479362487793,14,secondary
RHipAngles_ax3,52,-19.804884910583496,14,secondary
RHipAngles_ax3,53,-19.470438957214355,14,secondary
RHipAngles_ax3,54,-17.723872184753418,14,secondary
RHipAngles_ax3,55,-16.57792091369629,14,secondary
RHipAngles_ax3,56,-16.24739170074463,14,secondary
RHipAngles_ax3,57,-15.951182842254639,14,secondary
RHipAngles_ax3,58,-15.75090503692627,14,secondary
RHipAngles_ax3,59,-15.145288467407227,14,secondary
RHipAngles_ax3,60,-14.40291690826416,14,secondary
RHipAngles_ax3,61,-14.309518337249756,14,secondary
RHipAngles_ax3,62,-14.60299301147461,14,secondary
RHipAngles_ax3,63,-14.83200740814209,14,secondary
RHipAngles_ax3,64,-14.303647994995117,14,secondary
RHipAngles_ax3,65,-13.598849773406982,14,secondary
RHipAngles_ax3,66,-13.329238414764404,14,secondary
RHipAngles_ax3,67,-13.278269290924072,14,secondary
RHipAngles_ax3,68,-12.762918949127197,14,secondary
RHipAngles_ax3,69,-12.452603340148926,14,secondary
RHipAngles_ax3,70,-12.438780307769775,14,secondary
RHipAngles_ax3,71,-12.817688941955566,14,secondary
RHipAngles_ax3,72,-13.15971326828003,14,secondary
RHipAngles_ax3,73,-13.600983619689941,14,secondary
RHipAngles_ax3,74,-14.003283023834229,14,secondary
RHipAngles_ax3,75,-14.58415937423706,14,secondary
RHipAngles_ax3,76,-14.464063167572021,14,secondary
RHipAngles_ax3,77,-14.635456562042236,14,secondary
RHipAngles_ax3,78,-14.73069953918457,14,secondary
RHipAngles_ax3,79,-13.960743427276611,14,secondary
RHipAngles_ax3,80,-13.323007583618164,14,secondary
RHipAngles_ax3,81,-13.169922351837158,14,secondary
RHipAngles_ax3,82,-13.532339096069336,14,secondary
RHipAngles_ax3,83,-13.699663162231445,14,secondary
RHipAngles_ax3,84,-13.474191665649414,14,secondary
RHipAngles_ax3,85,-13.12429666519165,14,secondary
RHipAngles_ax3,86,-12.80791425704956,14,secondary
RHipAngles_ax3,87,-12.237075328826904,14,secondary
RHipAngles_ax3,88,-11.76999807357788,14,secondary
RHipAngles_ax3,89,-11.699257373809814,14,secondary
RHipAngles_ax3,90,-11.692534685134888,14,secondary
RHipAngles_ax3,91,-11.480787754058838,14,secondary
RHipAngles_ax3,92,-11.849758625030518,14,secondary
RHipAngles_ax3,93,-12.171738624572754,14,secondary
RHipAngles_ax3,94,-12.83487606048584,14,secondary
RHipAngles_ax3,95,-13.938289165496826,14,secondary
RHipAngles_ax3,96,-14.758757591247559,14,secondary
RHipAngles_ax3,97,-15.26184606552124,14,secondary
RHipAngles_ax3,98,-16.22762107849121,14,secondary
RHipAngles_ax3,99,-16.791658401489258,14,secondary
RHipAngles_ax3,100,-17.15884017944336,14,secondary
LKJC_ax1,0,707.9416961669922,14,secondary
LKJC_ax1,1,716.3796081542969,14,secondary
LKJC_ax1,2,723.6109313964844,14,secondary
LKJC_ax1,3,725.6170196533203,14,secondary
LKJC_ax1,4,727.1222839355469,14,secondary
LKJC_ax1,5,729.4899749755859,14,secondary
LKJC_ax1,6,735.3692016601562,14,secondary
LKJC_ax1,7,734.6267395019531,14,secondary
LKJC_ax1,8,733.1302032470703,14,secondary
LKJC_ax1,9,751.3219299316406,14,secondary
LKJC_ax1,10,770.7495574951172,14,secondary
LKJC_ax1,11,781.1707305908203,14,secondary
LKJC_ax1,12,772.7600708007812,14,secondary
LKJC_ax1,13,768.8392333984375,14,secondary
LKJC_ax1,14,771.2044219970703,14,secondary
LKJC_ax1,15,777.4056549072266,14,secondary
LKJC_ax1,16,790.4180755615234,14,secondary
LKJC_ax1,17,804.1377868652344,14,secondary
LKJC_ax1,18,815.4805297851562,14,secondary
LKJC_ax1,19,818.1373596191406,14,secondary
LKJC_ax1,20,839.8124237060547,14,secondary
LKJC_ax1,21,853.6108245849609,14,secondary
LKJC_ax1,22,862.1426391601562,14,secondary
LKJC_ax1,23,870.4180450439453,14,secondary
LKJC_ax1,24,881.808837890625,14,secondary
LKJC_ax1,25,895.7659301757812,14,secondary
LKJC_ax1,26,906.8638153076172,14,secondary
LKJC_ax1,27,917.6441497802734,14,secondary
LKJC_ax1,28,928.0723724365234,14,secondary
LKJC_ax1,29,938.8102722167969,14,secondary
LKJC_ax1,30,948.5119018554688,14,secondary
LKJC_ax1,31,962.8184509277344,14,secondary
LKJC_ax1,32,975.4585418701172,14,secondary
LKJC_ax1,33,985.48828125,14,secondary
LKJC_ax1,34,993.1495666503906,14,secondary
LKJC_ax1,35,994.0846710205078,14,secondary
LKJC_ax1,36,993.1140594482422,14,secondary
LKJC_ax1,37,990.1413116455078,14,secondary
LKJC_ax1,38,994.3164367675781,14,secondary
LKJC_ax1,39,998.649658203125,14,secondary
LKJC_ax1,40,988.7550659179688,14,secondary
LKJC_ax1,41,986.3328552246094,14,secondary
LKJC_ax1,42,989.8778076171875,14,secondary
LKJC_ax1,43,998.9835815429688,14,secondary
LKJC_ax1,44,1008.1830749511719,14,secondary
LKJC_ax1,45,1017.5674743652344,14,secondary
LKJC_ax1,46,1021.663330078125,14,secondary
LKJC_ax1,47,1013.0943298339844,14,secondary
LKJC_ax1,48,1012.0116577148438,14,secondary
LKJC_ax1,49,1019.7605285644531,14,secondary
LKJC_ax1,50,1033.8993530273438,14,secondary
LKJC_ax1,51,1048.5409545898438,14,secondary
LKJC_ax1,52,1056.74560546875,14,secondary
LKJC_ax1,53,1056.3815307617188,14,secondary
LKJC_ax1,54,1055.4642944335938,14,secondary
LKJC_ax1,55,1069.19482421875,14,secondary
LKJC_ax1,56,1076.4213104248047,14,secondary
LKJC_ax1,57,1074.2437744140625,14,secondary
LKJC_ax1,58,1072.7179870605469,14,secondary
LKJC_ax1,59,1070.8771362304688,14,secondary
LKJC_ax1,60,1077.0357971191406,14,secondary
LKJC_ax1,61,1087.9271240234375,14,secondary
LKJC_ax1,62,1098.9597473144531,14,secondary
LKJC_ax1,63,1109.7623291015625,14,secondary
LKJC_ax1,64,1112.4828186035156,14,secondary
LKJC_ax1,65,1098.3128356933594,14,secondary
LKJC_ax1,66,1111.4496154785156,14,secondary
LKJC_ax1,67,1125.4281616210938,14,secondary
LKJC_ax1,68,1141.3225402832031,14,secondary
LKJC_ax1,69,1158.9037170410156,14,secondary
LKJC_ax1,70,1173.843017578125,14,secondary
LKJC_ax1,71,1179.3536987304688,14,secondary
LKJC_ax1,72,1184.3150024414062,14,secondary
LKJC_ax1,73,1188.7276000976562,14,secondary
LKJC_ax1,74,1200.3568725585938,14,secondary
LKJC_ax1,75,1214.9710693359375,14,secondary
LKJC_ax1,76,1229.0941772460938,14,secondary
LKJC_ax1,77,1242.727294921875,14,secondary
LKJC_ax1,78,1242.5827331542969,14,secondary
LKJC_ax1,79,1242.79248046875,14,secondary
LKJC_ax1,80,1244.1627197265625,14,secondary
LKJC_ax1,81,1256.8932495117188,14,secondary
LKJC_ax1,82,1274.4329528808594,14,secondary
LKJC_ax1,83,1291.1947631835938,14,secondary
LKJC_ax1,84,1300.2974243164062,14,secondary
LKJC_ax1,85,1308.1513366699219,14,secondary
LKJC_ax1,86,1310.6758728027344,14,secondary
LKJC_ax1,87,1311.4871520996094,14,secondary
LKJC_ax1,88,1314.6093139648438,14,secondary
LKJC_ax1,89,1320.3280639648438,14,secondary
LKJC_ax1,90,1327.6974182128906,14,secondary
LKJC_ax1,91,1335.0142822265625,14,secondary
LKJC_ax1,92,1342.375,14,secondary
LKJC_ax1,93,1349.7717590332031,14,secondary
LKJC_ax1,94,1357.3163146972656,14,secondary
LKJC_ax1,95,1365.2432556152344,14,secondary
LKJC_ax1,96,1373.7723693847656,14,secondary
LKJC_ax1,97,1383.0589904785156,14,secondary
LKJC_ax1,98,1393.2091979980469,14,secondary
LKJC_ax1,99,1404.0155334472656,14,secondary
LKJC_ax1,100,1410.4083251953125,14,secondary
LKJC_ax2,0,313.7940368652344,14,secondary
LKJC_ax2,1,313.5126037597656,14,secondary
LKJC_ax2,2,313.1655578613281,14,secondary
LKJC_ax2,3,312.99034118652344,14,secondary
LKJC_ax2,4,312.2424011230469,14,secondary
LKJC_ax2,5,311.1485900878906,14,secondary
LKJC_ax2,6,310.72630310058594,14,secondary
LKJC_ax2,7,310.6781005859375,14,secondary
LKJC_ax2,8,310.91233825683594,14,secondary
LKJC_ax2,9,311.37388610839844,14,secondary
LKJC_ax2,10,311.9549255371094,14,secondary
LKJC_ax2,11,312.3950958251953,14,secondary
LKJC_ax2,12,312.47523498535156,14,secondary
LKJC_ax2,13,312.20396423339844,14,secondary
LKJC_ax2,14,312.6056823730469,14,secondary
LKJC_ax2,15,314.25160217285156,14,secondary
LKJC_ax2,16,315.49583435058594,14,secondary
LKJC_ax2,17,316.6148376464844,14,secondary
LKJC_ax2,18,317.66387939453125,14,secondary
LKJC_ax2,19,318.96116638183594,14,secondary
LKJC_ax2,20,320.8549041748047,14,secondary
LKJC_ax2,21,322.4479522705078,14,secondary
LKJC_ax2,22,323.77545166015625,14,secondary
LKJC_ax2,23,324.7649230957031,14,secondary
LKJC_ax2,24,325.7672882080078,14,secondary
LKJC_ax2,25,326.0391082763672,14,secondary
LKJC_ax2,26,326.0688781738281,14,secondary
LKJC_ax2,27,325.9830627441406,14,secondary
LKJC_ax2,28,325.81968688964844,14,secondary
LKJC_ax2,29,325.5809783935547,14,secondary
LKJC_ax2,30,325.3298645019531,14,secondary
LKJC_ax2,31,325.1100311279297,14,secondary
LKJC_ax2,32,324.91607666015625,14,secondary
LKJC_ax2,33,324.7153625488281,14,secondary
LKJC_ax2,34,324.4625549316406,14,secondary
LKJC_ax2,35,324.1492004394531,14,secondary
LKJC_ax2,36,323.7877960205078,14,secondary
LKJC_ax2,37,323.40159606933594,14,secondary
LKJC_ax2,38,323.10523986816406,14,secondary
LKJC_ax2,39,322.92584228515625,14,secondary
LKJC_ax2,40,322.638916015625,14,secondary
LKJC_ax2,41,322.2544250488281,14,secondary
LKJC_ax2,42,321.1453857421875,14,secondary
LKJC_ax2,43,320.16143798828125,14,secondary
LKJC_ax2,44,319.10166931152344,14,secondary
LKJC_ax2,45,317.9553527832031,14,secondary
LKJC_ax2,46,317.24049377441406,14,secondary
LKJC_ax2,47,317.16758728027344,14,secondary
LKJC_ax2,48,317.4335021972656,14,secondary
LKJC_ax2,49,317.5357971191406,14,secondary
LKJC_ax2,50,316.9459991455078,14,secondary
LKJC_ax2,51,316.08563232421875,14,secondary
LKJC_ax2,52,315.0813903808594,14,secondary
LKJC_ax2,53,314.16131591796875,14,secondary
LKJC_ax2,54,313.93116760253906,14,secondary
LKJC_ax2,55,314.6306610107422,14,secondary
LKJC_ax2,56,315.3608856201172,14,secondary
LKJC_ax2,57,316.39532470703125,14,secondary
LKJC_ax2,58,317.93714904785156,14,secondary
LKJC_ax2,59,319.953369140625,14,secondary
LKJC_ax2,60,322.2436981201172,14,secondary
LKJC_ax2,61,324.345703125,14,secondary
LKJC_ax2,62,325.9212188720703,14,secondary
LKJC_ax2,63,327.70167541503906,14,secondary
LKJC_ax2,64,329.6949768066406,14,secondary
LKJC_ax2,65,331.7018585205078,14,secondary
LKJC_ax2,66,333.4133758544922,14,secondary
LKJC_ax2,67,334.8388671875,14,secondary
LKJC_ax2,68,336.1324157714844,14,secondary
LKJC_ax2,69,337.38722229003906,14,secondary
LKJC_ax2,70,338.4116668701172,14,secondary
LKJC_ax2,71,339.36865234375,14,secondary
LKJC_ax2,72,340.411865234375,14,secondary
LKJC_ax2,73,341.48011779785156,14,secondary
LKJC_ax2,74,342.49253845214844,14,secondary
LKJC_ax2,75,343.4421844482422,14,secondary
LKJC_ax2,76,344.32177734375,14,secondary
LKJC_ax2,77,344.7128448486328,14,secondary
LKJC_ax2,78,344.76702880859375,14,secondary
LKJC_ax2,79,344.66619873046875,14,secondary
LKJC_ax2,80,344.46356201171875,14,secondary
LKJC_ax2,81,343.74273681640625,14,secondary
LKJC_ax2,82,342.29124450683594,14,secondary
LKJC_ax2,83,340.81788635253906,14,secondary
LKJC_ax2,84,339.32708740234375,14,secondary
LKJC_ax2,85,337.83937072753906,14,secondary
LKJC_ax2,86,335.9619903564453,14,secondary
LKJC_ax2,87,333.50425720214844,14,secondary
LKJC_ax2,88,332.13380432128906,14,secondary
LKJC_ax2,89,331.3347930908203,14,secondary
LKJC_ax2,90,330.5104675292969,14,secondary
LKJC_ax2,91,329.6014709472656,14,secondary
LKJC_ax2,92,328.6704406738281,14,secondary
LKJC_ax2,93,327.693359375,14,secondary
LKJC_ax2,94,326.51800537109375,14,secondary
LKJC_ax2,95,326.18455505371094,14,secondary
LKJC_ax2,96,326.1676483154297,14,secondary
LKJC_ax2,97,326.61583709716797,14,secondary
LKJC_ax2,98,328.60204315185547,14,secondary
LKJC_ax2,99,330.3383560180664,14,secondary
LKJC_ax2,100,331.6410446166992,14,secondary
LKJC_ax3,0,459.56612396240234,14,secondary
LKJC_ax3,1,458.1715087890625,14,secondary
LKJC_ax3,2,456.3844223022461,14,secondary
LKJC_ax3,3,454.42406463623047,14,secondary
LKJC_ax3,4,452.7489929199219,14,secondary
LKJC_ax3,5,451.2505798339844,14,secondary
LKJC_ax3,6,449.4486846923828,14,secondary
LKJC_ax3,7,447.84166717529297,14,secondary
LKJC_ax3,8,447.0802764892578,14,secondary
LKJC_ax3,9,448.24063873291016,14,secondary
LKJC_ax3,10,449.0959243774414,14,secondary
LKJC_ax3,11,449.5973815917969,14,secondary
LKJC_ax3,12,449.5862045288086,14,secondary
LKJC_ax3,13,449.3145523071289,14,secondary
LKJC_ax3,14,447.11737060546875,14,secondary
LKJC_ax3,15,444.15489196777344,14,secondary
LKJC_ax3,16,442.49703216552734,14,secondary
LKJC_ax3,17,442.19703674316406,14,secondary
LKJC_ax3,18,442.7758560180664,14,secondary
LKJC_ax3,19,444.1205825805664,14,secondary
LKJC_ax3,20,444.60626220703125,14,secondary
LKJC_ax3,21,445.02362060546875,14,secondary
LKJC_ax3,22,447.2328796386719,14,secondary
LKJC_ax3,23,450.1277847290039,14,secondary
LKJC_ax3,24,452.5501403808594,14,secondary
LKJC_ax3,25,454.58619689941406,14,secondary
LKJC_ax3,26,458.6595153808594,14,secondary
LKJC_ax3,27,459.20375061035156,14,secondary
LKJC_ax3,28,463.1052932739258,14,secondary
LKJC_ax3,29,465.1028594970703,14,secondary
LKJC_ax3,30,468.9504089355469,14,secondary
LKJC_ax3,31,471.9261016845703,14,secondary
LKJC_ax3,32,474.3632354736328,14,secondary
LKJC_ax3,33,476.1919937133789,14,secondary
LKJC_ax3,34,476.28658294677734,14,secondary
LKJC_ax3,35,475.61488342285156,14,secondary
LKJC_ax3,36,475.0076904296875,14,secondary
LKJC_ax3,37,475.04598236083984,14,secondary
LKJC_ax3,38,475.1275329589844,14,secondary
LKJC_ax3,39,474.8291702270508,14,secondary
LKJC_ax3,40,474.2842559814453,14,secondary
LKJC_ax3,41,473.2848434448242,14,secondary
LKJC_ax3,42,472.0258483886719,14,secondary
LKJC_ax3,43,470.44669342041016,14,secondary
LKJC_ax3,44,468.9171600341797,14,secondary
LKJC_ax3,45,467.83570861816406,14,secondary
LKJC_ax3,46,466.9437255859375,14,secondary
LKJC_ax3,47,465.9681854248047,14,secondary
LKJC_ax3,48,464.90980529785156,14,secondary
LKJC_ax3,49,463.54150390625,14,secondary
LKJC_ax3,50,461.9544372558594,14,secondary
LKJC_ax3,51,459.67864990234375,14,secondary
LKJC_ax3,52,457.1120910644531,14,secondary
LKJC_ax3,53,454.78517150878906,14,secondary
LKJC_ax3,54,452.3574676513672,14,secondary
LKJC_ax3,55,449.84080505371094,14,secondary
LKJC_ax3,56,447.2474365234375,14,secondary
LKJC_ax3,57,444.59043884277344,14,secondary
LKJC_ax3,58,441.8801727294922,14,secondary
LKJC_ax3,59,440.6097869873047,14,secondary
LKJC_ax3,60,439.7859191894531,14,secondary
LKJC_ax3,61,438.32784271240234,14,secondary
LKJC_ax3,62,436.9167785644531,14,secondary
LKJC_ax3,63,435.12530517578125,14,secondary
LKJC_ax3,64,433.7434387207031,14,secondary
LKJC_ax3,65,433.0580749511719,14,secondary
LKJC_ax3,66,433.0204315185547,14,secondary
LKJC_ax3,67,433.8923034667969,14,secondary
LKJC_ax3,68,434.77307891845703,14,secondary
LKJC_ax3,69,435.84505462646484,14,secondary
LKJC_ax3,70,437.66849517822266,14,secondary
LKJC_ax3,71,439.584716796875,14,secondary
LKJC_ax3,72,442.02337646484375,14,secondary
LKJC_ax3,73,447.07212829589844,14,secondary
LKJC_ax3,74,450.0951385498047,14,secondary
LKJC_ax3,75,453.1470489501953,14,secondary
LKJC_ax3,76,457.0567626953125,14,secondary
LKJC_ax3,77,459.3030700683594,14,secondary
LKJC_ax3,78,461.5303192138672,14,secondary
LKJC_ax3,79,464.9868927001953,14,secondary
LKJC_ax3,80,467.1414031982422,14,secondary
LKJC_ax3,81,469.40711975097656,14,secondary
LKJC_ax3,82,471.20497131347656,14,secondary
LKJC_ax3,83,472.30928802490234,14,secondary
LKJC_ax3,84,473.94405364990234,14,secondary
LKJC_ax3,85,474.7206115722656,14,secondary
LKJC_ax3,86,474.53721618652344,14,secondary
LKJC_ax3,87,473.7608184814453,14,secondary
LKJC_ax3,88,473.07411193847656,14,secondary
LKJC_ax3,89,471.79913330078125,14,secondary
LKJC_ax3,90,470.5182571411133,14,secondary
LKJC_ax3,91,469.0110092163086,14,secondary
LKJC_ax3,92,467.4234619140625,14,secondary
LKJC_ax3,93,465.84391021728516,14,secondary
LKJC_ax3,94,464.3448181152344,14,secondary
LKJC_ax3,95,462.9371643066406,14,secondary
LKJC_ax3,96,460.2615051269531,14,secondary
LKJC_ax3,97,457.5691680908203,14,secondary
LKJC_ax3,98,455.46146392822266,14,secondary
LKJC_ax3,99,453.63951873779297,14,secondary
LKJC_ax3,100,452.06444549560547,14,secondary
RKJC_ax1,0,739.7430419921875,14,secondary
RKJC_ax1,1,738.6088256835938,14,secondary
RKJC_ax1,2,745.8968505859375,14,secondary
RKJC_ax1,3,756.8765258789062,14,secondary
RKJC_ax1,4,768.6507568359375,14,secondary
RKJC_ax1,5,781.4784240722656,14,secondary
RKJC_ax1,6,787.9841613769531,14,secondary
RKJC_ax1,7,784.6252746582031,14,secondary
RKJC_ax1,8,778.7616271972656,14,secondary
RKJC_ax1,9,796.9848327636719,14,secondary
RKJC_ax1,10,809.2503051757812,14,secondary
RKJC_ax1,11,809.5722351074219,14,secondary
RKJC_ax1,12,809.7560729980469,14,secondary
RKJC_ax1,13,816.0188598632812,14,secondary
RKJC_ax1,14,829.5416564941406,14,secondary
RKJC_ax1,15,832.40087890625,14,secondary
RKJC_ax1,16,842.7903137207031,14,secondary
RKJC_ax1,17,855.3025207519531,14,secondary
RKJC_ax1,18,863.7944641113281,14,secondary
RKJC_ax1,19,858.0275268554688,14,secondary
RKJC_ax1,20,861.2757263183594,14,secondary
RKJC_ax1,21,881.84326171875,14,secondary
RKJC_ax1,22,878.8345336914062,14,secondary
RKJC_ax1,23,883.7112426757812,14,secondary
RKJC_ax1,24,891.4263153076172,14,secondary
RKJC_ax1,25,897.1185302734375,14,secondary
RKJC_ax1,26,888.5099029541016,14,secondary
RKJC_ax1,27,877.4605712890625,14,secondary
RKJC_ax1,28,870.6704559326172,14,secondary
RKJC_ax1,29,884.2375335693359,14,secondary
RKJC_ax1,30,875.5424194335938,14,secondary
RKJC_ax1,31,873.4042358398438,14,secondary
RKJC_ax1,32,877.9587097167969,14,secondary
RKJC_ax1,33,881.2152862548828,14,secondary
RKJC_ax1,34,886.8547210693359,14,secondary
RKJC_ax1,35,891.1527099609375,14,secondary
RKJC_ax1,36,895.401611328125,14,secondary
RKJC_ax1,37,899.400146484375,14,secondary
RKJC_ax1,38,903.3960418701172,14,secondary
RKJC_ax1,39,911.8958435058594,14,secondary
RKJC_ax1,40,920.6837463378906,14,secondary
RKJC_ax1,41,929.4112091064453,14,secondary
RKJC_ax1,42,938.1972045898438,14,secondary
RKJC_ax1,43,943.3443908691406,14,secondary
RKJC_ax1,44,943.1761322021484,14,secondary
RKJC_ax1,45,942.9673004150391,14,secondary
RKJC_ax1,46,950.585205078125,14,secondary
RKJC_ax1,47,958.9277648925781,14,secondary
RKJC_ax1,48,968.2425689697266,14,secondary
RKJC_ax1,49,979.7100524902344,14,secondary
RKJC_ax1,50,991.3984069824219,14,secondary
RKJC_ax1,51,1003.2652282714844,14,secondary
RKJC_ax1,52,1008.6297302246094,14,secondary
RKJC_ax1,53,1012.7380676269531,14,secondary
RKJC_ax1,54,1026.01025390625,14,secondary
RKJC_ax1,55,1037.373519897461,14,secondary
RKJC_ax1,56,1049.6812133789062,14,secondary
RKJC_ax1,57,1055.5503540039062,14,secondary
RKJC_ax1,58,1070.9436645507812,14,secondary
RKJC_ax1,59,1087.0599365234375,14,secondary
RKJC_ax1,60,1093.1262817382812,14,secondary
RKJC_ax1,61,1102.4083557128906,14,secondary
RKJC_ax1,62,1121.1790161132812,14,secondary
RKJC_ax1,63,1109.0555419921875,14,secondary
RKJC_ax1,64,1088.797119140625,14,secondary
RKJC_ax1,65,1073.8821411132812,14,secondary
RKJC_ax1,66,1083.4922485351562,14,secondary
RKJC_ax1,67,1108.3181762695312,14,secondary
RKJC_ax1,68,1123.1559753417969,14,secondary
RKJC_ax1,69,1131.8875732421875,14,secondary
RKJC_ax1,70,1142.3959655761719,14,secondary
RKJC_ax1,71,1164.9991760253906,14,secondary
RKJC_ax1,72,1187.1779479980469,14,secondary
RKJC_ax1,73,1210.4063110351562,14,secondary
RKJC_ax1,74,1227.9119262695312,14,secondary
RKJC_ax1,75,1243.15625,14,secondary
RKJC_ax1,76,1257.8812866210938,14,secondary
RKJC_ax1,77,1272.1763916015625,14,secondary
RKJC_ax1,78,1287.0731811523438,14,secondary
RKJC_ax1,79,1310.066162109375,14,secondary
RKJC_ax1,80,1332.0542602539062,14,secondary
RKJC_ax1,81,1348.0076599121094,14,secondary
RKJC_ax1,82,1348.1141662597656,14,secondary
RKJC_ax1,83,1345.9063110351562,14,secondary
RKJC_ax1,84,1348.009521484375,14,secondary
RKJC_ax1,85,1347.8983459472656,14,secondary
RKJC_ax1,86,1347.7529296875,14,secondary
RKJC_ax1,87,1347.5654602050781,14,secondary
RKJC_ax1,88,1347.3253784179688,14,secondary
RKJC_ax1,89,1347.02734375,14,secondary
RKJC_ax1,90,1346.6765747070312,14,secondary
RKJC_ax1,91,1346.2755126953125,14,secondary
RKJC_ax1,92,1345.8556823730469,14,secondary
RKJC_ax1,93,1345.4342346191406,14,secondary
RKJC_ax1,94,1345.0209655761719,14,secondary
RKJC_ax1,95,1344.6224670410156,14,secondary
RKJC_ax1,96,1339.8607177734375,14,secondary
RKJC_ax1,97,1340.7021484375,14,secondary
RKJC_ax1,98,1344.0444641113281,14,secondary
RKJC_ax1,99,1347.5635681152344,14,secondary
RKJC_ax1,100,1349.1952514648438,14,secondary
RKJC_ax2,0,253.07940292358398,14,secondary
RKJC_ax2,1,254.16633987426758,14,secondary
RKJC_ax2,2,255.2672233581543,14,secondary
RKJC_ax2,3,256.1599578857422,14,secondary
RKJC_ax2,4,258.51493072509766,14,secondary
RKJC_ax2,5,260.14093017578125,14,secondary
RKJC_ax2,6,259.1361999511719,14,secondary
RKJC_ax2,7,256.8567581176758,14,secondary
RKJC_ax2,8,254.29984283447266,14,secondary
RKJC_ax2,9,252.66812133789062,14,secondary
RKJC_ax2,10,251.52770233154297,14,secondary
RKJC_ax2,11,250.24642181396484,14,secondary
RKJC_ax2,12,248.10142517089844,14,secondary
RKJC_ax2,13,244.90911865234375,14,secondary
RKJC_ax2,14,244.63932037353516,14,secondary
RKJC_ax2,15,244.0993194580078,14,secondary
RKJC_ax2,16,243.56385803222656,14,secondary
RKJC_ax2,17,243.41513061523438,14,secondary
RKJC_ax2,18,243.05249786376953,14,secondary
RKJC_ax2,19,241.93539428710938,14,secondary
RKJC_ax2,20,241.68123626708984,14,secondary
RKJC_ax2,21,241.81256103515625,14,secondary
RKJC_ax2,22,241.9806365966797,14,secondary
RKJC_ax2,23,241.9214096069336,14,secondary
RKJC_ax2,24,241.40562438964844,14,secondary
RKJC_ax2,25,240.2276382446289,14,secondary
RKJC_ax2,26,239.1496810913086,14,secondary
RKJC_ax2,27,238.26976013183594,14,secondary
RKJC_ax2,28,237.65414428710938,14,secondary
RKJC_ax2,29,237.28299713134766,14,secondary
RKJC_ax2,30,237.08303833007812,14,secondary
RKJC_ax2,31,237.47026824951172,14,secondary
RKJC_ax2,32,237.93993377685547,14,secondary
RKJC_ax2,33,238.53286743164062,14,secondary
RKJC_ax2,34,239.2246551513672,14,secondary
RKJC_ax2,35,239.96141815185547,14,secondary
RKJC_ax2,36,241.2488784790039,14,secondary
RKJC_ax2,37,242.25629425048828,14,secondary
RKJC_ax2,38,243.30353546142578,14,secondary
RKJC_ax2,39,244.34986114501953,14,secondary
RKJC_ax2,40,245.3184585571289,14,secondary
RKJC_ax2,41,246.86026000976562,14,secondary
RKJC_ax2,42,247.91732788085938,14,secondary
RKJC_ax2,43,248.4361801147461,14,secondary
RKJC_ax2,44,247.66697692871094,14,secondary
RKJC_ax2,45,246.67691040039062,14,secondary
RKJC_ax2,46,245.95970916748047,14,secondary
RKJC_ax2,47,245.53710174560547,14,secondary
RKJC_ax2,48,245.35440063476562,14,secondary
RKJC_ax2,49,244.9748191833496,14,secondary
RKJC_ax2,50,244.66950225830078,14,secondary
RKJC_ax2,51,244.74288177490234,14,secondary
RKJC_ax2,52,245.77891540527344,14,secondary
RKJC_ax2,53,246.67926788330078,14,secondary
RKJC_ax2,54,247.93354034423828,14,secondary
RKJC_ax2,55,249.37589263916016,14,secondary
RKJC_ax2,56,250.6111602783203,14,secondary
RKJC_ax2,57,251.10845947265625,14,secondary
RKJC_ax2,58,250.95191192626953,14,secondary
RKJC_ax2,59,250.6685333251953,14,secondary
RKJC_ax2,60,250.72211456298828,14,secondary
RKJC_ax2,61,250.302001953125,14,secondary
RKJC_ax2,62,250.38333892822266,14,secondary
RKJC_ax2,63,251.05353546142578,14,secondary
RKJC_ax2,64,251.9405746459961,14,secondary
RKJC_ax2,65,252.84381103515625,14,secondary
RKJC_ax2,66,253.70023345947266,14,secondary
RKJC_ax2,67,254.20663452148438,14,secondary
RKJC_ax2,68,253.62863159179688,14,secondary
RKJC_ax2,69,252.36278533935547,14,secondary
RKJC_ax2,70,250.26934814453125,14,secondary
RKJC_ax2,71,248.29175567626953,14,secondary
RKJC_ax2,72,246.587890625,14,secondary
RKJC_ax2,73,246.48503875732422,14,secondary
RKJC_ax2,74,246.10745239257812,14,secondary
RKJC_ax2,75,245.47808456420898,14,secondary
RKJC_ax2,76,245.01105499267578,14,secondary
RKJC_ax2,77,244.76721954345703,14,secondary
RKJC_ax2,78,244.6772232055664,14,secondary
RKJC_ax2,79,244.52766799926758,14,secondary
RKJC_ax2,80,244.35424423217773,14,secondary
RKJC_ax2,81,244.26999282836914,14,secondary
RKJC_ax2,82,244.26533126831055,14,secondary
RKJC_ax2,83,244.34222030639648,14,secondary
RKJC_ax2,84,244.44583892822266,14,secondary
RKJC_ax2,85,244.5329132080078,14,secondary
RKJC_ax2,86,245.2678451538086,14,secondary
RKJC_ax2,87,245.37532806396484,14,secondary
RKJC_ax2,88,245.5416717529297,14,secondary
RKJC_ax2,89,245.6590576171875,14,secondary
RKJC_ax2,90,246.4136199951172,14,secondary
RKJC_ax2,91,246.97103881835938,14,secondary
RKJC_ax2,92,246.66131591796875,14,secondary
RKJC_ax2,93,245.86927795410156,14,secondary
RKJC_ax2,94,245.32056045532227,14,secondary
RKJC_ax2,95,244.85506057739258,14,secondary
RKJC_ax2,96,244.85523986816406,14,secondary
RKJC_ax2,97,244.94855117797852,14,secondary
RKJC_ax2,98,245.16969299316406,14,secondary
RKJC_ax2,99,245.60567092895508,14,secondary
RKJC_ax2,100,245.9681854248047,14,secondary
RKJC_ax3,0,459.2760772705078,14,secondary
RKJC_ax3,1,457.5660858154297,14,secondary
RKJC_ax3,2,455.9759063720703,14,secondary
RKJC_ax3,3,453.53150939941406,14,secondary
RKJC_ax3,4,451.4149627685547,14,secondary
RKJC_ax3,5,448.7926330566406,14,secondary
RKJC_ax3,6,446.27537536621094,14,secondary
RKJC_ax3,7,443.66758728027344,14,secondary
RKJC_ax3,8,441.61256408691406,14,secondary
RKJC_ax3,9,440.82122802734375,14,secondary
RKJC_ax3,10,440.987060546875,14,secondary
RKJC_ax3,11,439.6038589477539,14,secondary
RKJC_ax3,12,437.5707778930664,14,secondary
RKJC_ax3,13,435.6024398803711,14,secondary
RKJC_ax3,14,434.10066986083984,14,secondary
RKJC_ax3,15,433.0327606201172,14,secondary
RKJC_ax3,16,432.28114318847656,14,secondary
RKJC_ax3,17,431.9733200073242,14,secondary
RKJC_ax3,18,432.38829040527344,14,secondary
RKJC_ax3,19,433.47705841064453,14,secondary
RKJC_ax3,20,435.2184524536133,14,secondary
RKJC_ax3,21,437.90757751464844,14,secondary
RKJC_ax3,22,442.0930404663086,14,secondary
RKJC_ax3,23,446.92320251464844,14,secondary
RKJC_ax3,24,447.2682189941406,14,secondary
RKJC_ax3,25,450.5468444824219,14,secondary
RKJC_ax3,26,455.99646759033203,14,secondary
RKJC_ax3,27,461.06551361083984,14,secondary
RKJC_ax3,28,463.86012268066406,14,secondary
RKJC_ax3,29,467.6669158935547,14,secondary
RKJC_ax3,30,468.8687057495117,14,secondary
RKJC_ax3,31,470.98997497558594,14,secondary
RKJC_ax3,32,472.86083984375,14,secondary
RKJC_ax3,33,473.8959426879883,14,secondary
RKJC_ax3,34,474.2697525024414,14,secondary
RKJC_ax3,35,474.2642517089844,14,secondary
RKJC_ax3,36,477.08618927001953,14,secondary
RKJC_ax3,37,479.77134704589844,14,secondary
RKJC_ax3,38,481.5940704345703,14,secondary
RKJC_ax3,39,482.79351806640625,14,secondary
RKJC_ax3,40,482.6756362915039,14,secondary
RKJC_ax3,41,480.7711868286133,14,secondary
RKJC_ax3,42,477.1723937988281,14,secondary
RKJC_ax3,43,473.6485900878906,14,secondary
RKJC_ax3,44,470.66544342041016,14,secondary
RKJC_ax3,45,468.0532531738281,14,secondary
RKJC_ax3,46,465.7151794433594,14,secondary
RKJC_ax3,47,463.4107208251953,14,secondary
RKJC_ax3,48,461.2140655517578,14,secondary
RKJC_ax3,49,459.4193572998047,14,secondary
RKJC_ax3,50,457.5380859375,14,secondary
RKJC_ax3,51,455.8405990600586,14,secondary
RKJC_ax3,52,454.7117233276367,14,secondary
RKJC_ax3,53,453.40203857421875,14,secondary
RKJC_ax3,54,451.8437194824219,14,secondary
RKJC_ax3,55,450.6807556152344,14,secondary
RKJC_ax3,56,450.1919479370117,14,secondary
RKJC_ax3,57,450.2665557861328,14,secondary
RKJC_ax3,58,451.06229400634766,14,secondary
RKJC_ax3,59,452.2198486328125,14,secondary
RKJC_ax3,60,453.44116973876953,14,secondary
RKJC_ax3,61,453.70487213134766,14,secondary
RKJC_ax3,62,453.5724868774414,14,secondary
RKJC_ax3,63,453.52904510498047,14,secondary
RKJC_ax3,64,452.4386520385742,14,secondary
RKJC_ax3,65,450.2941360473633,14,secondary
RKJC_ax3,66,448.0127182006836,14,secondary
RKJC_ax3,67,445.9971160888672,14,secondary
RKJC_ax3,68,444.1480407714844,14,secondary
RKJC_ax3,69,442.37660217285156,14,secondary
RKJC_ax3,70,441.25118255615234,14,secondary
RKJC_ax3,71,441.5951614379883,14,secondary
RKJC_ax3,72,444.7361831665039,14,secondary
RKJC_ax3,73,447.7506561279297,14,secondary
RKJC_ax3,74,452.10799407958984,14,secondary
RKJC_ax3,75,456.5676574707031,14,secondary
RKJC_ax3,76,457.22227478027344,14,secondary
RKJC_ax3,77,457.75083923339844,14,secondary
RKJC_ax3,78,462.259765625,14,secondary
RKJC_ax3,79,462.9523620605469,14,secondary
RKJC_ax3,80,465.0743103027344,14,secondary
RKJC_ax3,81,467.2277069091797,14,secondary
RKJC_ax3,82,470.4715270996094,14,secondary
RKJC_ax3,83,472.48533630371094,14,secondary
RKJC_ax3,84,472.8618621826172,14,secondary
RKJC_ax3,85,472.0507049560547,14,secondary
RKJC_ax3,86,472.43479919433594,14,secondary
RKJC_ax3,87,471.4268035888672,14,secondary
RKJC_ax3,88,470.3422546386719,14,secondary
RKJC_ax3,89,469.35154724121094,14,secondary
RKJC_ax3,90,468.4035339355469,14,secondary
RKJC_ax3,91,467.1656951904297,14,secondary
RKJC_ax3,92,465.6326599121094,14,secondary
RKJC_ax3,93,464.2337341308594,14,secondary
RKJC_ax3,94,462.28416442871094,14,secondary
RKJC_ax3,95,460.8489227294922,14,secondary
RKJC_ax3,96,459.3600311279297,14,secondary
RKJC_ax3,97,457.8522491455078,14,secondary
RKJC_ax3,98,456.3280487060547,14,secondary
RKJC_ax3,99,454.7105407714844,14,secondary
RKJC_ax3,100,452.6260528564453,14,secondary
LKneeAngles_ax1,0,9.497790813446045,14,primary
LKneeAngles_ax1,1,9.804364204406738,14,primary
LKneeAngles_ax1,2,10.576076030731201,14,primary
LKneeAngles_ax1,3,12.003886222839355,14,primary
LKneeAngles_ax1,4,13.450406074523926,14,primary
LKneeAngles_ax1,5,14.773085117340088,14,primary
LKneeAngles_ax1,6,16.042190551757812,14,primary
LKneeAngles_ax1,7,17.515666961669922,14,primary
LKneeAngles_ax1,8,18.98078203201294,14,primary
LKneeAngles_ax1,9,20.471152305603027,14,primary
LKneeAngles_ax1,10,22.284563541412354,14,primary
LKneeAngles_ax1,11,24.070119380950928,14,primary
LKneeAngles_ax1,12,26.21483087539673,14,primary
LKneeAngles_ax1,13,28.660883903503418,14,primary
LKneeAngles_ax1,14,30.794301986694336,14,primary
LKneeAngles_ax1,15,31.49403476715088,14,primary
LKneeAngles_ax1,16,31.9095458984375,14,primary
LKneeAngles_ax1,17,32.567166328430176,14,primary
LKneeAngles_ax1,18,33.39885377883911,14,primary
LKneeAngles_ax1,19,34.178688049316406,14,primary
LKneeAngles_ax1,20,34.876582622528076,14,primary
LKneeAngles_ax1,21,35.45868158340454,14,primary
LKneeAngles_ax1,22,35.932072162628174,14,primary
LKneeAngles_ax1,23,36.27926301956177,14,primary
LKneeAngles_ax1,24,36.532071113586426,14,primary
LKneeAngles_ax1,25,36.78035259246826,14,primary
LKneeAngles_ax1,26,36.709181785583496,14,primary
LKneeAngles_ax1,27,36.47772216796875,14,primary
LKneeAngles_ax1,28,35.87063455581665,14,primary
LKneeAngles_ax1,29,35.30073547363281,14,primary
LKneeAngles_ax1,30,34.82545804977417,14,primary
LKneeAngles_ax1,31,34.326866149902344,14,primary
LKneeAngles_ax1,32,33.72849941253662,14,primary
LKneeAngles_ax1,33,32.983702182769775,14,primary
LKneeAngles_ax1,34,32.20000410079956,14,primary
LKneeAngles_ax1,35,31.32437801361084,14,primary
LKneeAngles_ax1,36,30.338088989257812,14,primary
LKneeAngles_ax1,37,29.252990245819092,14,primary
LKneeAngles_ax1,38,28.044949054718018,14,primary
LKneeAngles_ax1,39,27.48435688018799,14,primary
LKneeAngles_ax1,40,27.15587282180786,14,primary
LKneeAngles_ax1,41,23.69521999359131,14,primary
LKneeAngles_ax1,42,20.37140464782715,14,primary
LKneeAngles_ax1,43,17.21213436126709,14,primary
LKneeAngles_ax1,44,14.669090509414673,14,primary
LKneeAngles_ax1,45,12.2817223072052,14,primary
LKneeAngles_ax1,46,10.93834137916565,14,primary
LKneeAngles_ax1,47,10.226768255233765,14,primary
LKneeAngles_ax1,48,10.270285606384277,14,primary
LKneeAngles_ax1,49,10.508541107177734,14,primary
LKneeAngles_ax1,50,10.67726469039917,14,primary
LKneeAngles_ax1,51,10.469820022583008,14,primary
LKneeAngles_ax1,52,10.93516492843628,14,primary
LKneeAngles_ax1,53,11.830584049224854,14,primary
LKneeAngles_ax1,54,13.237276315689087,14,primary
LKneeAngles_ax1,55,14.959022521972656,14,primary
LKneeAngles_ax1,56,16.579076766967773,14,primary
LKneeAngles_ax1,57,17.83852195739746,14,primary
LKneeAngles_ax1,58,19.13569402694702,14,primary
LKneeAngles_ax1,59,21.27423334121704,14,primary
LKneeAngles_ax1,60,23.529130935668945,14,primary
LKneeAngles_ax1,61,25.603954315185547,14,primary
LKneeAngles_ax1,62,28.105859756469727,14,primary
LKneeAngles_ax1,63,31.105161666870117,14,primary
LKneeAngles_ax1,64,34.03228569030762,14,primary
LKneeAngles_ax1,65,37.36084175109863,14,primary
LKneeAngles_ax1,66,39.972439765930176,14,primary
LKneeAngles_ax1,67,42.85019397735596,14,primary
LKneeAngles_ax1,68,45.58531379699707,14,primary
LKneeAngles_ax1,69,48.170104026794434,14,primary
LKneeAngles_ax1,70,50.501304626464844,14,primary
LKneeAngles_ax1,71,52.408241271972656,14,primary
LKneeAngles_ax1,72,53.80108070373535,14,primary
LKneeAngles_ax1,73,54.576416015625,14,primary
LKneeAngles_ax1,74,55.03816223144531,14,primary
LKneeAngles_ax1,75,55.04461050033569,14,primary
LKneeAngles_ax1,76,54.722652435302734,14,primary
LKneeAngles_ax1,77,54.024306774139404,14,primary
LKneeAngles_ax1,78,53.3442907333374,14,primary
LKneeAngles_ax1,79,52.42454385757446,14,primary
LKneeAngles_ax1,80,51.03226375579834,14,primary
LKneeAngles_ax1,81,49.39723014831543,14,primary
LKneeAngles_ax1,82,47.62848377227783,14,primary
LKneeAngles_ax1,83,45.596643924713135,14,primary
LKneeAngles_ax1,84,43.2955756187439,14,primary
LKneeAngles_ax1,85,40.71497583389282,14,primary
LKneeAngles_ax1,86,37.87272357940674,14,primary
LKneeAngles_ax1,87,34.94793891906738,14,primary
LKneeAngles_ax1,88,32.06360054016113,14,primary
LKneeAngles_ax1,89,28.897855758666992,14,primary
LKneeAngles_ax1,90,24.72560977935791,14,primary
LKneeAngles_ax1,91,20.712467193603516,14,primary
LKneeAngles_ax1,92,19.349308967590332,14,primary
LKneeAngles_ax1,93,18.25070095062256,14,primary
LKneeAngles_ax1,94,15.459410667419434,14,primary
LKneeAngles_ax1,95,13.101298332214355,14,primary
LKneeAngles_ax1,96,11.12210988998413,14,primary
LKneeAngles_ax1,97,9.899917364120483,14,primary
LKneeAngles_ax1,98,9.26442277431488,14,primary
LKneeAngles_ax1,99,9.16260027885437,14,primary
LKneeAngles_ax1,100,9.003717422485352,14,primary
LKneeAngles_ax2,0,-3.237209141254425,14,secondary
LKneeAngles_ax2,1,-3.2935407161712646,14,secondary
LKneeAngles_ax2,2,-3.2684383392333984,14,secondary
LKneeAngles_ax2,3,-3.3035402297973633,14,secondary
LKneeAngles_ax2,4,-3.3435468077659607,14,secondary
LKneeAngles_ax2,5,-3.5483859181404114,14,secondary
LKneeAngles_ax2,6,-3.975203037261963,14,secondary
LKneeAngles_ax2,7,-3.6809539794921875,14,secondary
LKneeAngles_ax2,8,-3.947544574737549,14,secondary
LKneeAngles_ax2,9,-4.34154486656189,14,secondary
LKneeAngles_ax2,10,-4.3550297021865845,14,secondary
LKneeAngles_ax2,11,-3.849741816520691,14,secondary
LKneeAngles_ax2,12,-3.5469621419906616,14,secondary
LKneeAngles_ax2,13,-3.2891441583633423,14,secondary
LKneeAngles_ax2,14,-3.413923978805542,14,secondary
LKneeAngles_ax2,15,-3.2949432134628296,14,secondary
LKneeAngles_ax2,16,-2.91190242767334,14,secondary
LKneeAngles_ax2,17,-2.555252969264984,14,secondary
LKneeAngles_ax2,18,-2.609219253063202,14,secondary
LKneeAngles_ax2,19,-2.66416335105896,14,secondary
LKneeAngles_ax2,20,-2.9857558012008667,14,secondary
LKneeAngles_ax2,21,-3.2493176460266113,14,secondary
LKneeAngles_ax2,22,-3.3417974710464478,14,secondary
LKneeAngles_ax2,23,-3.6357388496398926,14,secondary
LKneeAngles_ax2,24,-4.3224310874938965,14,secondary
LKneeAngles_ax2,25,-4.163740515708923,14,secondary
LKneeAngles_ax2,26,-4.1444913148880005,14,secondary
LKneeAngles_ax2,27,-4.078784704208374,14,secondary
LKneeAngles_ax2,28,-3.859303116798401,14,secondary
LKneeAngles_ax2,29,-3.6062943935394287,14,secondary
LKneeAngles_ax2,30,-3.542302131652832,14,secondary
LKneeAngles_ax2,31,-3.2220987677574158,14,secondary
LKneeAngles_ax2,32,-2.407206565141678,14,secondary
LKneeAngles_ax2,33,-1.7439406588673592,14,secondary
LKneeAngles_ax2,34,-1.5079048722982407,14,secondary
LKneeAngles_ax2,35,-1.8262710571289062,14,secondary
LKneeAngles_ax2,36,-1.9681142568588257,14,secondary
LKneeAngles_ax2,37,-1.883391261100769,14,secondary
LKneeAngles_ax2,38,-1.9712202548980713,14,secondary
LKneeAngles_ax2,39,-1.9727908968925476,14,secondary
LKneeAngles_ax2,40,-2.0725949704647064,14,secondary
LKneeAngles_ax2,41,-2.1411114931106567,14,secondary
LKneeAngles_ax2,42,-2.2081785798072815,14,secondary
LKneeAngles_ax2,43,-2.305694103240967,14,secondary
LKneeAngles_ax2,44,-2.938913583755493,14,secondary
LKneeAngles_ax2,45,-3.1539533138275146,14,secondary
LKneeAngles_ax2,46,-3.220006227493286,14,secondary
LKneeAngles_ax2,47,-3.2351428270339966,14,secondary
LKneeAngles_ax2,48,-3.1227582693099976,14,secondary
LKneeAngles_ax2,49,-3.049753427505493,14,secondary
LKneeAngles_ax2,50,-3.0939462184906006,14,secondary
LKneeAngles_ax2,51,-3.202074885368347,14,secondary
LKneeAngles_ax2,52,-3.267345428466797,14,secondary
LKneeAngles_ax2,53,-3.290135145187378,14,secondary
LKneeAngles_ax2,54,-3.24434757232666,14,secondary
LKneeAngles_ax2,55,-3.2747981548309326,14,secondary
LKneeAngles_ax2,56,-3.447322130203247,14,secondary
LKneeAngles_ax2,57,-3.643873691558838,14,secondary
LKneeAngles_ax2,58,-4.091620922088623,14,secondary
LKneeAngles_ax2,59,-4.448323965072632,14,secondary
LKneeAngles_ax2,60,-4.123402118682861,14,secondary
LKneeAngles_ax2,61,-3.824475049972534,14,secondary
LKneeAngles_ax2,62,-3.7339515686035156,14,secondary
LKneeAngles_ax2,63,-3.610706329345703,14,secondary
LKneeAngles_ax2,64,-3.143544554710388,14,secondary
LKneeAngles_ax2,65,-3.303531765937805,14,secondary
LKneeAngles_ax2,66,-3.2364540100097656,14,secondary
LKneeAngles_ax2,67,-3.2077218294143677,14,secondary
LKneeAngles_ax2,68,-2.589934825897217,14,secondary
LKneeAngles_ax2,69,-2.1619669795036316,14,secondary
LKneeAngles_ax2,70,-2.131701707839966,14,secondary
LKneeAngles_ax2,71,-2.470425605773926,14,secondary
LKneeAngles_ax2,72,-3.570528030395508,14,secondary
LKneeAngles_ax2,73,-4.37289834022522,14,secondary
LKneeAngles_ax2,74,-4.0213693380355835,14,secondary
LKneeAngles_ax2,75,-3.627318501472473,14,secondary
LKneeAngles_ax2,76,-3.219472289085388,14,secondary
LKneeAngles_ax2,77,-3.1315582990646362,14,secondary
LKneeAngles_ax2,78,-3.1841588020324707,14,secondary
LKneeAngles_ax2,79,-3.245830774307251,14,secondary
LKneeAngles_ax2,80,-3.3150445222854614,14,secondary
LKneeAngles_ax2,81,-3.2573459148406982,14,secondary
LKneeAngles_ax2,82,-3.2738624811172485,14,secondary
LKneeAngles_ax2,83,-2.462604284286499,14,secondary
LKneeAngles_ax2,84,-2.1802133321762085,14,secondary
LKneeAngles_ax2,85,-1.803061068058014,14,secondary
LKneeAngles_ax2,86,-1.6295315027236938,14,secondary
LKneeAngles_ax2,87,-1.5578425526618958,14,secondary
LKneeAngles_ax2,88,-1.588030755519867,14,secondary
LKneeAngles_ax2,89,-1.727971076965332,14,secondary
LKneeAngles_ax2,90,-1.9799049496650696,14,secondary
LKneeAngles_ax2,91,-2.2578874230384827,14,secondary
LKneeAngles_ax2,92,-2.3537219762802124,14,secondary
LKneeAngles_ax2,93,-2.4793431758880615,14,secondary
LKneeAngles_ax2,94,-2.6269781589508057,14,secondary
LKneeAngles_ax2,95,-2.610782027244568,14,secondary
LKneeAngles_ax2,96,-3.2918646335601807,14,secondary
LKneeAngles_ax2,97,-3.5464402437210083,14,secondary
LKneeAngles_ax2,98,-3.502896308898926,14,secondary
LKneeAngles_ax2,99,-3.4632883071899414,14,secondary
LKneeAngles_ax2,100,-3.382388949394226,14,secondary
LKneeAngles_ax3,0,-10.393594861030579,14,secondary
LKneeAngles_ax3,1,-10.720035433769226,14,secondary
LKneeAngles_ax3,2,-10.832795143127441,14,secondary
LKneeAngles_ax3,3,-11.490827560424805,14,secondary
LKneeAngles_ax3,4,-11.977299213409424,14,secondary
LKneeAngles_ax3,5,-11.304667472839355,14,secondary
LKneeAngles_ax3,6,-11.035678386688232,14,secondary
LKneeAngles_ax3,7,-10.626654148101807,14,secondary
LKneeAngles_ax3,8,-9.797155857086182,14,secondary
LKneeAngles_ax3,9,-10.669119358062744,14,secondary
LKneeAngles_ax3,10,-11.580787181854248,14,secondary
LKneeAngles_ax3,11,-12.451584339141846,14,secondary
LKneeAngles_ax3,12,-12.927064418792725,14,secondary
LKneeAngles_ax3,13,-12.810007572174072,14,secondary
LKneeAngles_ax3,14,-12.513255596160889,14,secondary
LKneeAngles_ax3,15,-11.701846361160278,14,secondary
LKneeAngles_ax3,16,-10.818281650543213,14,secondary
LKneeAngles_ax3,17,-9.786123752593994,14,secondary
LKneeAngles_ax3,18,-8.60511827468872,14,secondary
LKneeAngles_ax3,19,-7.710140585899353,14,secondary
LKneeAngles_ax3,20,-7.290271520614624,14,secondary
LKneeAngles_ax3,21,-7.205578088760376,14,secondary
LKneeAngles_ax3,22,-7.583190560340881,14,secondary
LKneeAngles_ax3,23,-8.002438068389893,14,secondary
LKneeAngles_ax3,24,-8.699177503585815,14,secondary
LKneeAngles_ax3,25,-8.976991891860962,14,secondary
LKneeAngles_ax3,26,-9.253053426742554,14,secondary
LKneeAngles_ax3,27,-9.444246530532837,14,secondary
LKneeAngles_ax3,28,-9.618385076522827,14,secondary
LKneeAngles_ax3,29,-10.108988046646118,14,secondary
LKneeAngles_ax3,30,-10.883894443511963,14,secondary
LKneeAngles_ax3,31,-11.092605352401733,14,secondary
LKneeAngles_ax3,32,-11.203134059906006,14,secondary
LKneeAngles_ax3,33,-11.371056318283081,14,secondary
LKneeAngles_ax3,34,-11.543591260910034,14,secondary
LKneeAngles_ax3,35,-11.581482887268066,14,secondary
LKneeAngles_ax3,36,-11.328737616539001,14,secondary
LKneeAngles_ax3,37,-11.27321469783783,14,secondary
LKneeAngles_ax3,38,-11.097008109092712,14,secondary
LKneeAngles_ax3,39,-11.77566385269165,14,secondary
LKneeAngles_ax3,40,-13.023828983306885,14,secondary
LKneeAngles_ax3,41,-13.9724702835083,14,secondary
LKneeAngles_ax3,42,-14.494682788848877,14,secondary
LKneeAngles_ax3,43,-14.632132053375244,14,secondary
LKneeAngles_ax3,44,-15.237680435180664,14,secondary
LKneeAngles_ax3,45,-15.507676124572754,14,secondary
LKneeAngles_ax3,46,-15.643997192382812,14,secondary
LKneeAngles_ax3,47,-15.639590740203857,14,secondary
LKneeAngles_ax3,48,-15.383599758148193,14,secondary
LKneeAngles_ax3,49,-14.99760103225708,14,secondary
LKneeAngles_ax3,50,-14.60813045501709,14,secondary
LKneeAngles_ax3,51,-14.356764793395996,14,secondary
LKneeAngles_ax3,52,-14.139418601989746,14,secondary
LKneeAngles_ax3,53,-14.054704666137695,14,secondary
LKneeAngles_ax3,54,-14.790197372436523,14,secondary
LKneeAngles_ax3,55,-15.225223541259766,14,secondary
LKneeAngles_ax3,56,-15.367544651031494,14,secondary
LKneeAngles_ax3,57,-15.019771575927734,14,secondary
LKneeAngles_ax3,58,-13.872318744659424,14,secondary
LKneeAngles_ax3,59,-12.446377754211426,14,secondary
LKneeAngles_ax3,60,-11.763285636901855,14,secondary
LKneeAngles_ax3,61,-11.825205326080322,14,secondary
LKneeAngles_ax3,62,-11.5246901512146,14,secondary
LKneeAngles_ax3,63,-10.945069313049316,14,secondary
LKneeAngles_ax3,64,-10.442256212234497,14,secondary
LKneeAngles_ax3,65,-9.574766159057617,14,secondary
LKneeAngles_ax3,66,-9.056689500808716,14,secondary
LKneeAngles_ax3,67,-8.409019947052002,14,secondary
LKneeAngles_ax3,68,-8.50525951385498,14,secondary
LKneeAngles_ax3,69,-8.638725280761719,14,secondary
LKneeAngles_ax3,70,-8.296411752700806,14,secondary
LKneeAngles_ax3,71,-7.801003694534302,14,secondary
LKneeAngles_ax3,72,-7.048977851867676,14,secondary
LKneeAngles_ax3,73,-7.2971484661102295,14,secondary
LKneeAngles_ax3,74,-7.0023040771484375,14,secondary
LKneeAngles_ax3,75,-7.226332664489746,14,secondary
LKneeAngles_ax3,76,-7.521001577377319,14,secondary
LKneeAngles_ax3,77,-7.775952100753784,14,secondary
LKneeAngles_ax3,78,-8.627466440200806,14,secondary
LKneeAngles_ax3,79,-9.412477731704712,14,secondary
LKneeAngles_ax3,80,-10.168750762939453,14,secondary
LKneeAngles_ax3,81,-10.981306791305542,14,secondary
LKneeAngles_ax3,82,-11.289122819900513,14,secondary
LKneeAngles_ax3,83,-11.315332412719727,14,secondary
LKneeAngles_ax3,84,-11.60410475730896,14,secondary
LKneeAngles_ax3,85,-11.709362268447876,14,secondary
LKneeAngles_ax3,86,-11.59669041633606,14,secondary
LKneeAngles_ax3,87,-11.560559511184692,14,secondary
LKneeAngles_ax3,88,-11.41104507446289,14,secondary
LKneeAngles_ax3,89,-11.689082860946655,14,secondary
LKneeAngles_ax3,90,-12.132332563400269,14,secondary
LKneeAngles_ax3,91,-13.042660236358643,14,secondary
LKneeAngles_ax3,92,-13.807761192321777,14,secondary
LKneeAngles_ax3,93,-13.93648624420166,14,secondary
LKneeAngles_ax3,94,-13.350743293762207,14,secondary
LKneeAngles_ax3,95,-12.476442337036133,14,secondary
LKneeAngles_ax3,96,-11.61475658416748,14,secondary
LKneeAngles_ax3,97,-10.980847835540771,14,secondary
LKneeAngles_ax3,98,-10.776138663291931,14,secondary
LKneeAngles_ax3,99,-10.620435237884521,14,secondary
LKneeAngles_ax3,100,-10.258239984512329,14,secondary
RKneeAngles_ax1,0,12.936991691589355,14,primary
RKneeAngles_ax1,1,13.053442001342773,14,primary
RKneeAngles_ax1,2,13.494089603424072,14,primary
RKneeAngles_ax1,3,14.308887958526611,14,primary
RKneeAngles_ax1,4,15.930269241333008,14,primary
RKneeAngles_ax1,5,17.44455051422119,14,primary
RKneeAngles_ax1,6,19.02055263519287,14,primary
RKneeAngles_ax1,7,20.9980411529541,14,primary
RKneeAngles_ax1,8,23.352685928344727,14,primary
RKneeAngles_ax1,9,25.777904510498047,14,primary
RKneeAngles_ax1,10,28.095101356506348,14,primary
RKneeAngles_ax1,11,29.718917846679688,14,primary
RKneeAngles_ax1,12,31.019773960113525,14,primary
RKneeAngles_ax1,13,32.0306396484375,14,primary
RKneeAngles_ax1,14,33.6240348815918,14,primary
RKneeAngles_ax1,15,35.175811767578125,14,primary
RKneeAngles_ax1,16,36.85945510864258,14,primary
RKneeAngles_ax1,17,39.555696964263916,14,primary
RKneeAngles_ax1,18,42.38203001022339,14,primary
RKneeAngles_ax1,19,45.23892688751221,14,primary
RKneeAngles_ax1,20,48.0432825088501,14,primary
RKneeAngles_ax1,21,50.721285343170166,14,primary
RKneeAngles_ax1,22,52.61068534851074,14,primary
RKneeAngles_ax1,23,53.63478946685791,14,primary
RKneeAngles_ax1,24,54.73338460922241,14,primary
RKneeAngles_ax1,25,55.48918342590332,14,primary
RKneeAngles_ax1,26,55.80049753189087,14,primary
RKneeAngles_ax1,27,55.66393232345581,14,primary
RKneeAngles_ax1,28,54.83801078796387,14,primary
RKneeAngles_ax1,29,53.43332481384277,14,primary
RKneeAngles_ax1,30,51.67115116119385,14,primary
RKneeAngles_ax1,31,49.667264461517334,14,primary
RKneeAngles_ax1,32,47.40721368789673,14,primary
RKneeAngles_ax1,33,44.92435359954834,14,primary
RKneeAngles_ax1,34,42.23857927322388,14,primary
RKneeAngles_ax1,35,39.35803174972534,14,primary
RKneeAngles_ax1,36,36.28088617324829,14,primary
RKneeAngles_ax1,37,33.03260374069214,14,primary
RKneeAngles_ax1,38,29.669400691986084,14,primary
RKneeAngles_ax1,39,26.746339797973633,14,primary
RKneeAngles_ax1,40,25.383595943450928,14,primary
RKneeAngles_ax1,41,22.667937994003296,14,primary
RKneeAngles_ax1,42,20.2732515335083,14,primary
RKneeAngles_ax1,43,17.34900665283203,14,primary
RKneeAngles_ax1,44,16.784839868545532,14,primary
RKneeAngles_ax1,45,15.448147296905518,14,primary
RKneeAngles_ax1,46,14.755831718444824,14,primary
RKneeAngles_ax1,47,13.927897453308105,14,primary
RKneeAngles_ax1,48,12.883357048034668,14,primary
RKneeAngles_ax1,49,11.943870067596436,14,primary
RKneeAngles_ax1,50,11.92397403717041,14,primary
RKneeAngles_ax1,51,12.683454036712646,14,primary
RKneeAngles_ax1,52,13.770839214324951,14,primary
RKneeAngles_ax1,53,14.878894329071045,14,primary
RKneeAngles_ax1,54,16.193272590637207,14,primary
RKneeAngles_ax1,55,17.73093605041504,14,primary
RKneeAngles_ax1,56,19.47509765625,14,primary
RKneeAngles_ax1,57,21.034005165100098,14,primary
RKneeAngles_ax1,58,22.996641159057617,14,primary
RKneeAngles_ax1,59,24.816688537597656,14,primary
RKneeAngles_ax1,60,26.432796478271484,14,primary
RKneeAngles_ax1,61,28.433260917663574,14,primary
RKneeAngles_ax1,62,30.557480335235596,14,primary
RKneeAngles_ax1,63,33.13645362854004,14,primary
RKneeAngles_ax1,64,35.19767189025879,14,primary
RKneeAngles_ax1,65,36.36472415924072,14,primary
RKneeAngles_ax1,66,37.009849548339844,14,primary
RKneeAngles_ax1,67,37.11924171447754,14,primary
RKneeAngles_ax1,68,37.71322822570801,14,primary
RKneeAngles_ax1,69,37.374269008636475,14,primary
RKneeAngles_ax1,70,37.82814025878906,14,primary
RKneeAngles_ax1,71,38.16353988647461,14,primary
RKneeAngles_ax1,72,38.26785612106323,14,primary
RKneeAngles_ax1,73,38.13864994049072,14,primary
RKneeAngles_ax1,74,37.81565237045288,14,primary
RKneeAngles_ax1,75,37.1632924079895,14,primary
RKneeAngles_ax1,76,36.40274667739868,14,primary
RKneeAngles_ax1,77,35.55429124832153,14,primary
RKneeAngles_ax1,78,34.62821388244629,14,primary
RKneeAngles_ax1,79,33.632429122924805,14,primary
RKneeAngles_ax1,80,32.62550592422485,14,primary
RKneeAngles_ax1,81,31.564938068389893,14,primary
RKneeAngles_ax1,82,30.285982608795166,14,primary
RKneeAngles_ax1,83,28.93929672241211,14,primary
RKneeAngles_ax1,84,27.629630088806152,14,primary
RKneeAngles_ax1,85,26.357244968414307,14,primary
RKneeAngles_ax1,86,25.1364266872406,14,primary
RKneeAngles_ax1,87,23.941450119018555,14,primary
RKneeAngles_ax1,88,22.74939727783203,14,primary
RKneeAngles_ax1,89,21.649558544158936,14,primary
RKneeAngles_ax1,90,20.58945655822754,14,primary
RKneeAngles_ax1,91,19.906210899353027,14,primary
RKneeAngles_ax1,92,19.646507263183594,14,primary
RKneeAngles_ax1,93,19.22199821472168,14,primary
RKneeAngles_ax1,94,17.37388277053833,14,primary
RKneeAngles_ax1,95,15.83368730545044,14,primary
RKneeAngles_ax1,96,14.51783561706543,14,primary
RKneeAngles_ax1,97,13.84259557723999,14,primary
RKneeAngles_ax1,98,13.751028060913086,14,primary
RKneeAngles_ax1,99,13.694066524505615,14,primary
RKneeAngles_ax1,100,13.951809644699097,14,primary
RKneeAngles_ax2,0,-4.066452085971832,14,secondary
RKneeAngles_ax2,1,-4.4005244970321655,14,secondary
RKneeAngles_ax2,2,-4.822359323501587,14,secondary
RKneeAngles_ax2,3,-5.299419283866882,14,secondary
RKneeAngles_ax2,4,-5.679271578788757,14,secondary
RKneeAngles_ax2,5,-5.907633900642395,14,secondary
RKneeAngles_ax2,6,-6.315536022186279,14,secondary
RKneeAngles_ax2,7,-6.798245906829834,14,secondary
RKneeAngles_ax2,8,-7.3450682163238525,14,secondary
RKneeAngles_ax2,9,-7.899265289306641,14,secondary
RKneeAngles_ax2,10,-8.766977071762085,14,secondary
RKneeAngles_ax2,11,-9.012426614761353,14,secondary
RKneeAngles_ax2,12,-8.858790636062622,14,secondary
RKneeAngles_ax2,13,-8.144428133964539,14,secondary
RKneeAngles_ax2,14,-7.477479100227356,14,secondary
RKneeAngles_ax2,15,-6.527628421783447,14,secondary
RKneeAngles_ax2,16,-5.677852749824524,14,secondary
RKneeAngles_ax2,17,-5.516186475753784,14,secondary
RKneeAngles_ax2,18,-6.206061840057373,14,secondary
RKneeAngles_ax2,19,-7.059030055999756,14,secondary
RKneeAngles_ax2,20,-7.8883161544799805,14,secondary
RKneeAngles_ax2,21,-8.196010828018188,14,secondary
RKneeAngles_ax2,22,-8.188023805618286,14,secondary
RKneeAngles_ax2,23,-8.15126919746399,14,secondary
RKneeAngles_ax2,24,-8.150782108306885,14,secondary
RKneeAngles_ax2,25,-7.851833820343018,14,secondary
RKneeAngles_ax2,26,-7.58433997631073,14,secondary
RKneeAngles_ax2,27,-7.341947317123413,14,secondary
RKneeAngles_ax2,28,-7.100365996360779,14,secondary
RKneeAngles_ax2,29,-6.68115234375,14,secondary
RKneeAngles_ax2,30,-6.5344719886779785,14,secondary
RKneeAngles_ax2,31,-6.3688284158706665,14,secondary
RKneeAngles_ax2,32,-5.999574303627014,14,secondary
RKneeAngles_ax2,33,-5.682153344154358,14,secondary
RKneeAngles_ax2,34,-5.285011947154999,14,secondary
RKneeAngles_ax2,35,-4.855038523674011,14,secondary
RKneeAngles_ax2,36,-4.42098081111908,14,secondary
RKneeAngles_ax2,37,-4.016927421092987,14,secondary
RKneeAngles_ax2,38,-3.7815312147140503,14,secondary
RKneeAngles_ax2,39,-3.6667900681495667,14,secondary
RKneeAngles_ax2,40,-3.288337826728821,14,secondary
RKneeAngles_ax2,41,-3.459365963935852,14,secondary
RKneeAngles_ax2,42,-3.609637141227722,14,secondary
RKneeAngles_ax2,43,-3.938878297805786,14,secondary
RKneeAngles_ax2,44,-4.163246750831604,14,secondary
RKneeAngles_ax2,45,-4.2385255098342896,14,secondary
RKneeAngles_ax2,46,-4.193201899528503,14,secondary
RKneeAngles_ax2,47,-4.047374606132507,14,secondary
RKneeAngles_ax2,48,-3.9275731444358826,14,secondary
RKneeAngles_ax2,49,-3.8024131059646606,14,secondary
RKneeAngles_ax2,50,-3.8258546590805054,14,secondary
RKneeAngles_ax2,51,-3.989682197570801,14,secondary
RKneeAngles_ax2,52,-4.404384613037109,14,secondary
RKneeAngles_ax2,53,-4.761390209197998,14,secondary
RKneeAngles_ax2,54,-4.89823579788208,14,secondary
RKneeAngles_ax2,55,-5.278385043144226,14,secondary
RKneeAngles_ax2,56,-5.781830668449402,14,secondary
RKneeAngles_ax2,57,-6.548313498497009,14,secondary
RKneeAngles_ax2,58,-7.2587761878967285,14,secondary
RKneeAngles_ax2,59,-8.147350311279297,14,secondary
RKneeAngles_ax2,60,-8.595818519592285,14,secondary
RKneeAngles_ax2,61,-9.138294696807861,14,secondary
RKneeAngles_ax2,62,-9.129591464996338,14,secondary
RKneeAngles_ax2,63,-8.832019567489624,14,secondary
RKneeAngles_ax2,64,-8.239086866378784,14,secondary
RKneeAngles_ax2,65,-7.4845805168151855,14,secondary
RKneeAngles_ax2,66,-7.3503992557525635,14,secondary
RKneeAngles_ax2,67,-7.303567171096802,14,secondary
RKneeAngles_ax2,68,-7.587626099586487,14,secondary
RKneeAngles_ax2,69,-8.20173966884613,14,secondary
RKneeAngles_ax2,70,-8.58310079574585,14,secondary
RKneeAngles_ax2,71,-9.087049007415771,14,secondary
RKneeAngles_ax2,72,-9.067391872406006,14,secondary
RKneeAngles_ax2,73,-8.970619201660156,14,secondary
RKneeAngles_ax2,74,-9.018069744110107,14,secondary
RKneeAngles_ax2,75,-9.067318677902222,14,secondary
RKneeAngles_ax2,76,-8.810663223266602,14,secondary
RKneeAngles_ax2,77,-8.575545072555542,14,secondary
RKneeAngles_ax2,78,-8.47893238067627,14,secondary
RKneeAngles_ax2,79,-8.346534013748169,14,secondary
RKneeAngles_ax2,80,-8.130204677581787,14,secondary
RKneeAngles_ax2,81,-7.8655829429626465,14,secondary
RKneeAngles_ax2,82,-7.604664087295532,14,secondary
RKneeAngles_ax2,83,-7.368635535240173,14,secondary
RKneeAngles_ax2,84,-7.0112468004226685,14,secondary
RKneeAngles_ax2,85,-6.644395470619202,14,secondary
RKneeAngles_ax2,86,-5.678353309631348,14,secondary
RKneeAngles_ax2,87,-5.107044577598572,14,secondary
RKneeAngles_ax2,88,-4.758349180221558,14,secondary
RKneeAngles_ax2,89,-4.512362360954285,14,secondary
RKneeAngles_ax2,90,-4.347205877304077,14,secondary
RKneeAngles_ax2,91,-4.4177093505859375,14,secondary
RKneeAngles_ax2,92,-4.464320182800293,14,secondary
RKneeAngles_ax2,93,-4.516670107841492,14,secondary
RKneeAngles_ax2,94,-4.794803619384766,14,secondary
RKneeAngles_ax2,95,-4.704144835472107,14,secondary
RKneeAngles_ax2,96,-4.395060420036316,14,secondary
RKneeAngles_ax2,97,-4.349466443061829,14,secondary
RKneeAngles_ax2,98,-4.362835645675659,14,secondary
RKneeAngles_ax2,99,-4.361409664154053,14,secondary
RKneeAngles_ax2,100,-4.509876847267151,14,secondary
RKneeAngles_ax3,0,-5.344913005828857,14,secondary
RKneeAngles_ax3,1,-5.324930429458618,14,secondary
RKneeAngles_ax3,2,-5.740614891052246,14,secondary
RKneeAngles_ax3,3,-6.0165228843688965,14,secondary
RKneeAngles_ax3,4,-6.524035453796387,14,secondary
RKneeAngles_ax3,5,-8.524545431137085,14,secondary
RKneeAngles_ax3,6,-8.793643951416016,14,secondary
RKneeAngles_ax3,7,-8.182165145874023,14,secondary
RKneeAngles_ax3,8,-7.98845648765564,14,secondary
RKneeAngles_ax3,9,-7.0548272132873535,14,secondary
RKneeAngles_ax3,10,-6.816807270050049,14,secondary
RKneeAngles_ax3,11,-6.116991996765137,14,secondary
RKneeAngles_ax3,12,-5.441890835762024,14,secondary
RKneeAngles_ax3,13,-4.479617476463318,14,secondary
RKneeAngles_ax3,14,-3.670133411884308,14,secondary
RKneeAngles_ax3,15,-3.416927605867386,14,secondary
RKneeAngles_ax3,16,-2.813167527318001,14,secondary
RKneeAngles_ax3,17,-2.2829332798719406,14,secondary
RKneeAngles_ax3,18,-2.2361642122268677,14,secondary
RKneeAngles_ax3,19,-2.3967281579971313,14,secondary
RKneeAngles_ax3,20,-2.0385284423828125,14,secondary
RKneeAngles_ax3,21,-1.7577155828475952,14,secondary
RKneeAngles_ax3,22,-1.6649710536003113,14,secondary
RKneeAngles_ax3,23,-1.9710474759340286,14,secondary
RKneeAngles_ax3,24,-2.1782265678048134,14,secondary
RKneeAngles_ax3,25,-2.4009487628936768,14,secondary
RKneeAngles_ax3,26,-2.822953462600708,14,secondary
RKneeAngles_ax3,27,-3.186970040202141,14,secondary
RKneeAngles_ax3,28,-3.5692864656448364,14,secondary
RKneeAngles_ax3,29,-3.9506006240844727,14,secondary
RKneeAngles_ax3,30,-4.408526927232742,14,secondary
RKneeAngles_ax3,31,-4.737164616584778,14,secondary
RKneeAngles_ax3,32,-4.972294449806213,14,secondary
RKneeAngles_ax3,33,-5.157203495502472,14,secondary
RKneeAngles_ax3,34,-5.250796735286713,14,secondary
RKneeAngles_ax3,35,-5.285111606121063,14,secondary
RKneeAngles_ax3,36,-5.48551869392395,14,secondary
RKneeAngles_ax3,37,-5.633518815040588,14,secondary
RKneeAngles_ax3,38,-6.476484060287476,14,secondary
RKneeAngles_ax3,39,-7.219338595867157,14,secondary
RKneeAngles_ax3,40,-7.513368129730225,14,secondary
RKneeAngles_ax3,41,-7.82075572013855,14,secondary
RKneeAngles_ax3,42,-8.047484397888184,14,secondary
RKneeAngles_ax3,43,-8.125648021697998,14,secondary
RKneeAngles_ax3,44,-7.777109622955322,14,secondary
RKneeAngles_ax3,45,-8.08317756652832,14,secondary
RKneeAngles_ax3,46,-7.885133504867554,14,secondary
RKneeAngles_ax3,47,-7.20719575881958,14,secondary
RKneeAngles_ax3,48,-6.904298782348633,14,secondary
RKneeAngles_ax3,49,-6.229889631271362,14,secondary
RKneeAngles_ax3,50,-5.880148649215698,14,secondary
RKneeAngles_ax3,51,-5.926658272743225,14,secondary
RKneeAngles_ax3,52,-6.286370396614075,14,secondary
RKneeAngles_ax3,53,-6.256816744804382,14,secondary
RKneeAngles_ax3,54,-6.306622385978699,14,secondary
RKneeAngles_ax3,55,-6.338351130485535,14,secondary
RKneeAngles_ax3,56,-6.436299681663513,14,secondary
RKneeAngles_ax3,57,-6.636851191520691,14,secondary
RKneeAngles_ax3,58,-6.722388863563538,14,secondary
RKneeAngles_ax3,59,-6.555924296379089,14,secondary
RKneeAngles_ax3,60,-6.075407862663269,14,secondary
RKneeAngles_ax3,61,-6.042392373085022,14,secondary
RKneeAngles_ax3,62,-6.5994713306427,14,secondary
RKneeAngles_ax3,63,-6.27906060218811,14,secondary
RKneeAngles_ax3,64,-6.616860628128052,14,secondary
RKneeAngles_ax3,65,-6.752673149108887,14,secondary
RKneeAngles_ax3,66,-6.075200438499451,14,secondary
RKneeAngles_ax3,67,-4.98858904838562,14,secondary
RKneeAngles_ax3,68,-3.7616361379623413,14,secondary
RKneeAngles_ax3,69,-2.398395836353302,14,secondary
RKneeAngles_ax3,70,-1.3585645258426666,14,secondary
RKneeAngles_ax3,71,-0.3149484395980835,14,secondary
RKneeAngles_ax3,72,-0.46965470910072327,14,secondary
RKneeAngles_ax3,73,-1.1003960371017456,14,secondary
RKneeAngles_ax3,74,-1.7816342860460281,14,secondary
RKneeAngles_ax3,75,-2.436894416809082,14,secondary
RKneeAngles_ax3,76,-3.2196566462516785,14,secondary
RKneeAngles_ax3,77,-4.112904787063599,14,secondary
RKneeAngles_ax3,78,-4.83890438079834,14,secondary
RKneeAngles_ax3,79,-5.459192872047424,14,secondary
RKneeAngles_ax3,80,-6.061020851135254,14,secondary
RKneeAngles_ax3,81,-6.820143818855286,14,secondary
RKneeAngles_ax3,82,-7.736935257911682,14,secondary
RKneeAngles_ax3,83,-8.377859473228455,14,secondary
RKneeAngles_ax3,84,-8.846526026725769,14,secondary
RKneeAngles_ax3,85,-8.634037494659424,14,secondary
RKneeAngles_ax3,86,-8.991198778152466,14,secondary
RKneeAngles_ax3,87,-10.642614841461182,14,secondary
RKneeAngles_ax3,88,-11.178030014038086,14,secondary
RKneeAngles_ax3,89,-11.598156452178955,14,secondary
RKneeAngles_ax3,90,-11.295576095581055,14,secondary
RKneeAngles_ax3,91,-11.070064544677734,14,secondary
RKneeAngles_ax3,92,-10.141958236694336,14,secondary
RKneeAngles_ax3,93,-9.691706657409668,14,secondary
RKneeAngles_ax3,94,-9.65490460395813,14,secondary
RKneeAngles_ax3,95,-9.00116753578186,14,secondary
RKneeAngles_ax3,96,-8.033452033996582,14,secondary
RKneeAngles_ax3,97,-7.829749584197998,14,secondary
RKneeAngles_ax3,98,-6.9808430671691895,14,secondary
RKneeAngles_ax3,99,-6.399757623672485,14,secondary
RKneeAngles_ax3,100,-6.2109174728393555,14,secondary
LAJC_ax1,0,649.5893859863281,14,secondary
LAJC_ax1,1,646.8125,14,secondary
LAJC_ax1,2,653.8899536132812,14,secondary
LAJC_ax1,3,659.9331359863281,14,secondary
LAJC_ax1,4,665.2897644042969,14,secondary
LAJC_ax1,5,670.2779846191406,14,secondary
LAJC_ax1,6,675.0127716064453,14,secondary
LAJC_ax1,7,676.3856048583984,14,secondary
LAJC_ax1,8,680.1117401123047,14,secondary
LAJC_ax1,9,686.9789276123047,14,secondary
LAJC_ax1,10,695.5860137939453,14,secondary
LAJC_ax1,11,705.0364685058594,14,secondary
LAJC_ax1,12,712.1896362304688,14,secondary
LAJC_ax1,13,719.4996643066406,14,secondary
LAJC_ax1,14,720.0603637695312,14,secondary
LAJC_ax1,15,720.1360015869141,14,secondary
LAJC_ax1,16,720.5117797851562,14,secondary
LAJC_ax1,17,721.2084045410156,14,secondary
LAJC_ax1,18,722.1905822753906,14,secondary
LAJC_ax1,19,723.27392578125,14,secondary
LAJC_ax1,20,733.3479461669922,14,secondary
LAJC_ax1,21,739.8319091796875,14,secondary
LAJC_ax1,22,745.1434936523438,14,secondary
LAJC_ax1,23,762.6600494384766,14,secondary
LAJC_ax1,24,753.5073394775391,14,secondary
LAJC_ax1,25,758.9642791748047,14,secondary
LAJC_ax1,26,762.3743286132812,14,secondary
LAJC_ax1,27,776.0242462158203,14,secondary
LAJC_ax1,28,791.5849914550781,14,secondary
LAJC_ax1,29,799.3977966308594,14,secondary
LAJC_ax1,30,807.6420593261719,14,secondary
LAJC_ax1,31,816.6893157958984,14,secondary
LAJC_ax1,32,826.0135192871094,14,secondary
LAJC_ax1,33,848.0669708251953,14,secondary
LAJC_ax1,34,876.7716217041016,14,secondary
LAJC_ax1,35,893.8678588867188,14,secondary
LAJC_ax1,36,897.1581420898438,14,secondary
LAJC_ax1,37,924.2205810546875,14,secondary
LAJC_ax1,38,946.0630187988281,14,secondary
LAJC_ax1,39,956.5875701904297,14,secondary
LAJC_ax1,40,981.9220581054688,14,secondary
LAJC_ax1,41,980.904296875,14,secondary
LAJC_ax1,42,1006.4253845214844,14,secondary
LAJC_ax1,43,1015.4797668457031,14,secondary
LAJC_ax1,44,1006.4526672363281,14,secondary
LAJC_ax1,45,1008.721435546875,14,secondary
LAJC_ax1,46,1023.3572082519531,14,secondary
LAJC_ax1,47,1046.6432495117188,14,secondary
LAJC_ax1,48,1063.64306640625,14,secondary
LAJC_ax1,49,1071.68701171875,14,secondary
LAJC_ax1,50,1078.4138793945312,14,secondary
LAJC_ax1,51,1084.0687255859375,14,secondary
LAJC_ax1,52,1087.7156982421875,14,secondary
LAJC_ax1,53,1087.669921875,14,secondary
LAJC_ax1,54,1087.60888671875,14,secondary
LAJC_ax1,55,1087.5488891601562,14,secondary
LAJC_ax1,56,1087.5084838867188,14,secondary
LAJC_ax1,57,1087.5166015625,14,secondary
LAJC_ax1,58,1087.6184692382812,14,secondary
LAJC_ax1,59,1087.7828369140625,14,secondary
LAJC_ax1,60,1087.9035034179688,14,secondary
LAJC_ax1,61,1087.9866943359375,14,secondary
LAJC_ax1,62,1089.279541015625,14,secondary
LAJC_ax1,63,1089.9414672851562,14,secondary
LAJC_ax1,64,1085.05859375,14,secondary
LAJC_ax1,65,1075.1798095703125,14,secondary
LAJC_ax1,66,1064.1871337890625,14,secondary
LAJC_ax1,67,1064.2112426757812,14,secondary
LAJC_ax1,68,1075.5469970703125,14,secondary
LAJC_ax1,69,1087.3758544921875,14,secondary
LAJC_ax1,70,1093.995849609375,14,secondary
LAJC_ax1,71,1094.6903686523438,14,secondary
LAJC_ax1,72,1095.229736328125,14,secondary
LAJC_ax1,73,1102.1618957519531,14,secondary
LAJC_ax1,74,1094.6541442871094,14,secondary
LAJC_ax1,75,1085.6588134765625,14,secondary
LAJC_ax1,76,1087.7676696777344,14,secondary
LAJC_ax1,77,1103.9436950683594,14,secondary
LAJC_ax1,78,1114.4136657714844,14,secondary
LAJC_ax1,79,1125.5084228515625,14,secondary
LAJC_ax1,80,1126.2335205078125,14,secondary
LAJC_ax1,81,1126.9559326171875,14,secondary
LAJC_ax1,82,1142.6170043945312,14,secondary
LAJC_ax1,83,1157.6287841796875,14,secondary
LAJC_ax1,84,1167.4746704101562,14,secondary
LAJC_ax1,85,1188.840576171875,14,secondary
LAJC_ax1,86,1210.6640014648438,14,secondary
LAJC_ax1,87,1209.2438659667969,14,secondary
LAJC_ax1,88,1200.3509216308594,14,secondary
LAJC_ax1,89,1206.2112121582031,14,secondary
LAJC_ax1,90,1227.8623046875,14,secondary
LAJC_ax1,91,1255.3173828125,14,secondary
LAJC_ax1,92,1255.7368774414062,14,secondary
LAJC_ax1,93,1275.5521240234375,14,secondary
LAJC_ax1,94,1294.6100463867188,14,secondary
LAJC_ax1,95,1306.5447387695312,14,secondary
LAJC_ax1,96,1310.2540893554688,14,secondary
LAJC_ax1,97,1314.4325256347656,14,secondary
LAJC_ax1,98,1321.2042236328125,14,secondary
LAJC_ax1,99,1333.6473999023438,14,secondary
LAJC_ax1,100,1346.8757934570312,14,secondary
LAJC_ax2,0,308.2657165527344,14,secondary
LAJC_ax2,1,308.28758239746094,14,secondary
LAJC_ax2,2,307.6443634033203,14,secondary
LAJC_ax2,3,306.38360595703125,14,secondary
LAJC_ax2,4,305.63037109375,14,secondary
LAJC_ax2,5,304.5693359375,14,secondary
LAJC_ax2,6,303.18402099609375,14,secondary
LAJC_ax2,7,301.57725524902344,14,secondary
LAJC_ax2,8,300.0237274169922,14,secondary
LAJC_ax2,9,300.90171813964844,14,secondary
LAJC_ax2,10,301.4193115234375,14,secondary
LAJC_ax2,11,301.63316345214844,14,secondary
LAJC_ax2,12,302.5849914550781,14,secondary
LAJC_ax2,13,303.67433166503906,14,secondary
LAJC_ax2,14,304.5890655517578,14,secondary
LAJC_ax2,15,305.39109802246094,14,secondary
LAJC_ax2,16,306.1949157714844,14,secondary
LAJC_ax2,17,308.0686340332031,14,secondary
LAJC_ax2,18,309.50730895996094,14,secondary
LAJC_ax2,19,310.0619354248047,14,secondary
LAJC_ax2,20,308.02589416503906,14,secondary
LAJC_ax2,21,309.06907653808594,14,secondary
LAJC_ax2,22,308.20957946777344,14,secondary
LAJC_ax2,23,307.29559326171875,14,secondary
LAJC_ax2,24,306.96412658691406,14,secondary
LAJC_ax2,25,307.2890167236328,14,secondary
LAJC_ax2,26,308.1781463623047,14,secondary
LAJC_ax2,27,308.3993835449219,14,secondary
LAJC_ax2,28,308.99598693847656,14,secondary
LAJC_ax2,29,309.6180114746094,14,secondary
LAJC_ax2,30,310.13975524902344,14,secondary
LAJC_ax2,31,311.0375671386719,14,secondary
LAJC_ax2,32,312.2854919433594,14,secondary
LAJC_ax2,33,311.6349182128906,14,secondary
LAJC_ax2,34,310.6946258544922,14,secondary
LAJC_ax2,35,310.2842712402344,14,secondary
LAJC_ax2,36,309.0271301269531,14,secondary
LAJC_ax2,37,308.4311981201172,14,secondary
LAJC_ax2,38,308.8731384277344,14,secondary
LAJC_ax2,39,311.0481719970703,14,secondary
LAJC_ax2,40,311.6466369628906,14,secondary
LAJC_ax2,41,311.3389892578125,14,secondary
LAJC_ax2,42,310.9394073486328,14,secondary
LAJC_ax2,43,310.5428161621094,14,secondary
LAJC_ax2,44,310.2048645019531,14,secondary
LAJC_ax2,45,309.91900634765625,14,secondary
LAJC_ax2,46,309.61175537109375,14,secondary
LAJC_ax2,47,309.3225860595703,14,secondary
LAJC_ax2,48,309.04637145996094,14,secondary
LAJC_ax2,49,308.43495178222656,14,secondary
LAJC_ax2,50,308.67437744140625,14,secondary
LAJC_ax2,51,308.2131042480469,14,secondary
LAJC_ax2,52,308.4878387451172,14,secondary
LAJC_ax2,53,308.1734619140625,14,secondary
LAJC_ax2,54,306.8294372558594,14,secondary
LAJC_ax2,55,306.018798828125,14,secondary
LAJC_ax2,56,306.26318359375,14,secondary
LAJC_ax2,57,305.8941955566406,14,secondary
LAJC_ax2,58,306.8315734863281,14,secondary
LAJC_ax2,59,308.4579315185547,14,secondary
LAJC_ax2,60,308.6844024658203,14,secondary
LAJC_ax2,61,309.21240234375,14,secondary
LAJC_ax2,62,308.8489227294922,14,secondary
LAJC_ax2,63,308.05213928222656,14,secondary
LAJC_ax2,64,307.7585906982422,14,secondary
LAJC_ax2,65,308.56719970703125,14,secondary
LAJC_ax2,66,309.7881622314453,14,secondary
LAJC_ax2,67,310.8567199707031,14,secondary
LAJC_ax2,68,311.60089111328125,14,secondary
LAJC_ax2,69,311.2101745605469,14,secondary
LAJC_ax2,70,310.9019775390625,14,secondary
LAJC_ax2,71,310.8553161621094,14,secondary
LAJC_ax2,72,311.18959045410156,14,secondary
LAJC_ax2,73,311.60870361328125,14,secondary
LAJC_ax2,74,311.89356994628906,14,secondary
LAJC_ax2,75,312.12416076660156,14,secondary
LAJC_ax2,76,312.47943115234375,14,secondary
LAJC_ax2,77,312.97535705566406,14,secondary
LAJC_ax2,78,313.15867614746094,14,secondary
LAJC_ax2,79,313.9572448730469,14,secondary
LAJC_ax2,80,315.00843811035156,14,secondary
LAJC_ax2,81,315.0853271484375,14,secondary
LAJC_ax2,82,314.9325714111328,14,secondary
LAJC_ax2,83,314.3722381591797,14,secondary
LAJC_ax2,84,313.1457977294922,14,secondary
LAJC_ax2,85,312.59217834472656,14,secondary
LAJC_ax2,86,312.47352600097656,14,secondary
LAJC_ax2,87,313.39332580566406,14,secondary
LAJC_ax2,88,315.45294189453125,14,secondary
LAJC_ax2,89,315.9511184692383,14,secondary
LAJC_ax2,90,316.5374221801758,14,secondary
LAJC_ax2,91,316.7420654296875,14,secondary
LAJC_ax2,92,316.87862396240234,14,secondary
LAJC_ax2,93,318.0157928466797,14,secondary
LAJC_ax2,94,322.2666473388672,14,secondary
LAJC_ax2,95,322.28199768066406,14,secondary
LAJC_ax2,96,322.18927001953125,14,secondary
LAJC_ax2,97,321.73486328125,14,secondary
LAJC_ax2,98,321.3025817871094,14,secondary
LAJC_ax2,99,320.9176330566406,14,secondary
LAJC_ax2,100,321.2465057373047,14,secondary
LAJC_ax3,0,115.96070098876953,14,secondary
LAJC_ax3,1,114.95293807983398,14,secondary
LAJC_ax3,2,113.77848243713379,14,secondary
LAJC_ax3,3,113.30026817321777,14,secondary
LAJC_ax3,4,112.01801872253418,14,secondary
LAJC_ax3,5,113.02798843383789,14,secondary
LAJC_ax3,6,110.52345657348633,14,secondary
LAJC_ax3,7,108.25418090820312,14,secondary
LAJC_ax3,8,108.2374210357666,14,secondary
LAJC_ax3,9,107.65619659423828,14,secondary
LAJC_ax3,10,109.47756385803223,14,secondary
LAJC_ax3,11,110.80762481689453,14,secondary
LAJC_ax3,12,109.64208984375,14,secondary
LAJC_ax3,13,109.82986831665039,14,secondary
LAJC_ax3,14,111.13429260253906,14,secondary
LAJC_ax3,15,112.90191268920898,14,secondary
LAJC_ax3,16,115.0331916809082,14,secondary
LAJC_ax3,17,117.48420143127441,14,secondary
LAJC_ax3,18,120.12380790710449,14,secondary
LAJC_ax3,19,122.82588386535645,14,secondary
LAJC_ax3,20,125.53167152404785,14,secondary
LAJC_ax3,21,128.17558670043945,14,secondary
LAJC_ax3,22,130.66656875610352,14,secondary
LAJC_ax3,23,132.82859802246094,14,secondary
LAJC_ax3,24,132.57361030578613,14,secondary
LAJC_ax3,25,131.97271156311035,14,secondary
LAJC_ax3,26,131.0754165649414,14,secondary
LAJC_ax3,27,129.67278480529785,14,secondary
LAJC_ax3,28,127.98673820495605,14,secondary
LAJC_ax3,29,126.13949775695801,14,secondary
LAJC_ax3,30,124.17743873596191,14,secondary
LAJC_ax3,31,122.15282249450684,14,secondary
LAJC_ax3,32,120.12895202636719,14,secondary
LAJC_ax3,33,118.1966781616211,14,secondary
LAJC_ax3,34,116.42628860473633,14,secondary
LAJC_ax3,35,114.81505966186523,14,secondary
LAJC_ax3,36,113.70969772338867,14,secondary
LAJC_ax3,37,114.02577590942383,14,secondary
LAJC_ax3,38,112.21399879455566,14,secondary
LAJC_ax3,39,110.36954498291016,14,secondary
LAJC_ax3,40,110.22621726989746,14,secondary
LAJC_ax3,41,108.85137557983398,14,secondary
LAJC_ax3,42,107.99666213989258,14,secondary
LAJC_ax3,43,107.60604858398438,14,secondary
LAJC_ax3,44,106.99420928955078,14,secondary
LAJC_ax3,45,107.83401489257812,14,secondary
LAJC_ax3,46,109.04195404052734,14,secondary
LAJC_ax3,47,110.021484375,14,secondary
LAJC_ax3,48,110.98949813842773,14,secondary
LAJC_ax3,49,112.86011505126953,14,secondary
LAJC_ax3,50,113.20438003540039,14,secondary
LAJC_ax3,51,113.73664283752441,14,secondary
LAJC_ax3,52,112.31879806518555,14,secondary
LAJC_ax3,53,112.39492988586426,14,secondary
LAJC_ax3,54,113.1503963470459,14,secondary
LAJC_ax3,55,111.73049736022949,14,secondary
LAJC_ax3,56,112.8896427154541,14,secondary
LAJC_ax3,57,115.43753433227539,14,secondary
LAJC_ax3,58,115.23799896240234,14,secondary
LAJC_ax3,59,116.37171173095703,14,secondary
LAJC_ax3,60,118.20225524902344,14,secondary
LAJC_ax3,61,119.26472473144531,14,secondary
LAJC_ax3,62,124.8929328918457,14,secondary
LAJC_ax3,63,131.99474334716797,14,secondary
LAJC_ax3,64,139.69332695007324,14,secondary
LAJC_ax3,65,146.2534523010254,14,secondary
LAJC_ax3,66,152.56966018676758,14,secondary
LAJC_ax3,67,158.81895637512207,14,secondary
LAJC_ax3,68,164.54001808166504,14,secondary
LAJC_ax3,69,169.62078094482422,14,secondary
LAJC_ax3,70,174.01551818847656,14,secondary
LAJC_ax3,71,178.0155429840088,14,secondary
LAJC_ax3,72,181.58787155151367,14,secondary
LAJC_ax3,73,183.06192207336426,14,secondary
LAJC_ax3,74,183.17976188659668,14,secondary
LAJC_ax3,75,181.7148094177246,14,secondary
LAJC_ax3,76,178.45601654052734,14,secondary
LAJC_ax3,77,174.59459495544434,14,secondary
LAJC_ax3,78,170.13114738464355,14,secondary
LAJC_ax3,79,164.97442436218262,14,secondary
LAJC_ax3,80,159.1476593017578,14,secondary
LAJC_ax3,81,152.80094528198242,14,secondary
LAJC_ax3,82,146.0570240020752,14,secondary
LAJC_ax3,83,139.15577697753906,14,secondary
LAJC_ax3,84,132.291353225708,14,secondary
LAJC_ax3,85,125.63292121887207,14,secondary
LAJC_ax3,86,118.36111068725586,14,secondary
LAJC_ax3,87,113.21525955200195,14,secondary
LAJC_ax3,88,109.84886932373047,14,secondary
LAJC_ax3,89,107.77027893066406,14,secondary
LAJC_ax3,90,107.70343780517578,14,secondary
LAJC_ax3,91,104.71267890930176,14,secondary
LAJC_ax3,92,103.74432373046875,14,secondary
LAJC_ax3,93,103.55746841430664,14,secondary
LAJC_ax3,94,103.80120658874512,14,secondary
LAJC_ax3,95,104.87135314941406,14,secondary
LAJC_ax3,96,105.86900520324707,14,secondary
LAJC_ax3,97,106.6989803314209,14,secondary
LAJC_ax3,98,107.00743675231934,14,secondary
LAJC_ax3,99,107.43303680419922,14,secondary
LAJC_ax3,100,109.10475158691406,14,secondary
RAJC_ax1,0,701.7885437011719,14,secondary
RAJC_ax1,1,707.6914825439453,14,secondary
RAJC_ax1,2,712.6540069580078,14,secondary
RAJC_ax1,3,717.0867156982422,14,secondary
RAJC_ax1,4,721.5037384033203,14,secondary
RAJC_ax1,5,725.8748779296875,14,secondary
RAJC_ax1,6,731.3193054199219,14,secondary
RAJC_ax1,7,737.5091552734375,14,secondary
RAJC_ax1,8,743.4869384765625,14,secondary
RAJC_ax1,9,749.6428833007812,14,secondary
RAJC_ax1,10,756.9234313964844,14,secondary
RAJC_ax1,11,765.3797302246094,14,secondary
RAJC_ax1,12,774.2336730957031,14,secondary
RAJC_ax1,13,766.2555236816406,14,secondary
RAJC_ax1,14,756.970947265625,14,secondary
RAJC_ax1,15,746.955078125,14,secondary
RAJC_ax1,16,736.6158142089844,14,secondary
RAJC_ax1,17,725.8073120117188,14,secondary
RAJC_ax1,18,737.1981201171875,14,secondary
RAJC_ax1,19,748.0474548339844,14,secondary
RAJC_ax1,20,748.8513488769531,14,secondary
RAJC_ax1,21,760.5335845947266,14,secondary
RAJC_ax1,22,780.5069580078125,14,secondary
RAJC_ax1,23,787.7819671630859,14,secondary
RAJC_ax1,24,791.9438171386719,14,secondary
RAJC_ax1,25,814.6811981201172,14,secondary
RAJC_ax1,26,834.7351531982422,14,secondary
RAJC_ax1,27,843.0315704345703,14,secondary
RAJC_ax1,28,841.0067138671875,14,secondary
RAJC_ax1,29,824.2812957763672,14,secondary
RAJC_ax1,30,844.2828216552734,14,secondary
RAJC_ax1,31,836.8578796386719,14,secondary
RAJC_ax1,32,849.0966491699219,14,secondary
RAJC_ax1,33,857.7928009033203,14,secondary
RAJC_ax1,34,862.8727111816406,14,secondary
RAJC_ax1,35,861.9404602050781,14,secondary
RAJC_ax1,36,859.7073974609375,14,secondary
RAJC_ax1,37,859.3644409179688,14,secondary
RAJC_ax1,38,848.0253601074219,14,secondary
RAJC_ax1,39,844.3641510009766,14,secondary
RAJC_ax1,40,824.3098297119141,14,secondary
RAJC_ax1,41,807.9977416992188,14,secondary
RAJC_ax1,42,823.9047241210938,14,secondary
RAJC_ax1,43,846.5497283935547,14,secondary
RAJC_ax1,44,841.2352905273438,14,secondary
RAJC_ax1,45,825.3578796386719,14,secondary
RAJC_ax1,46,811.3702087402344,14,secondary
RAJC_ax1,47,830.1865692138672,14,secondary
RAJC_ax1,48,847.6462097167969,14,secondary
RAJC_ax1,49,862.0971832275391,14,secondary
RAJC_ax1,50,869.2780914306641,14,secondary
RAJC_ax1,51,873.7791137695312,14,secondary
RAJC_ax1,52,877.7983245849609,14,secondary
RAJC_ax1,53,881.6163482666016,14,secondary
RAJC_ax1,54,885.5250549316406,14,secondary
RAJC_ax1,55,889.7911071777344,14,secondary
RAJC_ax1,56,894.6104888916016,14,secondary
RAJC_ax1,57,900.1259918212891,14,secondary
RAJC_ax1,58,906.4625091552734,14,secondary
RAJC_ax1,59,913.7322692871094,14,secondary
RAJC_ax1,60,922.0289916992188,14,secondary
RAJC_ax1,61,929.4530944824219,14,secondary
RAJC_ax1,62,934.2088928222656,14,secondary
RAJC_ax1,63,941.4329833984375,14,secondary
RAJC_ax1,64,948.3138122558594,14,secondary
RAJC_ax1,65,959.9226684570312,14,secondary
RAJC_ax1,66,983.5783081054688,14,secondary
RAJC_ax1,67,1008.3893127441406,14,secondary
RAJC_ax1,68,1034.3247833251953,14,secondary
RAJC_ax1,69,1050.4478149414062,14,secondary
RAJC_ax1,70,1047.5479125976562,14,secondary
RAJC_ax1,71,1053.8463745117188,14,secondary
RAJC_ax1,72,1063.6661376953125,14,secondary
RAJC_ax1,73,1093.3679809570312,14,secondary
RAJC_ax1,74,1104.5772094726562,14,secondary
RAJC_ax1,75,1097.46484375,14,secondary
RAJC_ax1,76,1080.9329833984375,14,secondary
RAJC_ax1,77,1074.7052001953125,14,secondary
RAJC_ax1,78,1083.376708984375,14,secondary
RAJC_ax1,79,1103.7642211914062,14,secondary
RAJC_ax1,80,1124.6027221679688,14,secondary
RAJC_ax1,81,1143.9255981445312,14,secondary
RAJC_ax1,82,1159.023681640625,14,secondary
RAJC_ax1,83,1171.3770751953125,14,secondary
RAJC_ax1,84,1200.4963989257812,14,secondary
RAJC_ax1,85,1239.5256958007812,14,secondary
RAJC_ax1,86,1260.4299621582031,14,secondary
RAJC_ax1,87,1281.8119201660156,14,secondary
RAJC_ax1,88,1288.3947143554688,14,secondary
RAJC_ax1,89,1289.39111328125,14,secondary
RAJC_ax1,90,1306.7345581054688,14,secondary
RAJC_ax1,91,1331.4054870605469,14,secondary
RAJC_ax1,92,1357.029541015625,14,secondary
RAJC_ax1,93,1366.3949584960938,14,secondary
RAJC_ax1,94,1375.2535400390625,14,secondary
RAJC_ax1,95,1383.4830932617188,14,secondary
RAJC_ax1,96,1390.9821166992188,14,secondary
RAJC_ax1,97,1397.6785583496094,14,secondary
RAJC_ax1,98,1403.5320434570312,14,secondary
RAJC_ax1,99,1404.5612487792969,14,secondary
RAJC_ax1,100,1405.0031433105469,14,secondary
RAJC_ax2,0,257.1372833251953,14,secondary
RAJC_ax2,1,257.74951171875,14,secondary
RAJC_ax2,2,258.3782958984375,14,secondary
RAJC_ax2,3,258.81866455078125,14,secondary
RAJC_ax2,4,258.8185119628906,14,secondary
RAJC_ax2,5,259.0017547607422,14,secondary
RAJC_ax2,6,259.152587890625,14,secondary
RAJC_ax2,7,259.54229736328125,14,secondary
RAJC_ax2,8,259.289794921875,14,secondary
RAJC_ax2,9,259.0857849121094,14,secondary
RAJC_ax2,10,258.6397247314453,14,secondary
RAJC_ax2,11,258.05116271972656,14,secondary
RAJC_ax2,12,256.97129821777344,14,secondary
RAJC_ax2,13,255.35596466064453,14,secondary
RAJC_ax2,14,254.69058990478516,14,secondary
RAJC_ax2,15,254.64055633544922,14,secondary
RAJC_ax2,16,254.62908935546875,14,secondary
RAJC_ax2,17,254.70721435546875,14,secondary
RAJC_ax2,18,254.38800048828125,14,secondary
RAJC_ax2,19,254.7574920654297,14,secondary
RAJC_ax2,20,255.19056701660156,14,secondary
RAJC_ax2,21,255.2436752319336,14,secondary
RAJC_ax2,22,255.20923614501953,14,secondary
RAJC_ax2,23,254.98261260986328,14,secondary
RAJC_ax2,24,256.8198699951172,14,secondary
RAJC_ax2,25,256.68116760253906,14,secondary
RAJC_ax2,26,256.5342254638672,14,secondary
RAJC_ax2,27,256.3641052246094,14,secondary
RAJC_ax2,28,256.1573028564453,14,secondary
RAJC_ax2,29,255.8973846435547,14,secondary
RAJC_ax2,30,255.56623077392578,14,secondary
RAJC_ax2,31,255.14996337890625,14,secondary
RAJC_ax2,32,254.6434326171875,14,secondary
RAJC_ax2,33,254.0541229248047,14,secondary
RAJC_ax2,34,255.38672637939453,14,secondary
RAJC_ax2,35,256.78784942626953,14,secondary
RAJC_ax2,36,258.0312042236328,14,secondary
RAJC_ax2,37,258.5248718261719,14,secondary
RAJC_ax2,38,258.2119903564453,14,secondary
RAJC_ax2,39,257.4483108520508,14,secondary
RAJC_ax2,40,255.0421142578125,14,secondary
RAJC_ax2,41,249.61724853515625,14,secondary
RAJC_ax2,42,247.08094024658203,14,secondary
RAJC_ax2,43,248.455322265625,14,secondary
RAJC_ax2,44,249.7366180419922,14,secondary
RAJC_ax2,45,250.9492416381836,14,secondary
RAJC_ax2,46,252.10970306396484,14,secondary
RAJC_ax2,47,252.7344512939453,14,secondary
RAJC_ax2,48,252.70408630371094,14,secondary
RAJC_ax2,49,252.55913543701172,14,secondary
RAJC_ax2,50,253.61248016357422,14,secondary
RAJC_ax2,51,255.26436614990234,14,secondary
RAJC_ax2,52,256.18395233154297,14,secondary
RAJC_ax2,53,257.5003662109375,14,secondary
RAJC_ax2,54,257.88108825683594,14,secondary
RAJC_ax2,55,257.87486267089844,14,secondary
RAJC_ax2,56,257.7701416015625,14,secondary
RAJC_ax2,57,258.2779541015625,14,secondary
RAJC_ax2,58,258.8189697265625,14,secondary
RAJC_ax2,59,257.6326141357422,14,secondary
RAJC_ax2,60,256.5219268798828,14,secondary
RAJC_ax2,61,255.95010375976562,14,secondary
RAJC_ax2,62,255.59835052490234,14,secondary
RAJC_ax2,63,255.71712493896484,14,secondary
RAJC_ax2,64,255.12464141845703,14,secondary
RAJC_ax2,65,255.19599151611328,14,secondary
RAJC_ax2,66,255.92257690429688,14,secondary
RAJC_ax2,67,256.93695068359375,14,secondary
RAJC_ax2,68,257.4293785095215,14,secondary
RAJC_ax2,69,257.190486907959,14,secondary
RAJC_ax2,70,257.49910736083984,14,secondary
RAJC_ax2,71,258.90545654296875,14,secondary
RAJC_ax2,72,258.8441925048828,14,secondary
RAJC_ax2,73,258.95152282714844,14,secondary
RAJC_ax2,74,259.2987060546875,14,secondary
RAJC_ax2,75,259.16858673095703,14,secondary
RAJC_ax2,76,259.31459045410156,14,secondary
RAJC_ax2,77,260.2240982055664,14,secondary
RAJC_ax2,78,260.8527145385742,14,secondary
RAJC_ax2,79,260.921875,14,secondary
RAJC_ax2,80,261.3162078857422,14,secondary
RAJC_ax2,81,261.0942840576172,14,secondary
RAJC_ax2,82,260.06068420410156,14,secondary
RAJC_ax2,83,258.94633865356445,14,secondary
RAJC_ax2,84,258.6481170654297,14,secondary
RAJC_ax2,85,258.35531997680664,14,secondary
RAJC_ax2,86,258.61509704589844,14,secondary
RAJC_ax2,87,258.9587936401367,14,secondary
RAJC_ax2,88,259.2036361694336,14,secondary
RAJC_ax2,89,259.2823791503906,14,secondary
RAJC_ax2,90,258.9813537597656,14,secondary
RAJC_ax2,91,258.61164474487305,14,secondary
RAJC_ax2,92,258.16058349609375,14,secondary
RAJC_ax2,93,258.7405700683594,14,secondary
RAJC_ax2,94,259.383544921875,14,secondary
RAJC_ax2,95,258.5290832519531,14,secondary
RAJC_ax2,96,257.77125549316406,14,secondary
RAJC_ax2,97,257.1222686767578,14,secondary
RAJC_ax2,98,256.5872039794922,14,secondary
RAJC_ax2,99,256.15860748291016,14,secondary
RAJC_ax2,100,255.62242889404297,14,secondary
RAJC_ax3,0,118.12191963195801,14,secondary
RAJC_ax3,1,119.16289901733398,14,secondary
RAJC_ax3,2,117.47896575927734,14,secondary
RAJC_ax3,3,116.12789916992188,14,secondary
RAJC_ax3,4,117.47124099731445,14,secondary
RAJC_ax3,5,117.94924926757812,14,secondary
RAJC_ax3,6,116.57274627685547,14,secondary
RAJC_ax3,7,116.60733795166016,14,secondary
RAJC_ax3,8,116.12104034423828,14,secondary
RAJC_ax3,9,116.21587181091309,14,secondary
RAJC_ax3,10,117.13332939147949,14,secondary
RAJC_ax3,11,119.57543182373047,14,secondary
RAJC_ax3,12,122.42410659790039,14,secondary
RAJC_ax3,13,127.01400184631348,14,secondary
RAJC_ax3,14,131.71359062194824,14,secondary
RAJC_ax3,15,136.9412384033203,14,secondary
RAJC_ax3,16,142.6490421295166,14,secondary
RAJC_ax3,17,148.70133781433105,14,secondary
RAJC_ax3,18,154.90461540222168,14,secondary
RAJC_ax3,19,161.09557914733887,14,secondary
RAJC_ax3,20,167.05539321899414,14,secondary
RAJC_ax3,21,171.92441177368164,14,secondary
RAJC_ax3,22,175.82698822021484,14,secondary
RAJC_ax3,23,180.41957473754883,14,secondary
RAJC_ax3,24,183.71417617797852,14,secondary
RAJC_ax3,25,179.97204971313477,14,secondary
RAJC_ax3,26,174.57161903381348,14,secondary
RAJC_ax3,27,168.3384666442871,14,secondary
RAJC_ax3,28,161.49400520324707,14,secondary
RAJC_ax3,29,154.2570343017578,14,secondary
RAJC_ax3,30,146.78419303894043,14,secondary
RAJC_ax3,31,139.21425247192383,14,secondary
RAJC_ax3,32,131.84423446655273,14,secondary
RAJC_ax3,33,124.91742706298828,14,secondary
RAJC_ax3,34,119.1594409942627,14,secondary
RAJC_ax3,35,116.5418815612793,14,secondary
RAJC_ax3,36,115.15337944030762,14,secondary
RAJC_ax3,37,114.03206825256348,14,secondary
RAJC_ax3,38,112.20170593261719,14,secondary
RAJC_ax3,39,107.90755462646484,14,secondary
RAJC_ax3,40,107.033447265625,14,secondary
RAJC_ax3,41,107.71759605407715,14,secondary
RAJC_ax3,42,107.8828296661377,14,secondary
RAJC_ax3,43,107.87821006774902,14,secondary
RAJC_ax3,44,108.20295333862305,14,secondary
RAJC_ax3,45,109.03861236572266,14,secondary
RAJC_ax3,46,109.90847778320312,14,secondary
RAJC_ax3,47,110.9992446899414,14,secondary
RAJC_ax3,48,112.22527694702148,14,secondary
RAJC_ax3,49,112.75530242919922,14,secondary
RAJC_ax3,50,113.37879943847656,14,secondary
RAJC_ax3,51,114.04641723632812,14,secondary
RAJC_ax3,52,114.1875171661377,14,secondary
RAJC_ax3,53,113.2819938659668,14,secondary
RAJC_ax3,54,113.33534622192383,14,secondary
RAJC_ax3,55,113.3489818572998,14,secondary
RAJC_ax3,56,115.30013656616211,14,secondary
RAJC_ax3,57,114.09497833251953,14,secondary
RAJC_ax3,58,112.71149826049805,14,secondary
RAJC_ax3,59,111.82718658447266,14,secondary
RAJC_ax3,60,112.4185619354248,14,secondary
RAJC_ax3,61,114.44534111022949,14,secondary
RAJC_ax3,62,119.42249298095703,14,secondary
RAJC_ax3,63,121.16326713562012,14,secondary
RAJC_ax3,64,123.13783836364746,14,secondary
RAJC_ax3,65,125.38184356689453,14,secondary
RAJC_ax3,66,127.82937049865723,14,secondary
RAJC_ax3,67,130.40007209777832,14,secondary
RAJC_ax3,68,132.99162101745605,14,secondary
RAJC_ax3,69,135.50368309020996,14,secondary
RAJC_ax3,70,137.85129737854004,14,secondary
RAJC_ax3,71,139.9211025238037,14,secondary
RAJC_ax3,72,140.7384033203125,14,secondary
RAJC_ax3,73,140.28423309326172,14,secondary
RAJC_ax3,74,139.60260200500488,14,secondary
RAJC_ax3,75,138.7244529724121,14,secondary
RAJC_ax3,76,137.67537117004395,14,secondary
RAJC_ax3,77,136.4758815765381,14,secondary
RAJC_ax3,78,135.0749111175537,14,secondary
RAJC_ax3,79,133.45745849609375,14,secondary
RAJC_ax3,80,131.78136444091797,14,secondary
RAJC_ax3,81,130.07172012329102,14,secondary
RAJC_ax3,82,128.3623752593994,14,secondary
RAJC_ax3,83,126.69353103637695,14,secondary
RAJC_ax3,84,123.86090278625488,14,secondary
RAJC_ax3,85,119.44063949584961,14,secondary
RAJC_ax3,86,116.91011810302734,14,secondary
RAJC_ax3,87,113.48529434204102,14,secondary
RAJC_ax3,88,109.30252456665039,14,secondary
RAJC_ax3,89,106.23152160644531,14,secondary
RAJC_ax3,90,106.99197387695312,14,secondary
RAJC_ax3,91,106.83656692504883,14,secondary
RAJC_ax3,92,105.92241096496582,14,secondary
RAJC_ax3,93,104.73331069946289,14,secondary
RAJC_ax3,94,104.1418285369873,14,secondary
RAJC_ax3,95,104.93707275390625,14,secondary
RAJC_ax3,96,106.70007705688477,14,secondary
RAJC_ax3,97,108.13023376464844,14,secondary
RAJC_ax3,98,109.42418670654297,14,secondary
RAJC_ax3,99,110.4179458618164,14,secondary
RAJC_ax3,100,110.5227165222168,14,secondary
LAnkleAngles_ax1,0,12.238712310791016,14,primary
LAnkleAngles_ax1,1,11.893414497375488,14,primary
LAnkleAngles_ax1,2,11.471231460571289,14,primary
LAnkleAngles_ax1,3,11.580882549285889,14,primary
LAnkleAngles_ax1,4,10.839015007019043,14,primary
LAnkleAngles_ax1,5,10.133564472198486,14,primary
LAnkleAngles_ax1,6,9.110995292663574,14,primary
LAnkleAngles_ax1,7,7.932769536972046,14,primary
LAnkleAngles_ax1,8,6.326622486114502,14,primary
LAnkleAngles_ax1,9,3.2277945280075073,14,primary
LAnkleAngles_ax1,10,0.7348051220178604,14,primary
LAnkleAngles_ax1,11,-0.4016660079360008,14,primary
LAnkleAngles_ax1,12,-0.20929082483053207,14,primary
LAnkleAngles_ax1,13,-2.378438353538513,14,primary
LAnkleAngles_ax1,14,-1.708894968032837,14,primary
LAnkleAngles_ax1,15,-0.9330959916114807,14,primary
LAnkleAngles_ax1,16,-0.2792972060851753,14,primary
LAnkleAngles_ax1,17,0.3643470583483577,14,primary
LAnkleAngles_ax1,18,0.9491909444332123,14,primary
LAnkleAngles_ax1,19,0.62679523229599,14,primary
LAnkleAngles_ax1,20,1.3549610376358032,14,primary
LAnkleAngles_ax1,21,2.042587101459503,14,primary
LAnkleAngles_ax1,22,2.417636513710022,14,primary
LAnkleAngles_ax1,23,2.643950939178467,14,primary
LAnkleAngles_ax1,24,2.9079028367996216,14,primary
LAnkleAngles_ax1,25,3.4718765318393707,14,primary
LAnkleAngles_ax1,26,4.291079018265009,14,primary
LAnkleAngles_ax1,27,5.102949529886246,14,primary
LAnkleAngles_ax1,28,6.275114882737398,14,primary
LAnkleAngles_ax1,29,7.077084422111511,14,primary
LAnkleAngles_ax1,30,7.599391579627991,14,primary
LAnkleAngles_ax1,31,8.330074906349182,14,primary
LAnkleAngles_ax1,32,8.892289519309998,14,primary
LAnkleAngles_ax1,33,9.204301834106445,14,primary
LAnkleAngles_ax1,34,9.467934846878052,14,primary
LAnkleAngles_ax1,35,9.66133427619934,14,primary
LAnkleAngles_ax1,36,9.762489795684814,14,primary
LAnkleAngles_ax1,37,9.908312320709229,14,primary
LAnkleAngles_ax1,38,10.263657569885254,14,primary
LAnkleAngles_ax1,39,10.576810121536255,14,primary
LAnkleAngles_ax1,40,10.697659492492676,14,primary
LAnkleAngles_ax1,41,10.879618406295776,14,primary
LAnkleAngles_ax1,42,11.171979904174805,14,primary
LAnkleAngles_ax1,43,11.631886959075928,14,primary
LAnkleAngles_ax1,44,12.129537105560303,14,primary
LAnkleAngles_ax1,45,12.655809879302979,14,primary
LAnkleAngles_ax1,46,13.131770610809326,14,primary
LAnkleAngles_ax1,47,13.425567626953125,14,primary
LAnkleAngles_ax1,48,13.6860671043396,14,primary
LAnkleAngles_ax1,49,13.893321990966797,14,primary
LAnkleAngles_ax1,50,13.850086688995361,14,primary
LAnkleAngles_ax1,51,13.803011417388916,14,primary
LAnkleAngles_ax1,52,13.324126243591309,14,primary
LAnkleAngles_ax1,53,13.041551113128662,14,primary
LAnkleAngles_ax1,54,12.556559085845947,14,primary
LAnkleAngles_ax1,55,11.53917646408081,14,primary
LAnkleAngles_ax1,56,10.701496601104736,14,primary
LAnkleAngles_ax1,57,8.937308311462402,14,primary
LAnkleAngles_ax1,58,5.848458528518677,14,primary
LAnkleAngles_ax1,59,3.678581714630127,14,primary
LAnkleAngles_ax1,60,2.926584005355835,14,primary
LAnkleAngles_ax1,61,0.5733106583356857,14,primary
LAnkleAngles_ax1,62,-0.09155191481113434,14,primary
LAnkleAngles_ax1,63,-1.8992255330085754,14,primary
LAnkleAngles_ax1,64,-2.2563779950141907,14,primary
LAnkleAngles_ax1,65,-4.233501672744751,14,primary
LAnkleAngles_ax1,66,-4.70747971534729,14,primary
LAnkleAngles_ax1,67,-3.939852625131607,14,primary
LAnkleAngles_ax1,68,-4.141915500164032,14,primary
LAnkleAngles_ax1,69,-3.174459457397461,14,primary
LAnkleAngles_ax1,70,-2.1328199803829193,14,primary
LAnkleAngles_ax1,71,-1.0661897659301758,14,primary
LAnkleAngles_ax1,72,-0.11083562253043056,14,primary
LAnkleAngles_ax1,73,1.0753557085990906,14,primary
LAnkleAngles_ax1,74,2.26223224401474,14,primary
LAnkleAngles_ax1,75,3.3928856030106544,14,primary
LAnkleAngles_ax1,76,4.522067755460739,14,primary
LAnkleAngles_ax1,77,5.537152528762817,14,primary
LAnkleAngles_ax1,78,6.031562805175781,14,primary
LAnkleAngles_ax1,79,6.764784216880798,14,primary
LAnkleAngles_ax1,80,7.52753746509552,14,primary
LAnkleAngles_ax1,81,8.086853861808777,14,primary
LAnkleAngles_ax1,82,8.724108457565308,14,primary
LAnkleAngles_ax1,83,9.386809349060059,14,primary
LAnkleAngles_ax1,84,9.765902757644653,14,primary
LAnkleAngles_ax1,85,10.116100788116455,14,primary
LAnkleAngles_ax1,86,10.336722373962402,14,primary
LAnkleAngles_ax1,87,10.478797435760498,14,primary
LAnkleAngles_ax1,88,10.530214786529541,14,primary
LAnkleAngles_ax1,89,10.449305057525635,14,primary
LAnkleAngles_ax1,90,10.350719928741455,14,primary
LAnkleAngles_ax1,91,10.349134922027588,14,primary
LAnkleAngles_ax1,92,10.787375926971436,14,primary
LAnkleAngles_ax1,93,10.83980417251587,14,primary
LAnkleAngles_ax1,94,10.928564548492432,14,primary
LAnkleAngles_ax1,95,11.05644416809082,14,primary
LAnkleAngles_ax1,96,11.309000968933105,14,primary
LAnkleAngles_ax1,97,11.725446701049805,14,primary
LAnkleAngles_ax1,98,12.148830890655518,14,primary
LAnkleAngles_ax1,99,12.479616641998291,14,primary
LAnkleAngles_ax1,100,12.610913753509521,14,primary
LAnkleAngles_ax2,0,-5.196953535079956,14,secondary
LAnkleAngles_ax2,1,-5.1747212409973145,14,secondary
LAnkleAngles_ax2,2,-5.1670615673065186,14,secondary
LAnkleAngles_ax2,3,-5.250604152679443,14,secondary
LAnkleAngles_ax2,4,-5.436548948287964,14,secondary
LAnkleAngles_ax2,5,-5.49991250038147,14,secondary
LAnkleAngles_ax2,6,-5.442619204521179,14,secondary
LAnkleAngles_ax2,7,-5.284429550170898,14,secondary
LAnkleAngles_ax2,8,-5.123492240905762,14,secondary
LAnkleAngles_ax2,9,-4.867877006530762,14,secondary
LAnkleAngles_ax2,10,-4.5565672516822815,14,secondary
LAnkleAngles_ax2,11,-4.293959021568298,14,secondary
LAnkleAngles_ax2,12,-3.9764630794525146,14,secondary
LAnkleAngles_ax2,13,-3.664278745651245,14,secondary
LAnkleAngles_ax2,14,-3.329995036125183,14,secondary
LAnkleAngles_ax2,15,-2.970750153064728,14,secondary
LAnkleAngles_ax2,16,-2.646088659763336,14,secondary
LAnkleAngles_ax2,17,-2.479567289352417,14,secondary
LAnkleAngles_ax2,18,-2.4392073154449463,14,secondary
LAnkleAngles_ax2,19,-2.3523643612861633,14,secondary
LAnkleAngles_ax2,20,-2.353994369506836,14,secondary
LAnkleAngles_ax2,21,-2.4059113264083862,14,secondary
LAnkleAngles_ax2,22,-2.4468142986297607,14,secondary
LAnkleAngles_ax2,23,-2.424830675125122,14,secondary
LAnkleAngles_ax2,24,-2.4395469427108765,14,secondary
LAnkleAngles_ax2,25,-2.49690580368042,14,secondary
LAnkleAngles_ax2,26,-2.5070900917053223,14,secondary
LAnkleAngles_ax2,27,-2.5367082357406616,14,secondary
LAnkleAngles_ax2,28,-2.5420334339141846,14,secondary
LAnkleAngles_ax2,29,-2.620328187942505,14,secondary
LAnkleAngles_ax2,30,-2.4705350399017334,14,secondary
LAnkleAngles_ax2,31,-2.296699643135071,14,secondary
LAnkleAngles_ax2,32,-2.217982530593872,14,secondary
LAnkleAngles_ax2,33,-2.1616737842559814,14,secondary
LAnkleAngles_ax2,34,-2.132634997367859,14,secondary
LAnkleAngles_ax2,35,-2.2294381856918335,14,secondary
LAnkleAngles_ax2,36,-2.4343929290771484,14,secondary
LAnkleAngles_ax2,37,-2.6733778715133667,14,secondary
LAnkleAngles_ax2,38,-3.0084701776504517,14,secondary
LAnkleAngles_ax2,39,-3.3185967803001404,14,secondary
LAnkleAngles_ax2,40,-3.5291121006011963,14,secondary
LAnkleAngles_ax2,41,-3.7750983238220215,14,secondary
LAnkleAngles_ax2,42,-4.028628945350647,14,secondary
LAnkleAngles_ax2,43,-4.296673536300659,14,secondary
LAnkleAngles_ax2,44,-4.5284059047698975,14,secondary
LAnkleAngles_ax2,45,-4.882743000984192,14,secondary
LAnkleAngles_ax2,46,-5.053121209144592,14,secondary
LAnkleAngles_ax2,47,-5.349115371704102,14,secondary
LAnkleAngles_ax2,48,-5.581098318099976,14,secondary
LAnkleAngles_ax2,49,-5.752175569534302,14,secondary
LAnkleAngles_ax2,50,-5.915001153945923,14,secondary
LAnkleAngles_ax2,51,-5.910610675811768,14,secondary
LAnkleAngles_ax2,52,-5.825187087059021,14,secondary
LAnkleAngles_ax2,53,-5.914029240608215,14,secondary
LAnkleAngles_ax2,54,-5.7938761711120605,14,secondary
LAnkleAngles_ax2,55,-5.624876260757446,14,secondary
LAnkleAngles_ax2,56,-5.554055690765381,14,secondary
LAnkleAngles_ax2,57,-5.54857325553894,14,secondary
LAnkleAngles_ax2,58,-5.215345859527588,14,secondary
LAnkleAngles_ax2,59,-4.927877902984619,14,secondary
LAnkleAngles_ax2,60,-4.5738184452056885,14,secondary
LAnkleAngles_ax2,61,-4.208388447761536,14,secondary
LAnkleAngles_ax2,62,-3.902309775352478,14,secondary
LAnkleAngles_ax2,63,-3.5114452838897705,14,secondary
LAnkleAngles_ax2,64,-3.0756248235702515,14,secondary
LAnkleAngles_ax2,65,-2.7113512754440308,14,secondary
LAnkleAngles_ax2,66,-2.5191526412963867,14,secondary
LAnkleAngles_ax2,67,-2.416570484638214,14,secondary
LAnkleAngles_ax2,68,-2.3658499121665955,14,secondary
LAnkleAngles_ax2,69,-2.329851746559143,14,secondary
LAnkleAngles_ax2,70,-2.3452471494674683,14,secondary
LAnkleAngles_ax2,71,-2.359882652759552,14,secondary
LAnkleAngles_ax2,72,-2.3892271518707275,14,secondary
LAnkleAngles_ax2,73,-2.3778088092803955,14,secondary
LAnkleAngles_ax2,74,-2.3542364835739136,14,secondary
LAnkleAngles_ax2,75,-2.261128067970276,14,secondary
LAnkleAngles_ax2,76,-2.274620532989502,14,secondary
LAnkleAngles_ax2,77,-2.2580870389938354,14,secondary
LAnkleAngles_ax2,78,-2.281545639038086,14,secondary
LAnkleAngles_ax2,79,-2.253760814666748,14,secondary
LAnkleAngles_ax2,80,-2.2310726642608643,14,secondary
LAnkleAngles_ax2,81,-2.21022891998291,14,secondary
LAnkleAngles_ax2,82,-2.1502747535705566,14,secondary
LAnkleAngles_ax2,83,-2.0959858894348145,14,secondary
LAnkleAngles_ax2,84,-2.028850018978119,14,secondary
LAnkleAngles_ax2,85,-2.035475254058838,14,secondary
LAnkleAngles_ax2,86,-2.0163092017173767,14,secondary
LAnkleAngles_ax2,87,-2.0545495748519897,14,secondary
LAnkleAngles_ax2,88,-2.139452338218689,14,secondary
LAnkleAngles_ax2,89,-2.280280590057373,14,secondary
LAnkleAngles_ax2,90,-2.5162347555160522,14,secondary
LAnkleAngles_ax2,91,-2.752289891242981,14,secondary
LAnkleAngles_ax2,92,-3.056235671043396,14,secondary
LAnkleAngles_ax2,93,-3.7322851419448853,14,secondary
LAnkleAngles_ax2,94,-4.221428394317627,14,secondary
LAnkleAngles_ax2,95,-4.33443558216095,14,secondary
LAnkleAngles_ax2,96,-4.515548467636108,14,secondary
LAnkleAngles_ax2,97,-4.634978771209717,14,secondary
LAnkleAngles_ax2,98,-4.8360185623168945,14,secondary
LAnkleAngles_ax2,99,-5.122525691986084,14,secondary
LAnkleAngles_ax2,100,-5.329823732376099,14,secondary
LAnkleAngles_ax3,0,22.810246467590332,14,secondary
LAnkleAngles_ax3,1,23.025668144226074,14,secondary
LAnkleAngles_ax3,2,23.143375396728516,14,secondary
LAnkleAngles_ax3,3,23.311344146728516,14,secondary
LAnkleAngles_ax3,4,23.589365005493164,14,secondary
LAnkleAngles_ax3,5,24.02505350112915,14,secondary
LAnkleAngles_ax3,6,24.0823016166687,14,secondary
LAnkleAngles_ax3,7,23.59559726715088,14,secondary
LAnkleAngles_ax3,8,22.870523929595947,14,secondary
LAnkleAngles_ax3,9,21.752212524414062,14,secondary
LAnkleAngles_ax3,10,20.27450132369995,14,secondary
LAnkleAngles_ax3,11,19.033687114715576,14,secondary
LAnkleAngles_ax3,12,17.53754162788391,14,secondary
LAnkleAngles_ax3,13,16.046998500823975,14,secondary
LAnkleAngles_ax3,14,14.431250810623169,14,secondary
LAnkleAngles_ax3,15,12.495092868804932,14,secondary
LAnkleAngles_ax3,16,10.61054277420044,14,secondary
LAnkleAngles_ax3,17,9.667341709136963,14,secondary
LAnkleAngles_ax3,18,9.904484748840332,14,secondary
LAnkleAngles_ax3,19,9.32058835029602,14,secondary
LAnkleAngles_ax3,20,9.257212162017822,14,secondary
LAnkleAngles_ax3,21,9.789114952087402,14,secondary
LAnkleAngles_ax3,22,9.854949951171875,14,secondary
LAnkleAngles_ax3,23,9.752674341201782,14,secondary
LAnkleAngles_ax3,24,9.630692720413208,14,secondary
LAnkleAngles_ax3,25,9.659475088119507,14,secondary
LAnkleAngles_ax3,26,9.778100967407227,14,secondary
LAnkleAngles_ax3,27,9.865708112716675,14,secondary
LAnkleAngles_ax3,28,9.96270751953125,14,secondary
LAnkleAngles_ax3,29,10.390764951705933,14,secondary
LAnkleAngles_ax3,30,10.615296602249146,14,secondary
LAnkleAngles_ax3,31,10.956217765808105,14,secondary
LAnkleAngles_ax3,32,10.869032382965088,14,secondary
LAnkleAngles_ax3,33,10.920910358428955,14,secondary
LAnkleAngles_ax3,34,10.528509616851807,14,secondary
LAnkleAngles_ax3,35,10.926740169525146,14,secondary
LAnkleAngles_ax3,36,11.97185468673706,14,secondary
LAnkleAngles_ax3,37,12.634727716445923,14,secondary
LAnkleAngles_ax3,38,13.453087329864502,14,secondary
LAnkleAngles_ax3,39,14.375305414199829,14,secondary
LAnkleAngles_ax3,40,15.386850833892822,14,secondary
LAnkleAngles_ax3,41,16.58209991455078,14,secondary
LAnkleAngles_ax3,42,17.815443992614746,14,secondary
LAnkleAngles_ax3,43,19.039141178131104,14,secondary
LAnkleAngles_ax3,44,20.133331775665283,14,secondary
LAnkleAngles_ax3,45,20.839884757995605,14,secondary
LAnkleAngles_ax3,46,21.570281982421875,14,secondary
LAnkleAngles_ax3,47,22.0412335395813,14,secondary
LAnkleAngles_ax3,48,22.81635618209839,14,secondary
LAnkleAngles_ax3,49,23.41162347793579,14,secondary
LAnkleAngles_ax3,50,23.733455181121826,14,secondary
LAnkleAngles_ax3,51,24.17260456085205,14,secondary
LAnkleAngles_ax3,52,24.249321937561035,14,secondary
LAnkleAngles_ax3,53,24.372127532958984,14,secondary
LAnkleAngles_ax3,54,24.951345443725586,14,secondary
LAnkleAngles_ax3,55,25.146909713745117,14,secondary
LAnkleAngles_ax3,56,24.95063352584839,14,secondary
LAnkleAngles_ax3,57,24.715575695037842,14,secondary
LAnkleAngles_ax3,58,24.100536346435547,14,secondary
LAnkleAngles_ax3,59,22.709057807922363,14,secondary
LAnkleAngles_ax3,60,21.21846103668213,14,secondary
LAnkleAngles_ax3,61,19.084247589111328,14,secondary
LAnkleAngles_ax3,62,17.001310348510742,14,secondary
LAnkleAngles_ax3,63,15.359879970550537,14,secondary
LAnkleAngles_ax3,64,13.960378170013428,14,secondary
LAnkleAngles_ax3,65,12.7544527053833,14,secondary
LAnkleAngles_ax3,66,11.1892409324646,14,secondary
LAnkleAngles_ax3,67,10.004772186279297,14,secondary
LAnkleAngles_ax3,68,9.50286078453064,14,secondary
LAnkleAngles_ax3,69,9.591777086257935,14,secondary
LAnkleAngles_ax3,70,9.725434303283691,14,secondary
LAnkleAngles_ax3,71,9.782871723175049,14,secondary
LAnkleAngles_ax3,72,9.799973964691162,14,secondary
LAnkleAngles_ax3,73,9.832043409347534,14,secondary
LAnkleAngles_ax3,74,9.721036434173584,14,secondary
LAnkleAngles_ax3,75,9.71595048904419,14,secondary
LAnkleAngles_ax3,76,9.822835445404053,14,secondary
LAnkleAngles_ax3,77,9.932397603988647,14,secondary
LAnkleAngles_ax3,78,10.222404718399048,14,secondary
LAnkleAngles_ax3,79,10.433005571365356,14,secondary
LAnkleAngles_ax3,80,10.250120162963867,14,secondary
LAnkleAngles_ax3,81,10.496814727783203,14,secondary
LAnkleAngles_ax3,82,10.693912267684937,14,secondary
LAnkleAngles_ax3,83,10.656586647033691,14,secondary
LAnkleAngles_ax3,84,10.13106632232666,14,secondary
LAnkleAngles_ax3,85,10.084012985229492,14,secondary
LAnkleAngles_ax3,86,10.286930084228516,14,secondary
LAnkleAngles_ax3,87,10.567779064178467,14,secondary
LAnkleAngles_ax3,88,11.067835330963135,14,secondary
LAnkleAngles_ax3,89,11.845058917999268,14,secondary
LAnkleAngles_ax3,90,13.136362552642822,14,secondary
LAnkleAngles_ax3,91,14.409177303314209,14,secondary
LAnkleAngles_ax3,92,15.657004356384277,14,secondary
LAnkleAngles_ax3,93,16.969998359680176,14,secondary
LAnkleAngles_ax3,94,18.341025352478027,14,secondary
LAnkleAngles_ax3,95,19.409374237060547,14,secondary
LAnkleAngles_ax3,96,20.301783561706543,14,secondary
LAnkleAngles_ax3,97,21.359769821166992,14,secondary
LAnkleAngles_ax3,98,22.272582054138184,14,secondary
LAnkleAngles_ax3,99,22.8992977142334,14,secondary
LAnkleAngles_ax3,100,23.350316047668457,14,secondary
RAnkleAngles_ax1,0,14.674681663513184,14,primary
RAnkleAngles_ax1,1,14.705119132995605,14,primary
RAnkleAngles_ax1,2,14.567216873168945,14,primary
RAnkleAngles_ax1,3,14.220142841339111,14,primary
RAnkleAngles_ax1,4,13.61350154876709,14,primary
RAnkleAngles_ax1,5,12.808943033218384,14,primary
RAnkleAngles_ax1,6,11.219083070755005,14,primary
RAnkleAngles_ax1,7,9.518789291381836,14,primary
RAnkleAngles_ax1,8,7.297077655792236,14,primary
RAnkleAngles_ax1,9,5.474521040916443,14,primary
RAnkleAngles_ax1,10,3.3358174562454224,14,primary
RAnkleAngles_ax1,11,2.239833801984787,14,primary
RAnkleAngles_ax1,12,1.1981221586465836,14,primary
RAnkleAngles_ax1,13,-0.34291620552539825,14,primary
RAnkleAngles_ax1,14,-0.02863489557057619,14,primary
RAnkleAngles_ax1,15,-0.8418436646461487,14,primary
RAnkleAngles_ax1,16,-2.4005508422851562,14,primary
RAnkleAngles_ax1,17,-4.664761781692505,14,primary
RAnkleAngles_ax1,18,-5.637237548828125,14,primary
RAnkleAngles_ax1,19,-5.07123863697052,14,primary
RAnkleAngles_ax1,20,-3.701023817062378,14,primary
RAnkleAngles_ax1,21,-2.523027002811432,14,primary
RAnkleAngles_ax1,22,-1.3949861526489258,14,primary
RAnkleAngles_ax1,23,-0.38044631108641624,14,primary
RAnkleAngles_ax1,24,0.3996720314025879,14,primary
RAnkleAngles_ax1,25,1.4223476648330688,14,primary
RAnkleAngles_ax1,26,2.334179401397705,14,primary
RAnkleAngles_ax1,27,3.261311650276184,14,primary
RAnkleAngles_ax1,28,4.344647169113159,14,primary
RAnkleAngles_ax1,29,5.335406303405762,14,primary
RAnkleAngles_ax1,30,6.383875846862793,14,primary
RAnkleAngles_ax1,31,7.202914237976074,14,primary
RAnkleAngles_ax1,32,8.044466018676758,14,primary
RAnkleAngles_ax1,33,8.686338901519775,14,primary
RAnkleAngles_ax1,34,9.12524938583374,14,primary
RAnkleAngles_ax1,35,9.49918270111084,14,primary
RAnkleAngles_ax1,36,9.79972219467163,14,primary
RAnkleAngles_ax1,37,9.922378540039062,14,primary
RAnkleAngles_ax1,38,10.06425428390503,14,primary
RAnkleAngles_ax1,39,10.150227069854736,14,primary
RAnkleAngles_ax1,40,10.055333614349365,14,primary
RAnkleAngles_ax1,41,10.311901569366455,14,primary
RAnkleAngles_ax1,42,10.783055305480957,14,primary
RAnkleAngles_ax1,43,11.317176342010498,14,primary
RAnkleAngles_ax1,44,11.930161952972412,14,primary
RAnkleAngles_ax1,45,12.507757663726807,14,primary
RAnkleAngles_ax1,46,12.844606161117554,14,primary
RAnkleAngles_ax1,47,13.093079566955566,14,primary
RAnkleAngles_ax1,48,13.365179538726807,14,primary
RAnkleAngles_ax1,49,13.441279649734497,14,primary
RAnkleAngles_ax1,50,13.295706272125244,14,primary
RAnkleAngles_ax1,51,13.153105974197388,14,primary
RAnkleAngles_ax1,52,12.726376295089722,14,primary
RAnkleAngles_ax1,53,12.191314458847046,14,primary
RAnkleAngles_ax1,54,11.789408683776855,14,primary
RAnkleAngles_ax1,55,10.78773546218872,14,primary
RAnkleAngles_ax1,56,9.413748741149902,14,primary
RAnkleAngles_ax1,57,7.719375848770142,14,primary
RAnkleAngles_ax1,58,4.729074239730835,14,primary
RAnkleAngles_ax1,59,3.654794692993164,14,primary
RAnkleAngles_ax1,60,3.3779088258743286,14,primary
RAnkleAngles_ax1,61,2.177894651889801,14,primary
RAnkleAngles_ax1,62,1.4782461524009705,14,primary
RAnkleAngles_ax1,63,0.9998410046100616,14,primary
RAnkleAngles_ax1,64,1.4332093596458435,14,primary
RAnkleAngles_ax1,65,2.3718384504318237,14,primary
RAnkleAngles_ax1,66,3.4465969800949097,14,primary
RAnkleAngles_ax1,67,3.3693665862083435,14,primary
RAnkleAngles_ax1,68,3.3676875829696655,14,primary
RAnkleAngles_ax1,69,3.9817073941230774,14,primary
RAnkleAngles_ax1,70,4.7187581062316895,14,primary
RAnkleAngles_ax1,71,5.3500120639801025,14,primary
RAnkleAngles_ax1,72,5.764383725821972,14,primary
RAnkleAngles_ax1,73,6.082290014252067,14,primary
RAnkleAngles_ax1,74,6.419389754533768,14,primary
RAnkleAngles_ax1,75,5.026210010051727,14,primary
RAnkleAngles_ax1,76,5.202702343463898,14,primary
RAnkleAngles_ax1,77,5.947026431560516,14,primary
RAnkleAngles_ax1,78,6.6048078536987305,14,primary
RAnkleAngles_ax1,79,7.69534969329834,14,primary
RAnkleAngles_ax1,80,8.443870067596436,14,primary
RAnkleAngles_ax1,81,8.605095982551575,14,primary
RAnkleAngles_ax1,82,8.757203578948975,14,primary
RAnkleAngles_ax1,83,9.227909088134766,14,primary
RAnkleAngles_ax1,84,10.072074890136719,14,primary
RAnkleAngles_ax1,85,10.824748039245605,14,primary
RAnkleAngles_ax1,86,11.541685819625854,14,primary
RAnkleAngles_ax1,87,11.836825132369995,14,primary
RAnkleAngles_ax1,88,11.90147876739502,14,primary
RAnkleAngles_ax1,89,11.935614585876465,14,primary
RAnkleAngles_ax1,90,11.938354015350342,14,primary
RAnkleAngles_ax1,91,11.812683820724487,14,primary
RAnkleAngles_ax1,92,11.803504943847656,14,primary
RAnkleAngles_ax1,93,12.025142908096313,14,primary
RAnkleAngles_ax1,94,12.329345703125,14,primary
RAnkleAngles_ax1,95,12.660588026046753,14,primary
RAnkleAngles_ax1,96,13.04466462135315,14,primary
RAnkleAngles_ax1,97,13.422947645187378,14,primary
RAnkleAngles_ax1,98,13.787976503372192,14,primary
RAnkleAngles_ax1,99,14.253167867660522,14,primary
RAnkleAngles_ax1,100,14.644407033920288,14,primary
RAnkleAngles_ax2,0,-2.4379246830940247,14,secondary
RAnkleAngles_ax2,1,-2.4923747181892395,14,secondary
RAnkleAngles_ax2,2,-2.4581446051597595,14,secondary
RAnkleAngles_ax2,3,-2.4321038126945496,14,secondary
RAnkleAngles_ax2,4,-2.265956699848175,14,secondary
RAnkleAngles_ax2,5,-2.2120161056518555,14,secondary
RAnkleAngles_ax2,6,-2.226402759552002,14,secondary
RAnkleAngles_ax2,7,-2.2038488388061523,14,secondary
RAnkleAngles_ax2,8,-2.2089239954948425,14,secondary
RAnkleAngles_ax2,9,-2.1394041180610657,14,secondary
RAnkleAngles_ax2,10,-2.2206433415412903,14,secondary
RAnkleAngles_ax2,11,-2.127108484506607,14,secondary
RAnkleAngles_ax2,12,-1.901573359966278,14,secondary
RAnkleAngles_ax2,13,-1.1633253693580627,14,secondary
RAnkleAngles_ax2,14,-0.7637878358364105,14,secondary
RAnkleAngles_ax2,15,-0.4841979146003723,14,secondary
RAnkleAngles_ax2,16,-0.20236852765083313,14,secondary
RAnkleAngles_ax2,17,-0.014813870191574097,14,secondary
RAnkleAngles_ax2,18,-0.06865940988063812,14,secondary
RAnkleAngles_ax2,19,-0.25541870296001434,14,secondary
RAnkleAngles_ax2,20,-0.2806060016155243,14,secondary
RAnkleAngles_ax2,21,-0.16383397579193115,14,secondary
RAnkleAngles_ax2,22,-0.021809548139572144,14,secondary
RAnkleAngles_ax2,23,-0.01045788824558258,14,secondary
RAnkleAngles_ax2,24,0.1585972160100937,14,secondary
RAnkleAngles_ax2,25,0.29905569925904274,14,secondary
RAnkleAngles_ax2,26,0.33730972558259964,14,secondary
RAnkleAngles_ax2,27,0.24946212023496628,14,secondary
RAnkleAngles_ax2,28,0.1441332772374153,14,secondary
RAnkleAngles_ax2,29,0.08512281626462936,14,secondary
RAnkleAngles_ax2,30,0.032097190618515015,14,secondary
RAnkleAngles_ax2,31,-0.10152130573987961,14,secondary
RAnkleAngles_ax2,32,-0.10450947657227516,14,secondary
RAnkleAngles_ax2,33,-0.19528447836637497,14,secondary
RAnkleAngles_ax2,34,-0.2842161487787962,14,secondary
RAnkleAngles_ax2,35,-0.3612572159618139,14,secondary
RAnkleAngles_ax2,36,-0.4555334635078907,14,secondary
RAnkleAngles_ax2,37,-0.5655158758163452,14,secondary
RAnkleAngles_ax2,38,-0.7279239483177662,14,secondary
RAnkleAngles_ax2,39,-0.9210214018821716,14,secondary
RAnkleAngles_ax2,40,-1.1248693615198135,14,secondary
RAnkleAngles_ax2,41,-1.2610655426979065,14,secondary
RAnkleAngles_ax2,42,-1.2781821489334106,14,secondary
RAnkleAngles_ax2,43,-1.58757883310318,14,secondary
RAnkleAngles_ax2,44,-1.7987889647483826,14,secondary
RAnkleAngles_ax2,45,-1.978703886270523,14,secondary
RAnkleAngles_ax2,46,-2.1776387691497803,14,secondary
RAnkleAngles_ax2,47,-2.4232910871505737,14,secondary
RAnkleAngles_ax2,48,-2.6103063821792603,14,secondary
RAnkleAngles_ax2,49,-2.6911438703536987,14,secondary
RAnkleAngles_ax2,50,-2.6678967475891113,14,secondary
RAnkleAngles_ax2,51,-2.5913060307502747,14,secondary
RAnkleAngles_ax2,52,-2.464238703250885,14,secondary
RAnkleAngles_ax2,53,-2.120495080947876,14,secondary
RAnkleAngles_ax2,54,-2.273368239402771,14,secondary
RAnkleAngles_ax2,55,-2.2004200220108032,14,secondary
RAnkleAngles_ax2,56,-2.155379354953766,14,secondary
RAnkleAngles_ax2,57,-2.1897130608558655,14,secondary
RAnkleAngles_ax2,58,-2.091128408908844,14,secondary
RAnkleAngles_ax2,59,-2.1210671961307526,14,secondary
RAnkleAngles_ax2,60,-2.01644703745842,14,secondary
RAnkleAngles_ax2,61,-1.9692017138004303,14,secondary
RAnkleAngles_ax2,62,-1.623318761587143,14,secondary
RAnkleAngles_ax2,63,-1.215963900089264,14,secondary
RAnkleAngles_ax2,64,-0.8661762811243534,14,secondary
RAnkleAngles_ax2,65,-0.6688965233042836,14,secondary
RAnkleAngles_ax2,66,-0.4457434415817261,14,secondary
RAnkleAngles_ax2,67,-0.33842243254184723,14,secondary
RAnkleAngles_ax2,68,-0.23936772346496582,14,secondary
RAnkleAngles_ax2,69,-0.2107151299715042,14,secondary
RAnkleAngles_ax2,70,-0.257549524307251,14,secondary
RAnkleAngles_ax2,71,-0.17027068138122559,14,secondary
RAnkleAngles_ax2,72,0.04551707208156586,14,secondary
RAnkleAngles_ax2,73,0.10486913844943047,14,secondary
RAnkleAngles_ax2,74,0.09601590037345886,14,secondary
RAnkleAngles_ax2,75,0.13443686068058014,14,secondary
RAnkleAngles_ax2,76,0.16190151125192642,14,secondary
RAnkleAngles_ax2,77,0.0948864237871021,14,secondary
RAnkleAngles_ax2,78,-0.24246609956026077,14,secondary
RAnkleAngles_ax2,79,-0.34912849217653275,14,secondary
RAnkleAngles_ax2,80,-0.44766219798475504,14,secondary
RAnkleAngles_ax2,81,-0.5448970422148705,14,secondary
RAnkleAngles_ax2,82,-0.5810708664357662,14,secondary
RAnkleAngles_ax2,83,-0.626293383538723,14,secondary
RAnkleAngles_ax2,84,-0.6296972706913948,14,secondary
RAnkleAngles_ax2,85,-0.6086968090385199,14,secondary
RAnkleAngles_ax2,86,-0.5901416586712003,14,secondary
RAnkleAngles_ax2,87,-0.593532245606184,14,secondary
RAnkleAngles_ax2,88,-0.588451161980629,14,secondary
RAnkleAngles_ax2,89,-0.6580478623509407,14,secondary
RAnkleAngles_ax2,90,-0.7914803121238947,14,secondary
RAnkleAngles_ax2,91,-1.215197667479515,14,secondary
RAnkleAngles_ax2,92,-1.5225139260292053,14,secondary
RAnkleAngles_ax2,93,-1.652052640914917,14,secondary
RAnkleAngles_ax2,94,-1.7754397690296173,14,secondary
RAnkleAngles_ax2,95,-2.077417343854904,14,secondary
RAnkleAngles_ax2,96,-2.3293551802635193,14,secondary
RAnkleAngles_ax2,97,-2.5882721543312073,14,secondary
RAnkleAngles_ax2,98,-2.6485894918441772,14,secondary
RAnkleAngles_ax2,99,-2.627228558063507,14,secondary
RAnkleAngles_ax2,100,-2.5980762243270874,14,secondary
RAnkleAngles_ax3,0,18.638644218444824,14,secondary
RAnkleAngles_ax3,1,18.721863746643066,14,secondary
RAnkleAngles_ax3,2,18.258841037750244,14,secondary
RAnkleAngles_ax3,3,17.240188121795654,14,secondary
RAnkleAngles_ax3,4,16.745524883270264,14,secondary
RAnkleAngles_ax3,5,15.625468730926514,14,secondary
RAnkleAngles_ax3,6,15.035343647003174,14,secondary
RAnkleAngles_ax3,7,14.456943988800049,14,secondary
RAnkleAngles_ax3,8,14.04604959487915,14,secondary
RAnkleAngles_ax3,9,13.770482540130615,14,secondary
RAnkleAngles_ax3,10,12.412827014923096,14,secondary
RAnkleAngles_ax3,11,9.960945129394531,14,secondary
RAnkleAngles_ax3,12,8.193780422210693,14,secondary
RAnkleAngles_ax3,13,4.792124032974243,14,secondary
RAnkleAngles_ax3,14,3.4914313554763794,14,secondary
RAnkleAngles_ax3,15,1.962022341787815,14,secondary
RAnkleAngles_ax3,16,0.3496359586715698,14,secondary
RAnkleAngles_ax3,17,-0.7109143733978271,14,secondary
RAnkleAngles_ax3,18,-0.3747789263725281,14,secondary
RAnkleAngles_ax3,19,0.5732605084776878,14,secondary
RAnkleAngles_ax3,20,1.7320331037044525,14,secondary
RAnkleAngles_ax3,21,1.675178151577711,14,secondary
RAnkleAngles_ax3,22,0.24704134464263916,14,secondary
RAnkleAngles_ax3,23,-0.48655837774276733,14,secondary
RAnkleAngles_ax3,24,-1.1259412467479706,14,secondary
RAnkleAngles_ax3,25,-1.7634019255638123,14,secondary
RAnkleAngles_ax3,26,-1.8678941130638123,14,secondary
RAnkleAngles_ax3,27,-1.7923301756381989,14,secondary
RAnkleAngles_ax3,28,-1.0507852137088776,14,secondary
RAnkleAngles_ax3,29,-0.6540776640176773,14,secondary
RAnkleAngles_ax3,30,-0.8052427396178246,14,secondary
RAnkleAngles_ax3,31,-0.6610000468790531,14,secondary
RAnkleAngles_ax3,32,-0.42749398946762085,14,secondary
RAnkleAngles_ax3,33,-0.16036859154701233,14,secondary
RAnkleAngles_ax3,34,0.09317046403884888,14,secondary
RAnkleAngles_ax3,35,0.27739518880844116,14,secondary
RAnkleAngles_ax3,36,0.8192038834095001,14,secondary
RAnkleAngles_ax3,37,1.548334151506424,14,secondary
RAnkleAngles_ax3,38,2.4754881151020527,14,secondary
RAnkleAngles_ax3,39,3.268527388572693,14,secondary
RAnkleAngles_ax3,40,4.009091258049011,14,secondary
RAnkleAngles_ax3,41,4.900683641433716,14,secondary
RAnkleAngles_ax3,42,5.945010423660278,14,secondary
RAnkleAngles_ax3,43,6.282674551010132,14,secondary
RAnkleAngles_ax3,44,6.985387802124023,14,secondary
RAnkleAngles_ax3,45,8.599617958068848,14,secondary
RAnkleAngles_ax3,46,10.392125129699707,14,secondary
RAnkleAngles_ax3,47,11.298008441925049,14,secondary
RAnkleAngles_ax3,48,11.583594799041748,14,secondary
RAnkleAngles_ax3,49,11.820852279663086,14,secondary
RAnkleAngles_ax3,50,12.490899562835693,14,secondary
RAnkleAngles_ax3,51,12.770267486572266,14,secondary
RAnkleAngles_ax3,52,12.851941108703613,14,secondary
RAnkleAngles_ax3,53,12.351295471191406,14,secondary
RAnkleAngles_ax3,54,13.496222972869873,14,secondary
RAnkleAngles_ax3,55,14.69711971282959,14,secondary
RAnkleAngles_ax3,56,14.563400745391846,14,secondary
RAnkleAngles_ax3,57,14.226518630981445,14,secondary
RAnkleAngles_ax3,58,13.660688877105713,14,secondary
RAnkleAngles_ax3,59,12.575809001922607,14,secondary
RAnkleAngles_ax3,60,12.00131368637085,14,secondary
RAnkleAngles_ax3,61,11.198183059692383,14,secondary
RAnkleAngles_ax3,62,9.637239456176758,14,secondary
RAnkleAngles_ax3,63,7.866749882698059,14,secondary
RAnkleAngles_ax3,64,5.613340258598328,14,secondary
RAnkleAngles_ax3,65,3.8145328760147095,14,secondary
RAnkleAngles_ax3,66,2.885559558868408,14,secondary
RAnkleAngles_ax3,67,2.341508150100708,14,secondary
RAnkleAngles_ax3,68,1.6857779026031494,14,secondary
RAnkleAngles_ax3,69,1.8649890422821045,14,secondary
RAnkleAngles_ax3,70,0.5173583030700684,14,secondary
RAnkleAngles_ax3,71,-1.2044094800949097,14,secondary
RAnkleAngles_ax3,72,-2.540499269962311,14,secondary
RAnkleAngles_ax3,73,-2.6898630261421204,14,secondary
RAnkleAngles_ax3,74,-2.47916841506958,14,secondary
RAnkleAngles_ax3,75,-2.281312346458435,14,secondary
RAnkleAngles_ax3,76,-2.103693723678589,14,secondary
RAnkleAngles_ax3,77,-1.6752839386463165,14,secondary
RAnkleAngles_ax3,78,-0.3339340090751648,14,secondary
RAnkleAngles_ax3,79,0.0834430456161499,14,secondary
RAnkleAngles_ax3,80,0.14770013093948364,14,secondary
RAnkleAngles_ax3,81,0.47678887844085693,14,secondary
RAnkleAngles_ax3,82,0.7384836971759796,14,secondary
RAnkleAngles_ax3,83,0.739850327372551,14,secondary
RAnkleAngles_ax3,84,0.521462008357048,14,secondary
RAnkleAngles_ax3,85,0.5826244167983532,14,secondary
RAnkleAngles_ax3,86,0.815027505159378,14,secondary
RAnkleAngles_ax3,87,1.1497788429260254,14,secondary
RAnkleAngles_ax3,88,1.522318422794342,14,secondary
RAnkleAngles_ax3,89,2.043109953403473,14,secondary
RAnkleAngles_ax3,90,2.653109312057495,14,secondary
RAnkleAngles_ax3,91,4.869867563247681,14,secondary
RAnkleAngles_ax3,92,7.353809833526611,14,secondary
RAnkleAngles_ax3,93,8.63456130027771,14,secondary
RAnkleAngles_ax3,94,10.343656539916992,14,secondary
RAnkleAngles_ax3,95,11.69900918006897,14,secondary
RAnkleAngles_ax3,96,12.75102186203003,14,secondary
RAnkleAngles_ax3,97,14.032463073730469,14,secondary
RAnkleAngles_ax3,98,15.293974876403809,14,secondary
RAnkleAngles_ax3,99,15.612449645996094,14,secondary
RAnkleAngles_ax3,100,15.738117694854736,14,secondary
LAbsAnkleAngle_ax1,0,11.994630813598633,14,secondary
LAbsAnkleAngle_ax1,1,11.596287727355957,14,secondary
LAbsAnkleAngle_ax1,2,11.349193096160889,14,secondary
LAbsAnkleAngle_ax1,3,10.921263694763184,14,secondary
LAbsAnkleAngle_ax1,4,10.292949199676514,14,secondary
LAbsAnkleAngle_ax1,5,9.603482723236084,14,secondary
LAbsAnkleAngle_ax1,6,8.665636539459229,14,secondary
LAbsAnkleAngle_ax1,7,7.485094308853149,14,secondary
LAbsAnkleAngle_ax1,8,5.82631254196167,14,secondary
LAbsAnkleAngle_ax1,9,2.8300364017486572,14,secondary
LAbsAnkleAngle_ax1,10,0.666027843952179,14,secondary
LAbsAnkleAngle_ax1,11,-0.38476572930812836,14,secondary
LAbsAnkleAngle_ax1,12,-0.2058134377002716,14,secondary
LAbsAnkleAngle_ax1,13,-2.32298743724823,14,secondary
LAbsAnkleAngle_ax1,14,-1.7008810639381409,14,secondary
LAbsAnkleAngle_ax1,15,-0.9242852330207825,14,secondary
LAbsAnkleAngle_ax1,16,-0.2781914658844471,14,secondary
LAbsAnkleAngle_ax1,17,0.3587861377745867,14,secondary
LAbsAnkleAngle_ax1,18,0.9363323301076889,14,secondary
LAbsAnkleAngle_ax1,19,0.8539310693740845,14,secondary
LAbsAnkleAngle_ax1,20,1.1341715455055237,14,secondary
LAbsAnkleAngle_ax1,21,1.809826135635376,14,secondary
LAbsAnkleAngle_ax1,22,2.1902027130126953,14,secondary
LAbsAnkleAngle_ax1,23,2.4298917055130005,14,secondary
LAbsAnkleAngle_ax1,24,2.7029614448547363,14,secondary
LAbsAnkleAngle_ax1,25,3.171128034591675,14,secondary
LAbsAnkleAngle_ax1,26,3.950309105217457,14,secondary
LAbsAnkleAngle_ax1,27,4.733247876167297,14,secondary
LAbsAnkleAngle_ax1,28,5.991040527820587,14,secondary
LAbsAnkleAngle_ax1,29,6.789508938789368,14,secondary
LAbsAnkleAngle_ax1,30,7.139723062515259,14,secondary
LAbsAnkleAngle_ax1,31,7.73680055141449,14,secondary
LAbsAnkleAngle_ax1,32,8.389629006385803,14,secondary
LAbsAnkleAngle_ax1,33,8.687250137329102,14,secondary
LAbsAnkleAngle_ax1,34,8.914125680923462,14,secondary
LAbsAnkleAngle_ax1,35,9.10448694229126,14,secondary
LAbsAnkleAngle_ax1,36,9.262778997421265,14,secondary
LAbsAnkleAngle_ax1,37,9.412275314331055,14,secondary
LAbsAnkleAngle_ax1,38,9.678225755691528,14,secondary
LAbsAnkleAngle_ax1,39,9.942023277282715,14,secondary
LAbsAnkleAngle_ax1,40,10.21252989768982,14,secondary
LAbsAnkleAngle_ax1,41,10.335978507995605,14,secondary
LAbsAnkleAngle_ax1,42,10.598363876342773,14,secondary
LAbsAnkleAngle_ax1,43,11.013898372650146,14,secondary
LAbsAnkleAngle_ax1,44,11.44322395324707,14,secondary
LAbsAnkleAngle_ax1,45,11.907530784606934,14,secondary
LAbsAnkleAngle_ax1,46,12.396330833435059,14,secondary
LAbsAnkleAngle_ax1,47,12.646768569946289,14,secondary
LAbsAnkleAngle_ax1,48,12.802443981170654,14,secondary
LAbsAnkleAngle_ax1,49,12.9424147605896,14,secondary
LAbsAnkleAngle_ax1,50,12.87154245376587,14,secondary
LAbsAnkleAngle_ax1,51,12.593389987945557,14,secondary
LAbsAnkleAngle_ax1,52,12.227037906646729,14,secondary
LAbsAnkleAngle_ax1,53,12.38329553604126,14,secondary
LAbsAnkleAngle_ax1,54,11.668114185333252,14,secondary
LAbsAnkleAngle_ax1,55,10.668999195098877,14,secondary
LAbsAnkleAngle_ax1,56,9.68746566772461,14,secondary
LAbsAnkleAngle_ax1,57,7.790187835693359,14,secondary
LAbsAnkleAngle_ax1,58,5.292865037918091,14,secondary
LAbsAnkleAngle_ax1,59,3.441745400428772,14,secondary
LAbsAnkleAngle_ax1,60,2.8235721588134766,14,secondary
LAbsAnkleAngle_ax1,61,0.5638207644224167,14,secondary
LAbsAnkleAngle_ax1,62,-0.10463923215866089,14,secondary
LAbsAnkleAngle_ax1,63,-1.7475159764289856,14,secondary
LAbsAnkleAngle_ax1,64,-2.2370892763137817,14,secondary
LAbsAnkleAngle_ax1,65,-4.0929858684539795,14,secondary
LAbsAnkleAngle_ax1,66,-4.342081785202026,14,secondary
LAbsAnkleAngle_ax1,67,-3.757360890507698,14,secondary
LAbsAnkleAngle_ax1,68,-4.049085319042206,14,secondary
LAbsAnkleAngle_ax1,69,-3.1142630577087402,14,secondary
LAbsAnkleAngle_ax1,70,-2.092844247817993,14,secondary
LAbsAnkleAngle_ax1,71,-1.0674595534801483,14,secondary
LAbsAnkleAngle_ax1,72,-0.13854414084926248,14,secondary
LAbsAnkleAngle_ax1,73,1.006460726261139,14,secondary
LAbsAnkleAngle_ax1,74,2.149277448654175,14,secondary
LAbsAnkleAngle_ax1,75,3.21885696798563,14,secondary
LAbsAnkleAngle_ax1,76,4.293002039194107,14,secondary
LAbsAnkleAngle_ax1,77,5.24302464723587,14,secondary
LAbsAnkleAngle_ax1,78,5.887445569038391,14,secondary
LAbsAnkleAngle_ax1,79,6.6482765674591064,14,secondary
LAbsAnkleAngle_ax1,80,7.312986135482788,14,secondary
LAbsAnkleAngle_ax1,81,7.951384544372559,14,secondary
LAbsAnkleAngle_ax1,82,8.59699535369873,14,secondary
LAbsAnkleAngle_ax1,83,9.146762609481812,14,secondary
LAbsAnkleAngle_ax1,84,9.59969162940979,14,secondary
LAbsAnkleAngle_ax1,85,9.889997959136963,14,secondary
LAbsAnkleAngle_ax1,86,10.115671157836914,14,secondary
LAbsAnkleAngle_ax1,87,10.320675373077393,14,secondary
LAbsAnkleAngle_ax1,88,10.370904445648193,14,secondary
LAbsAnkleAngle_ax1,89,10.40111255645752,14,secondary
LAbsAnkleAngle_ax1,90,10.34357500076294,14,secondary
LAbsAnkleAngle_ax1,91,10.33214521408081,14,secondary
LAbsAnkleAngle_ax1,92,10.408214092254639,14,secondary
LAbsAnkleAngle_ax1,93,10.65615463256836,14,secondary
LAbsAnkleAngle_ax1,94,10.683144569396973,14,secondary
LAbsAnkleAngle_ax1,95,10.823582649230957,14,secondary
LAbsAnkleAngle_ax1,96,11.10373306274414,14,secondary
LAbsAnkleAngle_ax1,97,11.492391109466553,14,secondary
LAbsAnkleAngle_ax1,98,11.865594863891602,14,secondary
LAbsAnkleAngle_ax1,99,12.148414134979248,14,secondary
LAbsAnkleAngle_ax1,100,12.243944644927979,14,secondary
LAbsAnkleAngle_ax2,0,0.0,14,secondary
LAbsAnkleAngle_ax2,1,0.0,14,secondary
LAbsAnkleAngle_ax2,2,0.0,14,secondary
LAbsAnkleAngle_ax2,3,0.0,14,secondary
LAbsAnkleAngle_ax2,4,0.0,14,secondary
LAbsAnkleAngle_ax2,5,0.0,14,secondary
LAbsAnkleAngle_ax2,6,0.0,14,secondary
LAbsAnkleAngle_ax2,7,0.0,14,secondary
LAbsAnkleAngle_ax2,8,0.0,14,secondary
LAbsAnkleAngle_ax2,9,0.0,14,secondary
LAbsAnkleAngle_ax2,10,0.0,14,secondary
LAbsAnkleAngle_ax2,11,0.0,14,secondary
LAbsAnkleAngle_ax2,12,0.0,14,secondary
LAbsAnkleAngle_ax2,13,0.0,14,secondary
LAbsAnkleAngle_ax2,14,0.0,14,secondary
LAbsAnkleAngle_ax2,15,0.0,14,secondary
LAbsAnkleAngle_ax2,16,0.0,14,secondary
LAbsAnkleAngle_ax2,17,0.0,14,secondary
LAbsAnkleAngle_ax2,18,0.0,14,secondary
LAbsAnkleAngle_ax2,19,0.0,14,secondary
LAbsAnkleAngle_ax2,20,0.0,14,secondary
LAbsAnkleAngle_ax2,21,0.0,14,secondary
LAbsAnkleAngle_ax2,22,0.0,14,secondary
LAbsAnkleAngle_ax2,23,0.0,14,secondary
LAbsAnkleAngle_ax2,24,0.0,14,secondary
LAbsAnkleAngle_ax2,25,0.0,14,secondary
LAbsAnkleAngle_ax2,26,0.0,14,secondary
LAbsAnkleAngle_ax2,27,0.0,14,secondary
LAbsAnkleAngle_ax2,28,0.0,14,secondary
LAbsAnkleAngle_ax2,29,0.0,14,secondary
LAbsAnkleAngle_ax2,30,0.0,14,secondary
LAbsAnkleAngle_ax2,31,0.0,14,secondary
LAbsAnkleAngle_ax2,32,0.0,14,secondary
LAbsAnkleAngle_ax2,33,0.0,14,secondary
LAbsAnkleAngle_ax2,34,0.0,14,secondary
LAbsAnkleAngle_ax2,35,0.0,14,secondary
LAbsAnkleAngle_ax2,36,0.0,14,secondary
LAbsAnkleAngle_ax2,37,0.0,14,secondary
LAbsAnkleAngle_ax2,38,0.0,14,secondary
LAbsAnkleAngle_ax2,39,0.0,14,secondary
LAbsAnkleAngle_ax2,40,0.0,14,secondary
LAbsAnkleAngle_ax2,41,0.0,14,secondary
LAbsAnkleAngle_ax2,42,0.0,14,secondary
LAbsAnkleAngle_ax2,43,0.0,14,secondary
LAbsAnkleAngle_ax2,44,0.0,14,secondary
LAbsAnkleAngle_ax2,45,0.0,14,secondary
LAbsAnkleAngle_ax2,46,0.0,14,secondary
LAbsAnkleAngle_ax2,47,0.0,14,secondary
LAbsAnkleAngle_ax2,48,0.0,14,secondary
LAbsAnkleAngle_ax2,49,0.0,14,secondary
LAbsAnkleAngle_ax2,50,0.0,14,secondary
LAbsAnkleAngle_ax2,51,0.0,14,secondary
LAbsAnkleAngle_ax2,52,0.0,14,secondary
LAbsAnkleAngle_ax2,53,0.0,14,secondary
LAbsAnkleAngle_ax2,54,0.0,14,secondary
LAbsAnkleAngle_ax2,55,0.0,14,secondary
LAbsAnkleAngle_ax2,56,0.0,14,secondary
LAbsAnkleAngle_ax2,57,0.0,14,secondary
LAbsAnkleAngle_ax2,58,0.0,14,secondary
LAbsAnkleAngle_ax2,59,0.0,14,secondary
LAbsAnkleAngle_ax2,60,0.0,14,secondary
LAbsAnkleAngle_ax2,61,0.0,14,secondary
LAbsAnkleAngle_ax2,62,0.0,14,secondary
LAbsAnkleAngle_ax2,63,0.0,14,secondary
LAbsAnkleAngle_ax2,64,0.0,14,secondary
LAbsAnkleAngle_ax2,65,0.0,14,secondary
LAbsAnkleAngle_ax2,66,0.0,14,secondary
LAbsAnkleAngle_ax2,67,0.0,14,secondary
LAbsAnkleAngle_ax2,68,0.0,14,secondary
LAbsAnkleAngle_ax2,69,0.0,14,secondary
LAbsAnkleAngle_ax2,70,0.0,14,secondary
LAbsAnkleAngle_ax2,71,0.0,14,secondary
LAbsAnkleAngle_ax2,72,0.0,14,secondary
LAbsAnkleAngle_ax2,73,0.0,14,secondary
LAbsAnkleAngle_ax2,74,0.0,14,secondary
LAbsAnkleAngle_ax2,75,0.0,14,secondary
LAbsAnkleAngle_ax2,76,0.0,14,secondary
LAbsAnkleAngle_ax2,77,0.0,14,secondary
LAbsAnkleAngle_ax2,78,0.0,14,secondary
LAbsAnkleAngle_ax2,79,0.0,14,secondary
LAbsAnkleAngle_ax2,80,0.0,14,secondary
LAbsAnkleAngle_ax2,81,0.0,14,secondary
LAbsAnkleAngle_ax2,82,0.0,14,secondary
LAbsAnkleAngle_ax2,83,0.0,14,secondary
LAbsAnkleAngle_ax2,84,0.0,14,secondary
LAbsAnkleAngle_ax2,85,0.0,14,secondary
LAbsAnkleAngle_ax2,86,0.0,14,secondary
LAbsAnkleAngle_ax2,87,0.0,14,secondary
LAbsAnkleAngle_ax2,88,0.0,14,secondary
LAbsAnkleAngle_ax2,89,0.0,14,secondary
LAbsAnkleAngle_ax2,90,0.0,14,secondary
LAbsAnkleAngle_ax2,91,0.0,14,secondary
LAbsAnkleAngle_ax2,92,0.0,14,secondary
LAbsAnkleAngle_ax2,93,0.0,14,secondary
LAbsAnkleAngle_ax2,94,0.0,14,secondary
LAbsAnkleAngle_ax2,95,0.0,14,secondary
LAbsAnkleAngle_ax2,96,0.0,14,secondary
LAbsAnkleAngle_ax2,97,0.0,14,secondary
LAbsAnkleAngle_ax2,98,0.0,14,secondary
LAbsAnkleAngle_ax2,99,0.0,14,secondary
LAbsAnkleAngle_ax2,100,0.0,14,secondary
LAbsAnkleAngle_ax3,0,0.0,14,secondary
LAbsAnkleAngle_ax3,1,0.0,14,secondary
LAbsAnkleAngle_ax3,2,0.0,14,secondary
LAbsAnkleAngle_ax3,3,0.0,14,secondary
LAbsAnkleAngle_ax3,4,0.0,14,secondary
LAbsAnkleAngle_ax3,5,0.0,14,secondary
LAbsAnkleAngle_ax3,6,0.0,14,secondary
LAbsAnkleAngle_ax3,7,0.0,14,secondary
LAbsAnkleAngle_ax3,8,0.0,14,secondary
LAbsAnkleAngle_ax3,9,0.0,14,secondary
LAbsAnkleAngle_ax3,10,0.0,14,secondary
LAbsAnkleAngle_ax3,11,0.0,14,secondary
LAbsAnkleAngle_ax3,12,0.0,14,secondary
LAbsAnkleAngle_ax3,13,0.0,14,secondary
LAbsAnkleAngle_ax3,14,0.0,14,secondary
LAbsAnkleAngle_ax3,15,0.0,14,secondary
LAbsAnkleAngle_ax3,16,0.0,14,secondary
LAbsAnkleAngle_ax3,17,0.0,14,secondary
LAbsAnkleAngle_ax3,18,0.0,14,secondary
LAbsAnkleAngle_ax3,19,0.0,14,secondary
LAbsAnkleAngle_ax3,20,0.0,14,secondary
LAbsAnkleAngle_ax3,21,0.0,14,secondary
LAbsAnkleAngle_ax3,22,0.0,14,secondary
LAbsAnkleAngle_ax3,23,0.0,14,secondary
LAbsAnkleAngle_ax3,24,0.0,14,secondary
LAbsAnkleAngle_ax3,25,0.0,14,secondary
LAbsAnkleAngle_ax3,26,0.0,14,secondary
LAbsAnkleAngle_ax3,27,0.0,14,secondary
LAbsAnkleAngle_ax3,28,0.0,14,secondary
LAbsAnkleAngle_ax3,29,0.0,14,secondary
LAbsAnkleAngle_ax3,30,0.0,14,secondary
LAbsAnkleAngle_ax3,31,0.0,14,secondary
LAbsAnkleAngle_ax3,32,0.0,14,secondary
LAbsAnkleAngle_ax3,33,0.0,14,secondary
LAbsAnkleAngle_ax3,34,0.0,14,secondary
LAbsAnkleAngle_ax3,35,0.0,14,secondary
LAbsAnkleAngle_ax3,36,0.0,14,secondary
LAbsAnkleAngle_ax3,37,0.0,14,secondary
LAbsAnkleAngle_ax3,38,0.0,14,secondary
LAbsAnkleAngle_ax3,39,0.0,14,secondary
LAbsAnkleAngle_ax3,40,0.0,14,secondary
LAbsAnkleAngle_ax3,41,0.0,14,secondary
LAbsAnkleAngle_ax3,42,0.0,14,secondary
LAbsAnkleAngle_ax3,43,0.0,14,secondary
LAbsAnkleAngle_ax3,44,0.0,14,secondary
LAbsAnkleAngle_ax3,45,0.0,14,secondary
LAbsAnkleAngle_ax3,46,0.0,14,secondary
LAbsAnkleAngle_ax3,47,0.0,14,secondary
LAbsAnkleAngle_ax3,48,0.0,14,secondary
LAbsAnkleAngle_ax3,49,0.0,14,secondary
LAbsAnkleAngle_ax3,50,0.0,14,secondary
LAbsAnkleAngle_ax3,51,0.0,14,secondary
LAbsAnkleAngle_ax3,52,0.0,14,secondary
LAbsAnkleAngle_ax3,53,0.0,14,secondary
LAbsAnkleAngle_ax3,54,0.0,14,secondary
LAbsAnkleAngle_ax3,55,0.0,14,secondary
LAbsAnkleAngle_ax3,56,0.0,14,secondary
LAbsAnkleAngle_ax3,57,0.0,14,secondary
LAbsAnkleAngle_ax3,58,0.0,14,secondary
LAbsAnkleAngle_ax3,59,0.0,14,secondary
LAbsAnkleAngle_ax3,60,0.0,14,secondary
LAbsAnkleAngle_ax3,61,0.0,14,secondary
LAbsAnkleAngle_ax3,62,0.0,14,secondary
LAbsAnkleAngle_ax3,63,0.0,14,secondary
LAbsAnkleAngle_ax3,64,0.0,14,secondary
LAbsAnkleAngle_ax3,65,0.0,14,secondary
LAbsAnkleAngle_ax3,66,0.0,14,secondary
LAbsAnkleAngle_ax3,67,0.0,14,secondary
LAbsAnkleAngle_ax3,68,0.0,14,secondary
LAbsAnkleAngle_ax3,69,0.0,14,secondary
LAbsAnkleAngle_ax3,70,0.0,14,secondary
LAbsAnkleAngle_ax3,71,0.0,14,secondary
LAbsAnkleAngle_ax3,72,0.0,14,secondary
LAbsAnkleAngle_ax3,73,0.0,14,secondary
LAbsAnkleAngle_ax3,74,0.0,14,secondary
LAbsAnkleAngle_ax3,75,0.0,14,secondary
LAbsAnkleAngle_ax3,76,0.0,14,secondary
LAbsAnkleAngle_ax3,77,0.0,14,secondary
LAbsAnkleAngle_ax3,78,0.0,14,secondary
LAbsAnkleAngle_ax3,79,0.0,14,secondary
LAbsAnkleAngle_ax3,80,0.0,14,secondary
LAbsAnkleAngle_ax3,81,0.0,14,secondary
LAbsAnkleAngle_ax3,82,0.0,14,secondary
LAbsAnkleAngle_ax3,83,0.0,14,secondary
LAbsAnkleAngle_ax3,84,0.0,14,secondary
LAbsAnkleAngle_ax3,85,0.0,14,secondary
LAbsAnkleAngle_ax3,86,0.0,14,secondary
LAbsAnkleAngle_ax3,87,0.0,14,secondary
LAbsAnkleAngle_ax3,88,0.0,14,secondary
LAbsAnkleAngle_ax3,89,0.0,14,secondary
LAbsAnkleAngle_ax3,90,0.0,14,secondary
LAbsAnkleAngle_ax3,91,0.0,14,secondary
LAbsAnkleAngle_ax3,92,0.0,14,secondary
LAbsAnkleAngle_ax3,93,0.0,14,secondary
LAbsAnkleAngle_ax3,94,0.0,14,secondary
LAbsAnkleAngle_ax3,95,0.0,14,secondary
LAbsAnkleAngle_ax3,96,0.0,14,secondary
LAbsAnkleAngle_ax3,97,0.0,14,secondary
LAbsAnkleAngle_ax3,98,0.0,14,secondary
LAbsAnkleAngle_ax3,99,0.0,14,secondary
LAbsAnkleAngle_ax3,100,0.0,14,secondary
RAbsAnkleAngle_ax1,0,14.47516393661499,14,secondary
RAbsAnkleAngle_ax1,1,14.494377136230469,14,secondary
RAbsAnkleAngle_ax1,2,14.447069883346558,14,secondary
RAbsAnkleAngle_ax1,3,14.053044557571411,14,secondary
RAbsAnkleAngle_ax1,4,13.186486721038818,14,secondary
RAbsAnkleAngle_ax1,5,11.969965696334839,14,secondary
RAbsAnkleAngle_ax1,6,10.560585737228394,14,secondary
RAbsAnkleAngle_ax1,7,9.094356179237366,14,secondary
RAbsAnkleAngle_ax1,8,6.855871915817261,14,secondary
RAbsAnkleAngle_ax1,9,5.255217790603638,14,secondary
RAbsAnkleAngle_ax1,10,3.1937354803085327,14,secondary
RAbsAnkleAngle_ax1,11,2.1352201402187347,14,secondary
RAbsAnkleAngle_ax1,12,1.1153920888900757,14,secondary
RAbsAnkleAngle_ax1,13,-0.336131077259779,14,secondary
RAbsAnkleAngle_ax1,14,-0.03656292334198952,14,secondary
RAbsAnkleAngle_ax1,15,-0.7740569114685059,14,secondary
RAbsAnkleAngle_ax1,16,-2.257865846157074,14,secondary
RAbsAnkleAngle_ax1,17,-4.305039644241333,14,secondary
RAbsAnkleAngle_ax1,18,-5.225878953933716,14,secondary
RAbsAnkleAngle_ax1,19,-5.004061698913574,14,secondary
RAbsAnkleAngle_ax1,20,-3.669655442237854,14,secondary
RAbsAnkleAngle_ax1,21,-2.5000330805778503,14,secondary
RAbsAnkleAngle_ax1,22,-1.3858415484428406,14,secondary
RAbsAnkleAngle_ax1,23,-0.3803213834762573,14,secondary
RAbsAnkleAngle_ax1,24,0.39951837062835693,14,secondary
RAbsAnkleAngle_ax1,25,1.36942720413208,14,secondary
RAbsAnkleAngle_ax1,26,2.304469108581543,14,secondary
RAbsAnkleAngle_ax1,27,3.2220823764801025,14,secondary
RAbsAnkleAngle_ax1,28,4.299633502960205,14,secondary
RAbsAnkleAngle_ax1,29,5.266955137252808,14,secondary
RAbsAnkleAngle_ax1,30,6.174494981765747,14,secondary
RAbsAnkleAngle_ax1,31,6.862665891647339,14,secondary
RAbsAnkleAngle_ax1,32,7.4738450050354,14,secondary
RAbsAnkleAngle_ax1,33,8.005695343017578,14,secondary
RAbsAnkleAngle_ax1,34,8.443907737731934,14,secondary
RAbsAnkleAngle_ax1,35,8.773923397064209,14,secondary
RAbsAnkleAngle_ax1,36,9.04274320602417,14,secondary
RAbsAnkleAngle_ax1,37,9.257067203521729,14,secondary
RAbsAnkleAngle_ax1,38,9.6025390625,14,secondary
RAbsAnkleAngle_ax1,39,9.826220512390137,14,secondary
RAbsAnkleAngle_ax1,40,9.928683757781982,14,secondary
RAbsAnkleAngle_ax1,41,10.025179386138916,14,secondary
RAbsAnkleAngle_ax1,42,10.28034257888794,14,secondary
RAbsAnkleAngle_ax1,43,10.562766551971436,14,secondary
RAbsAnkleAngle_ax1,44,10.968128204345703,14,secondary
RAbsAnkleAngle_ax1,45,11.575913906097412,14,secondary
RAbsAnkleAngle_ax1,46,12.086686611175537,14,secondary
RAbsAnkleAngle_ax1,47,12.423785209655762,14,secondary
RAbsAnkleAngle_ax1,48,12.586527824401855,14,secondary
RAbsAnkleAngle_ax1,49,12.65607738494873,14,secondary
RAbsAnkleAngle_ax1,50,12.752715587615967,14,secondary
RAbsAnkleAngle_ax1,51,12.589932441711426,14,secondary
RAbsAnkleAngle_ax1,52,12.196715831756592,14,secondary
RAbsAnkleAngle_ax1,53,12.011161804199219,14,secondary
RAbsAnkleAngle_ax1,54,11.151546001434326,14,secondary
RAbsAnkleAngle_ax1,55,10.001599311828613,14,secondary
RAbsAnkleAngle_ax1,56,8.890362739562988,14,secondary
RAbsAnkleAngle_ax1,57,6.866811513900757,14,secondary
RAbsAnkleAngle_ax1,58,4.152455806732178,14,secondary
RAbsAnkleAngle_ax1,59,3.3547810316085815,14,secondary
RAbsAnkleAngle_ax1,60,3.2414530515670776,14,secondary
RAbsAnkleAngle_ax1,61,2.02953964471817,14,secondary
RAbsAnkleAngle_ax1,62,1.3424826264381409,14,secondary
RAbsAnkleAngle_ax1,63,0.997925728559494,14,secondary
RAbsAnkleAngle_ax1,64,1.3484190106391907,14,secondary
RAbsAnkleAngle_ax1,65,2.205802798271179,14,secondary
RAbsAnkleAngle_ax1,66,3.2061439640820026,14,secondary
RAbsAnkleAngle_ax1,67,3.061910092830658,14,secondary
RAbsAnkleAngle_ax1,68,3.032008647918701,14,secondary
RAbsAnkleAngle_ax1,69,3.647852063179016,14,secondary
RAbsAnkleAngle_ax1,70,4.392225384712219,14,secondary
RAbsAnkleAngle_ax1,71,5.07054203748703,14,secondary
RAbsAnkleAngle_ax1,72,5.507320083677769,14,secondary
RAbsAnkleAngle_ax1,73,5.804460228420794,14,secondary
RAbsAnkleAngle_ax1,74,6.149014636874199,14,secondary
RAbsAnkleAngle_ax1,75,4.808900058269501,14,secondary
RAbsAnkleAngle_ax1,76,5.187001824378967,14,secondary
RAbsAnkleAngle_ax1,77,5.938289642333984,14,secondary
RAbsAnkleAngle_ax1,78,6.356251776218414,14,secondary
RAbsAnkleAngle_ax1,79,6.795715093612671,14,secondary
RAbsAnkleAngle_ax1,80,7.77679979801178,14,secondary
RAbsAnkleAngle_ax1,81,8.370649576187134,14,secondary
RAbsAnkleAngle_ax1,82,8.716030359268188,14,secondary
RAbsAnkleAngle_ax1,83,8.951913833618164,14,secondary
RAbsAnkleAngle_ax1,84,9.16702938079834,14,secondary
RAbsAnkleAngle_ax1,85,10.622812032699585,14,secondary
RAbsAnkleAngle_ax1,86,10.911707401275635,14,secondary
RAbsAnkleAngle_ax1,87,11.10052490234375,14,secondary
RAbsAnkleAngle_ax1,88,11.237823009490967,14,secondary
RAbsAnkleAngle_ax1,89,11.231241226196289,14,secondary
RAbsAnkleAngle_ax1,90,11.321817874908447,14,secondary
RAbsAnkleAngle_ax1,91,11.441067218780518,14,secondary
RAbsAnkleAngle_ax1,92,11.710546493530273,14,secondary
RAbsAnkleAngle_ax1,93,11.999642133712769,14,secondary
RAbsAnkleAngle_ax1,94,12.302495241165161,14,secondary
RAbsAnkleAngle_ax1,95,12.631139516830444,14,secondary
RAbsAnkleAngle_ax1,96,13.009599924087524,14,secondary
RAbsAnkleAngle_ax1,97,13.368410348892212,14,secondary
RAbsAnkleAngle_ax1,98,13.735228061676025,14,secondary
RAbsAnkleAngle_ax1,99,14.184394121170044,14,secondary
RAbsAnkleAngle_ax1,100,14.56787395477295,14,secondary
RAbsAnkleAngle_ax2,0,0.0,14,secondary
RAbsAnkleAngle_ax2,1,0.0,14,secondary
RAbsAnkleAngle_ax2,2,0.0,14,secondary
RAbsAnkleAngle_ax2,3,0.0,14,secondary
RAbsAnkleAngle_ax2,4,0.0,14,secondary
RAbsAnkleAngle_ax2,5,0.0,14,secondary
RAbsAnkleAngle_ax2,6,0.0,14,secondary
RAbsAnkleAngle_ax2,7,0.0,14,secondary
RAbsAnkleAngle_ax2,8,0.0,14,secondary
RAbsAnkleAngle_ax2,9,0.0,14,secondary
RAbsAnkleAngle_ax2,10,0.0,14,secondary
RAbsAnkleAngle_ax2,11,0.0,14,secondary
RAbsAnkleAngle_ax2,12,0.0,14,secondary
RAbsAnkleAngle_ax2,13,0.0,14,secondary
RAbsAnkleAngle_ax2,14,0.0,14,secondary
RAbsAnkleAngle_ax2,15,0.0,14,secondary
RAbsAnkleAngle_ax2,16,0.0,14,secondary
RAbsAnkleAngle_ax2,17,0.0,14,secondary
RAbsAnkleAngle_ax2,18,0.0,14,secondary
RAbsAnkleAngle_ax2,19,0.0,14,secondary
RAbsAnkleAngle_ax2,20,0.0,14,secondary
RAbsAnkleAngle_ax2,21,0.0,14,secondary
RAbsAnkleAngle_ax2,22,0.0,14,secondary
RAbsAnkleAngle_ax2,23,0.0,14,secondary
RAbsAnkleAngle_ax2,24,0.0,14,secondary
RAbsAnkleAngle_ax2,25,0.0,14,secondary
RAbsAnkleAngle_ax2,26,0.0,14,secondary
RAbsAnkleAngle_ax2,27,0.0,14,secondary
RAbsAnkleAngle_ax2,28,0.0,14,secondary
RAbsAnkleAngle_ax2,29,0.0,14,secondary
RAbsAnkleAngle_ax2,30,0.0,14,secondary
RAbsAnkleAngle_ax2,31,0.0,14,secondary
RAbsAnkleAngle_ax2,32,0.0,14,secondary
RAbsAnkleAngle_ax2,33,0.0,14,secondary
RAbsAnkleAngle_ax2,34,0.0,14,secondary
RAbsAnkleAngle_ax2,35,0.0,14,secondary
RAbsAnkleAngle_ax2,36,0.0,14,secondary
RAbsAnkleAngle_ax2,37,0.0,14,secondary
RAbsAnkleAngle_ax2,38,0.0,14,secondary
RAbsAnkleAngle_ax2,39,0.0,14,secondary
RAbsAnkleAngle_ax2,40,0.0,14,secondary
RAbsAnkleAngle_ax2,41,0.0,14,secondary
RAbsAnkleAngle_ax2,42,0.0,14,secondary
RAbsAnkleAngle_ax2,43,0.0,14,secondary
RAbsAnkleAngle_ax2,44,0.0,14,secondary
RAbsAnkleAngle_ax2,45,0.0,14,secondary
RAbsAnkleAngle_ax2,46,0.0,14,secondary
RAbsAnkleAngle_ax2,47,0.0,14,secondary
RAbsAnkleAngle_ax2,48,0.0,14,secondary
RAbsAnkleAngle_ax2,49,0.0,14,secondary
RAbsAnkleAngle_ax2,50,0.0,14,secondary
RAbsAnkleAngle_ax2,51,0.0,14,secondary
RAbsAnkleAngle_ax2,52,0.0,14,secondary
RAbsAnkleAngle_ax2,53,0.0,14,secondary
RAbsAnkleAngle_ax2,54,0.0,14,secondary
RAbsAnkleAngle_ax2,55,0.0,14,secondary
RAbsAnkleAngle_ax2,56,0.0,14,secondary
RAbsAnkleAngle_ax2,57,0.0,14,secondary
RAbsAnkleAngle_ax2,58,0.0,14,secondary
RAbsAnkleAngle_ax2,59,0.0,14,secondary
RAbsAnkleAngle_ax2,60,0.0,14,secondary
RAbsAnkleAngle_ax2,61,0.0,14,secondary
RAbsAnkleAngle_ax2,62,0.0,14,secondary
RAbsAnkleAngle_ax2,63,0.0,14,secondary
RAbsAnkleAngle_ax2,64,0.0,14,secondary
RAbsAnkleAngle_ax2,65,0.0,14,secondary
RAbsAnkleAngle_ax2,66,0.0,14,secondary
RAbsAnkleAngle_ax2,67,0.0,14,secondary
RAbsAnkleAngle_ax2,68,0.0,14,secondary
RAbsAnkleAngle_ax2,69,0.0,14,secondary
RAbsAnkleAngle_ax2,70,0.0,14,secondary
RAbsAnkleAngle_ax2,71,0.0,14,secondary
RAbsAnkleAngle_ax2,72,0.0,14,secondary
RAbsAnkleAngle_ax2,73,0.0,14,secondary
RAbsAnkleAngle_ax2,74,0.0,14,secondary
RAbsAnkleAngle_ax2,75,0.0,14,secondary
RAbsAnkleAngle_ax2,76,0.0,14,secondary
RAbsAnkleAngle_ax2,77,0.0,14,secondary
RAbsAnkleAngle_ax2,78,0.0,14,secondary
RAbsAnkleAngle_ax2,79,0.0,14,secondary
RAbsAnkleAngle_ax2,80,0.0,14,secondary
RAbsAnkleAngle_ax2,81,0.0,14,secondary
RAbsAnkleAngle_ax2,82,0.0,14,secondary
RAbsAnkleAngle_ax2,83,0.0,14,secondary
RAbsAnkleAngle_ax2,84,0.0,14,secondary
RAbsAnkleAngle_ax2,85,0.0,14,secondary
RAbsAnkleAngle_ax2,86,0.0,14,secondary
RAbsAnkleAngle_ax2,87,0.0,14,secondary
RAbsAnkleAngle_ax2,88,0.0,14,secondary
RAbsAnkleAngle_ax2,89,0.0,14,secondary
RAbsAnkleAngle_ax2,90,0.0,14,secondary
RAbsAnkleAngle_ax2,91,0.0,14,secondary
RAbsAnkleAngle_ax2,92,0.0,14,secondary
RAbsAnkleAngle_ax2,93,0.0,14,secondary
RAbsAnkleAngle_ax2,94,0.0,14,secondary
RAbsAnkleAngle_ax2,95,0.0,14,secondary
RAbsAnkleAngle_ax2,96,0.0,14,secondary
RAbsAnkleAngle_ax2,97,0.0,14,secondary
RAbsAnkleAngle_ax2,98,0.0,14,secondary
RAbsAnkleAngle_ax2,99,0.0,14,secondary
RAbsAnkleAngle_ax2,100,0.0,14,secondary
RAbsAnkleAngle_ax3,0,0.0,14,secondary
RAbsAnkleAngle_ax3,1,0.0,14,secondary
RAbsAnkleAngle_ax3,2,0.0,14,secondary
RAbsAnkleAngle_ax3,3,0.0,14,secondary
RAbsAnkleAngle_ax3,4,0.0,14,secondary
RAbsAnkleAngle_ax3,5,0.0,14,secondary
RAbsAnkleAngle_ax3,6,0.0,14,secondary
RAbsAnkleAngle_ax3,7,0.0,14,secondary
RAbsAnkleAngle_ax3,8,0.0,14,secondary
RAbsAnkleAngle_ax3,9,0.0,14,secondary
RAbsAnkleAngle_ax3,10,0.0,14,secondary
RAbsAnkleAngle_ax3,11,0.0,14,secondary
RAbsAnkleAngle_ax3,12,0.0,14,secondary
RAbsAnkleAngle_ax3,13,0.0,14,secondary
RAbsAnkleAngle_ax3,14,0.0,14,secondary
RAbsAnkleAngle_ax3,15,0.0,14,secondary
RAbsAnkleAngle_ax3,16,0.0,14,secondary
RAbsAnkleAngle_ax3,17,0.0,14,secondary
RAbsAnkleAngle_ax3,18,0.0,14,secondary
RAbsAnkleAngle_ax3,19,0.0,14,secondary
RAbsAnkleAngle_ax3,20,0.0,14,secondary
RAbsAnkleAngle_ax3,21,0.0,14,secondary
RAbsAnkleAngle_ax3,22,0.0,14,secondary
RAbsAnkleAngle_ax3,23,0.0,14,secondary
RAbsAnkleAngle_ax3,24,0.0,14,secondary
RAbsAnkleAngle_ax3,25,0.0,14,secondary
RAbsAnkleAngle_ax3,26,0.0,14,secondary
RAbsAnkleAngle_ax3,27,0.0,14,secondary
RAbsAnkleAngle_ax3,28,0.0,14,secondary
RAbsAnkleAngle_ax3,29,0.0,14,secondary
RAbsAnkleAngle_ax3,30,0.0,14,secondary
RAbsAnkleAngle_ax3,31,0.0,14,secondary
RAbsAnkleAngle_ax3,32,0.0,14,secondary
RAbsAnkleAngle_ax3,33,0.0,14,secondary
RAbsAnkleAngle_ax3,34,0.0,14,secondary
RAbsAnkleAngle_ax3,35,0.0,14,secondary
RAbsAnkleAngle_ax3,36,0.0,14,secondary
RAbsAnkleAngle_ax3,37,0.0,14,secondary
RAbsAnkleAngle_ax3,38,0.0,14,secondary
RAbsAnkleAngle_ax3,39,0.0,14,secondary
RAbsAnkleAngle_ax3,40,0.0,14,secondary
RAbsAnkleAngle_ax3,41,0.0,14,secondary
RAbsAnkleAngle_ax3,42,0.0,14,secondary
RAbsAnkleAngle_ax3,43,0.0,14,secondary
RAbsAnkleAngle_ax3,44,0.0,14,secondary
RAbsAnkleAngle_ax3,45,0.0,14,secondary
RAbsAnkleAngle_ax3,46,0.0,14,secondary
RAbsAnkleAngle_ax3,47,0.0,14,secondary
RAbsAnkleAngle_ax3,48,0.0,14,secondary
RAbsAnkleAngle_ax3,49,0.0,14,secondary
RAbsAnkleAngle_ax3,50,0.0,14,secondary
RAbsAnkleAngle_ax3,51,0.0,14,secondary
RAbsAnkleAngle_ax3,52,0.0,14,secondary
RAbsAnkleAngle_ax3,53,0.0,14,secondary
RAbsAnkleAngle_ax3,54,0.0,14,secondary
RAbsAnkleAngle_ax3,55,0.0,14,secondary
RAbsAnkleAngle_ax3,56,0.0,14,secondary
RAbsAnkleAngle_ax3,57,0.0,14,secondary
RAbsAnkleAngle_ax3,58,0.0,14,secondary
RAbsAnkleAngle_ax3,59,0.0,14,secondary
RAbsAnkleAngle_ax3,60,0.0,14,secondary
RAbsAnkleAngle_ax3,61,0.0,14,secondary
RAbsAnkleAngle_ax3,62,0.0,14,secondary
RAbsAnkleAngle_ax3,63,0.0,14,secondary
RAbsAnkleAngle_ax3,64,0.0,14,secondary
RAbsAnkleAngle_ax3,65,0.0,14,secondary
RAbsAnkleAngle_ax3,66,0.0,14,secondary
RAbsAnkleAngle_ax3,67,0.0,14,secondary
RAbsAnkleAngle_ax3,68,0.0,14,secondary
RAbsAnkleAngle_ax3,69,0.0,14,secondary
RAbsAnkleAngle_ax3,70,0.0,14,secondary
RAbsAnkleAngle_ax3,71,0.0,14,secondary
RAbsAnkleAngle_ax3,72,0.0,14,secondary
RAbsAnkleAngle_ax3,73,0.0,14,secondary
RAbsAnkleAngle_ax3,74,0.0,14,secondary
RAbsAnkleAngle_ax3,75,0.0,14,secondary
RAbsAnkleAngle_ax3,76,0.0,14,secondary
RAbsAnkleAngle_ax3,77,0.0,14,secondary
RAbsAnkleAngle_ax3,78,0.0,14,secondary
RAbsAnkleAngle_ax3,79,0.0,14,secondary
RAbsAnkleAngle_ax3,80,0.0,14,secondary
RAbsAnkleAngle_ax3,81,0.0,14,secondary
RAbsAnkleAngle_ax3,82,0.0,14,secondary
RAbsAnkleAngle_ax3,83,0.0,14,secondary
RAbsAnkleAngle_ax3,84,0.0,14,secondary
RAbsAnkleAngle_ax3,85,0.0,14,secondary
RAbsAnkleAngle_ax3,86,0.0,14,secondary
RAbsAnkleAngle_ax3,87,0.0,14,secondary
RAbsAnkleAngle_ax3,88,0.0,14,secondary
RAbsAnkleAngle_ax3,89,0.0,14,secondary
RAbsAnkleAngle_ax3,90,0.0,14,secondary
RAbsAnkleAngle_ax3,91,0.0,14,secondary
RAbsAnkleAngle_ax3,92,0.0,14,secondary
RAbsAnkleAngle_ax3,93,0.0,14,secondary
RAbsAnkleAngle_ax3,94,0.0,14,secondary
RAbsAnkleAngle_ax3,95,0.0,14,secondary
RAbsAnkleAngle_ax3,96,0.0,14,secondary
RAbsAnkleAngle_ax3,97,0.0,14,secondary
RAbsAnkleAngle_ax3,98,0.0,14,secondary
RAbsAnkleAngle_ax3,99,0.0,14,secondary
RAbsAnkleAngle_ax3,100,0.0,14,secondary
LHEE_ax1,0,595.6760559082031,14,secondary
LHEE_ax1,1,593.6290588378906,14,secondary
LHEE_ax1,2,592.7629547119141,14,secondary
LHEE_ax1,3,592.8567962646484,14,secondary
LHEE_ax1,4,597.4876556396484,14,secondary
LHEE_ax1,5,602.763671875,14,secondary
LHEE_ax1,6,608.7897796630859,14,secondary
LHEE_ax1,7,615.8718414306641,14,secondary
LHEE_ax1,8,624.327880859375,14,secondary
LHEE_ax1,9,630.7868041992188,14,secondary
LHEE_ax1,10,638.6266174316406,14,secondary
LHEE_ax1,11,647.4076538085938,14,secondary
LHEE_ax1,12,657.0255126953125,14,secondary
LHEE_ax1,13,667.65283203125,14,secondary
LHEE_ax1,14,679.8343505859375,14,secondary
LHEE_ax1,15,690.8311767578125,14,secondary
LHEE_ax1,16,691.1319122314453,14,secondary
LHEE_ax1,17,691.27197265625,14,secondary
LHEE_ax1,18,691.3122406005859,14,secondary
LHEE_ax1,19,692.0223236083984,14,secondary
LHEE_ax1,20,705.4815979003906,14,secondary
LHEE_ax1,21,718.552490234375,14,secondary
LHEE_ax1,22,743.7975158691406,14,secondary
LHEE_ax1,23,738.6259002685547,14,secondary
LHEE_ax1,24,751.7494964599609,14,secondary
LHEE_ax1,25,741.5282135009766,14,secondary
LHEE_ax1,26,744.4198150634766,14,secondary
LHEE_ax1,27,758.5883941650391,14,secondary
LHEE_ax1,28,773.7362823486328,14,secondary
LHEE_ax1,29,786.3925628662109,14,secondary
LHEE_ax1,30,787.3495178222656,14,secondary
LHEE_ax1,31,795.9382934570312,14,secondary
LHEE_ax1,32,804.8012084960938,14,secondary
LHEE_ax1,33,813.8890228271484,14,secondary
LHEE_ax1,34,822.2381591796875,14,secondary
LHEE_ax1,35,838.2116088867188,14,secondary
LHEE_ax1,36,862.1959991455078,14,secondary
LHEE_ax1,37,888.73681640625,14,secondary
LHEE_ax1,38,913.0264282226562,14,secondary
LHEE_ax1,39,925.7491455078125,14,secondary
LHEE_ax1,40,930.8965148925781,14,secondary
LHEE_ax1,41,963.1886291503906,14,secondary
LHEE_ax1,42,988.6036987304688,14,secondary
LHEE_ax1,43,984.301025390625,14,secondary
LHEE_ax1,44,994.8574523925781,14,secondary
LHEE_ax1,45,993.9582214355469,14,secondary
LHEE_ax1,46,989.7881469726562,14,secondary
LHEE_ax1,47,990.6322631835938,14,secondary
LHEE_ax1,48,1008.3689270019531,14,secondary
LHEE_ax1,49,1024.4840698242188,14,secondary
LHEE_ax1,50,1036.7740478515625,14,secondary
LHEE_ax1,51,1045.43310546875,14,secondary
LHEE_ax1,52,1051.294677734375,14,secondary
LHEE_ax1,53,1055.070556640625,14,secondary
LHEE_ax1,54,1057.609375,14,secondary
LHEE_ax1,55,1059.78076171875,14,secondary
LHEE_ax1,56,1060.4747924804688,14,secondary
LHEE_ax1,57,1056.7525024414062,14,secondary
LHEE_ax1,58,1051.86474609375,14,secondary
LHEE_ax1,59,1058.7950439453125,14,secondary
LHEE_ax1,60,1066.9620361328125,14,secondary
LHEE_ax1,61,1074.71484375,14,secondary
LHEE_ax1,62,1075.5642700195312,14,secondary
LHEE_ax1,63,1076.0214233398438,14,secondary
LHEE_ax1,64,1071.7081909179688,14,secondary
LHEE_ax1,65,1061.66845703125,14,secondary
LHEE_ax1,66,1063.570068359375,14,secondary
LHEE_ax1,67,1065.6603698730469,14,secondary
LHEE_ax1,68,1063.4575805664062,14,secondary
LHEE_ax1,69,1060.9789428710938,14,secondary
LHEE_ax1,70,1057.138412475586,14,secondary
LHEE_ax1,71,1057.223617553711,14,secondary
LHEE_ax1,72,1055.2579193115234,14,secondary
LHEE_ax1,73,1053.6820373535156,14,secondary
LHEE_ax1,74,1060.4742431640625,14,secondary
LHEE_ax1,75,1067.5649108886719,14,secondary
LHEE_ax1,76,1074.9119873046875,14,secondary
LHEE_ax1,77,1082.6109924316406,14,secondary
LHEE_ax1,78,1087.0733032226562,14,secondary
LHEE_ax1,79,1091.8902282714844,14,secondary
LHEE_ax1,80,1091.8328857421875,14,secondary
LHEE_ax1,81,1091.8129577636719,14,secondary
LHEE_ax1,82,1109.1410217285156,14,secondary
LHEE_ax1,83,1119.7043762207031,14,secondary
LHEE_ax1,84,1119.8015441894531,14,secondary
LHEE_ax1,85,1119.8576354980469,14,secondary
LHEE_ax1,86,1131.342041015625,14,secondary
LHEE_ax1,87,1153.3279418945312,14,secondary
LHEE_ax1,88,1164.5853576660156,14,secondary
LHEE_ax1,89,1166.1875610351562,14,secondary
LHEE_ax1,90,1183.8486633300781,14,secondary
LHEE_ax1,91,1215.9696655273438,14,secondary
LHEE_ax1,92,1220.9700317382812,14,secondary
LHEE_ax1,93,1224.3899536132812,14,secondary
LHEE_ax1,94,1243.7435302734375,14,secondary
LHEE_ax1,95,1261.8511962890625,14,secondary
LHEE_ax1,96,1276.1852416992188,14,secondary
LHEE_ax1,97,1279.1893005371094,14,secondary
LHEE_ax1,98,1292.1677551269531,14,secondary
LHEE_ax1,99,1303.2296752929688,14,secondary
LHEE_ax1,100,1304.3921203613281,14,secondary
LHEE_ax2,0,298.38356018066406,14,secondary
LHEE_ax2,1,298.35069274902344,14,secondary
LHEE_ax2,2,298.2824249267578,14,secondary
LHEE_ax2,3,298.18536376953125,14,secondary
LHEE_ax2,4,298.0871887207031,14,secondary
LHEE_ax2,5,299.375,14,secondary
LHEE_ax2,6,299.93589782714844,14,secondary
LHEE_ax2,7,298.32823181152344,14,secondary
LHEE_ax2,8,298.2865753173828,14,secondary
LHEE_ax2,9,298.56309509277344,14,secondary
LHEE_ax2,10,298.2549133300781,14,secondary
LHEE_ax2,11,297.69749450683594,14,secondary
LHEE_ax2,12,296.8355255126953,14,secondary
LHEE_ax2,13,296.75474548339844,14,secondary
LHEE_ax2,14,296.8138732910156,14,secondary
LHEE_ax2,15,296.82960510253906,14,secondary
LHEE_ax2,16,296.7477569580078,14,secondary
LHEE_ax2,17,297.734619140625,14,secondary
LHEE_ax2,18,299.2637481689453,14,secondary
LHEE_ax2,19,299.688720703125,14,secondary
LHEE_ax2,20,299.7547912597656,14,secondary
LHEE_ax2,21,298.71092224121094,14,secondary
LHEE_ax2,22,299.0649719238281,14,secondary
LHEE_ax2,23,298.7957305908203,14,secondary
LHEE_ax2,24,298.56494140625,14,secondary
LHEE_ax2,25,299.7093048095703,14,secondary
LHEE_ax2,26,300.36253356933594,14,secondary
LHEE_ax2,27,299.8312530517578,14,secondary
LHEE_ax2,28,298.99652099609375,14,secondary
LHEE_ax2,29,298.6437225341797,14,secondary
LHEE_ax2,30,298.98130798339844,14,secondary
LHEE_ax2,31,299.0885467529297,14,secondary
LHEE_ax2,32,299.0718536376953,14,secondary
LHEE_ax2,33,299.0690002441406,14,secondary
LHEE_ax2,34,299.2411804199219,14,secondary
LHEE_ax2,35,299.5970001220703,14,secondary
LHEE_ax2,36,300.3470458984375,14,secondary
LHEE_ax2,37,300.9050598144531,14,secondary
LHEE_ax2,38,301.0126190185547,14,secondary
LHEE_ax2,39,301.11659240722656,14,secondary
LHEE_ax2,40,301.2295837402344,14,secondary
LHEE_ax2,41,301.3238983154297,14,secondary
LHEE_ax2,42,301.24366760253906,14,secondary
LHEE_ax2,43,301.34336853027344,14,secondary
LHEE_ax2,44,301.87750244140625,14,secondary
LHEE_ax2,45,301.87464904785156,14,secondary
LHEE_ax2,46,301.51771545410156,14,secondary
LHEE_ax2,47,301.4391784667969,14,secondary
LHEE_ax2,48,303.3963317871094,14,secondary
LHEE_ax2,49,303.4789581298828,14,secondary
LHEE_ax2,50,303.6490783691406,14,secondary
LHEE_ax2,51,303.89830017089844,14,secondary
LHEE_ax2,52,303.9128723144531,14,secondary
LHEE_ax2,53,303.9928894042969,14,secondary
LHEE_ax2,54,304.16139221191406,14,secondary
LHEE_ax2,55,304.3623962402344,14,secondary
LHEE_ax2,56,304.5664978027344,14,secondary
LHEE_ax2,57,304.70172119140625,14,secondary
LHEE_ax2,58,304.3172912597656,14,secondary
LHEE_ax2,59,304.9148864746094,14,secondary
LHEE_ax2,60,304.6765594482422,14,secondary
LHEE_ax2,61,305.0285949707031,14,secondary
LHEE_ax2,62,305.49908447265625,14,secondary
LHEE_ax2,63,304.9389190673828,14,secondary
LHEE_ax2,64,304.5753936767578,14,secondary
LHEE_ax2,65,304.1856384277344,14,secondary
LHEE_ax2,66,303.6009216308594,14,secondary
LHEE_ax2,67,303.28302001953125,14,secondary
LHEE_ax2,68,305.0558166503906,14,secondary
LHEE_ax2,69,307.31410217285156,14,secondary
LHEE_ax2,70,309.72071838378906,14,secondary
LHEE_ax2,71,310.5602569580078,14,secondary
LHEE_ax2,72,310.4297180175781,14,secondary
LHEE_ax2,73,310.1018981933594,14,secondary
LHEE_ax2,74,310.23060607910156,14,secondary
LHEE_ax2,75,310.75225830078125,14,secondary
LHEE_ax2,76,311.25531005859375,14,secondary
LHEE_ax2,77,311.82334899902344,14,secondary
LHEE_ax2,78,311.71852111816406,14,secondary
LHEE_ax2,79,311.6474914550781,14,secondary
LHEE_ax2,80,311.441650390625,14,secondary
LHEE_ax2,81,311.232177734375,14,secondary
LHEE_ax2,82,310.6960906982422,14,secondary
LHEE_ax2,83,310.2198028564453,14,secondary
LHEE_ax2,84,310.09730529785156,14,secondary
LHEE_ax2,85,309.4866638183594,14,secondary
LHEE_ax2,86,309.74012756347656,14,secondary
LHEE_ax2,87,309.7360382080078,14,secondary
LHEE_ax2,88,311.40264892578125,14,secondary
LHEE_ax2,89,311.36964416503906,14,secondary
LHEE_ax2,90,308.8041076660156,14,secondary
LHEE_ax2,91,309.6133117675781,14,secondary
LHEE_ax2,92,311.03192138671875,14,secondary
LHEE_ax2,93,313.43096923828125,14,secondary
LHEE_ax2,94,313.47911071777344,14,secondary
LHEE_ax2,95,313.15924072265625,14,secondary
LHEE_ax2,96,312.8673095703125,14,secondary
LHEE_ax2,97,313.35853576660156,14,secondary
LHEE_ax2,98,314.45721435546875,14,secondary
LHEE_ax2,99,314.83009338378906,14,secondary
LHEE_ax2,100,316.17388916015625,14,secondary
LHEE_ax3,0,74.86358451843262,14,secondary
LHEE_ax3,1,75.45479202270508,14,secondary
LHEE_ax3,2,72.81927871704102,14,secondary
LHEE_ax3,3,70.01023864746094,14,secondary
LHEE_ax3,4,68.56385803222656,14,secondary
LHEE_ax3,5,69.24271011352539,14,secondary
LHEE_ax3,6,71.78953552246094,14,secondary
LHEE_ax3,7,72.88395690917969,14,secondary
LHEE_ax3,8,74.39722061157227,14,secondary
LHEE_ax3,9,76.15084838867188,14,secondary
LHEE_ax3,10,77.90376281738281,14,secondary
LHEE_ax3,11,79.56131172180176,14,secondary
LHEE_ax3,12,82.93746757507324,14,secondary
LHEE_ax3,13,86.51416969299316,14,secondary
LHEE_ax3,14,90.27310752868652,14,secondary
LHEE_ax3,15,94.21602058410645,14,secondary
LHEE_ax3,16,98.34061622619629,14,secondary
LHEE_ax3,17,102.53964042663574,14,secondary
LHEE_ax3,18,106.71395111083984,14,secondary
LHEE_ax3,19,110.71831512451172,14,secondary
LHEE_ax3,20,114.38314437866211,14,secondary
LHEE_ax3,21,117.59062576293945,14,secondary
LHEE_ax3,22,120.22850036621094,14,secondary
LHEE_ax3,23,122.11952209472656,14,secondary
LHEE_ax3,24,123.30389404296875,14,secondary
LHEE_ax3,25,123.82642936706543,14,secondary
LHEE_ax3,26,123.70438385009766,14,secondary
LHEE_ax3,27,122.87007522583008,14,secondary
LHEE_ax3,28,120.54214668273926,14,secondary
LHEE_ax3,29,117.5985221862793,14,secondary
LHEE_ax3,30,114.54294013977051,14,secondary
LHEE_ax3,31,111.4347152709961,14,secondary
LHEE_ax3,32,108.32628440856934,14,secondary
LHEE_ax3,33,105.27237892150879,14,secondary
LHEE_ax3,34,102.32827949523926,14,secondary
LHEE_ax3,35,99.64407730102539,14,secondary
LHEE_ax3,36,96.53280258178711,14,secondary
LHEE_ax3,37,92.86964416503906,14,secondary
LHEE_ax3,38,90.40353775024414,14,secondary
LHEE_ax3,39,85.5750675201416,14,secondary
LHEE_ax3,40,80.30505180358887,14,secondary
LHEE_ax3,41,77.96689224243164,14,secondary
LHEE_ax3,42,75.56647491455078,14,secondary
LHEE_ax3,43,71.8315200805664,14,secondary
LHEE_ax3,44,70.48365020751953,14,secondary
LHEE_ax3,45,71.30938339233398,14,secondary
LHEE_ax3,46,72.60402297973633,14,secondary
LHEE_ax3,47,72.34846878051758,14,secondary
LHEE_ax3,48,72.53791809082031,14,secondary
LHEE_ax3,49,72.98381042480469,14,secondary
LHEE_ax3,50,73.21636581420898,14,secondary
LHEE_ax3,51,73.48970794677734,14,secondary
LHEE_ax3,52,73.87996673583984,14,secondary
LHEE_ax3,53,74.58944702148438,14,secondary
LHEE_ax3,54,77.04865455627441,14,secondary
LHEE_ax3,55,80.52677726745605,14,secondary
LHEE_ax3,56,87.97395133972168,14,secondary
LHEE_ax3,57,95.38899993896484,14,secondary
LHEE_ax3,58,103.75691795349121,14,secondary
LHEE_ax3,59,113.10718727111816,14,secondary
LHEE_ax3,60,123.41319847106934,14,secondary
LHEE_ax3,61,134.6272487640381,14,secondary
LHEE_ax3,62,146.53564453125,14,secondary
LHEE_ax3,63,158.75248336791992,14,secondary
LHEE_ax3,64,170.90034103393555,14,secondary
LHEE_ax3,65,182.5633659362793,14,secondary
LHEE_ax3,66,191.80504417419434,14,secondary
LHEE_ax3,67,199.11456298828125,14,secondary
LHEE_ax3,68,204.48788452148438,14,secondary
LHEE_ax3,69,208.0711498260498,14,secondary
LHEE_ax3,70,210.26633071899414,14,secondary
LHEE_ax3,71,211.09556770324707,14,secondary
LHEE_ax3,72,210.56388473510742,14,secondary
LHEE_ax3,73,208.6743927001953,14,secondary
LHEE_ax3,74,207.95941543579102,14,secondary
LHEE_ax3,75,205.8736228942871,14,secondary
LHEE_ax3,76,202.06151390075684,14,secondary
LHEE_ax3,77,196.79378700256348,14,secondary
LHEE_ax3,78,190.1002426147461,14,secondary
LHEE_ax3,79,182.48904991149902,14,secondary
LHEE_ax3,80,173.89578819274902,14,secondary
LHEE_ax3,81,164.4174861907959,14,secondary
LHEE_ax3,82,154.4852066040039,14,secondary
LHEE_ax3,83,143.9941234588623,14,secondary
LHEE_ax3,84,132.0479564666748,14,secondary
LHEE_ax3,85,119.72854042053223,14,secondary
LHEE_ax3,86,107.2329216003418,14,secondary
LHEE_ax3,87,95.82725143432617,14,secondary
LHEE_ax3,88,87.65786743164062,14,secondary
LHEE_ax3,89,80.8359317779541,14,secondary
LHEE_ax3,90,79.09014511108398,14,secondary
LHEE_ax3,91,75.29304695129395,14,secondary
LHEE_ax3,92,73.90721130371094,14,secondary
LHEE_ax3,93,73.39772415161133,14,secondary
LHEE_ax3,94,73.03107261657715,14,secondary
LHEE_ax3,95,73.12740707397461,14,secondary
LHEE_ax3,96,73.21328735351562,14,secondary
LHEE_ax3,97,73.64614486694336,14,secondary
LHEE_ax3,98,73.14596176147461,14,secondary
LHEE_ax3,99,72.73854064941406,14,secondary
LHEE_ax3,100,73.57390975952148,14,secondary
RHEE_ax1,0,648.4111175537109,14,secondary
RHEE_ax1,1,649.5508270263672,14,secondary
RHEE_ax1,2,650.7728652954102,14,secondary
RHEE_ax1,3,652.0154724121094,14,secondary
RHEE_ax1,4,654.1064987182617,14,secondary
RHEE_ax1,5,656.6566619873047,14,secondary
RHEE_ax1,6,660.251953125,14,secondary
RHEE_ax1,7,665.6867065429688,14,secondary
RHEE_ax1,8,672.4501953125,14,secondary
RHEE_ax1,9,680.7144012451172,14,secondary
RHEE_ax1,10,687.8542022705078,14,secondary
RHEE_ax1,11,697.1710357666016,14,secondary
RHEE_ax1,12,707.6262512207031,14,secondary
RHEE_ax1,13,718.3786926269531,14,secondary
RHEE_ax1,14,728.83935546875,14,secondary
RHEE_ax1,15,739.8289489746094,14,secondary
RHEE_ax1,16,737.2141723632812,14,secondary
RHEE_ax1,17,724.3977661132812,14,secondary
RHEE_ax1,18,723.3511962890625,14,secondary
RHEE_ax1,19,717.3637390136719,14,secondary
RHEE_ax1,20,712.5648193359375,14,secondary
RHEE_ax1,21,734.6384887695312,14,secondary
RHEE_ax1,22,747.1903076171875,14,secondary
RHEE_ax1,23,759.9066772460938,14,secondary
RHEE_ax1,24,780.5390319824219,14,secondary
RHEE_ax1,25,790.4526062011719,14,secondary
RHEE_ax1,26,781.4995727539062,14,secondary
RHEE_ax1,27,780.2889251708984,14,secondary
RHEE_ax1,28,788.0613250732422,14,secondary
RHEE_ax1,29,796.2613983154297,14,secondary
RHEE_ax1,30,805.71240234375,14,secondary
RHEE_ax1,31,800.4482879638672,14,secondary
RHEE_ax1,32,800.1762542724609,14,secondary
RHEE_ax1,33,823.2973937988281,14,secondary
RHEE_ax1,34,829.8678588867188,14,secondary
RHEE_ax1,35,831.5813598632812,14,secondary
RHEE_ax1,36,850.3085632324219,14,secondary
RHEE_ax1,37,869.4218444824219,14,secondary
RHEE_ax1,38,851.40673828125,14,secondary
RHEE_ax1,39,841.4324798583984,14,secondary
RHEE_ax1,40,869.8840179443359,14,secondary
RHEE_ax1,41,864.2314453125,14,secondary
RHEE_ax1,42,843.7138061523438,14,secondary
RHEE_ax1,43,836.2457275390625,14,secondary
RHEE_ax1,44,842.7278137207031,14,secondary
RHEE_ax1,45,855.5281677246094,14,secondary
RHEE_ax1,46,855.2167663574219,14,secondary
RHEE_ax1,47,843.2012634277344,14,secondary
RHEE_ax1,48,832.1445617675781,14,secondary
RHEE_ax1,49,823.1393127441406,14,secondary
RHEE_ax1,50,813.4068908691406,14,secondary
RHEE_ax1,51,812.0270385742188,14,secondary
RHEE_ax1,52,819.4838562011719,14,secondary
RHEE_ax1,53,825.9952239990234,14,secondary
RHEE_ax1,54,828.3711853027344,14,secondary
RHEE_ax1,55,826.8243560791016,14,secondary
RHEE_ax1,56,824.5922241210938,14,secondary
RHEE_ax1,57,822.0131225585938,14,secondary
RHEE_ax1,58,824.7778930664062,14,secondary
RHEE_ax1,59,831.4160766601562,14,secondary
RHEE_ax1,60,839.6543273925781,14,secondary
RHEE_ax1,61,849.7484436035156,14,secondary
RHEE_ax1,62,865.7981262207031,14,secondary
RHEE_ax1,63,881.2578125,14,secondary
RHEE_ax1,64,892.9544677734375,14,secondary
RHEE_ax1,65,915.8161926269531,14,secondary
RHEE_ax1,66,942.6504821777344,14,secondary
RHEE_ax1,67,969.697509765625,14,secondary
RHEE_ax1,68,996.75634765625,14,secondary
RHEE_ax1,69,1011.9818572998047,14,secondary
RHEE_ax1,70,1039.549331665039,14,secondary
RHEE_ax1,71,1054.8802032470703,14,secondary
RHEE_ax1,72,1055.5494384765625,14,secondary
RHEE_ax1,73,1069.8579711914062,14,secondary
RHEE_ax1,74,1081.3887329101562,14,secondary
RHEE_ax1,75,1093.9276123046875,14,secondary
RHEE_ax1,76,1107.7386474609375,14,secondary
RHEE_ax1,77,1092.818359375,14,secondary
RHEE_ax1,78,1091.5750732421875,14,secondary
RHEE_ax1,79,1091.75927734375,14,secondary
RHEE_ax1,80,1093.7665405273438,14,secondary
RHEE_ax1,81,1111.4245300292969,14,secondary
RHEE_ax1,82,1114.2991027832031,14,secondary
RHEE_ax1,83,1116.1225280761719,14,secondary
RHEE_ax1,84,1135.31689453125,14,secondary
RHEE_ax1,85,1174.241943359375,14,secondary
RHEE_ax1,86,1195.4360656738281,14,secondary
RHEE_ax1,87,1216.6735229492188,14,secondary
RHEE_ax1,88,1220.4530029296875,14,secondary
RHEE_ax1,89,1221.2737121582031,14,secondary
RHEE_ax1,90,1242.2830505371094,14,secondary
RHEE_ax1,91,1269.3114318847656,14,secondary
RHEE_ax1,92,1300.5857238769531,14,secondary
RHEE_ax1,93,1315.1515808105469,14,secondary
RHEE_ax1,94,1325.3949890136719,14,secondary
RHEE_ax1,95,1335.1160583496094,14,secondary
RHEE_ax1,96,1344.1790161132812,14,secondary
RHEE_ax1,97,1353.8018798828125,14,secondary
RHEE_ax1,98,1369.1564636230469,14,secondary
RHEE_ax1,99,1376.36474609375,14,secondary
RHEE_ax1,100,1388.8319396972656,14,secondary
RHEE_ax2,0,276.0083923339844,14,secondary
RHEE_ax2,1,276.8495178222656,14,secondary
RHEE_ax2,2,277.16058349609375,14,secondary
RHEE_ax2,3,277.31004333496094,14,secondary
RHEE_ax2,4,277.3860168457031,14,secondary
RHEE_ax2,5,277.7298889160156,14,secondary
RHEE_ax2,6,278.1766815185547,14,secondary
RHEE_ax2,7,277.4892883300781,14,secondary
RHEE_ax2,8,276.65391540527344,14,secondary
RHEE_ax2,9,275.8169860839844,14,secondary
RHEE_ax2,10,275.11985778808594,14,secondary
RHEE_ax2,11,274.58375549316406,14,secondary
RHEE_ax2,12,274.22308349609375,14,secondary
RHEE_ax2,13,273.96791076660156,14,secondary
RHEE_ax2,14,272.5498809814453,14,secondary
RHEE_ax2,15,271.7279052734375,14,secondary
RHEE_ax2,16,271.4058532714844,14,secondary
RHEE_ax2,17,270.40452575683594,14,secondary
RHEE_ax2,18,270.0695037841797,14,secondary
RHEE_ax2,19,269.0118408203125,14,secondary
RHEE_ax2,20,268.6151580810547,14,secondary
RHEE_ax2,21,268.25401306152344,14,secondary
RHEE_ax2,22,268.5842590332031,14,secondary
RHEE_ax2,23,268.8665771484375,14,secondary
RHEE_ax2,24,269.0389404296875,14,secondary
RHEE_ax2,25,270.9616241455078,14,secondary
RHEE_ax2,26,272.4247283935547,14,secondary
RHEE_ax2,27,272.74082946777344,14,secondary
RHEE_ax2,28,271.64662170410156,14,secondary
RHEE_ax2,29,270.4154510498047,14,secondary
RHEE_ax2,30,269.48846435546875,14,secondary
RHEE_ax2,31,268.89720153808594,14,secondary
RHEE_ax2,32,268.36639404296875,14,secondary
RHEE_ax2,33,268.2241973876953,14,secondary
RHEE_ax2,34,268.2845916748047,14,secondary
RHEE_ax2,35,269.46263122558594,14,secondary
RHEE_ax2,36,271.128173828125,14,secondary
RHEE_ax2,37,272.67311096191406,14,secondary
RHEE_ax2,38,274.1336364746094,14,secondary
RHEE_ax2,39,275.3822784423828,14,secondary
RHEE_ax2,40,276.18910217285156,14,secondary
RHEE_ax2,41,275.45826721191406,14,secondary
RHEE_ax2,42,273.81524658203125,14,secondary
RHEE_ax2,43,270.11767578125,14,secondary
RHEE_ax2,44,269.1056671142578,14,secondary
RHEE_ax2,45,266.5369110107422,14,secondary
RHEE_ax2,46,267.7757110595703,14,secondary
RHEE_ax2,47,268.61045837402344,14,secondary
RHEE_ax2,48,269.02500915527344,14,secondary
RHEE_ax2,49,269.0376281738281,14,secondary
RHEE_ax2,50,268.99334716796875,14,secondary
RHEE_ax2,51,269.4503631591797,14,secondary
RHEE_ax2,52,269.8154296875,14,secondary
RHEE_ax2,53,270.2001953125,14,secondary
RHEE_ax2,54,270.6753234863281,14,secondary
RHEE_ax2,55,271.2572021484375,14,secondary
RHEE_ax2,56,271.9154357910156,14,secondary
RHEE_ax2,57,272.5955352783203,14,secondary
RHEE_ax2,58,273.2418975830078,14,secondary
RHEE_ax2,59,273.676513671875,14,secondary
RHEE_ax2,60,273.4045104980469,14,secondary
RHEE_ax2,61,273.24510192871094,14,secondary
RHEE_ax2,62,273.1825866699219,14,secondary
RHEE_ax2,63,273.13999938964844,14,secondary
RHEE_ax2,64,272.87611389160156,14,secondary
RHEE_ax2,65,272.2409362792969,14,secondary
RHEE_ax2,66,271.88722229003906,14,secondary
RHEE_ax2,67,271.86546325683594,14,secondary
RHEE_ax2,68,271.68017578125,14,secondary
RHEE_ax2,69,272.2404479980469,14,secondary
RHEE_ax2,70,272.30609130859375,14,secondary
RHEE_ax2,71,272.35328674316406,14,secondary
RHEE_ax2,72,272.387451171875,14,secondary
RHEE_ax2,73,272.4170684814453,14,secondary
RHEE_ax2,74,273.22210693359375,14,secondary
RHEE_ax2,75,273.7620544433594,14,secondary
RHEE_ax2,76,273.9039306640625,14,secondary
RHEE_ax2,77,274.8674011230469,14,secondary
RHEE_ax2,78,274.45367431640625,14,secondary
RHEE_ax2,79,274.5387268066406,14,secondary
RHEE_ax2,80,274.63385009765625,14,secondary
RHEE_ax2,81,274.6526794433594,14,secondary
RHEE_ax2,82,274.8634033203125,14,secondary
RHEE_ax2,83,275.13018798828125,14,secondary
RHEE_ax2,84,276.1573486328125,14,secondary
RHEE_ax2,85,276.4286193847656,14,secondary
RHEE_ax2,86,276.5001678466797,14,secondary
RHEE_ax2,87,276.5299987792969,14,secondary
RHEE_ax2,88,275.66978454589844,14,secondary
RHEE_ax2,89,274.6640625,14,secondary
RHEE_ax2,90,273.5169677734375,14,secondary
RHEE_ax2,91,272.72120666503906,14,secondary
RHEE_ax2,92,272.270751953125,14,secondary
RHEE_ax2,93,272.36622619628906,14,secondary
RHEE_ax2,94,272.653564453125,14,secondary
RHEE_ax2,95,272.0182342529297,14,secondary
RHEE_ax2,96,271.4726104736328,14,secondary
RHEE_ax2,97,272.4224395751953,14,secondary
RHEE_ax2,98,273.8474807739258,14,secondary
RHEE_ax2,99,274.5571594238281,14,secondary
RHEE_ax2,100,273.7073745727539,14,secondary
RHEE_ax3,0,74.97509765625,14,secondary
RHEE_ax3,1,74.58414840698242,14,secondary
RHEE_ax3,2,75.39250183105469,14,secondary
RHEE_ax3,3,77.27347946166992,14,secondary
RHEE_ax3,4,82.8775634765625,14,secondary
RHEE_ax3,5,88.45179176330566,14,secondary
RHEE_ax3,6,94.92862510681152,14,secondary
RHEE_ax3,7,102.37263107299805,14,secondary
RHEE_ax3,8,110.82218170166016,14,secondary
RHEE_ax3,9,118.41809272766113,14,secondary
RHEE_ax3,10,125.52792167663574,14,secondary
RHEE_ax3,11,133.36767196655273,14,secondary
RHEE_ax3,12,141.83262252807617,14,secondary
RHEE_ax3,13,150.80789375305176,14,secondary
RHEE_ax3,14,160.24699783325195,14,secondary
RHEE_ax3,15,170.01433563232422,14,secondary
RHEE_ax3,16,179.89959907531738,14,secondary
RHEE_ax3,17,188.92151069641113,14,secondary
RHEE_ax3,18,197.56002044677734,14,secondary
RHEE_ax3,19,205.55068588256836,14,secondary
RHEE_ax3,20,212.1896095275879,14,secondary
RHEE_ax3,21,216.56549644470215,14,secondary
RHEE_ax3,22,216.57433891296387,14,secondary
RHEE_ax3,23,213.69798278808594,14,secondary
RHEE_ax3,24,209.43649291992188,14,secondary
RHEE_ax3,25,202.91571807861328,14,secondary
RHEE_ax3,26,195.0191478729248,14,secondary
RHEE_ax3,27,186.0997657775879,14,secondary
RHEE_ax3,28,176.23575592041016,14,secondary
RHEE_ax3,29,165.60418701171875,14,secondary
RHEE_ax3,30,154.60660934448242,14,secondary
RHEE_ax3,31,143.63660049438477,14,secondary
RHEE_ax3,32,133.07602882385254,14,secondary
RHEE_ax3,33,122.9853630065918,14,secondary
RHEE_ax3,34,113.3129825592041,14,secondary
RHEE_ax3,35,104.17298126220703,14,secondary
RHEE_ax3,36,94.68740844726562,14,secondary
RHEE_ax3,37,86.96368026733398,14,secondary
RHEE_ax3,38,83.95936965942383,14,secondary
RHEE_ax3,39,81.71362686157227,14,secondary
RHEE_ax3,40,79.25995635986328,14,secondary
RHEE_ax3,41,76.54691886901855,14,secondary
RHEE_ax3,42,75.6184139251709,14,secondary
RHEE_ax3,43,74.94258689880371,14,secondary
RHEE_ax3,44,73.26047897338867,14,secondary
RHEE_ax3,45,71.64392852783203,14,secondary
RHEE_ax3,46,71.41030502319336,14,secondary
RHEE_ax3,47,71.06056594848633,14,secondary
RHEE_ax3,48,70.41917419433594,14,secondary
RHEE_ax3,49,71.29159355163574,14,secondary
RHEE_ax3,50,69.96779251098633,14,secondary
RHEE_ax3,51,67.47061157226562,14,secondary
RHEE_ax3,52,65.76773071289062,14,secondary
RHEE_ax3,53,65.24854278564453,14,secondary
RHEE_ax3,54,66.91813278198242,14,secondary
RHEE_ax3,55,67.21878051757812,14,secondary
RHEE_ax3,56,68.70156478881836,14,secondary
RHEE_ax3,57,72.89066696166992,14,secondary
RHEE_ax3,58,75.73757362365723,14,secondary
RHEE_ax3,59,78.51700401306152,14,secondary
RHEE_ax3,60,81.45622253417969,14,secondary
RHEE_ax3,61,84.61905479431152,14,secondary
RHEE_ax3,62,87.96553039550781,14,secondary
RHEE_ax3,63,91.45243263244629,14,secondary
RHEE_ax3,64,94.96466445922852,14,secondary
RHEE_ax3,65,98.44186019897461,14,secondary
RHEE_ax3,66,102.14140319824219,14,secondary
RHEE_ax3,67,105.77411842346191,14,secondary
RHEE_ax3,68,109.29115676879883,14,secondary
RHEE_ax3,69,112.73894882202148,14,secondary
RHEE_ax3,70,115.85185623168945,14,secondary
RHEE_ax3,71,118.38702392578125,14,secondary
RHEE_ax3,72,120.24788093566895,14,secondary
RHEE_ax3,73,121.25960159301758,14,secondary
RHEE_ax3,74,120.56747436523438,14,secondary
RHEE_ax3,75,119.3234977722168,14,secondary
RHEE_ax3,76,117.76695251464844,14,secondary
RHEE_ax3,77,116.01166534423828,14,secondary
RHEE_ax3,78,113.8687572479248,14,secondary
RHEE_ax3,79,111.37960052490234,14,secondary
RHEE_ax3,80,108.55284309387207,14,secondary
RHEE_ax3,81,105.43299865722656,14,secondary
RHEE_ax3,82,102.05899429321289,14,secondary
RHEE_ax3,83,98.45261001586914,14,secondary
RHEE_ax3,84,94.73931503295898,14,secondary
RHEE_ax3,85,91.02480125427246,14,secondary
RHEE_ax3,86,87.55738258361816,14,secondary
RHEE_ax3,87,86.54109382629395,14,secondary
RHEE_ax3,88,81.58506774902344,14,secondary
RHEE_ax3,89,78.69940185546875,14,secondary
RHEE_ax3,90,74.51602554321289,14,secondary
RHEE_ax3,91,73.86594200134277,14,secondary
RHEE_ax3,92,73.22895812988281,14,secondary
RHEE_ax3,93,71.04684066772461,14,secondary
RHEE_ax3,94,70.52387237548828,14,secondary
RHEE_ax3,95,71.26365280151367,14,secondary
RHEE_ax3,96,72.15525817871094,14,secondary
RHEE_ax3,97,74.01850509643555,14,secondary
RHEE_ax3,98,74.97926712036133,14,secondary
RHEE_ax3,99,75.03593063354492,14,secondary
RHEE_ax3,100,76.09067344665527,14,secondary
LTOE_ax1,0,743.5060729980469,14,secondary
LTOE_ax1,1,740.9874420166016,14,secondary
LTOE_ax1,2,739.0673980712891,14,secondary
LTOE_ax1,3,738.0405578613281,14,secondary
LTOE_ax1,4,742.8960266113281,14,secondary
LTOE_ax1,5,747.0894470214844,14,secondary
LTOE_ax1,6,750.7369384765625,14,secondary
LTOE_ax1,7,754.219482421875,14,secondary
LTOE_ax1,8,757.3425903320312,14,secondary
LTOE_ax1,9,760.2071228027344,14,secondary
LTOE_ax1,10,763.2550964355469,14,secondary
LTOE_ax1,11,766.4801025390625,14,secondary
LTOE_ax1,12,769.6183776855469,14,secondary
LTOE_ax1,13,772.7207946777344,14,secondary
LTOE_ax1,14,776.1634826660156,14,secondary
LTOE_ax1,15,780.2730407714844,14,secondary
LTOE_ax1,16,775.1896362304688,14,secondary
LTOE_ax1,17,769.2013397216797,14,secondary
LTOE_ax1,18,771.1890411376953,14,secondary
LTOE_ax1,19,774.725830078125,14,secondary
LTOE_ax1,20,788.7921752929688,14,secondary
LTOE_ax1,21,804.7272338867188,14,secondary
LTOE_ax1,22,821.5498962402344,14,secondary
LTOE_ax1,23,831.2129821777344,14,secondary
LTOE_ax1,24,825.5204162597656,14,secondary
LTOE_ax1,25,825.1825561523438,14,secondary
LTOE_ax1,26,833.5953369140625,14,secondary
LTOE_ax1,27,843.6781921386719,14,secondary
LTOE_ax1,28,865.1705932617188,14,secondary
LTOE_ax1,29,868.6550598144531,14,secondary
LTOE_ax1,30,855.2389831542969,14,secondary
LTOE_ax1,31,862.0021820068359,14,secondary
LTOE_ax1,32,883.7738037109375,14,secondary
LTOE_ax1,33,904.0893096923828,14,secondary
LTOE_ax1,34,941.5970764160156,14,secondary
LTOE_ax1,35,965.4757385253906,14,secondary
LTOE_ax1,36,979.1784362792969,14,secondary
LTOE_ax1,37,978.9073944091797,14,secondary
LTOE_ax1,38,998.349609375,14,secondary
LTOE_ax1,39,1015.5547790527344,14,secondary
LTOE_ax1,40,1007.15087890625,14,secondary
LTOE_ax1,41,1015.7990112304688,14,secondary
LTOE_ax1,42,1029.0523681640625,14,secondary
LTOE_ax1,43,1029.4801025390625,14,secondary
LTOE_ax1,44,1046.15966796875,14,secondary
LTOE_ax1,45,1061.4890747070312,14,secondary
LTOE_ax1,46,1080.2673950195312,14,secondary
LTOE_ax1,47,1096.3648681640625,14,secondary
LTOE_ax1,48,1108.65673828125,14,secondary
LTOE_ax1,49,1119.32763671875,14,secondary
LTOE_ax1,50,1127.7238159179688,14,secondary
LTOE_ax1,51,1128.3546752929688,14,secondary
LTOE_ax1,52,1128.7341918945312,14,secondary
LTOE_ax1,53,1128.5048217773438,14,secondary
LTOE_ax1,54,1124.6778564453125,14,secondary
LTOE_ax1,55,1121.603515625,14,secondary
LTOE_ax1,56,1119.3543090820312,14,secondary
LTOE_ax1,57,1117.9639892578125,14,secondary
LTOE_ax1,58,1117.407958984375,14,secondary
LTOE_ax1,59,1117.716552734375,14,secondary
LTOE_ax1,60,1118.8723754882812,14,secondary
LTOE_ax1,61,1120.7901000976562,14,secondary
LTOE_ax1,62,1123.3346557617188,14,secondary
LTOE_ax1,63,1126.4796142578125,14,secondary
LTOE_ax1,64,1127.71240234375,14,secondary
LTOE_ax1,65,1129.6927490234375,14,secondary
LTOE_ax1,66,1132.2056884765625,14,secondary
LTOE_ax1,67,1135.0121459960938,14,secondary
LTOE_ax1,68,1146.5518798828125,14,secondary
LTOE_ax1,69,1174.3853149414062,14,secondary
LTOE_ax1,70,1192.8743286132812,14,secondary
LTOE_ax1,71,1189.9644775390625,14,secondary
LTOE_ax1,72,1188.5242309570312,14,secondary
LTOE_ax1,73,1191.5670166015625,14,secondary
LTOE_ax1,74,1191.6972045898438,14,secondary
LTOE_ax1,75,1191.835693359375,14,secondary
LTOE_ax1,76,1191.9861450195312,14,secondary
LTOE_ax1,77,1188.5833129882812,14,secondary
LTOE_ax1,78,1201.7527770996094,14,secondary
LTOE_ax1,79,1243.9853515625,14,secondary
LTOE_ax1,80,1266.5173034667969,14,secondary
LTOE_ax1,81,1276.6294555664062,14,secondary
LTOE_ax1,82,1277.239990234375,14,secondary
LTOE_ax1,83,1290.1487121582031,14,secondary
LTOE_ax1,84,1254.4320373535156,14,secondary
LTOE_ax1,85,1255.411865234375,14,secondary
LTOE_ax1,86,1284.4122009277344,14,secondary
LTOE_ax1,87,1306.8153686523438,14,secondary
LTOE_ax1,88,1318.2288818359375,14,secondary
LTOE_ax1,89,1315.9299926757812,14,secondary
LTOE_ax1,90,1327.2767639160156,14,secondary
LTOE_ax1,91,1339.794189453125,14,secondary
LTOE_ax1,92,1368.9533996582031,14,secondary
LTOE_ax1,93,1398.1202392578125,14,secondary
LTOE_ax1,94,1412.3208618164062,14,secondary
LTOE_ax1,95,1421.5374755859375,14,secondary
LTOE_ax1,96,1429.98193359375,14,secondary
LTOE_ax1,97,1437.5834045410156,14,secondary
LTOE_ax1,98,1444.2766723632812,14,secondary
LTOE_ax1,99,1450.0385437011719,14,secondary
LTOE_ax1,100,1461.9220886230469,14,secondary
LTOE_ax2,0,305.6587371826172,14,secondary
LTOE_ax2,1,305.92250061035156,14,secondary
LTOE_ax2,2,306.20497131347656,14,secondary
LTOE_ax2,3,306.4690399169922,14,secondary
LTOE_ax2,4,306.5973663330078,14,secondary
LTOE_ax2,5,306.5246124267578,14,secondary
LTOE_ax2,6,303.9488220214844,14,secondary
LTOE_ax2,7,301.5730743408203,14,secondary
LTOE_ax2,8,300.376953125,14,secondary
LTOE_ax2,9,300.7286834716797,14,secondary
LTOE_ax2,10,300.9517822265625,14,secondary
LTOE_ax2,11,300.8653564453125,14,secondary
LTOE_ax2,12,300.72862243652344,14,secondary
LTOE_ax2,13,300.53851318359375,14,secondary
LTOE_ax2,14,300.3623809814453,14,secondary
LTOE_ax2,15,300.2891082763672,14,secondary
LTOE_ax2,16,300.3937072753906,14,secondary
LTOE_ax2,17,300.7851867675781,14,secondary
LTOE_ax2,18,301.55259704589844,14,secondary
LTOE_ax2,19,302.7859802246094,14,secondary
LTOE_ax2,20,304.060791015625,14,secondary
LTOE_ax2,21,303.8507537841797,14,secondary
LTOE_ax2,22,303.70196533203125,14,secondary
LTOE_ax2,23,303.62229919433594,14,secondary
LTOE_ax2,24,303.59645080566406,14,secondary
LTOE_ax2,25,303.6112976074219,14,secondary
LTOE_ax2,26,303.67698669433594,14,secondary
LTOE_ax2,27,303.8338317871094,14,secondary
LTOE_ax2,28,304.10569763183594,14,secondary
LTOE_ax2,29,304.2972717285156,14,secondary
LTOE_ax2,30,304.3652801513672,14,secondary
LTOE_ax2,31,304.4285888671875,14,secondary
LTOE_ax2,32,304.5337677001953,14,secondary
LTOE_ax2,33,304.8659210205078,14,secondary
LTOE_ax2,34,305.5042419433594,14,secondary
LTOE_ax2,35,305.5030212402344,14,secondary
LTOE_ax2,36,305.5541687011719,14,secondary
LTOE_ax2,37,305.62303161621094,14,secondary
LTOE_ax2,38,307.2322692871094,14,secondary
LTOE_ax2,39,310.39683532714844,14,secondary
LTOE_ax2,40,312.16876220703125,14,secondary
LTOE_ax2,41,313.77110290527344,14,secondary
LTOE_ax2,42,315.1994323730469,14,secondary
LTOE_ax2,43,316.42010498046875,14,secondary
LTOE_ax2,44,317.4107208251953,14,secondary
LTOE_ax2,45,318.19073486328125,14,secondary
LTOE_ax2,46,318.7266387939453,14,secondary
LTOE_ax2,47,318.85679626464844,14,secondary
LTOE_ax2,48,318.7260437011719,14,secondary
LTOE_ax2,49,318.570556640625,14,secondary
LTOE_ax2,50,318.5622863769531,14,secondary
LTOE_ax2,51,318.8111267089844,14,secondary
LTOE_ax2,52,317.6758270263672,14,secondary
LTOE_ax2,53,315.8874053955078,14,secondary
LTOE_ax2,54,313.6642761230469,14,secondary
LTOE_ax2,55,311.06773376464844,14,secondary
LTOE_ax2,56,310.1423645019531,14,secondary
LTOE_ax2,57,309.20494079589844,14,secondary
LTOE_ax2,58,309.4926452636719,14,secondary
LTOE_ax2,59,309.8218536376953,14,secondary
LTOE_ax2,60,309.8275604248047,14,secondary
LTOE_ax2,61,309.53150939941406,14,secondary
LTOE_ax2,62,309.4497985839844,14,secondary
LTOE_ax2,63,311.014404296875,14,secondary
LTOE_ax2,64,312.8951873779297,14,secondary
LTOE_ax2,65,315.04962158203125,14,secondary
LTOE_ax2,66,317.36802673339844,14,secondary
LTOE_ax2,67,317.3906707763672,14,secondary
LTOE_ax2,68,318.3106994628906,14,secondary
LTOE_ax2,69,319.5631561279297,14,secondary
LTOE_ax2,70,321.5172424316406,14,secondary
LTOE_ax2,71,323.76544189453125,14,secondary
LTOE_ax2,72,324.3492889404297,14,secondary
LTOE_ax2,73,324.45196533203125,14,secondary
LTOE_ax2,74,324.51161193847656,14,secondary
LTOE_ax2,75,324.5369873046875,14,secondary
LTOE_ax2,76,324.5568084716797,14,secondary
LTOE_ax2,77,324.5716094970703,14,secondary
LTOE_ax2,78,324.57029724121094,14,secondary
LTOE_ax2,79,324.58287048339844,14,secondary
LTOE_ax2,80,324.66912841796875,14,secondary
LTOE_ax2,81,324.74314880371094,14,secondary
LTOE_ax2,82,326.96507263183594,14,secondary
LTOE_ax2,83,326.9494934082031,14,secondary
LTOE_ax2,84,326.8900604248047,14,secondary
LTOE_ax2,85,326.8299865722656,14,secondary
LTOE_ax2,86,326.96217346191406,14,secondary
LTOE_ax2,87,327.6471710205078,14,secondary
LTOE_ax2,88,328.2952880859375,14,secondary
LTOE_ax2,89,328.8821716308594,14,secondary
LTOE_ax2,90,329.08192443847656,14,secondary
LTOE_ax2,91,332.2452850341797,14,secondary
LTOE_ax2,92,334.62315368652344,14,secondary
LTOE_ax2,93,333.9480438232422,14,secondary
LTOE_ax2,94,333.80682373046875,14,secondary
LTOE_ax2,95,333.6507568359375,14,secondary
LTOE_ax2,96,333.1607360839844,14,secondary
LTOE_ax2,97,332.2705993652344,14,secondary
LTOE_ax2,98,330.88079833984375,14,secondary
LTOE_ax2,99,329.42974853515625,14,secondary
LTOE_ax2,100,327.8550720214844,14,secondary
LTOE_ax3,0,120.57037353515625,14,secondary
LTOE_ax3,1,117.72156524658203,14,secondary
LTOE_ax3,2,111.9784927368164,14,secondary
LTOE_ax3,3,104.88616561889648,14,secondary
LTOE_ax3,4,97.07833862304688,14,secondary
LTOE_ax3,5,89.1446304321289,14,secondary
LTOE_ax3,6,81.53512954711914,14,secondary
LTOE_ax3,7,74.62190055847168,14,secondary
LTOE_ax3,8,68.18911170959473,14,secondary
LTOE_ax3,9,64.96629333496094,14,secondary
LTOE_ax3,10,62.07711982727051,14,secondary
LTOE_ax3,11,61.216691970825195,14,secondary
LTOE_ax3,12,61.305328369140625,14,secondary
LTOE_ax3,13,61.61225509643555,14,secondary
LTOE_ax3,14,61.42738151550293,14,secondary
LTOE_ax3,15,63.441978454589844,14,secondary
LTOE_ax3,16,65.84553909301758,14,secondary
LTOE_ax3,17,66.73633193969727,14,secondary
LTOE_ax3,18,69.05018997192383,14,secondary
LTOE_ax3,19,68.79756164550781,14,secondary
LTOE_ax3,20,68.92144775390625,14,secondary
LTOE_ax3,21,69.86733627319336,14,secondary
LTOE_ax3,22,71.24973106384277,14,secondary
LTOE_ax3,23,71.80624389648438,14,secondary
LTOE_ax3,24,72.17875862121582,14,secondary
LTOE_ax3,25,71.96046829223633,14,secondary
LTOE_ax3,26,71.76546287536621,14,secondary
LTOE_ax3,27,71.53989791870117,14,secondary
LTOE_ax3,28,71.26663398742676,14,secondary
LTOE_ax3,29,70.96187782287598,14,secondary
LTOE_ax3,30,70.64966011047363,14,secondary
LTOE_ax3,31,69.92366218566895,14,secondary
LTOE_ax3,32,67.30974006652832,14,secondary
LTOE_ax3,33,66.80723190307617,14,secondary
LTOE_ax3,34,66.1256103515625,14,secondary
LTOE_ax3,35,65.95052719116211,14,secondary
LTOE_ax3,36,65.67894744873047,14,secondary
LTOE_ax3,37,65.72281646728516,14,secondary
LTOE_ax3,38,65.53691101074219,14,secondary
LTOE_ax3,39,65.4244613647461,14,secondary
LTOE_ax3,40,66.35303115844727,14,secondary
LTOE_ax3,41,66.9271125793457,14,secondary
LTOE_ax3,42,69.37140274047852,14,secondary
LTOE_ax3,43,70.14295196533203,14,secondary
LTOE_ax3,44,70.24220657348633,14,secondary
LTOE_ax3,45,70.86347198486328,14,secondary
LTOE_ax3,46,75.51925277709961,14,secondary
LTOE_ax3,47,76.78109169006348,14,secondary
LTOE_ax3,48,78.16051769256592,14,secondary
LTOE_ax3,49,78.36672592163086,14,secondary
LTOE_ax3,50,77.44234371185303,14,secondary
LTOE_ax3,51,75.39365768432617,14,secondary
LTOE_ax3,52,72.33485221862793,14,secondary
LTOE_ax3,53,70.08665466308594,14,secondary
LTOE_ax3,54,68.75181198120117,14,secondary
LTOE_ax3,55,66.18707466125488,14,secondary
LTOE_ax3,56,63.34836673736572,14,secondary
LTOE_ax3,57,60.5590877532959,14,secondary
LTOE_ax3,58,58.34990119934082,14,secondary
LTOE_ax3,59,57.33428764343262,14,secondary
LTOE_ax3,60,57.866546630859375,14,secondary
LTOE_ax3,61,59.30730628967285,14,secondary
LTOE_ax3,62,60.2863655090332,14,secondary
LTOE_ax3,63,61.09760856628418,14,secondary
LTOE_ax3,64,62.031911849975586,14,secondary
LTOE_ax3,65,63.243852615356445,14,secondary
LTOE_ax3,66,62.87527275085449,14,secondary
LTOE_ax3,67,64.37312126159668,14,secondary
LTOE_ax3,68,67.49140167236328,14,secondary
LTOE_ax3,69,70.03660202026367,14,secondary
LTOE_ax3,70,71.95869445800781,14,secondary
LTOE_ax3,71,73.33859634399414,14,secondary
LTOE_ax3,72,76.52483749389648,14,secondary
LTOE_ax3,73,77.59852981567383,14,secondary
LTOE_ax3,74,77.98268508911133,14,secondary
LTOE_ax3,75,76.801513671875,14,secondary
LTOE_ax3,76,75.5750503540039,14,secondary
LTOE_ax3,77,74.33539581298828,14,secondary
LTOE_ax3,78,72.00646591186523,14,secondary
LTOE_ax3,79,70.58597946166992,14,secondary
LTOE_ax3,80,70.05959701538086,14,secondary
LTOE_ax3,81,69.06807327270508,14,secondary
LTOE_ax3,82,66.92416381835938,14,secondary
LTOE_ax3,83,66.04337310791016,14,secondary
LTOE_ax3,84,65.29907512664795,14,secondary
LTOE_ax3,85,64.84897041320801,14,secondary
LTOE_ax3,86,64.99336814880371,14,secondary
LTOE_ax3,87,65.09740257263184,14,secondary
LTOE_ax3,88,65.42687797546387,14,secondary
LTOE_ax3,89,67.20001220703125,14,secondary
LTOE_ax3,90,68.55961608886719,14,secondary
LTOE_ax3,91,71.15222549438477,14,secondary
LTOE_ax3,92,72.65996551513672,14,secondary
LTOE_ax3,93,74.23335075378418,14,secondary
LTOE_ax3,94,77.1701431274414,14,secondary
LTOE_ax3,95,84.57536506652832,14,secondary
LTOE_ax3,96,91.49775123596191,14,secondary
LTOE_ax3,97,97.09647750854492,14,secondary
LTOE_ax3,98,100.80753517150879,14,secondary
LTOE_ax3,99,102.31941032409668,14,secondary
LTOE_ax3,100,101.46965408325195,14,secondary
RTOE_ax1,0,794.2064208984375,14,secondary
RTOE_ax1,1,805.1247253417969,14,secondary
RTOE_ax1,2,814.8947448730469,14,secondary
RTOE_ax1,3,822.4186096191406,14,secondary
RTOE_ax1,4,829.342529296875,14,secondary
RTOE_ax1,5,836.9523315429688,14,secondary
RTOE_ax1,6,841.0754089355469,14,secondary
RTOE_ax1,7,845.6914978027344,14,secondary
RTOE_ax1,8,849.8743286132812,14,secondary
RTOE_ax1,9,852.9729309082031,14,secondary
RTOE_ax1,10,856.1158599853516,14,secondary
RTOE_ax1,11,859.3895568847656,14,secondary
RTOE_ax1,12,862.9500579833984,14,secondary
RTOE_ax1,13,865.7090759277344,14,secondary
RTOE_ax1,14,866.7407531738281,14,secondary
RTOE_ax1,15,867.3562316894531,14,secondary
RTOE_ax1,16,867.6111755371094,14,secondary
RTOE_ax1,17,867.6993713378906,14,secondary
RTOE_ax1,18,867.7850646972656,14,secondary
RTOE_ax1,19,867.8394165039062,14,secondary
RTOE_ax1,20,867.8467407226562,14,secondary
RTOE_ax1,21,867.8834838867188,14,secondary
RTOE_ax1,22,879.9418334960938,14,secondary
RTOE_ax1,23,892.7593994140625,14,secondary
RTOE_ax1,24,897.4756469726562,14,secondary
RTOE_ax1,25,899.6663513183594,14,secondary
RTOE_ax1,26,911.8353576660156,14,secondary
RTOE_ax1,27,908.3440093994141,14,secondary
RTOE_ax1,28,899.5038452148438,14,secondary
RTOE_ax1,29,900.2286071777344,14,secondary
RTOE_ax1,30,917.99169921875,14,secondary
RTOE_ax1,31,917.9255828857422,14,secondary
RTOE_ax1,32,913.2209930419922,14,secondary
RTOE_ax1,33,894.0961303710938,14,secondary
RTOE_ax1,34,896.6520385742188,14,secondary
RTOE_ax1,35,900.1379241943359,14,secondary
RTOE_ax1,36,915.2971496582031,14,secondary
RTOE_ax1,37,915.6404418945312,14,secondary
RTOE_ax1,38,915.9916381835938,14,secondary
RTOE_ax1,39,934.0475158691406,14,secondary
RTOE_ax1,40,935.6542816162109,14,secondary
RTOE_ax1,41,935.8123321533203,14,secondary
RTOE_ax1,42,935.9188995361328,14,secondary
RTOE_ax1,43,935.9774627685547,14,secondary
RTOE_ax1,44,935.9951782226562,14,secondary
RTOE_ax1,45,935.9818420410156,14,secondary
RTOE_ax1,46,945.8268737792969,14,secondary
RTOE_ax1,47,954.6385955810547,14,secondary
RTOE_ax1,48,959.4559936523438,14,secondary
RTOE_ax1,49,963.9405212402344,14,secondary
RTOE_ax1,50,967.4465789794922,14,secondary
RTOE_ax1,51,970.0983123779297,14,secondary
RTOE_ax1,52,972.0780181884766,14,secondary
RTOE_ax1,53,973.5621948242188,14,secondary
RTOE_ax1,54,974.7656097412109,14,secondary
RTOE_ax1,55,975.9068756103516,14,secondary
RTOE_ax1,56,977.1269073486328,14,secondary
RTOE_ax1,57,978.41845703125,14,secondary
RTOE_ax1,58,979.6608734130859,14,secondary
RTOE_ax1,59,980.6495971679688,14,secondary
RTOE_ax1,60,982.9236907958984,14,secondary
RTOE_ax1,61,987.7111511230469,14,secondary
RTOE_ax1,62,993.5413513183594,14,secondary
RTOE_ax1,63,1000.6554107666016,14,secondary
RTOE_ax1,64,1009.2843170166016,14,secondary
RTOE_ax1,65,1019.6549987792969,14,secondary
RTOE_ax1,66,1031.9669799804688,14,secondary
RTOE_ax1,67,1046.3671875,14,secondary
RTOE_ax1,68,1058.6064453125,14,secondary
RTOE_ax1,69,1055.9927978515625,14,secondary
RTOE_ax1,70,1064.4425354003906,14,secondary
RTOE_ax1,71,1077.0856628417969,14,secondary
RTOE_ax1,72,1106.2125549316406,14,secondary
RTOE_ax1,73,1117.658203125,14,secondary
RTOE_ax1,74,1108.8914489746094,14,secondary
RTOE_ax1,75,1109.0962219238281,14,secondary
RTOE_ax1,76,1118.3688049316406,14,secondary
RTOE_ax1,77,1128.3597717285156,14,secondary
RTOE_ax1,78,1150.0497741699219,14,secondary
RTOE_ax1,79,1164.2697143554688,14,secondary
RTOE_ax1,80,1193.104248046875,14,secondary
RTOE_ax1,81,1213.0419616699219,14,secondary
RTOE_ax1,82,1240.4976196289062,14,secondary
RTOE_ax1,83,1274.3562316894531,14,secondary
RTOE_ax1,84,1295.2503662109375,14,secondary
RTOE_ax1,85,1294.9959716796875,14,secondary
RTOE_ax1,86,1310.6567687988281,14,secondary
RTOE_ax1,87,1332.3346252441406,14,secondary
RTOE_ax1,88,1340.4627380371094,14,secondary
RTOE_ax1,89,1340.5736999511719,14,secondary
RTOE_ax1,90,1340.6954956054688,14,secondary
RTOE_ax1,91,1346.15234375,14,secondary
RTOE_ax1,92,1368.4947509765625,14,secondary
RTOE_ax1,93,1393.7270812988281,14,secondary
RTOE_ax1,94,1413.6174011230469,14,secondary
RTOE_ax1,95,1432.2368774414062,14,secondary
RTOE_ax1,96,1441.5693969726562,14,secondary
RTOE_ax1,97,1445.4080810546875,14,secondary
RTOE_ax1,98,1445.0629577636719,14,secondary
RTOE_ax1,99,1444.6016235351562,14,secondary
RTOE_ax1,100,1444.0897216796875,14,secondary
RTOE_ax2,0,244.37870025634766,14,secondary
RTOE_ax2,1,244.27519989013672,14,secondary
RTOE_ax2,2,247.50008392333984,14,secondary
RTOE_ax2,3,251.39484405517578,14,secondary
RTOE_ax2,4,252.89340591430664,14,secondary
RTOE_ax2,5,254.02095413208008,14,secondary
RTOE_ax2,6,255.05731582641602,14,secondary
RTOE_ax2,7,255.60208892822266,14,secondary
RTOE_ax2,8,255.84481048583984,14,secondary
RTOE_ax2,9,255.66941833496094,14,secondary
RTOE_ax2,10,255.4732208251953,14,secondary
RTOE_ax2,11,255.04602813720703,14,secondary
RTOE_ax2,12,254.47216415405273,14,secondary
RTOE_ax2,13,253.80504608154297,14,secondary
RTOE_ax2,14,253.05596160888672,14,secondary
RTOE_ax2,15,252.2319564819336,14,secondary
RTOE_ax2,16,251.6886444091797,14,secondary
RTOE_ax2,17,251.7572135925293,14,secondary
RTOE_ax2,18,251.66856002807617,14,secondary
RTOE_ax2,19,251.7876434326172,14,secondary
RTOE_ax2,20,251.6583137512207,14,secondary
RTOE_ax2,21,250.66357803344727,14,secondary
RTOE_ax2,22,247.98946380615234,14,secondary
RTOE_ax2,23,246.42176818847656,14,secondary
RTOE_ax2,24,246.32799530029297,14,secondary
RTOE_ax2,25,246.34325790405273,14,secondary
RTOE_ax2,26,246.23389434814453,14,secondary
RTOE_ax2,27,246.3333740234375,14,secondary
RTOE_ax2,28,247.00672149658203,14,secondary
RTOE_ax2,29,246.98762893676758,14,secondary
RTOE_ax2,30,246.94006729125977,14,secondary
RTOE_ax2,31,246.8659782409668,14,secondary
RTOE_ax2,32,246.68980026245117,14,secondary
RTOE_ax2,33,246.6222038269043,14,secondary
RTOE_ax2,34,246.66636276245117,14,secondary
RTOE_ax2,35,245.84666442871094,14,secondary
RTOE_ax2,36,244.4155731201172,14,secondary
RTOE_ax2,37,242.90172576904297,14,secondary
RTOE_ax2,38,242.73104858398438,14,secondary
RTOE_ax2,39,239.52810668945312,14,secondary
RTOE_ax2,40,235.8597869873047,14,secondary
RTOE_ax2,41,234.87954711914062,14,secondary
RTOE_ax2,42,234.8865966796875,14,secondary
RTOE_ax2,43,235.31401824951172,14,secondary
RTOE_ax2,44,236.09099578857422,14,secondary
RTOE_ax2,45,236.71649169921875,14,secondary
RTOE_ax2,46,237.2010269165039,14,secondary
RTOE_ax2,47,238.6846160888672,14,secondary
RTOE_ax2,48,241.83432006835938,14,secondary
RTOE_ax2,49,242.66566467285156,14,secondary
RTOE_ax2,50,244.81755828857422,14,secondary
RTOE_ax2,51,246.27450561523438,14,secondary
RTOE_ax2,52,246.22109985351562,14,secondary
RTOE_ax2,53,246.10388565063477,14,secondary
RTOE_ax2,54,245.77701950073242,14,secondary
RTOE_ax2,55,245.87591934204102,14,secondary
RTOE_ax2,56,246.94769668579102,14,secondary
RTOE_ax2,57,247.74292373657227,14,secondary
RTOE_ax2,58,248.26905822753906,14,secondary
RTOE_ax2,59,248.56842422485352,14,secondary
RTOE_ax2,60,248.39110946655273,14,secondary
RTOE_ax2,61,248.15545654296875,14,secondary
RTOE_ax2,62,248.1185417175293,14,secondary
RTOE_ax2,63,247.83860778808594,14,secondary
RTOE_ax2,64,247.5580940246582,14,secondary
RTOE_ax2,65,247.2610626220703,14,secondary
RTOE_ax2,66,246.74381637573242,14,secondary
RTOE_ax2,67,246.17162322998047,14,secondary
RTOE_ax2,68,245.0057601928711,14,secondary
RTOE_ax2,69,243.77693939208984,14,secondary
RTOE_ax2,70,242.69644165039062,14,secondary
RTOE_ax2,71,241.93073272705078,14,secondary
RTOE_ax2,72,240.13534545898438,14,secondary
RTOE_ax2,73,239.5095977783203,14,secondary
RTOE_ax2,74,239.1275520324707,14,secondary
RTOE_ax2,75,239.06634140014648,14,secondary
RTOE_ax2,76,239.36756134033203,14,secondary
RTOE_ax2,77,240.6562728881836,14,secondary
RTOE_ax2,78,242.17340087890625,14,secondary
RTOE_ax2,79,241.54283142089844,14,secondary
RTOE_ax2,80,240.3561248779297,14,secondary
RTOE_ax2,81,240.01402282714844,14,secondary
RTOE_ax2,82,239.74703216552734,14,secondary
RTOE_ax2,83,239.28333282470703,14,secondary
RTOE_ax2,84,238.66386795043945,14,secondary
RTOE_ax2,85,237.1916732788086,14,secondary
RTOE_ax2,86,236.54588317871094,14,secondary
RTOE_ax2,87,236.548583984375,14,secondary
RTOE_ax2,88,236.53995513916016,14,secondary
RTOE_ax2,89,236.515380859375,14,secondary
RTOE_ax2,90,236.4878158569336,14,secondary
RTOE_ax2,91,235.7084197998047,14,secondary
RTOE_ax2,92,234.7003173828125,14,secondary
RTOE_ax2,93,233.84691619873047,14,secondary
RTOE_ax2,94,233.20167541503906,14,secondary
RTOE_ax2,95,232.84130859375,14,secondary
RTOE_ax2,96,232.91273498535156,14,secondary
RTOE_ax2,97,233.63111114501953,14,secondary
RTOE_ax2,98,234.9053192138672,14,secondary
RTOE_ax2,99,236.78624725341797,14,secondary
RTOE_ax2,100,238.2783432006836,14,secondary
RTOE_ax3,0,88.55153274536133,14,secondary
RTOE_ax3,1,86.93498039245605,14,secondary
RTOE_ax3,2,83.98340797424316,14,secondary
RTOE_ax3,3,80.48564147949219,14,secondary
RTOE_ax3,4,76.91780853271484,14,secondary
RTOE_ax3,5,73.414381980896,14,secondary
RTOE_ax3,6,69.56261157989502,14,secondary
RTOE_ax3,7,66.02093029022217,14,secondary
RTOE_ax3,8,62.986257553100586,14,secondary
RTOE_ax3,9,59.84194374084473,14,secondary
RTOE_ax3,10,60.06512641906738,14,secondary
RTOE_ax3,11,60.45310974121094,14,secondary
RTOE_ax3,12,61.76818656921387,14,secondary
RTOE_ax3,13,60.88556480407715,14,secondary
RTOE_ax3,14,61.504220962524414,14,secondary
RTOE_ax3,15,62.096930503845215,14,secondary
RTOE_ax3,16,62.13611602783203,14,secondary
RTOE_ax3,17,64.42917823791504,14,secondary
RTOE_ax3,18,66.44183158874512,14,secondary
RTOE_ax3,19,67.66657829284668,14,secondary
RTOE_ax3,20,71.73426055908203,14,secondary
RTOE_ax3,21,75.45097160339355,14,secondary
RTOE_ax3,22,76.06107521057129,14,secondary
RTOE_ax3,23,75.98920249938965,14,secondary
RTOE_ax3,24,75.64033508300781,14,secondary
RTOE_ax3,25,75.98302841186523,14,secondary
RTOE_ax3,26,76.73151779174805,14,secondary
RTOE_ax3,27,76.08551025390625,14,secondary
RTOE_ax3,28,75.25676727294922,14,secondary
RTOE_ax3,29,74.25917053222656,14,secondary
RTOE_ax3,30,72.7319564819336,14,secondary
RTOE_ax3,31,71.45852279663086,14,secondary
RTOE_ax3,32,69.86713027954102,14,secondary
RTOE_ax3,33,68.21163177490234,14,secondary
RTOE_ax3,34,66.9821891784668,14,secondary
RTOE_ax3,35,66.3266487121582,14,secondary
RTOE_ax3,36,66.35527420043945,14,secondary
RTOE_ax3,37,67.1474723815918,14,secondary
RTOE_ax3,38,68.4480209350586,14,secondary
RTOE_ax3,39,69.63986206054688,14,secondary
RTOE_ax3,40,71.35573196411133,14,secondary
RTOE_ax3,41,73.93301582336426,14,secondary
RTOE_ax3,42,76.78972434997559,14,secondary
RTOE_ax3,43,81.31737899780273,14,secondary
RTOE_ax3,44,88.12300109863281,14,secondary
RTOE_ax3,45,95.34701919555664,14,secondary
RTOE_ax3,46,102.64471626281738,14,secondary
RTOE_ax3,47,108.3912582397461,14,secondary
RTOE_ax3,48,110.5895824432373,14,secondary
RTOE_ax3,49,110.3382625579834,14,secondary
RTOE_ax3,50,107.62150001525879,14,secondary
RTOE_ax3,51,102.67495918273926,14,secondary
RTOE_ax3,52,95.9409236907959,14,secondary
RTOE_ax3,53,87.99051094055176,14,secondary
RTOE_ax3,54,79.43461418151855,14,secondary
RTOE_ax3,55,70.8479700088501,14,secondary
RTOE_ax3,56,64.50556945800781,14,secondary
RTOE_ax3,57,62.11901664733887,14,secondary
RTOE_ax3,58,60.6003360748291,14,secondary
RTOE_ax3,59,59.2415771484375,14,secondary
RTOE_ax3,60,57.455373764038086,14,secondary
RTOE_ax3,61,56.215271949768066,14,secondary
RTOE_ax3,62,57.972782135009766,14,secondary
RTOE_ax3,63,59.200164794921875,14,secondary
RTOE_ax3,64,59.45998573303223,14,secondary
RTOE_ax3,65,60.55332946777344,14,secondary
RTOE_ax3,66,60.730323791503906,14,secondary
RTOE_ax3,67,61.07992172241211,14,secondary
RTOE_ax3,68,65.45674324035645,14,secondary
RTOE_ax3,69,69.8422737121582,14,secondary
RTOE_ax3,70,71.79516220092773,14,secondary
RTOE_ax3,71,74.90513229370117,14,secondary
RTOE_ax3,72,75.0170669555664,14,secondary
RTOE_ax3,73,74.74913787841797,14,secondary
RTOE_ax3,74,74.43355560302734,14,secondary
RTOE_ax3,75,74.41484451293945,14,secondary
RTOE_ax3,76,74.38311767578125,14,secondary
RTOE_ax3,77,74.30266952514648,14,secondary
RTOE_ax3,78,74.18550872802734,14,secondary
RTOE_ax3,79,73.03839874267578,14,secondary
RTOE_ax3,80,71.92760276794434,14,secondary
RTOE_ax3,81,70.00857925415039,14,secondary
RTOE_ax3,82,68.9422607421875,14,secondary
RTOE_ax3,83,68.09065628051758,14,secondary
RTOE_ax3,84,66.52115631103516,14,secondary
RTOE_ax3,85,65.7169246673584,14,secondary
RTOE_ax3,86,66.68701553344727,14,secondary
RTOE_ax3,87,66.71223449707031,14,secondary
RTOE_ax3,88,66.95299530029297,14,secondary
RTOE_ax3,89,67.9339714050293,14,secondary
RTOE_ax3,90,67.98012924194336,14,secondary
RTOE_ax3,91,69.7677116394043,14,secondary
RTOE_ax3,92,71.5864372253418,14,secondary
RTOE_ax3,93,73.9688491821289,14,secondary
RTOE_ax3,94,74.80416107177734,14,secondary
RTOE_ax3,95,77.47783279418945,14,secondary
RTOE_ax3,96,79.39556884765625,14,secondary
RTOE_ax3,97,79.10570526123047,14,secondary
RTOE_ax3,98,79.18964958190918,14,secondary
RTOE_ax3,99,79.46484184265137,14,secondary
RTOE_ax3,100,78.96222496032715,14,secondary
LFootProgressAngles_ax1,0,-102.85620880126953,14,primary
LFootProgressAngles_ax1,1,-102.20942687988281,14,primary
LFootProgressAngles_ax1,2,-101.26552772521973,14,primary
LFootProgressAngles_ax1,3,-100.10671806335449,14,primary
LFootProgressAngles_ax1,4,-98.66244888305664,14,primary
LFootProgressAngles_ax1,5,-96.3360538482666,14,primary
LFootProgressAngles_ax1,6,-94.07640838623047,14,primary
LFootProgressAngles_ax1,7,-91.90569114685059,14,primary
LFootProgressAngles_ax1,8,-89.76575469970703,14,primary
LFootProgressAngles_ax1,9,-87.89710426330566,14,primary
LFootProgressAngles_ax1,10,-86.14863967895508,14,primary
LFootProgressAngles_ax1,11,-84.72710227966309,14,primary
LFootProgressAngles_ax1,12,-83.36256790161133,14,primary
LFootProgressAngles_ax1,13,-81.85600280761719,14,primary
LFootProgressAngles_ax1,14,-80.32441425323486,14,primary
LFootProgressAngles_ax1,15,-78.67230701446533,14,primary
LFootProgressAngles_ax1,16,-76.99703884124756,14,primary
LFootProgressAngles_ax1,17,-75.39320278167725,14,primary
LFootProgressAngles_ax1,18,-73.95069599151611,14,primary
LFootProgressAngles_ax1,19,-72.75617504119873,14,primary
LFootProgressAngles_ax1,20,-71.85099267959595,14,primary
LFootProgressAngles_ax1,21,-71.17778587341309,14,primary
LFootProgressAngles_ax1,22,-70.75514888763428,14,primary
LFootProgressAngles_ax1,23,-70.56571626663208,14,primary
LFootProgressAngles_ax1,24,-70.57818746566772,14,primary
LFootProgressAngles_ax1,25,-71.1516523361206,14,primary
LFootProgressAngles_ax1,26,-71.78083896636963,14,primary
LFootProgressAngles_ax1,27,-72.41430473327637,14,primary
LFootProgressAngles_ax1,28,-73.05786800384521,14,primary
LFootProgressAngles_ax1,29,-73.71485996246338,14,primary
LFootProgressAngles_ax1,30,-74.38536262512207,14,primary
LFootProgressAngles_ax1,31,-75.0664176940918,14,primary
LFootProgressAngles_ax1,32,-75.75782299041748,14,primary
LFootProgressAngles_ax1,33,-76.47149848937988,14,primary
LFootProgressAngles_ax1,34,-77.15936660766602,14,primary
LFootProgressAngles_ax1,35,-78.05128860473633,14,primary
LFootProgressAngles_ax1,36,-80.7377700805664,14,primary
LFootProgressAngles_ax1,37,-81.74395942687988,14,primary
LFootProgressAngles_ax1,38,-82.70119285583496,14,primary
LFootProgressAngles_ax1,39,-84.4910774230957,14,primary
LFootProgressAngles_ax1,40,-85.21697425842285,14,primary
LFootProgressAngles_ax1,41,-85.63701057434082,14,primary
LFootProgressAngles_ax1,42,-86.13310050964355,14,primary
LFootProgressAngles_ax1,43,-87.97774314880371,14,primary
LFootProgressAngles_ax1,44,-89.08205986022949,14,primary
LFootProgressAngles_ax1,45,-89.52312469482422,14,primary
LFootProgressAngles_ax1,46,-89.88444709777832,14,primary
LFootProgressAngles_ax1,47,-90.35856246948242,14,primary
LFootProgressAngles_ax1,48,-90.66012763977051,14,primary
LFootProgressAngles_ax1,49,-90.47040939331055,14,primary
LFootProgressAngles_ax1,50,-89.60137367248535,14,primary
LFootProgressAngles_ax1,51,-88.35821723937988,14,primary
LFootProgressAngles_ax1,52,-86.74872970581055,14,primary
LFootProgressAngles_ax1,53,-84.79945182800293,14,primary
LFootProgressAngles_ax1,54,-82.54843711853027,14,primary
LFootProgressAngles_ax1,55,-80.03240776062012,14,primary
LFootProgressAngles_ax1,56,-77.26129722595215,14,primary
LFootProgressAngles_ax1,57,-74.47260284423828,14,primary
LFootProgressAngles_ax1,58,-71.57626533508301,14,primary
LFootProgressAngles_ax1,59,-68.39147663116455,14,primary
LFootProgressAngles_ax1,60,-64.86105346679688,14,primary
LFootProgressAngles_ax1,61,-60.94570255279541,14,primary
LFootProgressAngles_ax1,62,-56.73379898071289,14,primary
LFootProgressAngles_ax1,63,-52.35399055480957,14,primary
LFootProgressAngles_ax1,64,-48.07019233703613,14,primary
LFootProgressAngles_ax1,65,-44.489158630371094,14,primary
LFootProgressAngles_ax1,66,-41.514198780059814,14,primary
LFootProgressAngles_ax1,67,-39.11837410926819,14,primary
LFootProgressAngles_ax1,68,-37.75674366950989,14,primary
LFootProgressAngles_ax1,69,-37.387497425079346,14,primary
LFootProgressAngles_ax1,70,-37.75782060623169,14,primary
LFootProgressAngles_ax1,71,-39.03683805465698,14,primary
LFootProgressAngles_ax1,72,-40.61545372009277,14,primary
LFootProgressAngles_ax1,73,-42.43784952163696,14,primary
LFootProgressAngles_ax1,74,-44.46041679382324,14,primary
LFootProgressAngles_ax1,75,-46.36790418624878,14,primary
LFootProgressAngles_ax1,76,-48.5361008644104,14,primary
LFootProgressAngles_ax1,77,-51.0830659866333,14,primary
LFootProgressAngles_ax1,78,-53.719428062438965,14,primary
LFootProgressAngles_ax1,79,-56.42302227020264,14,primary
LFootProgressAngles_ax1,80,-59.23088264465332,14,primary
LFootProgressAngles_ax1,81,-62.356082916259766,14,primary
LFootProgressAngles_ax1,82,-65.61487197875977,14,primary
LFootProgressAngles_ax1,83,-68.7546157836914,14,primary
LFootProgressAngles_ax1,84,-72.08001518249512,14,primary
LFootProgressAngles_ax1,85,-75.36674118041992,14,primary
LFootProgressAngles_ax1,86,-78.55968856811523,14,primary
LFootProgressAngles_ax1,87,-81.00043678283691,14,primary
LFootProgressAngles_ax1,88,-82.58059310913086,14,primary
LFootProgressAngles_ax1,89,-84.48759269714355,14,primary
LFootProgressAngles_ax1,90,-85.48739624023438,14,primary
LFootProgressAngles_ax1,91,-87.43126678466797,14,primary
LFootProgressAngles_ax1,92,-90.64139747619629,14,primary
LFootProgressAngles_ax1,93,-92.49215507507324,14,primary
LFootProgressAngles_ax1,94,-95.46271133422852,14,primary
LFootProgressAngles_ax1,95,-98.22452735900879,14,primary
LFootProgressAngles_ax1,96,-100.57716751098633,14,primary
LFootProgressAngles_ax1,97,-102.48312568664551,14,primary
LFootProgressAngles_ax1,98,-103.63980293273926,14,primary
LFootProgressAngles_ax1,99,-103.98955345153809,14,primary
LFootProgressAngles_ax1,100,-103.59655952453613,14,primary
LFootProgressAngles_ax2,0,1.4215418696403503,14,secondary
LFootProgressAngles_ax2,1,1.5213242173194885,14,secondary
LFootProgressAngles_ax2,2,1.6213887333869934,14,secondary
LFootProgressAngles_ax2,3,1.8200965523719788,14,secondary
LFootProgressAngles_ax2,4,2.1740668416023254,14,secondary
LFootProgressAngles_ax2,5,2.582345485687256,14,secondary
LFootProgressAngles_ax2,6,3.4334492683410645,14,secondary
LFootProgressAngles_ax2,7,4.4093263149261475,14,secondary
LFootProgressAngles_ax2,8,4.9871344566345215,14,secondary
LFootProgressAngles_ax2,9,5.27848744392395,14,secondary
LFootProgressAngles_ax2,10,5.360323905944824,14,secondary
LFootProgressAngles_ax2,11,6.090950012207031,14,secondary
LFootProgressAngles_ax2,12,6.183442115783691,14,secondary
LFootProgressAngles_ax2,13,6.69743013381958,14,secondary
LFootProgressAngles_ax2,14,7.2736546993255615,14,secondary
LFootProgressAngles_ax2,15,7.145148992538452,14,secondary
LFootProgressAngles_ax2,16,6.853351831436157,14,secondary
LFootProgressAngles_ax2,17,6.405383348464966,14,secondary
LFootProgressAngles_ax2,18,6.027260065078735,14,secondary
LFootProgressAngles_ax2,19,5.627139329910278,14,secondary
LFootProgressAngles_ax2,20,5.690487623214722,14,secondary
LFootProgressAngles_ax2,21,5.595553398132324,14,secondary
LFootProgressAngles_ax2,22,5.583320140838623,14,secondary
LFootProgressAngles_ax2,23,5.546358108520508,14,secondary
LFootProgressAngles_ax2,24,5.230529069900513,14,secondary
LFootProgressAngles_ax2,25,5.278933048248291,14,secondary
LFootProgressAngles_ax2,26,5.323554992675781,14,secondary
LFootProgressAngles_ax2,27,5.3262550830841064,14,secondary
LFootProgressAngles_ax2,28,5.04979133605957,14,secondary
LFootProgressAngles_ax2,29,5.006161451339722,14,secondary
LFootProgressAngles_ax2,30,4.854386329650879,14,secondary
LFootProgressAngles_ax2,31,4.656031608581543,14,secondary
LFootProgressAngles_ax2,32,4.417298078536987,14,secondary
LFootProgressAngles_ax2,33,4.03631854057312,14,secondary
LFootProgressAngles_ax2,34,3.6712400913238525,14,secondary
LFootProgressAngles_ax2,35,3.411857008934021,14,secondary
LFootProgressAngles_ax2,36,3.216653525829315,14,secondary
LFootProgressAngles_ax2,37,2.973780333995819,14,secondary
LFootProgressAngles_ax2,38,2.6584600806236267,14,secondary
LFootProgressAngles_ax2,39,2.364060878753662,14,secondary
LFootProgressAngles_ax2,40,2.1769835352897644,14,secondary
LFootProgressAngles_ax2,41,1.9943193793296814,14,secondary
LFootProgressAngles_ax2,42,1.8251539468765259,14,secondary
LFootProgressAngles_ax2,43,1.8363178372383118,14,secondary
LFootProgressAngles_ax2,44,1.8791745901107788,14,secondary
LFootProgressAngles_ax2,45,1.7471320033073425,14,secondary
LFootProgressAngles_ax2,46,1.6185557842254639,14,secondary
LFootProgressAngles_ax2,47,1.498954176902771,14,secondary
LFootProgressAngles_ax2,48,1.3891838192939758,14,secondary
LFootProgressAngles_ax2,49,1.3252769112586975,14,secondary
LFootProgressAngles_ax2,50,1.2691639065742493,14,secondary
LFootProgressAngles_ax2,51,1.2311914563179016,14,secondary
LFootProgressAngles_ax2,52,1.2166760563850403,14,secondary
LFootProgressAngles_ax2,53,1.6005601286888123,14,secondary
LFootProgressAngles_ax2,54,2.14287269115448,14,secondary
LFootProgressAngles_ax2,55,2.6989463567733765,14,secondary
LFootProgressAngles_ax2,56,3.4019042253494263,14,secondary
LFootProgressAngles_ax2,57,3.8724725246429443,14,secondary
LFootProgressAngles_ax2,58,4.122752904891968,14,secondary
LFootProgressAngles_ax2,59,4.755325794219971,14,secondary
LFootProgressAngles_ax2,60,5.525036096572876,14,secondary
LFootProgressAngles_ax2,61,5.7998833656311035,14,secondary
LFootProgressAngles_ax2,62,6.807842254638672,14,secondary
LFootProgressAngles_ax2,63,6.700802803039551,14,secondary
LFootProgressAngles_ax2,64,6.752791881561279,14,secondary
LFootProgressAngles_ax2,65,6.989453554153442,14,secondary
LFootProgressAngles_ax2,66,6.8848713636398315,14,secondary
LFootProgressAngles_ax2,67,6.436981678009033,14,secondary
LFootProgressAngles_ax2,68,6.045368790626526,14,secondary
LFootProgressAngles_ax2,69,5.5732011795043945,14,secondary
LFootProgressAngles_ax2,70,5.392850399017334,14,secondary
LFootProgressAngles_ax2,71,5.3501691818237305,14,secondary
LFootProgressAngles_ax2,72,5.412530899047852,14,secondary
LFootProgressAngles_ax2,73,5.519692301750183,14,secondary
LFootProgressAngles_ax2,74,5.357743859291077,14,secondary
LFootProgressAngles_ax2,75,5.160487413406372,14,secondary
LFootProgressAngles_ax2,76,4.973545432090759,14,secondary
LFootProgressAngles_ax2,77,4.826242089271545,14,secondary
LFootProgressAngles_ax2,78,4.5232930183410645,14,secondary
LFootProgressAngles_ax2,79,4.3824931383132935,14,secondary
LFootProgressAngles_ax2,80,4.297107100486755,14,secondary
LFootProgressAngles_ax2,81,4.144653379917145,14,secondary
LFootProgressAngles_ax2,82,4.055821716785431,14,secondary
LFootProgressAngles_ax2,83,3.966174364089966,14,secondary
LFootProgressAngles_ax2,84,3.767046272754669,14,secondary
LFootProgressAngles_ax2,85,3.524979591369629,14,secondary
LFootProgressAngles_ax2,86,3.3166823983192444,14,secondary
LFootProgressAngles_ax2,87,3.3036345839500427,14,secondary
LFootProgressAngles_ax2,88,3.1355146169662476,14,secondary
LFootProgressAngles_ax2,89,2.961892068386078,14,secondary
LFootProgressAngles_ax2,90,2.601686120033264,14,secondary
LFootProgressAngles_ax2,91,2.113389015197754,14,secondary
LFootProgressAngles_ax2,92,1.8871451616287231,14,secondary
LFootProgressAngles_ax2,93,1.4622329473495483,14,secondary
LFootProgressAngles_ax2,94,1.0942540168762207,14,secondary
LFootProgressAngles_ax2,95,0.787185788154602,14,secondary
LFootProgressAngles_ax2,96,0.47856803610920906,14,secondary
LFootProgressAngles_ax2,97,0.3534606359899044,14,secondary
LFootProgressAngles_ax2,98,0.37497166311368346,14,secondary
LFootProgressAngles_ax2,99,0.41980141401290894,14,secondary
LFootProgressAngles_ax2,100,0.5986953675746918,14,secondary
LFootProgressAngles_ax3,0,-3.4407459497451782,14,secondary
LFootProgressAngles_ax3,1,-3.1822779774665833,14,secondary
LFootProgressAngles_ax3,2,-2.719254434108734,14,secondary
LFootProgressAngles_ax3,3,-2.24174302816391,14,secondary
LFootProgressAngles_ax3,4,-1.8417140245437622,14,secondary
LFootProgressAngles_ax3,5,-1.4668061137199402,14,secondary
LFootProgressAngles_ax3,6,-1.261414960026741,14,secondary
LFootProgressAngles_ax3,7,-1.1062228083610535,14,secondary
LFootProgressAngles_ax3,8,-1.0191221684217453,14,secondary
LFootProgressAngles_ax3,9,-0.9573486130684614,14,secondary
LFootProgressAngles_ax3,10,-0.8650793358683586,14,secondary
LFootProgressAngles_ax3,11,-0.7807833775877953,14,secondary
LFootProgressAngles_ax3,12,-0.7155248522758484,14,secondary
LFootProgressAngles_ax3,13,-0.9066358208656311,14,secondary
LFootProgressAngles_ax3,14,-1.0389373488724232,14,secondary
LFootProgressAngles_ax3,15,-0.9784121727570891,14,secondary
LFootProgressAngles_ax3,16,-0.8001971282064915,14,secondary
LFootProgressAngles_ax3,17,-0.9292058348655701,14,secondary
LFootProgressAngles_ax3,18,-1.1844554543495178,14,secondary
LFootProgressAngles_ax3,19,-1.527866780757904,14,secondary
LFootProgressAngles_ax3,20,-1.50307297706604,14,secondary
LFootProgressAngles_ax3,21,-2.310017466545105,14,secondary
LFootProgressAngles_ax3,22,-2.843528151512146,14,secondary
LFootProgressAngles_ax3,23,-3.0486767292022705,14,secondary
LFootProgressAngles_ax3,24,-3.7191447019577026,14,secondary
LFootProgressAngles_ax3,25,-4.419081926345825,14,secondary
LFootProgressAngles_ax3,26,-4.997413277626038,14,secondary
LFootProgressAngles_ax3,27,-5.08757209777832,14,secondary
LFootProgressAngles_ax3,28,-5.158869385719299,14,secondary
LFootProgressAngles_ax3,29,-5.2705384492874146,14,secondary
LFootProgressAngles_ax3,30,-5.548686742782593,14,secondary
LFootProgressAngles_ax3,31,-6.048736095428467,14,secondary
LFootProgressAngles_ax3,32,-6.5025622844696045,14,secondary
LFootProgressAngles_ax3,33,-6.847253084182739,14,secondary
LFootProgressAngles_ax3,34,-7.147778272628784,14,secondary
LFootProgressAngles_ax3,35,-7.156734943389893,14,secondary
LFootProgressAngles_ax3,36,-6.512094497680664,14,secondary
LFootProgressAngles_ax3,37,-6.430760383605957,14,secondary
LFootProgressAngles_ax3,38,-6.660319924354553,14,secondary
LFootProgressAngles_ax3,39,-7.26544713973999,14,secondary
LFootProgressAngles_ax3,40,-6.767394542694092,14,secondary
LFootProgressAngles_ax3,41,-6.488357663154602,14,secondary
LFootProgressAngles_ax3,42,-6.363883972167969,14,secondary
LFootProgressAngles_ax3,43,-6.095173239707947,14,secondary
LFootProgressAngles_ax3,44,-5.538879156112671,14,secondary
LFootProgressAngles_ax3,45,-4.9630314111709595,14,secondary
LFootProgressAngles_ax3,46,-4.600370407104492,14,secondary
LFootProgressAngles_ax3,47,-4.607051372528076,14,secondary
LFootProgressAngles_ax3,48,-4.62355101108551,14,secondary
LFootProgressAngles_ax3,49,-4.428694128990173,14,secondary
LFootProgressAngles_ax3,50,-4.18198037147522,14,secondary
LFootProgressAngles_ax3,51,-3.7451248168945312,14,secondary
LFootProgressAngles_ax3,52,-3.2556286454200745,14,secondary
LFootProgressAngles_ax3,53,-2.870001196861267,14,secondary
LFootProgressAngles_ax3,54,-2.3480674624443054,14,secondary
LFootProgressAngles_ax3,55,-2.077904760837555,14,secondary
LFootProgressAngles_ax3,56,-1.7521987855434418,14,secondary
LFootProgressAngles_ax3,57,-1.4114350080490112,14,secondary
LFootProgressAngles_ax3,58,-1.2182499915361404,14,secondary
LFootProgressAngles_ax3,59,-1.2050973679870367,14,secondary
LFootProgressAngles_ax3,60,-0.9552043154835701,14,secondary
LFootProgressAngles_ax3,61,-0.7513891011476517,14,secondary
LFootProgressAngles_ax3,62,-0.7791397124528885,14,secondary
LFootProgressAngles_ax3,63,-0.8285063728690147,14,secondary
LFootProgressAngles_ax3,64,-0.9179992452263832,14,secondary
LFootProgressAngles_ax3,65,-1.2272628843784332,14,secondary
LFootProgressAngles_ax3,66,-1.034358263015747,14,secondary
LFootProgressAngles_ax3,67,-1.1753848493099213,14,secondary
LFootProgressAngles_ax3,68,-1.354604721069336,14,secondary
LFootProgressAngles_ax3,69,-1.5198876857757568,14,secondary
LFootProgressAngles_ax3,70,-2.2183040976524353,14,secondary
LFootProgressAngles_ax3,71,-2.5945733189582825,14,secondary
LFootProgressAngles_ax3,72,-2.534833610057831,14,secondary
LFootProgressAngles_ax3,73,-2.8403109908103943,14,secondary
LFootProgressAngles_ax3,74,-3.0046936869621277,14,secondary
LFootProgressAngles_ax3,75,-3.32924222946167,14,secondary
LFootProgressAngles_ax3,76,-3.8704357147216797,14,secondary
LFootProgressAngles_ax3,77,-4.346301078796387,14,secondary
LFootProgressAngles_ax3,78,-4.698855042457581,14,secondary
LFootProgressAngles_ax3,79,-4.906284809112549,14,secondary
LFootProgressAngles_ax3,80,-5.034034967422485,14,secondary
LFootProgressAngles_ax3,81,-5.508084297180176,14,secondary
LFootProgressAngles_ax3,82,-5.646229267120361,14,secondary
LFootProgressAngles_ax3,83,-5.893456935882568,14,secondary
LFootProgressAngles_ax3,84,-6.2054667472839355,14,secondary
LFootProgressAngles_ax3,85,-6.459651708602905,14,secondary
LFootProgressAngles_ax3,86,-6.733307600021362,14,secondary
LFootProgressAngles_ax3,87,-6.753330588340759,14,secondary
LFootProgressAngles_ax3,88,-6.725713491439819,14,secondary
LFootProgressAngles_ax3,89,-6.688838601112366,14,secondary
LFootProgressAngles_ax3,90,-6.7004441022872925,14,secondary
LFootProgressAngles_ax3,91,-6.896071434020996,14,secondary
LFootProgressAngles_ax3,92,-6.679404616355896,14,secondary
LFootProgressAngles_ax3,93,-6.132383108139038,14,secondary
LFootProgressAngles_ax3,94,-5.547866344451904,14,secondary
LFootProgressAngles_ax3,95,-5.1391520500183105,14,secondary
LFootProgressAngles_ax3,96,-4.497929692268372,14,secondary
LFootProgressAngles_ax3,97,-4.1556068658828735,14,secondary
LFootProgressAngles_ax3,98,-3.9783824682235718,14,secondary
LFootProgressAngles_ax3,99,-3.779059648513794,14,secondary
LFootProgressAngles_ax3,100,-3.656357765197754,14,secondary
RFootProgressAngles_ax1,0,-88.57962989807129,14,primary
RFootProgressAngles_ax1,1,-87.52965927124023,14,primary
RFootProgressAngles_ax1,2,-86.18108940124512,14,primary
RFootProgressAngles_ax1,3,-84.48990440368652,14,primary
RFootProgressAngles_ax1,4,-82.53405952453613,14,primary
RFootProgressAngles_ax1,5,-80.41597270965576,14,primary
RFootProgressAngles_ax1,6,-78.20124816894531,14,primary
RFootProgressAngles_ax1,7,-75.89444255828857,14,primary
RFootProgressAngles_ax1,8,-73.4773645401001,14,primary
RFootProgressAngles_ax1,9,-70.93809509277344,14,primary
RFootProgressAngles_ax1,10,-68.23490238189697,14,primary
RFootProgressAngles_ax1,11,-65.30810356140137,14,primary
RFootProgressAngles_ax1,12,-62.06432628631592,14,primary
RFootProgressAngles_ax1,13,-58.45144081115723,14,primary
RFootProgressAngles_ax1,14,-54.50030183792114,14,primary
RFootProgressAngles_ax1,15,-50.62326002120972,14,primary
RFootProgressAngles_ax1,16,-46.53602743148804,14,primary
RFootProgressAngles_ax1,17,-42.56546139717102,14,primary
RFootProgressAngles_ax1,18,-39.342103719711304,14,primary
RFootProgressAngles_ax1,19,-36.816280364990234,14,primary
RFootProgressAngles_ax1,20,-36.16150999069214,14,primary
RFootProgressAngles_ax1,21,-38.077208042144775,14,primary
RFootProgressAngles_ax1,22,-40.14781475067139,14,primary
RFootProgressAngles_ax1,23,-42.315049171447754,14,primary
RFootProgressAngles_ax1,24,-44.54497146606445,14,primary
RFootProgressAngles_ax1,25,-46.83339881896973,14,primary
RFootProgressAngles_ax1,26,-49.80685901641846,14,primary
RFootProgressAngles_ax1,27,-53.00977611541748,14,primary
RFootProgressAngles_ax1,28,-56.30297088623047,14,primary
RFootProgressAngles_ax1,29,-59.474430084228516,14,primary
RFootProgressAngles_ax1,30,-62.539642333984375,14,primary
RFootProgressAngles_ax1,31,-65.59809684753418,14,primary
RFootProgressAngles_ax1,32,-68.6350154876709,14,primary
RFootProgressAngles_ax1,33,-71.66385841369629,14,primary
RFootProgressAngles_ax1,34,-74.75589561462402,14,primary
RFootProgressAngles_ax1,35,-77.73766136169434,14,primary
RFootProgressAngles_ax1,36,-80.10037803649902,14,primary
RFootProgressAngles_ax1,37,-81.42941665649414,14,primary
RFootProgressAngles_ax1,38,-82.7821044921875,14,primary
RFootProgressAngles_ax1,39,-84.60344314575195,14,primary
RFootProgressAngles_ax1,40,-84.93036270141602,14,primary
RFootProgressAngles_ax1,41,-85.81776237487793,14,primary
RFootProgressAngles_ax1,42,-87.64139556884766,14,primary
RFootProgressAngles_ax1,43,-89.95515823364258,14,primary
RFootProgressAngles_ax1,44,-92.86182975769043,14,primary
RFootProgressAngles_ax1,45,-95.62727355957031,14,primary
RFootProgressAngles_ax1,46,-98.26679611206055,14,primary
RFootProgressAngles_ax1,47,-100.63363647460938,14,primary
RFootProgressAngles_ax1,48,-102.57681274414062,14,primary
RFootProgressAngles_ax1,49,-103.90679550170898,14,primary
RFootProgressAngles_ax1,50,-103.66927528381348,14,primary
RFootProgressAngles_ax1,51,-102.62664985656738,14,primary
RFootProgressAngles_ax1,52,-100.83766174316406,14,primary
RFootProgressAngles_ax1,53,-98.36340522766113,14,primary
RFootProgressAngles_ax1,54,-95.9200439453125,14,primary
RFootProgressAngles_ax1,55,-93.4174976348877,14,primary
RFootProgressAngles_ax1,56,-90.88861083984375,14,primary
RFootProgressAngles_ax1,57,-88.67837142944336,14,primary
RFootProgressAngles_ax1,58,-86.56153106689453,14,primary
RFootProgressAngles_ax1,59,-84.6944694519043,14,primary
RFootProgressAngles_ax1,60,-83.10708427429199,14,primary
RFootProgressAngles_ax1,61,-81.75733184814453,14,primary
RFootProgressAngles_ax1,62,-80.5149335861206,14,primary
RFootProgressAngles_ax1,63,-79.30699157714844,14,primary
RFootProgressAngles_ax1,64,-78.06130027770996,14,primary
RFootProgressAngles_ax1,65,-76.74493217468262,14,primary
RFootProgressAngles_ax1,66,-75.52340888977051,14,primary
RFootProgressAngles_ax1,67,-74.35828304290771,14,primary
RFootProgressAngles_ax1,68,-73.24596118927002,14,primary
RFootProgressAngles_ax1,69,-72.3332085609436,14,primary
RFootProgressAngles_ax1,70,-71.64343547821045,14,primary
RFootProgressAngles_ax1,71,-71.22117948532104,14,primary
RFootProgressAngles_ax1,72,-71.09428644180298,14,primary
RFootProgressAngles_ax1,73,-71.2978687286377,14,primary
RFootProgressAngles_ax1,74,-71.58087539672852,14,primary
RFootProgressAngles_ax1,75,-71.04237127304077,14,primary
RFootProgressAngles_ax1,76,-69.99577140808105,14,primary
RFootProgressAngles_ax1,77,-69.22066116333008,14,primary
RFootProgressAngles_ax1,78,-69.1369276046753,14,primary
RFootProgressAngles_ax1,79,-69.9343204498291,14,primary
RFootProgressAngles_ax1,80,-71.51122570037842,14,primary
RFootProgressAngles_ax1,81,-73.52604961395264,14,primary
RFootProgressAngles_ax1,82,-75.69035053253174,14,primary
RFootProgressAngles_ax1,83,-76.77855491638184,14,primary
RFootProgressAngles_ax1,84,-77.47967338562012,14,primary
RFootProgressAngles_ax1,85,-78.11865615844727,14,primary
RFootProgressAngles_ax1,86,-80.35111999511719,14,primary
RFootProgressAngles_ax1,87,-82.27827453613281,14,primary
RFootProgressAngles_ax1,88,-82.44044876098633,14,primary
RFootProgressAngles_ax1,89,-83.25387191772461,14,primary
RFootProgressAngles_ax1,90,-84.6942138671875,14,primary
RFootProgressAngles_ax1,91,-86.1040096282959,14,primary
RFootProgressAngles_ax1,92,-86.47530364990234,14,primary
RFootProgressAngles_ax1,93,-87.62776184082031,14,primary
RFootProgressAngles_ax1,94,-88.69537162780762,14,primary
RFootProgressAngles_ax1,95,-89.15137481689453,14,primary
RFootProgressAngles_ax1,96,-89.4925708770752,14,primary
RFootProgressAngles_ax1,97,-89.67006874084473,14,primary
RFootProgressAngles_ax1,98,-89.63158798217773,14,primary
RFootProgressAngles_ax1,99,-89.17448806762695,14,primary
RFootProgressAngles_ax1,100,-88.37648010253906,14,primary
RFootProgressAngles_ax2,0,0.7748460024595261,14,secondary
RFootProgressAngles_ax2,1,0.7113678306341171,14,secondary
RFootProgressAngles_ax2,2,0.7250590473413467,14,secondary
RFootProgressAngles_ax2,3,0.6544176787137985,14,secondary
RFootProgressAngles_ax2,4,0.9924691468477249,14,secondary
RFootProgressAngles_ax2,5,1.1174124777317047,14,secondary
RFootProgressAngles_ax2,6,1.602685034275055,14,secondary
RFootProgressAngles_ax2,7,2.1497788429260254,14,secondary
RFootProgressAngles_ax2,8,2.2894634008407593,14,secondary
RFootProgressAngles_ax2,9,2.0911076068878174,14,secondary
RFootProgressAngles_ax2,10,1.8353477716445923,14,secondary
RFootProgressAngles_ax2,11,1.8241710662841797,14,secondary
RFootProgressAngles_ax2,12,1.896007478237152,14,secondary
RFootProgressAngles_ax2,13,2.248579978942871,14,secondary
RFootProgressAngles_ax2,14,2.050528407096863,14,secondary
RFootProgressAngles_ax2,15,1.923057645559311,14,secondary
RFootProgressAngles_ax2,16,2.013789653778076,14,secondary
RFootProgressAngles_ax2,17,2.0194493532180786,14,secondary
RFootProgressAngles_ax2,18,2.0009703636169434,14,secondary
RFootProgressAngles_ax2,19,1.8950496912002563,14,secondary
RFootProgressAngles_ax2,20,1.9403524994850159,14,secondary
RFootProgressAngles_ax2,21,1.9865923523902893,14,secondary
RFootProgressAngles_ax2,22,2.161099135875702,14,secondary
RFootProgressAngles_ax2,23,2.1670639514923096,14,secondary
RFootProgressAngles_ax2,24,2.064078211784363,14,secondary
RFootProgressAngles_ax2,25,1.9315004348754883,14,secondary
RFootProgressAngles_ax2,26,1.910677194595337,14,secondary
RFootProgressAngles_ax2,27,1.9452250003814697,14,secondary
RFootProgressAngles_ax2,28,1.9501829743385315,14,secondary
RFootProgressAngles_ax2,29,1.969874620437622,14,secondary
RFootProgressAngles_ax2,30,2.053945243358612,14,secondary
RFootProgressAngles_ax2,31,1.9364948272705078,14,secondary
RFootProgressAngles_ax2,32,1.8566508293151855,14,secondary
RFootProgressAngles_ax2,33,1.6606677770614624,14,secondary
RFootProgressAngles_ax2,34,1.5747325420379639,14,secondary
RFootProgressAngles_ax2,35,1.4993452429771423,14,secondary
RFootProgressAngles_ax2,36,1.3386601209640503,14,secondary
RFootProgressAngles_ax2,37,1.2780325412750244,14,secondary
RFootProgressAngles_ax2,38,0.9919271767139435,14,secondary
RFootProgressAngles_ax2,39,0.6856083273887634,14,secondary
RFootProgressAngles_ax2,40,0.5746891498565674,14,secondary
RFootProgressAngles_ax2,41,0.56009441614151,14,secondary
RFootProgressAngles_ax2,42,0.3895580768585205,14,secondary
RFootProgressAngles_ax2,43,0.42146436870098114,14,secondary
RFootProgressAngles_ax2,44,0.45518992841243744,14,secondary
RFootProgressAngles_ax2,45,0.5286459028720856,14,secondary
RFootProgressAngles_ax2,46,0.7383588552474976,14,secondary
RFootProgressAngles_ax2,47,0.7626545429229736,14,secondary
RFootProgressAngles_ax2,48,0.7849012613296509,14,secondary
RFootProgressAngles_ax2,49,0.7845674604177475,14,secondary
RFootProgressAngles_ax2,50,0.7234226018190384,14,secondary
RFootProgressAngles_ax2,51,0.7223106175661087,14,secondary
RFootProgressAngles_ax2,52,0.7498226761817932,14,secondary
RFootProgressAngles_ax2,53,0.8066980242729187,14,secondary
RFootProgressAngles_ax2,54,1.0085529386997223,14,secondary
RFootProgressAngles_ax2,55,1.2944368720054626,14,secondary
RFootProgressAngles_ax2,56,1.48431396484375,14,secondary
RFootProgressAngles_ax2,57,1.761642873287201,14,secondary
RFootProgressAngles_ax2,58,2.097371220588684,14,secondary
RFootProgressAngles_ax2,59,1.9520798325538635,14,secondary
RFootProgressAngles_ax2,60,1.8778390884399414,14,secondary
RFootProgressAngles_ax2,61,1.6853032112121582,14,secondary
RFootProgressAngles_ax2,62,1.755340963602066,14,secondary
RFootProgressAngles_ax2,63,1.8620303273200989,14,secondary
RFootProgressAngles_ax2,64,2.0347158908843994,14,secondary
RFootProgressAngles_ax2,65,1.9768891334533691,14,secondary
RFootProgressAngles_ax2,66,2.2875133752822876,14,secondary
RFootProgressAngles_ax2,67,2.4750735759735107,14,secondary
RFootProgressAngles_ax2,68,2.3104379177093506,14,secondary
RFootProgressAngles_ax2,69,2.564460515975952,14,secondary
RFootProgressAngles_ax2,70,2.4113234281539917,14,secondary
RFootProgressAngles_ax2,71,2.2242915630340576,14,secondary
RFootProgressAngles_ax2,72,1.9206370413303375,14,secondary
RFootProgressAngles_ax2,73,2.0678348541259766,14,secondary
RFootProgressAngles_ax2,74,2.3266143798828125,14,secondary
RFootProgressAngles_ax2,75,2.308722734451294,14,secondary
RFootProgressAngles_ax2,76,2.5464046001434326,14,secondary
RFootProgressAngles_ax2,77,2.695558190345764,14,secondary
RFootProgressAngles_ax2,78,2.456121802330017,14,secondary
RFootProgressAngles_ax2,79,2.12318617105484,14,secondary
RFootProgressAngles_ax2,80,2.0749908685684204,14,secondary
RFootProgressAngles_ax2,81,2.144286870956421,14,secondary
RFootProgressAngles_ax2,82,2.2354570627212524,14,secondary
RFootProgressAngles_ax2,83,2.230284810066223,14,secondary
RFootProgressAngles_ax2,84,2.3052921295166016,14,secondary
RFootProgressAngles_ax2,85,2.1416943073272705,14,secondary
RFootProgressAngles_ax2,86,1.9193668365478516,14,secondary
RFootProgressAngles_ax2,87,1.3879625797271729,14,secondary
RFootProgressAngles_ax2,88,1.1419188380241394,14,secondary
RFootProgressAngles_ax2,89,0.7870842814445496,14,secondary
RFootProgressAngles_ax2,90,0.5447700619697571,14,secondary
RFootProgressAngles_ax2,91,0.40155498683452606,14,secondary
RFootProgressAngles_ax2,92,0.3217759355902672,14,secondary
RFootProgressAngles_ax2,93,0.29884160310029984,14,secondary
RFootProgressAngles_ax2,94,0.1348782368004322,14,secondary
RFootProgressAngles_ax2,95,0.2577510569244623,14,secondary
RFootProgressAngles_ax2,96,0.43242570385336876,14,secondary
RFootProgressAngles_ax2,97,0.5813210979104042,14,secondary
RFootProgressAngles_ax2,98,0.7342846095561981,14,secondary
RFootProgressAngles_ax2,99,0.767418622970581,14,secondary
RFootProgressAngles_ax2,100,0.7337745428085327,14,secondary
RFootProgressAngles_ax3,0,-5.152790069580078,14,secondary
RFootProgressAngles_ax3,1,-4.971170425415039,14,secondary
RFootProgressAngles_ax3,2,-4.264556884765625,14,secondary
RFootProgressAngles_ax3,3,-3.864437460899353,14,secondary
RFootProgressAngles_ax3,4,-4.023777723312378,14,secondary
RFootProgressAngles_ax3,5,-4.149025082588196,14,secondary
RFootProgressAngles_ax3,6,-3.582492470741272,14,secondary
RFootProgressAngles_ax3,7,-3.0732343792915344,14,secondary
RFootProgressAngles_ax3,8,-2.6201637983322144,14,secondary
RFootProgressAngles_ax3,9,-2.4506442546844482,14,secondary
RFootProgressAngles_ax3,10,-2.526088297367096,14,secondary
RFootProgressAngles_ax3,11,-2.4559349417686462,14,secondary
RFootProgressAngles_ax3,12,-2.3348247408866882,14,secondary
RFootProgressAngles_ax3,13,-2.050718367099762,14,secondary
RFootProgressAngles_ax3,14,-2.0468501448631287,14,secondary
RFootProgressAngles_ax3,15,-1.9244968891143799,14,secondary
RFootProgressAngles_ax3,16,-1.859622836112976,14,secondary
RFootProgressAngles_ax3,17,-1.927500694990158,14,secondary
RFootProgressAngles_ax3,18,-2.2258275151252747,14,secondary
RFootProgressAngles_ax3,19,-2.4152987748384476,14,secondary
RFootProgressAngles_ax3,20,-2.687672048807144,14,secondary
RFootProgressAngles_ax3,21,-2.813443511724472,14,secondary
RFootProgressAngles_ax3,22,-3.2070122957229614,14,secondary
RFootProgressAngles_ax3,23,-3.506683647632599,14,secondary
RFootProgressAngles_ax3,24,-4.390579581260681,14,secondary
RFootProgressAngles_ax3,25,-4.852471590042114,14,secondary
RFootProgressAngles_ax3,26,-5.255507946014404,14,secondary
RFootProgressAngles_ax3,27,-5.443599224090576,14,secondary
RFootProgressAngles_ax3,28,-5.7192195653915405,14,secondary
RFootProgressAngles_ax3,29,-5.752797603607178,14,secondary
RFootProgressAngles_ax3,30,-6.018996834754944,14,secondary
RFootProgressAngles_ax3,31,-6.496082186698914,14,secondary
RFootProgressAngles_ax3,32,-6.982704162597656,14,secondary
RFootProgressAngles_ax3,33,-7.223604440689087,14,secondary
RFootProgressAngles_ax3,34,-7.2768168449401855,14,secondary
RFootProgressAngles_ax3,35,-7.300282716751099,14,secondary
RFootProgressAngles_ax3,36,-7.287235736846924,14,secondary
RFootProgressAngles_ax3,37,-7.234501838684082,14,secondary
RFootProgressAngles_ax3,38,-7.152096748352051,14,secondary
RFootProgressAngles_ax3,39,-7.22308874130249,14,secondary
RFootProgressAngles_ax3,40,-7.449279308319092,14,secondary
RFootProgressAngles_ax3,41,-7.310550928115845,14,secondary
RFootProgressAngles_ax3,42,-7.105737209320068,14,secondary
RFootProgressAngles_ax3,43,-6.650233030319214,14,secondary
RFootProgressAngles_ax3,44,-5.936238765716553,14,secondary
RFootProgressAngles_ax3,45,-5.935555696487427,14,secondary
RFootProgressAngles_ax3,46,-5.683532953262329,14,secondary
RFootProgressAngles_ax3,47,-5.465007781982422,14,secondary
RFootProgressAngles_ax3,48,-5.3335264921188354,14,secondary
RFootProgressAngles_ax3,49,-5.150785207748413,14,secondary
RFootProgressAngles_ax3,50,-4.704969167709351,14,secondary
RFootProgressAngles_ax3,51,-3.9225090742111206,14,secondary
RFootProgressAngles_ax3,52,-3.474243402481079,14,secondary
RFootProgressAngles_ax3,53,-3.7127134799957275,14,secondary
RFootProgressAngles_ax3,54,-3.9792261123657227,14,secondary
RFootProgressAngles_ax3,55,-3.9668877124786377,14,secondary
RFootProgressAngles_ax3,56,-3.6327136754989624,14,secondary
RFootProgressAngles_ax3,57,-3.2365849018096924,14,secondary
RFootProgressAngles_ax3,58,-3.02396222949028,14,secondary
RFootProgressAngles_ax3,59,-2.911501556634903,14,secondary
RFootProgressAngles_ax3,60,-2.796321779489517,14,secondary
RFootProgressAngles_ax3,61,-2.7992445826530457,14,secondary
RFootProgressAngles_ax3,62,-2.630668818950653,14,secondary
RFootProgressAngles_ax3,63,-2.327495902776718,14,secondary
RFootProgressAngles_ax3,64,-2.063615769147873,14,secondary
RFootProgressAngles_ax3,65,-2.567518949508667,14,secondary
RFootProgressAngles_ax3,66,-2.6458221673965454,14,secondary
RFootProgressAngles_ax3,67,-2.895522117614746,14,secondary
RFootProgressAngles_ax3,68,-3.3994020223617554,14,secondary
RFootProgressAngles_ax3,69,-4.108888506889343,14,secondary
RFootProgressAngles_ax3,70,-4.571423530578613,14,secondary
RFootProgressAngles_ax3,71,-4.8946850299835205,14,secondary
RFootProgressAngles_ax3,72,-5.2471160888671875,14,secondary
RFootProgressAngles_ax3,73,-5.3463051319122314,14,secondary
RFootProgressAngles_ax3,74,-5.391061544418335,14,secondary
RFootProgressAngles_ax3,75,-5.602515935897827,14,secondary
RFootProgressAngles_ax3,76,-6.160515069961548,14,secondary
RFootProgressAngles_ax3,77,-7.0704665184021,14,secondary
RFootProgressAngles_ax3,78,-7.784609079360962,14,secondary
RFootProgressAngles_ax3,79,-7.9258317947387695,14,secondary
RFootProgressAngles_ax3,80,-8.031743288040161,14,secondary
RFootProgressAngles_ax3,81,-8.236615657806396,14,secondary
RFootProgressAngles_ax3,82,-8.378087520599365,14,secondary
RFootProgressAngles_ax3,83,-8.649417638778687,14,secondary
RFootProgressAngles_ax3,84,-8.837502241134644,14,secondary
RFootProgressAngles_ax3,85,-9.079865217208862,14,secondary
RFootProgressAngles_ax3,86,-9.186360836029053,14,secondary
RFootProgressAngles_ax3,87,-9.15246295928955,14,secondary
RFootProgressAngles_ax3,88,-8.774561882019043,14,secondary
RFootProgressAngles_ax3,89,-8.42123794555664,14,secondary
RFootProgressAngles_ax3,90,-8.10215711593628,14,secondary
RFootProgressAngles_ax3,91,-7.821690797805786,14,secondary
RFootProgressAngles_ax3,92,-7.164390325546265,14,secondary
RFootProgressAngles_ax3,93,-6.077873468399048,14,secondary
RFootProgressAngles_ax3,94,-5.876549243927002,14,secondary
RFootProgressAngles_ax3,95,-5.772614121437073,14,secondary
RFootProgressAngles_ax3,96,-5.906261563301086,14,secondary
RFootProgressAngles_ax3,97,-6.0240678787231445,14,secondary
RFootProgressAngles_ax3,98,-6.240196943283081,14,secondary
RFootProgressAngles_ax3,99,-5.998546123504639,14,secondary
RFootProgressAngles_ax3,100,-5.5249152183532715,14,secondary
CentreOfMass_ax1,0,737.4148864746094,14,primary
CentreOfMass_ax1,1,729.6006469726562,14,primary
CentreOfMass_ax1,2,725.0276794433594,14,primary
CentreOfMass_ax1,3,724.8090515136719,14,primary
CentreOfMass_ax1,4,724.4910583496094,14,primary
CentreOfMass_ax1,5,739.3051147460938,14,primary
CentreOfMass_ax1,6,754.6399536132812,14,primary
CentreOfMass_ax1,7,762.2177124023438,14,primary
CentreOfMass_ax1,8,762.416015625,14,primary
CentreOfMass_ax1,9,762.5977172851562,14,primary
CentreOfMass_ax1,10,771.5837707519531,14,primary
CentreOfMass_ax1,11,778.8554077148438,14,primary
CentreOfMass_ax1,12,786.00048828125,14,primary
CentreOfMass_ax1,13,793.1038055419922,14,primary
CentreOfMass_ax1,14,796.4576110839844,14,primary
CentreOfMass_ax1,15,800.6259002685547,14,primary
CentreOfMass_ax1,16,793.9300689697266,14,primary
CentreOfMass_ax1,17,799.229248046875,14,primary
CentreOfMass_ax1,18,798.6924591064453,14,primary
CentreOfMass_ax1,19,807.5482177734375,14,primary
CentreOfMass_ax1,20,822.0726318359375,14,primary
CentreOfMass_ax1,21,836.4945831298828,14,primary
CentreOfMass_ax1,22,843.4778747558594,14,primary
CentreOfMass_ax1,23,845.3857574462891,14,primary
CentreOfMass_ax1,24,842.6776123046875,14,primary
CentreOfMass_ax1,25,849.0008392333984,14,primary
CentreOfMass_ax1,26,855.2724761962891,14,primary
CentreOfMass_ax1,27,861.4955291748047,14,primary
CentreOfMass_ax1,28,867.6754913330078,14,primary
CentreOfMass_ax1,29,876.1534729003906,14,primary
CentreOfMass_ax1,30,888.8248748779297,14,primary
CentreOfMass_ax1,31,901.4525604248047,14,primary
CentreOfMass_ax1,32,901.3338623046875,14,primary
CentreOfMass_ax1,33,903.9765014648438,14,primary
CentreOfMass_ax1,34,901.8858184814453,14,primary
CentreOfMass_ax1,35,894.623046875,14,primary
CentreOfMass_ax1,36,895.1226959228516,14,primary
CentreOfMass_ax1,37,902.9274291992188,14,primary
CentreOfMass_ax1,38,916.0307006835938,14,primary
CentreOfMass_ax1,39,929.1702575683594,14,primary
CentreOfMass_ax1,40,942.3718566894531,14,primary
CentreOfMass_ax1,41,946.6355285644531,14,primary
CentreOfMass_ax1,42,960.6293640136719,14,primary
CentreOfMass_ax1,43,974.7030944824219,14,primary
CentreOfMass_ax1,44,988.8734436035156,14,primary
CentreOfMass_ax1,45,1003.16015625,14,primary
CentreOfMass_ax1,46,1017.565185546875,14,primary
CentreOfMass_ax1,47,1032.0603637695312,14,primary
CentreOfMass_ax1,48,1039.0151062011719,14,primary
CentreOfMass_ax1,49,1028.5502624511719,14,primary
CentreOfMass_ax1,50,1036.633071899414,14,primary
CentreOfMass_ax1,51,1050.5933837890625,14,primary
CentreOfMass_ax1,52,1064.6804962158203,14,primary
CentreOfMass_ax1,53,1078.9049224853516,14,primary
CentreOfMass_ax1,54,1088.3916625976562,14,primary
CentreOfMass_ax1,55,1079.9556274414062,14,primary
CentreOfMass_ax1,56,1065.2092895507812,14,primary
CentreOfMass_ax1,57,1053.40625,14,primary
CentreOfMass_ax1,58,1052.9827270507812,14,primary
CentreOfMass_ax1,59,1052.6926879882812,14,primary
CentreOfMass_ax1,60,1056.4461364746094,14,primary
CentreOfMass_ax1,61,1055.5458068847656,14,primary
CentreOfMass_ax1,62,1055.4011840820312,14,primary
CentreOfMass_ax1,63,1064.0717163085938,14,primary
CentreOfMass_ax1,64,1078.151611328125,14,primary
CentreOfMass_ax1,65,1089.1583251953125,14,primary
CentreOfMass_ax1,66,1088.8670654296875,14,primary
CentreOfMass_ax1,67,1090.1817321777344,14,primary
CentreOfMass_ax1,68,1097.89599609375,14,primary
CentreOfMass_ax1,69,1105.5485229492188,14,primary
CentreOfMass_ax1,70,1113.3268737792969,14,primary
CentreOfMass_ax1,71,1120.9829711914062,14,primary
CentreOfMass_ax1,72,1128.5509033203125,14,primary
CentreOfMass_ax1,73,1136.0397338867188,14,primary
CentreOfMass_ax1,74,1145.4326171875,14,primary
CentreOfMass_ax1,75,1158.7555541992188,14,primary
CentreOfMass_ax1,76,1171.9857177734375,14,primary
CentreOfMass_ax1,77,1185.1461791992188,14,primary
CentreOfMass_ax1,78,1198.2437744140625,14,primary
CentreOfMass_ax1,79,1211.2933349609375,14,primary
CentreOfMass_ax1,80,1224.30322265625,14,primary
CentreOfMass_ax1,81,1237.25146484375,14,primary
CentreOfMass_ax1,82,1250.0751953125,14,primary
CentreOfMass_ax1,83,1262.8241577148438,14,primary
CentreOfMass_ax1,84,1275.5647583007812,14,primary
CentreOfMass_ax1,85,1285.2774047851562,14,primary
CentreOfMass_ax1,86,1285.2997436523438,14,primary
CentreOfMass_ax1,87,1285.3516235351562,14,primary
CentreOfMass_ax1,88,1285.423583984375,14,primary
CentreOfMass_ax1,89,1272.5104370117188,14,primary
CentreOfMass_ax1,90,1264.608642578125,14,primary
CentreOfMass_ax1,91,1272.5408935546875,14,primary
CentreOfMass_ax1,92,1286.1281127929688,14,primary
CentreOfMass_ax1,93,1299.7909545898438,14,primary
CentreOfMass_ax1,94,1313.5363159179688,14,primary
CentreOfMass_ax1,95,1320.1133422851562,14,primary
CentreOfMass_ax1,96,1309.4066772460938,14,primary
CentreOfMass_ax1,97,1294.8961791992188,14,primary
CentreOfMass_ax1,98,1301.4414978027344,14,primary
CentreOfMass_ax1,99,1314.6973266601562,14,primary
CentreOfMass_ax1,100,1327.9732971191406,14,primary
CentreOfMass_ax2,0,295.02991485595703,14,primary
CentreOfMass_ax2,1,294.9311828613281,14,primary
CentreOfMass_ax2,2,294.7165832519531,14,primary
CentreOfMass_ax2,3,294.46824645996094,14,primary
CentreOfMass_ax2,4,294.3144226074219,14,primary
CentreOfMass_ax2,5,294.13743591308594,14,primary
CentreOfMass_ax2,6,293.90660095214844,14,primary
CentreOfMass_ax2,7,294.4765319824219,14,primary
CentreOfMass_ax2,8,295.8448944091797,14,primary
CentreOfMass_ax2,9,296.90281677246094,14,primary
CentreOfMass_ax2,10,296.75531005859375,14,primary
CentreOfMass_ax2,11,296.61273193359375,14,primary
CentreOfMass_ax2,12,296.4863586425781,14,primary
CentreOfMass_ax2,13,296.38275146484375,14,primary
CentreOfMass_ax2,14,296.0110549926758,14,primary
CentreOfMass_ax2,15,295.6301956176758,14,primary
CentreOfMass_ax2,16,295.1286926269531,14,primary
CentreOfMass_ax2,17,295.9457702636719,14,primary
CentreOfMass_ax2,18,296.5457992553711,14,primary
CentreOfMass_ax2,19,296.89170837402344,14,primary
CentreOfMass_ax2,20,297.2345886230469,14,primary
CentreOfMass_ax2,21,297.224365234375,14,primary
CentreOfMass_ax2,22,297.8617935180664,14,primary
CentreOfMass_ax2,23,298.2561492919922,14,primary
CentreOfMass_ax2,24,298.1577682495117,14,primary
CentreOfMass_ax2,25,298.25096893310547,14,primary
CentreOfMass_ax2,26,298.2342987060547,14,primary
CentreOfMass_ax2,27,298.2062530517578,14,primary
CentreOfMass_ax2,28,297.93894958496094,14,primary
CentreOfMass_ax2,29,297.631591796875,14,primary
CentreOfMass_ax2,30,297.31417083740234,14,primary
CentreOfMass_ax2,31,297.02305603027344,14,primary
CentreOfMass_ax2,32,296.7597198486328,14,primary
CentreOfMass_ax2,33,297.29834747314453,14,primary
CentreOfMass_ax2,34,297.8429412841797,14,primary
CentreOfMass_ax2,35,298.16841888427734,14,primary
CentreOfMass_ax2,36,298.29981994628906,14,primary
CentreOfMass_ax2,37,298.40911865234375,14,primary
CentreOfMass_ax2,38,298.5019836425781,14,primary
CentreOfMass_ax2,39,298.2245330810547,14,primary
CentreOfMass_ax2,40,297.8304672241211,14,primary
CentreOfMass_ax2,41,297.4115905761719,14,primary
CentreOfMass_ax2,42,297.17858123779297,14,primary
CentreOfMass_ax2,43,297.48268127441406,14,primary
CentreOfMass_ax2,44,297.81170654296875,14,primary
CentreOfMass_ax2,45,297.9091110229492,14,primary
CentreOfMass_ax2,46,297.99478912353516,14,primary
CentreOfMass_ax2,47,297.89134979248047,14,primary
CentreOfMass_ax2,48,297.5730667114258,14,primary
CentreOfMass_ax2,49,297.3208770751953,14,primary
CentreOfMass_ax2,50,297.4075393676758,14,primary
CentreOfMass_ax2,51,297.5026397705078,14,primary
CentreOfMass_ax2,52,297.30960845947266,14,primary
CentreOfMass_ax2,53,296.82862091064453,14,primary
CentreOfMass_ax2,54,296.4145202636719,14,primary
CentreOfMass_ax2,55,296.24393463134766,14,primary
CentreOfMass_ax2,56,295.63720703125,14,primary
CentreOfMass_ax2,57,295.02921295166016,14,primary
CentreOfMass_ax2,58,294.4037094116211,14,primary
CentreOfMass_ax2,59,294.71337890625,14,primary
CentreOfMass_ax2,60,295.9290771484375,14,primary
CentreOfMass_ax2,61,296.24906158447266,14,primary
CentreOfMass_ax2,62,296.5331573486328,14,primary
CentreOfMass_ax2,63,296.4122772216797,14,primary
CentreOfMass_ax2,64,296.11458587646484,14,primary
CentreOfMass_ax2,65,296.2889175415039,14,primary
CentreOfMass_ax2,66,297.1974563598633,14,primary
CentreOfMass_ax2,67,297.80560302734375,14,primary
CentreOfMass_ax2,68,297.88572692871094,14,primary
CentreOfMass_ax2,69,297.70069122314453,14,primary
CentreOfMass_ax2,70,297.45201110839844,14,primary
CentreOfMass_ax2,71,297.49693298339844,14,primary
CentreOfMass_ax2,72,297.42542266845703,14,primary
CentreOfMass_ax2,73,297.0169982910156,14,primary
CentreOfMass_ax2,74,297.49767303466797,14,primary
CentreOfMass_ax2,75,297.69104766845703,14,primary
CentreOfMass_ax2,76,297.5695037841797,14,primary
CentreOfMass_ax2,77,297.37813568115234,14,primary
CentreOfMass_ax2,78,297.2059326171875,14,primary
CentreOfMass_ax2,79,297.1897506713867,14,primary
CentreOfMass_ax2,80,297.58727264404297,14,primary
CentreOfMass_ax2,81,298.0078887939453,14,primary
CentreOfMass_ax2,82,298.44879150390625,14,primary
CentreOfMass_ax2,83,298.90858459472656,14,primary
CentreOfMass_ax2,84,299.3866653442383,14,primary
CentreOfMass_ax2,85,299.4796447753906,14,primary
CentreOfMass_ax2,86,299.4342575073242,14,primary
CentreOfMass_ax2,87,299.30330657958984,14,primary
CentreOfMass_ax2,88,299.30780029296875,14,primary
CentreOfMass_ax2,89,299.46177673339844,14,primary
CentreOfMass_ax2,90,299.8717041015625,14,primary
CentreOfMass_ax2,91,300.2815246582031,14,primary
CentreOfMass_ax2,92,300.68955993652344,14,primary
CentreOfMass_ax2,93,300.5927734375,14,primary
CentreOfMass_ax2,94,301.0093536376953,14,primary
CentreOfMass_ax2,95,301.7640838623047,14,primary
CentreOfMass_ax2,96,302.89324951171875,14,primary
CentreOfMass_ax2,97,303.1392059326172,14,primary
CentreOfMass_ax2,98,303.25990295410156,14,primary
CentreOfMass_ax2,99,303.37184143066406,14,primary
CentreOfMass_ax2,100,303.4784393310547,14,primary
CentreOfMass_ax3,0,937.1427917480469,14,primary
CentreOfMass_ax3,1,935.0009460449219,14,primary
CentreOfMass_ax3,2,933.0390930175781,14,primary
CentreOfMass_ax3,3,931.4963531494141,14,primary
CentreOfMass_ax3,4,929.9086456298828,14,primary
CentreOfMass_ax3,5,928.6797943115234,14,primary
CentreOfMass_ax3,6,927.4444580078125,14,primary
CentreOfMass_ax3,7,926.4225463867188,14,primary
CentreOfMass_ax3,8,925.8315124511719,14,primary
CentreOfMass_ax3,9,925.7637023925781,14,primary
CentreOfMass_ax3,10,926.1825561523438,14,primary
CentreOfMass_ax3,11,926.9747314453125,14,primary
CentreOfMass_ax3,12,928.1050720214844,14,primary
CentreOfMass_ax3,13,928.9395446777344,14,primary
CentreOfMass_ax3,14,929.98193359375,14,primary
CentreOfMass_ax3,15,931.7024230957031,14,primary
CentreOfMass_ax3,16,933.6581726074219,14,primary
CentreOfMass_ax3,17,935.6818237304688,14,primary
CentreOfMass_ax3,18,937.767822265625,14,primary
CentreOfMass_ax3,19,940.2597045898438,14,primary
CentreOfMass_ax3,20,942.6455688476562,14,primary
CentreOfMass_ax3,21,944.6186981201172,14,primary
CentreOfMass_ax3,22,946.7088165283203,14,primary
CentreOfMass_ax3,23,949.0477600097656,14,primary
CentreOfMass_ax3,24,951.0073699951172,14,primary
CentreOfMass_ax3,25,952.6632995605469,14,primary
CentreOfMass_ax3,26,954.1491546630859,14,primary
CentreOfMass_ax3,27,955.6111450195312,14,primary
CentreOfMass_ax3,28,956.9153900146484,14,primary
CentreOfMass_ax3,29,957.9752960205078,14,primary
CentreOfMass_ax3,30,958.9235534667969,14,primary
CentreOfMass_ax3,31,959.6010589599609,14,primary
CentreOfMass_ax3,32,960.0967712402344,14,primary
CentreOfMass_ax3,33,960.3836669921875,14,primary
CentreOfMass_ax3,34,960.4099273681641,14,primary
CentreOfMass_ax3,35,960.1257629394531,14,primary
CentreOfMass_ax3,36,959.4694061279297,14,primary
CentreOfMass_ax3,37,958.4884490966797,14,primary
CentreOfMass_ax3,38,957.234375,14,primary
CentreOfMass_ax3,39,955.8199920654297,14,primary
CentreOfMass_ax3,40,954.3390655517578,14,primary
CentreOfMass_ax3,41,952.7052154541016,14,primary
CentreOfMass_ax3,42,950.9537658691406,14,primary
CentreOfMass_ax3,43,949.0849151611328,14,primary
CentreOfMass_ax3,44,947.0503845214844,14,primary
CentreOfMass_ax3,45,944.9601440429688,14,primary
CentreOfMass_ax3,46,942.8794250488281,14,primary
CentreOfMass_ax3,47,940.9473571777344,14,primary
CentreOfMass_ax3,48,939.1141204833984,14,primary
CentreOfMass_ax3,49,937.28173828125,14,primary
CentreOfMass_ax3,50,935.5763702392578,14,primary
CentreOfMass_ax3,51,934.0006713867188,14,primary
CentreOfMass_ax3,52,932.4958038330078,14,primary
CentreOfMass_ax3,53,931.0929412841797,14,primary
CentreOfMass_ax3,54,929.61962890625,14,primary
CentreOfMass_ax3,55,928.4853057861328,14,primary
CentreOfMass_ax3,56,927.5518646240234,14,primary
CentreOfMass_ax3,57,926.9724884033203,14,primary
CentreOfMass_ax3,58,926.5065612792969,14,primary
CentreOfMass_ax3,59,926.2869567871094,14,primary
CentreOfMass_ax3,60,926.7746887207031,14,primary
CentreOfMass_ax3,61,927.843994140625,14,primary
CentreOfMass_ax3,62,928.9356384277344,14,primary
CentreOfMass_ax3,63,930.0233459472656,14,primary
CentreOfMass_ax3,64,930.5776062011719,14,primary
CentreOfMass_ax3,65,931.9740295410156,14,primary
CentreOfMass_ax3,66,933.4075927734375,14,primary
CentreOfMass_ax3,67,934.607177734375,14,primary
CentreOfMass_ax3,68,936.3019409179688,14,primary
CentreOfMass_ax3,69,937.9568176269531,14,primary
CentreOfMass_ax3,70,939.5336608886719,14,primary
CentreOfMass_ax3,71,941.1368713378906,14,primary
CentreOfMass_ax3,72,943.3983154296875,14,primary
CentreOfMass_ax3,73,945.5375061035156,14,primary
CentreOfMass_ax3,74,948.0882263183594,14,primary
CentreOfMass_ax3,75,950.2509155273438,14,primary
CentreOfMass_ax3,76,951.9671630859375,14,primary
CentreOfMass_ax3,77,953.5014190673828,14,primary
CentreOfMass_ax3,78,954.8690338134766,14,primary
CentreOfMass_ax3,79,956.0749053955078,14,primary
CentreOfMass_ax3,80,956.9247894287109,14,primary
CentreOfMass_ax3,81,957.4346313476562,14,primary
CentreOfMass_ax3,82,957.8419189453125,14,primary
CentreOfMass_ax3,83,958.2828216552734,14,primary
CentreOfMass_ax3,84,958.3712463378906,14,primary
CentreOfMass_ax3,85,958.1069946289062,14,primary
CentreOfMass_ax3,86,957.4346466064453,14,primary
CentreOfMass_ax3,87,956.6205596923828,14,primary
CentreOfMass_ax3,88,955.7220001220703,14,primary
CentreOfMass_ax3,89,954.6385498046875,14,primary
CentreOfMass_ax3,90,953.3495025634766,14,primary
CentreOfMass_ax3,91,951.7894134521484,14,primary
CentreOfMass_ax3,92,949.9033355712891,14,primary
CentreOfMass_ax3,93,947.9377593994141,14,primary
CentreOfMass_ax3,94,945.9614715576172,14,primary
CentreOfMass_ax3,95,943.8516387939453,14,primary
CentreOfMass_ax3,96,941.7650756835938,14,primary
CentreOfMass_ax3,97,939.7607421875,14,primary
CentreOfMass_ax3,98,938.0093841552734,14,primary
CentreOfMass_ax3,99,936.3860931396484,14,primary
CentreOfMass_ax3,100,934.7234649658203,14,primary
CentreOfMassFloor_ax1,0,737.4148864746094,14,secondary
CentreOfMassFloor_ax1,1,729.6006469726562,14,secondary
CentreOfMassFloor_ax1,2,725.0276794433594,14,secondary
CentreOfMassFloor_ax1,3,724.8090515136719,14,secondary
CentreOfMassFloor_ax1,4,724.4910583496094,14,secondary
CentreOfMassFloor_ax1,5,739.3051147460938,14,secondary
CentreOfMassFloor_ax1,6,754.6399536132812,14,secondary
CentreOfMassFloor_ax1,7,762.2177124023438,14,secondary
CentreOfMassFloor_ax1,8,762.416015625,14,secondary
CentreOfMassFloor_ax1,9,762.5977172851562,14,secondary
CentreOfMassFloor_ax1,10,771.5837707519531,14,secondary
CentreOfMassFloor_ax1,11,778.8554077148438,14,secondary
CentreOfMassFloor_ax1,12,786.00048828125,14,secondary
CentreOfMassFloor_ax1,13,793.1038055419922,14,secondary
CentreOfMassFloor_ax1,14,796.4576110839844,14,secondary
CentreOfMassFloor_ax1,15,800.6259002685547,14,secondary
CentreOfMassFloor_ax1,16,793.9300689697266,14,secondary
CentreOfMassFloor_ax1,17,799.229248046875,14,secondary
CentreOfMassFloor_ax1,18,798.6924591064453,14,secondary
CentreOfMassFloor_ax1,19,807.5482177734375,14,secondary
CentreOfMassFloor_ax1,20,822.0726318359375,14,secondary
CentreOfMassFloor_ax1,21,836.4945831298828,14,secondary
CentreOfMassFloor_ax1,22,843.4778747558594,14,secondary
CentreOfMassFloor_ax1,23,845.3857574462891,14,secondary
CentreOfMassFloor_ax1,24,842.6776123046875,14,secondary
CentreOfMassFloor_ax1,25,849.0008392333984,14,secondary
CentreOfMassFloor_ax1,26,855.2724761962891,14,secondary
CentreOfMassFloor_ax1,27,861.4955291748047,14,secondary
CentreOfMassFloor_ax1,28,867.6754913330078,14,secondary
CentreOfMassFloor_ax1,29,876.1534729003906,14,secondary
CentreOfMassFloor_ax1,30,888.8248748779297,14,secondary
CentreOfMassFloor_ax1,31,901.4525604248047,14,secondary
CentreOfMassFloor_ax1,32,901.3338623046875,14,secondary
CentreOfMassFloor_ax1,33,903.9765014648438,14,secondary
CentreOfMassFloor_ax1,34,901.8858184814453,14,secondary
CentreOfMassFloor_ax1,35,894.623046875,14,secondary
CentreOfMassFloor_ax1,36,895.1226959228516,14,secondary
CentreOfMassFloor_ax1,37,902.9274291992188,14,secondary
CentreOfMassFloor_ax1,38,916.0307006835938,14,secondary
CentreOfMassFloor_ax1,39,929.1702575683594,14,secondary
CentreOfMassFloor_ax1,40,942.3718566894531,14,secondary
CentreOfMassFloor_ax1,41,946.6355285644531,14,secondary
CentreOfMassFloor_ax1,42,960.6293640136719,14,secondary
CentreOfMassFloor_ax1,43,974.7030944824219,14,secondary
CentreOfMassFloor_ax1,44,988.8734436035156,14,secondary
CentreOfMassFloor_ax1,45,1003.16015625,14,secondary
CentreOfMassFloor_ax1,46,1017.565185546875,14,secondary
CentreOfMassFloor_ax1,47,1032.0603637695312,14,secondary
CentreOfMassFloor_ax1,48,1039.0151062011719,14,secondary
CentreOfMassFloor_ax1,49,1028.5502624511719,14,secondary
CentreOfMassFloor_ax1,50,1036.633071899414,14,secondary
CentreOfMassFloor_ax1,51,1050.5933837890625,14,secondary
CentreOfMassFloor_ax1,52,1064.6804962158203,14,secondary
CentreOfMassFloor_ax1,53,1078.9049224853516,14,secondary
CentreOfMassFloor_ax1,54,1088.3916625976562,14,secondary
CentreOfMassFloor_ax1,55,1079.9556274414062,14,secondary
CentreOfMassFloor_ax1,56,1065.2092895507812,14,secondary
CentreOfMassFloor_ax1,57,1053.40625,14,secondary
CentreOfMassFloor_ax1,58,1052.9827270507812,14,secondary
CentreOfMassFloor_ax1,59,1052.6926879882812,14,secondary
CentreOfMassFloor_ax1,60,1056.4461364746094,14,secondary
CentreOfMassFloor_ax1,61,1055.5458068847656,14,secondary
CentreOfMassFloor_ax1,62,1055.4011840820312,14,secondary
CentreOfMassFloor_ax1,63,1064.0717163085938,14,secondary
CentreOfMassFloor_ax1,64,1078.151611328125,14,secondary
CentreOfMassFloor_ax1,65,1089.1583251953125,14,secondary
CentreOfMassFloor_ax1,66,1088.8670654296875,14,secondary
CentreOfMassFloor_ax1,67,1090.1817321777344,14,secondary
CentreOfMassFloor_ax1,68,1097.89599609375,14,secondary
CentreOfMassFloor_ax1,69,1105.5485229492188,14,secondary
CentreOfMassFloor_ax1,70,1113.3268737792969,14,secondary
CentreOfMassFloor_ax1,71,1120.9829711914062,14,secondary
CentreOfMassFloor_ax1,72,1128.5509033203125,14,secondary
CentreOfMassFloor_ax1,73,1136.0397338867188,14,secondary
CentreOfMassFloor_ax1,74,1145.4326171875,14,secondary
CentreOfMassFloor_ax1,75,1158.7555541992188,14,secondary
CentreOfMassFloor_ax1,76,1171.9857177734375,14,secondary
CentreOfMassFloor_ax1,77,1185.1461791992188,14,secondary
CentreOfMassFloor_ax1,78,1198.2437744140625,14,secondary
CentreOfMassFloor_ax1,79,1211.2933349609375,14,secondary
CentreOfMassFloor_ax1,80,1224.30322265625,14,secondary
CentreOfMassFloor_ax1,81,1237.25146484375,14,secondary
CentreOfMassFloor_ax1,82,1250.0751953125,14,secondary
CentreOfMassFloor_ax1,83,1262.8241577148438,14,secondary
CentreOfMassFloor_ax1,84,1275.5647583007812,14,secondary
CentreOfMassFloor_ax1,85,1285.2774047851562,14,secondary
CentreOfMassFloor_ax1,86,1285.2997436523438,14,secondary
CentreOfMassFloor_ax1,87,1285.3516235351562,14,secondary
CentreOfMassFloor_ax1,88,1285.423583984375,14,secondary
CentreOfMassFloor_ax1,89,1272.5104370117188,14,secondary
CentreOfMassFloor_ax1,90,1264.608642578125,14,secondary
CentreOfMassFloor_ax1,91,1272.5408935546875,14,secondary
CentreOfMassFloor_ax1,92,1286.1281127929688,14,secondary
CentreOfMassFloor_ax1,93,1299.7909545898438,14,secondary
CentreOfMassFloor_ax1,94,1313.5363159179688,14,secondary
CentreOfMassFloor_ax1,95,1320.1133422851562,14,secondary
CentreOfMassFloor_ax1,96,1309.4066772460938,14,secondary
CentreOfMassFloor_ax1,97,1294.8961791992188,14,secondary
CentreOfMassFloor_ax1,98,1301.4414978027344,14,secondary
CentreOfMassFloor_ax1,99,1314.6973266601562,14,secondary
CentreOfMassFloor_ax1,100,1327.9732971191406,14,secondary
CentreOfMassFloor_ax2,0,295.02991485595703,14,secondary
CentreOfMassFloor_ax2,1,294.9311828613281,14,secondary
CentreOfMassFloor_ax2,2,294.7165832519531,14,secondary
CentreOfMassFloor_ax2,3,294.46824645996094,14,secondary
CentreOfMassFloor_ax2,4,294.3144226074219,14,secondary
CentreOfMassFloor_ax2,5,294.13743591308594,14,secondary
CentreOfMassFloor_ax2,6,293.90660095214844,14,secondary
CentreOfMassFloor_ax2,7,294.4765319824219,14,secondary
CentreOfMassFloor_ax2,8,295.8448944091797,14,secondary
CentreOfMassFloor_ax2,9,296.90281677246094,14,secondary
CentreOfMassFloor_ax2,10,296.75531005859375,14,secondary
CentreOfMassFloor_ax2,11,296.61273193359375,14,secondary
CentreOfMassFloor_ax2,12,296.4863586425781,14,secondary
CentreOfMassFloor_ax2,13,296.38275146484375,14,secondary
CentreOfMassFloor_ax2,14,296.0110549926758,14,secondary
CentreOfMassFloor_ax2,15,295.6301956176758,14,secondary
CentreOfMassFloor_ax2,16,295.1286926269531,14,secondary
CentreOfMassFloor_ax2,17,295.9457702636719,14,secondary
CentreOfMassFloor_ax2,18,296.5457992553711,14,secondary
CentreOfMassFloor_ax2,19,296.89170837402344,14,secondary
CentreOfMassFloor_ax2,20,297.2345886230469,14,secondary
CentreOfMassFloor_ax2,21,297.224365234375,14,secondary
CentreOfMassFloor_ax2,22,297.8617935180664,14,secondary
CentreOfMassFloor_ax2,23,298.2561492919922,14,secondary
CentreOfMassFloor_ax2,24,298.1577682495117,14,secondary
CentreOfMassFloor_ax2,25,298.25096893310547,14,secondary
CentreOfMassFloor_ax2,26,298.2342987060547,14,secondary
CentreOfMassFloor_ax2,27,298.2062530517578,14,secondary
CentreOfMassFloor_ax2,28,297.93894958496094,14,secondary
CentreOfMassFloor_ax2,29,297.631591796875,14,secondary
CentreOfMassFloor_ax2,30,297.31417083740234,14,secondary
CentreOfMassFloor_ax2,31,297.02305603027344,14,secondary
CentreOfMassFloor_ax2,32,296.7597198486328,14,secondary
CentreOfMassFloor_ax2,33,297.29834747314453,14,secondary
CentreOfMassFloor_ax2,34,297.8429412841797,14,secondary
CentreOfMassFloor_ax2,35,298.16841888427734,14,secondary
CentreOfMassFloor_ax2,36,298.29981994628906,14,secondary
CentreOfMassFloor_ax2,37,298.40911865234375,14,secondary
CentreOfMassFloor_ax2,38,298.5019836425781,14,secondary
CentreOfMassFloor_ax2,39,298.2245330810547,14,secondary
CentreOfMassFloor_ax2,40,297.8304672241211,14,secondary
CentreOfMassFloor_ax2,41,297.4115905761719,14,secondary
CentreOfMassFloor_ax2,42,297.17858123779297,14,secondary
CentreOfMassFloor_ax2,43,297.48268127441406,14,secondary
CentreOfMassFloor_ax2,44,297.81170654296875,14,secondary
CentreOfMassFloor_ax2,45,297.9091110229492,14,secondary
CentreOfMassFloor_ax2,46,297.99478912353516,14,secondary
CentreOfMassFloor_ax2,47,297.89134979248047,14,secondary
CentreOfMassFloor_ax2,48,297.5730667114258,14,secondary
CentreOfMassFloor_ax2,49,297.3208770751953,14,secondary
CentreOfMassFloor_ax2,50,297.4075393676758,14,secondary
CentreOfMassFloor_ax2,51,297.5026397705078,14,secondary
CentreOfMassFloor_ax2,52,297.30960845947266,14,secondary
CentreOfMassFloor_ax2,53,296.82862091064453,14,secondary
CentreOfMassFloor_ax2,54,296.4145202636719,14,secondary
CentreOfMassFloor_ax2,55,296.24393463134766,14,secondary
CentreOfMassFloor_ax2,56,295.63720703125,14,secondary
CentreOfMassFloor_ax2,57,295.02921295166016,14,secondary
CentreOfMassFloor_ax2,58,294.4037094116211,14,secondary
CentreOfMassFloor_ax2,59,294.71337890625,14,secondary
CentreOfMassFloor_ax2,60,295.9290771484375,14,secondary
CentreOfMassFloor_ax2,61,296.24906158447266,14,secondary
CentreOfMassFloor_ax2,62,296.5331573486328,14,secondary
CentreOfMassFloor_ax2,63,296.4122772216797,14,secondary
CentreOfMassFloor_ax2,64,296.11458587646484,14,secondary
CentreOfMassFloor_ax2,65,296.2889175415039,14,secondary
CentreOfMassFloor_ax2,66,297.1974563598633,14,secondary
CentreOfMassFloor_ax2,67,297.80560302734375,14,secondary
CentreOfMassFloor_ax2,68,297.88572692871094,14,secondary
CentreOfMassFloor_ax2,69,297.70069122314453,14,secondary
CentreOfMassFloor_ax2,70,297.45201110839844,14,secondary
CentreOfMassFloor_ax2,71,297.49693298339844,14,secondary
CentreOfMassFloor_ax2,72,297.42542266845703,14,secondary
CentreOfMassFloor_ax2,73,297.0169982910156,14,secondary
CentreOfMassFloor_ax2,74,297.49767303466797,14,secondary
CentreOfMassFloor_ax2,75,297.69104766845703,14,secondary
CentreOfMassFloor_ax2,76,297.5695037841797,14,secondary
CentreOfMassFloor_ax2,77,297.37813568115234,14,secondary
CentreOfMassFloor_ax2,78,297.2059326171875,14,secondary
CentreOfMassFloor_ax2,79,297.1897506713867,14,secondary
CentreOfMassFloor_ax2,80,297.58727264404297,14,secondary
CentreOfMassFloor_ax2,81,298.0078887939453,14,secondary
CentreOfMassFloor_ax2,82,298.44879150390625,14,secondary
CentreOfMassFloor_ax2,83,298.90858459472656,14,secondary
CentreOfMassFloor_ax2,84,299.3866653442383,14,secondary
CentreOfMassFloor_ax2,85,299.4796447753906,14,secondary
CentreOfMassFloor_ax2,86,299.4342575073242,14,secondary
CentreOfMassFloor_ax2,87,299.30330657958984,14,secondary
CentreOfMassFloor_ax2,88,299.30780029296875,14,secondary
CentreOfMassFloor_ax2,89,299.46177673339844,14,secondary
CentreOfMassFloor_ax2,90,299.8717041015625,14,secondary
CentreOfMassFloor_ax2,91,300.2815246582031,14,secondary
CentreOfMassFloor_ax2,92,300.68955993652344,14,secondary
CentreOfMassFloor_ax2,93,300.5927734375,14,secondary
CentreOfMassFloor_ax2,94,301.0093536376953,14,secondary
CentreOfMassFloor_ax2,95,301.7640838623047,14,secondary
CentreOfMassFloor_ax2,96,302.89324951171875,14,secondary
CentreOfMassFloor_ax2,97,303.1392059326172,14,secondary
CentreOfMassFloor_ax2,98,303.25990295410156,14,secondary
CentreOfMassFloor_ax2,99,303.37184143066406,14,secondary
CentreOfMassFloor_ax2,100,303.4784393310547,14,secondary
CentreOfMassFloor_ax3,0,0.0,14,secondary
CentreOfMassFloor_ax3,1,0.0,14,secondary
CentreOfMassFloor_ax3,2,0.0,14,secondary
CentreOfMassFloor_ax3,3,0.0,14,secondary
CentreOfMassFloor_ax3,4,0.0,14,secondary
CentreOfMassFloor_ax3,5,0.0,14,secondary
CentreOfMassFloor_ax3,6,0.0,14,secondary
CentreOfMassFloor_ax3,7,0.0,14,secondary
CentreOfMassFloor_ax3,8,0.0,14,secondary
CentreOfMassFloor_ax3,9,0.0,14,secondary
CentreOfMassFloor_ax3,10,0.0,14,secondary
CentreOfMassFloor_ax3,11,0.0,14,secondary
CentreOfMassFloor_ax3,12,0.0,14,secondary
CentreOfMassFloor_ax3,13,0.0,14,secondary
CentreOfMassFloor_ax3,14,0.0,14,secondary
CentreOfMassFloor_ax3,15,0.0,14,secondary
CentreOfMassFloor_ax3,16,0.0,14,secondary
CentreOfMassFloor_ax3,17,0.0,14,secondary
CentreOfMassFloor_ax3,18,0.0,14,secondary
CentreOfMassFloor_ax3,19,0.0,14,secondary
CentreOfMassFloor_ax3,20,0.0,14,secondary
CentreOfMassFloor_ax3,21,0.0,14,secondary
CentreOfMassFloor_ax3,22,0.0,14,secondary
CentreOfMassFloor_ax3,23,0.0,14,secondary
CentreOfMassFloor_ax3,24,0.0,14,secondary
CentreOfMassFloor_ax3,25,0.0,14,secondary
CentreOfMassFloor_ax3,26,0.0,14,secondary
CentreOfMassFloor_ax3,27,0.0,14,secondary
CentreOfMassFloor_ax3,28,0.0,14,secondary
CentreOfMassFloor_ax3,29,0.0,14,secondary
CentreOfMassFloor_ax3,30,0.0,14,secondary
CentreOfMassFloor_ax3,31,0.0,14,secondary
CentreOfMassFloor_ax3,32,0.0,14,secondary
CentreOfMassFloor_ax3,33,0.0,14,secondary
CentreOfMassFloor_ax3,34,0.0,14,secondary
CentreOfMassFloor_ax3,35,0.0,14,secondary
CentreOfMassFloor_ax3,36,0.0,14,secondary
CentreOfMassFloor_ax3,37,0.0,14,secondary
CentreOfMassFloor_ax3,38,0.0,14,secondary
CentreOfMassFloor_ax3,39,0.0,14,secondary
CentreOfMassFloor_ax3,40,0.0,14,secondary
CentreOfMassFloor_ax3,41,0.0,14,secondary
CentreOfMassFloor_ax3,42,0.0,14,secondary
CentreOfMassFloor_ax3,43,0.0,14,secondary
CentreOfMassFloor_ax3,44,0.0,14,secondary
CentreOfMassFloor_ax3,45,0.0,14,secondary
CentreOfMassFloor_ax3,46,0.0,14,secondary
CentreOfMassFloor_ax3,47,0.0,14,secondary
CentreOfMassFloor_ax3,48,0.0,14,secondary
CentreOfMassFloor_ax3,49,0.0,14,secondary
CentreOfMassFloor_ax3,50,0.0,14,secondary
CentreOfMassFloor_ax3,51,0.0,14,secondary
CentreOfMassFloor_ax3,52,0.0,14,secondary
CentreOfMassFloor_ax3,53,0.0,14,secondary
CentreOfMassFloor_ax3,54,0.0,14,secondary
CentreOfMassFloor_ax3,55,0.0,14,secondary
CentreOfMassFloor_ax3,56,0.0,14,secondary
CentreOfMassFloor_ax3,57,0.0,14,secondary
CentreOfMassFloor_ax3,58,0.0,14,secondary
CentreOfMassFloor_ax3,59,0.0,14,secondary
CentreOfMassFloor_ax3,60,0.0,14,secondary
CentreOfMassFloor_ax3,61,0.0,14,secondary
CentreOfMassFloor_ax3,62,0.0,14,secondary
CentreOfMassFloor_ax3,63,0.0,14,secondary
CentreOfMassFloor_ax3,64,0.0,14,secondary
CentreOfMassFloor_ax3,65,0.0,14,secondary
CentreOfMassFloor_ax3,66,0.0,14,secondary
CentreOfMassFloor_ax3,67,0.0,14,secondary
CentreOfMassFloor_ax3,68,0.0,14,secondary
CentreOfMassFloor_ax3,69,0.0,14,secondary
CentreOfMassFloor_ax3,70,0.0,14,secondary
CentreOfMassFloor_ax3,71,0.0,14,secondary
CentreOfMassFloor_ax3,72,0.0,14,secondary
CentreOfMassFloor_ax3,73,0.0,14,secondary
CentreOfMassFloor_ax3,74,0.0,14,secondary
CentreOfMassFloor_ax3,75,0.0,14,secondary
CentreOfMassFloor_ax3,76,0.0,14,secondary
CentreOfMassFloor_ax3,77,0.0,14,secondary
CentreOfMassFloor_ax3,78,0.0,14,secondary
CentreOfMassFloor_ax3,79,0.0,14,secondary
CentreOfMassFloor_ax3,80,0.0,14,secondary
CentreOfMassFloor_ax3,81,0.0,14,secondary
CentreOfMassFloor_ax3,82,0.0,14,secondary
CentreOfMassFloor_ax3,83,0.0,14,secondary
CentreOfMassFloor_ax3,84,0.0,14,secondary
CentreOfMassFloor_ax3,85,0.0,14,secondary
CentreOfMassFloor_ax3,86,0.0,14,secondary
CentreOfMassFloor_ax3,87,0.0,14,secondary
CentreOfMassFloor_ax3,88,0.0,14,secondary
CentreOfMassFloor_ax3,89,0.0,14,secondary
CentreOfMassFloor_ax3,90,0.0,14,secondary
CentreOfMassFloor_ax3,91,0.0,14,secondary
CentreOfMassFloor_ax3,92,0.0,14,secondary
CentreOfMassFloor_ax3,93,0.0,14,secondary
CentreOfMassFloor_ax3,94,0.0,14,secondary
CentreOfMassFloor_ax3,95,0.0,14,secondary
CentreOfMassFloor_ax3,96,0.0,14,secondary
CentreOfMassFloor_ax3,97,0.0,14,secondary
CentreOfMassFloor_ax3,98,0.0,14,secondary
CentreOfMassFloor_ax3,99,0.0,14,secondary
CentreOfMassFloor_ax3,100,0.0,14,secondary
HipAngles_ax1_LminusR,0,14.996979653835297,14,primary_asymmetry
HipAngles_ax1_LminusR,1,15.119873225688934,14,primary_asymmetry
HipAngles_ax1_LminusR,2,15.27092407643795,14,primary_asymmetry
HipAngles_ax1_LminusR,3,15.427771111950278,14,primary_asymmetry
HipAngles_ax1_LminusR,4,15.552971556782722,14,primary_asymmetry
HipAngles_ax1_LminusR,5,15.575456738471985,14,primary_asymmetry
HipAngles_ax1_LminusR,6,15.484301179647446,14,primary_asymmetry
HipAngles_ax1_LminusR,7,15.25893148779869,14,primary_asymmetry
HipAngles_ax1_LminusR,8,14.9017094373703,14,primary_asymmetry
HipAngles_ax1_LminusR,9,14.54323947429657,14,primary_asymmetry
HipAngles_ax1_LminusR,10,14.076427981257439,14,primary_asymmetry
HipAngles_ax1_LminusR,11,13.566169276833534,14,primary_asymmetry
HipAngles_ax1_LminusR,12,13.001245021820068,14,primary_asymmetry
HipAngles_ax1_LminusR,13,12.356104969978333,14,primary_asymmetry
HipAngles_ax1_LminusR,14,11.454922318458557,14,primary_asymmetry
HipAngles_ax1_LminusR,15,10.328600406646729,14,primary_asymmetry
HipAngles_ax1_LminusR,16,8.944305896759033,14,primary_asymmetry
HipAngles_ax1_LminusR,17,7.457132339477539,14,primary_asymmetry
HipAngles_ax1_LminusR,18,6.080712795257568,14,primary_asymmetry
HipAngles_ax1_LminusR,19,4.802095413208008,14,primary_asymmetry
HipAngles_ax1_LminusR,20,3.210143566131592,14,primary_asymmetry
HipAngles_ax1_LminusR,21,1.3923234939575195,14,primary_asymmetry
HipAngles_ax1_LminusR,22,-0.9204995632171631,14,primary_asymmetry
HipAngles_ax1_LminusR,23,-2.068629264831543,14,primary_asymmetry
HipAngles_ax1_LminusR,24,-0.8520259857177734,14,primary_asymmetry
HipAngles_ax1_LminusR,25,-1.1159238815307617,14,primary_asymmetry
HipAngles_ax1_LminusR,26,-1.3819446563720703,14,primary_asymmetry
HipAngles_ax1_LminusR,27,-1.0182018280029297,14,primary_asymmetry
HipAngles_ax1_LminusR,28,-1.1628761291503906,14,primary_asymmetry
HipAngles_ax1_LminusR,29,-2.015435218811035,14,primary_asymmetry
HipAngles_ax1_LminusR,30,-3.3825836181640625,14,primary_asymmetry
HipAngles_ax1_LminusR,31,-4.549745321273804,14,primary_asymmetry
HipAngles_ax1_LminusR,32,-5.640857458114624,14,primary_asymmetry
HipAngles_ax1_LminusR,33,-6.487921476364136,14,primary_asymmetry
HipAngles_ax1_LminusR,34,-7.286264419555664,14,primary_asymmetry
HipAngles_ax1_LminusR,35,-8.042912125587463,14,primary_asymmetry
HipAngles_ax1_LminusR,36,-8.920438408851624,14,primary_asymmetry
HipAngles_ax1_LminusR,37,-9.683972239494324,14,primary_asymmetry
HipAngles_ax1_LminusR,38,-10.277358174324036,14,primary_asymmetry
HipAngles_ax1_LminusR,39,-10.37366771697998,14,primary_asymmetry
HipAngles_ax1_LminusR,40,-9.573697686195374,14,primary_asymmetry
HipAngles_ax1_LminusR,41,-8.887209057807922,14,primary_asymmetry
HipAngles_ax1_LminusR,42,-8.354079782962799,14,primary_asymmetry
HipAngles_ax1_LminusR,43,-8.00124940276146,14,primary_asymmetry
HipAngles_ax1_LminusR,44,-7.8116248697042465,14,primary_asymmetry
HipAngles_ax1_LminusR,45,-7.76928997784853,14,primary_asymmetry
HipAngles_ax1_LminusR,46,-7.848899446427822,14,primary_asymmetry
HipAngles_ax1_LminusR,47,-8.02406045794487,14,primary_asymmetry
HipAngles_ax1_LminusR,48,-8.225586354732513,14,primary_asymmetry
HipAngles_ax1_LminusR,49,-8.479950308799744,14,primary_asymmetry
HipAngles_ax1_LminusR,50,-8.701730370521545,14,primary_asymmetry
HipAngles_ax1_LminusR,51,-8.965704679489136,14,primary_asymmetry
HipAngles_ax1_LminusR,52,-9.268540501594543,14,primary_asymmetry
HipAngles_ax1_LminusR,53,-9.580706715583801,14,primary_asymmetry
HipAngles_ax1_LminusR,54,-9.908386707305908,14,primary_asymmetry
HipAngles_ax1_LminusR,55,-10.279803395271301,14,primary_asymmetry
HipAngles_ax1_LminusR,56,-10.839735984802246,14,primary_asymmetry
HipAngles_ax1_LminusR,57,-11.491906642913818,14,primary_asymmetry
HipAngles_ax1_LminusR,58,-12.337701559066772,14,primary_asymmetry
HipAngles_ax1_LminusR,59,-13.053017258644104,14,primary_asymmetry
HipAngles_ax1_LminusR,60,-13.488755345344543,14,primary_asymmetry
HipAngles_ax1_LminusR,61,-13.955601692199707,14,primary_asymmetry
HipAngles_ax1_LminusR,62,-14.353088617324829,14,primary_asymmetry
HipAngles_ax1_LminusR,63,-13.345976207405329,14,primary_asymmetry
HipAngles_ax1_LminusR,64,-12.184178456664085,14,primary_asymmetry
HipAngles_ax1_LminusR,65,-10.849085509777069,14,primary_asymmetry
HipAngles_ax1_LminusR,66,-9.390198707580566,14,primary_asymmetry
HipAngles_ax1_LminusR,67,-7.939679265022278,14,primary_asymmetry
HipAngles_ax1_LminusR,68,-6.389912009239197,14,primary_asymmetry
HipAngles_ax1_LminusR,69,-4.82637357711792,14,primary_asymmetry
HipAngles_ax1_LminusR,70,-3.220269203186035,14,primary_asymmetry
HipAngles_ax1_LminusR,71,-2.0604207515716553,14,primary_asymmetry
HipAngles_ax1_LminusR,72,-1.675398826599121,14,primary_asymmetry
HipAngles_ax1_LminusR,73,-0.9118142127990723,14,primary_asymmetry
HipAngles_ax1_LminusR,74,-0.15888166427612305,14,primary_asymmetry
HipAngles_ax1_LminusR,75,-0.5433435440063477,14,primary_asymmetry
HipAngles_ax1_LminusR,76,0.6219081878662109,14,primary_asymmetry
HipAngles_ax1_LminusR,77,1.2345380783081055,14,primary_asymmetry
HipAngles_ax1_LminusR,78,1.9182546138763428,14,primary_asymmetry
HipAngles_ax1_LminusR,79,3.535754919052124,14,primary_asymmetry
HipAngles_ax1_LminusR,80,4.243459224700928,14,primary_asymmetry
HipAngles_ax1_LminusR,81,4.28869104385376,14,primary_asymmetry
HipAngles_ax1_LminusR,82,5.4612274169921875,14,primary_asymmetry
HipAngles_ax1_LminusR,83,6.742577075958252,14,primary_asymmetry
HipAngles_ax1_LminusR,84,7.924687385559082,14,primary_asymmetry
HipAngles_ax1_LminusR,85,9.033571243286133,14,primary_asymmetry
HipAngles_ax1_LminusR,86,9.98704481124878,14,primary_asymmetry
HipAngles_ax1_LminusR,87,10.62276554107666,14,primary_asymmetry
HipAngles_ax1_LminusR,88,11.167490243911743,14,primary_asymmetry
HipAngles_ax1_LminusR,89,11.686856746673584,14,primary_asymmetry
HipAngles_ax1_LminusR,90,12.156868696212769,14,primary_asymmetry
HipAngles_ax1_LminusR,91,12.622036933898926,14,primary_asymmetry
HipAngles_ax1_LminusR,92,13.079183101654053,14,primary_asymmetry
HipAngles_ax1_LminusR,93,13.504797220230103,14,primary_asymmetry
HipAngles_ax1_LminusR,94,13.797911643981934,14,primary_asymmetry
HipAngles_ax1_LminusR,95,13.969148635864258,14,primary_asymmetry
HipAngles_ax1_LminusR,96,14.160618662834167,14,primary_asymmetry
HipAngles_ax1_LminusR,97,14.38000774383545,14,primary_asymmetry
HipAngles_ax1_LminusR,98,14.618062019348145,14,primary_asymmetry
HipAngles_ax1_LminusR,99,14.838109970092773,14,primary_asymmetry
HipAngles_ax1_LminusR,100,15.007410168647766,14,primary_asymmetry
HipAngles_ax1_absLminusR,0,35.34063148498535,14,primary_asymmetry
HipAngles_ax1_absLminusR,1,35.83228397369385,14,primary_asymmetry
HipAngles_ax1_absLminusR,2,36.15565878152847,14,primary_asymmetry
HipAngles_ax1_absLminusR,3,36.30983346700668,14,primary_asymmetry
HipAngles_ax1_absLminusR,4,36.336851954460144,14,primary_asymmetry
HipAngles_ax1_absLminusR,5,36.365060806274414,14,primary_asymmetry
HipAngles_ax1_absLminusR,6,36.098952770233154,14,primary_asymmetry
HipAngles_ax1_absLminusR,7,35.66322135925293,14,primary_asymmetry
HipAngles_ax1_absLminusR,8,35.00745487213135,14,primary_asymmetry
HipAngles_ax1_absLminusR,9,34.136213302612305,14,primary_asymmetry
HipAngles_ax1_absLminusR,10,33.03810262680054,14,primary_asymmetry
HipAngles_ax1_absLminusR,11,31.790311574935913,14,primary_asymmetry
HipAngles_ax1_absLminusR,12,30.23755693435669,14,primary_asymmetry
HipAngles_ax1_absLminusR,13,28.56369435787201,14,primary_asymmetry
HipAngles_ax1_absLminusR,14,26.72658395767212,14,primary_asymmetry
HipAngles_ax1_absLminusR,15,24.512452363967896,14,primary_asymmetry
HipAngles_ax1_absLminusR,16,21.55850076675415,14,primary_asymmetry
HipAngles_ax1_absLminusR,17,18.300411462783813,14,primary_asymmetry
HipAngles_ax1_absLminusR,18,14.874836206436157,14,primary_asymmetry
HipAngles_ax1_absLminusR,19,11.37958836555481,14,primary_asymmetry
HipAngles_ax1_absLminusR,20,7.9586181640625,14,primary_asymmetry
HipAngles_ax1_absLminusR,21,4.764274597167969,14,primary_asymmetry
HipAngles_ax1_absLminusR,22,2.459118366241455,14,primary_asymmetry
HipAngles_ax1_absLminusR,23,2.8454065322875977,14,primary_asymmetry
HipAngles_ax1_absLminusR,24,1.9662742614746094,14,primary_asymmetry
HipAngles_ax1_absLminusR,25,2.369607925415039,14,primary_asymmetry
HipAngles_ax1_absLminusR,26,3.0050697326660156,14,primary_asymmetry
HipAngles_ax1_absLminusR,27,3.5278525352478027,14,primary_asymmetry
HipAngles_ax1_absLminusR,28,5.662123680114746,14,primary_asymmetry
HipAngles_ax1_absLminusR,29,7.169074058532715,14,primary_asymmetry
HipAngles_ax1_absLminusR,30,9.87828254699707,14,primary_asymmetry
HipAngles_ax1_absLminusR,31,12.750289916992188,14,primary_asymmetry
HipAngles_ax1_absLminusR,32,15.520533084869385,14,primary_asymmetry
HipAngles_ax1_absLminusR,33,18.183847904205322,14,primary_asymmetry
HipAngles_ax1_absLminusR,34,20.59191083908081,14,primary_asymmetry
HipAngles_ax1_absLminusR,35,22.37055802345276,14,primary_asymmetry
HipAngles_ax1_absLminusR,36,24.042979836463928,14,primary_asymmetry
HipAngles_ax1_absLminusR,37,25.51353907585144,14,primary_asymmetry
HipAngles_ax1_absLminusR,38,26.06399369239807,14,primary_asymmetry
HipAngles_ax1_absLminusR,39,26.698426246643066,14,primary_asymmetry
HipAngles_ax1_absLminusR,40,27.871872186660767,14,primary_asymmetry
HipAngles_ax1_absLminusR,41,29.08232021331787,14,primary_asymmetry
HipAngles_ax1_absLminusR,42,30.23511654138565,14,primary_asymmetry
HipAngles_ax1_absLminusR,43,31.263614520430565,14,primary_asymmetry
HipAngles_ax1_absLminusR,44,32.2502616699785,14,primary_asymmetry
HipAngles_ax1_absLminusR,45,33.18100881949067,14,primary_asymmetry
HipAngles_ax1_absLminusR,46,33.9687335640192,14,primary_asymmetry
HipAngles_ax1_absLminusR,47,35.01612854003906,14,primary_asymmetry
HipAngles_ax1_absLminusR,48,36.00215530395508,14,primary_asymmetry
HipAngles_ax1_absLminusR,49,36.89047622680664,14,primary_asymmetry
HipAngles_ax1_absLminusR,50,37.80632305145264,14,primary_asymmetry
HipAngles_ax1_absLminusR,51,38.551289558410645,14,primary_asymmetry
HipAngles_ax1_absLminusR,52,39.173624992370605,14,primary_asymmetry
HipAngles_ax1_absLminusR,53,39.49762439727783,14,primary_asymmetry
HipAngles_ax1_absLminusR,54,39.57323598861694,14,primary_asymmetry
HipAngles_ax1_absLminusR,55,39.34477519989014,14,primary_asymmetry
HipAngles_ax1_absLminusR,56,39.01534366607666,14,primary_asymmetry
HipAngles_ax1_absLminusR,57,38.268184185028076,14,primary_asymmetry
HipAngles_ax1_absLminusR,58,37.24250364303589,14,primary_asymmetry
HipAngles_ax1_absLminusR,59,36.09135866165161,14,primary_asymmetry
HipAngles_ax1_absLminusR,60,34.85965013504028,14,primary_asymmetry
HipAngles_ax1_absLminusR,61,33.56885385513306,14,primary_asymmetry
HipAngles_ax1_absLminusR,62,32.08167617022991,14,primary_asymmetry
HipAngles_ax1_absLminusR,63,31.585199236869812,14,primary_asymmetry
HipAngles_ax1_absLminusR,64,29.524399280548096,14,primary_asymmetry
HipAngles_ax1_absLminusR,65,26.740787029266357,14,primary_asymmetry
HipAngles_ax1_absLminusR,66,23.764611959457397,14,primary_asymmetry
HipAngles_ax1_absLminusR,67,20.62786227464676,14,primary_asymmetry
HipAngles_ax1_absLminusR,68,17.2699893116951,14,primary_asymmetry
HipAngles_ax1_absLminusR,69,13.855605006217957,14,primary_asymmetry
HipAngles_ax1_absLminusR,70,10.332839965820312,14,primary_asymmetry
HipAngles_ax1_absLminusR,71,6.908257007598877,14,primary_asymmetry
HipAngles_ax1_absLminusR,72,4.011993885040283,14,primary_asymmetry
HipAngles_ax1_absLminusR,73,2.3439817428588867,14,primary_asymmetry
HipAngles_ax1_absLminusR,74,3.429903984069824,14,primary_asymmetry
HipAngles_ax1_absLminusR,75,3.0360288619995117,14,primary_asymmetry
HipAngles_ax1_absLminusR,76,3.4185943603515625,14,primary_asymmetry
HipAngles_ax1_absLminusR,77,4.643455982208252,14,primary_asymmetry
HipAngles_ax1_absLminusR,78,5.320270538330078,14,primary_asymmetry
HipAngles_ax1_absLminusR,79,6.765540599822998,14,primary_asymmetry
HipAngles_ax1_absLminusR,80,9.012989044189453,14,primary_asymmetry
HipAngles_ax1_absLminusR,81,11.381122589111328,14,primary_asymmetry
HipAngles_ax1_absLminusR,82,13.769334316253662,14,primary_asymmetry
HipAngles_ax1_absLminusR,83,16.13169002532959,14,primary_asymmetry
HipAngles_ax1_absLminusR,84,18.360469818115234,14,primary_asymmetry
HipAngles_ax1_absLminusR,85,20.453553676605225,14,primary_asymmetry
HipAngles_ax1_absLminusR,86,22.274088621139526,14,primary_asymmetry
HipAngles_ax1_absLminusR,87,23.99783182144165,14,primary_asymmetry
HipAngles_ax1_absLminusR,88,25.53729486465454,14,primary_asymmetry
HipAngles_ax1_absLminusR,89,27.08815050125122,14,primary_asymmetry
HipAngles_ax1_absLminusR,90,28.25587558746338,14,primary_asymmetry
HipAngles_ax1_absLminusR,91,29.156282901763916,14,primary_asymmetry
HipAngles_ax1_absLminusR,92,29.948199033737183,14,primary_asymmetry
HipAngles_ax1_absLminusR,93,30.69888734817505,14,primary_asymmetry
HipAngles_ax1_absLminusR,94,31.408979892730713,14,primary_asymmetry
HipAngles_ax1_absLminusR,95,32.12142634391785,14,primary_asymmetry
HipAngles_ax1_absLminusR,96,32.83821225166321,14,primary_asymmetry
HipAngles_ax1_absLminusR,97,33.48538684844971,14,primary_asymmetry
HipAngles_ax1_absLminusR,98,33.88099026679993,14,primary_asymmetry
HipAngles_ax1_absLminusR,99,34.46205788850784,14,primary_asymmetry
HipAngles_ax1_absLminusR,100,35.15865249559283,14,primary_asymmetry
KneeAngles_ax1_LminusR,0,-1.7803092002868652,14,primary_asymmetry
KneeAngles_ax1_LminusR,1,-1.4276843070983887,14,primary_asymmetry
KneeAngles_ax1_LminusR,2,-1.3178808689117432,14,primary_asymmetry
KneeAngles_ax1_LminusR,3,-1.542346477508545,14,primary_asymmetry
KneeAngles_ax1_LminusR,4,-1.3400979042053223,14,primary_asymmetry
KneeAngles_ax1_LminusR,5,-1.9520587921142578,14,primary_asymmetry
KneeAngles_ax1_LminusR,6,-2.346787929534912,14,primary_asymmetry
KneeAngles_ax1_LminusR,7,-2.18947172164917,14,primary_asymmetry
KneeAngles_ax1_LminusR,8,-2.51753568649292,14,primary_asymmetry
KneeAngles_ax1_LminusR,9,-2.7495956420898438,14,primary_asymmetry
KneeAngles_ax1_LminusR,10,-3.068161964416504,14,primary_asymmetry
KneeAngles_ax1_LminusR,11,-2.8660354614257812,14,primary_asymmetry
KneeAngles_ax1_LminusR,12,-3.871845245361328,14,primary_asymmetry
KneeAngles_ax1_LminusR,13,-5.019566535949707,14,primary_asymmetry
KneeAngles_ax1_LminusR,14,-5.717239856719971,14,primary_asymmetry
KneeAngles_ax1_LminusR,15,-6.195555686950684,14,primary_asymmetry
KneeAngles_ax1_LminusR,16,-6.3161702156066895,14,primary_asymmetry
KneeAngles_ax1_LminusR,17,-8.325210094451904,14,primary_asymmetry
KneeAngles_ax1_LminusR,18,-10.783596992492676,14,primary_asymmetry
KneeAngles_ax1_LminusR,19,-13.21691608428955,14,primary_asymmetry
KneeAngles_ax1_LminusR,20,-15.521220684051514,14,primary_asymmetry
KneeAngles_ax1_LminusR,21,-17.634992599487305,14,primary_asymmetry
KneeAngles_ax1_LminusR,22,-19.55515432357788,14,primary_asymmetry
KneeAngles_ax1_LminusR,23,-21.172510623931885,14,primary_asymmetry
KneeAngles_ax1_LminusR,24,-22.355833530426025,14,primary_asymmetry
KneeAngles_ax1_LminusR,25,-23.09093952178955,14,primary_asymmetry
KneeAngles_ax1_LminusR,26,-22.935804843902588,14,primary_asymmetry
KneeAngles_ax1_LminusR,27,-22.583786487579346,14,primary_asymmetry
KneeAngles_ax1_LminusR,28,-21.693541049957275,14,primary_asymmetry
KneeAngles_ax1_LminusR,29,-20.42878532409668,14,primary_asymmetry
KneeAngles_ax1_LminusR,30,-19.102943420410156,14,primary_asymmetry
KneeAngles_ax1_LminusR,31,-17.308438777923584,14,primary_asymmetry
KneeAngles_ax1_LminusR,32,-15.380268096923828,14,primary_asymmetry
KneeAngles_ax1_LminusR,33,-13.350486755371094,14,primary_asymmetry
KneeAngles_ax1_LminusR,34,-11.255207061767578,14,primary_asymmetry
KneeAngles_ax1_LminusR,35,-9.142820358276367,14,primary_asymmetry
KneeAngles_ax1_LminusR,36,-6.997898101806641,14,primary_asymmetry
KneeAngles_ax1_LminusR,37,-4.800755023956299,14,primary_asymmetry
KneeAngles_ax1_LminusR,38,-2.6670761108398438,14,primary_asymmetry
KneeAngles_ax1_LminusR,39,-0.6691126823425293,14,primary_asymmetry
KneeAngles_ax1_LminusR,40,0.428800106048584,14,primary_asymmetry
KneeAngles_ax1_LminusR,41,0.3100271224975586,14,primary_asymmetry
KneeAngles_ax1_LminusR,42,-1.694915771484375,14,primary_asymmetry
KneeAngles_ax1_LminusR,43,-2.1094799041748047,14,primary_asymmetry
KneeAngles_ax1_LminusR,44,-1.5467541217803955,14,primary_asymmetry
KneeAngles_ax1_LminusR,45,-1.3083665370941162,14,primary_asymmetry
KneeAngles_ax1_LminusR,46,-1.2386469841003418,14,primary_asymmetry
KneeAngles_ax1_LminusR,47,-1.5278985500335693,14,primary_asymmetry
KneeAngles_ax1_LminusR,48,-1.1019458770751953,14,primary_asymmetry
KneeAngles_ax1_LminusR,49,-1.6664572209119797,14,primary_asymmetry
KneeAngles_ax1_LminusR,50,-1.5136720687150955,14,primary_asymmetry
KneeAngles_ax1_LminusR,51,-1.7295893942937255,14,primary_asymmetry
KneeAngles_ax1_LminusR,52,-2.7308952808380127,14,primary_asymmetry
KneeAngles_ax1_LminusR,53,-2.865201473236084,14,primary_asymmetry
KneeAngles_ax1_LminusR,54,-3.1523356437683105,14,primary_asymmetry
KneeAngles_ax1_LminusR,55,-3.733417272567749,14,primary_asymmetry
KneeAngles_ax1_LminusR,56,-4.46592116355896,14,primary_asymmetry
KneeAngles_ax1_LminusR,57,-5.141304969787598,14,primary_asymmetry
KneeAngles_ax1_LminusR,58,-4.606743335723877,14,primary_asymmetry
KneeAngles_ax1_LminusR,59,-3.9172191619873047,14,primary_asymmetry
KneeAngles_ax1_LminusR,60,-3.6997551918029785,14,primary_asymmetry
KneeAngles_ax1_LminusR,61,-4.5683064460754395,14,primary_asymmetry
KneeAngles_ax1_LminusR,62,-5.6639604568481445,14,primary_asymmetry
KneeAngles_ax1_LminusR,63,-5.273059844970703,14,primary_asymmetry
KneeAngles_ax1_LminusR,64,-3.7727603912353516,14,primary_asymmetry
KneeAngles_ax1_LminusR,65,-0.5672626495361328,14,primary_asymmetry
KneeAngles_ax1_LminusR,66,3.1209487915039062,14,primary_asymmetry
KneeAngles_ax1_LminusR,67,6.736972808837891,14,primary_asymmetry
KneeAngles_ax1_LminusR,68,8.983597755432129,14,primary_asymmetry
KneeAngles_ax1_LminusR,69,10.997975826263428,14,primary_asymmetry
KneeAngles_ax1_LminusR,70,12.965396881103516,14,primary_asymmetry
KneeAngles_ax1_LminusR,71,14.764240264892578,14,primary_asymmetry
KneeAngles_ax1_LminusR,72,16.118446826934814,14,primary_asymmetry
KneeAngles_ax1_LminusR,73,17.102425575256348,14,primary_asymmetry
KneeAngles_ax1_LminusR,74,17.92513132095337,14,primary_asymmetry
KneeAngles_ax1_LminusR,75,18.397692680358887,14,primary_asymmetry
KneeAngles_ax1_LminusR,76,18.76914930343628,14,primary_asymmetry
KneeAngles_ax1_LminusR,77,19.038180351257324,14,primary_asymmetry
KneeAngles_ax1_LminusR,78,19.13596534729004,14,primary_asymmetry
KneeAngles_ax1_LminusR,79,18.7932710647583,14,primary_asymmetry
KneeAngles_ax1_LminusR,80,18.1642427444458,14,primary_asymmetry
KneeAngles_ax1_LminusR,81,17.367666721343994,14,primary_asymmetry
KneeAngles_ax1_LminusR,82,16.5274977684021,14,primary_asymmetry
KneeAngles_ax1_LminusR,83,15.498417854309082,14,primary_asymmetry
KneeAngles_ax1_LminusR,84,14.26186990737915,14,primary_asymmetry
KneeAngles_ax1_LminusR,85,12.801526546478271,14,primary_asymmetry
KneeAngles_ax1_LminusR,86,11.115563154220581,14,primary_asymmetry
KneeAngles_ax1_LminusR,87,9.232675075531006,14,primary_asymmetry
KneeAngles_ax1_LminusR,88,7.184858322143555,14,primary_asymmetry
KneeAngles_ax1_LminusR,89,4.962402820587158,14,primary_asymmetry
KneeAngles_ax1_LminusR,90,2.902435064315796,14,primary_asymmetry
KneeAngles_ax1_LminusR,91,1.103024959564209,14,primary_asymmetry
KneeAngles_ax1_LminusR,92,-1.1065788269042969,14,primary_asymmetry
KneeAngles_ax1_LminusR,93,-1.9561443328857422,14,primary_asymmetry
KneeAngles_ax1_LminusR,94,-0.9800076484680176,14,primary_asymmetry
KneeAngles_ax1_LminusR,95,-0.6176419258117676,14,primary_asymmetry
KneeAngles_ax1_LminusR,96,-1.1435655355453491,14,primary_asymmetry
KneeAngles_ax1_LminusR,97,-1.6916005611419678,14,primary_asymmetry
KneeAngles_ax1_LminusR,98,-1.5731099843978882,14,primary_asymmetry
KneeAngles_ax1_LminusR,99,-1.2016563415527344,14,primary_asymmetry
KneeAngles_ax1_LminusR,100,-1.1441285610198975,14,primary_asymmetry
KneeAngles_ax1_absLminusR,0,2.2691293954849243,14,primary_asymmetry
KneeAngles_ax1_absLminusR,1,2.708259806036949,14,primary_asymmetry
KneeAngles_ax1_absLminusR,2,2.800077438354492,14,primary_asymmetry
KneeAngles_ax1_absLminusR,3,2.5003697872161865,14,primary_asymmetry
KneeAngles_ax1_absLminusR,4,2.1279821395874023,14,primary_asymmetry
KneeAngles_ax1_absLminusR,5,2.5014026165008545,14,primary_asymmetry
KneeAngles_ax1_absLminusR,6,3.2599563598632812,14,primary_asymmetry
KneeAngles_ax1_absLminusR,7,4.2462317943573,14,primary_asymmetry
KneeAngles_ax1_absLminusR,8,4.248539924621582,14,primary_asymmetry
KneeAngles_ax1_absLminusR,9,3.9958419799804688,14,primary_asymmetry
KneeAngles_ax1_absLminusR,10,3.764112949371338,14,primary_asymmetry
KneeAngles_ax1_absLminusR,11,4.746039390563965,14,primary_asymmetry
KneeAngles_ax1_absLminusR,12,6.018775463104248,14,primary_asymmetry
KneeAngles_ax1_absLminusR,13,7.965131759643555,14,primary_asymmetry
KneeAngles_ax1_absLminusR,14,10.341108322143555,14,primary_asymmetry
KneeAngles_ax1_absLminusR,15,13.625726699829102,14,primary_asymmetry
KneeAngles_ax1_absLminusR,16,17.323387145996094,14,primary_asymmetry
KneeAngles_ax1_absLminusR,17,20.87793731689453,14,primary_asymmetry
KneeAngles_ax1_absLminusR,18,24.35576343536377,14,primary_asymmetry
KneeAngles_ax1_absLminusR,19,27.756056785583496,14,primary_asymmetry
KneeAngles_ax1_absLminusR,20,31.14739418029785,14,primary_asymmetry
KneeAngles_ax1_absLminusR,21,35.00739097595215,14,primary_asymmetry
KneeAngles_ax1_absLminusR,22,38.22078514099121,14,primary_asymmetry
KneeAngles_ax1_absLminusR,23,40.25755977630615,14,primary_asymmetry
KneeAngles_ax1_absLminusR,24,42.028687477111816,14,primary_asymmetry
KneeAngles_ax1_absLminusR,25,43.02470397949219,14,primary_asymmetry
KneeAngles_ax1_absLminusR,26,44.1908540725708,14,primary_asymmetry
KneeAngles_ax1_absLminusR,27,44.25331115722656,14,primary_asymmetry
KneeAngles_ax1_absLminusR,28,44.40499019622803,14,primary_asymmetry
KneeAngles_ax1_absLminusR,29,44.488850593566895,14,primary_asymmetry
KneeAngles_ax1_absLminusR,30,44.3785982131958,14,primary_asymmetry
KneeAngles_ax1_absLminusR,31,44.04454231262207,14,primary_asymmetry
KneeAngles_ax1_absLminusR,32,42.913989543914795,14,primary_asymmetry
KneeAngles_ax1_absLminusR,33,41.20349931716919,14,primary_asymmetry
KneeAngles_ax1_absLminusR,34,39.04162073135376,14,primary_asymmetry
KneeAngles_ax1_absLminusR,35,36.232757329940796,14,primary_asymmetry
KneeAngles_ax1_absLminusR,36,32.987658977508545,14,primary_asymmetry
KneeAngles_ax1_absLminusR,37,29.30720090866089,14,primary_asymmetry
KneeAngles_ax1_absLminusR,38,25.477734327316284,14,primary_asymmetry
KneeAngles_ax1_absLminusR,39,20.917170763015747,14,primary_asymmetry
KneeAngles_ax1_absLminusR,40,16.64771842956543,14,primary_asymmetry
KneeAngles_ax1_absLminusR,41,12.278031349182129,14,primary_asymmetry
KneeAngles_ax1_absLminusR,42,8.879362106323242,14,primary_asymmetry
KneeAngles_ax1_absLminusR,43,5.820411205291748,14,primary_asymmetry
KneeAngles_ax1_absLminusR,44,5.223204851150513,14,primary_asymmetry
KneeAngles_ax1_absLminusR,45,3.9421908855438232,14,primary_asymmetry
KneeAngles_ax1_absLminusR,46,2.5841598510742188,14,primary_asymmetry
KneeAngles_ax1_absLminusR,47,2.0260093808174133,14,primary_asymmetry
KneeAngles_ax1_absLminusR,48,2.2246084213256836,14,primary_asymmetry
KneeAngles_ax1_absLminusR,49,2.50496244430542,14,primary_asymmetry
KneeAngles_ax1_absLminusR,50,2.6225120574235916,14,primary_asymmetry
KneeAngles_ax1_absLminusR,51,3.2097458159551024,14,primary_asymmetry
KneeAngles_ax1_absLminusR,52,3.4831159114837646,14,primary_asymmetry
KneeAngles_ax1_absLminusR,53,3.956343173980713,14,primary_asymmetry
KneeAngles_ax1_absLminusR,54,4.292761325836182,14,primary_asymmetry
KneeAngles_ax1_absLminusR,55,4.7899253368377686,14,primary_asymmetry
KneeAngles_ax1_absLminusR,56,5.3352625370025635,14,primary_asymmetry
KneeAngles_ax1_absLminusR,57,5.315290689468384,14,primary_asymmetry
KneeAngles_ax1_absLminusR,58,5.180820941925049,14,primary_asymmetry
KneeAngles_ax1_absLminusR,59,5.16227388381958,14,primary_asymmetry
KneeAngles_ax1_absLminusR,60,5.781257152557373,14,primary_asymmetry
KneeAngles_ax1_absLminusR,61,6.522212982177734,14,primary_asymmetry
KneeAngles_ax1_absLminusR,62,6.276368141174316,14,primary_asymmetry
KneeAngles_ax1_absLminusR,63,7.347578525543213,14,primary_asymmetry
KneeAngles_ax1_absLminusR,64,8.530223369598389,14,primary_asymmetry
KneeAngles_ax1_absLminusR,65,10.815021514892578,14,primary_asymmetry
KneeAngles_ax1_absLminusR,66,14.095571517944336,14,primary_asymmetry
KneeAngles_ax1_absLminusR,67,17.683865547180176,14,primary_asymmetry
KneeAngles_ax1_absLminusR,68,21.505600929260254,14,primary_asymmetry
KneeAngles_ax1_absLminusR,69,24.859749794006348,14,primary_asymmetry
KneeAngles_ax1_absLminusR,70,28.217540740966797,14,primary_asymmetry
KneeAngles_ax1_absLminusR,71,31.45138931274414,14,primary_asymmetry
KneeAngles_ax1_absLminusR,72,34.09689521789551,14,primary_asymmetry
KneeAngles_ax1_absLminusR,73,36.698890686035156,14,primary_asymmetry
KneeAngles_ax1_absLminusR,74,39.615838050842285,14,primary_asymmetry
KneeAngles_ax1_absLminusR,75,42.04251480102539,14,primary_asymmetry
KneeAngles_ax1_absLminusR,76,42.94876527786255,14,primary_asymmetry
KneeAngles_ax1_absLminusR,77,43.1604118347168,14,primary_asymmetry
KneeAngles_ax1_absLminusR,78,43.094552993774414,14,primary_asymmetry
KneeAngles_ax1_absLminusR,79,42.40673065185547,14,primary_asymmetry
KneeAngles_ax1_absLminusR,80,41.404393672943115,14,primary_asymmetry
KneeAngles_ax1_absLminusR,81,40.00580549240112,14,primary_asymmetry
KneeAngles_ax1_absLminusR,82,38.37614822387695,14,primary_asymmetry
KneeAngles_ax1_absLminusR,83,36.577317237854004,14,primary_asymmetry
KneeAngles_ax1_absLminusR,84,34.478883028030396,14,primary_asymmetry
KneeAngles_ax1_absLminusR,85,32.27546811103821,14,primary_asymmetry
KneeAngles_ax1_absLminusR,86,29.649391174316406,14,primary_asymmetry
KneeAngles_ax1_absLminusR,87,26.81785750389099,14,primary_asymmetry
KneeAngles_ax1_absLminusR,88,23.510414123535156,14,primary_asymmetry
KneeAngles_ax1_absLminusR,89,19.800122261047363,14,primary_asymmetry
KneeAngles_ax1_absLminusR,90,15.872623443603516,14,primary_asymmetry
KneeAngles_ax1_absLminusR,91,11.702803611755371,14,primary_asymmetry
KneeAngles_ax1_absLminusR,92,8.853071212768555,14,primary_asymmetry
KneeAngles_ax1_absLminusR,93,6.462440252304077,14,primary_asymmetry
KneeAngles_ax1_absLminusR,94,5.281935691833496,14,primary_asymmetry
KneeAngles_ax1_absLminusR,95,4.248298406600952,14,primary_asymmetry
KneeAngles_ax1_absLminusR,96,3.395305871963501,14,primary_asymmetry
KneeAngles_ax1_absLminusR,97,2.378800868988037,14,primary_asymmetry
KneeAngles_ax1_absLminusR,98,2.991185963153839,14,primary_asymmetry
KneeAngles_ax1_absLminusR,99,2.1180579662323,14,primary_asymmetry
KneeAngles_ax1_absLminusR,100,2.1443185210227966,14,primary_asymmetry
AnkleAngles_ax1_LminusR,0,-0.20228338241577148,14,primary_asymmetry
AnkleAngles_ax1_LminusR,1,-0.22047042846679688,14,primary_asymmetry
AnkleAngles_ax1_LminusR,2,-0.49171924591064453,14,primary_asymmetry
AnkleAngles_ax1_LminusR,3,-0.7226369380950928,14,primary_asymmetry
AnkleAngles_ax1_LminusR,4,-1.0142860412597656,14,primary_asymmetry
AnkleAngles_ax1_LminusR,5,-1.3152523040771484,14,primary_asymmetry
AnkleAngles_ax1_LminusR,6,-1.3710851669311523,14,primary_asymmetry
AnkleAngles_ax1_LminusR,7,-1.0186188220977783,14,primary_asymmetry
AnkleAngles_ax1_LminusR,8,-0.563478410243988,14,primary_asymmetry
AnkleAngles_ax1_LminusR,9,-0.2540457844734192,14,primary_asymmetry
AnkleAngles_ax1_LminusR,10,-0.5724325031042099,14,primary_asymmetry
AnkleAngles_ax1_LminusR,11,-0.4131777957081795,14,primary_asymmetry
AnkleAngles_ax1_LminusR,12,-1.0604652166366577,14,primary_asymmetry
AnkleAngles_ax1_LminusR,13,0.17013009637594223,14,primary_asymmetry
AnkleAngles_ax1_LminusR,14,0.14574944972991943,14,primary_asymmetry
AnkleAngles_ax1_LminusR,15,0.563676193356514,14,primary_asymmetry
AnkleAngles_ax1_LminusR,16,0.004567831754684448,14,primary_asymmetry
AnkleAngles_ax1_LminusR,17,3.055849182419479,14,primary_asymmetry
AnkleAngles_ax1_LminusR,18,5.556759297847748,14,primary_asymmetry
AnkleAngles_ax1_LminusR,19,5.4452855587005615,14,primary_asymmetry
AnkleAngles_ax1_LminusR,20,4.948104381561279,14,primary_asymmetry
AnkleAngles_ax1_LminusR,21,4.508970141410828,14,primary_asymmetry
AnkleAngles_ax1_LminusR,22,4.081251621246338,14,primary_asymmetry
AnkleAngles_ax1_LminusR,23,3.673486441373825,14,primary_asymmetry
AnkleAngles_ax1_LminusR,24,3.281798332929611,14,primary_asymmetry
AnkleAngles_ax1_LminusR,25,2.85454460978508,14,primary_asymmetry
AnkleAngles_ax1_LminusR,26,2.2942811585962772,14,primary_asymmetry
AnkleAngles_ax1_LminusR,27,1.4008713960647583,14,primary_asymmetry
AnkleAngles_ax1_LminusR,28,1.0058567523956299,14,primary_asymmetry
AnkleAngles_ax1_LminusR,29,1.2698599100112915,14,primary_asymmetry
AnkleAngles_ax1_LminusR,30,1.1331169605255127,14,primary_asymmetry
AnkleAngles_ax1_LminusR,31,0.25731611251831055,14,primary_asymmetry
AnkleAngles_ax1_LminusR,32,0.00042808055877685547,14,primary_asymmetry
AnkleAngles_ax1_LminusR,33,-0.19081223011016846,14,primary_asymmetry
AnkleAngles_ax1_LminusR,34,-0.24003219604492188,14,primary_asymmetry
AnkleAngles_ax1_LminusR,35,-0.10453152656555176,14,primary_asymmetry
AnkleAngles_ax1_LminusR,36,-0.3128221035003662,14,primary_asymmetry
AnkleAngles_ax1_LminusR,37,-0.1994163990020752,14,primary_asymmetry
AnkleAngles_ax1_LminusR,38,-0.03319740295410156,14,primary_asymmetry
AnkleAngles_ax1_LminusR,39,-0.2360548973083496,14,primary_asymmetry
AnkleAngles_ax1_LminusR,40,-0.29761838912963867,14,primary_asymmetry
AnkleAngles_ax1_LminusR,41,-0.3133420944213867,14,primary_asymmetry
AnkleAngles_ax1_LminusR,42,-0.2841329574584961,14,primary_asymmetry
AnkleAngles_ax1_LminusR,43,-0.40953874588012695,14,primary_asymmetry
AnkleAngles_ax1_LminusR,44,-0.4002079963684082,14,primary_asymmetry
AnkleAngles_ax1_LminusR,45,-0.2525825500488281,14,primary_asymmetry
AnkleAngles_ax1_LminusR,46,-0.21074819564819336,14,primary_asymmetry
AnkleAngles_ax1_LminusR,47,-0.13659334182739258,14,primary_asymmetry
AnkleAngles_ax1_LminusR,48,0.11007118225097656,14,primary_asymmetry
AnkleAngles_ax1_LminusR,49,0.3082442283630371,14,primary_asymmetry
AnkleAngles_ax1_LminusR,50,0.35268735885620117,14,primary_asymmetry
AnkleAngles_ax1_LminusR,51,0.19687509536743164,14,primary_asymmetry
AnkleAngles_ax1_LminusR,52,0.5947480201721191,14,primary_asymmetry
AnkleAngles_ax1_LminusR,53,1.583818793296814,14,primary_asymmetry
AnkleAngles_ax1_LminusR,54,1.5319478511810303,14,primary_asymmetry
AnkleAngles_ax1_LminusR,55,1.165602684020996,14,primary_asymmetry
AnkleAngles_ax1_LminusR,56,0.680876612663269,14,primary_asymmetry
AnkleAngles_ax1_LminusR,57,0.15739373210817575,14,primary_asymmetry
AnkleAngles_ax1_LminusR,58,-0.06375336647033691,14,primary_asymmetry
AnkleAngles_ax1_LminusR,59,-0.09669792652130127,14,primary_asymmetry
AnkleAngles_ax1_LminusR,60,-0.004452347755432129,14,primary_asymmetry
AnkleAngles_ax1_LminusR,61,-1.3473324626684189,14,primary_asymmetry
AnkleAngles_ax1_LminusR,62,-2.231849104166031,14,primary_asymmetry
AnkleAngles_ax1_LminusR,63,-2.4309835582971573,14,primary_asymmetry
AnkleAngles_ax1_LminusR,64,-2.659388665109873,14,primary_asymmetry
AnkleAngles_ax1_LminusR,65,-3.727318026125431,14,primary_asymmetry
AnkleAngles_ax1_LminusR,66,-4.876912415027618,14,primary_asymmetry
AnkleAngles_ax1_LminusR,67,-5.4327086210250854,14,primary_asymmetry
AnkleAngles_ax1_LminusR,68,-6.114812910556793,14,primary_asymmetry
AnkleAngles_ax1_LminusR,69,-6.411366641521454,14,primary_asymmetry
AnkleAngles_ax1_LminusR,70,-6.318628191947937,14,primary_asymmetry
AnkleAngles_ax1_LminusR,71,-5.848859429359436,14,primary_asymmetry
AnkleAngles_ax1_LminusR,72,-5.37458460777998,14,primary_asymmetry
AnkleAngles_ax1_LminusR,73,-4.68735389970243,14,primary_asymmetry
AnkleAngles_ax1_LminusR,74,-4.003210574388504,14,primary_asymmetry
AnkleAngles_ax1_LminusR,75,-3.318761944770813,14,primary_asymmetry
AnkleAngles_ax1_LminusR,76,-2.87188583612442,14,primary_asymmetry
AnkleAngles_ax1_LminusR,77,-0.8172786757349968,14,primary_asymmetry
AnkleAngles_ax1_LminusR,78,-0.6535136587917805,14,primary_asymmetry
AnkleAngles_ax1_LminusR,79,-1.5337906032800674,14,primary_asymmetry
AnkleAngles_ax1_LminusR,80,-1.4288007616996765,14,primary_asymmetry
AnkleAngles_ax1_LminusR,81,-1.2656539678573608,14,primary_asymmetry
AnkleAngles_ax1_LminusR,82,-1.0767669677734375,14,primary_asymmetry
AnkleAngles_ax1_LminusR,83,-0.746272087097168,14,primary_asymmetry
AnkleAngles_ax1_LminusR,84,-0.812497615814209,14,primary_asymmetry
AnkleAngles_ax1_LminusR,85,-0.6649875640869141,14,primary_asymmetry
AnkleAngles_ax1_LminusR,86,-0.7318820953369141,14,primary_asymmetry
AnkleAngles_ax1_LminusR,87,-0.7613613605499268,14,primary_asymmetry
AnkleAngles_ax1_LminusR,88,-0.6416018009185791,14,primary_asymmetry
AnkleAngles_ax1_LminusR,89,-0.8835017681121826,14,primary_asymmetry
AnkleAngles_ax1_LminusR,90,-0.9947504997253418,14,primary_asymmetry
AnkleAngles_ax1_LminusR,91,-1.080488920211792,14,primary_asymmetry
AnkleAngles_ax1_LminusR,92,-0.8341104984283447,14,primary_asymmetry
AnkleAngles_ax1_LminusR,93,-0.9691874980926514,14,primary_asymmetry
AnkleAngles_ax1_LminusR,94,-0.9570696353912354,14,primary_asymmetry
AnkleAngles_ax1_LminusR,95,-0.9028944969177246,14,primary_asymmetry
AnkleAngles_ax1_LminusR,96,-0.47241926193237305,14,primary_asymmetry
AnkleAngles_ax1_LminusR,97,-0.10631859302520752,14,primary_asymmetry
AnkleAngles_ax1_LminusR,98,0.24665510654449463,14,primary_asymmetry
AnkleAngles_ax1_LminusR,99,0.1341550350189209,14,primary_asymmetry
AnkleAngles_ax1_LminusR,100,0.010946512222290039,14,primary_asymmetry
AnkleAngles_ax1_absLminusR,0,4.016469955444336,14,primary_asymmetry
AnkleAngles_ax1_absLminusR,1,4.543395519256592,14,primary_asymmetry
AnkleAngles_ax1_absLminusR,2,4.769683361053467,14,primary_asymmetry
AnkleAngles_ax1_absLminusR,3,4.717912673950195,14,primary_asymmetry
AnkleAngles_ax1_absLminusR,4,4.950858116149902,14,primary_asymmetry
AnkleAngles_ax1_absLminusR,5,4.302218914031982,14,primary_asymmetry
AnkleAngles_ax1_absLminusR,6,4.046181917190552,14,primary_asymmetry
AnkleAngles_ax1_absLminusR,7,3.558011054992676,14,primary_asymmetry
AnkleAngles_ax1_absLminusR,8,3.1081457138061523,14,primary_asymmetry
AnkleAngles_ax1_absLminusR,9,2.5760363340377808,14,primary_asymmetry
AnkleAngles_ax1_absLminusR,10,2.804601788520813,14,primary_asymmetry
AnkleAngles_ax1_absLminusR,11,2.047112226486206,14,primary_asymmetry
AnkleAngles_ax1_absLminusR,12,2.7594781070947647,14,primary_asymmetry
AnkleAngles_ax1_absLminusR,13,2.42126202583313,14,primary_asymmetry
AnkleAngles_ax1_absLminusR,14,6.099623680114746,14,primary_asymmetry
AnkleAngles_ax1_absLminusR,15,9.201735138893127,14,primary_asymmetry
AnkleAngles_ax1_absLminusR,16,11.573250260669738,14,primary_asymmetry
AnkleAngles_ax1_absLminusR,17,12.784272104501724,14,primary_asymmetry
AnkleAngles_ax1_absLminusR,18,13.161247849464417,14,primary_asymmetry
AnkleAngles_ax1_absLminusR,19,12.84520673751831,14,primary_asymmetry
AnkleAngles_ax1_absLminusR,20,12.258890867233276,14,primary_asymmetry
AnkleAngles_ax1_absLminusR,21,11.481099903583527,14,primary_asymmetry
AnkleAngles_ax1_absLminusR,22,10.664762735366821,14,primary_asymmetry
AnkleAngles_ax1_absLminusR,23,9.833882089704275,14,primary_asymmetry
AnkleAngles_ax1_absLminusR,24,8.577248454093933,14,primary_asymmetry
AnkleAngles_ax1_absLminusR,25,7.101444151252508,14,primary_asymmetry
AnkleAngles_ax1_absLminusR,26,5.606592357158661,14,primary_asymmetry
AnkleAngles_ax1_absLminusR,27,4.475584506988525,14,primary_asymmetry
AnkleAngles_ax1_absLminusR,28,3.4147346019744873,14,primary_asymmetry
AnkleAngles_ax1_absLminusR,29,2.8383275866508484,14,primary_asymmetry
AnkleAngles_ax1_absLminusR,30,2.5584816932678223,14,primary_asymmetry
AnkleAngles_ax1_absLminusR,31,2.7681212425231934,14,primary_asymmetry
AnkleAngles_ax1_absLminusR,32,2.367950916290283,14,primary_asymmetry
AnkleAngles_ax1_absLminusR,33,2.017218828201294,14,primary_asymmetry
AnkleAngles_ax1_absLminusR,34,2.0875649452209473,14,primary_asymmetry
AnkleAngles_ax1_absLminusR,35,2.2250750064849854,14,primary_asymmetry
AnkleAngles_ax1_absLminusR,36,2.2672786712646484,14,primary_asymmetry
AnkleAngles_ax1_absLminusR,37,2.053121328353882,14,primary_asymmetry
AnkleAngles_ax1_absLminusR,38,1.844726324081421,14,primary_asymmetry
AnkleAngles_ax1_absLminusR,39,1.8434910774230957,14,primary_asymmetry
AnkleAngles_ax1_absLminusR,40,2.284106492996216,14,primary_asymmetry
AnkleAngles_ax1_absLminusR,41,2.6080262660980225,14,primary_asymmetry
AnkleAngles_ax1_absLminusR,42,2.9996743202209473,14,primary_asymmetry
AnkleAngles_ax1_absLminusR,43,3.199275016784668,14,primary_asymmetry
AnkleAngles_ax1_absLminusR,44,3.3320751190185547,14,primary_asymmetry
AnkleAngles_ax1_absLminusR,45,3.5246896743774414,14,primary_asymmetry
AnkleAngles_ax1_absLminusR,46,3.5432989597320557,14,primary_asymmetry
AnkleAngles_ax1_absLminusR,47,3.5003466606140137,14,primary_asymmetry
AnkleAngles_ax1_absLminusR,48,3.646702289581299,14,primary_asymmetry
AnkleAngles_ax1_absLminusR,49,3.3151516914367676,14,primary_asymmetry
AnkleAngles_ax1_absLminusR,50,3.0124692916870117,14,primary_asymmetry
AnkleAngles_ax1_absLminusR,51,2.8031647205352783,14,primary_asymmetry
AnkleAngles_ax1_absLminusR,52,2.811542272567749,14,primary_asymmetry
AnkleAngles_ax1_absLminusR,53,2.723278284072876,14,primary_asymmetry
AnkleAngles_ax1_absLminusR,54,2.9256927967071533,14,primary_asymmetry
AnkleAngles_ax1_absLminusR,55,3.054203748703003,14,primary_asymmetry
AnkleAngles_ax1_absLminusR,56,2.811713695526123,14,primary_asymmetry
AnkleAngles_ax1_absLminusR,57,3.109346628189087,14,primary_asymmetry
AnkleAngles_ax1_absLminusR,58,3.6557849049568176,14,primary_asymmetry
AnkleAngles_ax1_absLminusR,59,2.4079672396183014,14,primary_asymmetry
AnkleAngles_ax1_absLminusR,60,1.6257356405258179,14,primary_asymmetry
AnkleAngles_ax1_absLminusR,61,1.9658132791519165,14,primary_asymmetry
AnkleAngles_ax1_absLminusR,62,2.8533419370651245,14,primary_asymmetry
AnkleAngles_ax1_absLminusR,63,5.692429304122925,14,primary_asymmetry
AnkleAngles_ax1_absLminusR,64,7.824374258518219,14,primary_asymmetry
AnkleAngles_ax1_absLminusR,65,10.90253709256649,14,primary_asymmetry
AnkleAngles_ax1_absLminusR,66,13.195628046989441,14,primary_asymmetry
AnkleAngles_ax1_absLminusR,67,15.108498811721802,14,primary_asymmetry
AnkleAngles_ax1_absLminusR,68,16.03599989414215,14,primary_asymmetry
AnkleAngles_ax1_absLminusR,69,15.402024865150452,14,primary_asymmetry
AnkleAngles_ax1_absLminusR,70,14.528504848480225,14,primary_asymmetry
AnkleAngles_ax1_absLminusR,71,13.536291241645813,14,primary_asymmetry
AnkleAngles_ax1_absLminusR,72,12.810274254065007,14,primary_asymmetry
AnkleAngles_ax1_absLminusR,73,11.858694911003113,14,primary_asymmetry
AnkleAngles_ax1_absLminusR,74,10.857272058725357,14,primary_asymmetry
AnkleAngles_ax1_absLminusR,75,9.891471102833748,14,primary_asymmetry
AnkleAngles_ax1_absLminusR,76,8.070669174194336,14,primary_asymmetry
AnkleAngles_ax1_absLminusR,77,7.096006825566292,14,primary_asymmetry
AnkleAngles_ax1_absLminusR,78,6.218952834606171,14,primary_asymmetry
AnkleAngles_ax1_absLminusR,79,5.394224286079407,14,primary_asymmetry
AnkleAngles_ax1_absLminusR,80,4.668779373168945,14,primary_asymmetry
AnkleAngles_ax1_absLminusR,81,4.640095591545105,14,primary_asymmetry
AnkleAngles_ax1_absLminusR,82,4.171915233135223,14,primary_asymmetry
AnkleAngles_ax1_absLminusR,83,4.340260982513428,14,primary_asymmetry
AnkleAngles_ax1_absLminusR,84,4.315840244293213,14,primary_asymmetry
AnkleAngles_ax1_absLminusR,85,4.191462397575378,14,primary_asymmetry
AnkleAngles_ax1_absLminusR,86,4.048636555671692,14,primary_asymmetry
AnkleAngles_ax1_absLminusR,87,3.9723591804504395,14,primary_asymmetry
AnkleAngles_ax1_absLminusR,88,3.870438575744629,14,primary_asymmetry
AnkleAngles_ax1_absLminusR,89,3.7752113342285156,14,primary_asymmetry
AnkleAngles_ax1_absLminusR,90,3.9115042686462402,14,primary_asymmetry
AnkleAngles_ax1_absLminusR,91,3.888633966445923,14,primary_asymmetry
AnkleAngles_ax1_absLminusR,92,4.122881174087524,14,primary_asymmetry
AnkleAngles_ax1_absLminusR,93,4.399875640869141,14,primary_asymmetry
AnkleAngles_ax1_absLminusR,94,4.710459470748901,14,primary_asymmetry
AnkleAngles_ax1_absLminusR,95,5.0534234046936035,14,primary_asymmetry
AnkleAngles_ax1_absLminusR,96,5.181501388549805,14,primary_asymmetry
AnkleAngles_ax1_absLminusR,97,5.021202564239502,14,primary_asymmetry
AnkleAngles_ax1_absLminusR,98,4.745946884155273,14,primary_asymmetry
AnkleAngles_ax1_absLminusR,99,4.35783839225769,14,primary_asymmetry
AnkleAngles_ax1_absLminusR,100,4.051466941833496,14,primary_asymmetry
FootProgressAngles_ax1_LminusR,0,-13.276592254638672,14,secondary_asymmetry
FootProgressAngles_ax1_LminusR,1,-13.221757888793945,14,secondary_asymmetry
FootProgressAngles_ax1_LminusR,2,-13.002727508544922,14,secondary_asymmetry
FootProgressAngles_ax1_LminusR,3,-12.838909149169922,14,secondary_asymmetry
FootProgressAngles_ax1_LminusR,4,-12.777912139892578,14,secondary_asymmetry
FootProgressAngles_ax1_LminusR,5,-12.215507507324219,14,secondary_asymmetry
FootProgressAngles_ax1_LminusR,6,-11.180986404418945,14,secondary_asymmetry
FootProgressAngles_ax1_LminusR,7,-10.515569686889648,14,secondary_asymmetry
FootProgressAngles_ax1_LminusR,8,-10.231853485107422,14,secondary_asymmetry
FootProgressAngles_ax1_LminusR,9,-10.37514877319336,14,secondary_asymmetry
FootProgressAngles_ax1_LminusR,10,-11.01042366027832,14,secondary_asymmetry
FootProgressAngles_ax1_LminusR,11,-12.109012603759766,14,secondary_asymmetry
FootProgressAngles_ax1_LminusR,12,-13.522761344909668,14,secondary_asymmetry
FootProgressAngles_ax1_LminusR,13,-15.279229164123535,14,secondary_asymmetry
FootProgressAngles_ax1_LminusR,14,-17.536524295806885,14,secondary_asymmetry
FootProgressAngles_ax1_LminusR,15,-19.828303337097168,14,secondary_asymmetry
FootProgressAngles_ax1_LminusR,16,-22.562503337860107,14,secondary_asymmetry
FootProgressAngles_ax1_LminusR,17,-25.44393825531006,14,secondary_asymmetry
FootProgressAngles_ax1_LminusR,18,-27.86573553085327,14,secondary_asymmetry
FootProgressAngles_ax1_LminusR,19,-30.669349193572998,14,secondary_asymmetry
FootProgressAngles_ax1_LminusR,20,-32.05282402038574,14,secondary_asymmetry
FootProgressAngles_ax1_LminusR,21,-31.110450267791748,14,secondary_asymmetry
FootProgressAngles_ax1_LminusR,22,-29.90918254852295,14,secondary_asymmetry
FootProgressAngles_ax1_LminusR,23,-28.399844646453857,14,secondary_asymmetry
FootProgressAngles_ax1_LminusR,24,-26.638243675231934,14,secondary_asymmetry
FootProgressAngles_ax1_LminusR,25,-24.658082008361816,14,secondary_asymmetry
FootProgressAngles_ax1_LminusR,26,-22.424251556396484,14,secondary_asymmetry
FootProgressAngles_ax1_LminusR,27,-20.01246166229248,14,secondary_asymmetry
FootProgressAngles_ax1_LminusR,28,-17.526041984558105,14,secondary_asymmetry
FootProgressAngles_ax1_LminusR,29,-15.139748573303223,14,secondary_asymmetry
FootProgressAngles_ax1_LminusR,30,-12.943819046020508,14,secondary_asymmetry
FootProgressAngles_ax1_LminusR,31,-10.756521224975586,14,secondary_asymmetry
FootProgressAngles_ax1_LminusR,32,-8.497101783752441,14,secondary_asymmetry
FootProgressAngles_ax1_LminusR,33,-6.184131622314453,14,secondary_asymmetry
FootProgressAngles_ax1_LminusR,34,-3.741903305053711,14,secondary_asymmetry
FootProgressAngles_ax1_LminusR,35,-1.3827838897705078,14,secondary_asymmetry
FootProgressAngles_ax1_LminusR,36,0.8649139404296875,14,secondary_asymmetry
FootProgressAngles_ax1_LminusR,37,0.5953140258789062,14,secondary_asymmetry
FootProgressAngles_ax1_LminusR,38,-0.8249530792236328,14,secondary_asymmetry
FootProgressAngles_ax1_LminusR,39,0.14537811279296875,14,secondary_asymmetry
FootProgressAngles_ax1_LminusR,40,-0.17428970336914062,14,secondary_asymmetry
FootProgressAngles_ax1_LminusR,41,0.8697242736816406,14,secondary_asymmetry
FootProgressAngles_ax1_LminusR,42,0.26576805114746094,14,secondary_asymmetry
FootProgressAngles_ax1_LminusR,43,2.109975814819336,14,secondary_asymmetry
FootProgressAngles_ax1_LminusR,44,4.451404571533203,14,secondary_asymmetry
FootProgressAngles_ax1_LminusR,45,6.680091857910156,14,secondary_asymmetry
FootProgressAngles_ax1_LminusR,46,8.675336837768555,14,secondary_asymmetry
FootProgressAngles_ax1_LminusR,47,10.473594665527344,14,secondary_asymmetry
FootProgressAngles_ax1_LminusR,48,12.090570449829102,14,secondary_asymmetry
FootProgressAngles_ax1_LminusR,49,13.571121215820312,14,secondary_asymmetry
FootProgressAngles_ax1_LminusR,50,14.835357666015625,14,secondary_asymmetry
FootProgressAngles_ax1_LminusR,51,14.40839958190918,14,secondary_asymmetry
FootProgressAngles_ax1_LminusR,52,13.615079879760742,14,secondary_asymmetry
FootProgressAngles_ax1_LminusR,53,12.736164093017578,14,secondary_asymmetry
FootProgressAngles_ax1_LminusR,54,11.957191467285156,14,secondary_asymmetry
FootProgressAngles_ax1_LminusR,55,11.441938400268555,14,secondary_asymmetry
FootProgressAngles_ax1_LminusR,56,11.360448837280273,14,secondary_asymmetry
FootProgressAngles_ax1_LminusR,57,11.86026668548584,14,secondary_asymmetry
FootProgressAngles_ax1_LminusR,58,12.821533203125,14,secondary_asymmetry
FootProgressAngles_ax1_LminusR,59,14.131952285766602,14,secondary_asymmetry
FootProgressAngles_ax1_LminusR,60,15.894086837768555,14,secondary_asymmetry
FootProgressAngles_ax1_LminusR,61,18.142139434814453,14,secondary_asymmetry
FootProgressAngles_ax1_LminusR,62,21.046396255493164,14,secondary_asymmetry
FootProgressAngles_ax1_LminusR,63,23.28114414215088,14,secondary_asymmetry
FootProgressAngles_ax1_LminusR,64,25.39004373550415,14,secondary_asymmetry
FootProgressAngles_ax1_LminusR,65,27.492029190063477,14,secondary_asymmetry
FootProgressAngles_ax1_LminusR,66,29.70373010635376,14,secondary_asymmetry
FootProgressAngles_ax1_LminusR,67,31.403629541397095,14,secondary_asymmetry
FootProgressAngles_ax1_LminusR,68,31.759284257888794,14,secondary_asymmetry
FootProgressAngles_ax1_LminusR,69,31.290199279785156,14,secondary_asymmetry
FootProgressAngles_ax1_LminusR,70,30.46419048309326,14,secondary_asymmetry
FootProgressAngles_ax1_LminusR,71,29.64868974685669,14,secondary_asymmetry
FootProgressAngles_ax1_LminusR,72,28.867348194122314,14,secondary_asymmetry
FootProgressAngles_ax1_LminusR,73,28.009974002838135,14,secondary_asymmetry
FootProgressAngles_ax1_LminusR,74,26.91409206390381,14,secondary_asymmetry
FootProgressAngles_ax1_LminusR,75,25.512237548828125,14,secondary_asymmetry
FootProgressAngles_ax1_LminusR,76,23.55724287033081,14,secondary_asymmetry
FootProgressAngles_ax1_LminusR,77,19.991857528686523,14,secondary_asymmetry
FootProgressAngles_ax1_LminusR,78,16.50827121734619,14,secondary_asymmetry
FootProgressAngles_ax1_LminusR,79,13.804142951965332,14,secondary_asymmetry
FootProgressAngles_ax1_LminusR,80,11.845998764038086,14,secondary_asymmetry
FootProgressAngles_ax1_LminusR,81,10.37839412689209,14,secondary_asymmetry
FootProgressAngles_ax1_LminusR,82,9.234607696533203,14,secondary_asymmetry
FootProgressAngles_ax1_LminusR,83,8.08480453491211,14,secondary_asymmetry
FootProgressAngles_ax1_LminusR,84,5.935163497924805,14,secondary_asymmetry
FootProgressAngles_ax1_LminusR,85,3.7750988006591797,14,secondary_asymmetry
FootProgressAngles_ax1_LminusR,86,1.6537895202636719,14,secondary_asymmetry
FootProgressAngles_ax1_LminusR,87,-0.4070167541503906,14,secondary_asymmetry
FootProgressAngles_ax1_LminusR,88,0.011320114135742188,14,secondary_asymmetry
FootProgressAngles_ax1_LminusR,89,-0.961181640625,14,secondary_asymmetry
FootProgressAngles_ax1_LminusR,90,-0.5753364562988281,14,secondary_asymmetry
FootProgressAngles_ax1_LminusR,91,-1.7793731689453125,14,secondary_asymmetry
FootProgressAngles_ax1_LminusR,92,-3.4757118225097656,14,secondary_asymmetry
FootProgressAngles_ax1_LminusR,93,-4.8956756591796875,14,secondary_asymmetry
FootProgressAngles_ax1_LminusR,94,-7.589841842651367,14,secondary_asymmetry
FootProgressAngles_ax1_LminusR,95,-9.808958053588867,14,secondary_asymmetry
FootProgressAngles_ax1_LminusR,96,-11.763784408569336,14,secondary_asymmetry
FootProgressAngles_ax1_LminusR,97,-13.320556640625,14,secondary_asymmetry
FootProgressAngles_ax1_LminusR,98,-14.51856803894043,14,secondary_asymmetry
FootProgressAngles_ax1_LminusR,99,-15.210569381713867,14,secondary_asymmetry
FootProgressAngles_ax1_LminusR,100,-15.343103408813477,14,secondary_asymmetry
FootProgressAngles_ax1_absLminusR,0,35.45871353149414,14,secondary_asymmetry
FootProgressAngles_ax1_absLminusR,1,36.90217590332031,14,secondary_asymmetry
FootProgressAngles_ax1_absLminusR,2,37.544288635253906,14,secondary_asymmetry
FootProgressAngles_ax1_absLminusR,3,36.60041427612305,14,secondary_asymmetry
FootProgressAngles_ax1_absLminusR,4,35.36672401428223,14,secondary_asymmetry
FootProgressAngles_ax1_absLminusR,5,33.60445213317871,14,secondary_asymmetry
FootProgressAngles_ax1_absLminusR,6,32.673749923706055,14,secondary_asymmetry
FootProgressAngles_ax1_absLminusR,7,33.10610771179199,14,secondary_asymmetry
FootProgressAngles_ax1_absLminusR,8,34.827341079711914,14,secondary_asymmetry
FootProgressAngles_ax1_absLminusR,9,36.8483772277832,14,secondary_asymmetry
FootProgressAngles_ax1_absLminusR,10,39.655805587768555,14,secondary_asymmetry
FootProgressAngles_ax1_absLminusR,11,42.785465240478516,14,secondary_asymmetry
FootProgressAngles_ax1_absLminusR,12,46.487308502197266,14,secondary_asymmetry
FootProgressAngles_ax1_absLminusR,13,50.67733097076416,14,secondary_asymmetry
FootProgressAngles_ax1_absLminusR,14,55.37541580200195,14,secondary_asymmetry
FootProgressAngles_ax1_absLminusR,15,59.693156242370605,14,secondary_asymmetry
FootProgressAngles_ax1_absLminusR,16,63.21920824050903,14,secondary_asymmetry
FootProgressAngles_ax1_absLminusR,17,65.67762660980225,14,secondary_asymmetry
FootProgressAngles_ax1_absLminusR,18,67.28457164764404,14,secondary_asymmetry
FootProgressAngles_ax1_absLminusR,19,68.1566972732544,14,secondary_asymmetry
FootProgressAngles_ax1_absLminusR,20,66.82175159454346,14,secondary_asymmetry
FootProgressAngles_ax1_absLminusR,21,65.43876600265503,14,secondary_asymmetry
FootProgressAngles_ax1_absLminusR,22,63.16600561141968,14,secondary_asymmetry
FootProgressAngles_ax1_absLminusR,23,60.248709201812744,14,secondary_asymmetry
FootProgressAngles_ax1_absLminusR,24,56.689067363739014,14,secondary_asymmetry
FootProgressAngles_ax1_absLminusR,25,52.97744846343994,14,secondary_asymmetry
FootProgressAngles_ax1_absLminusR,26,49.19740295410156,14,secondary_asymmetry
FootProgressAngles_ax1_absLminusR,27,45.370835304260254,14,secondary_asymmetry
FootProgressAngles_ax1_absLminusR,28,41.215898513793945,14,secondary_asymmetry
FootProgressAngles_ax1_absLminusR,29,37.07751178741455,14,secondary_asymmetry
FootProgressAngles_ax1_absLminusR,30,32.865447998046875,14,secondary_asymmetry
FootProgressAngles_ax1_absLminusR,31,28.568838119506836,14,secondary_asymmetry
FootProgressAngles_ax1_absLminusR,32,24.18998432159424,14,secondary_asymmetry
FootProgressAngles_ax1_absLminusR,33,19.741561889648438,14,secondary_asymmetry
FootProgressAngles_ax1_absLminusR,34,15.510017395019531,14,secondary_asymmetry
FootProgressAngles_ax1_absLminusR,35,10.95803451538086,14,secondary_asymmetry
FootProgressAngles_ax1_absLminusR,36,6.238498687744141,14,secondary_asymmetry
FootProgressAngles_ax1_absLminusR,37,2.5664710998535156,14,secondary_asymmetry
FootProgressAngles_ax1_absLminusR,38,2.2052955627441406,14,secondary_asymmetry
FootProgressAngles_ax1_absLminusR,39,2.8149032592773438,14,secondary_asymmetry
FootProgressAngles_ax1_absLminusR,40,2.698883056640625,14,secondary_asymmetry
FootProgressAngles_ax1_absLminusR,41,3.4848556518554688,14,secondary_asymmetry
FootProgressAngles_ax1_absLminusR,42,4.422027587890625,14,secondary_asymmetry
FootProgressAngles_ax1_absLminusR,43,8.606403350830078,14,secondary_asymmetry
FootProgressAngles_ax1_absLminusR,44,13.62884521484375,14,secondary_asymmetry
FootProgressAngles_ax1_absLminusR,45,18.782546997070312,14,secondary_asymmetry
FootProgressAngles_ax1_absLminusR,46,23.461193084716797,14,secondary_asymmetry
FootProgressAngles_ax1_absLminusR,47,27.632415771484375,14,secondary_asymmetry
FootProgressAngles_ax1_absLminusR,48,31.259479522705078,14,secondary_asymmetry
FootProgressAngles_ax1_absLminusR,49,34.29714584350586,14,secondary_asymmetry
FootProgressAngles_ax1_absLminusR,50,36.33734893798828,14,secondary_asymmetry
FootProgressAngles_ax1_absLminusR,51,37.51461410522461,14,secondary_asymmetry
FootProgressAngles_ax1_absLminusR,52,37.39155578613281,14,secondary_asymmetry
FootProgressAngles_ax1_absLminusR,53,36.967002868652344,14,secondary_asymmetry
FootProgressAngles_ax1_absLminusR,54,36.0523796081543,14,secondary_asymmetry
FootProgressAngles_ax1_absLminusR,55,34.72997283935547,14,secondary_asymmetry
FootProgressAngles_ax1_absLminusR,56,34.32091522216797,14,secondary_asymmetry
FootProgressAngles_ax1_absLminusR,57,34.51879119873047,14,secondary_asymmetry
FootProgressAngles_ax1_absLminusR,58,35.299400329589844,14,secondary_asymmetry
FootProgressAngles_ax1_absLminusR,59,36.57016372680664,14,secondary_asymmetry
FootProgressAngles_ax1_absLminusR,60,38.72844696044922,14,secondary_asymmetry
FootProgressAngles_ax1_absLminusR,61,41.7086067199707,14,secondary_asymmetry
FootProgressAngles_ax1_absLminusR,62,45.515634536743164,14,secondary_asymmetry
FootProgressAngles_ax1_absLminusR,63,49.860477447509766,14,secondary_asymmetry
FootProgressAngles_ax1_absLminusR,64,54.721933364868164,14,secondary_asymmetry
FootProgressAngles_ax1_absLminusR,65,59.286927223205566,14,secondary_asymmetry
FootProgressAngles_ax1_absLminusR,66,63.86286926269531,14,secondary_asymmetry
FootProgressAngles_ax1_absLminusR,67,67.46930694580078,14,secondary_asymmetry
FootProgressAngles_ax1_absLminusR,68,69.08476543426514,14,secondary_asymmetry
FootProgressAngles_ax1_absLminusR,69,70.3089656829834,14,secondary_asymmetry
FootProgressAngles_ax1_absLminusR,70,69.65527725219727,14,secondary_asymmetry
FootProgressAngles_ax1_absLminusR,71,68.12623262405396,14,secondary_asymmetry
FootProgressAngles_ax1_absLminusR,72,65.50425052642822,14,secondary_asymmetry
FootProgressAngles_ax1_absLminusR,73,63.3209753036499,14,secondary_asymmetry
FootProgressAngles_ax1_absLminusR,74,60.16460609436035,14,secondary_asymmetry
FootProgressAngles_ax1_absLminusR,75,56.370805740356445,14,secondary_asymmetry
FootProgressAngles_ax1_absLminusR,76,52.50876998901367,14,secondary_asymmetry
FootProgressAngles_ax1_absLminusR,77,48.79942226409912,14,secondary_asymmetry
FootProgressAngles_ax1_absLminusR,78,44.94714832305908,14,secondary_asymmetry
FootProgressAngles_ax1_absLminusR,79,40.86401653289795,14,secondary_asymmetry
FootProgressAngles_ax1_absLminusR,80,36.601701736450195,14,secondary_asymmetry
FootProgressAngles_ax1_absLminusR,81,32.22164344787598,14,secondary_asymmetry
FootProgressAngles_ax1_absLminusR,82,27.772279739379883,14,secondary_asymmetry
FootProgressAngles_ax1_absLminusR,83,23.263233184814453,14,secondary_asymmetry
FootProgressAngles_ax1_absLminusR,84,18.697938919067383,14,secondary_asymmetry
FootProgressAngles_ax1_absLminusR,85,14.078290939331055,14,secondary_asymmetry
FootProgressAngles_ax1_absLminusR,86,9.407960891723633,14,secondary_asymmetry
FootProgressAngles_ax1_absLminusR,87,4.695865631103516,14,secondary_asymmetry
FootProgressAngles_ax1_absLminusR,88,2.8120460510253906,14,secondary_asymmetry
FootProgressAngles_ax1_absLminusR,89,2.4317588806152344,14,secondary_asymmetry
FootProgressAngles_ax1_absLminusR,90,1.0641136169433594,14,secondary_asymmetry
FootProgressAngles_ax1_absLminusR,91,2.8253326416015625,14,secondary_asymmetry
FootProgressAngles_ax1_absLminusR,92,6.5024871826171875,14,secondary_asymmetry
FootProgressAngles_ax1_absLminusR,93,10.957893371582031,14,secondary_asymmetry
FootProgressAngles_ax1_absLminusR,94,15.347335815429688,14,secondary_asymmetry
FootProgressAngles_ax1_absLminusR,95,19.97182846069336,14,secondary_asymmetry
FootProgressAngles_ax1_absLminusR,96,24.067584991455078,14,secondary_asymmetry
FootProgressAngles_ax1_absLminusR,97,27.736679077148438,14,secondary_asymmetry
FootProgressAngles_ax1_absLminusR,98,30.731712341308594,14,secondary_asymmetry
FootProgressAngles_ax1_absLminusR,99,33.299095153808594,14,secondary_asymmetry
FootProgressAngles_ax1_absLminusR,100,34.33521270751953,14,secondary_asymmetry
