channel,time_percent,victim_median,control_median,difference,effect_size,t_stat,victim_consistency,control_consistency,n_victim,n_control,level
LHipAngles_ax1,0,13.350935935974121,26.947717666625977,-13.596781730651855,-0.008403361344537815,-0.09639359609831412,0.6470588235294118,0.6428571428571429,17,14,primary
LHipAngles_ax1,1,12.69776725769043,26.37180185317993,-13.674034595489502,-0.01680672268907563,-0.07772425477506117,0.6470588235294118,0.6428571428571429,17,14,primary
LHipAngles_ax1,2,12.105225563049316,25.853642225265503,-13.748416662216187,-0.008403361344537815,-0.07352319040626908,0.6470588235294118,0.6428571428571429,17,14,primary
LHipAngles_ax1,3,11.55202865600586,25.396309971809387,-13.844281315803528,-0.008403361344537815,-0.07802857521248252,0.6470588235294118,0.6428571428571429,17,14,primary
LHipAngles_ax1,4,11.068892478942871,24.99867594242096,-13.929783463478088,-0.008403361344537815,-0.07732364498859139,0.6470588235294118,0.6428571428571429,17,14,primary
LHipAngles_ax1,5,10.715776443481445,24.65522849559784,-13.939452052116394,-0.01680672268907563,-0.08059712989328972,0.6470588235294118,0.6428571428571429,17,14,primary
LHipAngles_ax1,6,10.538753509521484,24.355195343494415,-13.816441833972931,-0.008403361344537815,-0.07967223827935693,0.6470588235294118,0.6428571428571429,17,14,primary
LHipAngles_ax1,7,10.55646800994873,24.08222770690918,-13.52575969696045,-0.008403361344537815,-0.0785337502837216,0.6470588235294118,0.6428571428571429,17,14,primary
LHipAngles_ax1,8,10.781474113464355,23.82572215795517,-13.044248044490814,0.0,-0.05684970527670184,0.6470588235294118,0.6428571428571429,17,14,primary
LHipAngles_ax1,9,11.2432861328125,23.657317519187927,-12.414031386375427,0.0,-0.019950115697551302,0.6470588235294118,0.5714285714285714,17,14,primary
LHipAngles_ax1,10,11.945398330688477,23.48979341983795,-11.544395089149475,0.0,0.019870032738163252,0.6470588235294118,0.5714285714285714,17,14,primary
LHipAngles_ax1,11,12.941500663757324,23.304347574710846,-10.362846910953522,0.008403361344537815,0.05794003561106081,0.6470588235294118,0.5714285714285714,17,14,primary
LHipAngles_ax1,12,14.468687057495117,23.118730068206787,-8.65004301071167,0.01680672268907563,0.11079483647768226,0.6470588235294118,0.5714285714285714,17,14,primary
LHipAngles_ax1,13,15.909215927124023,23.020207405090332,-7.110991477966309,0.008403361344537815,0.16196826288311988,0.6470588235294118,0.5714285714285714,17,14,primary
LHipAngles_ax1,14,17.393367767333984,22.554031372070312,-5.160663604736328,0.01680672268907563,0.22069077275557003,0.6470588235294118,0.5714285714285714,17,14,primary
LHipAngles_ax1,15,18.998960494995117,21.646587371826172,-2.6476268768310547,0.03361344537815126,0.2987808809319845,0.5882352941176471,0.5714285714285714,17,14,primary
LHipAngles_ax1,16,20.523953437805176,20.64078998565674,-0.1168365478515625,0.058823529411764705,0.4074983883863739,0.5294117647058824,0.5,17,14,primary
LHipAngles_ax1,17,20.95028018951416,19.557159423828125,1.3931207656860352,0.06722689075630252,0.5420141198524928,0.5294117647058824,0.5714285714285714,17,14,primary
LHipAngles_ax1,18,21.330239295959473,18.421513557434082,2.9087257385253906,0.1092436974789916,0.7166197599208984,0.5882352941176471,0.5714285714285714,17,14,primary
LHipAngles_ax1,19,22.288158416748047,18.119346618652344,4.168811798095703,0.15126050420168066,0.9140684508991181,0.7058823529411765,0.5714285714285714,17,14,primary
LHipAngles_ax1,20,24.343158721923828,20.095158576965332,4.248000144958496,0.226890756302521,1.129789672459094,0.7058823529411765,0.7142857142857143,17,14,primary
LHipAngles_ax1,21,23.20159149169922,22.222620964050293,0.9789705276489258,0.2605042016806723,1.370097905966527,0.6470588235294118,0.7142857142857143,17,14,primary
LHipAngles_ax1,22,25.635099411010742,21.637508392333984,3.997591018676758,0.31092436974789917,1.577785100571088,0.7647058823529411,0.6428571428571429,17,14,primary
LHipAngles_ax1,23,26.344660758972168,20.991174697875977,5.353486061096191,0.29411764705882354,1.6737411955969363,0.7647058823529411,0.5714285714285714,17,14,primary
LHipAngles_ax1,24,26.460769653320312,21.787261962890625,4.6735076904296875,0.31932773109243695,1.6605738919036532,0.8235294117647058,0.5714285714285714,17,14,primary
LHipAngles_ax1,25,26.58144760131836,21.953368186950684,4.628079414367676,0.31932773109243695,1.6089932725386495,0.8235294117647058,0.5714285714285714,17,14,primary
LHipAngles_ax1,26,26.514371871948242,22.141486167907715,4.372885704040527,0.35294117647058826,1.751615922906387,0.8235294117647058,0.5714285714285714,17,14,primary
LHipAngles_ax1,27,26.696066856384277,22.564944744110107,4.13112211227417,0.36134453781512604,1.7875491843969857,0.8823529411764706,0.5714285714285714,17,14,primary
LHipAngles_ax1,28,27.441740036010742,24.397366046905518,3.0443739891052246,0.2857142857142857,1.7858757279862096,0.7647058823529411,0.5714285714285714,17,14,primary
LHipAngles_ax1,29,28.92416763305664,26.104795455932617,2.8193721771240234,0.2689075630252101,1.7838590314446663,0.7058823529411765,0.6428571428571429,17,14,primary
LHipAngles_ax1,30,30.210220336914062,26.270522594451904,3.939697742462158,0.2857142857142857,1.782404243135075,0.7058823529411765,0.6428571428571429,17,14,primary
LHipAngles_ax1,31,31.482524871826172,26.36002016067505,5.122504711151123,0.31932773109243695,1.7498483654095522,0.7058823529411765,0.7857142857142857,17,14,primary
LHipAngles_ax1,32,31.169864654541016,25.64140224456787,5.5284624099731445,0.31092436974789917,1.7120232525016337,0.6470588235294118,0.7142857142857143,17,14,primary
LHipAngles_ax1,33,31.5031681060791,24.30467128753662,7.1984968185424805,0.3025210084033613,1.6698781210911238,0.7058823529411765,0.7142857142857143,17,14,primary
LHipAngles_ax1,34,32.3716926574707,23.43381094932556,8.937881708145142,0.31932773109243695,1.6103467766770392,0.7058823529411765,0.7142857142857143,17,14,primary
LHipAngles_ax1,35,33.06723403930664,22.893036365509033,10.174197673797607,0.3277310924369748,1.5673529609240628,0.7058823529411765,0.7142857142857143,17,14,primary
LHipAngles_ax1,36,33.586116790771484,22.288137435913086,11.297979354858398,0.31932773109243695,1.523915185843623,0.7058823529411765,0.7142857142857143,17,14,primary
LHipAngles_ax1,37,33.92713928222656,21.777562141418457,12.149577140808105,0.31092436974789917,1.4725737812050697,0.6470588235294118,0.7142857142857143,17,14,primary
LHipAngles_ax1,38,34.11421585083008,21.406006813049316,12.708209037780762,0.29411764705882354,1.4230693706466795,0.6470588235294118,0.7142857142857143,17,14,primary
LHipAngles_ax1,39,34.16239547729492,21.21582019329071,12.946575284004211,0.2857142857142857,1.3840245495074595,0.6470588235294118,0.7142857142857143,17,14,primary
LHipAngles_ax1,40,34.090755462646484,20.901068329811096,13.189687132835388,0.2773109243697479,1.3478718879193774,0.6470588235294118,0.7142857142857143,17,14,primary
LHipAngles_ax1,41,33.92168045043945,20.47377848625183,13.447901964187622,0.2689075630252101,1.3145171807024227,0.6470588235294118,0.7857142857142857,17,14,primary
LHipAngles_ax1,42,33.6788330078125,19.950197398662567,13.728635609149933,0.2689075630252101,1.286288487789373,0.6470588235294118,0.7857142857142857,17,14,primary
LHipAngles_ax1,43,33.384071350097656,19.36020863056183,14.023862719535828,0.2605042016806723,1.264920366244381,0.6470588235294118,0.7857142857142857,17,14,primary
LHipAngles_ax1,44,33.054954528808594,18.73925891518593,14.315695613622665,0.2605042016806723,1.2478759868102531,0.6470588235294118,0.7857142857142857,17,14,primary
LHipAngles_ax1,45,32.708984375,18.125414296984673,14.583570078015327,0.24369747899159663,1.2367821738327616,0.6470588235294118,0.7857142857142857,17,14,primary
LHipAngles_ax1,46,32.35747146606445,17.554988272488117,14.802483193576336,0.23529411764705882,1.2289875877414818,0.6470588235294118,0.7857142857142857,17,14,primary
LHipAngles_ax1,47,32.013145446777344,16.977171391248703,15.03597405552864,0.24369747899159663,1.220675725879756,0.6470588235294118,0.7857142857142857,17,14,primary
LHipAngles_ax1,48,31.69109535217285,16.135401904582977,15.555693447589874,0.23529411764705882,1.2036367392395284,0.6470588235294118,0.7142857142857143,17,14,primary
LHipAngles_ax1,49,31.407024383544922,15.331013023853302,16.07601135969162,0.226890756302521,1.1937493567961208,0.6470588235294118,0.7142857142857143,17,14,primary
LHipAngles_ax1,50,31.173614501953125,14.603203773498535,16.57041072845459,0.23529411764705882,1.1898775725726052,0.6470588235294118,0.7142857142857143,17,14,primary
LHipAngles_ax1,51,31.00368309020996,13.908889651298523,17.094793438911438,0.23529411764705882,1.1895413853186092,0.6470588235294118,0.7142857142857143,17,14,primary
LHipAngles_ax1,52,30.888751983642578,13.246983289718628,17.64176869392395,0.23529411764705882,1.188770017408025,0.6470588235294118,0.7142857142857143,17,14,primary
LHipAngles_ax1,53,30.820125579833984,12.663456678390503,18.15666890144348,0.24369747899159663,1.189497818135405,0.6470588235294118,0.7857142857142857,17,14,primary
LHipAngles_ax1,54,30.785472869873047,12.17330801486969,18.612164855003357,0.24369747899159663,1.193713855669588,0.6470588235294118,0.7857142857142857,17,14,primary
LHipAngles_ax1,55,30.770572662353516,11.746167302131653,19.024405360221863,0.25210084033613445,1.1998064705471172,0.6470588235294118,0.7857142857142857,17,14,primary
LHipAngles_ax1,56,30.759572982788086,11.374004006385803,19.385568976402283,0.25210084033613445,1.211137239539381,0.6470588235294118,0.7857142857142857,17,14,primary
LHipAngles_ax1,57,30.733680725097656,11.364165306091309,19.369515419006348,0.2605042016806723,1.2370640822677819,0.6470588235294118,0.7857142857142857,17,14,primary
LHipAngles_ax1,58,30.63599967956543,11.595445990562439,19.04055368900299,0.2605042016806723,1.2670147655620454,0.6470588235294118,0.7857142857142857,17,14,primary
LHipAngles_ax1,59,30.520877838134766,12.09016728401184,18.430710554122925,0.2605042016806723,1.289440800580119,0.6470588235294118,0.7857142857142857,17,14,primary
LHipAngles_ax1,60,30.247034072875977,12.852571964263916,17.39446210861206,0.2773109243697479,1.3080236379023022,0.6470588235294118,0.7857142857142857,17,14,primary
LHipAngles_ax1,61,29.799259185791016,13.646520853042603,16.152738332748413,0.29411764705882354,1.3280179212813459,0.6470588235294118,0.7857142857142857,17,14,primary
LHipAngles_ax1,62,29.24173069000244,13.6450055539608,15.596725136041641,0.29411764705882354,1.369015088588266,0.6470588235294118,0.7857142857142857,17,14,primary
LHipAngles_ax1,63,28.58428955078125,13.691945109516382,14.892344441264868,0.2773109243697479,1.4252385943052472,0.6470588235294118,0.7142857142857143,17,14,primary
LHipAngles_ax1,64,27.850565910339355,13.780304253101349,14.070261657238007,0.2773109243697479,1.486339210660222,0.6470588235294118,0.7142857142857143,17,14,primary
LHipAngles_ax1,65,27.068317413330078,14.270217418670654,12.798099994659424,0.2773109243697479,1.5454448747819058,0.6470588235294118,0.7142857142857143,17,14,primary
LHipAngles_ax1,66,26.26159954071045,14.851189613342285,11.410409927368164,0.29411764705882354,1.5978452193425214,0.7058823529411765,0.6428571428571429,17,14,primary
LHipAngles_ax1,67,25.446504592895508,15.826978087425232,9.619526505470276,0.29411764705882354,1.6522834224560967,0.7647058823529411,0.6428571428571429,17,14,primary
LHipAngles_ax1,68,24.720056533813477,17.65910291671753,7.060953617095947,0.3025210084033613,1.6987203892447624,0.7647058823529411,0.5714285714285714,17,14,primary
LHipAngles_ax1,69,23.81416893005371,19.67997455596924,4.134194374084473,0.2857142857142857,1.734426188923402,0.7647058823529411,0.5714285714285714,17,14,primary
LHipAngles_ax1,70,24.69602870941162,21.378886699676514,3.3171420097351074,0.29411764705882354,1.7384431819039796,0.7647058823529411,0.6428571428571429,17,14,primary
LHipAngles_ax1,71,26.037479400634766,21.923314571380615,4.11416482925415,0.33613445378151263,1.7749131431921186,0.7647058823529411,0.7142857142857143,17,14,primary
LHipAngles_ax1,72,25.403671264648438,22.16996192932129,3.2337093353271484,0.3277310924369748,1.709199175286845,0.7647058823529411,0.6428571428571429,17,14,primary
LHipAngles_ax1,73,25.445451736450195,21.476238250732422,3.9692134857177734,0.31092436974789917,1.6072433825306833,0.7647058823529411,0.5714285714285714,17,14,primary
LHipAngles_ax1,74,26.003649711608887,21.323097229003906,4.6805524826049805,0.33613445378151263,1.5871059074841771,0.8235294117647058,0.5714285714285714,17,14,primary
LHipAngles_ax1,75,26.50609016418457,21.704631805419922,4.801458358764648,0.31932773109243695,1.5411160076041452,0.8235294117647058,0.5714285714285714,17,14,primary
LHipAngles_ax1,76,26.673295974731445,22.155051231384277,4.518244743347168,0.31932773109243695,1.6342432097702875,0.7647058823529411,0.5714285714285714,17,14,primary
LHipAngles_ax1,77,28.79458999633789,23.614388465881348,5.180201530456543,0.3277310924369748,1.481886636067614,0.7058823529411765,0.6428571428571429,17,14,primary
LHipAngles_ax1,78,30.42000389099121,25.59391212463379,4.826091766357422,0.24369747899159663,1.2766084002079194,0.5882352941176471,0.7142857142857143,17,14,primary
LHipAngles_ax1,79,31.21431541442871,26.019023895263672,5.195291519165039,0.15966386554621848,1.0140307922696723,0.5882352941176471,0.7142857142857143,17,14,primary
LHipAngles_ax1,80,29.985843658447266,24.944951057434082,5.040892601013184,0.13445378151260504,0.8021127956882331,0.6470588235294118,0.7142857142857143,17,14,primary
LHipAngles_ax1,81,29.53912925720215,24.230952262878418,5.3081769943237305,0.07563025210084033,0.6089381175099582,0.6470588235294118,0.5714285714285714,17,14,primary
LHipAngles_ax1,82,28.206647872924805,24.37452793121338,3.832119941711426,0.05042016806722689,0.44657727050718876,0.6470588235294118,0.5714285714285714,17,14,primary
LHipAngles_ax1,83,26.851356506347656,25.45366859436035,1.3976879119873047,0.058823529411764705,0.333013008740077,0.6470588235294118,0.5714285714285714,17,14,primary
LHipAngles_ax1,84,25.484281539916992,26.37891674041748,-0.8946352005004883,0.008403361344537815,0.23852564423135791,0.5294117647058824,0.5714285714285714,17,14,primary
LHipAngles_ax1,85,25.14814853668213,27.146207809448242,-1.9980592727661133,-0.01680672268907563,0.16360309673559367,0.5882352941176471,0.5714285714285714,17,14,primary
LHipAngles_ax1,86,24.51771354675293,27.75424098968506,-3.236527442932129,-0.008403361344537815,0.10983140236319129,0.5882352941176471,0.5714285714285714,17,14,primary
LHipAngles_ax1,87,23.356103897094727,28.189266204833984,-4.833162307739258,-0.008403361344537815,0.08899971366620259,0.5882352941176471,0.5714285714285714,17,14,primary
LHipAngles_ax1,88,22.339628219604492,28.495134353637695,-6.155506134033203,-0.008403361344537815,0.068292005223347,0.5882352941176471,0.5714285714285714,17,14,primary
LHipAngles_ax1,89,21.46466827392578,28.65158462524414,-7.186916351318359,-0.008403361344537815,0.05697239932054046,0.5882352941176471,0.5714285714285714,17,14,primary
LHipAngles_ax1,90,20.70121955871582,28.604516983032227,-7.903297424316406,0.0,0.05480779042248757,0.5882352941176471,0.5714285714285714,17,14,primary
LHipAngles_ax1,91,20.278383255004883,28.491943359375,-8.213560104370117,0.008403361344537815,0.05630399528377165,0.5882352941176471,0.5714285714285714,17,14,primary
LHipAngles_ax1,92,19.47000503540039,28.35049533843994,-8.88049030303955,0.0,0.050890308419812305,0.5882352941176471,0.6428571428571429,17,14,primary
LHipAngles_ax1,93,18.779666900634766,28.212841033935547,-9.433174133300781,-0.008403361344537815,0.043740307677871355,0.5882352941176471,0.6428571428571429,17,14,primary
LHipAngles_ax1,94,18.04568099975586,28.106886863708496,-10.061205863952637,-0.01680672268907563,0.03307117938909547,0.5882352941176471,0.6428571428571429,17,14,primary
LHipAngles_ax1,95,17.247241973876953,28.05007839202881,-10.802836418151855,-0.01680672268907563,0.021855913765970587,0.5882352941176471,0.6428571428571429,17,14,primary
LHipAngles_ax1,96,16.46238136291504,27.97786045074463,-11.51547908782959,-0.01680672268907563,0.015576986554466212,0.5882352941176471,0.6428571428571429,17,14,primary
LHipAngles_ax1,97,15.680301666259766,27.777690172195435,-12.097388505935669,0.0,0.02113851607405248,0.5882352941176471,0.6428571428571429,17,14,primary
LHipAngles_ax1,98,14.873300552368164,27.30712890625,-12.433828353881836,0.0,0.03714383449419192,0.5882352941176471,0.6428571428571429,17,14,primary
LHipAngles_ax1,99,14.09341812133789,26.863364219665527,-12.769946098327637,0.008403361344537815,0.053118320976479054,0.5882352941176471,0.6428571428571429,17,14,primary
LHipAngles_ax1,100,13.350935935974121,26.44593334197998,-13.09499740600586,0.03361344537815126,0.06616664281861548,0.5882352941176471,0.6428571428571429,17,14,primary
RHipAngles_ax1,0,33.36411666870117,14.173413276672363,19.19070339202881,0.3025210084033613,1.4982523861541472,0.7058823529411765,0.7857142857142857,17,14,primary
RHipAngles_ax1,1,33.0663948059082,13.916215896606445,19.150178909301758,0.3025210084033613,1.48081986236938,0.7058823529411765,0.7857142857142857,17,14,primary
RHipAngles_ax1,2,32.776023864746094,13.728233814239502,19.047790050506592,0.29411764705882354,1.4646696764618703,0.7058823529411765,0.7857142857142857,17,14,primary
RHipAngles_ax1,3,32.491355895996094,13.750644207000732,18.74071168899536,0.29411764705882354,1.4490665723308658,0.7058823529411765,0.7857142857142857,17,14,primary
RHipAngles_ax1,4,32.21425247192383,13.734853744506836,18.479398727416992,0.29411764705882354,1.434489342598896,0.6470588235294118,0.7857142857142857,17,14,primary
RHipAngles_ax1,5,31.9495906829834,13.607622146606445,18.341968536376953,0.29411764705882354,1.4255346458559137,0.7058823529411765,0.7857142857142857,17,14,primary
RHipAngles_ax1,6,31.701885223388672,13.418264865875244,18.283620357513428,0.29411764705882354,1.4226401300121416,0.7058823529411765,0.7857142857142857,17,14,primary
RHipAngles_ax1,7,31.469764709472656,13.395925521850586,18.07383918762207,0.2857142857142857,1.4304793132735119,0.7058823529411765,0.7857142857142857,17,14,primary
RHipAngles_ax1,8,31.239042282104492,13.47861099243164,17.76043128967285,0.29411764705882354,1.4405479260240297,0.7058823529411765,0.7857142857142857,17,14,primary
RHipAngles_ax1,9,30.980207443237305,13.717164039611816,17.26304340362549,0.2857142857142857,1.4534437946082057,0.6470588235294118,0.7857142857142857,17,14,primary
RHipAngles_ax1,10,30.659069061279297,14.181952953338623,16.477116107940674,0.2857142857142857,1.4659726575832186,0.6470588235294118,0.7857142857142857,17,14,primary
RHipAngles_ax1,11,30.244590759277344,14.607457637786865,15.637133121490479,0.29411764705882354,1.4805162422493423,0.6470588235294118,0.7857142857142857,17,14,primary
RHipAngles_ax1,12,29.718599319458008,15.070461750030518,14.64813756942749,0.2857142857142857,1.5004054953821053,0.6470588235294118,0.7857142857142857,17,14,primary
RHipAngles_ax1,13,29.081039428710938,15.509628772735596,13.571410655975342,0.29411764705882354,1.5215870883370377,0.6470588235294118,0.7857142857142857,17,14,primary
RHipAngles_ax1,14,28.347984313964844,15.91315221786499,12.434832096099854,0.29411764705882354,1.5500193100354105,0.6470588235294118,0.7857142857142857,17,14,primary
RHipAngles_ax1,15,27.539812088012695,16.32009267807007,11.219719409942627,0.3025210084033613,1.5877482377286123,0.6470588235294118,0.7857142857142857,17,14,primary
RHipAngles_ax1,16,27.871265411376953,17.561243534088135,10.310021877288818,0.31932773109243695,1.62832015655354,0.5882352941176471,0.7857142857142857,17,14,primary
RHipAngles_ax1,17,29.535524368286133,19.568385124206543,9.96713924407959,0.3277310924369748,1.677914584535861,0.5882352941176471,0.8571428571428571,17,14,primary
RHipAngles_ax1,18,28.842656135559082,21.009533405303955,7.833122730255127,0.3277310924369748,1.7328395038924822,0.6470588235294118,0.8571428571428571,17,14,primary
RHipAngles_ax1,19,27.797977447509766,21.456088542938232,6.341888904571533,0.33613445378151263,1.793095829523006,0.7058823529411765,0.8571428571428571,17,14,primary
RHipAngles_ax1,20,26.722896575927734,21.90526819229126,4.817628383636475,0.3445378151260504,1.8188739000297633,0.7058823529411765,0.7142857142857143,17,14,primary
RHipAngles_ax1,21,27.526973724365234,22.923054695129395,4.60391902923584,0.33613445378151263,1.819569489530401,0.6470588235294118,0.7142857142857143,17,14,primary
RHipAngles_ax1,22,27.068188667297363,23.762821197509766,3.3053674697875977,0.3277310924369748,1.773384531681206,0.6470588235294118,0.7142857142857143,17,14,primary
RHipAngles_ax1,23,28.123279571533203,24.336413383483887,3.7868661880493164,0.31932773109243695,1.6320670426102324,0.7647058823529411,0.6428571428571429,17,14,primary
RHipAngles_ax1,24,28.298151969909668,25.250469207763672,3.047682762145996,0.33613445378151263,1.6756649735300886,0.7647058823529411,0.7142857142857143,17,14,primary
RHipAngles_ax1,25,28.403145790100098,25.49784755706787,2.9052982330322266,0.3277310924369748,1.7771100575860117,0.7647058823529411,0.7142857142857143,17,14,primary
RHipAngles_ax1,26,27.662370681762695,25.56851100921631,2.0938596725463867,0.3445378151260504,1.7630866201921984,0.7058823529411765,0.7142857142857143,17,14,primary
RHipAngles_ax1,27,29.011383056640625,24.410823822021484,4.600559234619141,0.31092436974789917,1.6934353014461982,0.7058823529411765,0.7142857142857143,17,14,primary
RHipAngles_ax1,28,30.5692720413208,23.04470157623291,7.524570465087891,0.3025210084033613,1.3862396545591604,0.7647058823529411,0.7142857142857143,17,14,primary
RHipAngles_ax1,29,31.089128494262695,24.08745765686035,7.001670837402344,0.2689075630252101,1.115748121726454,0.6470588235294118,0.7142857142857143,17,14,primary
RHipAngles_ax1,30,29.826351165771484,25.858391761779785,3.967959403991699,0.2184873949579832,0.8957110641874408,0.5294117647058824,0.7142857142857143,17,14,primary
RHipAngles_ax1,31,28.832128524780273,27.464097023010254,1.3680315017700195,0.16806722689075632,0.7249365546075847,0.5882352941176471,0.6428571428571429,17,14,primary
RHipAngles_ax1,32,29.653372764587402,27.773887634277344,1.8794851303100586,0.12605042016806722,0.5789700794891849,0.5882352941176471,0.6428571428571429,17,14,primary
RHipAngles_ax1,33,28.29060935974121,27.71828842163086,0.5723209381103516,0.07563025210084033,0.4645620639266142,0.5294117647058824,0.5,17,14,primary
RHipAngles_ax1,34,26.78240203857422,27.502704620361328,-0.7203025817871094,0.03361344537815126,0.37450258831798927,0.5294117647058824,0.5,17,14,primary
RHipAngles_ax1,35,25.535581588745117,27.78226613998413,-2.2466845512390137,0.025210084033613446,0.2971123429545009,0.5882352941176471,0.5,17,14,primary
RHipAngles_ax1,36,24.775150299072266,28.2088565826416,-3.433706283569336,-0.008403361344537815,0.230007856779066,0.6470588235294118,0.5714285714285714,17,14,primary
RHipAngles_ax1,37,23.987783432006836,28.544079780578613,-4.556296348571777,-0.008403361344537815,0.17425341310093265,0.6470588235294118,0.5714285714285714,17,14,primary
RHipAngles_ax1,38,23.098289489746094,28.78240394592285,-5.684114456176758,0.01680672268907563,0.13890674234820968,0.6470588235294118,0.5714285714285714,17,14,primary
RHipAngles_ax1,39,22.140422821044922,28.920527935028076,-6.780105113983154,0.008403361344537815,0.10990609180408348,0.6470588235294118,0.5714285714285714,17,14,primary
RHipAngles_ax1,40,21.09489631652832,28.950198650360107,-7.855302333831787,0.0,0.07960398062151837,0.6470588235294118,0.5714285714285714,17,14,primary
RHipAngles_ax1,41,20.01342010498047,28.86187744140625,-8.848457336425781,0.0,0.051884642238476865,0.6470588235294118,0.5714285714285714,17,14,primary
RHipAngles_ax1,42,19.430035412311554,28.696974277496338,-9.266938865184784,-0.008403361344537815,0.025594314410001012,0.6470588235294118,0.5714285714285714,17,14,primary
RHipAngles_ax1,43,18.9291914999485,28.450963258743286,-9.521771758794785,0.0,0.0053468339268188374,0.6470588235294118,0.5714285714285714,17,14,primary
RHipAngles_ax1,44,18.404656559228897,28.079362630844116,-9.67470607161522,0.0,-0.011352968991386747,0.6470588235294118,0.5714285714285714,17,14,primary
RHipAngles_ax1,45,17.866209149360657,27.685031175613403,-9.818822026252747,-0.008403361344537815,-0.024103307143566746,0.6470588235294118,0.5714285714285714,17,14,primary
RHipAngles_ax1,46,17.255462646484375,27.278968334197998,-10.023505687713623,-0.008403361344537815,-0.03318020649019717,0.6470588235294118,0.5714285714285714,17,14,primary
RHipAngles_ax1,47,16.515108704566956,26.867580890655518,-10.352472186088562,0.0,-0.03097121782270477,0.6470588235294118,0.5714285714285714,17,14,primary
RHipAngles_ax1,48,15.806187391281128,26.473316073417664,-10.667128682136536,0.0,-0.02315163906000375,0.6470588235294118,0.5714285714285714,17,14,primary
RHipAngles_ax1,49,15.147372245788574,26.09071147441864,-10.943339228630066,-0.008403361344537815,-0.012190917369790465,0.6470588235294118,0.5714285714285714,17,14,primary
RHipAngles_ax1,50,14.555508375167847,25.665384769439697,-11.10987639427185,0.008403361344537815,0.0011885837142891415,0.6470588235294118,0.5714285714285714,17,14,primary
RHipAngles_ax1,51,14.053073644638062,25.236793279647827,-11.183719635009766,0.008403361344537815,0.007007147107840733,0.6470588235294118,0.5714285714285714,17,14,primary
RHipAngles_ax1,52,13.683706045150757,24.843617141246796,-11.159911096096039,0.008403361344537815,0.013593385500749585,0.6470588235294118,0.5714285714285714,17,14,primary
RHipAngles_ax1,53,13.516190528869629,24.4601973593235,-10.944006830453873,0.008403361344537815,0.01823193805122256,0.6470588235294118,0.5714285714285714,17,14,primary
RHipAngles_ax1,54,13.456235885620117,24.092146314680576,-10.63591042906046,0.01680672268907563,0.017579197440589875,0.6470588235294118,0.5714285714285714,17,14,primary
RHipAngles_ax1,55,13.500576734542847,23.74774567782879,-10.247168943285942,0.01680672268907563,0.004890277240953388,0.6470588235294118,0.5714285714285714,17,14,primary
RHipAngles_ax1,56,13.437716484069824,23.49830074608326,-10.060584262013435,0.008403361344537815,-0.017888233598237845,0.6470588235294118,0.5714285714285714,17,14,primary
RHipAngles_ax1,57,13.205409049987793,23.33859533071518,-10.133186280727386,0.008403361344537815,-0.03342826589368749,0.6470588235294118,0.5714285714285714,17,14,primary
RHipAngles_ax1,58,13.00430679321289,23.19019442796707,-10.185887634754181,0.025210084033613446,-0.032853227404495075,0.6470588235294118,0.5714285714285714,17,14,primary
RHipAngles_ax1,59,12.978898048400879,23.06937761604786,-10.09047956764698,0.03361344537815126,-0.01852196704566272,0.6470588235294118,0.5714285714285714,17,14,primary
RHipAngles_ax1,60,13.427639961242676,22.978583812713623,-9.550943851470947,0.025210084033613446,0.015324459613716153,0.6470588235294118,0.5714285714285714,17,14,primary
RHipAngles_ax1,61,14.493556022644043,22.888101875782013,-8.39454585313797,0.01680672268907563,0.060806742270862225,0.6470588235294118,0.5714285714285714,17,14,primary
RHipAngles_ax1,62,15.236052930355072,22.776107788085938,-7.5400548577308655,0.008403361344537815,0.11078414760738732,0.6470588235294118,0.5714285714285714,17,14,primary
RHipAngles_ax1,63,15.715572357177734,22.62610113620758,-6.910528779029846,0.01680672268907563,0.16433660183899923,0.6470588235294118,0.5714285714285714,17,14,primary
RHipAngles_ax1,64,16.750131607055664,22.403470039367676,-5.653338432312012,0.03361344537815126,0.21823697970562334,0.6470588235294118,0.5714285714285714,17,14,primary
RHipAngles_ax1,65,17.907001495361328,22.100749731063843,-4.193748235702515,0.03361344537815126,0.2955301820015292,0.6470588235294118,0.5714285714285714,17,14,primary
RHipAngles_ax1,66,19.177757263183594,21.79386830329895,-2.6161110401153564,0.05042016806722689,0.4033483737804975,0.5882352941176471,0.5714285714285714,17,14,primary
RHipAngles_ax1,67,20.81035804748535,21.501404285430908,-0.6910462379455566,0.06722689075630252,0.5412563475951893,0.5294117647058824,0.5,17,14,primary
RHipAngles_ax1,68,22.824514389038086,22.417303562164307,0.4072108268737793,0.1092436974789916,0.7007992128608121,0.5882352941176471,0.5,17,14,primary
RHipAngles_ax1,69,24.95349884033203,22.69946002960205,2.2540388107299805,0.20168067226890757,0.8889723238630004,0.6470588235294118,0.7142857142857143,17,14,primary
RHipAngles_ax1,70,26.58031463623047,22.07094955444336,4.509365081787109,0.23529411764705882,1.111445581036874,0.7058823529411765,0.7142857142857143,17,14,primary
RHipAngles_ax1,71,26.487772941589355,20.73879623413086,5.748976707458496,0.31092436974789917,1.3530145525571171,0.8235294117647058,0.7857142857142857,17,14,primary
RHipAngles_ax1,72,26.089299201965332,21.279330253601074,4.809968948364258,0.31092436974789917,1.5748168975335761,0.8235294117647058,0.6428571428571429,17,14,primary
RHipAngles_ax1,73,27.249040603637695,23.365379333496094,3.8836612701416016,0.35294117647058826,1.825468451812694,0.7647058823529411,0.7142857142857143,17,14,primary
RHipAngles_ax1,74,28.315678596496582,24.75300121307373,3.5626773834228516,0.35294117647058826,1.876640591898768,0.7647058823529411,0.7142857142857143,17,14,primary
RHipAngles_ax1,75,28.996976852416992,25.315593719482422,3.6813831329345703,0.3277310924369748,1.7899366101148715,0.7647058823529411,0.7142857142857143,17,14,primary
RHipAngles_ax1,76,29.77184772491455,25.459997177124023,4.311850547790527,0.3445378151260504,1.8817304567000963,0.7058823529411765,0.7857142857142857,17,14,primary
RHipAngles_ax1,77,31.135316848754883,25.533236503601074,5.602080345153809,0.42016806722689076,2.0906041661702406,0.7058823529411765,0.7857142857142857,17,14,primary
RHipAngles_ax1,78,32.62756538391113,25.928805828094482,6.69875955581665,0.3949579831932773,2.175306182947119,0.6470588235294118,0.7857142857142857,17,14,primary
RHipAngles_ax1,79,33.28669738769531,26.027953147888184,7.258744239807129,0.42016806722689076,2.226805257163042,0.6470588235294118,0.7857142857142857,17,14,primary
RHipAngles_ax1,80,32.26332473754883,26.069465160369873,6.193859577178955,0.46218487394957986,2.2351199579257988,0.7058823529411765,0.7857142857142857,17,14,primary
RHipAngles_ax1,81,33.99466323852539,25.704495429992676,8.290167808532715,0.46218487394957986,2.1919701675244143,0.7058823529411765,0.9285714285714286,17,14,primary
RHipAngles_ax1,82,33.51067352294922,25.180467128753662,8.330206394195557,0.4117647058823529,2.122632121955964,0.7058823529411765,0.8571428571428571,17,14,primary
RHipAngles_ax1,83,32.61727523803711,24.519165992736816,8.098109245300293,0.4117647058823529,2.0574282280289213,0.7058823529411765,0.7857142857142857,17,14,primary
RHipAngles_ax1,84,31.81328773498535,23.187824249267578,8.625463485717773,0.3865546218487395,1.9890617689996042,0.7058823529411765,0.7142857142857143,17,14,primary
RHipAngles_ax1,85,32.54530334472656,22.59364604949951,9.95165729522705,0.3865546218487395,1.9341447165750578,0.7058823529411765,0.7142857142857143,17,14,primary
RHipAngles_ax1,86,33.058448791503906,22.360862731933594,10.697586059570312,0.3865546218487395,1.880736660671893,0.7058823529411765,0.7142857142857143,17,14,primary
RHipAngles_ax1,87,33.35789108276367,22.00072479248047,11.357166290283203,0.3697478991596639,1.8298915688020805,0.6470588235294118,0.7142857142857143,17,14,primary
RHipAngles_ax1,88,33.48297119140625,21.51881504058838,11.964156150817871,0.36134453781512604,1.7854468424737318,0.6470588235294118,0.7142857142857143,17,14,primary
RHipAngles_ax1,89,33.463348388671875,20.91214656829834,12.551201820373535,0.36134453781512604,1.7460424880809593,0.6470588235294118,0.7142857142857143,17,14,primary
RHipAngles_ax1,90,33.33290100097656,20.185397148132324,13.147503852844238,0.35294117647058826,1.7146277226013278,0.6470588235294118,0.7142857142857143,17,14,primary
RHipAngles_ax1,91,33.125877380371094,19.35440444946289,13.771472930908203,0.35294117647058826,1.688512609029255,0.5882352941176471,0.7142857142857143,17,14,primary
RHipAngles_ax1,92,32.87247848510742,18.447585105895996,14.424893379211426,0.3445378151260504,1.6677992259460042,0.6470588235294118,0.7142857142857143,17,14,primary
RHipAngles_ax1,93,32.594024658203125,17.505311965942383,15.088712692260742,0.33613445378151263,1.6552978557761964,0.6470588235294118,0.7142857142857143,17,14,primary
RHipAngles_ax1,94,32.29960250854492,16.584228038787842,15.71537446975708,0.3445378151260504,1.639222814178475,0.6470588235294118,0.7142857142857143,17,14,primary
RHipAngles_ax1,95,31.991262435913086,15.739701271057129,16.251561164855957,0.33613445378151263,1.614091680992738,0.6470588235294118,0.7142857142857143,17,14,primary
RHipAngles_ax1,96,31.668304443359375,15.015861511230469,16.652442932128906,0.31932773109243695,1.5873914450412918,0.6470588235294118,0.7142857142857143,17,14,primary
RHipAngles_ax1,97,31.33445930480957,14.443599224090576,16.890860080718994,0.31092436974789917,1.5551248278961012,0.6470588235294118,0.7142857142857143,17,14,primary
RHipAngles_ax1,98,30.998441696166992,14.03548002243042,16.962961673736572,0.2857142857142857,1.537035724649212,0.6470588235294118,0.7142857142857143,17,14,primary
RHipAngles_ax1,99,30.671245574951172,13.78456974029541,16.88667583465576,0.2857142857142857,1.5089174959902292,0.6470588235294118,0.7142857142857143,17,14,primary
RHipAngles_ax1,100,30.362693786621094,13.482269763946533,16.88042402267456,0.29411764705882354,1.48300592956004,0.6470588235294118,0.7142857142857143,17,14,primary
LKneeAngles_ax1,0,10.857189178466797,9.497790813446045,1.359398365020752,0.18487394957983194,1.0994371455393317,0.7058823529411765,0.7142857142857143,17,14,primary
LKneeAngles_ax1,1,11.770431995391846,9.804364204406738,1.9660677909851074,0.18487394957983194,1.0875973261751553,0.6470588235294118,0.7142857142857143,17,14,primary
LKneeAngles_ax1,2,13.100563526153564,10.576076030731201,2.5244874954223633,0.21008403361344538,1.156273910940731,0.6470588235294118,0.7142857142857143,17,14,primary
LKneeAngles_ax1,3,14.340189456939697,12.003886222839355,2.336303234100342,0.21008403361344538,1.2004760500811538,0.6470588235294118,0.7142857142857143,17,14,primary
LKneeAngles_ax1,4,15.549613952636719,13.450406074523926,2.099207878112793,0.226890756302521,1.1554745879492772,0.7058823529411765,0.7142857142857143,17,14,primary
LKneeAngles_ax1,5,16.443225860595703,14.773085117340088,1.6701407432556152,0.23529411764705882,1.1179044098028215,0.7058823529411765,0.7142857142857143,17,14,primary
LKneeAngles_ax1,6,17.54282569885254,16.042190551757812,1.5006351470947266,0.2184873949579832,1.0736912277934856,0.7058823529411765,0.7142857142857143,17,14,primary
LKneeAngles_ax1,7,19.460697174072266,17.515666961669922,1.9450302124023438,0.25210084033613445,1.0935235518436264,0.7058823529411765,0.7857142857142857,17,14,primary
LKneeAngles_ax1,8,21.715089797973633,18.98078203201294,2.7343077659606934,0.226890756302521,1.0009044516635675,0.7058823529411765,0.7857142857142857,17,14,primary
LKneeAngles_ax1,9,23.595606803894043,20.471152305603027,3.1244544982910156,0.20168067226890757,0.8811840440487287,0.7058823529411765,0.7142857142857143,17,14,primary
LKneeAngles_ax1,10,26.253149032592773,22.284563541412354,3.96858549118042,0.2689075630252101,0.9315845680427153,0.7647058823529411,0.7857142857142857,17,14,primary
LKneeAngles_ax1,11,29.685815811157227,24.070119380950928,5.615696430206299,0.29411764705882354,1.045073302567972,0.7647058823529411,0.8571428571428571,17,14,primary
LKneeAngles_ax1,12,31.457167625427246,26.21483087539673,5.242336750030518,0.31092436974789917,1.1523568358032077,0.7647058823529411,0.8571428571428571,17,14,primary
LKneeAngles_ax1,13,31.964587211608887,28.660883903503418,3.3037033081054688,0.31092436974789917,1.1690541113317452,0.7647058823529411,0.7857142857142857,17,14,primary
LKneeAngles_ax1,14,32.81915855407715,30.794301986694336,2.0248565673828125,0.31092436974789917,1.2018533605154762,0.7647058823529411,0.7142857142857143,17,14,primary
LKneeAngles_ax1,15,33.392303466796875,31.49403476715088,1.898268699645996,0.2773109243697479,1.2292260851150634,0.7058823529411765,0.6428571428571429,17,14,primary
LKneeAngles_ax1,16,34.748613357543945,31.9095458984375,2.8390674591064453,0.3277310924369748,1.2375792230054692,0.8235294117647058,0.6428571428571429,17,14,primary
LKneeAngles_ax1,17,38.60573863983154,32.567166328430176,6.038572311401367,0.2773109243697479,1.2164894865020202,0.7647058823529411,0.6428571428571429,17,14,primary
LKneeAngles_ax1,18,40.401885986328125,33.39885377883911,7.003032207489014,0.25210084033613445,1.174285709729473,0.7058823529411765,0.6428571428571429,17,14,primary
LKneeAngles_ax1,19,42.81242370605469,34.178688049316406,8.633735656738281,0.25210084033613445,1.122453125416892,0.5882352941176471,0.5714285714285714,17,14,primary
LKneeAngles_ax1,20,46.024959564208984,34.876582622528076,11.148376941680908,0.24369747899159663,1.0967906001475338,0.5882352941176471,0.6428571428571429,17,14,primary
LKneeAngles_ax1,21,49.09754180908203,35.45868158340454,13.63886022567749,0.25210084033613445,1.0885593604418078,0.5882352941176471,0.6428571428571429,17,14,primary
LKneeAngles_ax1,22,51.966773986816406,35.932072162628174,16.034701824188232,0.2773109243697479,1.0832732528753874,0.5882352941176471,0.6428571428571429,17,14,primary
LKneeAngles_ax1,23,54.57625198364258,36.27926301956177,18.29698896408081,0.31092436974789917,1.0854839120629343,0.5882352941176471,0.6428571428571429,17,14,primary
LKneeAngles_ax1,24,56.877220153808594,36.532071113586426,20.345149040222168,0.33613445378151263,1.0855170942049397,0.5882352941176471,0.6428571428571429,17,14,primary
LKneeAngles_ax1,25,58.82868194580078,36.78035259246826,22.04832935333252,0.31092436974789917,1.072500023544982,0.5882352941176471,0.6428571428571429,17,14,primary
LKneeAngles_ax1,26,60.39753341674805,36.709181785583496,23.68835163116455,0.29411764705882354,1.072297050122131,0.5882352941176471,0.6428571428571429,17,14,primary
LKneeAngles_ax1,27,61.17880821228027,36.47772216796875,24.701086044311523,0.2689075630252101,1.0779341676772285,0.6470588235294118,0.6428571428571429,17,14,primary
LKneeAngles_ax1,28,59.995737075805664,35.87063455581665,24.125102519989014,0.2689075630252101,1.0791213327857887,0.6470588235294118,0.6428571428571429,17,14,primary
LKneeAngles_ax1,29,58.47428321838379,35.30073547363281,23.173547744750977,0.24369747899159663,1.062919104810428,0.6470588235294118,0.6428571428571429,17,14,primary
LKneeAngles_ax1,30,56.61659622192383,34.82545804977417,21.791138172149658,0.226890756302521,1.045821185764633,0.6470588235294118,0.6428571428571429,17,14,primary
LKneeAngles_ax1,31,54.423770904541016,34.326866149902344,20.096904754638672,0.2184873949579832,1.0305410916288957,0.6470588235294118,0.6428571428571429,17,14,primary
LKneeAngles_ax1,32,51.89929389953613,33.72849941253662,18.17079448699951,0.21008403361344538,1.0209586519901406,0.6470588235294118,0.6428571428571429,17,14,primary
LKneeAngles_ax1,33,49.05301856994629,32.983702182769775,16.069316387176514,0.21008403361344538,1.0050461887789919,0.6470588235294118,0.6428571428571429,17,14,primary
LKneeAngles_ax1,34,45.89847946166992,32.20000410079956,13.698475360870361,0.19327731092436976,0.9759396162484706,0.5882352941176471,0.6428571428571429,17,14,primary
LKneeAngles_ax1,35,42.47102928161621,31.32437801361084,11.146651268005371,0.19327731092436976,0.9310370257258175,0.5882352941176471,0.6428571428571429,17,14,primary
LKneeAngles_ax1,36,38.815385818481445,30.338088989257812,8.477296829223633,0.19327731092436976,0.8895744152804955,0.5882352941176471,0.6428571428571429,17,14,primary
LKneeAngles_ax1,37,34.98229217529297,29.252990245819092,5.729301929473877,0.15966386554621848,0.8273824647949068,0.5882352941176471,0.5714285714285714,17,14,primary
LKneeAngles_ax1,38,31.032331466674805,28.044949054718018,2.987382411956787,0.1092436974789916,0.7410535448614964,0.5882352941176471,0.5,17,14,primary
LKneeAngles_ax1,39,26.8616943359375,27.48435688018799,-0.6226625442504883,0.10084033613445378,0.6463493564341729,0.5294117647058824,0.5,17,14,primary
LKneeAngles_ax1,40,24.378556728363037,27.15587282180786,-2.777316093444824,0.04201680672268908,0.5698577346539055,0.5882352941176471,0.5714285714285714,17,14,primary
LKneeAngles_ax1,41,22.0538330078125,23.69521999359131,-1.6413869857788086,0.058823529411764705,0.6548691524836341,0.5882352941176471,0.5714285714285714,17,14,primary
LKneeAngles_ax1,42,19.8266339302063,20.37140464782715,-0.5447707176208496,0.04201680672268908,0.7080810672015908,0.5294117647058824,0.5,17,14,primary
LKneeAngles_ax1,43,18.088881492614746,17.21213436126709,0.8767471313476562,0.10084033613445378,0.8222814459772604,0.6470588235294118,0.5714285714285714,17,14,primary
LKneeAngles_ax1,44,15.52038860321045,14.669090509414673,0.8512980937957764,0.21008403361344538,0.950254272369962,0.5294117647058824,0.5714285714285714,17,14,primary
LKneeAngles_ax1,45,13.55167531967163,12.2817223072052,1.2699530124664307,0.20168067226890757,1.0090186757623534,0.5882352941176471,0.5,17,14,primary
LKneeAngles_ax1,46,12.69787311553955,10.93834137916565,1.7595317363739014,0.21008403361344538,1.0881333304974377,0.6470588235294118,0.5714285714285714,17,14,primary
LKneeAngles_ax1,47,12.083776473999023,10.226768255233765,1.8570082187652588,0.21008403361344538,1.0053281488602874,0.6470588235294118,0.5714285714285714,17,14,primary
LKneeAngles_ax1,48,12.296492576599121,10.270285606384277,2.0262069702148438,0.24369747899159663,1.1128079688619734,0.5882352941176471,0.7142857142857143,17,14,primary
LKneeAngles_ax1,49,11.95808219909668,10.508541107177734,1.4495410919189453,0.21008403361344538,0.9406832471709053,0.5882352941176471,0.7142857142857143,17,14,primary
LKneeAngles_ax1,50,10.79770278930664,10.67726469039917,0.1204380989074707,0.19327731092436976,0.8005571006458403,0.5294117647058824,0.5,17,14,primary
LKneeAngles_ax1,51,10.950030326843262,10.469820022583008,0.4802103042602539,0.13445378151260504,0.6638035676674054,0.5882352941176471,0.5,17,14,primary
LKneeAngles_ax1,52,11.754745960235596,10.93516492843628,0.8195810317993164,0.14285714285714285,0.5841162688733307,0.5882352941176471,0.5,17,14,primary
LKneeAngles_ax1,53,13.074138641357422,11.830584049224854,1.2435545921325684,0.12605042016806722,0.557781835257857,0.5882352941176471,0.5714285714285714,17,14,primary
LKneeAngles_ax1,54,14.188823223114014,13.237276315689087,0.9515469074249268,0.12605042016806722,0.5098296979564781,0.5882352941176471,0.5714285714285714,17,14,primary
LKneeAngles_ax1,55,15.303659915924072,14.959022521972656,0.344637393951416,0.1092436974789916,0.3697093528561492,0.5294117647058824,0.5,17,14,primary
LKneeAngles_ax1,56,16.360736846923828,16.579076766967773,-0.2183399200439453,0.04201680672268908,0.15713759677655978,0.5294117647058824,0.5,17,14,primary
LKneeAngles_ax1,57,18.205215454101562,17.83852195739746,0.36669349670410156,0.01680672268907563,0.0901268723714764,0.5882352941176471,0.5,17,14,primary
LKneeAngles_ax1,58,20.613771438598633,19.13569402694702,1.4780774116516113,0.058823529411764705,0.007121322657487184,0.5882352941176471,0.6428571428571429,17,14,primary
LKneeAngles_ax1,59,23.32300090789795,21.27423334121704,2.048767566680908,0.025210084033613446,-0.041578377645271294,0.5294117647058824,0.6428571428571429,17,14,primary
LKneeAngles_ax1,60,25.56428337097168,23.529130935668945,2.0351524353027344,0.058823529411764705,0.0012506130621109323,0.5882352941176471,0.6428571428571429,17,14,primary
LKneeAngles_ax1,61,27.28447914123535,25.603954315185547,1.6805248260498047,0.06722689075630252,0.09780217148730956,0.5882352941176471,0.6428571428571429,17,14,primary
LKneeAngles_ax1,62,29.17753791809082,28.105859756469727,1.0716781616210938,0.07563025210084033,0.10772403316601149,0.5882352941176471,0.6428571428571429,17,14,primary
LKneeAngles_ax1,63,30.095109939575195,31.105161666870117,-1.0100517272949219,0.01680672268907563,0.05667469897662383,0.5294117647058824,0.6428571428571429,17,14,primary
LKneeAngles_ax1,64,31.347206115722656,34.03228569030762,-2.685079574584961,-0.008403361344537815,-0.04567765108396626,0.5882352941176471,0.6428571428571429,17,14,primary
LKneeAngles_ax1,65,32.14258575439453,37.36084175109863,-5.218255996704102,-0.01680672268907563,-0.187757574251478,0.5882352941176471,0.6428571428571429,17,14,primary
LKneeAngles_ax1,66,32.92251968383789,39.972439765930176,-7.049920082092285,-0.058823529411764705,-0.32004332214077685,0.6470588235294118,0.6428571428571429,17,14,primary
LKneeAngles_ax1,67,33.216739654541016,42.85019397735596,-9.633454322814941,-0.06722689075630252,-0.42463149846863973,0.6470588235294118,0.6428571428571429,17,14,primary
LKneeAngles_ax1,68,33.42219543457031,45.58531379699707,-12.163118362426758,-0.06722689075630252,-0.5157342073044066,0.6470588235294118,0.7142857142857143,17,14,primary
LKneeAngles_ax1,69,33.43061828613281,48.170104026794434,-14.739485740661621,-0.06722689075630252,-0.5927463848890631,0.6470588235294118,0.7142857142857143,17,14,primary
LKneeAngles_ax1,70,33.128299713134766,50.501304626464844,-17.373004913330078,-0.08403361344537816,-0.6561773792254164,0.6470588235294118,0.7142857142857143,17,14,primary
LKneeAngles_ax1,71,32.565956115722656,52.408241271972656,-19.84228515625,-0.07563025210084033,-0.7146428527509752,0.6470588235294118,0.7142857142857143,17,14,primary
LKneeAngles_ax1,72,32.04979705810547,53.80108070373535,-21.751283645629883,-0.06722689075630252,-0.7643106424264656,0.6470588235294118,0.7142857142857143,17,14,primary
LKneeAngles_ax1,73,31.4383602142334,54.576416015625,-23.1380558013916,-0.05042016806722689,-0.7813880768244951,0.6470588235294118,0.7142857142857143,17,14,primary
LKneeAngles_ax1,74,30.793527603149414,55.03816223144531,-24.2446346282959,-0.06722689075630252,-0.7878282950174025,0.6470588235294118,0.7142857142857143,17,14,primary
LKneeAngles_ax1,75,30.200613021850586,55.04461050033569,-24.843997478485107,-0.06722689075630252,-0.7795604061150871,0.6470588235294118,0.7142857142857143,17,14,primary
LKneeAngles_ax1,76,32.298903465270996,54.722652435302734,-22.42374897003174,-0.08403361344537816,-0.7674457074230334,0.6470588235294118,0.7142857142857143,17,14,primary
LKneeAngles_ax1,77,32.5286750793457,54.024306774139404,-21.4956316947937,-0.08403361344537816,-0.747592401937689,0.6470588235294118,0.7142857142857143,17,14,primary
LKneeAngles_ax1,78,31.82727813720703,53.3442907333374,-21.51701259613037,-0.07563025210084033,-0.7313545984022953,0.6470588235294118,0.6428571428571429,17,14,primary
LKneeAngles_ax1,79,30.907257080078125,52.42454385757446,-21.517286777496338,-0.07563025210084033,-0.710583836548471,0.6470588235294118,0.6428571428571429,17,14,primary
LKneeAngles_ax1,80,29.891359329223633,51.03226375579834,-21.140904426574707,-0.10084033613445378,-0.6894292789678509,0.6470588235294118,0.6428571428571429,17,14,primary
LKneeAngles_ax1,81,28.824169158935547,49.39723014831543,-20.573060989379883,-0.10084033613445378,-0.6778837490908194,0.6470588235294118,0.6428571428571429,17,14,primary
LKneeAngles_ax1,82,28.505760192871094,47.62848377227783,-19.12272357940674,-0.08403361344537816,-0.6605902185277986,0.6470588235294118,0.6428571428571429,17,14,primary
LKneeAngles_ax1,83,30.041908264160156,45.596643924713135,-15.554735660552979,-0.06722689075630252,-0.6392895489104738,0.6470588235294118,0.6428571428571429,17,14,primary
LKneeAngles_ax1,84,31.452905654907227,43.2955756187439,-11.84266996383667,-0.07563025210084033,-0.6178891546408256,0.6470588235294118,0.6428571428571429,17,14,primary
LKneeAngles_ax1,85,29.184162139892578,40.71497583389282,-11.530813694000244,-0.08403361344537816,-0.5897653797180191,0.6470588235294118,0.6428571428571429,17,14,primary
LKneeAngles_ax1,86,26.46233892440796,37.87272357940674,-11.41038465499878,-0.08403361344537816,-0.5367315969327737,0.6470588235294118,0.6428571428571429,17,14,primary
LKneeAngles_ax1,87,23.51216411590576,34.94793891906738,-11.435774803161621,-0.05042016806722689,-0.4574516277822164,0.5882352941176471,0.6428571428571429,17,14,primary
LKneeAngles_ax1,88,22.489748001098633,32.06360054016113,-9.5738525390625,-0.025210084033613446,-0.34562635088227417,0.5882352941176471,0.6428571428571429,17,14,primary
LKneeAngles_ax1,89,22.336132049560547,28.897855758666992,-6.561723709106445,-0.04201680672268908,-0.20284119490368255,0.5882352941176471,0.6428571428571429,17,14,primary
LKneeAngles_ax1,90,22.136417388916016,24.72560977935791,-2.5891923904418945,-0.03361344537815126,-0.15131720290884798,0.5882352941176471,0.5714285714285714,17,14,primary
LKneeAngles_ax1,91,21.969680786132812,20.712467193603516,1.2572135925292969,-0.01680672268907563,-0.054004394515889786,0.5294117647058824,0.5714285714285714,17,14,primary
LKneeAngles_ax1,92,19.66846990585327,19.349308967590332,0.31916093826293945,0.04201680672268908,0.10479547600475599,0.5294117647058824,0.5,17,14,primary
LKneeAngles_ax1,93,18.960973739624023,18.25070095062256,0.7102727890014648,0.08403361344537816,0.28291563258540264,0.5882352941176471,0.5,17,14,primary
LKneeAngles_ax1,94,18.49180316925049,15.459410667419434,3.0323925018310547,0.09243697478991597,0.40599207411675065,0.5882352941176471,0.6428571428571429,17,14,primary
LKneeAngles_ax1,95,15.480654239654541,13.101298332214355,2.3793559074401855,0.09243697478991597,0.49468243609567464,0.6470588235294118,0.5714285714285714,17,14,primary
LKneeAngles_ax1,96,13.841691493988037,11.12210988998413,2.7195816040039062,0.15126050420168066,0.8339804304535791,0.6470588235294118,0.6428571428571429,17,14,primary
LKneeAngles_ax1,97,12.846061706542969,9.899917364120483,2.9461443424224854,0.15966386554621848,0.9346141620442737,0.6470588235294118,0.6428571428571429,17,14,primary
LKneeAngles_ax1,98,11.029491424560547,9.26442277431488,1.7650686502456665,0.15966386554621848,0.9652659340992235,0.7058823529411765,0.5714285714285714,17,14,primary
LKneeAngles_ax1,99,10.510735988616943,9.16260027885437,1.3481357097625732,0.15966386554621848,0.965569675431904,0.7647058823529411,0.5714285714285714,17,14,primary
LKneeAngles_ax1,100,11.230763912200928,9.003717422485352,2.227046489715576,0.20168067226890757,1.1212089041020565,0.8235294117647058,0.6428571428571429,17,14,primary
RKneeAngles_ax1,0,14.330360412597656,12.936991691589355,1.3933687210083008,0.08403361344537816,0.9044722513403616,0.6470588235294118,0.5714285714285714,17,14,primary
RKneeAngles_ax1,1,14.89162302017212,13.053442001342773,1.8381810188293457,0.10084033613445378,0.8477268781302804,0.6470588235294118,0.5714285714285714,17,14,primary
RKneeAngles_ax1,2,15.396248817443848,13.494089603424072,1.9021592140197754,0.09243697478991597,0.7642945155051097,0.6470588235294118,0.5714285714285714,17,14,primary
RKneeAngles_ax1,3,16.034696102142334,14.308887958526611,1.7258081436157227,0.1092436974789916,0.7267841653436509,0.7058823529411765,0.5,17,14,primary
RKneeAngles_ax1,4,17.358051300048828,15.930269241333008,1.4277820587158203,0.10084033613445378,0.6261074375512496,0.6470588235294118,0.5714285714285714,17,14,primary
RKneeAngles_ax1,5,18.832992553710938,17.44455051422119,1.388442039489746,0.09243697478991597,0.4863102221496646,0.5882352941176471,0.5714285714285714,17,14,primary
RKneeAngles_ax1,6,19.97718620300293,19.02055263519287,0.9566335678100586,0.06722689075630252,0.3617150995507033,0.5294117647058824,0.5,17,14,primary
RKneeAngles_ax1,7,20.616168975830078,20.9980411529541,-0.38187217712402344,0.025210084033613446,0.20285649628315955,0.5294117647058824,0.5,17,14,primary
RKneeAngles_ax1,8,22.037229537963867,23.352685928344727,-1.3154563903808594,-0.008403361344537815,0.04692469706966391,0.5294117647058824,0.5714285714285714,17,14,primary
RKneeAngles_ax1,9,22.77669048309326,25.777904510498047,-3.001214027404785,-0.08403361344537816,-0.2644204132133138,0.5882352941176471,0.5714285714285714,17,14,primary
RKneeAngles_ax1,10,25.767009735107422,28.095101356506348,-2.328091621398926,-0.1092436974789916,-0.3139524630695332,0.6470588235294118,0.5714285714285714,17,14,primary
RKneeAngles_ax1,11,28.83306884765625,29.718917846679688,-0.8858489990234375,-0.11764705882352941,-0.35416787432910507,0.5882352941176471,0.5714285714285714,17,14,primary
RKneeAngles_ax1,12,30.30722999572754,31.019773960113525,-0.7125439643859863,-0.07563025210084033,-0.3715102881477753,0.5294117647058824,0.5714285714285714,17,14,primary
RKneeAngles_ax1,13,30.926029205322266,32.0306396484375,-1.1046104431152344,-0.1092436974789916,-0.4451994834552174,0.5294117647058824,0.5714285714285714,17,14,primary
RKneeAngles_ax1,14,31.10457992553711,33.6240348815918,-2.5194549560546875,-0.09243697478991597,-0.5058825309415553,0.5294117647058824,0.6428571428571429,17,14,primary
RKneeAngles_ax1,15,31.291852951049805,35.175811767578125,-3.8839588165283203,-0.17647058823529413,-0.5112073672509588,0.5882352941176471,0.7857142857142857,17,14,primary
RKneeAngles_ax1,16,31.514780044555664,36.85945510864258,-5.344675064086914,-0.18487394957983194,-0.47030043758666223,0.5882352941176471,0.7857142857142857,17,14,primary
RKneeAngles_ax1,17,33.18486404418945,39.555696964263916,-6.370832920074463,-0.18487394957983194,-0.5297504891340755,0.6470588235294118,0.7857142857142857,17,14,primary
RKneeAngles_ax1,18,34.767215728759766,42.38203001022339,-7.614814281463623,-0.18487394957983194,-0.5977568688695136,0.6470588235294118,0.7142857142857143,17,14,primary
RKneeAngles_ax1,19,34.502784729003906,45.23892688751221,-10.7361421585083,-0.15126050420168066,-0.6485119988914628,0.6470588235294118,0.7142857142857143,17,14,primary
RKneeAngles_ax1,20,34.024837493896484,48.0432825088501,-14.018445014953613,-0.13445378151260504,-0.7023421279316041,0.6470588235294118,0.7857142857142857,17,14,primary
RKneeAngles_ax1,21,33.503549575805664,50.721285343170166,-17.217735767364502,-0.13445378151260504,-0.7806816852074995,0.6470588235294118,0.7857142857142857,17,14,primary
RKneeAngles_ax1,22,32.96235275268555,52.61068534851074,-19.648332595825195,-0.12605042016806722,-0.8529346047790366,0.6470588235294118,0.7857142857142857,17,14,primary
RKneeAngles_ax1,23,32.396904945373535,53.63478946685791,-21.237884521484375,-0.12605042016806722,-0.8982974384536085,0.6470588235294118,0.7857142857142857,17,14,primary
RKneeAngles_ax1,24,31.78570556640625,54.73338460922241,-22.947679042816162,-0.14285714285714285,-0.9260574677259076,0.6470588235294118,0.7857142857142857,17,14,primary
RKneeAngles_ax1,25,31.10541820526123,55.48918342590332,-24.38376522064209,-0.14285714285714285,-0.9273436129239921,0.6470588235294118,0.7857142857142857,17,14,primary
RKneeAngles_ax1,26,31.256690979003906,55.80049753189087,-24.543806552886963,-0.13445378151260504,-0.9267904876150578,0.6470588235294118,0.7142857142857143,17,14,primary
RKneeAngles_ax1,27,32.594247817993164,55.66393232345581,-23.069684505462646,-0.15966386554621848,-0.9192563457529737,0.6470588235294118,0.6428571428571429,17,14,primary
RKneeAngles_ax1,28,33.68318557739258,54.83801078796387,-21.15482521057129,-0.16806722689075632,-0.9035237616614165,0.6470588235294118,0.6428571428571429,17,14,primary
RKneeAngles_ax1,29,32.44015884399414,53.43332481384277,-20.993165969848633,-0.15966386554621848,-0.8746602694401016,0.6470588235294118,0.6428571428571429,17,14,primary
RKneeAngles_ax1,30,31.091537475585938,51.67115116119385,-20.57961368560791,-0.14285714285714285,-0.8363081181277807,0.6470588235294118,0.6428571428571429,17,14,primary
RKneeAngles_ax1,31,30.016443252563477,49.667264461517334,-19.650821208953857,-0.14285714285714285,-0.8029033095754594,0.6470588235294118,0.6428571428571429,17,14,primary
RKneeAngles_ax1,32,28.797456741333008,47.40721368789673,-18.60975694656372,-0.15966386554621848,-0.7809084781773536,0.6470588235294118,0.7142857142857143,17,14,primary
RKneeAngles_ax1,33,27.397249221801758,44.92435359954834,-17.527104377746582,-0.15126050420168066,-0.7615397524835614,0.6470588235294118,0.7142857142857143,17,14,primary
RKneeAngles_ax1,34,25.975797653198242,42.23857927322388,-16.262781620025635,-0.13445378151260504,-0.7338803572340705,0.6470588235294118,0.7142857142857143,17,14,primary
RKneeAngles_ax1,35,24.71073341369629,39.35803174972534,-14.647298336029053,-0.10084033613445378,-0.6915829158452856,0.6470588235294118,0.7142857142857143,17,14,primary
RKneeAngles_ax1,36,23.56138801574707,36.28088617324829,-12.71949815750122,-0.10084033613445378,-0.6366698378346776,0.6470588235294118,0.7142857142857143,17,14,primary
RKneeAngles_ax1,37,22.770872116088867,33.03260374069214,-10.261731624603271,-0.10084033613445378,-0.5663909061509234,0.6470588235294118,0.7142857142857143,17,14,primary
RKneeAngles_ax1,38,21.65349316596985,29.669400691986084,-8.015907526016235,-0.11764705882352941,-0.4834941819452123,0.6470588235294118,0.7142857142857143,17,14,primary
RKneeAngles_ax1,39,20.65275001525879,26.746339797973633,-6.093589782714844,-0.10084033613445378,-0.38511244771633313,0.6470588235294118,0.7142857142857143,17,14,primary
RKneeAngles_ax1,40,20.176109313964844,25.383595943450928,-5.207486629486084,-0.10084033613445378,-0.25180779039725537,0.6470588235294118,0.6428571428571429,17,14,primary
RKneeAngles_ax1,41,19.76631450653076,22.667937994003296,-2.901623487472534,-0.08403361344537816,-0.07986422532652213,0.6470588235294118,0.5714285714285714,17,14,primary
RKneeAngles_ax1,42,19.473134994506836,20.2732515335083,-0.8001165390014648,0.01680672268907563,0.14358039949571388,0.5882352941176471,0.5714285714285714,17,14,primary
RKneeAngles_ax1,43,19.224239349365234,17.34900665283203,1.8752326965332031,0.11764705882352941,0.4589266170286068,0.6470588235294118,0.6428571428571429,17,14,primary
RKneeAngles_ax1,44,18.11087417602539,16.784839868545532,1.3260343074798584,0.2184873949579832,0.6293384998717604,0.7058823529411765,0.7142857142857143,17,14,primary
RKneeAngles_ax1,45,17.275005340576172,15.448147296905518,1.8268580436706543,0.2857142857142857,0.8450434236496269,0.7058823529411765,0.7857142857142857,17,14,primary
RKneeAngles_ax1,46,15.75186538696289,14.755831718444824,0.9960336685180664,0.226890756302521,0.897189336526745,0.6470588235294118,0.7142857142857143,17,14,primary
RKneeAngles_ax1,47,14.54381275177002,13.927897453308105,0.6159152984619141,0.19327731092436976,0.8267338861372537,0.5882352941176471,0.7142857142857143,17,14,primary
RKneeAngles_ax1,48,13.454407691955566,12.883357048034668,0.5710506439208984,0.14285714285714285,0.74872287324385,0.6470588235294118,0.5,17,14,primary
RKneeAngles_ax1,49,13.216172218322754,11.943870067596436,1.2723021507263184,0.17647058823529413,0.7500085127247177,0.6470588235294118,0.5714285714285714,17,14,primary
RKneeAngles_ax1,50,13.757020950317383,11.92397403717041,1.8330469131469727,0.20168067226890757,0.7735601890420056,0.7058823529411765,0.6428571428571429,17,14,primary
RKneeAngles_ax1,51,14.747068405151367,12.683454036712646,2.0636143684387207,0.18487394957983194,0.7609782393012613,0.7058823529411765,0.6428571428571429,17,14,primary
RKneeAngles_ax1,52,15.615918159484863,13.770839214324951,1.845078945159912,0.15126050420168066,0.6865799293149728,0.7058823529411765,0.6428571428571429,17,14,primary
RKneeAngles_ax1,53,16.536640167236328,14.878894329071045,1.6577458381652832,0.15966386554621848,0.6529607961645639,0.7058823529411765,0.6428571428571429,17,14,primary
RKneeAngles_ax1,54,17.552526473999023,16.193272590637207,1.3592538833618164,0.12605042016806722,0.5683044721723882,0.6470588235294118,0.5714285714285714,17,14,primary
RKneeAngles_ax1,55,18.683988571166992,17.73093605041504,0.9530525207519531,0.09243697478991597,0.42143298582061256,0.6470588235294118,0.5714285714285714,17,14,primary
RKneeAngles_ax1,56,19.888418197631836,19.47509765625,0.41332054138183594,0.03361344537815126,0.2368933965622419,0.5294117647058824,0.5,17,14,primary
RKneeAngles_ax1,57,21.211292266845703,21.034005165100098,0.17728710174560547,0.0,0.09091085650553678,0.5294117647058824,0.5,17,14,primary
RKneeAngles_ax1,58,22.76251983642578,22.996641159057617,-0.23412132263183594,-0.04201680672268908,0.07061722406757968,0.5294117647058824,0.5714285714285714,17,14,primary
RKneeAngles_ax1,59,24.57329559326172,24.816688537597656,-0.2433929443359375,-0.025210084033613446,0.19525353196854753,0.5294117647058824,0.5,17,14,primary
RKneeAngles_ax1,60,26.657245635986328,26.432796478271484,0.22444915771484375,0.05042016806722689,0.3552019005667161,0.5294117647058824,0.5,17,14,primary
RKneeAngles_ax1,61,29.02999496459961,28.433260917663574,0.5967340469360352,0.08403361344537816,0.5637685584922906,0.5294117647058824,0.5,17,14,primary
RKneeAngles_ax1,62,30.806981086730957,30.557480335235596,0.24950075149536133,0.12605042016806722,0.7235041018348337,0.5294117647058824,0.5714285714285714,17,14,primary
RKneeAngles_ax1,63,33.78409194946289,33.13645362854004,0.6476383209228516,0.16806722689075632,0.9242322387480485,0.5294117647058824,0.6428571428571429,17,14,primary
RKneeAngles_ax1,64,37.2337760925293,35.19767189025879,2.036104202270508,0.2184873949579832,1.046928508591,0.5294117647058824,0.7857142857142857,17,14,primary
RKneeAngles_ax1,65,39.02560997009277,36.36472415924072,2.660885810852051,0.24369747899159663,1.1603149935088215,0.5882352941176471,0.7142857142857143,17,14,primary
RKneeAngles_ax1,66,42.160648345947266,37.009849548339844,5.150798797607422,0.24369747899159663,1.220417576640311,0.5882352941176471,0.7142857142857143,17,14,primary
RKneeAngles_ax1,67,46.27457046508789,37.11924171447754,9.155328750610352,0.20168067226890757,1.1881370877582238,0.5882352941176471,0.7142857142857143,17,14,primary
RKneeAngles_ax1,68,50.34685516357422,37.71322822570801,12.633626937866211,0.16806722689075632,1.1589984622003224,0.5882352941176471,0.7142857142857143,17,14,primary
RKneeAngles_ax1,69,54.22159194946289,37.374269008636475,16.847322940826416,0.16806722689075632,1.1384970236653136,0.5882352941176471,0.7142857142857143,17,14,primary
RKneeAngles_ax1,70,57.739715576171875,37.82814025878906,19.911575317382812,0.18487394957983194,1.1398240863256501,0.6470588235294118,0.7142857142857143,17,14,primary
RKneeAngles_ax1,71,60.53669738769531,38.16353988647461,22.373157501220703,0.20168067226890757,1.1302755768115325,0.5882352941176471,0.7142857142857143,17,14,primary
RKneeAngles_ax1,72,62.956695556640625,38.26785612106323,24.688839435577393,0.2184873949579832,1.1181293323450734,0.5882352941176471,0.7142857142857143,17,14,primary
RKneeAngles_ax1,73,63.95168685913086,38.13864994049072,25.813036918640137,0.2184873949579832,1.097881887475614,0.6470588235294118,0.7142857142857143,17,14,primary
RKneeAngles_ax1,74,64.50846481323242,37.81565237045288,26.69281244277954,0.2184873949579832,1.0691316556922619,0.6470588235294118,0.7142857142857143,17,14,primary
RKneeAngles_ax1,75,64.75411987304688,37.1632924079895,27.590827465057373,0.19327731092436976,1.045238344852391,0.6470588235294118,0.7142857142857143,17,14,primary
RKneeAngles_ax1,76,64.69017028808594,36.40274667739868,28.287423610687256,0.21008403361344538,1.0517552051776222,0.6470588235294118,0.7142857142857143,17,14,primary
RKneeAngles_ax1,77,64.32926559448242,35.55429124832153,28.77497434616089,0.21008403361344538,1.045348514137301,0.6470588235294118,0.6428571428571429,17,14,primary
RKneeAngles_ax1,78,63.67852783203125,34.62821388244629,29.05031394958496,0.21008403361344538,1.022589358188855,0.6470588235294118,0.6428571428571429,17,14,primary
RKneeAngles_ax1,79,62.745683670043945,33.632429122924805,29.11325454711914,0.21008403361344538,1.0148452465286995,0.6470588235294118,0.6428571428571429,17,14,primary
RKneeAngles_ax1,80,61.540191650390625,32.62550592422485,28.91468572616577,0.19327731092436976,1.0107899387844859,0.6470588235294118,0.6428571428571429,17,14,primary
RKneeAngles_ax1,81,60.07282257080078,31.564938068389893,28.50788450241089,0.19327731092436976,1.011502280588746,0.6470588235294118,0.6428571428571429,17,14,primary
RKneeAngles_ax1,82,58.35401916503906,30.285982608795166,28.068036556243896,0.20168067226890757,1.0155334895396202,0.6470588235294118,0.6428571428571429,17,14,primary
RKneeAngles_ax1,83,56.392826080322266,28.93929672241211,27.453529357910156,0.20168067226890757,1.0215391314531577,0.6470588235294118,0.7142857142857143,17,14,primary
RKneeAngles_ax1,84,54.0120964050293,27.629630088806152,26.382466316223145,0.20168067226890757,1.0285524455064097,0.6470588235294118,0.7142857142857143,17,14,primary
RKneeAngles_ax1,85,50.68012619018555,26.357244968414307,24.32288122177124,0.20168067226890757,1.0398458431782467,0.6470588235294118,0.7142857142857143,17,14,primary
RKneeAngles_ax1,86,47.118431091308594,25.1364266872406,21.982004404067993,0.19327731092436976,1.0630314989920682,0.6470588235294118,0.6428571428571429,17,14,primary
RKneeAngles_ax1,87,43.36996078491211,23.941450119018555,19.428510665893555,0.20168067226890757,1.0851681049969004,0.6470588235294118,0.6428571428571429,17,14,primary
RKneeAngles_ax1,88,39.49625778198242,22.74939727783203,16.74686050415039,0.2184873949579832,1.1008708069574908,0.7647058823529411,0.6428571428571429,17,14,primary
RKneeAngles_ax1,89,35.5747184753418,21.649558544158936,13.925159931182861,0.226890756302521,1.1139530830017756,0.7647058823529411,0.6428571428571429,17,14,primary
RKneeAngles_ax1,90,31.688020706176758,20.58945655822754,11.098564147949219,0.23529411764705882,1.1249261762660505,0.7058823529411765,0.6428571428571429,17,14,primary
RKneeAngles_ax1,91,27.92428970336914,19.906210899353027,8.018078804016113,0.226890756302521,1.145659061551034,0.6470588235294118,0.6428571428571429,17,14,primary
RKneeAngles_ax1,92,24.33395004272461,19.646507263183594,4.687442779541016,0.2605042016806723,1.207870862844475,0.7058823529411765,0.7142857142857143,17,14,primary
RKneeAngles_ax1,93,21.85538673400879,19.22199821472168,2.6333885192871094,0.31092436974789917,1.2427345223293182,0.7058823529411765,0.8571428571428571,17,14,primary
RKneeAngles_ax1,94,19.998781204223633,17.37388277053833,2.6248984336853027,0.3445378151260504,1.1594640660200333,0.7058823529411765,0.9285714285714286,17,14,primary
RKneeAngles_ax1,95,17.22310447692871,15.83368730545044,1.3894171714782715,0.24369747899159663,1.061429974190536,0.5882352941176471,0.7857142857142857,17,14,primary
RKneeAngles_ax1,96,15.455723762512207,14.51783561706543,0.9378881454467773,0.226890756302521,0.9616159903144076,0.5882352941176471,0.6428571428571429,17,14,primary
RKneeAngles_ax1,97,14.613423347473145,13.84259557723999,0.7708277702331543,0.21008403361344538,0.9912637805485482,0.6470588235294118,0.6428571428571429,17,14,primary
RKneeAngles_ax1,98,13.368606567382812,13.751028060913086,-0.38242149353027344,0.08403361344537816,0.82034367785356,0.5882352941176471,0.5714285714285714,17,14,primary
RKneeAngles_ax1,99,13.466845035552979,13.694066524505615,-0.22722148895263672,0.04201680672268908,0.6808564288789283,0.5294117647058824,0.5,17,14,primary
RKneeAngles_ax1,100,13.026186466217041,13.951809644699097,-0.9256231784820557,0.0,0.4677767139842216,0.5294117647058824,0.5,17,14,primary
LAnkleAngles_ax1,0,12.591388702392578,12.238712310791016,0.3526763916015625,0.11764705882352941,0.4034779694520701,0.5882352941176471,0.5,17,14,primary
LAnkleAngles_ax1,1,12.699430465698242,11.893414497375488,0.8060159683227539,0.12605042016806722,0.4422670864205287,0.6470588235294118,0.5,17,14,primary
LAnkleAngles_ax1,2,12.801029205322266,11.471231460571289,1.3297977447509766,0.16806722689075632,0.5365818997271622,0.6470588235294118,0.5,17,14,primary
LAnkleAngles_ax1,3,12.749167442321777,11.580882549285889,1.1682848930358887,0.226890756302521,0.6792551212649864,0.5882352941176471,0.5,17,14,primary
LAnkleAngles_ax1,4,12.443208694458008,10.839015007019043,1.6041936874389648,0.20168067226890757,0.6525372743995028,0.5882352941176471,0.5714285714285714,17,14,primary
LAnkleAngles_ax1,5,11.62476396560669,10.133564472198486,1.4911994934082031,0.14285714285714285,0.6227478977635742,0.5882352941176471,0.5714285714285714,17,14,primary
LAnkleAngles_ax1,6,9.54012680053711,9.110995292663574,0.42913150787353516,0.14285714285714285,0.651847085001623,0.5882352941176471,0.5714285714285714,17,14,primary
LAnkleAngles_ax1,7,8.02866816520691,7.932769536972046,0.09589862823486328,0.13445378151260504,0.7088105822406012,0.5294117647058824,0.5,17,14,primary
LAnkleAngles_ax1,8,5.8902201652526855,6.326622486114502,-0.4364023208618164,0.12605042016806722,0.7069832116595481,0.6470588235294118,0.5,17,14,primary
LAnkleAngles_ax1,9,3.9909510612487793,3.2277945280075073,0.763156533241272,0.18487394957983194,0.6862142552850757,0.5882352941176471,0.5714285714285714,17,14,primary
LAnkleAngles_ax1,10,2.9074108600616455,0.7348051220178604,2.172605738043785,0.20168067226890757,1.1060343739274658,0.7647058823529411,0.5714285714285714,17,14,primary
LAnkleAngles_ax1,11,1.6956321597099304,-0.4016660079360008,2.0972981676459312,0.2184873949579832,0.933419152461046,0.8235294117647058,0.6428571428571429,17,14,primary
LAnkleAngles_ax1,12,1.4033167362213135,-0.20929082483053207,1.6126075610518456,0.24369747899159663,0.9570718004403356,0.7647058823529411,0.7142857142857143,17,14,primary
LAnkleAngles_ax1,13,1.462020456790924,-2.378438353538513,3.8404588103294373,0.226890756302521,0.9199566197191738,0.7647058823529411,0.7857142857142857,17,14,primary
LAnkleAngles_ax1,14,1.4229457378387451,-1.708894968032837,3.131840705871582,0.13445378151260504,0.6671538045615827,0.7058823529411765,0.7142857142857143,17,14,primary
LAnkleAngles_ax1,15,1.2649132013320923,-0.9330959916114807,2.198009192943573,0.08403361344537816,0.5010876857753173,0.6470588235294118,0.6428571428571429,17,14,primary
LAnkleAngles_ax1,16,-0.4944767653942108,-0.2792972060851753,-0.21517955930903554,0.025210084033613446,0.3613095133588818,0.5294117647058824,0.5,17,14,primary
LAnkleAngles_ax1,17,-0.0869261771440506,0.3643470583483577,-0.4512732354924083,0.04201680672268908,0.23207184176069992,0.5294117647058824,0.5714285714285714,17,14,primary
LAnkleAngles_ax1,18,0.7079949378967285,0.9491909444332123,-0.24119600653648376,0.058823529411764705,0.10712719157692306,0.5294117647058824,0.5,17,14,primary
LAnkleAngles_ax1,19,0.5396778583526611,0.62679523229599,-0.08711737394332886,0.058823529411764705,0.0029056067727862176,0.5294117647058824,0.5,17,14,primary
LAnkleAngles_ax1,20,-0.48674583435058594,1.3549610376358032,-1.8417068719863892,0.025210084033613446,-0.10594712165454234,0.5294117647058824,0.5714285714285714,17,14,primary
LAnkleAngles_ax1,21,-0.09894061088562012,2.042587101459503,-2.1415277123451233,0.025210084033613446,-0.18252867767340836,0.5294117647058824,0.5714285714285714,17,14,primary
LAnkleAngles_ax1,22,0.6159427165985107,2.417636513710022,-1.8016937971115112,0.03361344537815126,-0.22361316657350228,0.5294117647058824,0.5714285714285714,17,14,primary
LAnkleAngles_ax1,23,1.005481243133545,2.643950939178467,-1.6384696960449219,0.0,-0.2381146790958552,0.5294117647058824,0.6428571428571429,17,14,primary
LAnkleAngles_ax1,24,1.354508638381958,2.9079028367996216,-1.5533941984176636,0.008403361344537815,-0.20894008694815236,0.5294117647058824,0.6428571428571429,17,14,primary
LAnkleAngles_ax1,25,1.912959098815918,3.4718765318393707,-1.5589174330234528,-0.008403361344537815,-0.18492774981258703,0.5294117647058824,0.6428571428571429,17,14,primary
LAnkleAngles_ax1,26,2.87629371881485,4.291079018265009,-1.414785299450159,-0.025210084033613446,-0.14123423598625393,0.5294117647058824,0.6428571428571429,17,14,primary
LAnkleAngles_ax1,27,4.076396465301514,5.102949529886246,-1.026553064584732,-0.04201680672268908,-0.08402622845503079,0.5294117647058824,0.7142857142857143,17,14,primary
LAnkleAngles_ax1,28,5.255918979644775,6.275114882737398,-1.0191959030926228,-0.01680672268907563,-0.02557833986745423,0.5294117647058824,0.7857142857142857,17,14,primary
LAnkleAngles_ax1,29,6.6892805099487305,7.077084422111511,-0.38780391216278076,0.01680672268907563,0.05503608252828703,0.5294117647058824,0.5714285714285714,17,14,primary
LAnkleAngles_ax1,30,8.023616790771484,7.599391579627991,0.42422521114349365,0.03361344537815126,0.16198561159156447,0.5294117647058824,0.6428571428571429,17,14,primary
LAnkleAngles_ax1,31,8.847601413726807,8.330074906349182,0.5175265073776245,0.07563025210084033,0.24477287151798907,0.5294117647058824,0.6428571428571429,17,14,primary
LAnkleAngles_ax1,32,9.188435077667236,8.892289519309998,0.29614555835723877,0.1092436974789916,0.3781145849669812,0.5294117647058824,0.5714285714285714,17,14,primary
LAnkleAngles_ax1,33,9.50523328781128,9.204301834106445,0.300931453704834,0.10084033613445378,0.4513407399800891,0.5294117647058824,0.5714285714285714,17,14,primary
LAnkleAngles_ax1,34,9.779930591583252,9.467934846878052,0.3119957447052002,0.06722689075630252,0.42692383778839105,0.5294117647058824,0.5714285714285714,17,14,primary
LAnkleAngles_ax1,35,10.066345691680908,9.66133427619934,0.4050114154815674,0.09243697478991597,0.4570319167596555,0.5294117647058824,0.5714285714285714,17,14,primary
LAnkleAngles_ax1,36,10.360825538635254,9.762489795684814,0.5983357429504395,0.07563025210084033,0.5196547282065925,0.5294117647058824,0.5714285714285714,17,14,primary
LAnkleAngles_ax1,37,10.662220478057861,9.908312320709229,0.7539081573486328,0.05042016806722689,0.43986170975962485,0.5294117647058824,0.6428571428571429,17,14,primary
LAnkleAngles_ax1,38,10.969250679016113,10.263657569885254,0.7055931091308594,0.03361344537815126,0.33645425943920537,0.5294117647058824,0.6428571428571429,17,14,primary
LAnkleAngles_ax1,39,11.26945161819458,10.576810121536255,0.6926414966583252,0.03361344537815126,0.24289562517384936,0.5294117647058824,0.6428571428571429,17,14,primary
LAnkleAngles_ax1,40,11.588860034942627,10.697659492492676,0.8912005424499512,0.01680672268907563,0.1633768722378471,0.5294117647058824,0.6428571428571429,17,14,primary
LAnkleAngles_ax1,41,11.801355838775635,10.879618406295776,0.9217374324798584,-0.03361344537815126,-0.007404328758484229,0.5294117647058824,0.5714285714285714,17,14,primary
LAnkleAngles_ax1,42,11.97839641571045,11.171979904174805,0.8064165115356445,-0.05042016806722689,-0.2016842530040647,0.5294117647058824,0.5714285714285714,17,14,primary
LAnkleAngles_ax1,43,12.034138679504395,11.631886959075928,0.4022517204284668,-0.10084033613445378,-0.3303584938597712,0.5294117647058824,0.5,17,14,primary
LAnkleAngles_ax1,44,12.474741458892822,12.129537105560303,0.34520435333251953,-0.13445378151260504,-0.392927058712405,0.5294117647058824,0.5,17,14,primary
LAnkleAngles_ax1,45,12.733203411102295,12.655809879302979,0.0773935317993164,-0.11764705882352941,-0.46666098403574563,0.5294117647058824,0.5,17,14,primary
LAnkleAngles_ax1,46,12.923318862915039,13.131770610809326,-0.2084517478942871,-0.12605042016806722,-0.5067231069601162,0.5294117647058824,0.5,17,14,primary
LAnkleAngles_ax1,47,13.051265239715576,13.425567626953125,-0.37430238723754883,-0.12605042016806722,-0.5038810309321509,0.5882352941176471,0.5714285714285714,17,14,primary
LAnkleAngles_ax1,48,12.992852210998535,13.6860671043396,-0.6932148933410645,-0.15126050420168066,-0.4695984748329189,0.5882352941176471,0.5714285714285714,17,14,primary
LAnkleAngles_ax1,49,13.074578285217285,13.893321990966797,-0.8187437057495117,-0.14285714285714285,-0.38086723039421483,0.5882352941176471,0.5714285714285714,17,14,primary
LAnkleAngles_ax1,50,13.184367656707764,13.850086688995361,-0.6657190322875977,-0.14285714285714285,-0.3032444267364865,0.5882352941176471,0.6428571428571429,17,14,primary
LAnkleAngles_ax1,51,12.977235794067383,13.803011417388916,-0.8257756233215332,-0.10084033613445378,-0.17283515581957504,0.5882352941176471,0.6428571428571429,17,14,primary
LAnkleAngles_ax1,52,13.248830795288086,13.324126243591309,-0.07529544830322266,-0.05042016806722689,-0.029840284159694894,0.5294117647058824,0.5,17,14,primary
LAnkleAngles_ax1,53,13.387669563293457,13.041551113128662,0.3461184501647949,0.01680672268907563,0.0484665180561171,0.5294117647058824,0.5714285714285714,17,14,primary
LAnkleAngles_ax1,54,12.408219814300537,12.556559085845947,-0.14833927154541016,-0.008403361344537815,0.08872113392832219,0.5294117647058824,0.5,17,14,primary
LAnkleAngles_ax1,55,10.584364414215088,11.53917646408081,-0.9548120498657227,-0.025210084033613446,0.11711787452933412,0.5294117647058824,0.5714285714285714,17,14,primary
LAnkleAngles_ax1,56,8.455182552337646,10.701496601104736,-2.24631404876709,-0.03361344537815126,0.14622587149879177,0.5294117647058824,0.6428571428571429,17,14,primary
LAnkleAngles_ax1,57,7.27911901473999,8.937308311462402,-1.658189296722412,-0.008403361344537815,0.10839618691713998,0.5882352941176471,0.5714285714285714,17,14,primary
LAnkleAngles_ax1,58,5.640449047088623,5.848458528518677,-0.2080094814300537,0.0,0.13489659684884872,0.5294117647058824,0.5714285714285714,17,14,primary
LAnkleAngles_ax1,59,2.9811657667160034,3.678581714630127,-0.6974159479141235,0.03361344537815126,0.4271638896780405,0.5294117647058824,0.5,17,14,primary
LAnkleAngles_ax1,60,1.7465057373046875,2.926584005355835,-1.1800782680511475,0.07563025210084033,0.4509126008137575,0.7058823529411765,0.5714285714285714,17,14,primary
LAnkleAngles_ax1,61,0.8926618099212646,0.5733106583356857,0.3193511515855789,0.11764705882352941,0.5301186714008405,0.5882352941176471,0.5714285714285714,17,14,primary
LAnkleAngles_ax1,62,1.3766632080078125,-0.09155191481113434,1.4682151228189468,0.07563025210084033,0.334242667499371,0.6470588235294118,0.6428571428571429,17,14,primary
LAnkleAngles_ax1,63,1.4237911701202393,-1.8992255330085754,3.3230167031288147,0.05042016806722689,0.37260656561044075,0.6470588235294118,0.6428571428571429,17,14,primary
LAnkleAngles_ax1,64,1.2917860746383667,-2.2563779950141907,3.5481640696525574,0.025210084033613446,0.191827536082383,0.6470588235294118,0.6428571428571429,17,14,primary
LAnkleAngles_ax1,65,1.024066686630249,-4.233501672744751,5.257568359375,0.04201680672268908,0.10360486589403159,0.7058823529411765,0.6428571428571429,17,14,primary
LAnkleAngles_ax1,66,1.1568247079849243,-4.70747971534729,5.864304423332214,0.025210084033613446,0.17070117214092362,0.5882352941176471,0.6428571428571429,17,14,primary
LAnkleAngles_ax1,67,1.7326681017875671,-3.939852625131607,5.672520726919174,0.058823529411764705,0.3640248438092745,0.5882352941176471,0.6428571428571429,17,14,primary
LAnkleAngles_ax1,68,2.381145179271698,-4.141915500164032,6.52306067943573,0.13445378151260504,0.5748377197100991,0.5882352941176471,0.6428571428571429,17,14,primary
LAnkleAngles_ax1,69,3.1113184094429016,-3.174459457397461,6.2857778668403625,0.15966386554621848,0.6591491769616802,0.5882352941176471,0.7857142857142857,17,14,primary
LAnkleAngles_ax1,70,3.658571183681488,-2.1328199803829193,5.791391164064407,0.15966386554621848,0.6316281751825991,0.5882352941176471,0.7142857142857143,17,14,primary
LAnkleAngles_ax1,71,2.4820095598697662,-1.0661897659301758,3.548199325799942,0.13445378151260504,0.5601855865762324,0.5882352941176471,0.6428571428571429,17,14,primary
LAnkleAngles_ax1,72,2.0459418296813965,-0.11083562253043056,2.156777452211827,0.12605042016806722,0.4890481822109613,0.5882352941176471,0.5714285714285714,17,14,primary
LAnkleAngles_ax1,73,2.8459372520446777,1.0753557085990906,1.7705815434455872,0.11764705882352941,0.42102345845976075,0.5882352941176471,0.5714285714285714,17,14,primary
LAnkleAngles_ax1,74,3.626288890838623,2.26223224401474,1.364056646823883,0.08403361344537816,0.35816794428121107,0.5882352941176471,0.5714285714285714,17,14,primary
LAnkleAngles_ax1,75,4.294163703918457,3.3928856030106544,0.9012781009078026,0.08403361344537816,0.32868801599690356,0.5882352941176471,0.5714285714285714,17,14,primary
LAnkleAngles_ax1,76,5.561301946640015,4.522067755460739,1.0392341911792755,0.09243697478991597,0.29100562714498035,0.5882352941176471,0.7142857142857143,17,14,primary
LAnkleAngles_ax1,77,5.892951011657715,5.537152528762817,0.35579848289489746,0.07563025210084033,0.22920366987994087,0.5294117647058824,0.6428571428571429,17,14,primary
LAnkleAngles_ax1,78,6.094309449195862,6.031562805175781,0.06274664402008057,0.025210084033613446,0.13995909265562698,0.5294117647058824,0.5,17,14,primary
LAnkleAngles_ax1,79,6.377233505249023,6.764784216880798,-0.3875507116317749,-0.008403361344537815,0.08159422337463006,0.5294117647058824,0.6428571428571429,17,14,primary
LAnkleAngles_ax1,80,6.177037239074707,7.52753746509552,-1.350500226020813,0.0,0.032270232596285614,0.5294117647058824,0.6428571428571429,17,14,primary
LAnkleAngles_ax1,81,6.87596321105957,8.086853861808777,-1.2108906507492065,-0.01680672268907563,-0.0004750560791142371,0.5294117647058824,0.6428571428571429,17,14,primary
LAnkleAngles_ax1,82,7.989934206008911,8.724108457565308,-0.7341742515563965,-0.025210084033613446,-0.060112480832718716,0.5294117647058824,0.6428571428571429,17,14,primary
LAnkleAngles_ax1,83,8.82707691192627,9.386809349060059,-0.5597324371337891,-0.06722689075630252,-0.14611509568801767,0.5882352941176471,0.6428571428571429,17,14,primary
LAnkleAngles_ax1,84,9.371628284454346,9.765902757644653,-0.3942744731903076,-0.07563025210084033,-0.1936716252181441,0.5882352941176471,0.6428571428571429,17,14,primary
LAnkleAngles_ax1,85,9.602017402648926,10.116100788116455,-0.5140833854675293,-0.08403361344537816,-0.28911823803459097,0.6470588235294118,0.6428571428571429,17,14,primary
LAnkleAngles_ax1,86,9.70514440536499,10.336722373962402,-0.6315779685974121,-0.09243697478991597,-0.31182057995433454,0.7058823529411765,0.6428571428571429,17,14,primary
LAnkleAngles_ax1,87,9.750932693481445,10.478797435760498,-0.7278647422790527,-0.07563025210084033,-0.26739012635804693,0.7058823529411765,0.6428571428571429,17,14,primary
LAnkleAngles_ax1,88,9.827422618865967,10.530214786529541,-0.7027921676635742,-0.04201680672268908,-0.17252541922487316,0.5882352941176471,0.6428571428571429,17,14,primary
LAnkleAngles_ax1,89,9.870731353759766,10.449305057525635,-0.5785737037658691,0.0,-0.1004806383223142,0.5882352941176471,0.5714285714285714,17,14,primary
LAnkleAngles_ax1,90,9.839238166809082,10.350719928741455,-0.511481761932373,0.008403361344537815,-0.0711876813230224,0.5882352941176471,0.5714285714285714,17,14,primary
LAnkleAngles_ax1,91,10.084324836730957,10.349134922027588,-0.26481008529663086,-0.008403361344537815,-0.042604166533629244,0.5882352941176471,0.5714285714285714,17,14,primary
LAnkleAngles_ax1,92,10.524901390075684,10.787375926971436,-0.26247453689575195,0.01680672268907563,-0.036234405433875225,0.5882352941176471,0.5,17,14,primary
LAnkleAngles_ax1,93,11.033658027648926,10.83980417251587,0.19385385513305664,0.03361344537815126,0.019426670505512496,0.5882352941176471,0.5,17,14,primary
LAnkleAngles_ax1,94,11.329174041748047,10.928564548492432,0.40060949325561523,0.058823529411764705,0.1238166021708667,0.5882352941176471,0.5,17,14,primary
LAnkleAngles_ax1,95,11.775016784667969,11.05644416809082,0.7185726165771484,0.09243697478991597,0.21153415871663117,0.5882352941176471,0.5714285714285714,17,14,primary
LAnkleAngles_ax1,96,11.919238090515137,11.309000968933105,0.6102371215820312,0.11764705882352941,0.18378610642555396,0.5882352941176471,0.5714285714285714,17,14,primary
LAnkleAngles_ax1,97,12.084678649902344,11.725446701049805,0.35923194885253906,0.09243697478991597,0.1048031834497845,0.5294117647058824,0.5714285714285714,17,14,primary
LAnkleAngles_ax1,98,12.153463363647461,12.148830890655518,0.004632472991943359,0.07563025210084033,0.06491499903422268,0.5294117647058824,0.5,17,14,primary
LAnkleAngles_ax1,99,12.132349967956543,12.479616641998291,-0.34726667404174805,0.08403361344537816,0.13020102971926528,0.5294117647058824,0.5714285714285714,17,14,primary
LAnkleAngles_ax1,100,12.581298828125,12.610913753509521,-0.029614925384521484,0.10084033613445378,0.2691354088678301,0.5882352941176471,0.5,17,14,primary
RAnkleAngles_ax1,0,13.480378150939941,14.674681663513184,-1.1943035125732422,-0.06722689075630252,-0.42035502692384064,0.6470588235294118,0.6428571428571429,17,14,primary
RAnkleAngles_ax1,1,13.552104949951172,14.705119132995605,-1.1530141830444336,-0.06722689075630252,-0.3928442003868188,0.6470588235294118,0.6428571428571429,17,14,primary
RAnkleAngles_ax1,2,13.723298072814941,14.567216873168945,-0.8439188003540039,-0.04201680672268908,-0.30996266977814835,0.6470588235294118,0.5714285714285714,17,14,primary
RAnkleAngles_ax1,3,13.139456272125244,14.220142841339111,-1.0806865692138672,-0.04201680672268908,-0.1992140475586055,0.6470588235294118,0.6428571428571429,17,14,primary
RAnkleAngles_ax1,4,12.258843421936035,13.61350154876709,-1.3546581268310547,-0.04201680672268908,-0.11110139459095444,0.5882352941176471,0.6428571428571429,17,14,primary
RAnkleAngles_ax1,5,11.454237461090088,12.808943033218384,-1.354705572128296,-0.04201680672268908,-0.09451030886111894,0.5882352941176471,0.5714285714285714,17,14,primary
RAnkleAngles_ax1,6,10.59222412109375,11.219083070755005,-0.6268589496612549,-0.06722689075630252,-0.26821853694733827,0.5882352941176471,0.5714285714285714,17,14,primary
RAnkleAngles_ax1,7,9.307669162750244,9.518789291381836,-0.2111201286315918,-0.05042016806722689,-0.1999536382927853,0.5294117647058824,0.5,17,14,primary
RAnkleAngles_ax1,8,7.814901351928711,7.297077655792236,0.5178236961364746,-0.04201680672268908,-0.18291868250870522,0.5294117647058824,0.5,17,14,primary
RAnkleAngles_ax1,9,6.039205074310303,5.474521040916443,0.5646840333938599,0.04201680672268908,0.05821367828887117,0.5294117647058824,0.6428571428571429,17,14,primary
RAnkleAngles_ax1,10,3.3152341842651367,3.3358174562454224,-0.020583271980285645,0.025210084033613446,0.2382963668803457,0.5294117647058824,0.5,17,14,primary
RAnkleAngles_ax1,11,2.336124062538147,2.239833801984787,0.09629026055335999,0.058823529411764705,0.26138304295535714,0.5294117647058824,0.5,17,14,primary
RAnkleAngles_ax1,12,1.789969563484192,1.1981221586465836,0.5918474048376083,0.008403361344537815,-0.24075516838785285,0.5882352941176471,0.5714285714285714,17,14,primary
RAnkleAngles_ax1,13,0.10818412154912949,-0.34291620552539825,0.45110032707452774,-0.08403361344537816,-0.5264954622993675,0.5882352941176471,0.5,17,14,primary
RAnkleAngles_ax1,14,-0.23857291042804718,-0.02863489557057619,-0.209938014857471,-0.08403361344537816,-0.502712664409954,0.5294117647058824,0.5,17,14,primary
RAnkleAngles_ax1,15,-1.671684980392456,-0.8418436646461487,-0.8298413157463074,-0.04201680672268908,-0.2940160441708058,0.5294117647058824,0.5714285714285714,17,14,primary
RAnkleAngles_ax1,16,-1.5942702293395996,-2.4005508422851562,0.8062806129455566,0.025210084033613446,0.014094946603469927,0.5882352941176471,0.5714285714285714,17,14,primary
RAnkleAngles_ax1,17,-1.2160242795944214,-4.664761781692505,3.4487375020980835,0.06722689075630252,0.3175549573546951,0.5882352941176471,0.6428571428571429,17,14,primary
RAnkleAngles_ax1,18,-0.8333443999290466,-5.637237548828125,4.803893148899078,0.14285714285714285,0.5741545478414383,0.5882352941176471,0.6428571428571429,17,14,primary
RAnkleAngles_ax1,19,-0.2086687982082367,-5.07123863697052,4.862569838762283,0.14285714285714285,0.647761751507396,0.7058823529411765,0.6428571428571429,17,14,primary
RAnkleAngles_ax1,20,0.6605974435806274,-3.701023817062378,4.361621260643005,0.13445378151260504,0.6205094275288626,0.7058823529411765,0.6428571428571429,17,14,primary
RAnkleAngles_ax1,21,1.4960968494415283,-2.523027002811432,4.01912385225296,0.14285714285714285,0.5279430955155,0.7058823529411765,0.6428571428571429,17,14,primary
RAnkleAngles_ax1,22,2.2508034706115723,-1.3949861526489258,3.645789623260498,0.13445378151260504,0.4528606030331522,0.7058823529411765,0.6428571428571429,17,14,primary
RAnkleAngles_ax1,23,2.5116119384765625,-0.38044631108641624,2.8920582495629787,0.11764705882352941,0.38277847501730483,0.7058823529411765,0.6428571428571429,17,14,primary
RAnkleAngles_ax1,24,3.422529935836792,0.3996720314025879,3.022857904434204,0.13445378151260504,0.34872486582245776,0.7058823529411765,0.6428571428571429,17,14,primary
RAnkleAngles_ax1,25,4.08926522731781,1.4223476648330688,2.666917562484741,0.14285714285714285,0.301718985647609,0.7647058823529411,0.6428571428571429,17,14,primary
RAnkleAngles_ax1,26,5.243788003921509,2.334179401397705,2.9096086025238037,0.14285714285714285,0.32575165902794057,0.7647058823529411,0.6428571428571429,17,14,primary
RAnkleAngles_ax1,27,6.263822555541992,3.261311650276184,3.002510905265808,0.15966386554621848,0.42714713129694226,0.7647058823529411,0.6428571428571429,17,14,primary
RAnkleAngles_ax1,28,7.108696937561035,4.344647169113159,2.764049768447876,0.17647058823529413,0.4832665036693316,0.7647058823529411,0.6428571428571429,17,14,primary
RAnkleAngles_ax1,29,7.864108324050903,5.335406303405762,2.5287020206451416,0.18487394957983194,0.5470998032746871,0.7647058823529411,0.7142857142857143,17,14,primary
RAnkleAngles_ax1,30,8.152780532836914,6.383875846862793,1.768904685974121,0.17647058823529413,0.5537880564135539,0.7647058823529411,0.6428571428571429,17,14,primary
RAnkleAngles_ax1,31,8.53522777557373,7.202914237976074,1.3323135375976562,0.15126050420168066,0.5123059594838469,0.7647058823529411,0.6428571428571429,17,14,primary
RAnkleAngles_ax1,32,9.265996932983398,8.044466018676758,1.2215309143066406,0.11764705882352941,0.48640877286350825,0.7058823529411765,0.6428571428571429,17,14,primary
RAnkleAngles_ax1,33,9.729585647583008,8.686338901519775,1.0432467460632324,0.10084033613445378,0.4478842025660383,0.7058823529411765,0.5714285714285714,17,14,primary
RAnkleAngles_ax1,34,10.055204391479492,9.12524938583374,0.929955005645752,0.12605042016806722,0.44328949502439885,0.5882352941176471,0.5714285714285714,17,14,primary
RAnkleAngles_ax1,35,10.756650924682617,9.49918270111084,1.2574682235717773,0.13445378151260504,0.5006652119787839,0.5882352941176471,0.5714285714285714,17,14,primary
RAnkleAngles_ax1,36,11.185201644897461,9.79972219467163,1.38547945022583,0.15966386554621848,0.6158719143330945,0.5882352941176471,0.5714285714285714,17,14,primary
RAnkleAngles_ax1,37,11.309249877929688,9.922378540039062,1.386871337890625,0.16806722689075632,0.74976657038266,0.5882352941176471,0.5714285714285714,17,14,primary
RAnkleAngles_ax1,38,11.162572860717773,10.06425428390503,1.0983185768127441,0.19327731092436976,0.8696194663122404,0.5882352941176471,0.5714285714285714,17,14,primary
RAnkleAngles_ax1,39,10.901734352111816,10.150227069854736,0.7515072822570801,0.18487394957983194,0.9819121689232279,0.6470588235294118,0.5714285714285714,17,14,primary
RAnkleAngles_ax1,40,10.84380054473877,10.055333614349365,0.7884669303894043,0.20168067226890757,1.1132807877570599,0.7058823529411765,0.5714285714285714,17,14,primary
RAnkleAngles_ax1,41,11.367675304412842,10.311901569366455,1.0557737350463867,0.21008403361344538,1.1667936932048348,0.7058823529411765,0.6428571428571429,17,14,primary
RAnkleAngles_ax1,42,11.928905010223389,10.783055305480957,1.1458497047424316,0.25210084033613445,1.2889216581572127,0.7058823529411765,0.6428571428571429,17,14,primary
RAnkleAngles_ax1,43,12.541886329650879,11.317176342010498,1.2247099876403809,0.2184873949579832,1.3174534654212988,0.6470588235294118,0.6428571428571429,17,14,primary
RAnkleAngles_ax1,44,13.212635517120361,11.930161952972412,1.2824735641479492,0.23529411764705882,1.294063633624663,0.5882352941176471,0.7142857142857143,17,14,primary
RAnkleAngles_ax1,45,13.937604904174805,12.507757663726807,1.429847240447998,0.226890756302521,1.2744143543468929,0.5882352941176471,0.6428571428571429,17,14,primary
RAnkleAngles_ax1,46,14.694258213043213,12.844606161117554,1.8496520519256592,0.24369747899159663,1.2418627086306837,0.6470588235294118,0.6428571428571429,17,14,primary
RAnkleAngles_ax1,47,15.38695764541626,13.093079566955566,2.2938780784606934,0.24369747899159663,1.207872941641283,0.6470588235294118,0.6428571428571429,17,14,primary
RAnkleAngles_ax1,48,15.770196437835693,13.365179538726807,2.4050168991088867,0.21008403361344538,1.1417281909671912,0.5882352941176471,0.6428571428571429,17,14,primary
RAnkleAngles_ax1,49,16.180511474609375,13.441279649734497,2.739231824874878,0.23529411764705882,1.1699748059770883,0.5882352941176471,0.6428571428571429,17,14,primary
RAnkleAngles_ax1,50,16.590280532836914,13.295706272125244,3.29457426071167,0.2605042016806723,1.2823880710266093,0.5882352941176471,0.7142857142857143,17,14,primary
RAnkleAngles_ax1,51,16.238221645355225,13.153105974197388,3.085115671157837,0.31932773109243695,1.4076985846312242,0.5882352941176471,0.7142857142857143,17,14,primary
RAnkleAngles_ax1,52,15.117793083190918,12.726376295089722,2.3914167881011963,0.33613445378151263,1.5813567715281884,0.5882352941176471,0.6428571428571429,17,14,primary
RAnkleAngles_ax1,53,15.081145286560059,12.191314458847046,2.8898308277130127,0.3445378151260504,1.7506133142051838,0.6470588235294118,0.7857142857142857,17,14,primary
RAnkleAngles_ax1,54,15.357661247253418,11.789408683776855,3.5682525634765625,0.35294117647058826,1.8837409114714119,0.5294117647058824,0.7857142857142857,17,14,primary
RAnkleAngles_ax1,55,14.18899393081665,10.78773546218872,3.4012584686279297,0.3445378151260504,1.9040530796537756,0.5882352941176471,0.8571428571428571,17,14,primary
RAnkleAngles_ax1,56,12.422199726104736,9.413748741149902,3.008450984954834,0.3277310924369748,1.724290146499354,0.5882352941176471,0.8571428571428571,17,14,primary
RAnkleAngles_ax1,57,9.458377838134766,7.719375848770142,1.739001989364624,0.2857142857142857,1.5194807682390024,0.5882352941176471,0.6428571428571429,17,14,primary
RAnkleAngles_ax1,58,7.13836669921875,4.729074239730835,2.409292459487915,0.24369747899159663,1.3755428298604329,0.7058823529411765,0.6428571428571429,17,14,primary
RAnkleAngles_ax1,59,5.994480609893799,3.654794692993164,2.3396859169006348,0.3025210084033613,1.4077572903309732,0.7058823529411765,0.6428571428571429,17,14,primary
RAnkleAngles_ax1,60,3.26619291305542,3.3779088258743286,-0.11171591281890869,0.18487394957983194,1.250423024547544,0.5294117647058824,0.5714285714285714,17,14,primary
RAnkleAngles_ax1,61,3.0568082332611084,2.177894651889801,0.8789135813713074,0.19327731092436976,1.1252353934511574,0.5294117647058824,0.6428571428571429,17,14,primary
RAnkleAngles_ax1,62,2.5602784156799316,1.4782461524009705,1.0820322632789612,0.11764705882352941,0.6647818501697795,0.5882352941176471,0.6428571428571429,17,14,primary
RAnkleAngles_ax1,63,1.8203663229942322,0.9998410046100616,0.8205253183841705,0.11764705882352941,0.5632816411687518,0.6470588235294118,0.6428571428571429,17,14,primary
RAnkleAngles_ax1,64,1.788116216659546,1.4332093596458435,0.3549068570137024,0.025210084033613446,0.36264945897407874,0.5294117647058824,0.5714285714285714,17,14,primary
RAnkleAngles_ax1,65,-0.7458283305168152,2.3718384504318237,-3.117666780948639,-0.008403361344537815,0.2540413879176192,0.5882352941176471,0.5714285714285714,17,14,primary
RAnkleAngles_ax1,66,-2.380120038986206,3.4465969800949097,-5.826717019081116,-0.01680672268907563,0.08776173478240552,0.7058823529411765,0.5714285714285714,17,14,primary
RAnkleAngles_ax1,67,-4.664119243621826,3.3693665862083435,-8.03348582983017,0.0,-0.03123119086760572,0.7058823529411765,0.5714285714285714,17,14,primary
RAnkleAngles_ax1,68,-4.228899955749512,3.3676875829696655,-7.596587538719177,0.0,-0.07523982246258329,0.7058823529411765,0.5714285714285714,17,14,primary
RAnkleAngles_ax1,69,-3.246312141418457,3.9817073941230774,-7.228019535541534,0.0,-0.17325164514787922,0.7058823529411765,0.5714285714285714,17,14,primary
RAnkleAngles_ax1,70,-2.1931331157684326,4.7187581062316895,-6.911891222000122,0.0,-0.2511502241674629,0.7058823529411765,0.5714285714285714,17,14,primary
RAnkleAngles_ax1,71,-1.585324764251709,5.3500120639801025,-6.9353368282318115,-0.008403361344537815,-0.32762732291002616,0.7058823529411765,0.5714285714285714,17,14,primary
RAnkleAngles_ax1,72,-0.3621625602245331,5.764383725821972,-6.126546286046505,0.0,-0.4178129049767023,0.7058823529411765,0.5714285714285714,17,14,primary
RAnkleAngles_ax1,73,0.5347979664802551,6.082290014252067,-5.5474920477718115,-0.01680672268907563,-0.457590509508727,0.7058823529411765,0.5714285714285714,17,14,primary
RAnkleAngles_ax1,74,2.5171446800231934,6.419389754533768,-3.9022450745105743,-0.03361344537815126,-0.4378678117644971,0.7058823529411765,0.5714285714285714,17,14,primary
RAnkleAngles_ax1,75,3.817873954772949,5.026210010051727,-1.208336055278778,-0.03361344537815126,-0.3012130534193682,0.6470588235294118,0.5714285714285714,17,14,primary
RAnkleAngles_ax1,76,4.924478054046631,5.202702343463898,-0.27822428941726685,0.0,-0.08813522505552156,0.5294117647058824,0.5,17,14,primary
RAnkleAngles_ax1,77,5.906900644302368,5.947026431560516,-0.04012578725814819,0.01680672268907563,0.08740143064960443,0.5294117647058824,0.5,17,14,primary
RAnkleAngles_ax1,78,6.784757375717163,6.6048078536987305,0.17994952201843262,0.0,0.13628351503402708,0.5294117647058824,0.5,17,14,primary
RAnkleAngles_ax1,79,6.997012138366699,7.69534969329834,-0.6983375549316406,0.008403361344537815,0.2176388086476495,0.5882352941176471,0.5714285714285714,17,14,primary
RAnkleAngles_ax1,80,7.18805193901062,8.443870067596436,-1.2558181285858154,0.025210084033613446,0.2799188274722032,0.6470588235294118,0.5714285714285714,17,14,primary
RAnkleAngles_ax1,81,7.4575324058532715,8.605095982551575,-1.1475635766983032,0.01680672268907563,0.4196862869473892,0.5882352941176471,0.6428571428571429,17,14,primary
RAnkleAngles_ax1,82,8.02899956703186,8.757203578948975,-0.7282040119171143,0.06722689075630252,0.5892999288320044,0.5882352941176471,0.6428571428571429,17,14,primary
RAnkleAngles_ax1,83,8.495490074157715,9.227909088134766,-0.7324190139770508,0.025210084033613446,0.5984536354570632,0.5882352941176471,0.6428571428571429,17,14,primary
RAnkleAngles_ax1,84,9.204490661621094,10.072074890136719,-0.867584228515625,0.008403361344537815,0.5267437246019321,0.6470588235294118,0.5714285714285714,17,14,primary
RAnkleAngles_ax1,85,9.90992259979248,10.824748039245605,-0.914825439453125,-0.01680672268907563,0.43621569317112135,0.6470588235294118,0.6428571428571429,17,14,primary
RAnkleAngles_ax1,86,10.224761486053467,11.541685819625854,-1.3169243335723877,-0.008403361344537815,0.4286396889454102,0.7058823529411765,0.6428571428571429,17,14,primary
RAnkleAngles_ax1,87,10.582027435302734,11.836825132369995,-1.2547976970672607,0.0,0.4586175203869109,0.7058823529411765,0.5714285714285714,17,14,primary
RAnkleAngles_ax1,88,10.783961296081543,11.90147876739502,-1.1175174713134766,0.01680672268907563,0.5244198090084367,0.6470588235294118,0.5714285714285714,17,14,primary
RAnkleAngles_ax1,89,10.920480728149414,11.935614585876465,-1.0151338577270508,0.04201680672268908,0.4503100762663873,0.6470588235294118,0.5714285714285714,17,14,primary
RAnkleAngles_ax1,90,11.212194442749023,11.938354015350342,-0.7261595726013184,0.05042016806722689,0.37068552320090026,0.5882352941176471,0.5714285714285714,17,14,primary
RAnkleAngles_ax1,91,11.473273277282715,11.812683820724487,-0.33941054344177246,0.025210084033613446,0.2850321666688691,0.5882352941176471,0.5,17,14,primary
RAnkleAngles_ax1,92,11.531453609466553,11.803504943847656,-0.2720513343811035,-0.008403361344537815,0.13122681829703545,0.5882352941176471,0.5,17,14,primary
RAnkleAngles_ax1,93,11.657615661621094,12.025142908096313,-0.3675272464752197,-0.008403361344537815,0.019129659963861026,0.5882352941176471,0.5,17,14,primary
RAnkleAngles_ax1,94,11.82457685470581,12.329345703125,-0.5047688484191895,-0.04201680672268908,-0.10505638731976404,0.5882352941176471,0.5714285714285714,17,14,primary
RAnkleAngles_ax1,95,12.016560554504395,12.660588026046753,-0.6440274715423584,-0.058823529411764705,-0.15202770473611596,0.5882352941176471,0.5714285714285714,17,14,primary
RAnkleAngles_ax1,96,12.277509689331055,13.04466462135315,-0.7671549320220947,-0.04201680672268908,-0.2030780038247384,0.5882352941176471,0.5714285714285714,17,14,primary
RAnkleAngles_ax1,97,12.522370338439941,13.422947645187378,-0.9005773067474365,-0.04201680672268908,-0.22711022971532702,0.5882352941176471,0.5714285714285714,17,14,primary
RAnkleAngles_ax1,98,12.751360893249512,13.787976503372192,-1.0366156101226807,0.01680672268907563,-0.08968717557862535,0.6470588235294118,0.5714285714285714,17,14,primary
RAnkleAngles_ax1,99,12.850042343139648,14.253167867660522,-1.403125524520874,0.0,-0.179636632496899,0.6470588235294118,0.5714285714285714,17,14,primary
RAnkleAngles_ax1,100,12.78525161743164,14.644407033920288,-1.8591554164886475,-0.04201680672268908,-0.3218727696773196,0.6470588235294118,0.5714285714285714,17,14,primary
LFootProgressAngles_ax1,0,-86.99020385742188,-102.85620880126953,15.866004943847656,0.21008403361344538,0.8757143211447131,0.6470588235294118,0.6428571428571429,17,14,primary
LFootProgressAngles_ax1,1,-85.89994812011719,-102.20942687988281,16.309478759765625,0.23529411764705882,0.8811826868112768,0.6470588235294118,0.6428571428571429,17,14,primary
LFootProgressAngles_ax1,2,-84.62802124023438,-101.26552772521973,16.63750648498535,0.21008403361344538,0.8777610230048772,0.6470588235294118,0.6428571428571429,17,14,primary
LFootProgressAngles_ax1,3,-83.18229675292969,-100.10671806335449,16.924421310424805,0.20168067226890757,0.8750664936615931,0.6470588235294118,0.6428571428571429,17,14,primary
LFootProgressAngles_ax1,4,-81.47509765625,-98.66244888305664,17.18735122680664,0.18487394957983194,0.8682501728886336,0.6470588235294118,0.6428571428571429,17,14,primary
LFootProgressAngles_ax1,5,-80.10740661621094,-96.3360538482666,16.228647232055664,0.17647058823529413,0.852899159682988,0.6470588235294118,0.6428571428571429,17,14,primary
LFootProgressAngles_ax1,6,-78.4583740234375,-94.07640838623047,15.618034362792969,0.17647058823529413,0.8434655621154129,0.6470588235294118,0.6428571428571429,17,14,primary
LFootProgressAngles_ax1,7,-76.35701751708984,-91.90569114685059,15.548673629760742,0.18487394957983194,0.8510086451033533,0.6470588235294118,0.6428571428571429,17,14,primary
LFootProgressAngles_ax1,8,-73.707275390625,-89.76575469970703,16.05847930908203,0.16806722689075632,0.8305290630157371,0.6470588235294118,0.6428571428571429,17,14,primary
LFootProgressAngles_ax1,9,-70.40409851074219,-87.89710426330566,17.493005752563477,0.15966386554621848,0.8127888660180985,0.6470588235294118,0.6428571428571429,17,14,primary
LFootProgressAngles_ax1,10,-66.35132598876953,-86.14863967895508,19.797313690185547,0.16806722689075632,0.7895044415413491,0.6470588235294118,0.6428571428571429,17,14,primary
LFootProgressAngles_ax1,11,-61.49924850463867,-84.72710227966309,23.227853775024414,0.18487394957983194,0.7638774396350306,0.6470588235294118,0.6428571428571429,17,14,primary
LFootProgressAngles_ax1,12,-55.901424407958984,-83.36256790161133,27.461143493652344,0.15966386554621848,0.734481074834056,0.6470588235294118,0.6428571428571429,17,14,primary
LFootProgressAngles_ax1,13,-49.7631721496582,-81.85600280761719,32.092830657958984,0.14285714285714285,0.7195033579775776,0.6470588235294118,0.6428571428571429,17,14,primary
LFootProgressAngles_ax1,14,-43.43193054199219,-80.32441425323486,36.892483711242676,0.15126050420168066,0.7135742156241568,0.6470588235294118,0.6428571428571429,17,14,primary
LFootProgressAngles_ax1,15,-37.31433868408203,-78.67230701446533,41.3579683303833,0.14285714285714285,0.7095986332546499,0.6470588235294118,0.6428571428571429,17,14,primary
LFootProgressAngles_ax1,16,-32.77949523925781,-76.99703884124756,44.217543601989746,0.12605042016806722,0.7103181740207031,0.6470588235294118,0.6428571428571429,17,14,primary
LFootProgressAngles_ax1,17,-28.76782989501953,-75.39320278167725,46.625372886657715,0.13445378151260504,0.7170965554848445,0.6470588235294118,0.6428571428571429,17,14,primary
LFootProgressAngles_ax1,18,-27.360637664794922,-73.95069599151611,46.59005832672119,0.12605042016806722,0.7500428756633333,0.6470588235294118,0.6428571428571429,17,14,primary
LFootProgressAngles_ax1,19,-27.572221755981445,-72.75617504119873,45.183953285217285,0.12605042016806722,0.7632183224005296,0.6470588235294118,0.6428571428571429,17,14,primary
LFootProgressAngles_ax1,20,-28.241907119750977,-71.85099267959595,43.60908555984497,0.13445378151260504,0.7757848545209167,0.6470588235294118,0.6428571428571429,17,14,primary
LFootProgressAngles_ax1,21,-28.711732864379883,-71.17778587341309,42.4660530090332,0.12605042016806722,0.7901847066443152,0.6470588235294118,0.6428571428571429,17,14,primary
LFootProgressAngles_ax1,22,-30.284414291381836,-70.75514888763428,40.47073459625244,0.15126050420168066,0.8122260085885666,0.6470588235294118,0.6428571428571429,17,14,primary
LFootProgressAngles_ax1,23,-32.85881805419922,-70.56571626663208,37.70689821243286,0.16806722689075632,0.8317652332976844,0.6470588235294118,0.6428571428571429,17,14,primary
LFootProgressAngles_ax1,24,-35.72985076904297,-70.57818746566772,34.848336696624756,0.20168067226890757,0.849381061562829,0.6470588235294118,0.6428571428571429,17,14,primary
LFootProgressAngles_ax1,25,-38.85944366455078,-71.1516523361206,32.292208671569824,0.21008403361344538,0.8685010778472779,0.6470588235294118,0.6428571428571429,17,14,primary
LFootProgressAngles_ax1,26,-42.156978607177734,-71.78083896636963,29.623860359191895,0.23529411764705882,0.8897097259394071,0.6470588235294118,0.6428571428571429,17,14,primary
LFootProgressAngles_ax1,27,-45.49440002441406,-72.41430473327637,26.919904708862305,0.2184873949579832,0.9046231306701217,0.6470588235294118,0.6428571428571429,17,14,primary
LFootProgressAngles_ax1,28,-48.965837478637695,-73.05786800384521,24.09203052520752,0.20168067226890757,0.9087162794451993,0.6470588235294118,0.6428571428571429,17,14,primary
LFootProgressAngles_ax1,29,-52.72840690612793,-73.71485996246338,20.98645305633545,0.18487394957983194,0.9032850615434411,0.6470588235294118,0.6428571428571429,17,14,primary
LFootProgressAngles_ax1,30,-56.61148452758789,-74.38536262512207,17.77387809753418,0.19327731092436976,0.892599364486365,0.6470588235294118,0.6428571428571429,17,14,primary
LFootProgressAngles_ax1,31,-60.59099006652832,-75.0664176940918,14.475427627563477,0.18487394957983194,0.8693485384093921,0.6470588235294118,0.6428571428571429,17,14,primary
LFootProgressAngles_ax1,32,-64.69868469238281,-75.75782299041748,11.059138298034668,0.16806722689075632,0.8162289874305151,0.5882352941176471,0.6428571428571429,17,14,primary
LFootProgressAngles_ax1,33,-68.93452453613281,-76.47149848937988,7.53697395324707,0.17647058823529413,0.7381080912328088,0.5882352941176471,0.7142857142857143,17,14,primary
LFootProgressAngles_ax1,34,-73.05509948730469,-77.15936660766602,4.104267120361328,0.14285714285714285,0.6317046346307502,0.5882352941176471,0.7142857142857143,17,14,primary
LFootProgressAngles_ax1,35,-77.28654479980469,-78.05128860473633,0.7647438049316406,0.14285714285714285,0.482895544937703,0.5882352941176471,0.6428571428571429,17,14,primary
LFootProgressAngles_ax1,36,-80.21794891357422,-80.7377700805664,0.5198211669921875,0.07563025210084033,0.24826652700052076,0.5294117647058824,0.5714285714285714,17,14,primary
LFootProgressAngles_ax1,37,-83.392822265625,-81.74395942687988,-1.6488628387451172,0.03361344537815126,-0.11264959781911382,0.5882352941176471,0.5714285714285714,17,14,primary
LFootProgressAngles_ax1,38,-83.99156188964844,-82.70119285583496,-1.2903690338134766,0.025210084033613446,0.33102270360309966,0.6470588235294118,0.6428571428571429,17,14,primary
LFootProgressAngles_ax1,39,-84.47183990478516,-84.4910774230957,0.019237518310546875,0.025210084033613446,0.6610949741716181,0.5294117647058824,0.5,17,14,primary
LFootProgressAngles_ax1,40,-85.1301040649414,-85.21697425842285,0.08687019348144531,0.0,0.9017093678444992,0.5294117647058824,0.5,17,14,primary
LFootProgressAngles_ax1,41,-86.91706466674805,-85.63701057434082,-1.2800540924072266,-0.12605042016806722,0.5203913344446754,0.7058823529411765,0.5714285714285714,17,14,primary
LFootProgressAngles_ax1,42,-88.83972549438477,-86.13310050964355,-2.706624984741211,-0.19327731092436976,0.1469191481592464,0.7647058823529411,0.7142857142857143,17,14,primary
LFootProgressAngles_ax1,43,-91.84552383422852,-87.97774314880371,-3.8677806854248047,-0.14285714285714285,-0.031736085569272196,0.5882352941176471,0.7857142857142857,17,14,primary
LFootProgressAngles_ax1,44,-93.66448974609375,-89.08205986022949,-4.582429885864258,-0.13445378151260504,-0.1493730769842315,0.6470588235294118,0.6428571428571429,17,14,primary
LFootProgressAngles_ax1,45,-95.48251724243164,-89.52312469482422,-5.959392547607422,-0.09243697478991597,-0.2489304898889348,0.6470588235294118,0.6428571428571429,17,14,primary
LFootProgressAngles_ax1,46,-99.64479064941406,-89.88444709777832,-9.760343551635742,-0.08403361344537816,-0.3244344641429119,0.6470588235294118,0.6428571428571429,17,14,primary
LFootProgressAngles_ax1,47,-103.70101928710938,-90.35856246948242,-13.342456817626953,-0.08403361344537816,-0.38684515132657316,0.6470588235294118,0.6428571428571429,17,14,primary
LFootProgressAngles_ax1,48,-107.40469360351562,-90.66012763977051,-16.744565963745117,-0.058823529411764705,-0.4399111645796572,0.6470588235294118,0.6428571428571429,17,14,primary
LFootProgressAngles_ax1,49,-110.6143569946289,-90.47040939331055,-20.14394760131836,-0.07563025210084033,-0.485711090399432,0.6470588235294118,0.6428571428571429,17,14,primary
LFootProgressAngles_ax1,50,-112.04244995117188,-89.60137367248535,-22.441076278686523,-0.058823529411764705,-0.5188664092473937,0.6470588235294118,0.7142857142857143,17,14,primary
LFootProgressAngles_ax1,51,-111.2102279663086,-88.35821723937988,-22.85201072692871,-0.058823529411764705,-0.5351369223948486,0.6470588235294118,0.7142857142857143,17,14,primary
LFootProgressAngles_ax1,52,-109.34550476074219,-86.74872970581055,-22.59677505493164,-0.058823529411764705,-0.5617957328386577,0.6470588235294118,0.6428571428571429,17,14,primary
LFootProgressAngles_ax1,53,-107.52819061279297,-84.79945182800293,-22.72873878479004,-0.05042016806722689,-0.5968277239071537,0.6470588235294118,0.6428571428571429,17,14,primary
LFootProgressAngles_ax1,54,-104.48552703857422,-82.54843711853027,-21.937089920043945,-0.058823529411764705,-0.6196277288457708,0.6470588235294118,0.6428571428571429,17,14,primary
LFootProgressAngles_ax1,55,-101.43252563476562,-80.03240776062012,-21.400117874145508,-0.06722689075630252,-0.6590553667833602,0.6470588235294118,0.6428571428571429,17,14,primary
LFootProgressAngles_ax1,56,-99.0343246459961,-77.26129722595215,-21.773027420043945,-0.09243697478991597,-0.6806674389665639,0.6470588235294118,0.6428571428571429,17,14,primary
LFootProgressAngles_ax1,57,-95.85000610351562,-74.47260284423828,-21.377403259277344,-0.09243697478991597,-0.6879413825235224,0.6470588235294118,0.6428571428571429,17,14,primary
LFootProgressAngles_ax1,58,-93.45438385009766,-71.57626533508301,-21.87811851501465,-0.1092436974789916,-0.6945822016699332,0.6470588235294118,0.6428571428571429,17,14,primary
LFootProgressAngles_ax1,59,-91.86720275878906,-68.39147663116455,-23.47572612762451,-0.14285714285714285,-0.6943606120816767,0.6470588235294118,0.7142857142857143,17,14,primary
LFootProgressAngles_ax1,60,-90.85411071777344,-64.86105346679688,-25.993057250976562,-0.13445378151260504,-0.680820930470811,0.6470588235294118,0.7142857142857143,17,14,primary
LFootProgressAngles_ax1,61,-90.20167541503906,-60.94570255279541,-29.255972862243652,-0.11764705882352941,-0.6672970849867034,0.6470588235294118,0.7142857142857143,17,14,primary
LFootProgressAngles_ax1,62,-89.440185546875,-56.73379898071289,-32.70638656616211,-0.08403361344537816,-0.6705347905870451,0.6470588235294118,0.7142857142857143,17,14,primary
LFootProgressAngles_ax1,63,-88.24287414550781,-52.35399055480957,-35.88888359069824,-0.058823529411764705,-0.6953584644415729,0.6470588235294118,0.6428571428571429,17,14,primary
LFootProgressAngles_ax1,64,-86.65973663330078,-48.07019233703613,-38.58954429626465,-0.05042016806722689,-0.7144022236645177,0.6470588235294118,0.6428571428571429,17,14,primary
LFootProgressAngles_ax1,65,-85.4078598022461,-44.489158630371094,-40.918701171875,-0.04201680672268908,-0.7480015398693235,0.6470588235294118,0.6428571428571429,17,14,primary
LFootProgressAngles_ax1,66,-84.21820831298828,-41.514198780059814,-42.70400953292847,-0.05042016806722689,-0.7888175802283195,0.6470588235294118,0.6428571428571429,17,14,primary
LFootProgressAngles_ax1,67,-83.40249633789062,-39.11837410926819,-44.28412222862244,-0.025210084033613446,-0.8268843223616149,0.6470588235294118,0.6428571428571429,17,14,primary
LFootProgressAngles_ax1,68,-82.88587951660156,-37.75674366950989,-45.129135847091675,-0.04201680672268908,-0.8651595703007642,0.6470588235294118,0.6428571428571429,17,14,primary
LFootProgressAngles_ax1,69,-82.59265899658203,-37.387497425079346,-45.205161571502686,-0.07563025210084033,-0.8891296706442694,0.6470588235294118,0.6428571428571429,17,14,primary
LFootProgressAngles_ax1,70,-82.45349884033203,-37.75782060623169,-44.69567823410034,-0.058823529411764705,-0.8994384524925475,0.6470588235294118,0.6428571428571429,17,14,primary
LFootProgressAngles_ax1,71,-82.40987396240234,-39.03683805465698,-43.37303590774536,-0.06722689075630252,-0.8981610383270343,0.6470588235294118,0.6428571428571429,17,14,primary
LFootProgressAngles_ax1,72,-82.4162368774414,-40.61545372009277,-41.80078315734863,-0.058823529411764705,-0.8812429131407975,0.6470588235294118,0.6428571428571429,17,14,primary
LFootProgressAngles_ax1,73,-82.43993377685547,-42.43784952163696,-40.002084255218506,-0.06722689075630252,-0.8608768876791347,0.6470588235294118,0.6428571428571429,17,14,primary
LFootProgressAngles_ax1,74,-82.46003723144531,-44.46041679382324,-37.99962043762207,-0.07563025210084033,-0.8419606283336881,0.6470588235294118,0.6428571428571429,17,14,primary
LFootProgressAngles_ax1,75,-82.4654312133789,-46.36790418624878,-36.09752702713013,-0.06722689075630252,-0.8416983069405073,0.6470588235294118,0.6428571428571429,17,14,primary
LFootProgressAngles_ax1,76,-82.4527816772461,-48.5361008644104,-33.91668081283569,-0.08403361344537816,-0.8451803749953335,0.6470588235294118,0.6428571428571429,17,14,primary
LFootProgressAngles_ax1,77,-82.42448425292969,-51.0830659866333,-31.341418266296387,-0.11764705882352941,-0.8464289695805116,0.6470588235294118,0.6428571428571429,17,14,primary
LFootProgressAngles_ax1,78,-82.32164001464844,-53.719428062438965,-28.602211952209473,-0.10084033613445378,-0.8376822529960056,0.6470588235294118,0.6428571428571429,17,14,primary
LFootProgressAngles_ax1,79,-82.15322875976562,-56.42302227020264,-25.73020648956299,-0.11764705882352941,-0.8223176061372888,0.6470588235294118,0.6428571428571429,17,14,primary
LFootProgressAngles_ax1,80,-82.02986907958984,-59.23088264465332,-22.798986434936523,-0.12605042016806722,-0.8019770606868841,0.6470588235294118,0.6428571428571429,17,14,primary
LFootProgressAngles_ax1,81,-81.95003509521484,-62.356082916259766,-19.593952178955078,-0.10084033613445378,-0.7793919176350314,0.6470588235294118,0.6428571428571429,17,14,primary
LFootProgressAngles_ax1,82,-81.90896606445312,-65.61487197875977,-16.29409408569336,-0.09243697478991597,-0.7575853293063199,0.6470588235294118,0.6428571428571429,17,14,primary
LFootProgressAngles_ax1,83,-81.89946746826172,-68.7546157836914,-13.144851684570312,-0.10084033613445378,-0.7255480074108802,0.6470588235294118,0.6428571428571429,17,14,primary
LFootProgressAngles_ax1,84,-81.83991241455078,-72.08001518249512,-9.759897232055664,-0.09243697478991597,-0.6709880249476029,0.6470588235294118,0.6428571428571429,17,14,primary
LFootProgressAngles_ax1,85,-81.94355773925781,-75.36674118041992,-6.576816558837891,-0.08403361344537816,-0.5928097657512909,0.7058823529411765,0.6428571428571429,17,14,primary
LFootProgressAngles_ax1,86,-81.98302459716797,-78.55968856811523,-3.4233360290527344,-0.10084033613445378,-0.47501076004264126,0.7647058823529411,0.6428571428571429,17,14,primary
LFootProgressAngles_ax1,87,-82.5604362487793,-81.00043678283691,-1.5599994659423828,-0.16806722689075632,-0.2512761891022473,0.7647058823529411,0.6428571428571429,17,14,primary
LFootProgressAngles_ax1,88,-83.8696060180664,-82.58059310913086,-1.2890129089355469,-0.07563025210084033,0.38773117826023357,0.7058823529411765,0.5714285714285714,17,14,primary
LFootProgressAngles_ax1,89,-84.76780319213867,-84.48759269714355,-0.2802104949951172,-0.008403361344537815,0.4686651148095115,0.5882352941176471,0.5714285714285714,17,14,primary
LFootProgressAngles_ax1,90,-86.27182006835938,-85.48739624023438,-0.784423828125,-0.10084033613445378,-0.2662873603838905,0.6470588235294118,0.7142857142857143,17,14,primary
LFootProgressAngles_ax1,91,-87.44265747070312,-87.43126678466797,-0.01139068603515625,-0.09243697478991597,-0.4673150189740591,0.5294117647058824,0.5,17,14,primary
LFootProgressAngles_ax1,92,-88.52567291259766,-90.64139747619629,2.115724563598633,0.07563025210084033,0.2688841232612427,0.5882352941176471,0.6428571428571429,17,14,primary
LFootProgressAngles_ax1,93,-88.32876586914062,-92.49215507507324,4.163389205932617,0.17647058823529413,0.6024791990460939,0.5882352941176471,0.7142857142857143,17,14,primary
LFootProgressAngles_ax1,94,-90.13404083251953,-95.46271133422852,5.328670501708984,0.15966386554621848,0.7240593966018048,0.6470588235294118,0.5714285714285714,17,14,primary
LFootProgressAngles_ax1,95,-90.739990234375,-98.22452735900879,7.484537124633789,0.16806722689075632,0.8007991337075304,0.6470588235294118,0.5714285714285714,17,14,primary
LFootProgressAngles_ax1,96,-90.0938720703125,-100.57716751098633,10.483295440673828,0.18487394957983194,0.8506922745433573,0.6470588235294118,0.6428571428571429,17,14,primary
LFootProgressAngles_ax1,97,-89.40445709228516,-102.48312568664551,13.078668594360352,0.21008403361344538,0.884847653144889,0.6470588235294118,0.6428571428571429,17,14,primary
LFootProgressAngles_ax1,98,-88.6377944946289,-103.63980293273926,15.002008438110352,0.23529411764705882,0.9012940507594926,0.6470588235294118,0.6428571428571429,17,14,primary
LFootProgressAngles_ax1,99,-87.69693756103516,-103.98955345153809,16.29261589050293,0.2773109243697479,0.9025247792064262,0.6470588235294118,0.6428571428571429,17,14,primary
LFootProgressAngles_ax1,100,-86.522705078125,-103.59655952453613,17.073854446411133,0.2605042016806723,0.88907277874407,0.6470588235294118,0.6428571428571429,17,14,primary
RFootProgressAngles_ax1,0,-104.64415740966797,-88.57962989807129,-16.06452751159668,-0.09243697478991597,-0.5138801056378046,0.6470588235294118,0.6428571428571429,17,14,primary
RFootProgressAngles_ax1,1,-105.25505065917969,-87.52965927124023,-17.725391387939453,-0.09243697478991597,-0.5258215587429285,0.6470588235294118,0.6428571428571429,17,14,primary
RFootProgressAngles_ax1,2,-105.12198638916016,-86.18108940124512,-18.94089698791504,-0.07563025210084033,-0.5267193841931849,0.6470588235294118,0.6428571428571429,17,14,primary
RFootProgressAngles_ax1,3,-104.12571716308594,-84.48990440368652,-19.635812759399414,-0.10084033613445378,-0.5316921570653262,0.6470588235294118,0.6428571428571429,17,14,primary
RFootProgressAngles_ax1,4,-101.27574157714844,-82.53405952453613,-18.741682052612305,-0.09243697478991597,-0.548983504762881,0.6470588235294118,0.6428571428571429,17,14,primary
RFootProgressAngles_ax1,5,-98.66416931152344,-80.41597270965576,-18.248196601867676,-0.1092436974789916,-0.5914713485491392,0.6470588235294118,0.6428571428571429,17,14,primary
RFootProgressAngles_ax1,6,-96.68182373046875,-78.20124816894531,-18.480575561523438,-0.12605042016806722,-0.6410690199012358,0.6470588235294118,0.6428571428571429,17,14,primary
RFootProgressAngles_ax1,7,-95.19828033447266,-75.89444255828857,-19.303837776184082,-0.11764705882352941,-0.6552287135988926,0.6470588235294118,0.7142857142857143,17,14,primary
RFootProgressAngles_ax1,8,-93.28224182128906,-73.4773645401001,-19.804877281188965,-0.1092436974789916,-0.6532020064989827,0.6470588235294118,0.7142857142857143,17,14,primary
RFootProgressAngles_ax1,9,-91.49146270751953,-70.93809509277344,-20.553367614746094,-0.11764705882352941,-0.6489663569769583,0.6470588235294118,0.7142857142857143,17,14,primary
RFootProgressAngles_ax1,10,-90.3385009765625,-68.23490238189697,-22.103598594665527,-0.1092436974789916,-0.6439939870318538,0.6470588235294118,0.7142857142857143,17,14,primary
RFootProgressAngles_ax1,11,-89.22073364257812,-65.30810356140137,-23.912630081176758,-0.13445378151260504,-0.6327598120650078,0.6470588235294118,0.7857142857142857,17,14,primary
RFootProgressAngles_ax1,12,-88.46192932128906,-62.06432628631592,-26.397603034973145,-0.12605042016806722,-0.6243216301392267,0.6470588235294118,0.7857142857142857,17,14,primary
RFootProgressAngles_ax1,13,-87.3377456665039,-58.45144081115723,-28.88630485534668,-0.11764705882352941,-0.6217850054195492,0.6470588235294118,0.7142857142857143,17,14,primary
RFootProgressAngles_ax1,14,-86.78398132324219,-54.50030183792114,-32.283679485321045,-0.09243697478991597,-0.6431209428302316,0.6470588235294118,0.7142857142857143,17,14,primary
RFootProgressAngles_ax1,15,-86.11060333251953,-50.62326002120972,-35.487343311309814,-0.08403361344537816,-0.6776281993352802,0.6470588235294118,0.7142857142857143,17,14,primary
RFootProgressAngles_ax1,16,-85.46849060058594,-46.53602743148804,-38.9324631690979,-0.08403361344537816,-0.7294358196792389,0.6470588235294118,0.6428571428571429,17,14,primary
RFootProgressAngles_ax1,17,-84.91234588623047,-42.56546139717102,-42.34688448905945,-0.07563025210084033,-0.7887505629402852,0.6470588235294118,0.6428571428571429,17,14,primary
RFootProgressAngles_ax1,18,-84.3497085571289,-39.342103719711304,-45.0076048374176,-0.09243697478991597,-0.8509358627947776,0.6470588235294118,0.6428571428571429,17,14,primary
RFootProgressAngles_ax1,19,-83.87030029296875,-36.816280364990234,-47.054019927978516,-0.08403361344537816,-0.9038137954917079,0.6470588235294118,0.6428571428571429,17,14,primary
RFootProgressAngles_ax1,20,-83.5792465209961,-36.16150999069214,-47.417736530303955,-0.12605042016806722,-0.9406061637607288,0.6470588235294118,0.6428571428571429,17,14,primary
RFootProgressAngles_ax1,21,-83.41181945800781,-38.077208042144775,-45.33461141586304,-0.14285714285714285,-0.9403542458282473,0.6470588235294118,0.6428571428571429,17,14,primary
RFootProgressAngles_ax1,22,-83.31792449951172,-40.14781475067139,-43.17010974884033,-0.12605042016806722,-0.9122136848674726,0.6470588235294118,0.7142857142857143,17,14,primary
RFootProgressAngles_ax1,23,-83.26188659667969,-42.315049171447754,-40.946837425231934,-0.12605042016806722,-0.8779171648755403,0.6470588235294118,0.7142857142857143,17,14,primary
RFootProgressAngles_ax1,24,-83.21871948242188,-44.54497146606445,-38.67374801635742,-0.12605042016806722,-0.8549097465018151,0.6470588235294118,0.7142857142857143,17,14,primary
RFootProgressAngles_ax1,25,-83.17025756835938,-46.83339881896973,-36.33685874938965,-0.12605042016806722,-0.8306668316981354,0.6470588235294118,0.7142857142857143,17,14,primary
RFootProgressAngles_ax1,26,-83.10332489013672,-49.80685901641846,-33.29646587371826,-0.14285714285714285,-0.8126833020441708,0.6470588235294118,0.7142857142857143,17,14,primary
RFootProgressAngles_ax1,27,-83.01020050048828,-53.00977611541748,-30.0004243850708,-0.15126050420168066,-0.8079560468647744,0.6470588235294118,0.7142857142857143,17,14,primary
RFootProgressAngles_ax1,28,-82.8610610961914,-56.30297088623047,-26.558090209960938,-0.16806722689075632,-0.802037601053134,0.6470588235294118,0.7142857142857143,17,14,primary
RFootProgressAngles_ax1,29,-82.55883026123047,-59.474430084228516,-23.084400177001953,-0.16806722689075632,-0.7965023692426118,0.6470588235294118,0.7142857142857143,17,14,primary
RFootProgressAngles_ax1,30,-82.49014282226562,-62.539642333984375,-19.95050048828125,-0.17647058823529413,-0.7971186997889154,0.6470588235294118,0.7142857142857143,17,14,primary
RFootProgressAngles_ax1,31,-82.25843048095703,-65.59809684753418,-16.66033363342285,-0.18487394957983194,-0.7998968772629564,0.6470588235294118,0.7142857142857143,17,14,primary
RFootProgressAngles_ax1,32,-81.88428497314453,-68.6350154876709,-13.249269485473633,-0.19327731092436976,-0.7984595240692486,0.6470588235294118,0.7142857142857143,17,14,primary
RFootProgressAngles_ax1,33,-81.44137573242188,-71.66385841369629,-9.777517318725586,-0.19327731092436976,-0.7803816656742026,0.6470588235294118,0.7142857142857143,17,14,primary
RFootProgressAngles_ax1,34,-80.90772247314453,-74.75589561462402,-6.151826858520508,-0.20168067226890757,-0.7730583953113395,0.5882352941176471,0.7142857142857143,17,14,primary
RFootProgressAngles_ax1,35,-80.37797546386719,-77.73766136169434,-2.6403141021728516,-0.15126050420168066,-0.773120368874528,0.5882352941176471,0.6428571428571429,17,14,primary
RFootProgressAngles_ax1,36,-80.85832214355469,-80.10037803649902,-0.7579441070556641,-0.1092436974789916,-0.70502985760759,0.5882352941176471,0.5714285714285714,17,14,primary
RFootProgressAngles_ax1,37,-82.7789306640625,-81.42941665649414,-1.3495140075683594,-0.17647058823529413,-0.8922630804562357,0.7058823529411765,0.6428571428571429,17,14,primary
RFootProgressAngles_ax1,38,-84.47036743164062,-82.7821044921875,-1.688262939453125,-0.14285714285714285,-0.8784649019082168,0.7058823529411765,0.7142857142857143,17,14,primary
RFootProgressAngles_ax1,39,-85.09967803955078,-84.60344314575195,-0.4962348937988281,-0.20168067226890757,-0.7092854788331774,0.6470588235294118,0.7857142857142857,17,14,primary
RFootProgressAngles_ax1,40,-85.5922622680664,-84.93036270141602,-0.6618995666503906,-0.18487394957983194,-0.9736176438131258,0.5882352941176471,0.5714285714285714,17,14,primary
RFootProgressAngles_ax1,41,-87.49544906616211,-85.81776237487793,-1.6776866912841797,-0.21008403361344538,-0.967074989075265,0.6470588235294118,0.7857142857142857,17,14,primary
RFootProgressAngles_ax1,42,-87.5481185913086,-87.64139556884766,0.0932769775390625,-0.05042016806722689,-0.6469877051612296,0.5294117647058824,0.5714285714285714,17,14,primary
RFootProgressAngles_ax1,43,-87.54283905029297,-89.95515823364258,2.4123191833496094,-0.008403361344537815,-0.2364193023189206,0.6470588235294118,0.5714285714285714,17,14,primary
RFootProgressAngles_ax1,44,-87.01340103149414,-92.86182975769043,5.848428726196289,0.025210084033613446,0.07120869922744037,0.6470588235294118,0.7142857142857143,17,14,primary
RFootProgressAngles_ax1,45,-86.43804168701172,-95.62727355957031,9.189231872558594,0.025210084033613446,0.2540162805100898,0.6470588235294118,0.7142857142857143,17,14,primary
RFootProgressAngles_ax1,46,-85.82511901855469,-98.26679611206055,12.44167709350586,0.025210084033613446,0.38933098377772046,0.6470588235294118,0.7142857142857143,17,14,primary
RFootProgressAngles_ax1,47,-85.14972305297852,-100.63363647460938,15.48391342163086,0.04201680672268908,0.5016028238262924,0.6470588235294118,0.7142857142857143,17,14,primary
RFootProgressAngles_ax1,48,-84.49687957763672,-102.57681274414062,18.079933166503906,0.03361344537815126,0.5734991528352552,0.6470588235294118,0.7142857142857143,17,14,primary
RFootProgressAngles_ax1,49,-84.12693786621094,-103.90679550170898,19.779857635498047,0.058823529411764705,0.6388613940122104,0.6470588235294118,0.7142857142857143,17,14,primary
RFootProgressAngles_ax1,50,-83.84422302246094,-103.66927528381348,19.82505226135254,0.07563025210084033,0.669753924325449,0.6470588235294118,0.6428571428571429,17,14,primary
RFootProgressAngles_ax1,51,-83.46538543701172,-102.62664985656738,19.161264419555664,0.08403361344537816,0.6745810325000254,0.6470588235294118,0.6428571428571429,17,14,primary
RFootProgressAngles_ax1,52,-82.95359802246094,-100.83766174316406,17.884063720703125,0.08403361344537816,0.6479584022028622,0.6470588235294118,0.6428571428571429,17,14,primary
RFootProgressAngles_ax1,53,-82.25891876220703,-98.36340522766113,16.1044864654541,0.08403361344537816,0.6029375137002422,0.6470588235294118,0.6428571428571429,17,14,primary
RFootProgressAngles_ax1,54,-81.3180160522461,-95.9200439453125,14.602027893066406,0.09243697478991597,0.5732695991559137,0.6470588235294118,0.6428571428571429,17,14,primary
RFootProgressAngles_ax1,55,-80.05271911621094,-93.4174976348877,13.364778518676758,0.09243697478991597,0.5723990406753026,0.6470588235294118,0.6428571428571429,17,14,primary
RFootProgressAngles_ax1,56,-78.369140625,-90.88861083984375,12.51947021484375,0.13445378151260504,0.6005958824902369,0.6470588235294118,0.6428571428571429,17,14,primary
RFootProgressAngles_ax1,57,-76.15859985351562,-88.67837142944336,12.519771575927734,0.14285714285714285,0.6491389188321413,0.6470588235294118,0.6428571428571429,17,14,primary
RFootProgressAngles_ax1,58,-73.30237579345703,-86.56153106689453,13.2591552734375,0.16806722689075632,0.6866205968984824,0.6470588235294118,0.6428571428571429,17,14,primary
RFootProgressAngles_ax1,59,-69.684814453125,-84.6944694519043,15.009654998779297,0.20168067226890757,0.7041371678902388,0.6470588235294118,0.6428571428571429,17,14,primary
RFootProgressAngles_ax1,60,-65.72421264648438,-83.10708427429199,17.382871627807617,0.226890756302521,0.6982394727487957,0.6470588235294118,0.6428571428571429,17,14,primary
RFootProgressAngles_ax1,61,-60.878883361816406,-81.75733184814453,20.878448486328125,0.19327731092436976,0.7056950113844205,0.6470588235294118,0.6428571428571429,17,14,primary
RFootProgressAngles_ax1,62,-55.37924575805664,-80.5149335861206,25.135687828063965,0.20168067226890757,0.7359475362941735,0.6470588235294118,0.6428571428571429,17,14,primary
RFootProgressAngles_ax1,63,-49.742855072021484,-79.30699157714844,29.564136505126953,0.21008403361344538,0.7397593863322197,0.6470588235294118,0.6428571428571429,17,14,primary
RFootProgressAngles_ax1,64,-43.843204498291016,-78.06130027770996,34.218095779418945,0.19327731092436976,0.7519432285710349,0.6470588235294118,0.6428571428571429,17,14,primary
RFootProgressAngles_ax1,65,-38.06929397583008,-76.74493217468262,38.67563819885254,0.20168067226890757,0.7714525100612921,0.6470588235294118,0.6428571428571429,17,14,primary
RFootProgressAngles_ax1,66,-34.51890563964844,-75.52340888977051,41.00450325012207,0.19327731092436976,0.7933652004615912,0.6470588235294118,0.6428571428571429,17,14,primary
RFootProgressAngles_ax1,67,-32.87302017211914,-74.35828304290771,41.485262870788574,0.17647058823529413,0.8201801273237947,0.6470588235294118,0.6428571428571429,17,14,primary
RFootProgressAngles_ax1,68,-31.991366386413574,-73.24596118927002,41.254594802856445,0.15966386554621848,0.8256235305831444,0.6470588235294118,0.6428571428571429,17,14,primary
RFootProgressAngles_ax1,69,-31.82108497619629,-72.3332085609436,40.512123584747314,0.11764705882352941,0.8235618803803622,0.6470588235294118,0.6428571428571429,17,14,primary
RFootProgressAngles_ax1,70,-32.28931140899658,-71.64343547821045,39.35412406921387,0.11764705882352941,0.8355742170805555,0.6470588235294118,0.6428571428571429,17,14,primary
RFootProgressAngles_ax1,71,-33.31404113769531,-71.22117948532104,37.90713834762573,0.14285714285714285,0.857803705041081,0.6470588235294118,0.6428571428571429,17,14,primary
RFootProgressAngles_ax1,72,-34.81838417053223,-71.09428644180298,36.27590227127075,0.11764705882352941,0.8743434119131013,0.6470588235294118,0.6428571428571429,17,14,primary
RFootProgressAngles_ax1,73,-36.72209930419922,-71.2978687286377,34.57576942443848,0.11764705882352941,0.8809621258607627,0.6470588235294118,0.6428571428571429,17,14,primary
RFootProgressAngles_ax1,74,-38.95807456970215,-71.58087539672852,32.62280082702637,0.13445378151260504,0.8791063341765276,0.6470588235294118,0.6428571428571429,17,14,primary
RFootProgressAngles_ax1,75,-41.47938346862793,-71.04237127304077,29.562987804412842,0.11764705882352941,0.8610947795755918,0.6470588235294118,0.6428571428571429,17,14,primary
RFootProgressAngles_ax1,76,-44.254329681396484,-69.99577140808105,25.74144172668457,0.13445378151260504,0.834494169964125,0.6470588235294118,0.6428571428571429,17,14,primary
RFootProgressAngles_ax1,77,-47.247934341430664,-69.22066116333008,21.972726821899414,0.11764705882352941,0.8001662432158431,0.6470588235294118,0.6428571428571429,17,14,primary
RFootProgressAngles_ax1,78,-50.43046569824219,-69.1369276046753,18.706461906433105,0.11764705882352941,0.7611589705551697,0.6470588235294118,0.6428571428571429,17,14,primary
RFootProgressAngles_ax1,79,-53.77048301696777,-69.9343204498291,16.163837432861328,0.13445378151260504,0.7425355366733892,0.6470588235294118,0.6428571428571429,17,14,primary
RFootProgressAngles_ax1,80,-57.23745918273926,-71.51122570037842,14.27376651763916,0.13445378151260504,0.7405099582660285,0.6470588235294118,0.6428571428571429,17,14,primary
RFootProgressAngles_ax1,81,-60.8062858581543,-73.52604961395264,12.71976375579834,0.13445378151260504,0.7352996415746993,0.6470588235294118,0.6428571428571429,17,14,primary
RFootProgressAngles_ax1,82,-64.45941734313965,-75.69035053253174,11.23093318939209,0.12605042016806722,0.7420061632809882,0.6470588235294118,0.6428571428571429,17,14,primary
RFootProgressAngles_ax1,83,-68.41594696044922,-76.77855491638184,8.362607955932617,0.12605042016806722,0.7459388955687052,0.6470588235294118,0.6428571428571429,17,14,primary
RFootProgressAngles_ax1,84,-72.58213424682617,-77.47967338562012,4.897539138793945,0.12605042016806722,0.7308339697656657,0.6470588235294118,0.6428571428571429,17,14,primary
RFootProgressAngles_ax1,85,-75.4009780883789,-78.11865615844727,2.7176780700683594,0.12605042016806722,0.6934317162995144,0.6470588235294118,0.6428571428571429,17,14,primary
RFootProgressAngles_ax1,86,-77.36911010742188,-80.35111999511719,2.9820098876953125,0.14285714285714285,0.591620855819209,0.6470588235294118,0.7142857142857143,17,14,primary
RFootProgressAngles_ax1,87,-79.83123397827148,-82.27827453613281,2.447040557861328,0.11764705882352941,0.4143299627956616,0.6470588235294118,0.6428571428571429,17,14,primary
RFootProgressAngles_ax1,88,-82.42487335205078,-82.44044876098633,0.015575408935546875,0.07563025210084033,0.26131723155475706,0.5294117647058824,0.5,17,14,primary
RFootProgressAngles_ax1,89,-83.60466766357422,-83.25387191772461,-0.3507957458496094,0.0,0.43285913512434737,0.6470588235294118,0.5714285714285714,17,14,primary
RFootProgressAngles_ax1,90,-85.42938995361328,-84.6942138671875,-0.7351760864257812,-0.13445378151260504,0.42575844520111333,0.6470588235294118,0.7142857142857143,17,14,primary
RFootProgressAngles_ax1,91,-86.19357299804688,-86.1040096282959,-0.08956336975097656,-0.1092436974789916,0.3638978723809028,0.6470588235294118,0.5,17,14,primary
RFootProgressAngles_ax1,92,-88.2981948852539,-86.47530364990234,-1.8228912353515625,-0.18487394957983194,0.05527862864136568,0.7058823529411765,0.7142857142857143,17,14,primary
RFootProgressAngles_ax1,93,-90.06777954101562,-87.62776184082031,-2.4400177001953125,-0.13445378151260504,-0.06403773264703445,0.6470588235294118,0.6428571428571429,17,14,primary
RFootProgressAngles_ax1,94,-93.42495727539062,-88.69537162780762,-4.729585647583008,-0.1092436974789916,-0.15334968222158302,0.5882352941176471,0.6428571428571429,17,14,primary
RFootProgressAngles_ax1,95,-97.544677734375,-89.15137481689453,-8.393302917480469,-0.1092436974789916,-0.25384043991660743,0.5882352941176471,0.6428571428571429,17,14,primary
RFootProgressAngles_ax1,96,-101.30665588378906,-89.4925708770752,-11.814085006713867,-0.1092436974789916,-0.331419556953963,0.5882352941176471,0.7142857142857143,17,14,primary
RFootProgressAngles_ax1,97,-104.728515625,-89.67006874084473,-15.058446884155273,-0.10084033613445378,-0.3918118491100444,0.6470588235294118,0.7142857142857143,17,14,primary
RFootProgressAngles_ax1,98,-107.64769744873047,-89.63158798217773,-18.016109466552734,-0.1092436974789916,-0.43066376647441484,0.6470588235294118,0.7142857142857143,17,14,primary
RFootProgressAngles_ax1,99,-108.97422790527344,-89.17448806762695,-19.799739837646484,-0.10084033613445378,-0.4796648850655192,0.6470588235294118,0.7142857142857143,17,14,primary
RFootProgressAngles_ax1,100,-109.45597839355469,-88.37648010253906,-21.079498291015625,-0.10084033613445378,-0.5081772865894226,0.6470588235294118,0.7142857142857143,17,14,primary
CentreOfMass_ax1,0,768.5703735351562,737.4148864746094,31.155487060546875,0.08403361344537816,0.628830726826912,0.5294117647058824,0.5,17,14,primary
CentreOfMass_ax1,1,782.01416015625,729.6006469726562,52.41351318359375,0.13445378151260504,0.6316156804670624,0.6470588235294118,0.6428571428571429,17,14,primary
CentreOfMass_ax1,2,793.00927734375,725.0276794433594,67.98159790039062,0.17647058823529413,0.6764771613939048,0.7058823529411765,0.7142857142857143,17,14,primary
CentreOfMass_ax1,3,792.8645629882812,724.8090515136719,68.05551147460938,0.20168067226890757,0.7109752006182034,0.7058823529411765,0.7142857142857143,17,14,primary
CentreOfMass_ax1,4,793.3240356445312,724.4910583496094,68.83297729492188,0.19327731092436976,0.6292729235642409,0.7058823529411765,0.7142857142857143,17,14,primary
CentreOfMass_ax1,5,797.5658569335938,739.3051147460938,58.2607421875,0.15966386554621848,0.49433389354873597,0.6470588235294118,0.7142857142857143,17,14,primary
CentreOfMass_ax1,6,797.41357421875,754.6399536132812,42.77362060546875,0.13445378151260504,0.3837657093509964,0.6470588235294118,0.7142857142857143,17,14,primary
CentreOfMass_ax1,7,797.2443542480469,762.2177124023438,35.026641845703125,0.13445378151260504,0.2964374924613108,0.5882352941176471,0.7142857142857143,17,14,primary
CentreOfMass_ax1,8,797.0652770996094,762.416015625,34.649261474609375,0.13445378151260504,0.27853244364710217,0.5882352941176471,0.7142857142857143,17,14,primary
CentreOfMass_ax1,9,796.8846130371094,762.5977172851562,34.286895751953125,0.1092436974789916,0.3240226020029136,0.6470588235294118,0.5,17,14,primary
CentreOfMass_ax1,10,796.7152099609375,771.5837707519531,25.131439208984375,0.1092436974789916,0.3552759518162673,0.7058823529411765,0.5,17,14,primary
CentreOfMass_ax1,11,796.2903442382812,778.8554077148438,17.4349365234375,0.07563025210084033,0.3888928872693659,0.7058823529411765,0.5,17,14,primary
CentreOfMass_ax1,12,805.4849243164062,786.00048828125,19.48443603515625,0.14285714285714285,0.47405465069746716,0.7058823529411765,0.5,17,14,primary
CentreOfMass_ax1,13,820.54248046875,793.1038055419922,27.438674926757812,0.14285714285714285,0.5424898916156904,0.6470588235294118,0.5714285714285714,17,14,primary
CentreOfMass_ax1,14,830.43798828125,796.4576110839844,33.980377197265625,0.21008403361344538,0.6637410466557214,0.5882352941176471,0.6428571428571429,17,14,primary
CentreOfMass_ax1,15,817.5598754882812,800.6259002685547,16.933975219726562,0.23529411764705882,0.7607375141768856,0.5882352941176471,0.6428571428571429,17,14,primary
CentreOfMass_ax1,16,816.1551208496094,793.9300689697266,22.225051879882812,0.25210084033613445,0.846628755315429,0.6470588235294118,0.5714285714285714,17,14,primary
CentreOfMass_ax1,17,816.4578857421875,799.229248046875,17.2286376953125,0.226890756302521,0.8589021221536398,0.5294117647058824,0.6428571428571429,17,14,primary
CentreOfMass_ax1,18,816.3473510742188,798.6924591064453,17.654891967773438,0.21008403361344538,0.839120012771553,0.5294117647058824,0.5714285714285714,17,14,primary
CentreOfMass_ax1,19,813.3213500976562,807.5482177734375,5.77313232421875,0.17647058823529413,0.8096500958617926,0.5882352941176471,0.5,17,14,primary
CentreOfMass_ax1,20,813.56640625,822.0726318359375,-8.5062255859375,0.15126050420168066,0.7778017347332568,0.5882352941176471,0.5,17,14,primary
CentreOfMass_ax1,21,811.2147827148438,836.4945831298828,-25.279800415039062,0.09243697478991597,0.6648589496014717,0.5882352941176471,0.5714285714285714,17,14,primary
CentreOfMass_ax1,22,817.8294982910156,843.4778747558594,-25.64837646484375,0.07563025210084033,0.546540752017954,0.5882352941176471,0.5714285714285714,17,14,primary
CentreOfMass_ax1,23,820.8528747558594,845.3857574462891,-24.532882690429688,0.058823529411764705,0.48363073730569145,0.5882352941176471,0.5714285714285714,17,14,primary
CentreOfMass_ax1,24,834.26953125,842.6776123046875,-8.4080810546875,0.08403361344537816,0.4475149156685564,0.5294117647058824,0.5,17,14,primary
CentreOfMass_ax1,25,847.5764770507812,849.0008392333984,-1.4243621826171875,0.08403361344537816,0.4468384275111603,0.5294117647058824,0.5,17,14,primary
CentreOfMass_ax1,26,860.8235168457031,855.2724761962891,5.5510406494140625,0.10084033613445378,0.4897126644976674,0.5294117647058824,0.5714285714285714,17,14,primary
CentreOfMass_ax1,27,874.0446166992188,861.4955291748047,12.549087524414062,0.06722689075630252,0.4991957673209315,0.5294117647058824,0.5714285714285714,17,14,primary
CentreOfMass_ax1,28,887.232666015625,867.6754913330078,19.557174682617188,0.058823529411764705,0.48863297613554635,0.5294117647058824,0.5714285714285714,17,14,primary
CentreOfMass_ax1,29,900.4016723632812,876.1534729003906,24.248199462890625,0.07563025210084033,0.4863195487044159,0.5294117647058824,0.5714285714285714,17,14,primary
CentreOfMass_ax1,30,913.5659790039062,888.8248748779297,24.741104125976562,0.09243697478991597,0.5502352291201038,0.5294117647058824,0.5714285714285714,17,14,primary
CentreOfMass_ax1,31,926.7312316894531,901.4525604248047,25.278671264648438,0.08403361344537816,0.5672852639349661,0.5294117647058824,0.6428571428571429,17,14,primary
CentreOfMass_ax1,32,939.889404296875,901.3338623046875,38.5555419921875,0.10084033613445378,0.5224058931843529,0.5294117647058824,0.7142857142857143,17,14,primary
CentreOfMass_ax1,33,953.001953125,903.9765014648438,49.02545166015625,0.09243697478991597,0.45693346152815517,0.5294117647058824,0.7142857142857143,17,14,primary
CentreOfMass_ax1,34,966.0408630371094,901.8858184814453,64.15504455566406,0.05042016806722689,0.3778196144176752,0.5294117647058824,0.7142857142857143,17,14,primary
CentreOfMass_ax1,35,978.9997863769531,894.623046875,84.37673950195312,0.058823529411764705,0.28876829844131696,0.5882352941176471,0.7142857142857143,17,14,primary
CentreOfMass_ax1,36,991.8894958496094,895.1226959228516,96.76679992675781,0.058823529411764705,0.20080157147934735,0.6470588235294118,0.7142857142857143,17,14,primary
CentreOfMass_ax1,37,1003.859375,902.9274291992188,100.93194580078125,0.04201680672268908,0.1329078745592391,0.6470588235294118,0.7857142857142857,17,14,primary
CentreOfMass_ax1,38,989.9813842773438,916.0307006835938,73.95068359375,0.025210084033613446,0.05922476899686357,0.6470588235294118,0.7142857142857143,17,14,primary
CentreOfMass_ax1,39,976.0469970703125,929.1702575683594,46.876739501953125,0.0,-0.03127625291931511,0.6470588235294118,0.5714285714285714,17,14,primary
CentreOfMass_ax1,40,962.048583984375,942.3718566894531,19.676727294921875,-0.01680672268907563,-0.07580388161094409,0.6470588235294118,0.5714285714285714,17,14,primary
CentreOfMass_ax1,41,975.3930053710938,946.6355285644531,28.757476806640625,-0.025210084033613446,-0.12313342065729684,0.6470588235294118,0.5714285714285714,17,14,primary
CentreOfMass_ax1,42,989.574951171875,960.6293640136719,28.945587158203125,-0.07563025210084033,-0.17481876715008451,0.5882352941176471,0.5714285714285714,17,14,primary
CentreOfMass_ax1,43,1003.7012329101562,974.7030944824219,28.998138427734375,-0.07563025210084033,-0.2078192128568767,0.5882352941176471,0.5714285714285714,17,14,primary
CentreOfMass_ax1,44,999.2740478515625,988.8734436035156,10.400604248046875,-0.08403361344537816,-0.18752911107251446,0.5882352941176471,0.5714285714285714,17,14,primary
CentreOfMass_ax1,45,985.8272094726562,1003.16015625,-17.33294677734375,-0.11764705882352941,-0.2052408697504623,0.5294117647058824,0.5714285714285714,17,14,primary
CentreOfMass_ax1,46,988.3300170898438,1017.565185546875,-29.23516845703125,-0.11764705882352941,-0.17268687333767346,0.5882352941176471,0.5714285714285714,17,14,primary
CentreOfMass_ax1,47,1002.2593383789062,1032.0603637695312,-29.801025390625,-0.07563025210084033,-0.12105296552129459,0.5882352941176471,0.5714285714285714,17,14,primary
CentreOfMass_ax1,48,1010.5246887207031,1039.0151062011719,-28.49041748046875,-0.10084033613445378,-0.08178699221626452,0.5882352941176471,0.5714285714285714,17,14,primary
CentreOfMass_ax1,49,1009.66552734375,1028.5502624511719,-18.884735107421875,-0.06722689075630252,-0.09702677897643398,0.5294117647058824,0.6428571428571429,17,14,primary
CentreOfMass_ax1,50,1008.9219970703125,1036.633071899414,-27.711074829101562,-0.07563025210084033,-0.190030686915904,0.5882352941176471,0.6428571428571429,17,14,primary
CentreOfMass_ax1,51,997.8419799804688,1050.5933837890625,-52.75140380859375,-0.09243697478991597,-0.28294706242402956,0.6470588235294118,0.6428571428571429,17,14,primary
CentreOfMass_ax1,52,984.8347473144531,1064.6804962158203,-79.84574890136719,-0.1092436974789916,-0.3535446002238879,0.6470588235294118,0.6428571428571429,17,14,primary
CentreOfMass_ax1,53,971.7149047851562,1078.9049224853516,-107.19001770019531,-0.11764705882352941,-0.38527492556542253,0.6470588235294118,0.7142857142857143,17,14,primary
CentreOfMass_ax1,54,965.8108520507812,1088.3916625976562,-122.580810546875,-0.11764705882352941,-0.36735165235196454,0.6470588235294118,0.7142857142857143,17,14,primary
CentreOfMass_ax1,55,970.58349609375,1079.9556274414062,-109.37213134765625,-0.15126050420168066,-0.27468039827372764,0.6470588235294118,0.7142857142857143,17,14,primary
CentreOfMass_ax1,56,955.352783203125,1065.2092895507812,-109.85650634765625,-0.14285714285714285,-0.15298094490817654,0.5882352941176471,0.7857142857142857,17,14,primary
CentreOfMass_ax1,57,962.1837768554688,1053.40625,-91.22247314453125,-0.12605042016806722,-0.011243177639117656,0.5882352941176471,0.7142857142857143,17,14,primary
CentreOfMass_ax1,58,967.5807495117188,1052.9827270507812,-85.4019775390625,-0.06722689075630252,0.11684791194247311,0.5882352941176471,0.7142857142857143,17,14,primary
CentreOfMass_ax1,59,983.871826171875,1052.6926879882812,-68.82086181640625,-0.04201680672268908,0.20619108621215465,0.5882352941176471,0.7142857142857143,17,14,primary
CentreOfMass_ax1,60,971.19873046875,1056.4461364746094,-85.24740600585938,-0.04201680672268908,0.26815621928675787,0.5294117647058824,0.7857142857142857,17,14,primary
CentreOfMass_ax1,61,981.131591796875,1055.5458068847656,-74.41421508789062,-0.025210084033613446,0.3068283378385008,0.5294117647058824,0.7857142857142857,17,14,primary
CentreOfMass_ax1,62,995.8261108398438,1055.4011840820312,-59.5750732421875,-0.01680672268907563,0.29782418231495206,0.5294117647058824,0.7857142857142857,17,14,primary
CentreOfMass_ax1,63,1010.3048095703125,1064.0717163085938,-53.76690673828125,-0.01680672268907563,0.3397539711552201,0.5294117647058824,0.7857142857142857,17,14,primary
CentreOfMass_ax1,64,1024.5587158203125,1078.151611328125,-53.5928955078125,-0.008403361344537815,0.3884637276648064,0.5294117647058824,0.7142857142857143,17,14,primary
CentreOfMass_ax1,65,1038.660888671875,1089.1583251953125,-50.4974365234375,0.0,0.4433959925552981,0.5294117647058824,0.6428571428571429,17,14,primary
CentreOfMass_ax1,66,1052.66455078125,1088.8670654296875,-36.2025146484375,0.0,0.5003526276475719,0.5294117647058824,0.6428571428571429,17,14,primary
CentreOfMass_ax1,67,1060.30859375,1090.1817321777344,-29.873138427734375,0.008403361344537815,0.523955732281198,0.5294117647058824,0.5714285714285714,17,14,primary
CentreOfMass_ax1,68,1045.8814697265625,1097.89599609375,-52.0145263671875,-0.01680672268907563,0.483572353456818,0.5294117647058824,0.7142857142857143,17,14,primary
CentreOfMass_ax1,69,1031.6099853515625,1105.5485229492188,-73.93853759765625,-0.025210084033613446,0.43276566420673046,0.5294117647058824,0.7857142857142857,17,14,primary
CentreOfMass_ax1,70,1040.1109619140625,1113.3268737792969,-73.21591186523438,-0.03361344537815126,0.39583549222833136,0.5294117647058824,0.7857142857142857,17,14,primary
CentreOfMass_ax1,71,1052.418701171875,1120.9829711914062,-68.56427001953125,-0.04201680672268908,0.3653313321443205,0.5294117647058824,0.7857142857142857,17,14,primary
CentreOfMass_ax1,72,1064.6268310546875,1128.5509033203125,-63.924072265625,-0.03361344537815126,0.3334523158294642,0.5882352941176471,0.7142857142857143,17,14,primary
CentreOfMass_ax1,73,1076.79248046875,1136.0397338867188,-59.24725341796875,-0.05042016806722689,0.2903276975515953,0.5882352941176471,0.7142857142857143,17,14,primary
CentreOfMass_ax1,74,1088.86865234375,1145.4326171875,-56.56396484375,-0.04201680672268908,0.23797274798645013,0.6470588235294118,0.6428571428571429,17,14,primary
CentreOfMass_ax1,75,1100.722900390625,1158.7555541992188,-58.03265380859375,-0.04201680672268908,0.19307256059003705,0.6470588235294118,0.6428571428571429,17,14,primary
CentreOfMass_ax1,76,1112.7762451171875,1171.9857177734375,-59.20947265625,-0.05042016806722689,0.16165719123636255,0.7058823529411765,0.6428571428571429,17,14,primary
CentreOfMass_ax1,77,1123.8301086425781,1185.1461791992188,-61.316070556640625,-0.04201680672268908,0.12531791266130812,0.7058823529411765,0.5714285714285714,17,14,primary
CentreOfMass_ax1,78,1125.0252685546875,1198.2437744140625,-73.218505859375,-0.05042016806722689,0.08687903438195126,0.7058823529411765,0.6428571428571429,17,14,primary
CentreOfMass_ax1,79,1138.6268920898438,1211.2933349609375,-72.66644287109375,-0.07563025210084033,0.027172126264052195,0.7058823529411765,0.6428571428571429,17,14,primary
CentreOfMass_ax1,80,1146.6741333007812,1224.30322265625,-77.62908935546875,-0.09243697478991597,-0.04842597753685939,0.7058823529411765,0.6428571428571429,17,14,primary
CentreOfMass_ax1,81,1143.8084716796875,1237.25146484375,-93.4429931640625,-0.10084033613445378,-0.10403496740825087,0.7058823529411765,0.6428571428571429,17,14,primary
CentreOfMass_ax1,82,1140.1412353515625,1250.0751953125,-109.9339599609375,-0.12605042016806722,-0.15042604132109916,0.7058823529411765,0.6428571428571429,17,14,primary
CentreOfMass_ax1,83,1129.091064453125,1262.8241577148438,-133.73309326171875,-0.12605042016806722,-0.1857266949962303,0.7058823529411765,0.7142857142857143,17,14,primary
CentreOfMass_ax1,84,1121.6304626464844,1275.5647583007812,-153.93429565429688,-0.12605042016806722,-0.21910124360101244,0.7058823529411765,0.7142857142857143,17,14,primary
CentreOfMass_ax1,85,1121.3464965820312,1285.2774047851562,-163.930908203125,-0.11764705882352941,-0.25190435756084323,0.7058823529411765,0.7142857142857143,17,14,primary
CentreOfMass_ax1,86,1121.0752258300781,1285.2997436523438,-164.22451782226562,-0.13445378151260504,-0.2947080205864599,0.7058823529411765,0.7142857142857143,17,14,primary
CentreOfMass_ax1,87,1131.1429443359375,1285.3516235351562,-154.20867919921875,-0.12605042016806722,-0.3192394639429907,0.7058823529411765,0.7142857142857143,17,14,primary
CentreOfMass_ax1,88,1143.3189697265625,1285.423583984375,-142.1046142578125,-0.12605042016806722,-0.36883901369896566,0.6470588235294118,0.7142857142857143,17,14,primary
CentreOfMass_ax1,89,1146.7615356445312,1272.5104370117188,-125.7489013671875,-0.1092436974789916,-0.4124738260407798,0.6470588235294118,0.7142857142857143,17,14,primary
CentreOfMass_ax1,90,1146.9296264648438,1264.608642578125,-117.67901611328125,-0.12605042016806722,-0.47006864024141937,0.5882352941176471,0.7142857142857143,17,14,primary
CentreOfMass_ax1,91,1149.6260986328125,1272.5408935546875,-122.914794921875,-0.12605042016806722,-0.5201372281363725,0.5882352941176471,0.7142857142857143,17,14,primary
CentreOfMass_ax1,92,1162.427001953125,1286.1281127929688,-123.70111083984375,-0.14285714285714285,-0.5580839761644407,0.5882352941176471,0.7142857142857143,17,14,primary
CentreOfMass_ax1,93,1164.8909912109375,1299.7909545898438,-134.89996337890625,-0.16806722689075632,-0.6093076675200786,0.5882352941176471,0.7142857142857143,17,14,primary
CentreOfMass_ax1,94,1152.0174560546875,1313.5363159179688,-161.51885986328125,-0.17647058823529413,-0.6560024709843068,0.5882352941176471,0.7142857142857143,17,14,primary
CentreOfMass_ax1,95,1139.0323486328125,1320.1133422851562,-181.08099365234375,-0.15966386554621848,-0.6717281849000811,0.5882352941176471,0.7142857142857143,17,14,primary
CentreOfMass_ax1,96,1129.49755859375,1309.4066772460938,-179.90911865234375,-0.15126050420168066,-0.654606702465675,0.5882352941176471,0.7142857142857143,17,14,primary
CentreOfMass_ax1,97,1141.927490234375,1294.8961791992188,-152.96868896484375,-0.15126050420168066,-0.631764228561015,0.5882352941176471,0.7142857142857143,17,14,primary
CentreOfMass_ax1,98,1154.3289794921875,1301.4414978027344,-147.11251831054688,-0.15126050420168066,-0.6210190231075857,0.5882352941176471,0.7142857142857143,17,14,primary
CentreOfMass_ax1,99,1166.6353759765625,1314.6973266601562,-148.06195068359375,-0.15126050420168066,-0.6231745633501357,0.5882352941176471,0.7142857142857143,17,14,primary
CentreOfMass_ax1,100,1178.8787841796875,1327.9732971191406,-149.09451293945312,-0.15126050420168066,-0.6291043891324651,0.5882352941176471,0.7142857142857143,17,14,primary
CentreOfMass_ax2,0,287.93516540527344,295.02991485595703,-7.094749450683594,-0.06722689075630252,0.5231732768744033,0.6470588235294118,0.5714285714285714,17,14,primary
CentreOfMass_ax2,1,288.1220703125,294.9311828613281,-6.809112548828125,-0.06722689075630252,0.5306127927619134,0.6470588235294118,0.5714285714285714,17,14,primary
CentreOfMass_ax2,2,288.0277099609375,294.7165832519531,-6.688873291015625,-0.058823529411764705,0.5306042003003987,0.6470588235294118,0.5714285714285714,17,14,primary
CentreOfMass_ax2,3,288.4183654785156,294.46824645996094,-6.0498809814453125,-0.06722689075630252,0.5175222362889162,0.6470588235294118,0.5714285714285714,17,14,primary
CentreOfMass_ax2,4,289.801025390625,294.3144226074219,-4.513397216796875,-0.06722689075630252,0.5099432287946841,0.6470588235294118,0.5714285714285714,17,14,primary
CentreOfMass_ax2,5,289.36163330078125,294.13743591308594,-4.7758026123046875,-0.058823529411764705,0.4932527769856089,0.5882352941176471,0.5714285714285714,17,14,primary
CentreOfMass_ax2,6,288.74163818359375,293.90660095214844,-5.1649627685546875,-0.05042016806722689,0.45232880333010855,0.5882352941176471,0.5714285714285714,17,14,primary
CentreOfMass_ax2,7,289.6776428222656,294.4765319824219,-4.79888916015625,-0.06722689075630252,0.4041552184003241,0.5882352941176471,0.5714285714285714,17,14,primary
CentreOfMass_ax2,8,290.68809509277344,295.8448944091797,-5.15679931640625,-0.06722689075630252,0.3754965748296462,0.5882352941176471,0.5714285714285714,17,14,primary
CentreOfMass_ax2,9,291.76776123046875,296.90281677246094,-5.1350555419921875,-0.058823529411764705,0.3625938444233719,0.5882352941176471,0.5714285714285714,17,14,primary
CentreOfMass_ax2,10,292.9112243652344,296.75531005859375,-3.844085693359375,-0.05042016806722689,0.3959978900261813,0.5882352941176471,0.5714285714285714,17,14,primary
CentreOfMass_ax2,11,294.1151428222656,296.61273193359375,-2.497589111328125,-0.03361344537815126,0.4411957435589814,0.5882352941176471,0.5,17,14,primary
CentreOfMass_ax2,12,295.3761749267578,296.4863586425781,-1.1101837158203125,-0.025210084033613446,0.45523641259376085,0.6470588235294118,0.5,17,14,primary
CentreOfMass_ax2,13,295.95184326171875,296.38275146484375,-0.430908203125,-0.01680672268907563,0.4754306654128825,0.5882352941176471,0.5,17,14,primary
CentreOfMass_ax2,14,296.0497283935547,296.0110549926758,0.03867340087890625,-0.008403361344537815,0.5062616473679913,0.5294117647058824,0.5,17,14,primary
CentreOfMass_ax2,15,296.13829040527344,295.6301956176758,0.5080947875976562,0.0,0.5568663053517986,0.5294117647058824,0.5,17,14,primary
CentreOfMass_ax2,16,296.2342834472656,295.1286926269531,1.1055908203125,0.01680672268907563,0.5855487803250116,0.5294117647058824,0.5,17,14,primary
CentreOfMass_ax2,17,296.3224792480469,295.9457702636719,0.376708984375,0.008403361344537815,0.583706000329104,0.5294117647058824,0.5,17,14,primary
CentreOfMass_ax2,18,296.75970458984375,296.5457992553711,0.21390533447265625,0.025210084033613446,0.5592721629552105,0.5294117647058824,0.5,17,14,primary
CentreOfMass_ax2,19,297.3172912597656,296.89170837402344,0.4255828857421875,0.025210084033613446,0.5541198828962607,0.5294117647058824,0.5,17,14,primary
CentreOfMass_ax2,20,296.99766540527344,297.2345886230469,-0.2369232177734375,0.025210084033613446,0.5507807494616505,0.5294117647058824,0.5,17,14,primary
CentreOfMass_ax2,21,296.20997619628906,297.224365234375,-1.0143890380859375,0.01680672268907563,0.5432525530141575,0.5294117647058824,0.5,17,14,primary
CentreOfMass_ax2,22,295.94371032714844,297.8617935180664,-1.9180831909179688,0.0,0.5238386871445353,0.5882352941176471,0.5,17,14,primary
CentreOfMass_ax2,23,296.32090759277344,298.2561492919922,-1.93524169921875,-0.008403361344537815,0.5074599129182401,0.5882352941176471,0.5,17,14,primary
CentreOfMass_ax2,24,296.43003845214844,298.1577682495117,-1.7277297973632812,-0.01680672268907563,0.49828965445337864,0.5882352941176471,0.5,17,14,primary
CentreOfMass_ax2,25,296.40802001953125,298.25096893310547,-1.8429489135742188,-0.01680672268907563,0.49111428646544186,0.5882352941176471,0.5,17,14,primary
CentreOfMass_ax2,26,296.31040954589844,298.2342987060547,-1.92388916015625,-0.008403361344537815,0.4848316647922018,0.5882352941176471,0.5,17,14,primary
CentreOfMass_ax2,27,296.18931579589844,298.2062530517578,-2.016937255859375,0.0,0.4647761714175785,0.5882352941176471,0.5,17,14,primary
CentreOfMass_ax2,28,296.0259246826172,297.93894958496094,-1.91302490234375,-0.01680672268907563,0.4473968339056777,0.5882352941176471,0.5,17,14,primary
CentreOfMass_ax2,29,295.8064727783203,297.631591796875,-1.8251190185546875,-0.025210084033613446,0.42552630920190676,0.5882352941176471,0.5,17,14,primary
CentreOfMass_ax2,30,295.52503967285156,297.31417083740234,-1.7891311645507812,-0.025210084033613446,0.4098878397486025,0.5294117647058824,0.5,17,14,primary
CentreOfMass_ax2,31,295.1824188232422,297.02305603027344,-1.84063720703125,-0.04201680672268908,0.3972627091370522,0.5294117647058824,0.5,17,14,primary
CentreOfMass_ax2,32,294.78489685058594,296.7597198486328,-1.974822998046875,-0.04201680672268908,0.39490505904194895,0.5294117647058824,0.5714285714285714,17,14,primary
CentreOfMass_ax2,33,294.3426055908203,297.29834747314453,-2.9557418823242188,-0.03361344537815126,0.3902707388808868,0.5294117647058824,0.5714285714285714,17,14,primary
CentreOfMass_ax2,34,294.0711364746094,297.8429412841797,-3.7718048095703125,-0.025210084033613446,0.388121090189521,0.5294117647058824,0.5714285714285714,17,14,primary
CentreOfMass_ax2,35,293.7942352294922,298.16841888427734,-4.374183654785156,-0.01680672268907563,0.3870210509165362,0.5294117647058824,0.5714285714285714,17,14,primary
CentreOfMass_ax2,36,293.48744201660156,298.29981994628906,-4.8123779296875,-0.008403361344537815,0.38998770183042103,0.5294117647058824,0.5714285714285714,17,14,primary
CentreOfMass_ax2,37,293.15562438964844,298.40911865234375,-5.2534942626953125,0.0,0.3963414110439677,0.5294117647058824,0.5714285714285714,17,14,primary
CentreOfMass_ax2,38,292.8030242919922,298.5019836425781,-5.6989593505859375,0.0,0.40238225319923093,0.5294117647058824,0.5714285714285714,17,14,primary
CentreOfMass_ax2,39,292.4327850341797,298.2245330810547,-5.791748046875,0.0,0.4173154415694415,0.5294117647058824,0.5714285714285714,17,14,primary
CentreOfMass_ax2,40,292.33860778808594,297.8304672241211,-5.491859436035156,0.008403361344537815,0.4407465600800748,0.5294117647058824,0.5714285714285714,17,14,primary
CentreOfMass_ax2,41,292.4358367919922,297.4115905761719,-4.9757537841796875,0.008403361344537815,0.4665434813310748,0.5294117647058824,0.5714285714285714,17,14,primary
CentreOfMass_ax2,42,292.5304260253906,297.17858123779297,-4.648155212402344,0.025210084033613446,0.48668003123743453,0.5294117647058824,0.5714285714285714,17,14,primary
CentreOfMass_ax2,43,292.6223907470703,297.48268127441406,-4.86029052734375,0.01680672268907563,0.4779254899771235,0.5294117647058824,0.5714285714285714,17,14,primary
CentreOfMass_ax2,44,292.71156311035156,297.81170654296875,-5.1001434326171875,0.008403361344537815,0.46291014438366024,0.5294117647058824,0.5714285714285714,17,14,primary
CentreOfMass_ax2,45,292.80311584472656,297.9091110229492,-5.105995178222656,0.008403361344537815,0.44703261833663166,0.5294117647058824,0.5714285714285714,17,14,primary
CentreOfMass_ax2,46,292.89891052246094,297.99478912353516,-5.095878601074219,0.008403361344537815,0.43534225702610796,0.5294117647058824,0.5714285714285714,17,14,primary
CentreOfMass_ax2,47,292.9990997314453,297.89134979248047,-4.892250061035156,0.008403361344537815,0.42835376819994514,0.5294117647058824,0.5714285714285714,17,14,primary
CentreOfMass_ax2,48,293.1020965576172,297.5730667114258,-4.470970153808594,0.008403361344537815,0.4283816342358184,0.5294117647058824,0.5714285714285714,17,14,primary
CentreOfMass_ax2,49,293.9915466308594,297.3208770751953,-3.3293304443359375,0.008403361344537815,0.4373499081026798,0.5294117647058824,0.5714285714285714,17,14,primary
CentreOfMass_ax2,50,295.0334167480469,297.4075393676758,-2.3741226196289062,0.008403361344537815,0.4431979880892726,0.5294117647058824,0.5714285714285714,17,14,primary
CentreOfMass_ax2,51,296.21588134765625,297.5026397705078,-1.2867584228515625,0.008403361344537815,0.46497561539062254,0.5294117647058824,0.5714285714285714,17,14,primary
CentreOfMass_ax2,52,296.8306884765625,297.30960845947266,-0.47891998291015625,0.008403361344537815,0.4773725194809993,0.5294117647058824,0.5714285714285714,17,14,primary
CentreOfMass_ax2,53,296.82293701171875,296.82862091064453,-0.00568389892578125,0.01680672268907563,0.4780830189780421,0.5294117647058824,0.5,17,14,primary
CentreOfMass_ax2,54,298.14251708984375,296.4145202636719,1.727996826171875,0.008403361344537815,0.49013982722509314,0.5294117647058824,0.5714285714285714,17,14,primary
CentreOfMass_ax2,55,299.0016632080078,296.24393463134766,2.7577285766601562,0.025210084033613446,0.4870063642393597,0.5294117647058824,0.5714285714285714,17,14,primary
CentreOfMass_ax2,56,299.3846740722656,295.63720703125,3.747467041015625,0.01680672268907563,0.4729669707423673,0.5294117647058824,0.5714285714285714,17,14,primary
CentreOfMass_ax2,57,299.77984619140625,295.02921295166016,4.750633239746094,0.03361344537815126,0.4669113117017365,0.5294117647058824,0.5714285714285714,17,14,primary
CentreOfMass_ax2,58,300.18939208984375,294.4037094116211,5.785682678222656,0.025210084033613446,0.45081568121817095,0.6470588235294118,0.5714285714285714,17,14,primary
CentreOfMass_ax2,59,300.2502746582031,294.71337890625,5.536895751953125,0.01680672268907563,0.4401033430824814,0.6470588235294118,0.5714285714285714,17,14,primary
CentreOfMass_ax2,60,299.4836120605469,295.9290771484375,3.554534912109375,0.025210084033613446,0.45623579802446884,0.6470588235294118,0.5714285714285714,17,14,primary
CentreOfMass_ax2,61,301.47119140625,296.24906158447266,5.222129821777344,0.03361344537815126,0.48187301570975727,0.6470588235294118,0.5714285714285714,17,14,primary
CentreOfMass_ax2,62,302.8675537109375,296.5331573486328,6.3343963623046875,0.05042016806722689,0.5164468418620608,0.6470588235294118,0.5714285714285714,17,14,primary
CentreOfMass_ax2,63,302.6383972167969,296.4122772216797,6.2261199951171875,0.058823529411764705,0.5603952078692445,0.6470588235294118,0.5714285714285714,17,14,primary
CentreOfMass_ax2,64,301.7259826660156,296.11458587646484,5.611396789550781,0.08403361344537816,0.5794936414385422,0.6470588235294118,0.5714285714285714,17,14,primary
CentreOfMass_ax2,65,300.7234191894531,296.2889175415039,4.434501647949219,0.10084033613445378,0.5770658010202174,0.6470588235294118,0.5714285714285714,17,14,primary
CentreOfMass_ax2,66,302.3995056152344,297.1974563598633,5.202049255371094,0.1092436974789916,0.567251745904007,0.6470588235294118,0.6428571428571429,17,14,primary
CentreOfMass_ax2,67,302.8118896484375,297.80560302734375,5.00628662109375,0.11764705882352941,0.5792802963440976,0.6470588235294118,0.7142857142857143,17,14,primary
CentreOfMass_ax2,68,301.4293518066406,297.88572692871094,3.5436248779296875,0.11764705882352941,0.5732826932444952,0.6470588235294118,0.6428571428571429,17,14,primary
CentreOfMass_ax2,69,302.0193176269531,297.70069122314453,4.318626403808594,0.12605042016806722,0.5773549445815114,0.6470588235294118,0.6428571428571429,17,14,primary
CentreOfMass_ax2,70,302.2303161621094,297.45201110839844,4.7783050537109375,0.12605042016806722,0.5844440789760487,0.6470588235294118,0.6428571428571429,17,14,primary
CentreOfMass_ax2,71,301.9373779296875,297.49693298339844,4.4404449462890625,0.11764705882352941,0.5942475072250262,0.6470588235294118,0.6428571428571429,17,14,primary
CentreOfMass_ax2,72,301.6708984375,297.42542266845703,4.245475769042969,0.12605042016806722,0.6053082684901442,0.5882352941176471,0.6428571428571429,17,14,primary
CentreOfMass_ax2,73,301.26898193359375,297.0169982910156,4.251983642578125,0.14285714285714285,0.6258720499867236,0.5882352941176471,0.6428571428571429,17,14,primary
CentreOfMass_ax2,74,300.4017639160156,297.49767303466797,2.9040908813476562,0.13445378151260504,0.6246325751491351,0.5882352941176471,0.6428571428571429,17,14,primary
CentreOfMass_ax2,75,300.1912841796875,297.69104766845703,2.5002365112304688,0.15126050420168066,0.6271110085112299,0.5882352941176471,0.6428571428571429,17,14,primary
CentreOfMass_ax2,76,300.9201354980469,297.5695037841797,3.3506317138671875,0.15126050420168066,0.6175470278416546,0.5882352941176471,0.6428571428571429,17,14,primary
CentreOfMass_ax2,77,300.1181335449219,297.37813568115234,2.7399978637695312,0.14285714285714285,0.6010434168726164,0.5882352941176471,0.5714285714285714,17,14,primary
CentreOfMass_ax2,78,299.743896484375,297.2059326171875,2.5379638671875,0.11764705882352941,0.5999026715240875,0.5882352941176471,0.5,17,14,primary
CentreOfMass_ax2,79,300.5633544921875,297.1897506713867,3.3736038208007812,0.13445378151260504,0.6073611422930425,0.5882352941176471,0.5714285714285714,17,14,primary
CentreOfMass_ax2,80,301.3698425292969,297.58727264404297,3.7825698852539062,0.12605042016806722,0.6139511329074913,0.5882352941176471,0.5714285714285714,17,14,primary
CentreOfMass_ax2,81,302.1617126464844,298.0078887939453,4.1538238525390625,0.13445378151260504,0.6243696838199353,0.5882352941176471,0.5714285714285714,17,14,primary
CentreOfMass_ax2,82,302.9055480957031,298.44879150390625,4.456756591796875,0.13445378151260504,0.6330771402585614,0.5294117647058824,0.5714285714285714,17,14,primary
CentreOfMass_ax2,83,303.2503356933594,298.90858459472656,4.3417510986328125,0.14285714285714285,0.6405434088279607,0.5294117647058824,0.6428571428571429,17,14,primary
CentreOfMass_ax2,84,302.9731140136719,299.3866653442383,3.5864486694335938,0.14285714285714285,0.6417404655239525,0.5294117647058824,0.6428571428571429,17,14,primary
CentreOfMass_ax2,85,302.7014465332031,299.4796447753906,3.2218017578125,0.14285714285714285,0.6495974935976078,0.5294117647058824,0.6428571428571429,17,14,primary
CentreOfMass_ax2,86,302.2774963378906,299.4342575073242,2.8432388305664062,0.12605042016806722,0.6585033918359235,0.5294117647058824,0.5714285714285714,17,14,primary
CentreOfMass_ax2,87,301.9984130859375,299.30330657958984,2.6951065063476562,0.12605042016806722,0.6650815011235433,0.5294117647058824,0.5714285714285714,17,14,primary
CentreOfMass_ax2,88,301.8228454589844,299.30780029296875,2.515045166015625,0.11764705882352941,0.6720832922451317,0.5294117647058824,0.5,17,14,primary
CentreOfMass_ax2,89,301.7275390625,299.46177673339844,2.2657623291015625,0.13445378151260504,0.6787859023815627,0.5294117647058824,0.5,17,14,primary
CentreOfMass_ax2,90,301.6756896972656,299.8717041015625,1.803985595703125,0.15126050420168066,0.6831680080935824,0.5294117647058824,0.5,17,14,primary
CentreOfMass_ax2,91,301.747802734375,300.2815246582031,1.466278076171875,0.14285714285714285,0.6879528314724854,0.5294117647058824,0.5,17,14,primary
CentreOfMass_ax2,92,301.9178161621094,300.68955993652344,1.2282562255859375,0.15126050420168066,0.6979921405211459,0.5294117647058824,0.5,17,14,primary
CentreOfMass_ax2,93,302.1912841796875,300.5927734375,1.5985107421875,0.14285714285714285,0.7076391000940004,0.5294117647058824,0.5,17,14,primary
CentreOfMass_ax2,94,302.5667419433594,301.0093536376953,1.5573883056640625,0.13445378151260504,0.7206106436521379,0.5294117647058824,0.5,17,14,primary
CentreOfMass_ax2,95,303.0240478515625,301.7640838623047,1.2599639892578125,0.12605042016806722,0.7290991341208474,0.5294117647058824,0.5,17,14,primary
CentreOfMass_ax2,96,302.99249267578125,302.89324951171875,0.0992431640625,0.10084033613445378,0.7387220645063803,0.5294117647058824,0.5,17,14,primary
CentreOfMass_ax2,97,301.7158508300781,303.1392059326172,-1.4233551025390625,0.09243697478991597,0.7418145138388645,0.5294117647058824,0.5714285714285714,17,14,primary
CentreOfMass_ax2,98,300.99114990234375,303.25990295410156,-2.2687530517578125,0.10084033613445378,0.7556973373539229,0.5294117647058824,0.5714285714285714,17,14,primary
CentreOfMass_ax2,99,301.1755065917969,303.37184143066406,-2.1963348388671875,0.11764705882352941,0.7839690949630447,0.5294117647058824,0.5714285714285714,17,14,primary
CentreOfMass_ax2,100,301.3392333984375,303.4784393310547,-2.1392059326171875,0.10084033613445378,0.8143600052761073,0.5294117647058824,0.5714285714285714,17,14,primary
CentreOfMass_ax3,0,929.0026245117188,937.1427917480469,-8.140167236328125,-0.025210084033613446,-0.5128400641618348,0.5882352941176471,0.5714285714285714,17,14,primary
CentreOfMass_ax3,1,926.4142761230469,935.0009460449219,-8.586669921875,-0.04201680672268908,-0.5051247921703672,0.5882352941176471,0.5714285714285714,17,14,primary
CentreOfMass_ax3,2,923.9404907226562,933.0390930175781,-9.098602294921875,-0.05042016806722689,-0.4959489808547863,0.5882352941176471,0.6428571428571429,17,14,primary
CentreOfMass_ax3,3,921.6249084472656,931.4963531494141,-9.871444702148438,-0.058823529411764705,-0.4939688344627086,0.5882352941176471,0.6428571428571429,17,14,primary
CentreOfMass_ax3,4,919.5548706054688,929.9086456298828,-10.353775024414062,-0.05042016806722689,-0.5000855867924983,0.5882352941176471,0.6428571428571429,17,14,primary
CentreOfMass_ax3,5,918.1547241210938,928.6797943115234,-10.525070190429688,-0.058823529411764705,-0.516271702817874,0.5882352941176471,0.6428571428571429,17,14,primary
CentreOfMass_ax3,6,917.0177001953125,927.4444580078125,-10.4267578125,-0.05042016806722689,-0.5326214022672986,0.5882352941176471,0.6428571428571429,17,14,primary
CentreOfMass_ax3,7,916.1770935058594,926.4225463867188,-10.245452880859375,-0.05042016806722689,-0.5468458039019881,0.5882352941176471,0.6428571428571429,17,14,primary
CentreOfMass_ax3,8,915.9235229492188,925.8315124511719,-9.907989501953125,-0.05042016806722689,-0.556475604237599,0.5882352941176471,0.6428571428571429,17,14,primary
CentreOfMass_ax3,9,915.8871459960938,925.7637023925781,-9.876556396484375,-0.05042016806722689,-0.5660559511025456,0.5882352941176471,0.6428571428571429,17,14,primary
CentreOfMass_ax3,10,916.3557739257812,926.1825561523438,-9.8267822265625,-0.04201680672268908,-0.5626391081635049,0.5882352941176471,0.6428571428571429,17,14,primary
CentreOfMass_ax3,11,917.1399841308594,926.9747314453125,-9.834747314453125,-0.058823529411764705,-0.5566613816270513,0.5882352941176471,0.6428571428571429,17,14,primary
CentreOfMass_ax3,12,918.0967407226562,928.1050720214844,-10.008331298828125,-0.058823529411764705,-0.5553351015111335,0.5882352941176471,0.6428571428571429,17,14,primary
CentreOfMass_ax3,13,919.1781921386719,928.9395446777344,-9.7613525390625,-0.058823529411764705,-0.5499799529134314,0.5882352941176471,0.6428571428571429,17,14,primary
CentreOfMass_ax3,14,920.34033203125,929.98193359375,-9.6416015625,-0.04201680672268908,-0.5415458720198834,0.5882352941176471,0.6428571428571429,17,14,primary
CentreOfMass_ax3,15,921.2222290039062,931.7024230957031,-10.480194091796875,-0.05042016806722689,-0.5379742924382306,0.5882352941176471,0.6428571428571429,17,14,primary
CentreOfMass_ax3,16,922.2176818847656,933.6581726074219,-11.44049072265625,-0.05042016806722689,-0.5353119763388838,0.5882352941176471,0.6428571428571429,17,14,primary
CentreOfMass_ax3,17,923.578369140625,935.6818237304688,-12.10345458984375,-0.058823529411764705,-0.5429930816386921,0.5882352941176471,0.6428571428571429,17,14,primary
CentreOfMass_ax3,18,925.3169250488281,937.767822265625,-12.450897216796875,-0.058823529411764705,-0.5495959361630436,0.5882352941176471,0.6428571428571429,17,14,primary
CentreOfMass_ax3,19,927.2586059570312,940.2597045898438,-13.0010986328125,-0.058823529411764705,-0.5703514211009992,0.5882352941176471,0.6428571428571429,17,14,primary
CentreOfMass_ax3,20,929.441162109375,942.6455688476562,-13.20440673828125,-0.058823529411764705,-0.5855916571071202,0.5882352941176471,0.6428571428571429,17,14,primary
CentreOfMass_ax3,21,931.5868530273438,944.6186981201172,-13.031845092773438,-0.058823529411764705,-0.5920295929306904,0.5882352941176471,0.6428571428571429,17,14,primary
CentreOfMass_ax3,22,933.2621459960938,946.7088165283203,-13.446670532226562,-0.07563025210084033,-0.6011275304103981,0.5882352941176471,0.6428571428571429,17,14,primary
CentreOfMass_ax3,23,935.3212280273438,949.0477600097656,-13.726531982421875,-0.07563025210084033,-0.6092623393503592,0.5882352941176471,0.6428571428571429,17,14,primary
CentreOfMass_ax3,24,937.1235961914062,951.0073699951172,-13.883773803710938,-0.08403361344537816,-0.6088845305413458,0.5882352941176471,0.6428571428571429,17,14,primary
CentreOfMass_ax3,25,939.2997436523438,952.6632995605469,-13.363555908203125,-0.07563025210084033,-0.6058953893868245,0.5882352941176471,0.6428571428571429,17,14,primary
CentreOfMass_ax3,26,941.490234375,954.1491546630859,-12.658920288085938,-0.06722689075630252,-0.6016785316946569,0.5882352941176471,0.6428571428571429,17,14,primary
CentreOfMass_ax3,27,943.654541015625,955.6111450195312,-11.95660400390625,-0.07563025210084033,-0.6011427509145434,0.5882352941176471,0.7142857142857143,17,14,primary
CentreOfMass_ax3,28,945.765380859375,956.9153900146484,-11.150009155273438,-0.06722689075630252,-0.5977070360069003,0.5882352941176471,0.6428571428571429,17,14,primary
CentreOfMass_ax3,29,947.4467163085938,957.9752960205078,-10.528579711914062,-0.04201680672268908,-0.5938272735829448,0.5882352941176471,0.5714285714285714,17,14,primary
CentreOfMass_ax3,30,948.8793334960938,958.9235534667969,-10.044219970703125,-0.05042016806722689,-0.5880670255320642,0.5882352941176471,0.5714285714285714,17,14,primary
CentreOfMass_ax3,31,950.126953125,959.6010589599609,-9.474105834960938,-0.05042016806722689,-0.5801318496554448,0.5882352941176471,0.5714285714285714,17,14,primary
CentreOfMass_ax3,32,951.1775512695312,960.0967712402344,-8.919219970703125,-0.058823529411764705,-0.5777145660196807,0.5882352941176471,0.5714285714285714,17,14,primary
CentreOfMass_ax3,33,952.0269775390625,960.3836669921875,-8.356689453125,-0.058823529411764705,-0.5737629570492283,0.5882352941176471,0.5714285714285714,17,14,primary
CentreOfMass_ax3,34,952.6807861328125,960.4099273681641,-7.7291412353515625,-0.058823529411764705,-0.565101050097274,0.5882352941176471,0.5714285714285714,17,14,primary
CentreOfMass_ax3,35,953.1087646484375,960.1257629394531,-7.016998291015625,-0.04201680672268908,-0.5536631557788403,0.5882352941176471,0.5714285714285714,17,14,primary
CentreOfMass_ax3,36,953.2742309570312,959.4694061279297,-6.1951751708984375,-0.04201680672268908,-0.5444970092433349,0.5882352941176471,0.5714285714285714,17,14,primary
CentreOfMass_ax3,37,953.175048828125,958.4884490966797,-5.3134002685546875,-0.03361344537815126,-0.532699038881312,0.5882352941176471,0.5714285714285714,17,14,primary
CentreOfMass_ax3,38,952.2664794921875,957.234375,-4.9678955078125,-0.03361344537815126,-0.5250823194792094,0.5294117647058824,0.5714285714285714,17,14,primary
CentreOfMass_ax3,39,950.9581909179688,955.8199920654297,-4.8618011474609375,-0.03361344537815126,-0.5233154156945167,0.5294117647058824,0.5714285714285714,17,14,primary
CentreOfMass_ax3,40,949.8419189453125,954.3390655517578,-4.4971466064453125,-0.03361344537815126,-0.5146020607019759,0.5294117647058824,0.5714285714285714,17,14,primary
CentreOfMass_ax3,41,948.5390625,952.7052154541016,-4.1661529541015625,-0.03361344537815126,-0.5120288539624284,0.5294117647058824,0.5714285714285714,17,14,primary
CentreOfMass_ax3,42,946.973876953125,950.9537658691406,-3.979888916015625,-0.01680672268907563,-0.505724202736107,0.5294117647058824,0.5714285714285714,17,14,primary
CentreOfMass_ax3,43,944.6451416015625,949.0849151611328,-4.4397735595703125,-0.025210084033613446,-0.4950149795805573,0.5882352941176471,0.5714285714285714,17,14,primary
CentreOfMass_ax3,44,942.5372314453125,947.0503845214844,-4.513153076171875,0.0,-0.4798675829718036,0.5882352941176471,0.5714285714285714,17,14,primary
CentreOfMass_ax3,45,940.083984375,944.9601440429688,-4.87615966796875,-0.01680672268907563,-0.47370664799733925,0.5882352941176471,0.5714285714285714,17,14,primary
CentreOfMass_ax3,46,937.530517578125,942.8794250488281,-5.348907470703125,-0.008403361344537815,-0.47393866921629724,0.5882352941176471,0.5714285714285714,17,14,primary
CentreOfMass_ax3,47,935.1188354492188,940.9473571777344,-5.828521728515625,-0.025210084033613446,-0.47505057121693356,0.5882352941176471,0.5714285714285714,17,14,primary
CentreOfMass_ax3,48,932.8822021484375,939.1141204833984,-6.2319183349609375,-0.008403361344537815,-0.4703292806063815,0.5882352941176471,0.5714285714285714,17,14,primary
CentreOfMass_ax3,49,930.7274780273438,937.28173828125,-6.55426025390625,0.0,-0.46460325727368473,0.5882352941176471,0.5714285714285714,17,14,primary
CentreOfMass_ax3,50,928.56982421875,935.5763702392578,-7.0065460205078125,0.0,-0.45730773960136056,0.5882352941176471,0.5714285714285714,17,14,primary
CentreOfMass_ax3,51,926.1207885742188,934.0006713867188,-7.8798828125,0.0,-0.4616155880596873,0.5882352941176471,0.5714285714285714,17,14,primary
CentreOfMass_ax3,52,923.83935546875,932.4958038330078,-8.656448364257812,-0.008403361344537815,-0.46764433737533634,0.5882352941176471,0.6428571428571429,17,14,primary
CentreOfMass_ax3,53,921.7338256835938,931.0929412841797,-9.359115600585938,-0.008403361344537815,-0.47823058098946036,0.5882352941176471,0.6428571428571429,17,14,primary
CentreOfMass_ax3,54,919.728515625,929.61962890625,-9.89111328125,-0.03361344537815126,-0.4926610765370513,0.5882352941176471,0.6428571428571429,17,14,primary
CentreOfMass_ax3,55,918.1942749023438,928.4853057861328,-10.291030883789062,-0.025210084033613446,-0.5049584505225319,0.5882352941176471,0.6428571428571429,17,14,primary
CentreOfMass_ax3,56,916.9002685546875,927.5518646240234,-10.651596069335938,-0.025210084033613446,-0.5103873283280874,0.5882352941176471,0.6428571428571429,17,14,primary
CentreOfMass_ax3,57,915.8043518066406,926.9724884033203,-11.168136596679688,0.0,-0.5048814871810147,0.5882352941176471,0.6428571428571429,17,14,primary
CentreOfMass_ax3,58,914.9281005859375,926.5065612792969,-11.578460693359375,0.0,-0.5112349172959949,0.5882352941176471,0.6428571428571429,17,14,primary
CentreOfMass_ax3,59,914.45849609375,926.2869567871094,-11.828460693359375,-0.008403361344537815,-0.526705358459289,0.5882352941176471,0.6428571428571429,17,14,primary
CentreOfMass_ax3,60,914.4005432128906,926.7746887207031,-12.3741455078125,-0.008403361344537815,-0.5343715378057028,0.5882352941176471,0.6428571428571429,17,14,primary
CentreOfMass_ax3,61,914.769775390625,927.843994140625,-13.07421875,-0.008403361344537815,-0.5353858433029692,0.5882352941176471,0.6428571428571429,17,14,primary
CentreOfMass_ax3,62,915.5230407714844,928.9356384277344,-13.41259765625,-0.01680672268907563,-0.5275993430654379,0.5882352941176471,0.6428571428571429,17,14,primary
CentreOfMass_ax3,63,916.6316833496094,930.0233459472656,-13.39166259765625,-0.025210084033613446,-0.5131843766121886,0.5882352941176471,0.6428571428571429,17,14,primary
CentreOfMass_ax3,64,918.0588684082031,930.5776062011719,-12.51873779296875,-0.025210084033613446,-0.49077886950531374,0.5882352941176471,0.6428571428571429,17,14,primary
CentreOfMass_ax3,65,919.7618713378906,931.9740295410156,-12.212158203125,-0.025210084033613446,-0.4829147742494173,0.5882352941176471,0.6428571428571429,17,14,primary
CentreOfMass_ax3,66,921.615966796875,933.4075927734375,-11.7916259765625,-0.04201680672268908,-0.48102659999964653,0.5882352941176471,0.6428571428571429,17,14,primary
CentreOfMass_ax3,67,923.3942260742188,934.607177734375,-11.21295166015625,-0.04201680672268908,-0.4827119749973328,0.5882352941176471,0.6428571428571429,17,14,primary
CentreOfMass_ax3,68,925.3572998046875,936.3019409179688,-10.94464111328125,-0.05042016806722689,-0.484009732025974,0.5882352941176471,0.6428571428571429,17,14,primary
CentreOfMass_ax3,69,927.4158935546875,937.9568176269531,-10.540924072265625,-0.05042016806722689,-0.4889637942792514,0.5882352941176471,0.6428571428571429,17,14,primary
CentreOfMass_ax3,70,929.5160522460938,939.5336608886719,-10.017608642578125,-0.04201680672268908,-0.4921063665221901,0.5882352941176471,0.6428571428571429,17,14,primary
CentreOfMass_ax3,71,931.4603881835938,941.1368713378906,-9.676483154296875,-0.03361344537815126,-0.4894704987819632,0.5882352941176471,0.6428571428571429,17,14,primary
CentreOfMass_ax3,72,932.9703979492188,943.3983154296875,-10.42791748046875,-0.025210084033613446,-0.4925482317457014,0.5882352941176471,0.6428571428571429,17,14,primary
CentreOfMass_ax3,73,934.7176513671875,945.5375061035156,-10.819854736328125,-0.05042016806722689,-0.4928408006378733,0.5882352941176471,0.6428571428571429,17,14,primary
CentreOfMass_ax3,74,936.653564453125,948.0882263183594,-11.434661865234375,-0.05042016806722689,-0.4969057500730369,0.5882352941176471,0.6428571428571429,17,14,primary
CentreOfMass_ax3,75,938.7330322265625,950.2509155273438,-11.51788330078125,-0.04201680672268908,-0.5021750922643041,0.5882352941176471,0.6428571428571429,17,14,primary
CentreOfMass_ax3,76,940.851318359375,951.9671630859375,-11.1158447265625,-0.03361344537815126,-0.5009445064469843,0.5882352941176471,0.5714285714285714,17,14,primary
CentreOfMass_ax3,77,942.9559936523438,953.5014190673828,-10.545425415039062,-0.03361344537815126,-0.5003457659205106,0.5882352941176471,0.5714285714285714,17,14,primary
CentreOfMass_ax3,78,944.549072265625,954.8690338134766,-10.319961547851562,-0.04201680672268908,-0.5063834466822726,0.5882352941176471,0.5714285714285714,17,14,primary
CentreOfMass_ax3,79,945.7363891601562,956.0749053955078,-10.338516235351562,-0.025210084033613446,-0.5062935761455762,0.5882352941176471,0.5714285714285714,17,14,primary
CentreOfMass_ax3,80,946.73828125,956.9247894287109,-10.186508178710938,-0.025210084033613446,-0.507254315340016,0.5882352941176471,0.5714285714285714,17,14,primary
CentreOfMass_ax3,81,947.5443115234375,957.4346313476562,-9.89031982421875,-0.03361344537815126,-0.5121415698795743,0.5882352941176471,0.6428571428571429,17,14,primary
CentreOfMass_ax3,82,948.4028930664062,957.8419189453125,-9.43902587890625,-0.03361344537815126,-0.5135479374280226,0.5882352941176471,0.6428571428571429,17,14,primary
CentreOfMass_ax3,83,949.3800048828125,958.2828216552734,-8.902816772460938,-0.03361344537815126,-0.5157902367372882,0.5882352941176471,0.6428571428571429,17,14,primary
CentreOfMass_ax3,84,950.0458984375,958.3712463378906,-8.325347900390625,-0.03361344537815126,-0.5216214645003651,0.5882352941176471,0.6428571428571429,17,14,primary
CentreOfMass_ax3,85,950.4065551757812,958.1069946289062,-7.700439453125,-0.008403361344537815,-0.5228192751058229,0.5882352941176471,0.5714285714285714,17,14,primary
CentreOfMass_ax3,86,950.461181640625,957.4346466064453,-6.9734649658203125,-0.01680672268907563,-0.52239624842154,0.5882352941176471,0.6428571428571429,17,14,primary
CentreOfMass_ax3,87,950.0027465820312,956.6205596923828,-6.6178131103515625,-0.008403361344537815,-0.5156442904851166,0.5882352941176471,0.6428571428571429,17,14,primary
CentreOfMass_ax3,88,948.7435913085938,955.7220001220703,-6.9784088134765625,-0.008403361344537815,-0.5071383303537845,0.5882352941176471,0.6428571428571429,17,14,primary
CentreOfMass_ax3,89,947.2108154296875,954.6385498046875,-7.427734375,0.0,-0.5000620943941997,0.5882352941176471,0.6428571428571429,17,14,primary
CentreOfMass_ax3,90,945.4154663085938,953.3495025634766,-7.9340362548828125,0.0,-0.4917616681653466,0.5882352941176471,0.6428571428571429,17,14,primary
CentreOfMass_ax3,91,944.0355834960938,951.7894134521484,-7.7538299560546875,0.0,-0.4837291873817851,0.5882352941176471,0.6428571428571429,17,14,primary
CentreOfMass_ax3,92,942.539306640625,949.9033355712891,-7.3640289306640625,0.0,-0.470023052631976,0.5882352941176471,0.6428571428571429,17,14,primary
CentreOfMass_ax3,93,940.9196166992188,947.9377593994141,-7.0181427001953125,0.008403361344537815,-0.45849966532538794,0.5882352941176471,0.5714285714285714,17,14,primary
CentreOfMass_ax3,94,939.208251953125,945.9614715576172,-6.7532196044921875,0.008403361344537815,-0.4544712337696202,0.5882352941176471,0.5714285714285714,17,14,primary
CentreOfMass_ax3,95,937.4099731445312,943.8516387939453,-6.4416656494140625,0.0,-0.4407905859582065,0.5882352941176471,0.5714285714285714,17,14,primary
CentreOfMass_ax3,96,935.5022583007812,941.7650756835938,-6.2628173828125,-0.025210084033613446,-0.43024932916502057,0.5882352941176471,0.5714285714285714,17,14,primary
CentreOfMass_ax3,97,933.4772338867188,939.7607421875,-6.28350830078125,-0.025210084033613446,-0.4243322017260695,0.5882352941176471,0.5714285714285714,17,14,primary
CentreOfMass_ax3,98,931.1741943359375,938.0093841552734,-6.8351898193359375,-0.01680672268907563,-0.4214053612457028,0.5882352941176471,0.5714285714285714,17,14,primary
CentreOfMass_ax3,99,928.7290649414062,936.3860931396484,-7.6570281982421875,-0.01680672268907563,-0.420454390375087,0.5882352941176471,0.5714285714285714,17,14,primary
CentreOfMass_ax3,100,926.3087768554688,934.7234649658203,-8.414688110351562,-0.008403361344537815,-0.4254153853119958,0.5882352941176471,0.5714285714285714,17,14,primary
HipAngles_ax1_LminusR,0,-28.161295890808105,14.996979653835297,-43.1582755446434,-0.15966386554621848,-0.8706782478462898,0.6470588235294118,0.6428571428571429,17,14,primary_asymmetry
HipAngles_ax1_LminusR,1,-27.94451332092285,15.119873225688934,-43.064386546611786,-0.13445378151260504,-0.8488375496959969,0.6470588235294118,0.6428571428571429,17,14,primary_asymmetry
HipAngles_ax1_LminusR,2,-28.870142459869385,15.27092407643795,-44.141066536307335,-0.1092436974789916,-0.8356897196737552,0.6470588235294118,0.6428571428571429,17,14,primary_asymmetry
HipAngles_ax1_LminusR,3,-30.273959636688232,15.427771111950278,-45.70173074863851,-0.10084033613445378,-0.8277793322429369,0.6470588235294118,0.6428571428571429,17,14,primary_asymmetry
HipAngles_ax1_LminusR,4,-30.242900848388672,15.552971556782722,-45.795872405171394,-0.09243697478991597,-0.8182228190056027,0.6470588235294118,0.6428571428571429,17,14,primary_asymmetry
HipAngles_ax1_LminusR,5,-30.688807010650635,15.575456738471985,-46.26426374912262,-0.10084033613445378,-0.8136773237133565,0.6470588235294118,0.6428571428571429,17,14,primary_asymmetry
HipAngles_ax1_LminusR,6,-30.260796546936035,15.484301179647446,-45.74509772658348,-0.10084033613445378,-0.8101589671163384,0.6470588235294118,0.6428571428571429,17,14,primary_asymmetry
HipAngles_ax1_LminusR,7,-30.143226146697998,15.25893148779869,-45.40215763449669,-0.1092436974789916,-0.8125894659909523,0.6470588235294118,0.6428571428571429,17,14,primary_asymmetry
HipAngles_ax1_LminusR,8,-29.887558460235596,14.9017094373703,-44.789267897605896,-0.11764705882352941,-0.8054219271427442,0.6470588235294118,0.6428571428571429,17,14,primary_asymmetry
HipAngles_ax1_LminusR,9,-30.036751747131348,14.54323947429657,-44.57999122142792,-0.10084033613445378,-0.7920628142613872,0.6470588235294118,0.6428571428571429,17,14,primary_asymmetry
HipAngles_ax1_LminusR,10,-28.301411628723145,14.076427981257439,-42.37783960998058,-0.09243697478991597,-0.7796700841452704,0.6470588235294118,0.6428571428571429,17,14,primary_asymmetry
HipAngles_ax1_LminusR,11,-26.6448974609375,13.566169276833534,-40.211066737771034,-0.10084033613445378,-0.7731298305691879,0.6470588235294118,0.6428571428571429,17,14,primary_asymmetry
HipAngles_ax1_LminusR,12,-24.82562255859375,13.001245021820068,-37.82686758041382,-0.10084033613445378,-0.7641494883460253,0.6470588235294118,0.6428571428571429,17,14,primary_asymmetry
HipAngles_ax1_LminusR,13,-22.69713592529297,12.356104969978333,-35.0532408952713,-0.10084033613445378,-0.7575683993849197,0.6470588235294118,0.6428571428571429,17,14,primary_asymmetry
HipAngles_ax1_LminusR,14,-20.286500930786133,11.454922318458557,-31.74142324924469,-0.10084033613445378,-0.7552138826873025,0.6470588235294118,0.6428571428571429,17,14,primary_asymmetry
HipAngles_ax1_LminusR,15,-17.632129669189453,10.328600406646729,-27.96073007583618,-0.1092436974789916,-0.7525313457327979,0.6470588235294118,0.6428571428571429,17,14,primary_asymmetry
HipAngles_ax1_LminusR,16,-14.699867248535156,8.944305896759033,-23.64417314529419,-0.10084033613445378,-0.7388748780351382,0.6470588235294118,0.6428571428571429,17,14,primary_asymmetry
HipAngles_ax1_LminusR,17,-11.485126495361328,7.457132339477539,-18.942258834838867,-0.09243697478991597,-0.7233904852005804,0.6470588235294118,0.6428571428571429,17,14,primary_asymmetry
HipAngles_ax1_LminusR,18,-8.097845077514648,6.080712795257568,-14.178557872772217,-0.10084033613445378,-0.6966787608809494,0.6470588235294118,0.6428571428571429,17,14,primary_asymmetry
HipAngles_ax1_LminusR,19,-4.735709071159363,4.802095413208008,-9.53780448436737,-0.1092436974789916,-0.6722096499282825,0.7058823529411765,0.6428571428571429,17,14,primary_asymmetry
HipAngles_ax1_LminusR,20,-4.6886608600616455,3.210143566131592,-7.898804426193237,-0.12605042016806722,-0.6344633724777098,0.7058823529411765,0.6428571428571429,17,14,primary_asymmetry
HipAngles_ax1_LminusR,21,-4.325382232666016,1.3923234939575195,-5.717705726623535,-0.13445378151260504,-0.5915115849002349,0.6470588235294118,0.7142857142857143,17,14,primary_asymmetry
HipAngles_ax1_LminusR,22,-2.293548583984375,-0.9204995632171631,-1.373049020767212,-0.12605042016806722,-0.5121048641240036,0.5294117647058824,0.6428571428571429,17,14,primary_asymmetry
HipAngles_ax1_LminusR,23,-1.1562881469726562,-2.068629264831543,0.9123411178588867,-0.03361344537815126,-0.17345900752336163,0.5882352941176471,0.5714285714285714,17,14,primary_asymmetry
HipAngles_ax1_LminusR,24,-0.6035079956054688,-0.8520259857177734,0.2485179901123047,-0.08403361344537816,-0.28427548290515603,0.5294117647058824,0.5,17,14,primary_asymmetry
HipAngles_ax1_LminusR,25,-1.1928482055664062,-1.1159238815307617,-0.07692432403564453,-0.11764705882352941,-0.7342525429632509,0.5294117647058824,0.5,17,14,primary_asymmetry
HipAngles_ax1_LminusR,26,-1.3543195724487305,-1.3819446563720703,0.027625083923339844,-0.09243697478991597,-0.33570570535761,0.5294117647058824,0.5,17,14,primary_asymmetry
HipAngles_ax1_LminusR,27,-1.1445999145507812,-1.0182018280029297,-0.12639808654785156,-0.01680672268907563,0.02567673564095454,0.5294117647058824,0.5,17,14,primary_asymmetry
HipAngles_ax1_LminusR,28,1.5162220001220703,-1.1628761291503906,2.679098129272461,0.11764705882352941,0.43840232984184335,0.5882352941176471,0.5714285714285714,17,14,primary_asymmetry
HipAngles_ax1_LminusR,29,2.4726028442382812,-2.015435218811035,4.488038063049316,0.15126050420168066,0.5790285260645466,0.5882352941176471,0.5714285714285714,17,14,primary_asymmetry
HipAngles_ax1_LminusR,30,2.6437129974365234,-3.3825836181640625,6.026296615600586,0.14285714285714285,0.6532321077021874,0.6470588235294118,0.5714285714285714,17,14,primary_asymmetry
HipAngles_ax1_LminusR,31,3.8984031677246094,-4.549745321273804,8.448148488998413,0.13445378151260504,0.6844471683253996,0.6470588235294118,0.5714285714285714,17,14,primary_asymmetry
HipAngles_ax1_LminusR,32,6.811321258544922,-5.640857458114624,12.452178716659546,0.14285714285714285,0.7142114695332286,0.6470588235294118,0.6428571428571429,17,14,primary_asymmetry
HipAngles_ax1_LminusR,33,9.631874084472656,-6.487921476364136,16.119795560836792,0.13445378151260504,0.7293881692669811,0.6470588235294118,0.6428571428571429,17,14,primary_asymmetry
HipAngles_ax1_LminusR,34,12.32894515991211,-7.286264419555664,19.615209579467773,0.12605042016806722,0.7233455159689621,0.6470588235294118,0.6428571428571429,17,14,primary_asymmetry
HipAngles_ax1_LminusR,35,14.874856948852539,-8.042912125587463,22.917769074440002,0.11764705882352941,0.7340591331291844,0.6470588235294118,0.6428571428571429,17,14,primary_asymmetry
HipAngles_ax1_LminusR,36,17.248146057128906,-8.920438408851624,26.16858446598053,0.12605042016806722,0.7375405990056931,0.6470588235294118,0.6428571428571429,17,14,primary_asymmetry
HipAngles_ax1_LminusR,37,19.4357967376709,-9.683972239494324,29.119768977165222,0.11764705882352941,0.7303076908080796,0.6470588235294118,0.6428571428571429,17,14,primary_asymmetry
HipAngles_ax1_LminusR,38,20.777393341064453,-10.277358174324036,31.05475151538849,0.07563025210084033,0.7149020762115869,0.6470588235294118,0.6428571428571429,17,14,primary_asymmetry
HipAngles_ax1_LminusR,39,21.67497682571411,-10.37366771697998,32.04864454269409,0.06722689075630252,0.70404532245016,0.6470588235294118,0.6428571428571429,17,14,primary_asymmetry
HipAngles_ax1_LminusR,40,22.33957815170288,-9.573697686195374,31.913275837898254,0.06722689075630252,0.6970830929291475,0.6470588235294118,0.6428571428571429,17,14,primary_asymmetry
HipAngles_ax1_LminusR,41,22.856872081756592,-8.887209057807922,31.744081139564514,0.06722689075630252,0.6907452037960656,0.6470588235294118,0.6428571428571429,17,14,primary_asymmetry
HipAngles_ax1_LminusR,42,23.20583200454712,-8.354079782962799,31.559911787509918,0.07563025210084033,0.6872120304999102,0.6470588235294118,0.6428571428571429,17,14,primary_asymmetry
HipAngles_ax1_LminusR,43,23.562777042388916,-8.00124940276146,31.564026445150375,0.10084033613445378,0.6843538302180678,0.6470588235294118,0.6428571428571429,17,14,primary_asymmetry
HipAngles_ax1_LminusR,44,23.960490226745605,-7.8116248697042465,31.772115096449852,0.1092436974789916,0.6814459065655294,0.6470588235294118,0.6428571428571429,17,14,primary_asymmetry
HipAngles_ax1_LminusR,45,24.407898902893066,-7.76928997784853,32.177188880741596,0.10084033613445378,0.678839705210768,0.6470588235294118,0.6428571428571429,17,14,primary_asymmetry
HipAngles_ax1_LminusR,46,24.892935752868652,-7.848899446427822,32.741835199296474,0.09243697478991597,0.6759050597212389,0.6470588235294118,0.6428571428571429,17,14,primary_asymmetry
HipAngles_ax1_LminusR,47,25.174094200134277,-8.02406045794487,33.19815465807915,0.09243697478991597,0.6663066102310655,0.6470588235294118,0.6428571428571429,17,14,primary_asymmetry
HipAngles_ax1_LminusR,48,25.366860389709473,-8.225586354732513,33.592446744441986,0.08403361344537816,0.6491955812048232,0.6470588235294118,0.6428571428571429,17,14,primary_asymmetry
HipAngles_ax1_LminusR,49,25.554064750671387,-8.479950308799744,34.03401505947113,0.08403361344537816,0.6349707215618456,0.6470588235294118,0.6428571428571429,17,14,primary_asymmetry
HipAngles_ax1_LminusR,50,25.745673656463623,-8.701730370521545,34.44740402698517,0.08403361344537816,0.6228770818991014,0.6470588235294118,0.6428571428571429,17,14,primary_asymmetry
HipAngles_ax1_LminusR,51,25.903095960617065,-8.965704679489136,34.8688006401062,0.08403361344537816,0.6180434604957724,0.6470588235294118,0.6428571428571429,17,14,primary_asymmetry
HipAngles_ax1_LminusR,52,26.024097204208374,-9.268540501594543,35.29263770580292,0.08403361344537816,0.6123933681333483,0.6470588235294118,0.6428571428571429,17,14,primary_asymmetry
HipAngles_ax1_LminusR,53,26.170350313186646,-9.580706715583801,35.75105702877045,0.09243697478991597,0.6088950531813297,0.6470588235294118,0.6428571428571429,17,14,primary_asymmetry
HipAngles_ax1_LminusR,54,26.286272764205933,-9.908386707305908,36.19465947151184,0.09243697478991597,0.6104557696068947,0.6470588235294118,0.6428571428571429,17,14,primary_asymmetry
HipAngles_ax1_LminusR,55,26.184372186660767,-10.279803395271301,36.46417558193207,0.10084033613445378,0.6197922849177724,0.6470588235294118,0.6428571428571429,17,14,primary_asymmetry
HipAngles_ax1_LminusR,56,25.77131676673889,-10.839735984802246,36.61105275154114,0.12605042016806722,0.6368747103016722,0.6470588235294118,0.6428571428571429,17,14,primary_asymmetry
HipAngles_ax1_LminusR,57,25.20928430557251,-11.491906642913818,36.70119094848633,0.13445378151260504,0.6574782757296028,0.6470588235294118,0.6428571428571429,17,14,primary_asymmetry
HipAngles_ax1_LminusR,58,24.49326229095459,-12.337701559066772,36.83096385002136,0.11764705882352941,0.6718737282934276,0.6470588235294118,0.6428571428571429,17,14,primary_asymmetry
HipAngles_ax1_LminusR,59,23.588993310928345,-13.053017258644104,36.64201056957245,0.12605042016806722,0.6760571113690711,0.6470588235294118,0.6428571428571429,17,14,primary_asymmetry
HipAngles_ax1_LminusR,60,22.35620379447937,-13.488755345344543,35.844959139823914,0.1092436974789916,0.6691203852946982,0.6470588235294118,0.6428571428571429,17,14,primary_asymmetry
HipAngles_ax1_LminusR,61,20.89271879196167,-13.955601692199707,34.84832048416138,0.1092436974789916,0.6580998147861604,0.6470588235294118,0.6428571428571429,17,14,primary_asymmetry
HipAngles_ax1_LminusR,62,19.16291093826294,-14.353088617324829,33.51599955558777,0.12605042016806722,0.6570011482607375,0.6470588235294118,0.6428571428571429,17,14,primary_asymmetry
HipAngles_ax1_LminusR,63,17.045193195343018,-13.345976207405329,30.391169402748346,0.16806722689075632,0.6650689447903457,0.6470588235294118,0.6428571428571429,17,14,primary_asymmetry
HipAngles_ax1_LminusR,64,14.694855213165283,-12.184178456664085,26.87903366982937,0.15126050420168066,0.679852512903229,0.6470588235294118,0.6428571428571429,17,14,primary_asymmetry
HipAngles_ax1_LminusR,65,12.077863216400146,-10.849085509777069,22.926948726177216,0.16806722689075632,0.6837471476849298,0.6470588235294118,0.6428571428571429,17,14,primary_asymmetry
HipAngles_ax1_LminusR,66,9.299674987792969,-9.390198707580566,18.689873695373535,0.16806722689075632,0.6654152051960358,0.6470588235294118,0.6428571428571429,17,14,primary_asymmetry
HipAngles_ax1_LminusR,67,6.424878120422363,-7.939679265022278,14.364557385444641,0.15966386554621848,0.6296072181542101,0.6470588235294118,0.6428571428571429,17,14,primary_asymmetry
HipAngles_ax1_LminusR,68,4.547717094421387,-6.389912009239197,10.937629103660583,0.15126050420168066,0.5760460091491354,0.6470588235294118,0.6428571428571429,17,14,primary_asymmetry
HipAngles_ax1_LminusR,69,3.5959434509277344,-4.82637357711792,8.422317028045654,0.13445378151260504,0.4999340190843857,0.6470588235294118,0.5714285714285714,17,14,primary_asymmetry
HipAngles_ax1_LminusR,70,0.3132171630859375,-3.220269203186035,3.5334863662719727,0.11764705882352941,0.3718133637177744,0.6470588235294118,0.5,17,14,primary_asymmetry
HipAngles_ax1_LminusR,71,-0.25311279296875,-2.0604207515716553,1.8073079586029053,0.14285714285714285,0.22752224341734917,0.5294117647058824,0.5,17,14,primary_asymmetry
HipAngles_ax1_LminusR,72,-0.22403430938720703,-1.675398826599121,1.451364517211914,0.058823529411764705,-0.06881920119900058,0.5882352941176471,0.5714285714285714,17,14,primary_asymmetry
HipAngles_ax1_LminusR,73,-0.8351898193359375,-0.9118142127990723,0.07662439346313477,-0.10084033613445378,-0.7575865526947224,0.5294117647058824,0.5,17,14,primary_asymmetry
HipAngles_ax1_LminusR,74,-2.1652488708496094,-0.15888166427612305,-2.0063672065734863,-0.2184873949579832,-1.2331450017100758,0.7058823529411765,0.6428571428571429,17,14,primary_asymmetry
HipAngles_ax1_LminusR,75,-1.767578125,-0.5433435440063477,-1.2242345809936523,-0.19327731092436976,-1.2170469194528932,0.6470588235294118,0.6428571428571429,17,14,primary_asymmetry
HipAngles_ax1_LminusR,76,-1.403289794921875,0.6219081878662109,-2.025197982788086,-0.20168067226890757,-1.0605621308597242,0.7647058823529411,0.5714285714285714,17,14,primary_asymmetry
HipAngles_ax1_LminusR,77,-1.8958072662353516,1.2345380783081055,-3.130345344543457,-0.29411764705882354,-1.385837144852963,0.6470588235294118,0.7142857142857143,17,14,primary_asymmetry
HipAngles_ax1_LminusR,78,-5.066307067871094,1.9182546138763428,-6.9845616817474365,-0.2184873949579832,-1.2922416371703058,0.6470588235294118,0.7857142857142857,17,14,primary_asymmetry
HipAngles_ax1_LminusR,79,-6.932563781738281,3.535754919052124,-10.468318700790405,-0.226890756302521,-1.27223124894381,0.6470588235294118,0.7857142857142857,17,14,primary_asymmetry
HipAngles_ax1_LminusR,80,-8.261451721191406,4.243459224700928,-12.504910945892334,-0.2184873949579832,-1.2191542493740277,0.6470588235294118,0.7857142857142857,17,14,primary_asymmetry
HipAngles_ax1_LminusR,81,-11.279561996459961,4.28869104385376,-15.56825304031372,-0.226890756302521,-1.1777413091844384,0.6470588235294118,0.7857142857142857,17,14,primary_asymmetry
HipAngles_ax1_LminusR,82,-14.300575256347656,5.4612274169921875,-19.761802673339844,-0.2184873949579832,-1.1415546124946572,0.6470588235294118,0.7857142857142857,17,14,primary_asymmetry
HipAngles_ax1_LminusR,83,-17.144710540771484,6.742577075958252,-23.887287616729736,-0.19327731092436976,-1.1103670176559002,0.6470588235294118,0.7857142857142857,17,14,primary_asymmetry
HipAngles_ax1_LminusR,84,-18.1805477142334,7.924687385559082,-26.10523509979248,-0.21008403361344538,-1.0857798330298107,0.6470588235294118,0.7857142857142857,17,14,primary_asymmetry
HipAngles_ax1_LminusR,85,-17.545734405517578,9.033571243286133,-26.57930564880371,-0.21008403361344538,-1.0692751901723732,0.6470588235294118,0.6428571428571429,17,14,primary_asymmetry
HipAngles_ax1_LminusR,86,-16.695537567138672,9.98704481124878,-26.68258237838745,-0.23529411764705882,-1.0505417139454247,0.6470588235294118,0.6428571428571429,17,14,primary_asymmetry
HipAngles_ax1_LminusR,87,-15.750774383544922,10.62276554107666,-26.373539924621582,-0.24369747899159663,-1.0217681101728329,0.6470588235294118,0.6428571428571429,17,14,primary_asymmetry
HipAngles_ax1_LminusR,88,-14.762088775634766,11.167490243911743,-25.92957901954651,-0.2605042016806723,-0.9992655155836756,0.6470588235294118,0.6428571428571429,17,14,primary_asymmetry
HipAngles_ax1_LminusR,89,-13.741416931152344,11.686856746673584,-25.428273677825928,-0.2689075630252101,-0.9760366115641758,0.6470588235294118,0.6428571428571429,17,14,primary_asymmetry
HipAngles_ax1_LminusR,90,-12.681514739990234,12.156868696212769,-24.838383436203003,-0.25210084033613445,-0.9550231173234711,0.6470588235294118,0.6428571428571429,17,14,primary_asymmetry
HipAngles_ax1_LminusR,91,-11.474346160888672,12.622036933898926,-24.096383094787598,-0.23529411764705882,-0.9362145213074466,0.6470588235294118,0.6428571428571429,17,14,primary_asymmetry
HipAngles_ax1_LminusR,92,-10.294517517089844,13.079183101654053,-23.373700618743896,-0.2184873949579832,-0.9245612620404026,0.6470588235294118,0.6428571428571429,17,14,primary_asymmetry
HipAngles_ax1_LminusR,93,-9.162601470947266,13.504797220230103,-22.667398691177368,-0.2184873949579832,-0.9186905596482139,0.6470588235294118,0.6428571428571429,17,14,primary_asymmetry
HipAngles_ax1_LminusR,94,-8.009380340576172,13.797911643981934,-21.807291984558105,-0.226890756302521,-0.9125148883808011,0.6470588235294118,0.6428571428571429,17,14,primary_asymmetry
HipAngles_ax1_LminusR,95,-6.8363494873046875,13.969148635864258,-20.805498123168945,-0.21008403361344538,-0.9004609184723908,0.6470588235294118,0.6428571428571429,17,14,primary_asymmetry
HipAngles_ax1_LminusR,96,-5.784996032714844,14.160618662834167,-19.94561469554901,-0.19327731092436976,-0.8844378630469617,0.6470588235294118,0.6428571428571429,17,14,primary_asymmetry
HipAngles_ax1_LminusR,97,-4.918422698974609,14.38000774383545,-19.29843044281006,-0.18487394957983194,-0.8584111717886675,0.6470588235294118,0.6428571428571429,17,14,primary_asymmetry
HipAngles_ax1_LminusR,98,-4.202587127685547,14.618062019348145,-18.82064914703369,-0.18487394957983194,-0.833709337378233,0.6470588235294118,0.6428571428571429,17,14,primary_asymmetry
HipAngles_ax1_LminusR,99,-3.6606979370117188,14.838109970092773,-18.498807907104492,-0.15966386554621848,-0.8041226822844718,0.6470588235294118,0.6428571428571429,17,14,primary_asymmetry
HipAngles_ax1_LminusR,100,-3.451313018798828,15.007410168647766,-18.458723187446594,-0.13445378151260504,-0.777519900411366,0.6470588235294118,0.6428571428571429,17,14,primary_asymmetry
HipAngles_ax1_absLminusR,0,39.89609554409981,35.34063148498535,4.555464059114456,0.2857142857142857,0.735179232394565,0.6470588235294118,0.7857142857142857,17,14,primary_asymmetry
HipAngles_ax1_absLminusR,1,40.16073000431061,35.83228397369385,4.32844603061676,0.2857142857142857,0.7184649436801764,0.6470588235294118,0.7857142857142857,17,14,primary_asymmetry
HipAngles_ax1_absLminusR,2,40.68611387349665,36.15565878152847,4.530455091968179,0.2689075630252101,0.7262755358575752,0.6470588235294118,0.7857142857142857,17,14,primary_asymmetry
HipAngles_ax1_absLminusR,3,41.02696195244789,36.30983346700668,4.717128485441208,0.2689075630252101,0.7472200905210534,0.7058823529411765,0.7857142857142857,17,14,primary_asymmetry
HipAngles_ax1_absLminusR,4,41.15616583824158,36.336851954460144,4.819313883781433,0.2857142857142857,0.7428703294958613,0.7058823529411765,0.7857142857142857,17,14,primary_asymmetry
HipAngles_ax1_absLminusR,5,41.06936910748482,36.365060806274414,4.704308301210403,0.2689075630252101,0.7359246698542784,0.7058823529411765,0.7857142857142857,17,14,primary_asymmetry
HipAngles_ax1_absLminusR,6,40.78240662813187,36.098952770233154,4.683453857898712,0.2689075630252101,0.7079140541958048,0.7058823529411765,0.7857142857142857,17,14,primary_asymmetry
HipAngles_ax1_absLminusR,7,40.31970226764679,35.66322135925293,4.65648090839386,0.25210084033613445,0.6841118830191298,0.6470588235294118,0.7857142857142857,17,14,primary_asymmetry
HipAngles_ax1_absLminusR,8,39.87581932544708,35.00745487213135,4.868364453315735,0.2605042016806723,0.6758573076460564,0.6470588235294118,0.7857142857142857,17,14,primary_asymmetry
HipAngles_ax1_absLminusR,9,38.94488596916199,34.136213302612305,4.808672666549683,0.25210084033613445,0.6729145861068876,0.7058823529411765,0.7857142857142857,17,14,primary_asymmetry
HipAngles_ax1_absLminusR,10,38.069385170936584,33.03810262680054,5.031282544136047,0.2773109243697479,0.6759876030363177,0.7058823529411765,0.7857142857142857,17,14,primary_asymmetry
HipAngles_ax1_absLminusR,11,36.79789191484451,31.790311574935913,5.0075803399086,0.2689075630252101,0.6608861593248966,0.7058823529411765,0.7857142857142857,17,14,primary_asymmetry
HipAngles_ax1_absLminusR,12,35.609503507614136,30.23755693435669,5.371946573257446,0.2773109243697479,0.6500639635797004,0.7058823529411765,0.8571428571428571,17,14,primary_asymmetry
HipAngles_ax1_absLminusR,13,33.603734254837036,28.56369435787201,5.040039896965027,0.2605042016806723,0.6547790706582749,0.7058823529411765,0.8571428571428571,17,14,primary_asymmetry
HipAngles_ax1_absLminusR,14,30.951746225357056,26.72658395767212,4.2251622676849365,0.2689075630252101,0.67101257179851,0.7058823529411765,0.8571428571428571,17,14,primary_asymmetry
HipAngles_ax1_absLminusR,15,28.084673166275024,24.512452363967896,3.572220802307129,0.2605042016806723,0.7102157277585643,0.6470588235294118,0.7857142857142857,17,14,primary_asymmetry
HipAngles_ax1_absLminusR,16,25.138843178749084,21.55850076675415,3.580342411994934,0.2689075630252101,0.7961925862547556,0.6470588235294118,0.7857142857142857,17,14,primary_asymmetry
HipAngles_ax1_absLminusR,17,22.150980949401855,18.300411462783813,3.850569486618042,0.2605042016806723,0.8872441873585769,0.6470588235294118,0.7857142857142857,17,14,primary_asymmetry
HipAngles_ax1_absLminusR,18,19.13798189163208,14.874836206436157,4.263145685195923,0.2773109243697479,0.9654338567524995,0.7058823529411765,0.8571428571428571,17,14,primary_asymmetry
HipAngles_ax1_absLminusR,19,15.843013763427734,11.37958836555481,4.463425397872925,0.2857142857142857,1.0683289592280039,0.7058823529411765,0.8571428571428571,17,14,primary_asymmetry
HipAngles_ax1_absLminusR,20,12.23463249206543,7.9586181640625,4.27601432800293,0.29411764705882354,1.2489150649789014,0.7058823529411765,0.8571428571428571,17,14,primary_asymmetry
HipAngles_ax1_absLminusR,21,8.495468139648438,4.764274597167969,3.7311935424804688,0.33613445378151263,1.6288946105046078,0.7058823529411765,0.7142857142857143,17,14,primary_asymmetry
HipAngles_ax1_absLminusR,22,4.808624267578125,2.459118366241455,2.34950590133667,0.37815126050420167,2.0651007575395326,0.7647058823529411,0.7142857142857143,17,14,primary_asymmetry
HipAngles_ax1_absLminusR,23,3.6375503540039062,2.8454065322875977,0.7921438217163086,0.21008403361344538,1.2563272493435056,0.5294117647058824,0.6428571428571429,17,14,primary_asymmetry
HipAngles_ax1_absLminusR,24,2.168478012084961,1.9662742614746094,0.20220375061035156,0.058823529411764705,0.1871541074775446,0.5294117647058824,0.5,17,14,primary_asymmetry
HipAngles_ax1_absLminusR,25,1.1928482055664062,2.369607925415039,-1.1767597198486328,-0.11764705882352941,-0.31087833436436113,0.5294117647058824,0.7142857142857143,17,14,primary_asymmetry
HipAngles_ax1_absLminusR,26,1.9938220977783203,3.0050697326660156,-1.0112476348876953,-0.13445378151260504,-1.00660196350689,0.6470588235294118,0.5714285714285714,17,14,primary_asymmetry
HipAngles_ax1_absLminusR,27,2.5847320556640625,3.5278525352478027,-0.9431204795837402,-0.17647058823529413,-1.2759951039412116,0.5294117647058824,0.5714285714285714,17,14,primary_asymmetry
HipAngles_ax1_absLminusR,28,4.389087677001953,5.662123680114746,-1.273036003112793,-0.08403361344537816,-0.7241794969320363,0.5882352941176471,0.5714285714285714,17,14,primary_asymmetry
HipAngles_ax1_absLminusR,29,7.218799591064453,7.169074058532715,0.04972553253173828,-0.08403361344537816,-0.7102162706078838,0.5294117647058824,0.5,17,14,primary_asymmetry
HipAngles_ax1_absLminusR,30,10.440835952758789,9.87828254699707,0.5625534057617188,-0.08403361344537816,-0.6816515260812486,0.5882352941176471,0.5714285714285714,17,14,primary_asymmetry
HipAngles_ax1_absLminusR,31,13.769148826599121,12.750289916992188,1.0188589096069336,-0.11764705882352941,-0.5977124642140881,0.5294117647058824,0.5714285714285714,17,14,primary_asymmetry
HipAngles_ax1_absLminusR,32,16.97873020172119,15.520533084869385,1.4581971168518066,-0.11764705882352941,-0.516698069829719,0.5294117647058824,0.5714285714285714,17,14,primary_asymmetry
HipAngles_ax1_absLminusR,33,19.0133056640625,18.183847904205322,0.8294577598571777,-0.12605042016806722,-0.42323408035405635,0.5294117647058824,0.5714285714285714,17,14,primary_asymmetry
HipAngles_ax1_absLminusR,34,20.588241577148438,20.59191083908081,-0.003669261932373047,-0.09243697478991597,-0.32050885030303466,0.5294117647058824,0.5,17,14,primary_asymmetry
HipAngles_ax1_absLminusR,35,21.999780654907227,22.37055802345276,-0.3707773685455322,-0.09243697478991597,-0.26501750747800507,0.5882352941176471,0.5,17,14,primary_asymmetry
HipAngles_ax1_absLminusR,36,23.49586296081543,24.042979836463928,-0.5471168756484985,-0.06722689075630252,-0.156886211025787,0.5294117647058824,0.5,17,14,primary_asymmetry
HipAngles_ax1_absLminusR,37,24.649362564086914,25.51353907585144,-0.8641765117645264,-0.03361344537815126,-0.04518293540424838,0.5294117647058824,0.5,17,14,primary_asymmetry
HipAngles_ax1_absLminusR,38,25.901390075683594,26.06399369239807,-0.16260361671447754,-0.05042016806722689,0.024610532195141404,0.5294117647058824,0.5714285714285714,17,14,primary_asymmetry
HipAngles_ax1_absLminusR,39,26.8426570892334,26.698426246643066,0.14423084259033203,-0.01680672268907563,0.07707781224308993,0.5882352941176471,0.5,17,14,primary_asymmetry
HipAngles_ax1_absLminusR,40,28.006757736206055,27.871872186660767,0.13488554954528809,-0.008403361344537815,0.11239460578091061,0.5294117647058824,0.5,17,14,primary_asymmetry
HipAngles_ax1_absLminusR,41,29.051246643066406,29.08232021331787,-0.031073570251464844,-0.008403361344537815,0.13952914322356158,0.5294117647058824,0.5,17,14,primary_asymmetry
HipAngles_ax1_absLminusR,42,29.991147994995117,30.23511654138565,-0.24396854639053345,-0.04201680672268908,0.16573483308983855,0.5882352941176471,0.5,17,14,primary_asymmetry
HipAngles_ax1_absLminusR,43,30.156166076660156,31.263614520430565,-1.1074484437704086,-0.03361344537815126,0.19083414954260666,0.5882352941176471,0.5714285714285714,17,14,primary_asymmetry
HipAngles_ax1_absLminusR,44,30.95442008972168,32.2502616699785,-1.2958415802568197,-0.04201680672268908,0.2048786578818745,0.5882352941176471,0.6428571428571429,17,14,primary_asymmetry
HipAngles_ax1_absLminusR,45,32.10094499588013,33.18100881949067,-1.0800638236105442,-0.05042016806722689,0.21942091233394748,0.6470588235294118,0.6428571428571429,17,14,primary_asymmetry
HipAngles_ax1_absLminusR,46,33.143370389938354,33.9687335640192,-0.8253631740808487,-0.07563025210084033,0.23837490655936536,0.6470588235294118,0.6428571428571429,17,14,primary_asymmetry
HipAngles_ax1_absLminusR,47,33.73241901397705,35.01612854003906,-1.2837095260620117,-0.058823529411764705,0.25862071353819427,0.6470588235294118,0.6428571428571429,17,14,primary_asymmetry
HipAngles_ax1_absLminusR,48,34.15380573272705,36.00215530395508,-1.8483495712280273,-0.07563025210084033,0.26945322621860146,0.7058823529411765,0.6428571428571429,17,14,primary_asymmetry
HipAngles_ax1_absLminusR,49,34.56339359283447,36.89047622680664,-2.327082633972168,-0.08403361344537816,0.2819575863822974,0.7058823529411765,0.6428571428571429,17,14,primary_asymmetry
HipAngles_ax1_absLminusR,50,34.92235469818115,37.80632305145264,-2.8839683532714844,-0.06722689075630252,0.3037188241194261,0.7058823529411765,0.6428571428571429,17,14,primary_asymmetry
HipAngles_ax1_absLminusR,51,35.607643127441406,38.551289558410645,-2.9436464309692383,-0.058823529411764705,0.3212576915633439,0.7058823529411765,0.6428571428571429,17,14,primary_asymmetry
HipAngles_ax1_absLminusR,52,35.96748924255371,39.173624992370605,-3.2061357498168945,-0.04201680672268908,0.3442305749690863,0.7058823529411765,0.6428571428571429,17,14,primary_asymmetry
HipAngles_ax1_absLminusR,53,36.144012451171875,39.49762439727783,-3.353611946105957,-0.008403361344537815,0.3568205716153931,0.7058823529411765,0.5714285714285714,17,14,primary_asymmetry
HipAngles_ax1_absLminusR,54,36.40328502655029,39.57323598861694,-3.1699509620666504,0.008403361344537815,0.3535705373385567,0.7058823529411765,0.5714285714285714,17,14,primary_asymmetry
HipAngles_ax1_absLminusR,55,36.401641845703125,39.34477519989014,-2.9431333541870117,0.0,0.32460876918550524,0.7058823529411765,0.5714285714285714,17,14,primary_asymmetry
HipAngles_ax1_absLminusR,56,35.98316287994385,39.01534366607666,-3.0321807861328125,-0.01680672268907563,0.28649847055096805,0.7058823529411765,0.5714285714285714,17,14,primary_asymmetry
HipAngles_ax1_absLminusR,57,35.421502113342285,38.268184185028076,-2.846682071685791,-0.025210084033613446,0.25757361323899775,0.7647058823529411,0.5714285714285714,17,14,primary_asymmetry
HipAngles_ax1_absLminusR,58,34.764923095703125,37.24250364303589,-2.4775805473327637,-0.03361344537815126,0.25357825263850453,0.6470588235294118,0.5714285714285714,17,14,primary_asymmetry
HipAngles_ax1_absLminusR,59,34.038790702819824,36.09135866165161,-2.052567958831787,-0.008403361344537815,0.23439053018363623,0.5882352941176471,0.5714285714285714,17,14,primary_asymmetry
HipAngles_ax1_absLminusR,60,33.17211723327637,34.85965013504028,-1.687532901763916,0.01680672268907563,0.18304309854389783,0.5294117647058824,0.5714285714285714,17,14,primary_asymmetry
HipAngles_ax1_absLminusR,61,31.989286422729492,33.56885385513306,-1.5795674324035645,-0.008403361344537815,0.10883377405393968,0.5294117647058824,0.5714285714285714,17,14,primary_asymmetry
HipAngles_ax1_absLminusR,62,30.44740104675293,32.08167617022991,-1.6342751234769821,-0.04201680672268908,0.039431610387102786,0.5294117647058824,0.6428571428571429,17,14,primary_asymmetry
HipAngles_ax1_absLminusR,63,28.768478393554688,31.585199236869812,-2.8167208433151245,-0.05042016806722689,-0.059395755646937665,0.6470588235294118,0.5714285714285714,17,14,primary_asymmetry
HipAngles_ax1_absLminusR,64,26.92484474182129,29.524399280548096,-2.5995545387268066,-0.058823529411764705,-0.18733566328664183,0.6470588235294118,0.5714285714285714,17,14,primary_asymmetry
HipAngles_ax1_absLminusR,65,24.80909538269043,26.740787029266357,-1.9316916465759277,-0.09243697478991597,-0.31762640932447544,0.6470588235294118,0.5714285714285714,17,14,primary_asymmetry
HipAngles_ax1_absLminusR,66,21.79076099395752,23.764611959457397,-1.973850965499878,-0.1092436974789916,-0.4274680291429733,0.6470588235294118,0.5714285714285714,17,14,primary_asymmetry
HipAngles_ax1_absLminusR,67,18.4731502532959,20.62786227464676,-2.1547120213508606,-0.13445378151260504,-0.5505565137823899,0.7058823529411765,0.5714285714285714,17,14,primary_asymmetry
HipAngles_ax1_absLminusR,68,15.356326580047607,17.2699893116951,-1.9136627316474915,-0.14285714285714285,-0.6917046559478035,0.7058823529411765,0.5714285714285714,17,14,primary_asymmetry
HipAngles_ax1_absLminusR,69,12.15577507019043,13.855605006217957,-1.6998299360275269,-0.16806722689075632,-0.8709751131075478,0.6470588235294118,0.5714285714285714,17,14,primary_asymmetry
HipAngles_ax1_absLminusR,70,8.935484886169434,10.332839965820312,-1.397355079650879,-0.19327731092436976,-0.9778671150888476,0.6470588235294118,0.5714285714285714,17,14,primary_asymmetry
HipAngles_ax1_absLminusR,71,5.72330379486084,6.908257007598877,-1.184953212738037,-0.21008403361344538,-1.0569361054656239,0.7058823529411765,0.6428571428571429,17,14,primary_asymmetry
HipAngles_ax1_absLminusR,72,3.044647216796875,4.011993885040283,-0.9673466682434082,-0.24369747899159663,-1.2008950112835308,0.6470588235294118,0.6428571428571429,17,14,primary_asymmetry
HipAngles_ax1_absLminusR,73,1.6331462860107422,2.3439817428588867,-0.7108354568481445,-0.21008403361344538,-0.9058228923386429,0.5294117647058824,0.5714285714285714,17,14,primary_asymmetry
HipAngles_ax1_absLminusR,74,2.64532470703125,3.429903984069824,-0.7845792770385742,-0.23529411764705882,-0.8943254435956586,0.7647058823529411,0.5714285714285714,17,14,primary_asymmetry
HipAngles_ax1_absLminusR,75,1.9137115478515625,3.0360288619995117,-1.1223173141479492,-0.31932773109243695,-1.0704031780872454,0.7647058823529411,0.7857142857142857,17,14,primary_asymmetry
HipAngles_ax1_absLminusR,76,2.4616012573242188,3.4185943603515625,-0.9569931030273438,-0.3025210084033613,-0.9323388915949552,0.7058823529411765,0.7857142857142857,17,14,primary_asymmetry
HipAngles_ax1_absLminusR,77,3.7219314575195312,4.643455982208252,-0.9215245246887207,-0.008403361344537815,0.3867989132907529,0.6470588235294118,0.6428571428571429,17,14,primary_asymmetry
HipAngles_ax1_absLminusR,78,6.5561065673828125,5.320270538330078,1.2358360290527344,0.16806722689075632,1.0790241536071365,0.7058823529411765,0.5714285714285714,17,14,primary_asymmetry
HipAngles_ax1_absLminusR,79,9.390644073486328,6.765540599822998,2.62510347366333,0.23529411764705882,1.527535036356313,0.8235294117647058,0.5714285714285714,17,14,primary_asymmetry
HipAngles_ax1_absLminusR,80,12.137813568115234,9.012989044189453,3.1248245239257812,0.23529411764705882,1.4739993804408804,0.7647058823529411,0.5714285714285714,17,14,primary_asymmetry
HipAngles_ax1_absLminusR,81,14.748523712158203,11.381122589111328,3.367401123046875,0.19327731092436976,1.2951269460046382,0.7647058823529411,0.5714285714285714,17,14,primary_asymmetry
HipAngles_ax1_absLminusR,82,17.293195724487305,13.769334316253662,3.5238614082336426,0.17647058823529413,1.1184840814091082,0.8235294117647058,0.5714285714285714,17,14,primary_asymmetry
HipAngles_ax1_absLminusR,83,19.255295753479004,16.13169002532959,3.123605728149414,0.14285714285714285,0.921955783280921,0.8235294117647058,0.5714285714285714,17,14,primary_asymmetry
HipAngles_ax1_absLminusR,84,21.60289478302002,18.360469818115234,3.242424964904785,0.15966386554621848,0.7700945091511341,0.7647058823529411,0.5714285714285714,17,14,primary_asymmetry
HipAngles_ax1_absLminusR,85,23.472002029418945,20.453553676605225,3.0184483528137207,0.15126050420168066,0.6625090437425248,0.7647058823529411,0.5714285714285714,17,14,primary_asymmetry
HipAngles_ax1_absLminusR,86,25.419851303100586,22.274088621139526,3.1457626819610596,0.16806722689075632,0.5819018945777039,0.7647058823529411,0.6428571428571429,17,14,primary_asymmetry
HipAngles_ax1_absLminusR,87,27.025975227355957,23.99783182144165,3.0281434059143066,0.18487394957983194,0.5279288589986644,0.7647058823529411,0.6428571428571429,17,14,primary_asymmetry
HipAngles_ax1_absLminusR,88,28.51416778564453,25.53729486465454,2.9768729209899902,0.21008403361344538,0.5094531798943246,0.7058823529411765,0.7142857142857143,17,14,primary_asymmetry
HipAngles_ax1_absLminusR,89,29.864712715148926,27.08815050125122,2.776562213897705,0.23529411764705882,0.4747536837585707,0.7058823529411765,0.7142857142857143,17,14,primary_asymmetry
HipAngles_ax1_absLminusR,90,30.900446891784668,28.25587558746338,2.644571304321289,0.2605042016806723,0.4393245836960698,0.7058823529411765,0.7142857142857143,17,14,primary_asymmetry
HipAngles_ax1_absLminusR,91,31.824594497680664,29.156282901763916,2.668311595916748,0.25210084033613445,0.3962853380718475,0.7058823529411765,0.7142857142857143,17,14,primary_asymmetry
HipAngles_ax1_absLminusR,92,32.83738899230957,29.948199033737183,2.8891899585723877,0.2605042016806723,0.3718459924667433,0.7058823529411765,0.8571428571428571,17,14,primary_asymmetry
HipAngles_ax1_absLminusR,93,33.61589586734772,30.69888734817505,2.9170085191726685,0.25210084033613445,0.34531724381401385,0.7058823529411765,0.8571428571428571,17,14,primary_asymmetry
HipAngles_ax1_absLminusR,94,34.200414419174194,31.408979892730713,2.7914345264434814,0.23529411764705882,0.31360042128468774,0.5882352941176471,0.8571428571428571,17,14,primary_asymmetry
HipAngles_ax1_absLminusR,95,34.69016695022583,32.12142634391785,2.5687406063079834,0.2184873949579832,0.28395884032950525,0.5882352941176471,0.7142857142857143,17,14,primary_asymmetry
HipAngles_ax1_absLminusR,96,34.93623113632202,32.83821225166321,2.0980188846588135,0.226890756302521,0.25844943095490563,0.5882352941176471,0.6428571428571429,17,14,primary_asymmetry
HipAngles_ax1_absLminusR,97,34.90522599220276,33.48538684844971,1.4198391437530518,0.226890756302521,0.24014853209374384,0.5294117647058824,0.5714285714285714,17,14,primary_asymmetry
HipAngles_ax1_absLminusR,98,34.79435086250305,33.88099026679993,0.913360595703125,0.21008403361344538,0.22330086179849631,0.5882352941176471,0.5714285714285714,17,14,primary_asymmetry
HipAngles_ax1_absLminusR,99,35.07574677467346,34.46205788850784,0.6136888861656189,0.18487394957983194,0.21243286959009558,0.6470588235294118,0.5,17,14,primary_asymmetry
HipAngles_ax1_absLminusR,100,35.84182155132294,35.15865249559283,0.6831690557301044,0.21008403361344538,0.19167220747737115,0.5882352941176471,0.5714285714285714,17,14,primary_asymmetry
KneeAngles_ax1_LminusR,0,-1.2676143646240234,-1.7803092002868652,0.5126948356628418,0.03361344537815126,0.30751525136634555,0.5294117647058824,0.5714285714285714,17,14,primary_asymmetry
KneeAngles_ax1_LminusR,1,-1.7670154571533203,-1.4276843070983887,-0.33933115005493164,0.03361344537815126,0.32468299410466855,0.5294117647058824,0.5714285714285714,17,14,primary_asymmetry
KneeAngles_ax1_LminusR,2,-1.505828857421875,-1.3178808689117432,-0.18794798851013184,0.058823529411764705,0.45990675635690675,0.5882352941176471,0.5,17,14,primary_asymmetry
KneeAngles_ax1_LminusR,3,-1.4667253494262695,-1.542346477508545,0.07562112808227539,0.06722689075630252,0.5545297621322103,0.5294117647058824,0.5,17,14,primary_asymmetry
KneeAngles_ax1_LminusR,4,-1.2640647888183594,-1.3400979042053223,0.07603311538696289,0.03361344537815126,0.5970623553067527,0.5294117647058824,0.5,17,14,primary_asymmetry
KneeAngles_ax1_LminusR,5,-1.3215246200561523,-1.9520587921142578,0.6305341720581055,0.04201680672268908,0.6724541518578528,0.5882352941176471,0.5714285714285714,17,14,primary_asymmetry
KneeAngles_ax1_LminusR,6,-1.407212257385254,-2.346787929534912,0.9395756721496582,0.09243697478991597,0.7058696520302307,0.6470588235294118,0.5714285714285714,17,14,primary_asymmetry
KneeAngles_ax1_LminusR,7,-1.2574539184570312,-2.18947172164917,0.9320178031921387,0.11764705882352941,0.8095141564899881,0.5882352941176471,0.5714285714285714,17,14,primary_asymmetry
KneeAngles_ax1_LminusR,8,-0.7016754150390625,-2.51753568649292,1.8158602714538574,0.14285714285714285,0.8703683280572412,0.5882352941176471,0.5714285714285714,17,14,primary_asymmetry
KneeAngles_ax1_LminusR,9,-0.7503452301025391,-2.7495956420898438,1.9992504119873047,0.23529411764705882,1.0397085683403224,0.6470588235294118,0.5714285714285714,17,14,primary_asymmetry
KneeAngles_ax1_LminusR,10,-1.6533098220825195,-3.068161964416504,1.4148521423339844,0.2689075630252101,1.12525768105323,0.7647058823529411,0.5714285714285714,17,14,primary_asymmetry
KneeAngles_ax1_LminusR,11,-1.2786064147949219,-2.8660354614257812,1.5874290466308594,0.21008403361344538,1.2116502556188207,0.6470588235294118,0.5714285714285714,17,14,primary_asymmetry
KneeAngles_ax1_LminusR,12,-0.4938678741455078,-3.871845245361328,3.3779773712158203,0.21008403361344538,1.2389289146597846,0.6470588235294118,0.6428571428571429,17,14,primary_asymmetry
KneeAngles_ax1_LminusR,13,1.7625102996826172,-5.019566535949707,6.782076835632324,0.24369747899159663,1.2063294894906353,0.7058823529411765,0.7142857142857143,17,14,primary_asymmetry
KneeAngles_ax1_LminusR,14,3.9790611267089844,-5.717239856719971,9.696300983428955,0.23529411764705882,1.1570733698080429,0.6470588235294118,0.7142857142857143,17,14,primary_asymmetry
KneeAngles_ax1_LminusR,15,4.7345170974731445,-6.195555686950684,10.930072784423828,0.226890756302521,1.0771793439652744,0.6470588235294118,0.7142857142857143,17,14,primary_asymmetry
KneeAngles_ax1_LminusR,16,6.663050651550293,-6.3161702156066895,12.979220867156982,0.21008403361344538,0.9934254637747002,0.6470588235294118,0.7142857142857143,17,14,primary_asymmetry
KneeAngles_ax1_LminusR,17,10.010200500488281,-8.325210094451904,18.335410594940186,0.20168067226890757,0.9794607656135755,0.6470588235294118,0.7142857142857143,17,14,primary_asymmetry
KneeAngles_ax1_LminusR,18,12.847602844238281,-10.783596992492676,23.631199836730957,0.17647058823529413,0.9705947751239817,0.6470588235294118,0.7142857142857143,17,14,primary_asymmetry
KneeAngles_ax1_LminusR,19,16.082721710205078,-13.21691608428955,29.29963779449463,0.15126050420168066,0.9515371669077887,0.6470588235294118,0.6428571428571429,17,14,primary_asymmetry
KneeAngles_ax1_LminusR,20,19.5772762298584,-15.521220684051514,35.09849691390991,0.15126050420168066,0.9519519869014474,0.6470588235294118,0.6428571428571429,17,14,primary_asymmetry
KneeAngles_ax1_LminusR,21,23.161821365356445,-17.634992599487305,40.79681396484375,0.18487394957983194,0.9789857076755525,0.6470588235294118,0.6428571428571429,17,14,primary_asymmetry
KneeAngles_ax1_LminusR,22,26.679555892944336,-19.55515432357788,46.23471021652222,0.23529411764705882,1.0057317329046234,0.6470588235294118,0.6428571428571429,17,14,primary_asymmetry
KneeAngles_ax1_LminusR,23,30.010461807250977,-21.172510623931885,51.18297243118286,0.226890756302521,1.0235273529993272,0.6470588235294118,0.6428571428571429,17,14,primary_asymmetry
KneeAngles_ax1_LminusR,24,32.762685775756836,-22.355833530426025,55.11851930618286,0.226890756302521,1.032306997680039,0.6470588235294118,0.6428571428571429,17,14,primary_asymmetry
KneeAngles_ax1_LminusR,25,33.60379886627197,-23.09093952178955,56.69473838806152,0.21008403361344538,1.02276688477886,0.6470588235294118,0.6428571428571429,17,14,primary_asymmetry
KneeAngles_ax1_LminusR,26,34.22179698944092,-22.935804843902588,57.157601833343506,0.25210084033613445,1.0199145288672264,0.6470588235294118,0.6428571428571429,17,14,primary_asymmetry
KneeAngles_ax1_LminusR,27,34.64167499542236,-22.583786487579346,57.22546148300171,0.25210084033613445,1.0171256217791713,0.6470588235294118,0.6428571428571429,17,14,primary_asymmetry
KneeAngles_ax1_LminusR,28,34.757808685302734,-21.693541049957275,56.45134973526001,0.2184873949579832,1.0085316789395724,0.6470588235294118,0.6428571428571429,17,14,primary_asymmetry
KneeAngles_ax1_LminusR,29,34.47118282318115,-20.42878532409668,54.89996814727783,0.20168067226890757,0.9850065379713704,0.6470588235294118,0.6428571428571429,17,14,primary_asymmetry
KneeAngles_ax1_LminusR,30,33.919793128967285,-19.102943420410156,53.02273654937744,0.16806722689075632,0.9567780160789976,0.6470588235294118,0.6428571428571429,17,14,primary_asymmetry
KneeAngles_ax1_LminusR,31,33.022536277770996,-17.308438777923584,50.33097505569458,0.16806722689075632,0.9326798034189177,0.6470588235294118,0.6428571428571429,17,14,primary_asymmetry
KneeAngles_ax1_LminusR,32,31.55032444000244,-15.380268096923828,46.93059253692627,0.17647058823529413,0.9180577366162629,0.6470588235294118,0.6428571428571429,17,14,primary_asymmetry
KneeAngles_ax1_LminusR,33,29.320063591003418,-13.350486755371094,42.67055034637451,0.18487394957983194,0.9020427378578637,0.6470588235294118,0.6428571428571429,17,14,primary_asymmetry
KneeAngles_ax1_LminusR,34,26.738054275512695,-11.255207061767578,37.99326133728027,0.17647058823529413,0.8759460229317877,0.6470588235294118,0.6428571428571429,17,14,primary_asymmetry
KneeAngles_ax1_LminusR,35,23.86324977874756,-9.142820358276367,33.006070137023926,0.16806722689075632,0.8350486899729447,0.6470588235294118,0.6428571428571429,17,14,primary_asymmetry
KneeAngles_ax1_LminusR,36,20.71845817565918,-6.997898101806641,27.71635627746582,0.16806722689075632,0.7905023769713619,0.6470588235294118,0.6428571428571429,17,14,primary_asymmetry
KneeAngles_ax1_LminusR,37,17.294821739196777,-4.800755023956299,22.095576763153076,0.17647058823529413,0.72929091416906,0.6470588235294118,0.6428571428571429,17,14,primary_asymmetry
KneeAngles_ax1_LminusR,38,13.677559852600098,-2.6670761108398438,16.34463596343994,0.15126050420168066,0.6519079468550462,0.6470588235294118,0.6428571428571429,17,14,primary_asymmetry
KneeAngles_ax1_LminusR,39,9.793591499328613,-0.6691126823425293,10.462704181671143,0.16806722689075632,0.5648412876054657,0.5882352941176471,0.6428571428571429,17,14,primary_asymmetry
KneeAngles_ax1_LminusR,40,7.333202362060547,0.428800106048584,6.904402256011963,0.15126050420168066,0.46985783441416246,0.5882352941176471,0.6428571428571429,17,14,primary_asymmetry
KneeAngles_ax1_LminusR,41,3.6748886108398438,0.3100271224975586,3.364861488342285,0.1092436974789916,0.44215340168003997,0.5882352941176471,0.5,17,14,primary_asymmetry
KneeAngles_ax1_LminusR,42,0.08400344848632812,-1.694915771484375,1.7789192199707031,0.08403361344537816,0.36670276254706596,0.5882352941176471,0.5,17,14,primary_asymmetry
KneeAngles_ax1_LminusR,43,-1.1754350662231445,-2.1094799041748047,0.9340448379516602,0.08403361344537816,0.24702746783399737,0.6470588235294118,0.5714285714285714,17,14,primary_asymmetry
KneeAngles_ax1_LminusR,44,-1.1670989990234375,-1.5467541217803955,0.379655122756958,0.04201680672268908,0.22663822251785704,0.5882352941176471,0.5,17,14,primary_asymmetry
KneeAngles_ax1_LminusR,45,-1.3458003997802734,-1.3083665370941162,-0.03743386268615723,0.008403361344537815,0.11021576190951757,0.5294117647058824,0.5714285714285714,17,14,primary_asymmetry
KneeAngles_ax1_LminusR,46,-1.535585880279541,-1.2386469841003418,-0.2969388961791992,-0.05042016806722689,0.1392596302756689,0.5294117647058824,0.5714285714285714,17,14,primary_asymmetry
KneeAngles_ax1_LminusR,47,-1.6835289001464844,-1.5278985500335693,-0.15563035011291504,-0.05042016806722689,0.11274077912118358,0.5294117647058824,0.5,17,14,primary_asymmetry
KneeAngles_ax1_LminusR,48,-1.3697023391723633,-1.1019458770751953,-0.26775646209716797,0.04201680672268908,0.2945129740957707,0.5294117647058824,0.5,17,14,primary_asymmetry
KneeAngles_ax1_LminusR,49,-1.9599543809890747,-1.6664572209119797,-0.29349716007709503,-0.01680672268907563,0.09892788063402289,0.5294117647058824,0.5714285714285714,17,14,primary_asymmetry
KneeAngles_ax1_LminusR,50,-2.8957366943359375,-1.5136720687150955,-1.382064625620842,-0.04201680672268908,-0.057921597740578167,0.5882352941176471,0.5714285714285714,17,14,primary_asymmetry
KneeAngles_ax1_LminusR,51,-3.4405648708343506,-1.7295893942937255,-1.710975476540625,-0.025210084033613446,-0.1650081690384421,0.6470588235294118,0.5714285714285714,17,14,primary_asymmetry
KneeAngles_ax1_LminusR,52,-4.1027292013168335,-2.7308952808380127,-1.3718339204788208,-0.025210084033613446,-0.157282652043037,0.5882352941176471,0.5714285714285714,17,14,primary_asymmetry
KneeAngles_ax1_LminusR,53,-3.520472526550293,-2.865201473236084,-0.655271053314209,-0.008403361344537815,-0.1350998708822491,0.5882352941176471,0.5,17,14,primary_asymmetry
KneeAngles_ax1_LminusR,54,-3.769397735595703,-3.1523356437683105,-0.6170620918273926,0.025210084033613446,-0.07762315210412964,0.5294117647058824,0.5,17,14,primary_asymmetry
KneeAngles_ax1_LminusR,55,-3.5761728286743164,-3.733417272567749,0.15724444389343262,0.05042016806722689,-0.05713268028778071,0.5294117647058824,0.5,17,14,primary_asymmetry
KneeAngles_ax1_LminusR,56,-3.527681350708008,-4.46592116355896,0.9382398128509521,0.058823529411764705,-0.07490815564336104,0.6470588235294118,0.5,17,14,primary_asymmetry
KneeAngles_ax1_LminusR,57,-3.660451889038086,-5.141304969787598,1.4808530807495117,0.06722689075630252,0.0019198215809681156,0.7058823529411765,0.5714285714285714,17,14,primary_asymmetry
KneeAngles_ax1_LminusR,58,-2.653095245361328,-4.606743335723877,1.9536480903625488,0.025210084033613446,-0.05369499962670135,0.5882352941176471,0.5714285714285714,17,14,primary_asymmetry
KneeAngles_ax1_LminusR,59,-2.046529769897461,-3.9172191619873047,1.8706893920898438,0.025210084033613446,-0.19917621957487866,0.5882352941176471,0.5714285714285714,17,14,primary_asymmetry
KneeAngles_ax1_LminusR,60,-1.2689990997314453,-3.6997551918029785,2.430756092071533,0.0,-0.2825472031794253,0.5882352941176471,0.5714285714285714,17,14,primary_asymmetry
KneeAngles_ax1_LminusR,61,-0.8205318450927734,-4.5683064460754395,3.747774600982666,-0.01680672268907563,-0.34035001361487227,0.5882352941176471,0.5714285714285714,17,14,primary_asymmetry
KneeAngles_ax1_LminusR,62,-1.8218307495117188,-5.6639604568481445,3.842129707336426,-0.05042016806722689,-0.42782255803177477,0.5294117647058824,0.5714285714285714,17,14,primary_asymmetry
KneeAngles_ax1_LminusR,63,-3.6889820098876953,-5.273059844970703,1.5840778350830078,-0.10084033613445378,-0.5727476350832105,0.5294117647058824,0.5714285714285714,17,14,primary_asymmetry
KneeAngles_ax1_LminusR,64,-6.904701232910156,-3.7727603912353516,-3.1319408416748047,-0.13445378151260504,-0.6786332267506119,0.5882352941176471,0.5714285714285714,17,14,primary_asymmetry
KneeAngles_ax1_LminusR,65,-9.421655654907227,-0.5672626495361328,-8.854393005371094,-0.13445378151260504,-0.7992430174549595,0.5882352941176471,0.7142857142857143,17,14,primary_asymmetry
KneeAngles_ax1_LminusR,66,-13.905887603759766,3.1209487915039062,-17.026836395263672,-0.13445378151260504,-0.8769761143363061,0.5882352941176471,0.7142857142857143,17,14,primary_asymmetry
KneeAngles_ax1_LminusR,67,-17.341873168945312,6.736972808837891,-24.078845977783203,-0.15126050420168066,-0.8898371704913189,0.6470588235294118,0.7142857142857143,17,14,primary_asymmetry
KneeAngles_ax1_LminusR,68,-20.4854793548584,8.983597755432129,-29.469077110290527,-0.15126050420168066,-0.9051615289848243,0.6470588235294118,0.7142857142857143,17,14,primary_asymmetry
KneeAngles_ax1_LminusR,69,-23.612905502319336,10.997975826263428,-34.610881328582764,-0.17647058823529413,-0.9197700495481732,0.6470588235294118,0.7142857142857143,17,14,primary_asymmetry
KneeAngles_ax1_LminusR,70,-26.776702880859375,12.965396881103516,-39.74209976196289,-0.17647058823529413,-0.9413274930251594,0.6470588235294118,0.7142857142857143,17,14,primary_asymmetry
KneeAngles_ax1_LminusR,71,-29.949312210083008,14.764240264892578,-44.713552474975586,-0.20168067226890757,-0.9578938378237334,0.6470588235294118,0.7142857142857143,17,14,primary_asymmetry
KneeAngles_ax1_LminusR,72,-33.0591983795166,16.118446826934814,-49.177645206451416,-0.2184873949579832,-0.9713224824191957,0.6470588235294118,0.7142857142857143,17,14,primary_asymmetry
KneeAngles_ax1_LminusR,73,-35.958003997802734,17.102425575256348,-53.06042957305908,-0.226890756302521,-0.9658607726936596,0.6470588235294118,0.7142857142857143,17,14,primary_asymmetry
KneeAngles_ax1_LminusR,74,-38.537424087524414,17.92513132095337,-56.46255540847778,-0.20168067226890757,-0.9517215597573846,0.6470588235294118,0.6428571428571429,17,14,primary_asymmetry
KneeAngles_ax1_LminusR,75,-40.74952507019043,18.397692680358887,-59.147217750549316,-0.20168067226890757,-0.9330625983512189,0.6470588235294118,0.7142857142857143,17,14,primary_asymmetry
KneeAngles_ax1_LminusR,76,-42.33695411682129,18.76914930343628,-61.10610342025757,-0.20168067226890757,-0.9280619597220712,0.6470588235294118,0.7142857142857143,17,14,primary_asymmetry
KneeAngles_ax1_LminusR,77,-43.03264236450195,19.038180351257324,-62.07082271575928,-0.18487394957983194,-0.9135398602421119,0.6470588235294118,0.7142857142857143,17,14,primary_asymmetry
KneeAngles_ax1_LminusR,78,-43.406877517700195,19.13596534729004,-62.542842864990234,-0.15126050420168066,-0.8934676614906694,0.6470588235294118,0.7142857142857143,17,14,primary_asymmetry
KneeAngles_ax1_LminusR,79,-42.82395362854004,18.7932710647583,-61.61722469329834,-0.14285714285714285,-0.8785848982721421,0.6470588235294118,0.7142857142857143,17,14,primary_asymmetry
KneeAngles_ax1_LminusR,80,-41.19259071350098,18.1642427444458,-59.35683345794678,-0.15126050420168066,-0.8657960420646849,0.6470588235294118,0.7142857142857143,17,14,primary_asymmetry
KneeAngles_ax1_LminusR,81,-38.449167251586914,17.367666721343994,-55.81683397293091,-0.15126050420168066,-0.8608180212199876,0.6470588235294118,0.7142857142857143,17,14,primary_asymmetry
KneeAngles_ax1_LminusR,82,-35.05327606201172,16.5274977684021,-51.58077383041382,-0.14285714285714285,-0.8555580570520556,0.6470588235294118,0.7142857142857143,17,14,primary_asymmetry
KneeAngles_ax1_LminusR,83,-31.10912322998047,15.498417854309082,-46.60754108428955,-0.14285714285714285,-0.8503687348837369,0.6470588235294118,0.6428571428571429,17,14,primary_asymmetry
KneeAngles_ax1_LminusR,84,-26.463144302368164,14.26186990737915,-40.725014209747314,-0.15126050420168066,-0.8470359410190047,0.6470588235294118,0.6428571428571429,17,14,primary_asymmetry
KneeAngles_ax1_LminusR,85,-21.350311279296875,12.801526546478271,-34.15183782577515,-0.16806722689075632,-0.844184189295236,0.6470588235294118,0.6428571428571429,17,14,primary_asymmetry
KneeAngles_ax1_LminusR,86,-15.66802978515625,11.115563154220581,-26.78359293937683,-0.20168067226890757,-0.8368852817501058,0.6470588235294118,0.6428571428571429,17,14,primary_asymmetry
KneeAngles_ax1_LminusR,87,-9.560894012451172,9.232675075531006,-18.793569087982178,-0.19327731092436976,-0.8184574092889108,0.6470588235294118,0.6428571428571429,17,14,primary_asymmetry
KneeAngles_ax1_LminusR,88,-5.466917037963867,7.184858322143555,-12.651775360107422,-0.20168067226890757,-0.7827781881574971,0.6470588235294118,0.6428571428571429,17,14,primary_asymmetry
KneeAngles_ax1_LminusR,89,-5.707179546356201,4.962402820587158,-10.66958236694336,-0.19327731092436976,-0.7315250122886839,0.6470588235294118,0.6428571428571429,17,14,primary_asymmetry
KneeAngles_ax1_LminusR,90,-5.693596601486206,2.902435064315796,-8.596031665802002,-0.19327731092436976,-0.7290873551098476,0.5882352941176471,0.6428571428571429,17,14,primary_asymmetry
KneeAngles_ax1_LminusR,91,-5.209937572479248,1.103024959564209,-6.312962532043457,-0.21008403361344538,-0.714074112624947,0.5294117647058824,0.6428571428571429,17,14,primary_asymmetry
KneeAngles_ax1_LminusR,92,-4.483274698257446,-1.1065788269042969,-3.3766958713531494,-0.15966386554621848,-0.6860321958940027,0.5882352941176471,0.5714285714285714,17,14,primary_asymmetry
KneeAngles_ax1_LminusR,93,-4.014970779418945,-1.9561443328857422,-2.058826446533203,-0.13445378151260504,-0.6306067831992681,0.5882352941176471,0.5714285714285714,17,14,primary_asymmetry
KneeAngles_ax1_LminusR,94,-2.3909473419189453,-0.9800076484680176,-1.4109396934509277,-0.11764705882352941,-0.5361369813024868,0.5882352941176471,0.5714285714285714,17,14,primary_asymmetry
KneeAngles_ax1_LminusR,95,-1.5973587036132812,-0.6176419258117676,-0.9797167778015137,-0.15126050420168066,-0.47541369580573556,0.6470588235294118,0.6428571428571429,17,14,primary_asymmetry
KneeAngles_ax1_LminusR,96,-0.9434814453125,-1.1435655355453491,0.20008409023284912,-0.008403361344537815,-0.06276043571845778,0.5882352941176471,0.5714285714285714,17,14,primary_asymmetry
KneeAngles_ax1_LminusR,97,-0.8286771774291992,-1.6916005611419678,0.8629233837127686,-0.01680672268907563,0.06250172947549903,0.6470588235294118,0.5714285714285714,17,14,primary_asymmetry
KneeAngles_ax1_LminusR,98,-1.347334861755371,-1.5731099843978882,0.2257751226425171,0.025210084033613446,0.2757730515229445,0.5882352941176471,0.5,17,14,primary_asymmetry
KneeAngles_ax1_LminusR,99,-1.072617530822754,-1.2016563415527344,0.12903881072998047,0.008403361344537815,0.3765220876763267,0.5294117647058824,0.5,17,14,primary_asymmetry
KneeAngles_ax1_LminusR,100,-0.8416962623596191,-1.1441285610198975,0.3024322986602783,0.07563025210084033,0.7131756201250191,0.5294117647058824,0.5,17,14,primary_asymmetry
KneeAngles_ax1_absLminusR,0,2.296715259552002,2.2691293954849243,0.027585864067077637,-0.058823529411764705,-0.6981613620630787,0.5294117647058824,0.5,17,14,primary_asymmetry
KneeAngles_ax1_absLminusR,1,2.4377102851867676,2.708259806036949,-0.2705495208501816,-0.04201680672268908,-0.810537296277606,0.5294117647058824,0.5714285714285714,17,14,primary_asymmetry
KneeAngles_ax1_absLminusR,2,2.904176712036133,2.800077438354492,0.10409927368164062,-0.09243697478991597,-0.9439950927763155,0.5294117647058824,0.5,17,14,primary_asymmetry
KneeAngles_ax1_absLminusR,3,2.4693527221679688,2.5003697872161865,-0.031017065048217773,-0.1092436974789916,-0.996889842608368,0.5294117647058824,0.5,17,14,primary_asymmetry
KneeAngles_ax1_absLminusR,4,2.4261789321899414,2.1279821395874023,0.29819679260253906,-0.07563025210084033,-0.9559749790207825,0.5294117647058824,0.5714285714285714,17,14,primary_asymmetry
KneeAngles_ax1_absLminusR,5,2.283885955810547,2.5014026165008545,-0.21751666069030762,-0.17647058823529413,-1.024708883984848,0.5294117647058824,0.5714285714285714,17,14,primary_asymmetry
KneeAngles_ax1_absLminusR,6,2.228578567504883,3.2599563598632812,-1.0313777923583984,-0.18487394957983194,-1.0339068607846735,0.5294117647058824,0.6428571428571429,17,14,primary_asymmetry
KneeAngles_ax1_absLminusR,7,3.4775094985961914,4.2462317943573,-0.7687222957611084,-0.23529411764705882,-1.143811673479066,0.8235294117647058,0.5714285714285714,17,14,primary_asymmetry
KneeAngles_ax1_absLminusR,8,3.330120086669922,4.248539924621582,-0.9184198379516602,-0.2605042016806723,-1.1882250771022262,0.8235294117647058,0.5714285714285714,17,14,primary_asymmetry
KneeAngles_ax1_absLminusR,9,3.7265729904174805,3.9958419799804688,-0.2692689895629883,-0.14285714285714285,-0.7727874721139093,0.5882352941176471,0.5,17,14,primary_asymmetry
KneeAngles_ax1_absLminusR,10,3.8467578887939453,3.764112949371338,0.08264493942260742,-0.15966386554621848,-0.8655620030999664,0.5294117647058824,0.5714285714285714,17,14,primary_asymmetry
KneeAngles_ax1_absLminusR,11,3.7955474853515625,4.746039390563965,-0.9504919052124023,-0.18487394957983194,-1.032276864373517,0.6470588235294118,0.6428571428571429,17,14,primary_asymmetry
KneeAngles_ax1_absLminusR,12,4.376473426818848,6.018775463104248,-1.6423020362854004,-0.226890756302521,-1.1639531120032327,0.6470588235294118,0.7142857142857143,17,14,primary_asymmetry
KneeAngles_ax1_absLminusR,13,6.295880317687988,7.965131759643555,-1.6692514419555664,-0.15126050420168066,-0.9570662665287396,0.6470588235294118,0.6428571428571429,17,14,primary_asymmetry
KneeAngles_ax1_absLminusR,14,9.140701293945312,10.341108322143555,-1.2004070281982422,-0.08403361344537816,-0.6706156719106938,0.5882352941176471,0.5714285714285714,17,14,primary_asymmetry
KneeAngles_ax1_absLminusR,15,12.421636581420898,13.625726699829102,-1.2040901184082031,-0.05042016806722689,-0.33177197140872056,0.5882352941176471,0.5714285714285714,17,14,primary_asymmetry
KneeAngles_ax1_absLminusR,16,15.860685348510742,17.323387145996094,-1.4627017974853516,-0.03361344537815126,-0.20837158049065416,0.5882352941176471,0.5714285714285714,17,14,primary_asymmetry
KneeAngles_ax1_absLminusR,17,19.419204711914062,20.87793731689453,-1.4587326049804688,-0.058823529411764705,-0.167960957970528,0.5294117647058824,0.5714285714285714,17,14,primary_asymmetry
KneeAngles_ax1_absLminusR,18,23.1290340423584,24.35576343536377,-1.226729393005371,-0.03361344537815126,-0.08553703901613366,0.5294117647058824,0.5714285714285714,17,14,primary_asymmetry
KneeAngles_ax1_absLminusR,19,26.969892501831055,27.756056785583496,-0.7861642837524414,-0.008403361344537815,-0.011622335946036203,0.5294117647058824,0.5,17,14,primary_asymmetry
KneeAngles_ax1_absLminusR,20,31.097293853759766,31.14739418029785,-0.05010032653808594,-0.025210084033613446,0.024635964666375576,0.5294117647058824,0.5,17,14,primary_asymmetry
KneeAngles_ax1_absLminusR,21,34.5543270111084,35.00739097595215,-0.45306396484375,-0.03361344537815126,0.01587883118820896,0.5882352941176471,0.5714285714285714,17,14,primary_asymmetry
KneeAngles_ax1_absLminusR,22,36.726985931396484,38.22078514099121,-1.4937992095947266,-0.07563025210084033,-0.028053960290469356,0.7058823529411765,0.5714285714285714,17,14,primary_asymmetry
KneeAngles_ax1_absLminusR,23,38.18077278137207,40.25755977630615,-2.076786994934082,-0.058823529411764705,-0.10425719141630123,0.6470588235294118,0.5714285714285714,17,14,primary_asymmetry
KneeAngles_ax1_absLminusR,24,40.023468017578125,42.028687477111816,-2.0052194595336914,-0.14285714285714285,-0.18133241521155805,0.6470588235294118,0.6428571428571429,17,14,primary_asymmetry
KneeAngles_ax1_absLminusR,25,41.52569580078125,43.02470397949219,-1.4990081787109375,-0.17647058823529413,-0.23292665901083515,0.5882352941176471,0.7142857142857143,17,14,primary_asymmetry
KneeAngles_ax1_absLminusR,26,42.69493293762207,44.1908540725708,-1.4959211349487305,-0.20168067226890757,-0.2775871358584221,0.5294117647058824,0.7142857142857143,17,14,primary_asymmetry
KneeAngles_ax1_absLminusR,27,43.49654769897461,44.25331115722656,-0.7567634582519531,-0.17647058823529413,-0.3057754624265195,0.5882352941176471,0.6428571428571429,17,14,primary_asymmetry
KneeAngles_ax1_absLminusR,28,43.82149696350098,44.40499019622803,-0.5834932327270508,-0.20168067226890757,-0.32804765280822,0.6470588235294118,0.5714285714285714,17,14,primary_asymmetry
KneeAngles_ax1_absLminusR,29,43.62544631958008,44.488850593566895,-0.8634042739868164,-0.21008403361344538,-0.3619516571292332,0.6470588235294118,0.6428571428571429,17,14,primary_asymmetry
KneeAngles_ax1_absLminusR,30,43.07990074157715,44.3785982131958,-1.2986974716186523,-0.2184873949579832,-0.41431465236724396,0.7647058823529411,0.6428571428571429,17,14,primary_asymmetry
KneeAngles_ax1_absLminusR,31,42.54247856140137,44.04454231262207,-1.5020637512207031,-0.2184873949579832,-0.4541583848916257,0.7647058823529411,0.6428571428571429,17,14,primary_asymmetry
KneeAngles_ax1_absLminusR,32,40.70028877258301,42.913989543914795,-2.213700771331787,-0.20168067226890757,-0.47991882811808284,0.7647058823529411,0.6428571428571429,17,14,primary_asymmetry
KneeAngles_ax1_absLminusR,33,38.5490779876709,41.20349931716919,-2.654421329498291,-0.2184873949579832,-0.5260522757004893,0.7058823529411765,0.6428571428571429,17,14,primary_asymmetry
KneeAngles_ax1_absLminusR,34,36.08286094665527,39.04162073135376,-2.9587597846984863,-0.226890756302521,-0.5841290225896739,0.6470588235294118,0.6428571428571429,17,14,primary_asymmetry
KneeAngles_ax1_absLminusR,35,33.67724609375,36.232757329940796,-2.555511236190796,-0.20168067226890757,-0.587983088048047,0.6470588235294118,0.6428571428571429,17,14,primary_asymmetry
KneeAngles_ax1_absLminusR,36,30.85998249053955,32.987658977508545,-2.127676486968994,-0.19327731092436976,-0.5482705951479475,0.5294117647058824,0.6428571428571429,17,14,primary_asymmetry
KneeAngles_ax1_absLminusR,37,27.750242233276367,29.30720090866089,-1.5569586753845215,-0.17647058823529413,-0.49110800462301457,0.5294117647058824,0.6428571428571429,17,14,primary_asymmetry
KneeAngles_ax1_absLminusR,38,24.40053367614746,25.477734327316284,-1.0772006511688232,-0.13445378151260504,-0.420031758476745,0.5294117647058824,0.6428571428571429,17,14,primary_asymmetry
KneeAngles_ax1_absLminusR,39,20.837849617004395,20.917170763015747,-0.07932114601135254,-0.08403361344537816,-0.29957181368918323,0.5294117647058824,0.5,17,14,primary_asymmetry
KneeAngles_ax1_absLminusR,40,17.151442527770996,16.64771842956543,0.5037240982055664,-0.07563025210084033,-0.2540398217827462,0.5294117647058824,0.5,17,14,primary_asymmetry
KneeAngles_ax1_absLminusR,41,12.725418090820312,12.278031349182129,0.4473867416381836,-0.11764705882352941,-0.4664526581570114,0.5294117647058824,0.5,17,14,primary_asymmetry
KneeAngles_ax1_absLminusR,42,8.296301484107971,8.879362106323242,-0.583060622215271,-0.12605042016806722,-0.5582752468810589,0.5294117647058824,0.5714285714285714,17,14,primary_asymmetry
KneeAngles_ax1_absLminusR,43,5.557208061218262,5.820411205291748,-0.26320314407348633,-0.14285714285714285,-0.6455113584723559,0.5294117647058824,0.5,17,14,primary_asymmetry
KneeAngles_ax1_absLminusR,44,3.909566879272461,5.223204851150513,-1.3136379718780518,-0.04201680672268908,-0.20354606431895364,0.5294117647058824,0.5714285714285714,17,14,primary_asymmetry
KneeAngles_ax1_absLminusR,45,2.0108728408813477,3.9421908855438232,-1.9313180446624756,-0.01680672268907563,-0.23156279542766656,0.6470588235294118,0.6428571428571429,17,14,primary_asymmetry
KneeAngles_ax1_absLminusR,46,1.882722020149231,2.5841598510742188,-0.7014378309249878,-0.06722689075630252,-0.1601904246625672,0.5882352941176471,0.6428571428571429,17,14,primary_asymmetry
KneeAngles_ax1_absLminusR,47,1.7443256378173828,2.0260093808174133,-0.2816837430000305,-0.1092436974789916,-0.166743452777164,0.5882352941176471,0.7142857142857143,17,14,primary_asymmetry
KneeAngles_ax1_absLminusR,48,2.1584272384643555,2.2246084213256836,-0.06618118286132812,0.008403361344537815,0.021291448915597325,0.5882352941176471,0.5714285714285714,17,14,primary_asymmetry
KneeAngles_ax1_absLminusR,49,3.5913219451904297,2.50496244430542,1.0863595008850098,0.1092436974789916,0.3979077537477008,0.5294117647058824,0.6428571428571429,17,14,primary_asymmetry
KneeAngles_ax1_absLminusR,50,4.199287414550781,2.6225120574235916,1.5767753571271896,0.15966386554621848,0.7050728262121133,0.7058823529411765,0.6428571428571429,17,14,primary_asymmetry
KneeAngles_ax1_absLminusR,51,4.564143180847168,3.2097458159551024,1.3543973648920655,0.226890756302521,0.8811715009139873,0.7058823529411765,0.6428571428571429,17,14,primary_asymmetry
KneeAngles_ax1_absLminusR,52,4.695976734161377,3.4831159114837646,1.2128608226776123,0.21008403361344538,0.7986888504488908,0.7058823529411765,0.6428571428571429,17,14,primary_asymmetry
KneeAngles_ax1_absLminusR,53,4.402117729187012,3.956343173980713,0.44577455520629883,0.13445378151260504,0.6118718789753175,0.5882352941176471,0.5714285714285714,17,14,primary_asymmetry
KneeAngles_ax1_absLminusR,54,4.050215721130371,4.292761325836182,-0.24254560470581055,0.08403361344537816,0.43221148811206833,0.5882352941176471,0.5714285714285714,17,14,primary_asymmetry
KneeAngles_ax1_absLminusR,55,3.9331130981445312,4.7899253368377686,-0.8568122386932373,-0.008403361344537815,0.2153861976751603,0.6470588235294118,0.5714285714285714,17,14,primary_asymmetry
KneeAngles_ax1_absLminusR,56,4.12507438659668,5.3352625370025635,-1.2101881504058838,0.0,0.2810397957222387,0.6470588235294118,0.5714285714285714,17,14,primary_asymmetry
KneeAngles_ax1_absLminusR,57,4.55948281288147,5.315290689468384,-0.7558078765869141,-0.025210084033613446,0.30150683704408393,0.6470588235294118,0.6428571428571429,17,14,primary_asymmetry
KneeAngles_ax1_absLminusR,58,5.018470764160156,5.180820941925049,-0.16235017776489258,-0.03361344537815126,0.3586511944003309,0.5294117647058824,0.5,17,14,primary_asymmetry
KneeAngles_ax1_absLminusR,59,5.5604095458984375,5.16227388381958,0.3981356620788574,-0.03361344537815126,0.36124964398457593,0.5294117647058824,0.5,17,14,primary_asymmetry
KneeAngles_ax1_absLminusR,60,5.971992492675781,5.781257152557373,0.1907353401184082,0.0,0.42951856345569883,0.5294117647058824,0.5,17,14,primary_asymmetry
KneeAngles_ax1_absLminusR,61,6.711568832397461,6.522212982177734,0.18935585021972656,0.01680672268907563,0.43062300088022804,0.5882352941176471,0.5714285714285714,17,14,primary_asymmetry
KneeAngles_ax1_absLminusR,62,8.276147842407227,6.276368141174316,1.9997797012329102,0.09243697478991597,0.7068322734660425,0.6470588235294118,0.6428571428571429,17,14,primary_asymmetry
KneeAngles_ax1_absLminusR,63,9.218986511230469,7.347578525543213,1.8714079856872559,0.1092436974789916,1.0770594528777009,0.7058823529411765,0.6428571428571429,17,14,primary_asymmetry
KneeAngles_ax1_absLminusR,64,10.689029693603516,8.530223369598389,2.158806324005127,0.2184873949579832,1.4217216178335348,0.6470588235294118,0.5714285714285714,17,14,primary_asymmetry
KneeAngles_ax1_absLminusR,65,13.525491714477539,10.815021514892578,2.710470199584961,0.29411764705882354,1.7318320184679752,0.7058823529411765,0.5714285714285714,17,14,primary_asymmetry
KneeAngles_ax1_absLminusR,66,17.108341217041016,14.095571517944336,3.0127696990966797,0.2773109243697479,1.8226965603348662,0.7058823529411765,0.5714285714285714,17,14,primary_asymmetry
KneeAngles_ax1_absLminusR,67,21.125635147094727,17.683865547180176,3.441769599914551,0.29411764705882354,1.8183312418129867,0.7647058823529411,0.6428571428571429,17,14,primary_asymmetry
KneeAngles_ax1_absLminusR,68,25.131481170654297,21.505600929260254,3.625880241394043,0.3025210084033613,1.7936468423030163,0.7647058823529411,0.6428571428571429,17,14,primary_asymmetry
KneeAngles_ax1_absLminusR,69,28.769775390625,24.859749794006348,3.9100255966186523,0.31092436974789917,1.7071405182077388,0.8235294117647058,0.6428571428571429,17,14,primary_asymmetry
KneeAngles_ax1_absLminusR,70,32.771806716918945,28.217540740966797,4.554265975952148,0.3025210084033613,1.5871937197687256,0.8235294117647058,0.5714285714285714,17,14,primary_asymmetry
KneeAngles_ax1_absLminusR,71,35.95186805725098,31.45138931274414,4.500478744506836,0.2857142857142857,1.3923470403151856,0.8235294117647058,0.6428571428571429,17,14,primary_asymmetry
KneeAngles_ax1_absLminusR,72,38.00061798095703,34.09689521789551,3.9037227630615234,0.2605042016806723,1.190131900398592,0.8235294117647058,0.6428571428571429,17,14,primary_asymmetry
KneeAngles_ax1_absLminusR,73,40.37331008911133,36.698890686035156,3.674419403076172,0.25210084033613445,1.0280929049659109,0.8235294117647058,0.6428571428571429,17,14,primary_asymmetry
KneeAngles_ax1_absLminusR,74,42.13422393798828,39.615838050842285,2.518385887145996,0.19327731092436976,0.8649083256308016,0.7058823529411765,0.5714285714285714,17,14,primary_asymmetry
KneeAngles_ax1_absLminusR,75,43.287588119506836,42.04251480102539,1.2450733184814453,0.18487394957983194,0.7382496213256724,0.5882352941176471,0.5,17,14,primary_asymmetry
KneeAngles_ax1_absLminusR,76,44.016366958618164,42.94876527786255,1.0676016807556152,0.16806722689075632,0.6641423313050885,0.5882352941176471,0.5,17,14,primary_asymmetry
KneeAngles_ax1_absLminusR,77,45.019710540771484,43.1604118347168,1.8592987060546875,0.15126050420168066,0.6105988950907822,0.6470588235294118,0.5,17,14,primary_asymmetry
KneeAngles_ax1_absLminusR,78,45.73961162567139,43.094552993774414,2.6450586318969727,0.10084033613445378,0.5632618875051577,0.7647058823529411,0.5,17,14,primary_asymmetry
KneeAngles_ax1_absLminusR,79,45.72761535644531,42.40673065185547,3.3208847045898438,0.10084033613445378,0.5496785225088323,0.7647058823529411,0.5714285714285714,17,14,primary_asymmetry
KneeAngles_ax1_absLminusR,80,44.01983642578125,41.404393672943115,2.6154427528381348,0.1092436974789916,0.5381435238152252,0.7058823529411765,0.5,17,14,primary_asymmetry
KneeAngles_ax1_absLminusR,81,42.91330146789551,40.00580549240112,2.9074959754943848,0.11764705882352941,0.5216182137026159,0.7058823529411765,0.5,17,14,primary_asymmetry
KneeAngles_ax1_absLminusR,82,41.99742126464844,38.37614822387695,3.6212730407714844,0.1092436974789916,0.5036575310754798,0.7058823529411765,0.5,17,14,primary_asymmetry
KneeAngles_ax1_absLminusR,83,40.5451021194458,36.577317237854004,3.967784881591797,0.10084033613445378,0.48867808592026124,0.6470588235294118,0.5714285714285714,17,14,primary_asymmetry
KneeAngles_ax1_absLminusR,84,38.42086410522461,34.478883028030396,3.941981077194214,0.1092436974789916,0.4735335161273879,0.6470588235294118,0.5714285714285714,17,14,primary_asymmetry
KneeAngles_ax1_absLminusR,85,36.05020999908447,32.27546811103821,3.7747418880462646,0.1092436974789916,0.4662396444067658,0.6470588235294118,0.5714285714285714,17,14,primary_asymmetry
KneeAngles_ax1_absLminusR,86,33.460737228393555,29.649391174316406,3.8113460540771484,0.12605042016806722,0.49463509594911703,0.6470588235294118,0.5714285714285714,17,14,primary_asymmetry
KneeAngles_ax1_absLminusR,87,30.566078186035156,26.81785750389099,3.748220682144165,0.13445378151260504,0.5398753254986779,0.6470588235294118,0.5714285714285714,17,14,primary_asymmetry
KneeAngles_ax1_absLminusR,88,27.393585205078125,23.510414123535156,3.8831710815429688,0.15126050420168066,0.5922154965888103,0.6470588235294118,0.7142857142857143,17,14,primary_asymmetry
KneeAngles_ax1_absLminusR,89,24.13879919052124,19.800122261047363,4.338676929473877,0.18487394957983194,0.7282435504797001,0.6470588235294118,0.7142857142857143,17,14,primary_asymmetry
KneeAngles_ax1_absLminusR,90,20.484661102294922,15.872623443603516,4.612037658691406,0.21008403361344538,0.8424858641896941,0.7058823529411765,0.7142857142857143,17,14,primary_asymmetry
KneeAngles_ax1_absLminusR,91,16.584938049316406,11.702803611755371,4.882134437561035,0.19327731092436976,0.9133352624417902,0.7058823529411765,0.7142857142857143,17,14,primary_asymmetry
KneeAngles_ax1_absLminusR,92,13.431005477905273,8.853071212768555,4.577934265136719,0.19327731092436976,0.9902446011266828,0.7058823529411765,0.7142857142857143,17,14,primary_asymmetry
KneeAngles_ax1_absLminusR,93,8.315969467163086,6.462440252304077,1.8535292148590088,0.15966386554621848,1.02825986892819,0.6470588235294118,0.5714285714285714,17,14,primary_asymmetry
KneeAngles_ax1_absLminusR,94,5.059528708457947,5.281935691833496,-0.22240698337554932,0.01680672268907563,0.4513943988778255,0.5294117647058824,0.6428571428571429,17,14,primary_asymmetry
KneeAngles_ax1_absLminusR,95,2.759641647338867,4.248298406600952,-1.488656759262085,-0.025210084033613446,-0.05844807122548927,0.5882352941176471,0.6428571428571429,17,14,primary_asymmetry
KneeAngles_ax1_absLminusR,96,2.264242172241211,3.395305871963501,-1.13106369972229,-0.17647058823529413,-0.6319630448752068,0.5882352941176471,0.6428571428571429,17,14,primary_asymmetry
KneeAngles_ax1_absLminusR,97,1.403228759765625,2.378800868988037,-0.9755721092224121,-0.14285714285714285,-0.5836700581454971,0.5294117647058824,0.8571428571428571,17,14,primary_asymmetry
KneeAngles_ax1_absLminusR,98,2.7889561653137207,2.991185963153839,-0.2022297978401184,-0.04201680672268908,-0.5007035928940888,0.5294117647058824,0.5714285714285714,17,14,primary_asymmetry
KneeAngles_ax1_absLminusR,99,2.3269405364990234,2.1180579662323,0.20888257026672363,-0.03361344537815126,-0.594289002717195,0.5294117647058824,0.5714285714285714,17,14,primary_asymmetry
KneeAngles_ax1_absLminusR,100,2.045175552368164,2.1443185210227966,-0.09914296865463257,-0.07563025210084033,-0.7146606990597816,0.5294117647058824,0.5,17,14,primary_asymmetry
AnkleAngles_ax1_LminusR,0,-0.0498347282409668,-0.20228338241577148,0.1524486541748047,0.058823529411764705,0.6483948747381844,0.5294117647058824,0.5,17,14,primary_asymmetry
AnkleAngles_ax1_LminusR,1,-0.1906294822692871,-0.22047042846679688,0.029840946197509766,0.08403361344537816,0.6826670777733391,0.5294117647058824,0.5,17,14,primary_asymmetry
AnkleAngles_ax1_LminusR,2,-0.23747730255126953,-0.49171924591064453,0.254241943359375,0.07563025210084033,0.70956851618397,0.5294117647058824,0.5,17,14,primary_asymmetry
AnkleAngles_ax1_LminusR,3,-0.3621664047241211,-0.7226369380950928,0.3604705333709717,0.11764705882352941,0.7614063418049702,0.5294117647058824,0.5714285714285714,17,14,primary_asymmetry
AnkleAngles_ax1_LminusR,4,-0.6485252380371094,-1.0142860412597656,0.36576080322265625,0.09243697478991597,0.6718051781142007,0.5882352941176471,0.5,17,14,primary_asymmetry
AnkleAngles_ax1_LminusR,5,-0.2769341468811035,-1.3152523040771484,1.038318157196045,0.08403361344537816,0.6359796058025742,0.6470588235294118,0.6428571428571429,17,14,primary_asymmetry
AnkleAngles_ax1_LminusR,6,0.49027156829833984,-1.3710851669311523,1.8613567352294922,0.14285714285714285,0.8038971141419035,0.6470588235294118,0.6428571428571429,17,14,primary_asymmetry
AnkleAngles_ax1_LminusR,7,1.0404086112976074,-1.0186188220977783,2.0590274333953857,0.15966386554621848,0.8002588894998058,0.6470588235294118,0.7142857142857143,17,14,primary_asymmetry
AnkleAngles_ax1_LminusR,8,0.5896468162536621,-0.563478410243988,1.1531252264976501,0.18487394957983194,0.7801849037546991,0.6470588235294118,0.6428571428571429,17,14,primary_asymmetry
AnkleAngles_ax1_LminusR,9,-0.8777043670415878,-0.2540457844734192,-0.6236585825681686,0.1092436974789916,0.5750332099706742,0.5294117647058824,0.6428571428571429,17,14,primary_asymmetry
AnkleAngles_ax1_LminusR,10,0.281430721282959,-0.5724325031042099,0.8538632243871689,0.15966386554621848,0.771315913654825,0.6470588235294118,0.6428571428571429,17,14,primary_asymmetry
AnkleAngles_ax1_LminusR,11,0.004700183868408203,-0.4131777957081795,0.4178779795765877,0.07563025210084033,0.5825255794340636,0.5294117647058824,0.5714285714285714,17,14,primary_asymmetry
AnkleAngles_ax1_LminusR,12,-0.01185595989227295,-1.0604652166366577,1.0486092567443848,0.15126050420168066,0.9439941758558434,0.6470588235294118,0.6428571428571429,17,14,primary_asymmetry
AnkleAngles_ax1_LminusR,13,1.2681283950805664,0.17013009637594223,1.0979982987046242,0.19327731092436976,1.0036460796724418,0.7058823529411765,0.5714285714285714,17,14,primary_asymmetry
AnkleAngles_ax1_LminusR,14,1.7047814950346947,0.14574944972991943,1.5590320453047752,0.13445378151260504,0.7471441737657534,0.6470588235294118,0.6428571428571429,17,14,primary_asymmetry
AnkleAngles_ax1_LminusR,15,0.21692132949829102,0.563676193356514,-0.34675486385822296,0.058823529411764705,0.4807939852936737,0.5294117647058824,0.5,17,14,primary_asymmetry
AnkleAngles_ax1_LminusR,16,-4.708014726638794,0.004567831754684448,-4.712582558393478,0.04201680672268908,0.2064034078563496,0.5294117647058824,0.6428571428571429,17,14,primary_asymmetry
AnkleAngles_ax1_LminusR,17,-7.146095469594002,3.055849182419479,-10.20194465201348,0.05042016806722689,-0.03489197080573796,0.5882352941176471,0.6428571428571429,17,14,primary_asymmetry
AnkleAngles_ax1_LminusR,18,-7.197146415710449,5.556759297847748,-12.753905713558197,0.01680672268907563,-0.2428244416450247,0.5882352941176471,0.6428571428571429,17,14,primary_asymmetry
AnkleAngles_ax1_LminusR,19,-6.218085765838623,5.4452855587005615,-11.663371324539185,0.0,-0.3410802854223936,0.5882352941176471,0.6428571428571429,17,14,primary_asymmetry
AnkleAngles_ax1_LminusR,20,-5.401258707046509,4.948104381561279,-10.349363088607788,-0.01680672268907563,-0.38840972855092976,0.5882352941176471,0.6428571428571429,17,14,primary_asymmetry
AnkleAngles_ax1_LminusR,21,-5.418064832687378,4.508970141410828,-9.927034974098206,-0.01680672268907563,-0.3818404648594371,0.5882352941176471,0.6428571428571429,17,14,primary_asymmetry
AnkleAngles_ax1_LminusR,22,-5.155615329742432,4.081251621246338,-9.23686695098877,-0.05042016806722689,-0.3663391745069951,0.5882352941176471,0.6428571428571429,17,14,primary_asymmetry
AnkleAngles_ax1_LminusR,23,-4.263503789901733,3.673486441373825,-7.9369902312755585,-0.04201680672268908,-0.339079482838423,0.5882352941176471,0.6428571428571429,17,14,primary_asymmetry
AnkleAngles_ax1_LminusR,24,-3.538081645965576,3.281798332929611,-6.819879978895187,-0.04201680672268908,-0.3072740689119526,0.5882352941176471,0.6428571428571429,17,14,primary_asymmetry
AnkleAngles_ax1_LminusR,25,-3.158566474914551,2.85454460978508,-6.013111084699631,-0.058823529411764705,-0.2725535855066943,0.5882352941176471,0.7142857142857143,17,14,primary_asymmetry
AnkleAngles_ax1_LminusR,26,-2.412485122680664,2.2942811585962772,-4.706766281276941,-0.06722689075630252,-0.2672950630720018,0.5882352941176471,0.7142857142857143,17,14,primary_asymmetry
AnkleAngles_ax1_LminusR,27,-1.879384994506836,1.4008713960647583,-3.2802563905715942,-0.08403361344537816,-0.30032954114230165,0.5882352941176471,0.7142857142857143,17,14,primary_asymmetry
AnkleAngles_ax1_LminusR,28,-1.6352100372314453,1.0058567523956299,-2.641066789627075,-0.10084033613445378,-0.30776848662418144,0.5882352941176471,0.7857142857142857,17,14,primary_asymmetry
AnkleAngles_ax1_LminusR,29,-1.492262840270996,1.2698599100112915,-2.7621227502822876,-0.11764705882352941,-0.3048344757063574,0.7058823529411765,0.7857142857142857,17,14,primary_asymmetry
AnkleAngles_ax1_LminusR,30,-1.216756820678711,1.1331169605255127,-2.3498737812042236,-0.13445378151260504,-0.24250484844544828,0.7058823529411765,0.7857142857142857,17,14,primary_asymmetry
AnkleAngles_ax1_LminusR,31,-0.726839542388916,0.25731611251831055,-0.9841556549072266,-0.10084033613445378,-0.15654709297027894,0.5882352941176471,0.6428571428571429,17,14,primary_asymmetry
AnkleAngles_ax1_LminusR,32,-0.5022134780883789,0.00042808055877685547,-0.5026415586471558,-0.025210084033613446,-0.03845740534612481,0.5882352941176471,0.5714285714285714,17,14,primary_asymmetry
AnkleAngles_ax1_LminusR,33,-0.33717823028564453,-0.19081223011016846,-0.14636600017547607,-0.025210084033613446,0.04952113818931236,0.5294117647058824,0.5,17,14,primary_asymmetry
AnkleAngles_ax1_LminusR,34,-0.35958194732666016,-0.24003219604492188,-0.11954975128173828,-0.03361344537815126,0.039857618963748016,0.5294117647058824,0.5,17,14,primary_asymmetry
AnkleAngles_ax1_LminusR,35,-0.8267974853515625,-0.10453152656555176,-0.7222659587860107,-0.07563025210084033,0.0199545493943557,0.5882352941176471,0.5714285714285714,17,14,primary_asymmetry
AnkleAngles_ax1_LminusR,36,-1.1513614654541016,-0.3128221035003662,-0.8385393619537354,-0.06722689075630252,-0.01846330808236656,0.5294117647058824,0.5714285714285714,17,14,primary_asymmetry
AnkleAngles_ax1_LminusR,37,-1.7425203323364258,-0.1994163990020752,-1.5431039333343506,-0.10084033613445378,-0.20034847672727546,0.5294117647058824,0.7142857142857143,17,14,primary_asymmetry
AnkleAngles_ax1_LminusR,38,-2.397400379180908,-0.03319740295410156,-2.3642029762268066,-0.12605042016806722,-0.4036106964380913,0.5882352941176471,0.7857142857142857,17,14,primary_asymmetry
AnkleAngles_ax1_LminusR,39,-2.4087629318237305,-0.2360548973083496,-2.172708034515381,-0.15966386554621848,-0.5976465827210852,0.6470588235294118,0.7857142857142857,17,14,primary_asymmetry
AnkleAngles_ax1_LminusR,40,-1.7531061172485352,-0.29761838912963867,-1.4554877281188965,-0.24369747899159663,-0.7924552571503009,0.6470588235294118,0.7857142857142857,17,14,primary_asymmetry
AnkleAngles_ax1_LminusR,41,-2.2603988647460938,-0.3133420944213867,-1.947056770324707,-0.31092436974789917,-1.024418386125395,0.6470588235294118,0.7857142857142857,17,14,primary_asymmetry
AnkleAngles_ax1_LminusR,42,-3.2124929428100586,-0.2841329574584961,-2.9283599853515625,-0.35294117647058826,-1.3322371274712845,0.6470588235294118,0.7857142857142857,17,14,primary_asymmetry
AnkleAngles_ax1_LminusR,43,-3.7162561416625977,-0.40953874588012695,-3.3067173957824707,-0.35294117647058826,-1.4810578608666223,0.6470588235294118,0.7857142857142857,17,14,primary_asymmetry
AnkleAngles_ax1_LminusR,44,-3.6904172897338867,-0.4002079963684082,-3.2902092933654785,-0.33613445378151263,-1.509631329285385,0.6470588235294118,0.7857142857142857,17,14,primary_asymmetry
AnkleAngles_ax1_LminusR,45,-3.4681358337402344,-0.2525825500488281,-3.2155532836914062,-0.3445378151260504,-1.5468462708836181,0.6470588235294118,0.7857142857142857,17,14,primary_asymmetry
AnkleAngles_ax1_LminusR,46,-3.046706199645996,-0.21074819564819336,-2.8359580039978027,-0.3445378151260504,-1.5489422479428,0.7058823529411765,0.7142857142857143,17,14,primary_asymmetry
AnkleAngles_ax1_LminusR,47,-3.1340761184692383,-0.13659334182739258,-2.9974827766418457,-0.33613445378151263,-1.5314168382468782,0.7058823529411765,0.7142857142857143,17,14,primary_asymmetry
AnkleAngles_ax1_LminusR,48,-2.7201156616210938,0.11007118225097656,-2.8301868438720703,-0.2857142857142857,-1.4558572230096873,0.7058823529411765,0.6428571428571429,17,14,primary_asymmetry
AnkleAngles_ax1_LminusR,49,-2.1305408477783203,0.3082442283630371,-2.4387850761413574,-0.2689075630252101,-1.4025185164523184,0.7647058823529411,0.6428571428571429,17,14,primary_asymmetry
AnkleAngles_ax1_LminusR,50,-1.7406587600708008,0.35268735885620117,-2.093346118927002,-0.2605042016806723,-1.4398760736886433,0.7647058823529411,0.5714285714285714,17,14,primary_asymmetry
AnkleAngles_ax1_LminusR,51,-1.7795064449310303,0.19687509536743164,-1.976381540298462,-0.2857142857142857,-1.4494321990935088,0.7647058823529411,0.6428571428571429,17,14,primary_asymmetry
AnkleAngles_ax1_LminusR,52,-1.7662529945373535,0.5947480201721191,-2.3610010147094727,-0.3025210084033613,-1.4741082939982464,0.7647058823529411,0.6428571428571429,17,14,primary_asymmetry
AnkleAngles_ax1_LminusR,53,-1.651900291442871,1.583818793296814,-3.235719084739685,-0.31932773109243695,-1.5339262543902965,0.8235294117647058,0.6428571428571429,17,14,primary_asymmetry
AnkleAngles_ax1_LminusR,54,-1.4594669342041016,1.5319478511810303,-2.991414785385132,-0.3445378151260504,-1.5813646014383498,0.8235294117647058,0.6428571428571429,17,14,primary_asymmetry
AnkleAngles_ax1_LminusR,55,-2.9238343238830566,1.165602684020996,-4.089437007904053,-0.37815126050420167,-1.5328151027030168,0.8235294117647058,0.7857142857142857,17,14,primary_asymmetry
AnkleAngles_ax1_LminusR,56,-3.0120716094970703,0.680876612663269,-3.6929482221603394,-0.33613445378151263,-1.3195438176018255,0.7647058823529411,0.7857142857142857,17,14,primary_asymmetry
AnkleAngles_ax1_LminusR,57,-3.213358759880066,0.15739373210817575,-3.3707524919882417,-0.3277310924369748,-1.1384005034261093,0.7647058823529411,0.7857142857142857,17,14,primary_asymmetry
AnkleAngles_ax1_LminusR,58,-1.4018201231956482,-0.06375336647033691,-1.3380667567253113,-0.29411764705882354,-0.9655757032060722,0.7058823529411765,0.7142857142857143,17,14,primary_asymmetry
AnkleAngles_ax1_LminusR,59,-1.9261970520019531,-0.09669792652130127,-1.8294991254806519,-0.2184873949579832,-0.7265119883720755,0.7058823529411765,0.7857142857142857,17,14,primary_asymmetry
AnkleAngles_ax1_LminusR,60,-0.9922016263008118,-0.004452347755432129,-0.9877492785453796,-0.12605042016806722,-0.56375435091407,0.5882352941176471,0.5714285714285714,17,14,primary_asymmetry
AnkleAngles_ax1_LminusR,61,-1.1986926198005676,-1.3473324626684189,0.14863984286785126,-0.025210084033613446,-0.39422963393084615,0.5294117647058824,0.5,17,14,primary_asymmetry
AnkleAngles_ax1_LminusR,62,-0.3024503290653229,-2.231849104166031,1.929398775100708,0.10084033613445378,-0.2046974072005839,0.6470588235294118,0.7142857142857143,17,14,primary_asymmetry
AnkleAngles_ax1_LminusR,63,0.5081318616867065,-2.4309835582971573,2.939115419983864,0.15126050420168066,-0.08994723975281821,0.7058823529411765,0.7142857142857143,17,14,primary_asymmetry
AnkleAngles_ax1_LminusR,64,1.000086173415184,-2.659388665109873,3.659474838525057,0.09243697478991597,-0.08815842315258185,0.6470588235294118,0.7142857142857143,17,14,primary_asymmetry
AnkleAngles_ax1_LminusR,65,3.0414698719978333,-3.727318026125431,6.768787898123264,0.01680672268907563,-0.08284803481617765,0.5882352941176471,0.7142857142857143,17,14,primary_asymmetry
AnkleAngles_ax1_LminusR,66,4.537638068199158,-4.876912415027618,9.414550483226776,-0.008403361344537815,0.04784927913079938,0.5882352941176471,0.6428571428571429,17,14,primary_asymmetry
AnkleAngles_ax1_LminusR,67,5.472724735736847,-5.4327086210250854,10.905433356761932,0.0,0.2135146476783615,0.5882352941176471,0.6428571428571429,17,14,primary_asymmetry
AnkleAngles_ax1_LminusR,68,6.630643129348755,-6.114812910556793,12.745456039905548,0.01680672268907563,0.3460674117063269,0.6470588235294118,0.6428571428571429,17,14,primary_asymmetry
AnkleAngles_ax1_LminusR,69,7.917234241962433,-6.411366641521454,14.328600883483887,0.05042016806722689,0.4413173804637827,0.6470588235294118,0.6428571428571429,17,14,primary_asymmetry
AnkleAngles_ax1_LminusR,70,5.851704299449921,-6.318628191947937,12.170332491397858,0.058823529411764705,0.4692999509665581,0.6470588235294118,0.6428571428571429,17,14,primary_asymmetry
AnkleAngles_ax1_LminusR,71,4.586737632751465,-5.848859429359436,10.4355970621109,0.058823529411764705,0.47503816213304406,0.6470588235294118,0.6428571428571429,17,14,primary_asymmetry
AnkleAngles_ax1_LminusR,72,3.749883249402046,-5.37458460777998,9.124467857182026,0.058823529411764705,0.4877174081858862,0.6470588235294118,0.6428571428571429,17,14,primary_asymmetry
AnkleAngles_ax1_LminusR,73,2.8502609729766846,-4.68735389970243,7.537614872679114,0.06722689075630252,0.47627791288818583,0.6470588235294118,0.6428571428571429,17,14,primary_asymmetry
AnkleAngles_ax1_LminusR,74,1.849335789680481,-4.003210574388504,5.852546364068985,0.058823529411764705,0.43656965829312017,0.6470588235294118,0.5714285714285714,17,14,primary_asymmetry
AnkleAngles_ax1_LminusR,75,0.8664548397064209,-3.318761944770813,4.185216784477234,0.04201680672268908,0.3563290428644296,0.6470588235294118,0.5714285714285714,17,14,primary_asymmetry
AnkleAngles_ax1_LminusR,76,1.0710430033504963,-2.87188583612442,3.9429288394749165,0.058823529411764705,0.22694809834195165,0.5882352941176471,0.5714285714285714,17,14,primary_asymmetry
AnkleAngles_ax1_LminusR,77,1.4436902403831482,-0.8172786757349968,2.260968916118145,0.01680672268907563,0.09249740911289145,0.5294117647058824,0.6428571428571429,17,14,primary_asymmetry
AnkleAngles_ax1_LminusR,78,0.8855819702148438,-0.6535136587917805,1.5390956290066242,0.0,0.010341854526186925,0.5294117647058824,0.6428571428571429,17,14,primary_asymmetry
AnkleAngles_ax1_LminusR,79,0.7188410758972168,-1.5337906032800674,2.2526316791772842,-0.008403361344537815,-0.07183114229871723,0.5294117647058824,0.6428571428571429,17,14,primary_asymmetry
AnkleAngles_ax1_LminusR,80,0.7951517105102539,-1.4288007616996765,2.2239524722099304,-0.01680672268907563,-0.13833988976184655,0.5294117647058824,0.6428571428571429,17,14,primary_asymmetry
AnkleAngles_ax1_LminusR,81,0.8112120628356934,-1.2656539678573608,2.076866030693054,-0.025210084033613446,-0.24004820421368936,0.5294117647058824,0.5714285714285714,17,14,primary_asymmetry
AnkleAngles_ax1_LminusR,82,0.7415146827697754,-1.0767669677734375,1.818281650543213,-0.05042016806722689,-0.3770295609364365,0.5294117647058824,0.5714285714285714,17,14,primary_asymmetry
AnkleAngles_ax1_LminusR,83,0.3516883850097656,-0.746272087097168,1.0979604721069336,-0.05042016806722689,-0.43448946094610574,0.5294117647058824,0.5714285714285714,17,14,primary_asymmetry
AnkleAngles_ax1_LminusR,84,-0.1345667839050293,-0.812497615814209,0.6779308319091797,-0.05042016806722689,-0.42373850742591174,0.5294117647058824,0.5714285714285714,17,14,primary_asymmetry
AnkleAngles_ax1_LminusR,85,-0.7869176864624023,-0.6649875640869141,-0.12193012237548828,-0.07563025210084033,-0.44759706170159164,0.5294117647058824,0.5,17,14,primary_asymmetry
AnkleAngles_ax1_LminusR,86,-1.1396656036376953,-0.7318820953369141,-0.40778350830078125,-0.06722689075630252,-0.46719952961423905,0.5294117647058824,0.5,17,14,primary_asymmetry
AnkleAngles_ax1_LminusR,87,-0.8101816177368164,-0.7613613605499268,-0.04882025718688965,-0.09243697478991597,-0.4534789858342305,0.5294117647058824,0.5,17,14,primary_asymmetry
AnkleAngles_ax1_LminusR,88,-0.46972036361694336,-0.6416018009185791,0.17188143730163574,-0.09243697478991597,-0.4203462667158152,0.5294117647058824,0.5,17,14,primary_asymmetry
AnkleAngles_ax1_LminusR,89,-0.7976160049438477,-0.8835017681121826,0.08588576316833496,-0.09243697478991597,-0.32662163616121853,0.5294117647058824,0.5,17,14,primary_asymmetry
AnkleAngles_ax1_LminusR,90,-1.0698304176330566,-0.9947504997253418,-0.07507991790771484,-0.07563025210084033,-0.2600514632079239,0.5294117647058824,0.5,17,14,primary_asymmetry
AnkleAngles_ax1_LminusR,91,-1.317075252532959,-1.080488920211792,-0.236586332321167,-0.04201680672268908,-0.18966840113828426,0.5294117647058824,0.5,17,14,primary_asymmetry
AnkleAngles_ax1_LminusR,92,-1.3673348426818848,-0.8341104984283447,-0.53322434425354,0.0,-0.09951922482486955,0.5294117647058824,0.5,17,14,primary_asymmetry
AnkleAngles_ax1_LminusR,93,-0.6236991882324219,-0.9691874980926514,0.3454883098602295,0.03361344537815126,0.0030826745217284288,0.5294117647058824,0.5,17,14,primary_asymmetry
AnkleAngles_ax1_LminusR,94,-0.49540281295776367,-0.9570696353912354,0.4616668224334717,0.06722689075630252,0.15183483124667962,0.5294117647058824,0.5,17,14,primary_asymmetry
AnkleAngles_ax1_LminusR,95,-0.37325191497802734,-0.9028944969177246,0.5296425819396973,0.04201680672268908,0.24839428782693,0.5882352941176471,0.5,17,14,primary_asymmetry
AnkleAngles_ax1_LminusR,96,-0.4668898582458496,-0.47241926193237305,0.0055294036865234375,0.04201680672268908,0.2675019031362259,0.5294117647058824,0.5,17,14,primary_asymmetry
AnkleAngles_ax1_LminusR,97,-0.41199636459350586,-0.10631859302520752,-0.30567777156829834,0.04201680672268908,0.23036935847438195,0.5882352941176471,0.5,17,14,primary_asymmetry
AnkleAngles_ax1_LminusR,98,-1.1501235961914062,0.24665510654449463,-1.3967787027359009,0.01680672268907563,0.1146095666650192,0.6470588235294118,0.5,17,14,primary_asymmetry
AnkleAngles_ax1_LminusR,99,-0.5999937057495117,0.1341550350189209,-0.7341487407684326,0.03361344537815126,0.2326762341051574,0.5882352941176471,0.5,17,14,primary_asymmetry
AnkleAngles_ax1_LminusR,100,0.10952377319335938,0.010946512222290039,0.09857726097106934,0.09243697478991597,0.4473631494685169,0.5294117647058824,0.5,17,14,primary_asymmetry
AnkleAngles_ax1_absLminusR,0,4.420197486877441,4.016469955444336,0.40372753143310547,-0.025210084033613446,-0.43307118538836276,0.5882352941176471,0.5714285714285714,17,14,primary_asymmetry
AnkleAngles_ax1_absLminusR,1,4.066884994506836,4.543395519256592,-0.47651052474975586,-0.09243697478991597,-0.5937234533271304,0.5294117647058824,0.5,17,14,primary_asymmetry
AnkleAngles_ax1_absLminusR,2,4.3104095458984375,4.769683361053467,-0.4592738151550293,-0.1092436974789916,-0.5977127073658226,0.6470588235294118,0.5,17,14,primary_asymmetry
AnkleAngles_ax1_absLminusR,3,4.130487442016602,4.717912673950195,-0.5874252319335938,-0.1092436974789916,-0.5735158483308829,0.5882352941176471,0.6428571428571429,17,14,primary_asymmetry
AnkleAngles_ax1_absLminusR,4,4.614221572875977,4.950858116149902,-0.3366365432739258,-0.12605042016806722,-0.6401718966374291,0.5882352941176471,0.6428571428571429,17,14,primary_asymmetry
AnkleAngles_ax1_absLminusR,5,4.703284978866577,4.302218914031982,0.4010660648345947,-0.05042016806722689,-0.4630985346243242,0.5294117647058824,0.6428571428571429,17,14,primary_asymmetry
AnkleAngles_ax1_absLminusR,6,4.562807083129883,4.046181917190552,0.516625165939331,-0.025210084033613446,-0.23896240677729202,0.6470588235294118,0.6428571428571429,17,14,primary_asymmetry
AnkleAngles_ax1_absLminusR,7,4.464679718017578,3.558011054992676,0.9066686630249023,0.04201680672268908,-0.06891699850109283,0.6470588235294118,0.5714285714285714,17,14,primary_asymmetry
AnkleAngles_ax1_absLminusR,8,4.626319050788879,3.1081457138061523,1.518173336982727,0.07563025210084033,0.1947659905707746,0.5882352941176471,0.5714285714285714,17,14,primary_asymmetry
AnkleAngles_ax1_absLminusR,9,3.5329179763793945,2.5760363340377808,0.9568816423416138,0.16806722689075632,0.5645918014397928,0.5882352941176471,0.5,17,14,primary_asymmetry
AnkleAngles_ax1_absLminusR,10,3.08705997467041,2.804601788520813,0.28245818614959717,0.01680672268907563,0.0960582094476724,0.5294117647058824,0.6428571428571429,17,14,primary_asymmetry
AnkleAngles_ax1_absLminusR,11,3.1272788643836975,2.047112226486206,1.0801666378974915,0.0,0.012645909057971734,0.5882352941176471,0.5714285714285714,17,14,primary_asymmetry
AnkleAngles_ax1_absLminusR,12,2.603853225708008,2.7594781070947647,-0.1556248813867569,-0.01680672268907563,0.013394396222356117,0.5294117647058824,0.5,17,14,primary_asymmetry
AnkleAngles_ax1_absLminusR,13,5.1973795890808105,2.42126202583313,2.7761175632476807,0.10084033613445378,0.34867489170109095,0.7058823529411765,0.5714285714285714,17,14,primary_asymmetry
AnkleAngles_ax1_absLminusR,14,8.207019805908203,6.099623680114746,2.107396125793457,0.15126050420168066,0.2798618147250747,0.5882352941176471,0.7142857142857143,17,14,primary_asymmetry
AnkleAngles_ax1_absLminusR,15,10.115130543708801,9.201735138893127,0.9133954048156738,0.06722689075630252,0.03674500237759468,0.5882352941176471,0.5,17,14,primary_asymmetry
AnkleAngles_ax1_absLminusR,16,11.441768169403076,11.573250260669738,-0.13148209126666188,0.05042016806722689,0.26670189837963065,0.5294117647058824,0.5,17,14,primary_asymmetry
AnkleAngles_ax1_absLminusR,17,13.881078839302063,12.784272104501724,1.0968067348003387,0.05042016806722689,0.1760984404849257,0.5294117647058824,0.5,17,14,primary_asymmetry
AnkleAngles_ax1_absLminusR,18,14.251029014587402,13.161247849464417,1.0897811651229858,0.025210084033613446,0.028742763271314527,0.6470588235294118,0.5714285714285714,17,14,primary_asymmetry
AnkleAngles_ax1_absLminusR,19,14.26222848892212,12.84520673751831,1.4170217514038086,0.03361344537815126,0.004764478162715914,0.5882352941176471,0.5714285714285714,17,14,primary_asymmetry
AnkleAngles_ax1_absLminusR,20,13.699576377868652,12.258890867233276,1.440685510635376,0.01680672268907563,0.07177241887126401,0.5882352941176471,0.6428571428571429,17,14,primary_asymmetry
AnkleAngles_ax1_absLminusR,21,12.817889213562012,11.481099903583527,1.336789309978485,0.058823529411764705,0.18958307698664578,0.5882352941176471,0.6428571428571429,17,14,primary_asymmetry
AnkleAngles_ax1_absLminusR,22,11.79906177520752,10.664762735366821,1.1342990398406982,0.08403361344537816,0.3278041057987936,0.5294117647058824,0.7142857142857143,17,14,primary_asymmetry
AnkleAngles_ax1_absLminusR,23,10.681978225708008,9.833882089704275,0.8480961360037327,0.11764705882352941,0.4115703289630603,0.5882352941176471,0.7142857142857143,17,14,primary_asymmetry
AnkleAngles_ax1_absLminusR,24,9.71621036529541,8.577248454093933,1.138961911201477,0.10084033613445378,0.3973730241923207,0.5882352941176471,0.6428571428571429,17,14,primary_asymmetry
AnkleAngles_ax1_absLminusR,25,9.268105536699295,7.101444151252508,2.166661385446787,0.12605042016806722,0.47952904414252684,0.5882352941176471,0.7142857142857143,17,14,primary_asymmetry
AnkleAngles_ax1_absLminusR,26,8.502957224845886,5.606592357158661,2.8963648676872253,0.15966386554621848,0.6190621293377199,0.7058823529411765,0.7142857142857143,17,14,primary_asymmetry
AnkleAngles_ax1_absLminusR,27,7.5517966747283936,4.475584506988525,3.076212167739868,0.19327731092436976,0.8002338437861084,0.7058823529411765,0.7142857142857143,17,14,primary_asymmetry
AnkleAngles_ax1_absLminusR,28,6.963531970977783,3.4147346019744873,3.548797369003296,0.2184873949579832,0.9289440749642738,0.7058823529411765,0.7142857142857143,17,14,primary_asymmetry
AnkleAngles_ax1_absLminusR,29,6.705191373825073,2.8383275866508484,3.866863787174225,0.21008403361344538,0.9305356680415701,0.6470588235294118,0.7857142857142857,17,14,primary_asymmetry
AnkleAngles_ax1_absLminusR,30,5.470613479614258,2.5584816932678223,2.9121317863464355,0.15966386554621848,0.8051861321384512,0.5882352941176471,0.7857142857142857,17,14,primary_asymmetry
AnkleAngles_ax1_absLminusR,31,4.378108978271484,2.7681212425231934,1.609987735748291,0.12605042016806722,0.6679642486977825,0.5294117647058824,0.7142857142857143,17,14,primary_asymmetry
AnkleAngles_ax1_absLminusR,32,3.7114429473876953,2.367950916290283,1.343492031097412,0.1092436974789916,0.604967220446815,0.5294117647058824,0.7142857142857143,17,14,primary_asymmetry
AnkleAngles_ax1_absLminusR,33,3.5053529739379883,2.017218828201294,1.4881341457366943,0.025210084033613446,0.44789902590680153,0.5294117647058824,0.7142857142857143,17,14,primary_asymmetry
AnkleAngles_ax1_absLminusR,34,2.992295503616333,2.0875649452209473,0.9047305583953857,0.008403361344537815,0.30494217995830025,0.5294117647058824,0.6428571428571429,17,14,primary_asymmetry
AnkleAngles_ax1_absLminusR,35,2.6843912601470947,2.2250750064849854,0.4593162536621094,0.07563025210084033,0.445656622432627,0.5882352941176471,0.5714285714285714,17,14,primary_asymmetry
AnkleAngles_ax1_absLminusR,36,2.5249204635620117,2.2672786712646484,0.2576417922973633,0.14285714285714285,0.6254565610383453,0.6470588235294118,0.6428571428571429,17,14,primary_asymmetry
AnkleAngles_ax1_absLminusR,37,2.747629165649414,2.053121328353882,0.6945078372955322,0.2773109243697479,0.9422203727996321,0.7058823529411765,0.7142857142857143,17,14,primary_asymmetry
AnkleAngles_ax1_absLminusR,38,2.846867561340332,1.844726324081421,1.0021412372589111,0.2689075630252101,1.2101429275143007,0.7647058823529411,0.7142857142857143,17,14,primary_asymmetry
AnkleAngles_ax1_absLminusR,39,2.905895233154297,1.8434910774230957,1.0624041557312012,0.31092436974789917,1.4578948972835462,0.7647058823529411,0.6428571428571429,17,14,primary_asymmetry
AnkleAngles_ax1_absLminusR,40,3.481403350830078,2.284106492996216,1.1972968578338623,0.3025210084033613,1.6714931414704517,0.6470588235294118,0.7857142857142857,17,14,primary_asymmetry
AnkleAngles_ax1_absLminusR,41,3.885504722595215,2.6080262660980225,1.2774784564971924,0.3697478991596639,1.9600438626732455,0.6470588235294118,0.7857142857142857,17,14,primary_asymmetry
AnkleAngles_ax1_absLminusR,42,4.21994686126709,2.9996743202209473,1.2202725410461426,0.42016806722689076,2.244385051817497,0.7058823529411765,0.7857142857142857,17,14,primary_asymmetry
AnkleAngles_ax1_absLminusR,43,4.219164848327637,3.199275016784668,1.0198898315429688,0.40336134453781514,2.2208559906656764,0.7058823529411765,0.7857142857142857,17,14,primary_asymmetry
AnkleAngles_ax1_absLminusR,44,4.186527252197266,3.3320751190185547,0.8544521331787109,0.35294117647058826,2.0276850411485183,0.7058823529411765,0.7857142857142857,17,14,primary_asymmetry
AnkleAngles_ax1_absLminusR,45,4.478726387023926,3.5246896743774414,0.9540367126464844,0.33613445378151263,1.8033195687275745,0.6470588235294118,0.7857142857142857,17,14,primary_asymmetry
AnkleAngles_ax1_absLminusR,46,4.660880088806152,3.5432989597320557,1.1175811290740967,0.3025210084033613,1.5935257828682128,0.6470588235294118,0.7857142857142857,17,14,primary_asymmetry
AnkleAngles_ax1_absLminusR,47,4.920252799987793,3.5003466606140137,1.4199061393737793,0.21008403361344538,1.3667389823005116,0.6470588235294118,0.7142857142857143,17,14,primary_asymmetry
AnkleAngles_ax1_absLminusR,48,5.085007667541504,3.646702289581299,1.438305377960205,0.15966386554621848,1.175829742536583,0.5882352941176471,0.7142857142857143,17,14,primary_asymmetry
AnkleAngles_ax1_absLminusR,49,5.658197402954102,3.3151516914367676,2.343045711517334,0.11764705882352941,0.9942391622414716,0.5882352941176471,0.7857142857142857,17,14,primary_asymmetry
AnkleAngles_ax1_absLminusR,50,6.132617950439453,3.0124692916870117,3.1201486587524414,0.058823529411764705,1.047681827164116,0.5882352941176471,0.7857142857142857,17,14,primary_asymmetry
AnkleAngles_ax1_absLminusR,51,5.709819793701172,2.8031647205352783,2.9066550731658936,0.1092436974789916,1.1526469011832061,0.5882352941176471,0.7142857142857143,17,14,primary_asymmetry
AnkleAngles_ax1_absLminusR,52,5.052827835083008,2.811542272567749,2.241285562515259,0.12605042016806722,1.1069893116995322,0.5882352941176471,0.7142857142857143,17,14,primary_asymmetry
AnkleAngles_ax1_absLminusR,53,4.083786487579346,2.723278284072876,1.3605082035064697,0.04201680672268908,0.7789003701618651,0.5882352941176471,0.7142857142857143,17,14,primary_asymmetry
AnkleAngles_ax1_absLminusR,54,3.1860733032226562,2.9256927967071533,0.26038050651550293,0.05042016806722689,0.6231362762330894,0.6470588235294118,0.5714285714285714,17,14,primary_asymmetry
AnkleAngles_ax1_absLminusR,55,3.6147022247314453,3.054203748703003,0.5604984760284424,0.058823529411764705,0.5974823978378335,0.5882352941176471,0.6428571428571429,17,14,primary_asymmetry
AnkleAngles_ax1_absLminusR,56,4.641206741333008,2.811713695526123,1.8294930458068848,0.06722689075630252,0.7728656653027561,0.7058823529411765,0.5714285714285714,17,14,primary_asymmetry
AnkleAngles_ax1_absLminusR,57,4.622920036315918,3.109346628189087,1.513573408126831,0.20168067226890757,1.1186451036745015,0.7058823529411765,0.5714285714285714,17,14,primary_asymmetry
AnkleAngles_ax1_absLminusR,58,4.790788650512695,3.6557849049568176,1.1350037455558777,0.2184873949579832,1.1454678635976068,0.6470588235294118,0.6428571428571429,17,14,primary_asymmetry
AnkleAngles_ax1_absLminusR,59,4.034752130508423,2.4079672396183014,1.6267848908901215,0.05042016806722689,0.5288147905146032,0.5882352941176471,0.5714285714285714,17,14,primary_asymmetry
AnkleAngles_ax1_absLminusR,60,3.1065587922930717,1.6257356405258179,1.4808231517672539,0.13445378151260504,0.2594827102166553,0.7647058823529411,0.6428571428571429,17,14,primary_asymmetry
AnkleAngles_ax1_absLminusR,61,4.555994272232056,1.9658132791519165,2.590180993080139,0.10084033613445378,-0.027861071321554298,0.7058823529411765,0.7142857142857143,17,14,primary_asymmetry
AnkleAngles_ax1_absLminusR,62,4.5688766948878765,2.8533419370651245,1.715534757822752,0.025210084033613446,-0.4793715228467553,0.6470588235294118,0.6428571428571429,17,14,primary_asymmetry
AnkleAngles_ax1_absLminusR,63,4.463092684745789,5.692429304122925,-1.2293366193771362,-0.09243697478991597,-0.6214666579209835,0.5294117647058824,0.5714285714285714,17,14,primary_asymmetry
AnkleAngles_ax1_absLminusR,64,8.452871829271317,7.824374258518219,0.6284975707530975,-0.008403361344537815,-0.40674931160556876,0.5294117647058824,0.5714285714285714,17,14,primary_asymmetry
AnkleAngles_ax1_absLminusR,65,9.999783635139465,10.90253709256649,-0.9027534574270248,0.0,-0.1562274805496862,0.5294117647058824,0.6428571428571429,17,14,primary_asymmetry
AnkleAngles_ax1_absLminusR,66,12.509927749633789,13.195628046989441,-0.6857002973556519,-0.03361344537815126,-0.16256363944563593,0.5882352941176471,0.5714285714285714,17,14,primary_asymmetry
AnkleAngles_ax1_absLminusR,67,13.492389917373657,15.108498811721802,-1.6161088943481445,-0.04201680672268908,-0.30643128635078554,0.7058823529411765,0.5714285714285714,17,14,primary_asymmetry
AnkleAngles_ax1_absLminusR,68,13.44017505645752,16.03599989414215,-2.5958248376846313,-0.14285714285714285,-0.4504681864514309,0.7058823529411765,0.5714285714285714,17,14,primary_asymmetry
AnkleAngles_ax1_absLminusR,69,13.151296377182007,15.402024865150452,-2.250728487968445,-0.20168067226890757,-0.5792513978755728,0.6470588235294118,0.5,17,14,primary_asymmetry
AnkleAngles_ax1_absLminusR,70,12.540271162986755,14.528504848480225,-1.9882336854934692,-0.19327731092436976,-0.6641976387194761,0.7058823529411765,0.5714285714285714,17,14,primary_asymmetry
AnkleAngles_ax1_absLminusR,71,11.801806926727295,13.536291241645813,-1.734484314918518,-0.19327731092436976,-0.652743347006145,0.7058823529411765,0.6428571428571429,17,14,primary_asymmetry
AnkleAngles_ax1_absLminusR,72,11.140951126813889,12.810274254065007,-1.6693231272511184,-0.14285714285714285,-0.5867750486891536,0.7058823529411765,0.5714285714285714,17,14,primary_asymmetry
AnkleAngles_ax1_absLminusR,73,10.085155159235,11.858694911003113,-1.7735397517681122,-0.14285714285714285,-0.47350037326045763,0.6470588235294118,0.5714285714285714,17,14,primary_asymmetry
AnkleAngles_ax1_absLminusR,74,9.246756762266159,10.857272058725357,-1.610515296459198,-0.1092436974789916,-0.3450511752983515,0.5882352941176471,0.5714285714285714,17,14,primary_asymmetry
AnkleAngles_ax1_absLminusR,75,9.31243371963501,9.891471102833748,-0.5790373831987381,-0.03361344537815126,-0.12570875614011712,0.5294117647058824,0.5714285714285714,17,14,primary_asymmetry
AnkleAngles_ax1_absLminusR,76,9.126688838005066,8.070669174194336,1.05601966381073,0.06722689075630252,0.12707843894802068,0.5294117647058824,0.7142857142857143,17,14,primary_asymmetry
AnkleAngles_ax1_absLminusR,77,7.84894523024559,7.096006825566292,0.7529384046792984,0.13445378151260504,0.3676684187665388,0.5294117647058824,0.7142857142857143,17,14,primary_asymmetry
AnkleAngles_ax1_absLminusR,78,6.691999077796936,6.218952834606171,0.4730462431907654,0.1092436974789916,0.3987837764626838,0.5294117647058824,0.5714285714285714,17,14,primary_asymmetry
AnkleAngles_ax1_absLminusR,79,5.62636125087738,5.394224286079407,0.23213696479797363,0.058823529411764705,0.2594884039232896,0.5882352941176471,0.5714285714285714,17,14,primary_asymmetry
AnkleAngles_ax1_absLminusR,80,5.010855674743652,4.668779373168945,0.34207630157470703,0.03361344537815126,0.09293322669207413,0.5294117647058824,0.5,17,14,primary_asymmetry
AnkleAngles_ax1_absLminusR,81,4.1282830238342285,4.640095591545105,-0.5118125677108765,0.0,-0.06266434026779662,0.5294117647058824,0.5714285714285714,17,14,primary_asymmetry
AnkleAngles_ax1_absLminusR,82,4.607681751251221,4.171915233135223,0.4357665181159973,-0.025210084033613446,-0.16888159999441096,0.5294117647058824,0.6428571428571429,17,14,primary_asymmetry
AnkleAngles_ax1_absLminusR,83,4.3523266315460205,4.340260982513428,0.012065649032592773,-0.058823529411764705,-0.3847696755820331,0.5294117647058824,0.5,17,14,primary_asymmetry
AnkleAngles_ax1_absLminusR,84,3.8483941555023193,4.315840244293213,-0.46744608879089355,-0.12605042016806722,-0.5746174292600187,0.5294117647058824,0.6428571428571429,17,14,primary_asymmetry
AnkleAngles_ax1_absLminusR,85,3.6526055335998535,4.191462397575378,-0.5388568639755249,-0.11764705882352941,-0.5249286424122028,0.5294117647058824,0.6428571428571429,17,14,primary_asymmetry
AnkleAngles_ax1_absLminusR,86,3.984567165374756,4.048636555671692,-0.06406939029693604,-0.06722689075630252,-0.4689823798583559,0.5294117647058824,0.5,17,14,primary_asymmetry
AnkleAngles_ax1_absLminusR,87,4.157918453216553,3.9723591804504395,0.18555927276611328,-0.08403361344537816,-0.4898281308578016,0.5294117647058824,0.5,17,14,primary_asymmetry
AnkleAngles_ax1_absLminusR,88,4.273828029632568,3.870438575744629,0.40338945388793945,-0.07563025210084033,-0.4598056408810108,0.5294117647058824,0.5,17,14,primary_asymmetry
AnkleAngles_ax1_absLminusR,89,4.688362121582031,3.7752113342285156,0.9131507873535156,-0.025210084033613446,-0.35690612908171176,0.5294117647058824,0.5714285714285714,17,14,primary_asymmetry
AnkleAngles_ax1_absLminusR,90,4.821390151977539,3.9115042686462402,0.9098858833312988,-0.025210084033613446,-0.2680800110564979,0.5294117647058824,0.6428571428571429,17,14,primary_asymmetry
AnkleAngles_ax1_absLminusR,91,4.4593915939331055,3.888633966445923,0.5707576274871826,-0.03361344537815126,-0.1967003533188001,0.5294117647058824,0.5714285714285714,17,14,primary_asymmetry
AnkleAngles_ax1_absLminusR,92,3.7425484657287598,4.122881174087524,-0.38033270835876465,-0.025210084033613446,-0.2088621526190863,0.5294117647058824,0.5714285714285714,17,14,primary_asymmetry
AnkleAngles_ax1_absLminusR,93,4.044307708740234,4.399875640869141,-0.35556793212890625,-0.058823529411764705,-0.23655488811496844,0.5294117647058824,0.5,17,14,primary_asymmetry
AnkleAngles_ax1_absLminusR,94,4.919005393981934,4.710459470748901,0.20854592323303223,-0.06722689075630252,-0.19546560259380272,0.5294117647058824,0.5,17,14,primary_asymmetry
AnkleAngles_ax1_absLminusR,95,4.924696922302246,5.0534234046936035,-0.12872648239135742,-0.08403361344537816,-0.21533127028116367,0.5294117647058824,0.5,17,14,primary_asymmetry
AnkleAngles_ax1_absLminusR,96,5.196651458740234,5.181501388549805,0.015150070190429688,-0.10084033613445378,-0.2860741012323447,0.5294117647058824,0.5,17,14,primary_asymmetry
AnkleAngles_ax1_absLminusR,97,5.108654975891113,5.021202564239502,0.08745241165161133,-0.10084033613445378,-0.28418540859819774,0.5294117647058824,0.5,17,14,primary_asymmetry
AnkleAngles_ax1_absLminusR,98,4.891989707946777,4.745946884155273,0.1460428237915039,-0.17647058823529413,-0.42221651721331166,0.5294117647058824,0.5,17,14,primary_asymmetry
AnkleAngles_ax1_absLminusR,99,4.9687418937683105,4.35783839225769,0.6109035015106201,-0.15126050420168066,-0.3643873181293145,0.5294117647058824,0.5714285714285714,17,14,primary_asymmetry
AnkleAngles_ax1_absLminusR,100,5.006939888000488,4.051466941833496,0.9554729461669922,-0.008403361344537815,-0.1017913919608131,0.5294117647058824,0.5714285714285714,17,14,primary_asymmetry
