channel,time_percent,victim_median,n_victim,level
LASI_ax1,0,784.5781555175781,17,secondary
LASI_ax1,1,791.1688537597656,17,secondary
LASI_ax1,2,790.4057006835938,17,secondary
LASI_ax1,3,789.5075378417969,17,secondary
LASI_ax1,4,789.0650329589844,17,secondary
LASI_ax1,5,788.567138671875,17,secondary
LASI_ax1,6,788.0935363769531,17,secondary
LASI_ax1,7,790.8668212890625,17,secondary
LASI_ax1,8,789.466064453125,17,secondary
LASI_ax1,9,803.03466796875,17,secondary
LASI_ax1,10,812.181640625,17,secondary
LASI_ax1,11,814.9761657714844,17,secondary
LASI_ax1,12,814.3754577636719,17,secondary
LASI_ax1,13,813.7065124511719,17,secondary
LASI_ax1,14,812.9864807128906,17,secondary
LASI_ax1,15,812.2332763671875,17,secondary
LASI_ax1,16,811.4737243652344,17,secondary
LASI_ax1,17,811.2616577148438,17,secondary
LASI_ax1,18,824.5775146484375,17,secondary
LASI_ax1,19,814.1141357421875,17,secondary
LASI_ax1,20,823.7949829101562,17,secondary
LASI_ax1,21,836.2940063476562,17,secondary
LASI_ax1,22,848.7384643554688,17,secondary
LASI_ax1,23,861.00048828125,17,secondary
LASI_ax1,24,872.9057006835938,17,secondary
LASI_ax1,25,884.6032104492188,17,secondary
LASI_ax1,26,896.4578857421875,17,secondary
LASI_ax1,27,908.5842895507812,17,secondary
LASI_ax1,28,921.0328674316406,17,secondary
LASI_ax1,29,933.8052673339844,17,secondary
LASI_ax1,30,946.8167114257812,17,secondary
LASI_ax1,31,960.0175170898438,17,secondary
LASI_ax1,32,973.3733520507812,17,secondary
LASI_ax1,33,986.8112487792969,17,secondary
LASI_ax1,34,1000.2659301757812,17,secondary
LASI_ax1,35,1008.8964233398438,17,secondary
LASI_ax1,36,994.3223876953125,17,secondary
LASI_ax1,37,979.6331176757812,17,secondary
LASI_ax1,38,972.55029296875,17,secondary
LASI_ax1,39,985.6424560546875,17,secondary
LASI_ax1,40,998.8533325195312,17,secondary
LASI_ax1,41,1010.7174682617188,17,secondary
LASI_ax1,42,998.8479614257812,17,secondary
LASI_ax1,43,992.6407470703125,17,secondary
LASI_ax1,44,1000.6140747070312,17,secondary
LASI_ax1,45,1001.3841857910156,17,secondary
LASI_ax1,46,999.4297485351562,17,secondary
LASI_ax1,47,997.7352294921875,17,secondary
LASI_ax1,48,985.4815673828125,17,secondary
LASI_ax1,49,969.934326171875,17,secondary
LASI_ax1,50,954.533203125,17,secondary
LASI_ax1,51,939.6904296875,17,secondary
LASI_ax1,52,955.3753662109375,17,secondary
LASI_ax1,53,949.1456298828125,17,secondary
LASI_ax1,54,942.8460693359375,17,secondary
LASI_ax1,55,959.4996948242188,17,secondary
LASI_ax1,56,976.615966796875,17,secondary
LASI_ax1,57,974.8383178710938,17,secondary
LASI_ax1,58,989.8629760742188,17,secondary
LASI_ax1,59,1004.5698852539062,17,secondary
LASI_ax1,60,1018.9876098632812,17,secondary
LASI_ax1,61,1033.2589111328125,17,secondary
LASI_ax1,62,1047.5145263671875,17,secondary
LASI_ax1,63,1061.7291259765625,17,secondary
LASI_ax1,64,1067.6673583984375,17,secondary
LASI_ax1,65,1052.3265380859375,17,secondary
LASI_ax1,66,1037.533447265625,17,secondary
LASI_ax1,67,1039.7635498046875,17,secondary
LASI_ax1,68,1051.0430908203125,17,secondary
LASI_ax1,69,1061.984130859375,17,secondary
LASI_ax1,70,1072.60498046875,17,secondary
LASI_ax1,71,1082.928466796875,17,secondary
LASI_ax1,72,1092.9794921875,17,secondary
LASI_ax1,73,1102.7828369140625,17,secondary
LASI_ax1,74,1112.3619384765625,17,secondary
LASI_ax1,75,1121.73779296875,17,secondary
LASI_ax1,76,1130.9285888671875,17,secondary
LASI_ax1,77,1139.950439453125,17,secondary
LASI_ax1,78,1146.4393920898438,17,secondary
LASI_ax1,79,1146.1921997070312,17,secondary
LASI_ax1,80,1140.5863037109375,17,secondary
LASI_ax1,81,1125.9791259765625,17,secondary
LASI_ax1,82,1120.2044372558594,17,secondary
LASI_ax1,83,1119.5660400390625,17,secondary
LASI_ax1,84,1118.9627380371094,17,secondary
LASI_ax1,85,1118.3958740234375,17,secondary
LASI_ax1,86,1123.4735107421875,17,secondary
LASI_ax1,87,1136.1058349609375,17,secondary
LASI_ax1,88,1148.728271484375,17,secondary
LASI_ax1,89,1161.4503173828125,17,secondary
LASI_ax1,90,1174.3331298828125,17,secondary
LASI_ax1,91,1176.2039794921875,17,secondary
LASI_ax1,92,1162.6065673828125,17,secondary
LASI_ax1,93,1148.7520751953125,17,secondary
LASI_ax1,94,1134.5972900390625,17,secondary
LASI_ax1,95,1120.136474609375,17,secondary
LASI_ax1,96,1131.129638671875,17,secondary
LASI_ax1,97,1143.0960693359375,17,secondary
LASI_ax1,98,1155.351318359375,17,secondary
LASI_ax1,99,1167.915283203125,17,secondary
LASI_ax1,100,1180.7698974609375,17,secondary
LASI_ax2,0,387.6364440917969,17,secondary
LASI_ax2,1,388.565185546875,17,secondary
LASI_ax2,2,388.76438903808594,17,secondary
LASI_ax2,3,389.97320556640625,17,secondary
LASI_ax2,4,391.37193298339844,17,secondary
LASI_ax2,5,391.8138122558594,17,secondary
LASI_ax2,6,391.4764709472656,17,secondary
LASI_ax2,7,393.870361328125,17,secondary
LASI_ax2,8,396.3884582519531,17,secondary
LASI_ax2,9,398.9688720703125,17,secondary
LASI_ax2,10,400.1936950683594,17,secondary
LASI_ax2,11,398.6732177734375,17,secondary
LASI_ax2,12,397.0081787109375,17,secondary
LASI_ax2,13,395.3439025878906,17,secondary
LASI_ax2,14,393.9651184082031,17,secondary
LASI_ax2,15,392.6807861328125,17,secondary
LASI_ax2,16,391.1732177734375,17,secondary
LASI_ax2,17,390.1844787597656,17,secondary
LASI_ax2,18,389.8301696777344,17,secondary
LASI_ax2,19,389.9913635253906,17,secondary
LASI_ax2,20,390.458740234375,17,secondary
LASI_ax2,21,391.02398681640625,17,secondary
LASI_ax2,22,391.5606384277344,17,secondary
LASI_ax2,23,391.7117004394531,17,secondary
LASI_ax2,24,389.7319030761719,17,secondary
LASI_ax2,25,387.684326171875,17,secondary
LASI_ax2,26,385.5946044921875,17,secondary
LASI_ax2,27,383.4803161621094,17,secondary
LASI_ax2,28,383.40818786621094,17,secondary
LASI_ax2,29,384.49169921875,17,secondary
LASI_ax2,30,385.5567626953125,17,secondary
LASI_ax2,31,386.55662536621094,17,secondary
LASI_ax2,32,387.3947448730469,17,secondary
LASI_ax2,33,388.003173828125,17,secondary
LASI_ax2,34,388.4360656738281,17,secondary
LASI_ax2,35,388.8472595214844,17,secondary
LASI_ax2,36,389.3495635986328,17,secondary
LASI_ax2,37,389.92633056640625,17,secondary
LASI_ax2,38,390.45880126953125,17,secondary
LASI_ax2,39,390.4445495605469,17,secondary
LASI_ax2,40,390.04498291015625,17,secondary
LASI_ax2,41,389.57403564453125,17,secondary
LASI_ax2,42,389.98089599609375,17,secondary
LASI_ax2,43,390.48548889160156,17,secondary
LASI_ax2,44,391.0193786621094,17,secondary
LASI_ax2,45,391.6217346191406,17,secondary
LASI_ax2,46,392.7489013671875,17,secondary
LASI_ax2,47,394.3167724609375,17,secondary
LASI_ax2,48,395.0339660644531,17,secondary
LASI_ax2,49,395.61700439453125,17,secondary
LASI_ax2,50,396.9485321044922,17,secondary
LASI_ax2,51,398.3224792480469,17,secondary
LASI_ax2,52,399.6403503417969,17,secondary
LASI_ax2,53,400.7033386230469,17,secondary
LASI_ax2,54,401.9514465332031,17,secondary
LASI_ax2,55,403.399169921875,17,secondary
LASI_ax2,56,404.2769775390625,17,secondary
LASI_ax2,57,404.39544677734375,17,secondary
LASI_ax2,58,405.634033203125,17,secondary
LASI_ax2,59,407.13897705078125,17,secondary
LASI_ax2,60,408.39337158203125,17,secondary
LASI_ax2,61,408.9967041015625,17,secondary
LASI_ax2,62,408.36077880859375,17,secondary
LASI_ax2,63,407.2989807128906,17,secondary
LASI_ax2,64,406.0828857421875,17,secondary
LASI_ax2,65,406.9752502441406,17,secondary
LASI_ax2,66,403.9432373046875,17,secondary
LASI_ax2,67,404.4365539550781,17,secondary
LASI_ax2,68,405.5597839355469,17,secondary
LASI_ax2,69,406.3572998046875,17,secondary
LASI_ax2,70,406.6395263671875,17,secondary
LASI_ax2,71,406.05059814453125,17,secondary
LASI_ax2,72,405.1222839355469,17,secondary
LASI_ax2,73,403.9331970214844,17,secondary
LASI_ax2,74,403.3309326171875,17,secondary
LASI_ax2,75,404.0943298339844,17,secondary
LASI_ax2,76,405.13726806640625,17,secondary
LASI_ax2,77,406.4344482421875,17,secondary
LASI_ax2,78,407.9455261230469,17,secondary
LASI_ax2,79,408.6436462402344,17,secondary
LASI_ax2,80,407.96307373046875,17,secondary
LASI_ax2,81,406.4346923828125,17,secondary
LASI_ax2,82,405.5663146972656,17,secondary
LASI_ax2,83,405.0213928222656,17,secondary
LASI_ax2,84,404.7908630371094,17,secondary
LASI_ax2,85,404.7564392089844,17,secondary
LASI_ax2,86,404.8377990722656,17,secondary
LASI_ax2,87,405.0413818359375,17,secondary
LASI_ax2,88,405.390380859375,17,secondary
LASI_ax2,89,405.8697509765625,17,secondary
LASI_ax2,90,406.4167785644531,17,secondary
LASI_ax2,91,406.96185302734375,17,secondary
LASI_ax2,92,407.4708251953125,17,secondary
LASI_ax2,93,407.72955322265625,17,secondary
LASI_ax2,94,407.5150146484375,17,secondary
LASI_ax2,95,407.3293762207031,17,secondary
LASI_ax2,96,407.31182861328125,17,secondary
LASI_ax2,97,407.55780029296875,17,secondary
LASI_ax2,98,407.9924621582031,17,secondary
LASI_ax2,99,408.58624267578125,17,secondary
LASI_ax2,100,409.3565673828125,17,secondary
LASI_ax3,0,905.4522705078125,17,secondary
LASI_ax3,1,903.7063598632812,17,secondary
LASI_ax3,2,902.4271850585938,17,secondary
LASI_ax3,3,901.6715087890625,17,secondary
LASI_ax3,4,901.3125,17,secondary
LASI_ax3,5,900.2560729980469,17,secondary
LASI_ax3,6,898.7441101074219,17,secondary
LASI_ax3,7,898.0090942382812,17,secondary
LASI_ax3,8,897.1229248046875,17,secondary
LASI_ax3,9,897.2818908691406,17,secondary
LASI_ax3,10,899.5300903320312,17,secondary
LASI_ax3,11,900.7684631347656,17,secondary
LASI_ax3,12,902.4473876953125,17,secondary
LASI_ax3,13,904.6017456054688,17,secondary
LASI_ax3,14,906.8076782226562,17,secondary
LASI_ax3,15,908.3272705078125,17,secondary
LASI_ax3,16,909.8582153320312,17,secondary
LASI_ax3,17,911.9684448242188,17,secondary
LASI_ax3,18,912.6292724609375,17,secondary
LASI_ax3,19,913.142822265625,17,secondary
LASI_ax3,20,914.1629028320312,17,secondary
LASI_ax3,21,915.5894775390625,17,secondary
LASI_ax3,22,916.8507690429688,17,secondary
LASI_ax3,23,917.9069213867188,17,secondary
LASI_ax3,24,918.9072265625,17,secondary
LASI_ax3,25,919.8486328125,17,secondary
LASI_ax3,26,923.326904296875,17,secondary
LASI_ax3,27,924.8265380859375,17,secondary
LASI_ax3,28,926.8659057617188,17,secondary
LASI_ax3,29,929.85888671875,17,secondary
LASI_ax3,30,930.098876953125,17,secondary
LASI_ax3,31,931.2342529296875,17,secondary
LASI_ax3,32,932.0828857421875,17,secondary
LASI_ax3,33,932.6820678710938,17,secondary
LASI_ax3,34,933.0076904296875,17,secondary
LASI_ax3,35,932.97607421875,17,secondary
LASI_ax3,36,932.5343627929688,17,secondary
LASI_ax3,37,931.7184448242188,17,secondary
LASI_ax3,38,930.5925903320312,17,secondary
LASI_ax3,39,929.1898193359375,17,secondary
LASI_ax3,40,927.5184936523438,17,secondary
LASI_ax3,41,925.5841064453125,17,secondary
LASI_ax3,42,923.4486694335938,17,secondary
LASI_ax3,43,921.2978515625,17,secondary
LASI_ax3,44,918.9705810546875,17,secondary
LASI_ax3,45,916.5645751953125,17,secondary
LASI_ax3,46,914.0602416992188,17,secondary
LASI_ax3,47,911.4172973632812,17,secondary
LASI_ax3,48,908.6121826171875,17,secondary
LASI_ax3,49,906.9674682617188,17,secondary
LASI_ax3,50,905.162109375,17,secondary
LASI_ax3,51,902.9561767578125,17,secondary
LASI_ax3,52,900.4571533203125,17,secondary
LASI_ax3,53,898.0440673828125,17,secondary
LASI_ax3,54,896.7713623046875,17,secondary
LASI_ax3,55,896.4403076171875,17,secondary
LASI_ax3,56,896.3715209960938,17,secondary
LASI_ax3,57,896.4219360351562,17,secondary
LASI_ax3,58,896.6129150390625,17,secondary
LASI_ax3,59,897.2272338867188,17,secondary
LASI_ax3,60,898.15185546875,17,secondary
LASI_ax3,61,898.984130859375,17,secondary
LASI_ax3,62,900.2635498046875,17,secondary
LASI_ax3,63,901.9194946289062,17,secondary
LASI_ax3,64,903.3256225585938,17,secondary
LASI_ax3,65,905.255615234375,17,secondary
LASI_ax3,66,906.6153564453125,17,secondary
LASI_ax3,67,907.7710571289062,17,secondary
LASI_ax3,68,908.7283325195312,17,secondary
LASI_ax3,69,909.5181274414062,17,secondary
LASI_ax3,70,910.1727294921875,17,secondary
LASI_ax3,71,910.8432006835938,17,secondary
LASI_ax3,72,912.5304565429688,17,secondary
LASI_ax3,73,914.32080078125,17,secondary
LASI_ax3,74,916.713134765625,17,secondary
LASI_ax3,75,918.276611328125,17,secondary
LASI_ax3,76,920.5694580078125,17,secondary
LASI_ax3,77,923.6422119140625,17,secondary
LASI_ax3,78,925.0512084960938,17,secondary
LASI_ax3,79,925.1372680664062,17,secondary
LASI_ax3,80,927.045654296875,17,secondary
LASI_ax3,81,929.226806640625,17,secondary
LASI_ax3,82,928.5833740234375,17,secondary
LASI_ax3,83,928.172607421875,17,secondary
LASI_ax3,84,927.64794921875,17,secondary
LASI_ax3,85,928.0338745117188,17,secondary
LASI_ax3,86,928.032958984375,17,secondary
LASI_ax3,87,927.6309204101562,17,secondary
LASI_ax3,88,926.8170776367188,17,secondary
LASI_ax3,89,925.5861206054688,17,secondary
LASI_ax3,90,923.9398803710938,17,secondary
LASI_ax3,91,921.8896484375,17,secondary
LASI_ax3,92,919.4581298828125,17,secondary
LASI_ax3,93,916.6807250976562,17,secondary
LASI_ax3,94,914.5232543945312,17,secondary
LASI_ax3,95,912.5359497070312,17,secondary
LASI_ax3,96,910.064208984375,17,secondary
LASI_ax3,97,907.0281982421875,17,secondary
LASI_ax3,98,904.091064453125,17,secondary
LASI_ax3,99,901.3766479492188,17,secondary
LASI_ax3,100,899.3623046875,17,secondary
RASI_ax1,0,785.2342529296875,17,secondary
RASI_ax1,1,791.1777954101562,17,secondary
RASI_ax1,2,804.6375732421875,17,secondary
RASI_ax1,3,789.8753967285156,17,secondary
RASI_ax1,4,782.0271606445312,17,secondary
RASI_ax1,5,782.1998596191406,17,secondary
RASI_ax1,6,784.2389526367188,17,secondary
RASI_ax1,7,792.8310852050781,17,secondary
RASI_ax1,8,808.6033935546875,17,secondary
RASI_ax1,9,807.7894592285156,17,secondary
RASI_ax1,10,826.6803588867188,17,secondary
RASI_ax1,11,827.4491577148438,17,secondary
RASI_ax1,12,827.3567504882812,17,secondary
RASI_ax1,13,827.2894897460938,17,secondary
RASI_ax1,14,827.3139343261719,17,secondary
RASI_ax1,15,821.4026489257812,17,secondary
RASI_ax1,16,814.584716796875,17,secondary
RASI_ax1,17,812.1964111328125,17,secondary
RASI_ax1,18,807.9759216308594,17,secondary
RASI_ax1,19,821.3504943847656,17,secondary
RASI_ax1,20,834.5263366699219,17,secondary
RASI_ax1,21,847.5497741699219,17,secondary
RASI_ax1,22,860.4749450683594,17,secondary
RASI_ax1,23,873.3369140625,17,secondary
RASI_ax1,24,886.1658020019531,17,secondary
RASI_ax1,25,898.9850158691406,17,secondary
RASI_ax1,26,911.8143310546875,17,secondary
RASI_ax1,27,924.6719360351562,17,secondary
RASI_ax1,28,937.5751342773438,17,secondary
RASI_ax1,29,950.5397033691406,17,secondary
RASI_ax1,30,963.5775451660156,17,secondary
RASI_ax1,31,976.6971130371094,17,secondary
RASI_ax1,32,989.8949584960938,17,secondary
RASI_ax1,33,1003.1655578613281,17,secondary
RASI_ax1,34,1004.0701904296875,17,secondary
RASI_ax1,35,991.6802368164062,17,secondary
RASI_ax1,36,979.3485107421875,17,secondary
RASI_ax1,37,967.0682373046875,17,secondary
RASI_ax1,38,969.664794921875,17,secondary
RASI_ax1,39,984.3120727539062,17,secondary
RASI_ax1,40,999.1239624023438,17,secondary
RASI_ax1,41,1000.0794067382812,17,secondary
RASI_ax1,42,990.7369995117188,17,secondary
RASI_ax1,43,977.9028930664062,17,secondary
RASI_ax1,44,989.8685913085938,17,secondary
RASI_ax1,45,1002.1865234375,17,secondary
RASI_ax1,46,1014.7047119140625,17,secondary
RASI_ax1,47,1013.290771484375,17,secondary
RASI_ax1,48,1000.1695861816406,17,secondary
RASI_ax1,49,987.0477294921875,17,secondary
RASI_ax1,50,974.0811157226562,17,secondary
RASI_ax1,51,972.81201171875,17,secondary
RASI_ax1,52,982.50732421875,17,secondary
RASI_ax1,53,966.8219604492188,17,secondary
RASI_ax1,54,965.1109008789062,17,secondary
RASI_ax1,55,979.1387329101562,17,secondary
RASI_ax1,56,992.4913330078125,17,secondary
RASI_ax1,57,976.0426635742188,17,secondary
RASI_ax1,58,965.2372436523438,17,secondary
RASI_ax1,59,982.3917236328125,17,secondary
RASI_ax1,60,999.4034423828125,17,secondary
RASI_ax1,61,1016.0787353515625,17,secondary
RASI_ax1,62,1032.2506103515625,17,secondary
RASI_ax1,63,1047.7969970703125,17,secondary
RASI_ax1,64,1042.9512939453125,17,secondary
RASI_ax1,65,1030.9775390625,17,secondary
RASI_ax1,66,1044.1981201171875,17,secondary
RASI_ax1,67,1057.245849609375,17,secondary
RASI_ax1,68,1070.1043701171875,17,secondary
RASI_ax1,69,1082.785400390625,17,secondary
RASI_ax1,70,1095.3277587890625,17,secondary
RASI_ax1,71,1107.7762451171875,17,secondary
RASI_ax1,72,1120.11328125,17,secondary
RASI_ax1,73,1127.036376953125,17,secondary
RASI_ax1,74,1128.6519775390625,17,secondary
RASI_ax1,75,1125.6140441894531,17,secondary
RASI_ax1,76,1132.503173828125,17,secondary
RASI_ax1,77,1146.5322265625,17,secondary
RASI_ax1,78,1144.5452880859375,17,secondary
RASI_ax1,79,1131.6827392578125,17,secondary
RASI_ax1,80,1140.047607421875,17,secondary
RASI_ax1,81,1143.9835205078125,17,secondary
RASI_ax1,82,1132.4251708984375,17,secondary
RASI_ax1,83,1125.0380554199219,17,secondary
RASI_ax1,84,1129.3369140625,17,secondary
RASI_ax1,85,1141.0716552734375,17,secondary
RASI_ax1,86,1151.6427001953125,17,secondary
RASI_ax1,87,1151.6610107421875,17,secondary
RASI_ax1,88,1156.6925659179688,17,secondary
RASI_ax1,89,1168.6966552734375,17,secondary
RASI_ax1,90,1178.3382568359375,17,secondary
RASI_ax1,91,1166.609375,17,secondary
RASI_ax1,92,1154.929931640625,17,secondary
RASI_ax1,93,1143.1163330078125,17,secondary
RASI_ax1,94,1135.7880859375,17,secondary
RASI_ax1,95,1149.3662109375,17,secondary
RASI_ax1,96,1163.1400146484375,17,secondary
RASI_ax1,97,1177.0521240234375,17,secondary
RASI_ax1,98,1191.0380859375,17,secondary
RASI_ax1,99,1205.0384521484375,17,secondary
RASI_ax1,100,1219.0101318359375,17,secondary
RASI_ax2,0,187.5926513671875,17,secondary
RASI_ax2,1,187.7450408935547,17,secondary
RASI_ax2,2,189.52276611328125,17,secondary
RASI_ax2,3,191.53515625,17,secondary
RASI_ax2,4,193.8022003173828,17,secondary
RASI_ax2,5,195.770751953125,17,secondary
RASI_ax2,6,193.59942626953125,17,secondary
RASI_ax2,7,190.90281677246094,17,secondary
RASI_ax2,8,188.25814819335938,17,secondary
RASI_ax2,9,185.7443084716797,17,secondary
RASI_ax2,10,183.39840698242188,17,secondary
RASI_ax2,11,181.01638793945312,17,secondary
RASI_ax2,12,180.0319061279297,17,secondary
RASI_ax2,13,180.60768127441406,17,secondary
RASI_ax2,14,183.27935028076172,17,secondary
RASI_ax2,15,187.0388641357422,17,secondary
RASI_ax2,16,190.53919982910156,17,secondary
RASI_ax2,17,193.59999084472656,17,secondary
RASI_ax2,18,195.96194458007812,17,secondary
RASI_ax2,19,197.42548370361328,17,secondary
RASI_ax2,20,197.9967041015625,17,secondary
RASI_ax2,21,197.89317321777344,17,secondary
RASI_ax2,22,197.43328857421875,17,secondary
RASI_ax2,23,196.91678619384766,17,secondary
RASI_ax2,24,196.9308624267578,17,secondary
RASI_ax2,25,197.60409545898438,17,secondary
RASI_ax2,26,198.59198760986328,17,secondary
RASI_ax2,27,199.2607192993164,17,secondary
RASI_ax2,28,199.42440032958984,17,secondary
RASI_ax2,29,199.77651977539062,17,secondary
RASI_ax2,30,200.2208480834961,17,secondary
RASI_ax2,31,200.05337524414062,17,secondary
RASI_ax2,32,199.8529815673828,17,secondary
RASI_ax2,33,200.32088470458984,17,secondary
RASI_ax2,34,200.49700927734375,17,secondary
RASI_ax2,35,200.37773895263672,17,secondary
RASI_ax2,36,200.01004028320312,17,secondary
RASI_ax2,37,199.46251678466797,17,secondary
RASI_ax2,38,198.8059844970703,17,secondary
RASI_ax2,39,197.7952651977539,17,secondary
RASI_ax2,40,196.7979278564453,17,secondary
RASI_ax2,41,196.12957763671875,17,secondary
RASI_ax2,42,195.89833068847656,17,secondary
RASI_ax2,43,195.89356994628906,17,secondary
RASI_ax2,44,196.0689468383789,17,secondary
RASI_ax2,45,196.28975677490234,17,secondary
RASI_ax2,46,196.49053955078125,17,secondary
RASI_ax2,47,196.6776123046875,17,secondary
RASI_ax2,48,196.8694076538086,17,secondary
RASI_ax2,49,197.02887725830078,17,secondary
RASI_ax2,50,197.06841278076172,17,secondary
RASI_ax2,51,196.9081802368164,17,secondary
RASI_ax2,52,196.53131866455078,17,secondary
RASI_ax2,53,196.00177764892578,17,secondary
RASI_ax2,54,195.4432373046875,17,secondary
RASI_ax2,55,194.62726593017578,17,secondary
RASI_ax2,56,193.68819427490234,17,secondary
RASI_ax2,57,192.90239715576172,17,secondary
RASI_ax2,58,192.7981414794922,17,secondary
RASI_ax2,59,192.9546127319336,17,secondary
RASI_ax2,60,192.51576232910156,17,secondary
RASI_ax2,61,192.03271484375,17,secondary
RASI_ax2,62,190.2088165283203,17,secondary
RASI_ax2,63,188.34363555908203,17,secondary
RASI_ax2,64,186.5753402709961,17,secondary
RASI_ax2,65,186.58748626708984,17,secondary
RASI_ax2,66,187.00405883789062,17,secondary
RASI_ax2,67,188.88973236083984,17,secondary
RASI_ax2,68,190.0890121459961,17,secondary
RASI_ax2,69,190.46453094482422,17,secondary
RASI_ax2,70,190.02208709716797,17,secondary
RASI_ax2,71,188.87796783447266,17,secondary
RASI_ax2,72,187.2616958618164,17,secondary
RASI_ax2,73,185.5377960205078,17,secondary
RASI_ax2,74,184.0607452392578,17,secondary
RASI_ax2,75,183.08808135986328,17,secondary
RASI_ax2,76,182.7706298828125,17,secondary
RASI_ax2,77,183.1225128173828,17,secondary
RASI_ax2,78,184.0643310546875,17,secondary
RASI_ax2,79,185.4887466430664,17,secondary
RASI_ax2,80,186.39159393310547,17,secondary
RASI_ax2,81,186.73040771484375,17,secondary
RASI_ax2,82,186.93352508544922,17,secondary
RASI_ax2,83,186.9136962890625,17,secondary
RASI_ax2,84,186.64254760742188,17,secondary
RASI_ax2,85,186.1442413330078,17,secondary
RASI_ax2,86,185.8232879638672,17,secondary
RASI_ax2,87,186.4962615966797,17,secondary
RASI_ax2,88,186.90823364257812,17,secondary
RASI_ax2,89,187.10755920410156,17,secondary
RASI_ax2,90,187.02808380126953,17,secondary
RASI_ax2,91,186.74268341064453,17,secondary
RASI_ax2,92,186.58312225341797,17,secondary
RASI_ax2,93,186.56832122802734,17,secondary
RASI_ax2,94,186.69692993164062,17,secondary
RASI_ax2,95,186.9496612548828,17,secondary
RASI_ax2,96,187.29178619384766,17,secondary
RASI_ax2,97,187.67534637451172,17,secondary
RASI_ax2,98,188.19776153564453,17,secondary
RASI_ax2,99,188.6727066040039,17,secondary
RASI_ax2,100,189.03448486328125,17,secondary
RASI_ax3,0,899.546875,17,secondary
RASI_ax3,1,897.4935302734375,17,secondary
RASI_ax3,2,895.594970703125,17,secondary
RASI_ax3,3,893.9507751464844,17,secondary
RASI_ax3,4,892.8103332519531,17,secondary
RASI_ax3,5,891.5915832519531,17,secondary
RASI_ax3,6,890.3660888671875,17,secondary
RASI_ax3,7,889.4022216796875,17,secondary
RASI_ax3,8,889.3845825195312,17,secondary
RASI_ax3,9,889.5932312011719,17,secondary
RASI_ax3,10,890.4856567382812,17,secondary
RASI_ax3,11,892.052734375,17,secondary
RASI_ax3,12,893.7802734375,17,secondary
RASI_ax3,13,895.4925537109375,17,secondary
RASI_ax3,14,896.5526733398438,17,secondary
RASI_ax3,15,898.8132019042969,17,secondary
RASI_ax3,16,899.8873901367188,17,secondary
RASI_ax3,17,902.4121398925781,17,secondary
RASI_ax3,18,904.5970764160156,17,secondary
RASI_ax3,19,907.1184997558594,17,secondary
RASI_ax3,20,909.4535522460938,17,secondary
RASI_ax3,21,911.6837463378906,17,secondary
RASI_ax3,22,913.8975219726562,17,secondary
RASI_ax3,23,916.281494140625,17,secondary
RASI_ax3,24,918.5088500976562,17,secondary
RASI_ax3,25,921.2767333984375,17,secondary
RASI_ax3,26,923.5025024414062,17,secondary
RASI_ax3,27,925.5299987792969,17,secondary
RASI_ax3,28,927.9018249511719,17,secondary
RASI_ax3,29,929.3545532226562,17,secondary
RASI_ax3,30,930.6068115234375,17,secondary
RASI_ax3,31,931.3240051269531,17,secondary
RASI_ax3,32,931.9274597167969,17,secondary
RASI_ax3,33,932.0307006835938,17,secondary
RASI_ax3,34,932.0100402832031,17,secondary
RASI_ax3,35,931.6896057128906,17,secondary
RASI_ax3,36,930.690185546875,17,secondary
RASI_ax3,37,929.3536071777344,17,secondary
RASI_ax3,38,927.7076416015625,17,secondary
RASI_ax3,39,925.7591247558594,17,secondary
RASI_ax3,40,923.5959167480469,17,secondary
RASI_ax3,41,921.4299011230469,17,secondary
RASI_ax3,42,919.0874328613281,17,secondary
RASI_ax3,43,916.4463500976562,17,secondary
RASI_ax3,44,913.7351684570312,17,secondary
RASI_ax3,45,911.0736999511719,17,secondary
RASI_ax3,46,908.572998046875,17,secondary
RASI_ax3,47,906.2213745117188,17,secondary
RASI_ax3,48,903.6997680664062,17,secondary
RASI_ax3,49,900.9632263183594,17,secondary
RASI_ax3,50,898.701171875,17,secondary
RASI_ax3,51,896.4309387207031,17,secondary
RASI_ax3,52,894.6539611816406,17,secondary
RASI_ax3,53,893.4299926757812,17,secondary
RASI_ax3,54,892.0577392578125,17,secondary
RASI_ax3,55,890.8779907226562,17,secondary
RASI_ax3,56,889.9313354492188,17,secondary
RASI_ax3,57,889.5059509277344,17,secondary
RASI_ax3,58,889.329345703125,17,secondary
RASI_ax3,59,889.4597473144531,17,secondary
RASI_ax3,60,890.1711730957031,17,secondary
RASI_ax3,61,891.8113708496094,17,secondary
RASI_ax3,62,894.0482482910156,17,secondary
RASI_ax3,63,895.8164672851562,17,secondary
RASI_ax3,64,896.847900390625,17,secondary
RASI_ax3,65,897.7283935546875,17,secondary
RASI_ax3,66,899.9605712890625,17,secondary
RASI_ax3,67,901.3947143554688,17,secondary
RASI_ax3,68,903.1717529296875,17,secondary
RASI_ax3,69,905.2644653320312,17,secondary
RASI_ax3,70,907.6491088867188,17,secondary
RASI_ax3,71,910.293212890625,17,secondary
RASI_ax3,72,913.1559448242188,17,secondary
RASI_ax3,73,916.1888427734375,17,secondary
RASI_ax3,74,918.7433471679688,17,secondary
RASI_ax3,75,920.4799194335938,17,secondary
RASI_ax3,76,922.2871704101562,17,secondary
RASI_ax3,77,925.2056274414062,17,secondary
RASI_ax3,78,927.2752685546875,17,secondary
RASI_ax3,79,928.7631225585938,17,secondary
RASI_ax3,80,929.9689025878906,17,secondary
RASI_ax3,81,930.2926940917969,17,secondary
RASI_ax3,82,930.4760131835938,17,secondary
RASI_ax3,83,930.5599670410156,17,secondary
RASI_ax3,84,930.07421875,17,secondary
RASI_ax3,85,929.2858581542969,17,secondary
RASI_ax3,86,928.2689514160156,17,secondary
RASI_ax3,87,926.8059387207031,17,secondary
RASI_ax3,88,925.1148071289062,17,secondary
RASI_ax3,89,923.3619384765625,17,secondary
RASI_ax3,90,921.3307189941406,17,secondary
RASI_ax3,91,919.1695556640625,17,secondary
RASI_ax3,92,916.8524780273438,17,secondary
RASI_ax3,93,914.38525390625,17,secondary
RASI_ax3,94,911.8358764648438,17,secondary
RASI_ax3,95,909.0957641601562,17,secondary
RASI_ax3,96,906.5389709472656,17,secondary
RASI_ax3,97,904.0664672851562,17,secondary
RASI_ax3,98,901.3975219726562,17,secondary
RASI_ax3,99,899.0338134765625,17,secondary
RASI_ax3,100,896.9881591796875,17,secondary
LPSI_ax1,0,710.4272766113281,17,secondary
LPSI_ax1,1,715.0079956054688,17,secondary
LPSI_ax1,2,698.3452758789062,17,secondary
LPSI_ax1,3,700.1588745117188,17,secondary
LPSI_ax1,4,696.0123596191406,17,secondary
LPSI_ax1,5,701.8284301757812,17,secondary
LPSI_ax1,6,717.4500732421875,17,secondary
LPSI_ax1,7,728.4092102050781,17,secondary
LPSI_ax1,8,734.10009765625,17,secondary
LPSI_ax1,9,749.2359008789062,17,secondary
LPSI_ax1,10,768.1143798828125,17,secondary
LPSI_ax1,11,783.9163513183594,17,secondary
LPSI_ax1,12,789.4175415039062,17,secondary
LPSI_ax1,13,783.8992614746094,17,secondary
LPSI_ax1,14,784.0357971191406,17,secondary
LPSI_ax1,15,784.2268676757812,17,secondary
LPSI_ax1,16,798.1766357421875,17,secondary
LPSI_ax1,17,798.3377380371094,17,secondary
LPSI_ax1,18,797.7386779785156,17,secondary
LPSI_ax1,19,797.22802734375,17,secondary
LPSI_ax1,20,796.8113708496094,17,secondary
LPSI_ax1,21,798.4299011230469,17,secondary
LPSI_ax1,22,796.2516784667969,17,secondary
LPSI_ax1,23,796.10107421875,17,secondary
LPSI_ax1,24,796.0240173339844,17,secondary
LPSI_ax1,25,797.7576904296875,17,secondary
LPSI_ax1,26,797.0429077148438,17,secondary
LPSI_ax1,27,808.2410888671875,17,secondary
LPSI_ax1,28,811.5578918457031,17,secondary
LPSI_ax1,29,811.43115234375,17,secondary
LPSI_ax1,30,811.3580017089844,17,secondary
LPSI_ax1,31,808.6484375,17,secondary
LPSI_ax1,32,795.7393798828125,17,secondary
LPSI_ax1,33,803.6336669921875,17,secondary
LPSI_ax1,34,806.0165405273438,17,secondary
LPSI_ax1,35,799.2856140136719,17,secondary
LPSI_ax1,36,811.2828979492188,17,secondary
LPSI_ax1,37,823.1904907226562,17,secondary
LPSI_ax1,38,835.0567321777344,17,secondary
LPSI_ax1,39,846.9376831054688,17,secondary
LPSI_ax1,40,858.8911437988281,17,secondary
LPSI_ax1,41,870.9775695800781,17,secondary
LPSI_ax1,42,883.2394714355469,17,secondary
LPSI_ax1,43,895.7149658203125,17,secondary
LPSI_ax1,44,908.4352722167969,17,secondary
LPSI_ax1,45,921.4328918457031,17,secondary
LPSI_ax1,46,934.7308349609375,17,secondary
LPSI_ax1,47,948.3451538085938,17,secondary
LPSI_ax1,48,962.2930603027344,17,secondary
LPSI_ax1,49,976.5876159667969,17,secondary
LPSI_ax1,50,991.2361755371094,17,secondary
LPSI_ax1,51,979.3245239257812,17,secondary
LPSI_ax1,52,990.5809326171875,17,secondary
LPSI_ax1,53,1006.6956787109375,17,secondary
LPSI_ax1,54,1011.4857177734375,17,secondary
LPSI_ax1,55,995.3054809570312,17,secondary
LPSI_ax1,56,992.7650146484375,17,secondary
LPSI_ax1,57,1009.9798583984375,17,secondary
LPSI_ax1,58,996.8096313476562,17,secondary
LPSI_ax1,59,996.5191955566406,17,secondary
LPSI_ax1,60,988.609619140625,17,secondary
LPSI_ax1,61,972.9609375,17,secondary
LPSI_ax1,62,974.37939453125,17,secondary
LPSI_ax1,63,965.69384765625,17,secondary
LPSI_ax1,64,950.7962036132812,17,secondary
LPSI_ax1,65,960.6597900390625,17,secondary
LPSI_ax1,66,975.31396484375,17,secondary
LPSI_ax1,67,989.4641723632812,17,secondary
LPSI_ax1,68,978.1494750976562,17,secondary
LPSI_ax1,69,964.2362060546875,17,secondary
LPSI_ax1,70,967.6668090820312,17,secondary
LPSI_ax1,71,976.1165161132812,17,secondary
LPSI_ax1,72,985.5350952148438,17,secondary
LPSI_ax1,73,998.701171875,17,secondary
LPSI_ax1,74,1011.7642211914062,17,secondary
LPSI_ax1,75,1024.70361328125,17,secondary
LPSI_ax1,76,1037.478759765625,17,secondary
LPSI_ax1,77,1050.1107177734375,17,secondary
LPSI_ax1,78,1062.6451416015625,17,secondary
LPSI_ax1,79,1052.909912109375,17,secondary
LPSI_ax1,80,1039.4737548828125,17,secondary
LPSI_ax1,81,1025.9598388671875,17,secondary
LPSI_ax1,82,1031.4696044921875,17,secondary
LPSI_ax1,83,1043.183837890625,17,secondary
LPSI_ax1,84,1054.69140625,17,secondary
LPSI_ax1,85,1066.1287841796875,17,secondary
LPSI_ax1,86,1077.67333984375,17,secondary
LPSI_ax1,87,1089.348388671875,17,secondary
LPSI_ax1,88,1101.130615234375,17,secondary
LPSI_ax1,89,1113.0458984375,17,secondary
LPSI_ax1,90,1119.215087890625,17,secondary
LPSI_ax1,91,1133.3209838867188,17,secondary
LPSI_ax1,92,1143.9979248046875,17,secondary
LPSI_ax1,93,1146.4785766601562,17,secondary
LPSI_ax1,94,1144.6951904296875,17,secondary
LPSI_ax1,95,1128.7615966796875,17,secondary
LPSI_ax1,96,1115.6164245605469,17,secondary
LPSI_ax1,97,1115.9251708984375,17,secondary
LPSI_ax1,98,1127.0687255859375,17,secondary
LPSI_ax1,99,1133.33837890625,17,secondary
LPSI_ax1,100,1124.2293701171875,17,secondary
LPSI_ax2,0,310.7027587890625,17,secondary
LPSI_ax2,1,312.06024169921875,17,secondary
LPSI_ax2,2,313.35723876953125,17,secondary
LPSI_ax2,3,314.6257019042969,17,secondary
LPSI_ax2,4,315.8631591796875,17,secondary
LPSI_ax2,5,316.7035827636719,17,secondary
LPSI_ax2,6,316.1419982910156,17,secondary
LPSI_ax2,7,315.914794921875,17,secondary
LPSI_ax2,8,315.75103759765625,17,secondary
LPSI_ax2,9,314.411865234375,17,secondary
LPSI_ax2,10,313.20953369140625,17,secondary
LPSI_ax2,11,312.1389465332031,17,secondary
LPSI_ax2,12,312.3385314941406,17,secondary
LPSI_ax2,13,313.6831359863281,17,secondary
LPSI_ax2,14,314.8861999511719,17,secondary
LPSI_ax2,15,315.79449462890625,17,secondary
LPSI_ax2,16,316.36474609375,17,secondary
LPSI_ax2,17,316.6145935058594,17,secondary
LPSI_ax2,18,316.5287170410156,17,secondary
LPSI_ax2,19,316.0403137207031,17,secondary
LPSI_ax2,20,317.93084716796875,17,secondary
LPSI_ax2,21,316.6759338378906,17,secondary
LPSI_ax2,22,315.6181945800781,17,secondary
LPSI_ax2,23,314.5477600097656,17,secondary
LPSI_ax2,24,313.5694885253906,17,secondary
LPSI_ax2,25,312.7801513671875,17,secondary
LPSI_ax2,26,312.19268798828125,17,secondary
LPSI_ax2,27,311.75946044921875,17,secondary
LPSI_ax2,28,311.43988037109375,17,secondary
LPSI_ax2,29,311.20819091796875,17,secondary
LPSI_ax2,30,311.0496826171875,17,secondary
LPSI_ax2,31,310.94921875,17,secondary
LPSI_ax2,32,310.89617919921875,17,secondary
LPSI_ax2,33,310.8958740234375,17,secondary
LPSI_ax2,34,310.9681396484375,17,secondary
LPSI_ax2,35,311.1300048828125,17,secondary
LPSI_ax2,36,311.3726806640625,17,secondary
LPSI_ax2,37,311.65899658203125,17,secondary
LPSI_ax2,38,311.94232177734375,17,secondary
LPSI_ax2,39,312.19964599609375,17,secondary
LPSI_ax2,40,312.4414367675781,17,secondary
LPSI_ax2,41,312.7163391113281,17,secondary
LPSI_ax2,42,313.0867004394531,17,secondary
LPSI_ax2,43,313.5919494628906,17,secondary
LPSI_ax2,44,314.130126953125,17,secondary
LPSI_ax2,45,315.0353698730469,17,secondary
LPSI_ax2,46,315.97711181640625,17,secondary
LPSI_ax2,47,317.051025390625,17,secondary
LPSI_ax2,48,318.2483215332031,17,secondary
LPSI_ax2,49,319.5806884765625,17,secondary
LPSI_ax2,50,321.0046081542969,17,secondary
LPSI_ax2,51,322.4111022949219,17,secondary
LPSI_ax2,52,323.69482421875,17,secondary
LPSI_ax2,53,324.8323059082031,17,secondary
LPSI_ax2,54,323.7626953125,17,secondary
LPSI_ax2,55,323.2483825683594,17,secondary
LPSI_ax2,56,323.5112609863281,17,secondary
LPSI_ax2,57,323.6173095703125,17,secondary
LPSI_ax2,58,323.74761962890625,17,secondary
LPSI_ax2,59,323.7557678222656,17,secondary
LPSI_ax2,60,323.76055908203125,17,secondary
LPSI_ax2,61,324.3637390136719,17,secondary
LPSI_ax2,62,325.85076904296875,17,secondary
LPSI_ax2,63,327.6269226074219,17,secondary
LPSI_ax2,64,328.61920166015625,17,secondary
LPSI_ax2,65,329.1368103027344,17,secondary
LPSI_ax2,66,329.455322265625,17,secondary
LPSI_ax2,67,329.5271911621094,17,secondary
LPSI_ax2,68,329.2968444824219,17,secondary
LPSI_ax2,69,328.7016296386719,17,secondary
LPSI_ax2,70,327.6870422363281,17,secondary
LPSI_ax2,71,326.23333740234375,17,secondary
LPSI_ax2,72,324.3793029785156,17,secondary
LPSI_ax2,73,324.7433776855469,17,secondary
LPSI_ax2,74,323.24078369140625,17,secondary
LPSI_ax2,75,321.46636962890625,17,secondary
LPSI_ax2,76,320.1197204589844,17,secondary
LPSI_ax2,77,319.7468566894531,17,secondary
LPSI_ax2,78,320.8573913574219,17,secondary
LPSI_ax2,79,321.682861328125,17,secondary
LPSI_ax2,80,322.185302734375,17,secondary
LPSI_ax2,81,322.3395080566406,17,secondary
LPSI_ax2,82,323.5368347167969,17,secondary
LPSI_ax2,83,325.5173645019531,17,secondary
LPSI_ax2,84,327.5649108886719,17,secondary
LPSI_ax2,85,326.07659912109375,17,secondary
LPSI_ax2,86,324.6224060058594,17,secondary
LPSI_ax2,87,323.209228515625,17,secondary
LPSI_ax2,88,321.8321228027344,17,secondary
LPSI_ax2,89,321.8525695800781,17,secondary
LPSI_ax2,90,320.3077697753906,17,secondary
LPSI_ax2,91,320.046142578125,17,secondary
LPSI_ax2,92,319.1544189453125,17,secondary
LPSI_ax2,93,319.518798828125,17,secondary
LPSI_ax2,94,321.1363830566406,17,secondary
LPSI_ax2,95,322.9371337890625,17,secondary
LPSI_ax2,96,324.8453063964844,17,secondary
LPSI_ax2,97,326.6813659667969,17,secondary
LPSI_ax2,98,326.19891357421875,17,secondary
LPSI_ax2,99,325.6435852050781,17,secondary
LPSI_ax2,100,324.6449279785156,17,secondary
LPSI_ax3,0,962.1627197265625,17,secondary
LPSI_ax3,1,960.4338073730469,17,secondary
LPSI_ax3,2,958.8511047363281,17,secondary
LPSI_ax3,3,957.4264831542969,17,secondary
LPSI_ax3,4,955.228515625,17,secondary
LPSI_ax3,5,952.83740234375,17,secondary
LPSI_ax3,6,951.18408203125,17,secondary
LPSI_ax3,7,949.6566162109375,17,secondary
LPSI_ax3,8,949.4200439453125,17,secondary
LPSI_ax3,9,949.8040161132812,17,secondary
LPSI_ax3,10,949.7849426269531,17,secondary
LPSI_ax3,11,949.9916687011719,17,secondary
LPSI_ax3,12,951.2070617675781,17,secondary
LPSI_ax3,13,953.1028747558594,17,secondary
LPSI_ax3,14,953.172119140625,17,secondary
LPSI_ax3,15,954.9076538085938,17,secondary
LPSI_ax3,16,957.3660888671875,17,secondary
LPSI_ax3,17,958.3875122070312,17,secondary
LPSI_ax3,18,959.4262084960938,17,secondary
LPSI_ax3,19,960.7682495117188,17,secondary
LPSI_ax3,20,962.3759155273438,17,secondary
LPSI_ax3,21,964.3333435058594,17,secondary
LPSI_ax3,22,966.4317932128906,17,secondary
LPSI_ax3,23,968.8506164550781,17,secondary
LPSI_ax3,24,971.1629028320312,17,secondary
LPSI_ax3,25,973.56982421875,17,secondary
LPSI_ax3,26,975.6769409179688,17,secondary
LPSI_ax3,27,977.8925170898438,17,secondary
LPSI_ax3,28,979.5138549804688,17,secondary
LPSI_ax3,29,981.2874755859375,17,secondary
LPSI_ax3,30,982.8438110351562,17,secondary
LPSI_ax3,31,983.5975952148438,17,secondary
LPSI_ax3,32,983.94287109375,17,secondary
LPSI_ax3,33,984.3143310546875,17,secondary
LPSI_ax3,34,984.7913208007812,17,secondary
LPSI_ax3,35,984.9257202148438,17,secondary
LPSI_ax3,36,984.4713745117188,17,secondary
LPSI_ax3,37,983.8154907226562,17,secondary
LPSI_ax3,38,983.1591796875,17,secondary
LPSI_ax3,39,982.0048217773438,17,secondary
LPSI_ax3,40,980.728515625,17,secondary
LPSI_ax3,41,979.5272827148438,17,secondary
LPSI_ax3,42,977.9970092773438,17,secondary
LPSI_ax3,43,976.8386840820312,17,secondary
LPSI_ax3,44,974.84521484375,17,secondary
LPSI_ax3,45,972.6356811523438,17,secondary
LPSI_ax3,46,970.2463989257812,17,secondary
LPSI_ax3,47,967.4566650390625,17,secondary
LPSI_ax3,48,965.0473022460938,17,secondary
LPSI_ax3,49,962.9638061523438,17,secondary
LPSI_ax3,50,961.084716796875,17,secondary
LPSI_ax3,51,959.0980834960938,17,secondary
LPSI_ax3,52,956.93359375,17,secondary
LPSI_ax3,53,954.57275390625,17,secondary
LPSI_ax3,54,952.846923828125,17,secondary
LPSI_ax3,55,951.0678100585938,17,secondary
LPSI_ax3,56,949.6376953125,17,secondary
LPSI_ax3,57,948.8884887695312,17,secondary
LPSI_ax3,58,949.1856384277344,17,secondary
LPSI_ax3,59,949.0327453613281,17,secondary
LPSI_ax3,60,949.2058410644531,17,secondary
LPSI_ax3,61,949.8143920898438,17,secondary
LPSI_ax3,62,950.6766357421875,17,secondary
LPSI_ax3,63,951.4008483886719,17,secondary
LPSI_ax3,64,952.1169128417969,17,secondary
LPSI_ax3,65,952.7180786132812,17,secondary
LPSI_ax3,66,954.0530395507812,17,secondary
LPSI_ax3,67,955.4456176757812,17,secondary
LPSI_ax3,68,956.9501647949219,17,secondary
LPSI_ax3,69,958.1404724121094,17,secondary
LPSI_ax3,70,959.5109558105469,17,secondary
LPSI_ax3,71,961.3310852050781,17,secondary
LPSI_ax3,72,963.6611938476562,17,secondary
LPSI_ax3,73,966.5094909667969,17,secondary
LPSI_ax3,74,969.3968200683594,17,secondary
LPSI_ax3,75,971.7416381835938,17,secondary
LPSI_ax3,76,973.5307006835938,17,secondary
LPSI_ax3,77,975.1797485351562,17,secondary
LPSI_ax3,78,977.336181640625,17,secondary
LPSI_ax3,79,979.104248046875,17,secondary
LPSI_ax3,80,980.50537109375,17,secondary
LPSI_ax3,81,981.59375,17,secondary
LPSI_ax3,82,982.4338989257812,17,secondary
LPSI_ax3,83,983.0048217773438,17,secondary
LPSI_ax3,84,983.266357421875,17,secondary
LPSI_ax3,85,983.205078125,17,secondary
LPSI_ax3,86,982.8381958007812,17,secondary
LPSI_ax3,87,982.2863159179688,17,secondary
LPSI_ax3,88,981.2927856445312,17,secondary
LPSI_ax3,89,980.6116333007812,17,secondary
LPSI_ax3,90,979.0853271484375,17,secondary
LPSI_ax3,91,977.2485961914062,17,secondary
LPSI_ax3,92,975.3094482421875,17,secondary
LPSI_ax3,93,973.2479858398438,17,secondary
LPSI_ax3,94,971.2139282226562,17,secondary
LPSI_ax3,95,968.91943359375,17,secondary
LPSI_ax3,96,966.2991943359375,17,secondary
LPSI_ax3,97,964.4597778320312,17,secondary
LPSI_ax3,98,962.6661987304688,17,secondary
LPSI_ax3,99,960.5068969726562,17,secondary
LPSI_ax3,100,958.5914916992188,17,secondary
RPSI_ax1,0,704.9791564941406,17,secondary
RPSI_ax1,1,719.0442504882812,17,secondary
RPSI_ax1,2,702.9374389648438,17,secondary
RPSI_ax1,3,689.9650268554688,17,secondary
RPSI_ax1,4,705.7469482421875,17,secondary
RPSI_ax1,5,703.2398071289062,17,secondary
RPSI_ax1,6,719.0847778320312,17,secondary
RPSI_ax1,7,726.6414184570312,17,secondary
RPSI_ax1,8,739.3951416015625,17,secondary
RPSI_ax1,9,755.0880126953125,17,secondary
RPSI_ax1,10,773.226318359375,17,secondary
RPSI_ax1,11,790.6434326171875,17,secondary
RPSI_ax1,12,791.1782073974609,17,secondary
RPSI_ax1,13,791.1117858886719,17,secondary
RPSI_ax1,14,790.9796142578125,17,secondary
RPSI_ax1,15,790.7875366210938,17,secondary
RPSI_ax1,16,803.2594299316406,17,secondary
RPSI_ax1,17,801.4981689453125,17,secondary
RPSI_ax1,18,789.9884338378906,17,secondary
RPSI_ax1,19,789.673095703125,17,secondary
RPSI_ax1,20,802.6611328125,17,secondary
RPSI_ax1,21,803.8944396972656,17,secondary
RPSI_ax1,22,801.7617492675781,17,secondary
RPSI_ax1,23,791.1827697753906,17,secondary
RPSI_ax1,24,795.1570434570312,17,secondary
RPSI_ax1,25,801.36767578125,17,secondary
RPSI_ax1,26,798.4190673828125,17,secondary
RPSI_ax1,27,809.6822509765625,17,secondary
RPSI_ax1,28,821.3454284667969,17,secondary
RPSI_ax1,29,821.3724060058594,17,secondary
RPSI_ax1,30,821.4284973144531,17,secondary
RPSI_ax1,31,809.6549682617188,17,secondary
RPSI_ax1,32,797.0115356445312,17,secondary
RPSI_ax1,33,802.6372680664062,17,secondary
RPSI_ax1,34,799.6943969726562,17,secondary
RPSI_ax1,35,797.4679870605469,17,secondary
RPSI_ax1,36,810.61865234375,17,secondary
RPSI_ax1,37,823.8041687011719,17,secondary
RPSI_ax1,38,837.0576477050781,17,secondary
RPSI_ax1,39,850.4191284179688,17,secondary
RPSI_ax1,40,863.930419921875,17,secondary
RPSI_ax1,41,877.6351013183594,17,secondary
RPSI_ax1,42,891.5526123046875,17,secondary
RPSI_ax1,43,905.6925048828125,17,secondary
RPSI_ax1,44,920.0484619140625,17,secondary
RPSI_ax1,45,934.6060791015625,17,secondary
RPSI_ax1,46,949.3396911621094,17,secondary
RPSI_ax1,47,964.2260437011719,17,secondary
RPSI_ax1,48,977.6683959960938,17,secondary
RPSI_ax1,49,991.0379943847656,17,secondary
RPSI_ax1,50,998.4711303710938,17,secondary
RPSI_ax1,51,985.519287109375,17,secondary
RPSI_ax1,52,1001.5225219726562,17,secondary
RPSI_ax1,53,1013.214111328125,17,secondary
RPSI_ax1,54,999.6470336914062,17,secondary
RPSI_ax1,55,983.3388671875,17,secondary
RPSI_ax1,56,987.106689453125,17,secondary
RPSI_ax1,57,1004.2228393554688,17,secondary
RPSI_ax1,58,1011.3450622558594,17,secondary
RPSI_ax1,59,1008.0453186035156,17,secondary
RPSI_ax1,60,999.3866577148438,17,secondary
RPSI_ax1,61,983.3349609375,17,secondary
RPSI_ax1,62,989.3291625976562,17,secondary
RPSI_ax1,63,974.03955078125,17,secondary
RPSI_ax1,64,963.8806762695312,17,secondary
RPSI_ax1,65,961.8401489257812,17,secondary
RPSI_ax1,66,976.3828735351562,17,secondary
RPSI_ax1,67,990.6802368164062,17,secondary
RPSI_ax1,68,980.7573852539062,17,secondary
RPSI_ax1,69,967.1166381835938,17,secondary
RPSI_ax1,70,973.0202026367188,17,secondary
RPSI_ax1,71,969.6968994140625,17,secondary
RPSI_ax1,72,981.0673217773438,17,secondary
RPSI_ax1,73,992.8099975585938,17,secondary
RPSI_ax1,74,1004.8619995117188,17,secondary
RPSI_ax1,75,1017.0350341796875,17,secondary
RPSI_ax1,76,1029.166748046875,17,secondary
RPSI_ax1,77,1041.236083984375,17,secondary
RPSI_ax1,78,1052.97119140625,17,secondary
RPSI_ax1,79,1040.191162109375,17,secondary
RPSI_ax1,80,1027.4901123046875,17,secondary
RPSI_ax1,81,1037.125,17,secondary
RPSI_ax1,82,1048.34130859375,17,secondary
RPSI_ax1,83,1059.5233154296875,17,secondary
RPSI_ax1,84,1070.71240234375,17,secondary
RPSI_ax1,85,1081.95263671875,17,secondary
RPSI_ax1,86,1093.2760009765625,17,secondary
RPSI_ax1,87,1104.692138671875,17,secondary
RPSI_ax1,88,1116.2099609375,17,secondary
RPSI_ax1,89,1124.1447448730469,17,secondary
RPSI_ax1,90,1124.0060424804688,17,secondary
RPSI_ax1,91,1130.6180419921875,17,secondary
RPSI_ax1,92,1143.9432983398438,17,secondary
RPSI_ax1,93,1147.7401123046875,17,secondary
RPSI_ax1,94,1143.1517333984375,17,secondary
RPSI_ax1,95,1128.279296875,17,secondary
RPSI_ax1,96,1126.0238037109375,17,secondary
RPSI_ax1,97,1138.18408203125,17,secondary
RPSI_ax1,98,1127.646728515625,17,secondary
RPSI_ax1,99,1123.9531555175781,17,secondary
RPSI_ax1,100,1125.1107177734375,17,secondary
RPSI_ax2,0,259.3367233276367,17,secondary
RPSI_ax2,1,260.20819091796875,17,secondary
RPSI_ax2,2,260.96460723876953,17,secondary
RPSI_ax2,3,261.6036605834961,17,secondary
RPSI_ax2,4,262.12256622314453,17,secondary
RPSI_ax2,5,262.33514404296875,17,secondary
RPSI_ax2,6,259.2697448730469,17,secondary
RPSI_ax2,7,255.79348754882812,17,secondary
RPSI_ax2,8,252.07669067382812,17,secondary
RPSI_ax2,9,248.8574447631836,17,secondary
RPSI_ax2,10,249.38055419921875,17,secondary
RPSI_ax2,11,249.97169494628906,17,secondary
RPSI_ax2,12,250.72535705566406,17,secondary
RPSI_ax2,13,251.48863220214844,17,secondary
RPSI_ax2,14,252.26666259765625,17,secondary
RPSI_ax2,15,253.0632781982422,17,secondary
RPSI_ax2,16,253.8806915283203,17,secondary
RPSI_ax2,17,254.71920776367188,17,secondary
RPSI_ax2,18,255.57713317871094,17,secondary
RPSI_ax2,19,256.4505920410156,17,secondary
RPSI_ax2,20,257.384033203125,17,secondary
RPSI_ax2,21,259.26368713378906,17,secondary
RPSI_ax2,22,260.6912155151367,17,secondary
RPSI_ax2,23,260.9798278808594,17,secondary
RPSI_ax2,24,261.2867431640625,17,secondary
RPSI_ax2,25,261.58843994140625,17,secondary
RPSI_ax2,26,261.8731384277344,17,secondary
RPSI_ax2,27,262.1430358886719,17,secondary
RPSI_ax2,28,262.4071807861328,17,secondary
RPSI_ax2,29,262.6586151123047,17,secondary
RPSI_ax2,30,262.8782653808594,17,secondary
RPSI_ax2,31,263.08311462402344,17,secondary
RPSI_ax2,32,263.12684631347656,17,secondary
RPSI_ax2,33,261.9405822753906,17,secondary
RPSI_ax2,34,261.191162109375,17,secondary
RPSI_ax2,35,261.40472412109375,17,secondary
RPSI_ax2,36,261.4979553222656,17,secondary
RPSI_ax2,37,261.49749755859375,17,secondary
RPSI_ax2,38,261.4270935058594,17,secondary
RPSI_ax2,39,261.3010559082031,17,secondary
RPSI_ax2,40,261.1207275390625,17,secondary
RPSI_ax2,41,260.87371826171875,17,secondary
RPSI_ax2,42,260.5320739746094,17,secondary
RPSI_ax2,43,260.0528259277344,17,secondary
RPSI_ax2,44,259.4015808105469,17,secondary
RPSI_ax2,45,258.5412292480469,17,secondary
RPSI_ax2,46,257.4483642578125,17,secondary
RPSI_ax2,47,256.1269226074219,17,secondary
RPSI_ax2,48,254.62368774414062,17,secondary
RPSI_ax2,49,253.0380859375,17,secondary
RPSI_ax2,50,251.5122528076172,17,secondary
RPSI_ax2,51,250.2207794189453,17,secondary
RPSI_ax2,52,249.21994018554688,17,secondary
RPSI_ax2,53,248.4558563232422,17,secondary
RPSI_ax2,54,247.76022338867188,17,secondary
RPSI_ax2,55,247.47344970703125,17,secondary
RPSI_ax2,56,247.31011962890625,17,secondary
RPSI_ax2,57,246.2163543701172,17,secondary
RPSI_ax2,58,246.41856384277344,17,secondary
RPSI_ax2,59,247.05523681640625,17,secondary
RPSI_ax2,60,247.6290283203125,17,secondary
RPSI_ax2,61,248.1513214111328,17,secondary
RPSI_ax2,62,248.63304138183594,17,secondary
RPSI_ax2,63,249.084716796875,17,secondary
RPSI_ax2,64,249.51675415039062,17,secondary
RPSI_ax2,65,249.93959045410156,17,secondary
RPSI_ax2,66,250.36376953125,17,secondary
RPSI_ax2,67,250.7997589111328,17,secondary
RPSI_ax2,68,251.25729370117188,17,secondary
RPSI_ax2,69,251.74449157714844,17,secondary
RPSI_ax2,70,253.0033721923828,17,secondary
RPSI_ax2,71,253.88848114013672,17,secondary
RPSI_ax2,72,254.01383209228516,17,secondary
RPSI_ax2,73,254.97014617919922,17,secondary
RPSI_ax2,74,256.0049362182617,17,secondary
RPSI_ax2,75,257.06224060058594,17,secondary
RPSI_ax2,76,258.121826171875,17,secondary
RPSI_ax2,77,259.17211151123047,17,secondary
RPSI_ax2,78,260.2031478881836,17,secondary
RPSI_ax2,79,261.2045593261719,17,secondary
RPSI_ax2,80,262.1847381591797,17,secondary
RPSI_ax2,81,263.1486053466797,17,secondary
RPSI_ax2,82,264.0923614501953,17,secondary
RPSI_ax2,83,265.00714111328125,17,secondary
RPSI_ax2,84,265.63462829589844,17,secondary
RPSI_ax2,85,265.5601348876953,17,secondary
RPSI_ax2,86,265.42677307128906,17,secondary
RPSI_ax2,87,265.237548828125,17,secondary
RPSI_ax2,88,264.9908905029297,17,secondary
RPSI_ax2,89,264.67945861816406,17,secondary
RPSI_ax2,90,264.28741455078125,17,secondary
RPSI_ax2,91,263.8044738769531,17,secondary
RPSI_ax2,92,263.2102813720703,17,secondary
RPSI_ax2,93,262.48280334472656,17,secondary
RPSI_ax2,94,262.8559875488281,17,secondary
RPSI_ax2,95,263.4636688232422,17,secondary
RPSI_ax2,96,264.27911376953125,17,secondary
RPSI_ax2,97,265.35450744628906,17,secondary
RPSI_ax2,98,266.48536682128906,17,secondary
RPSI_ax2,99,267.6686477661133,17,secondary
RPSI_ax2,100,268.56262969970703,17,secondary
RPSI_ax3,0,963.5916442871094,17,secondary
RPSI_ax3,1,961.6915893554688,17,secondary
RPSI_ax3,2,959.6052551269531,17,secondary
RPSI_ax3,3,957.8756408691406,17,secondary
RPSI_ax3,4,956.4034118652344,17,secondary
RPSI_ax3,5,954.5974731445312,17,secondary
RPSI_ax3,6,953.0591125488281,17,secondary
RPSI_ax3,7,951.4351501464844,17,secondary
RPSI_ax3,8,950.2398071289062,17,secondary
RPSI_ax3,9,949.9755249023438,17,secondary
RPSI_ax3,10,949.0465087890625,17,secondary
RPSI_ax3,11,948.2808227539062,17,secondary
RPSI_ax3,12,948.8026733398438,17,secondary
RPSI_ax3,13,950.629638671875,17,secondary
RPSI_ax3,14,952.7891845703125,17,secondary
RPSI_ax3,15,953.5614013671875,17,secondary
RPSI_ax3,16,954.477783203125,17,secondary
RPSI_ax3,17,955.5984497070312,17,secondary
RPSI_ax3,18,956.8562622070312,17,secondary
RPSI_ax3,19,959.2252502441406,17,secondary
RPSI_ax3,20,961.648681640625,17,secondary
RPSI_ax3,21,964.1411437988281,17,secondary
RPSI_ax3,22,966.7091979980469,17,secondary
RPSI_ax3,23,969.3591003417969,17,secondary
RPSI_ax3,24,972.0797119140625,17,secondary
RPSI_ax3,25,974.8484191894531,17,secondary
RPSI_ax3,26,977.6305541992188,17,secondary
RPSI_ax3,27,980.3781433105469,17,secondary
RPSI_ax3,28,982.3805236816406,17,secondary
RPSI_ax3,29,983.7812194824219,17,secondary
RPSI_ax3,30,985.0274963378906,17,secondary
RPSI_ax3,31,986.042236328125,17,secondary
RPSI_ax3,32,986.8172607421875,17,secondary
RPSI_ax3,33,987.3763732910156,17,secondary
RPSI_ax3,34,987.5762023925781,17,secondary
RPSI_ax3,35,987.5584411621094,17,secondary
RPSI_ax3,36,987.6441040039062,17,secondary
RPSI_ax3,37,987.4158020019531,17,secondary
RPSI_ax3,38,986.7996826171875,17,secondary
RPSI_ax3,39,985.8636474609375,17,secondary
RPSI_ax3,40,984.1166381835938,17,secondary
RPSI_ax3,41,982.0427856445312,17,secondary
RPSI_ax3,42,979.677734375,17,secondary
RPSI_ax3,43,977.0587768554688,17,secondary
RPSI_ax3,44,974.690673828125,17,secondary
RPSI_ax3,45,972.6129150390625,17,secondary
RPSI_ax3,46,970.4602661132812,17,secondary
RPSI_ax3,47,968.2321166992188,17,secondary
RPSI_ax3,48,965.9335327148438,17,secondary
RPSI_ax3,49,963.5830078125,17,secondary
RPSI_ax3,50,961.2113037109375,17,secondary
RPSI_ax3,51,959.0932006835938,17,secondary
RPSI_ax3,52,957.0592041015625,17,secondary
RPSI_ax3,53,955.4861145019531,17,secondary
RPSI_ax3,54,953.4655151367188,17,secondary
RPSI_ax3,55,951.8460388183594,17,secondary
RPSI_ax3,56,950.6834716796875,17,secondary
RPSI_ax3,57,950.2844848632812,17,secondary
RPSI_ax3,58,949.8619079589844,17,secondary
RPSI_ax3,59,950.2156066894531,17,secondary
RPSI_ax3,60,951.0694274902344,17,secondary
RPSI_ax3,61,951.6040649414062,17,secondary
RPSI_ax3,62,952.5266723632812,17,secondary
RPSI_ax3,63,953.8633422851562,17,secondary
RPSI_ax3,64,956.0818481445312,17,secondary
RPSI_ax3,65,958.3214721679688,17,secondary
RPSI_ax3,66,959.7181396484375,17,secondary
RPSI_ax3,67,960.4365844726562,17,secondary
RPSI_ax3,68,961.5420532226562,17,secondary
RPSI_ax3,69,962.8907470703125,17,secondary
RPSI_ax3,70,964.4539794921875,17,secondary
RPSI_ax3,71,966.263427734375,17,secondary
RPSI_ax3,72,968.2217407226562,17,secondary
RPSI_ax3,73,970.386474609375,17,secondary
RPSI_ax3,74,972.9632568359375,17,secondary
RPSI_ax3,75,975.3487548828125,17,secondary
RPSI_ax3,76,977.3637084960938,17,secondary
RPSI_ax3,77,979.4272766113281,17,secondary
RPSI_ax3,78,981.3125610351562,17,secondary
RPSI_ax3,79,983.0003662109375,17,secondary
RPSI_ax3,80,984.4752502441406,17,secondary
RPSI_ax3,81,985.49755859375,17,secondary
RPSI_ax3,82,986.1849670410156,17,secondary
RPSI_ax3,83,986.5986328125,17,secondary
RPSI_ax3,84,986.7032470703125,17,secondary
RPSI_ax3,85,986.6517028808594,17,secondary
RPSI_ax3,86,986.25146484375,17,secondary
RPSI_ax3,87,985.574951171875,17,secondary
RPSI_ax3,88,984.6217651367188,17,secondary
RPSI_ax3,89,983.3872985839844,17,secondary
RPSI_ax3,90,982.2978515625,17,secondary
RPSI_ax3,91,980.68798828125,17,secondary
RPSI_ax3,92,978.5390014648438,17,secondary
RPSI_ax3,93,976.3224487304688,17,secondary
RPSI_ax3,94,974.0697021484375,17,secondary
RPSI_ax3,95,971.83740234375,17,secondary
RPSI_ax3,96,969.3775024414062,17,secondary
RPSI_ax3,97,966.7792358398438,17,secondary
RPSI_ax3,98,964.4561767578125,17,secondary
RPSI_ax3,99,962.0709228515625,17,secondary
RPSI_ax3,100,959.7798461914062,17,secondary
LHJC_ax1,0,746.38037109375,17,secondary
LHJC_ax1,1,760.7033081054688,17,secondary
LHJC_ax1,2,775.1598510742188,17,secondary
LHJC_ax1,3,782.3861694335938,17,secondary
LHJC_ax1,4,791.1461181640625,17,secondary
LHJC_ax1,5,795.5523071289062,17,secondary
LHJC_ax1,6,787.5127563476562,17,secondary
LHJC_ax1,7,790.4479370117188,17,secondary
LHJC_ax1,8,790.583251953125,17,secondary
LHJC_ax1,9,790.9108276367188,17,secondary
LHJC_ax1,10,791.2489318847656,17,secondary
LHJC_ax1,11,788.978759765625,17,secondary
LHJC_ax1,12,805.0801391601562,17,secondary
LHJC_ax1,13,810.4940185546875,17,secondary
LHJC_ax1,14,808.8525390625,17,secondary
LHJC_ax1,15,808.3133544921875,17,secondary
LHJC_ax1,16,806.9241333007812,17,secondary
LHJC_ax1,17,807.1956176757812,17,secondary
LHJC_ax1,18,806.6328430175781,17,secondary
LHJC_ax1,19,806.0780639648438,17,secondary
LHJC_ax1,20,811.3582153320312,17,secondary
LHJC_ax1,21,809.8782348632812,17,secondary
LHJC_ax1,22,804.40673828125,17,secondary
LHJC_ax1,23,811.6539001464844,17,secondary
LHJC_ax1,24,823.4495239257812,17,secondary
LHJC_ax1,25,835.079345703125,17,secondary
LHJC_ax1,26,846.8192749023438,17,secondary
LHJC_ax1,27,858.7295837402344,17,secondary
LHJC_ax1,28,870.8699951171875,17,secondary
LHJC_ax1,29,883.2961730957031,17,secondary
LHJC_ax1,30,895.9770812988281,17,secondary
LHJC_ax1,31,908.8770446777344,17,secondary
LHJC_ax1,32,921.950439453125,17,secondary
LHJC_ax1,33,935.1116027832031,17,secondary
LHJC_ax1,34,948.2801208496094,17,secondary
LHJC_ax1,35,961.407958984375,17,secondary
LHJC_ax1,36,974.48779296875,17,secondary
LHJC_ax1,37,987.5491333007812,17,secondary
LHJC_ax1,38,1000.6002197265625,17,secondary
LHJC_ax1,39,1012.6013793945312,17,secondary
LHJC_ax1,40,999.8512573242188,17,secondary
LHJC_ax1,41,985.1959228515625,17,secondary
LHJC_ax1,42,970.4048461914062,17,secondary
LHJC_ax1,43,979.7779541015625,17,secondary
LHJC_ax1,44,993.523681640625,17,secondary
LHJC_ax1,45,1007.4495849609375,17,secondary
LHJC_ax1,46,1010.4505615234375,17,secondary
LHJC_ax1,47,997.734375,17,secondary
LHJC_ax1,48,992.2271118164062,17,secondary
LHJC_ax1,49,996.6189270019531,17,secondary
LHJC_ax1,50,995.2724304199219,17,secondary
LHJC_ax1,51,994.2988586425781,17,secondary
LHJC_ax1,52,984.5606079101562,17,secondary
LHJC_ax1,53,969.4666748046875,17,secondary
LHJC_ax1,54,954.1576232910156,17,secondary
LHJC_ax1,55,940.7078247070312,17,secondary
LHJC_ax1,56,958.05322265625,17,secondary
LHJC_ax1,57,944.4847412109375,17,secondary
LHJC_ax1,58,953.819091796875,17,secondary
LHJC_ax1,59,971.4661254882812,17,secondary
LHJC_ax1,60,976.5960693359375,17,secondary
LHJC_ax1,61,972.1258544921875,17,secondary
LHJC_ax1,62,986.494140625,17,secondary
LHJC_ax1,63,1000.7198486328125,17,secondary
LHJC_ax1,64,1014.735595703125,17,secondary
LHJC_ax1,65,1028.63671875,17,secondary
LHJC_ax1,66,1042.2852783203125,17,secondary
LHJC_ax1,67,1055.6142578125,17,secondary
LHJC_ax1,68,1059.6875,17,secondary
LHJC_ax1,69,1046.7818603515625,17,secondary
LHJC_ax1,70,1034.4814453125,17,secondary
LHJC_ax1,71,1033.9779052734375,17,secondary
LHJC_ax1,72,1044.23095703125,17,secondary
LHJC_ax1,73,1054.20458984375,17,secondary
LHJC_ax1,74,1063.9259033203125,17,secondary
LHJC_ax1,75,1073.421875,17,secondary
LHJC_ax1,76,1082.717529296875,17,secondary
LHJC_ax1,77,1095.0490112304688,17,secondary
LHJC_ax1,78,1107.8281860351562,17,secondary
LHJC_ax1,79,1120.8544921875,17,secondary
LHJC_ax1,80,1124.2723388671875,17,secondary
LHJC_ax1,81,1135.6431884765625,17,secondary
LHJC_ax1,82,1144.9815063476562,17,secondary
LHJC_ax1,83,1144.910400390625,17,secondary
LHJC_ax1,84,1144.8605346679688,17,secondary
LHJC_ax1,85,1132.4176025390625,17,secondary
LHJC_ax1,86,1118.3691101074219,17,secondary
LHJC_ax1,87,1117.8894958496094,17,secondary
LHJC_ax1,88,1117.4429626464844,17,secondary
LHJC_ax1,89,1117.033447265625,17,secondary
LHJC_ax1,90,1116.6653137207031,17,secondary
LHJC_ax1,91,1118.31494140625,17,secondary
LHJC_ax1,92,1131.2286376953125,17,secondary
LHJC_ax1,93,1144.3388671875,17,secondary
LHJC_ax1,94,1157.7081298828125,17,secondary
LHJC_ax1,95,1171.3975830078125,17,secondary
LHJC_ax1,96,1175.753662109375,17,secondary
LHJC_ax1,97,1161.1351318359375,17,secondary
LHJC_ax1,98,1146.366455078125,17,secondary
LHJC_ax1,99,1131.4578857421875,17,secondary
LHJC_ax1,100,1116.476318359375,17,secondary
LHJC_ax2,0,342.45513916015625,17,secondary
LHJC_ax2,1,343.8775329589844,17,secondary
LHJC_ax2,2,345.21685791015625,17,secondary
LHJC_ax2,3,346.66571044921875,17,secondary
LHJC_ax2,4,348.2632141113281,17,secondary
LHJC_ax2,5,348.2894592285156,17,secondary
LHJC_ax2,6,348.0526123046875,17,secondary
LHJC_ax2,7,347.71551513671875,17,secondary
LHJC_ax2,8,347.3329772949219,17,secondary
LHJC_ax2,9,346.9188232421875,17,secondary
LHJC_ax2,10,346.41595458984375,17,secondary
LHJC_ax2,11,345.1954345703125,17,secondary
LHJC_ax2,12,343.3229064941406,17,secondary
LHJC_ax2,13,344.02813720703125,17,secondary
LHJC_ax2,14,342.90185546875,17,secondary
LHJC_ax2,15,344.4485168457031,17,secondary
LHJC_ax2,16,343.9246520996094,17,secondary
LHJC_ax2,17,343.5762939453125,17,secondary
LHJC_ax2,18,343.4337158203125,17,secondary
LHJC_ax2,19,343.84320068359375,17,secondary
LHJC_ax2,20,343.53265380859375,17,secondary
LHJC_ax2,21,342.1301574707031,17,secondary
LHJC_ax2,22,342.3743591308594,17,secondary
LHJC_ax2,23,342.3273620605469,17,secondary
LHJC_ax2,24,342.1541748046875,17,secondary
LHJC_ax2,25,342.0909423828125,17,secondary
LHJC_ax2,26,342.2852783203125,17,secondary
LHJC_ax2,27,342.8534240722656,17,secondary
LHJC_ax2,28,344.0364990234375,17,secondary
LHJC_ax2,29,345.2976379394531,17,secondary
LHJC_ax2,30,346.4908447265625,17,secondary
LHJC_ax2,31,347.5664367675781,17,secondary
LHJC_ax2,32,347.7395324707031,17,secondary
LHJC_ax2,33,346.7910461425781,17,secondary
LHJC_ax2,34,347.1239013671875,17,secondary
LHJC_ax2,35,347.9403076171875,17,secondary
LHJC_ax2,36,348.8691101074219,17,secondary
LHJC_ax2,37,349.3046569824219,17,secondary
LHJC_ax2,38,349.29681396484375,17,secondary
LHJC_ax2,39,349.3173065185547,17,secondary
LHJC_ax2,40,348.765625,17,secondary
LHJC_ax2,41,347.9752960205078,17,secondary
LHJC_ax2,42,347.0354919433594,17,secondary
LHJC_ax2,43,346.0663146972656,17,secondary
LHJC_ax2,44,345.721435546875,17,secondary
LHJC_ax2,45,346.41290283203125,17,secondary
LHJC_ax2,46,346.427734375,17,secondary
LHJC_ax2,47,346.6445617675781,17,secondary
LHJC_ax2,48,347.1374816894531,17,secondary
LHJC_ax2,49,348.4042663574219,17,secondary
LHJC_ax2,50,349.7574920654297,17,secondary
LHJC_ax2,51,352.4738311767578,17,secondary
LHJC_ax2,52,355.6695861816406,17,secondary
LHJC_ax2,53,358.5638732910156,17,secondary
LHJC_ax2,54,358.8704833984375,17,secondary
LHJC_ax2,55,361.31402587890625,17,secondary
LHJC_ax2,56,362.038818359375,17,secondary
LHJC_ax2,57,360.9537353515625,17,secondary
LHJC_ax2,58,363.1516418457031,17,secondary
LHJC_ax2,59,365.47601318359375,17,secondary
LHJC_ax2,60,367.7966003417969,17,secondary
LHJC_ax2,61,370.3179016113281,17,secondary
LHJC_ax2,62,369.7159423828125,17,secondary
LHJC_ax2,63,367.2056579589844,17,secondary
LHJC_ax2,64,364.97686767578125,17,secondary
LHJC_ax2,65,363.099853515625,17,secondary
LHJC_ax2,66,362.2285461425781,17,secondary
LHJC_ax2,67,363.5168762207031,17,secondary
LHJC_ax2,68,364.89093017578125,17,secondary
LHJC_ax2,69,363.8747253417969,17,secondary
LHJC_ax2,70,363.2788391113281,17,secondary
LHJC_ax2,71,363.05181884765625,17,secondary
LHJC_ax2,72,363.1259460449219,17,secondary
LHJC_ax2,73,363.4314270019531,17,secondary
LHJC_ax2,74,363.9049377441406,17,secondary
LHJC_ax2,75,364.4904479980469,17,secondary
LHJC_ax2,76,365.1376953125,17,secondary
LHJC_ax2,77,365.80165100097656,17,secondary
LHJC_ax2,78,366.44482421875,17,secondary
LHJC_ax2,79,367.0387878417969,17,secondary
LHJC_ax2,80,367.6233673095703,17,secondary
LHJC_ax2,81,368.15635681152344,17,secondary
LHJC_ax2,82,368.4199523925781,17,secondary
LHJC_ax2,83,368.0579528808594,17,secondary
LHJC_ax2,84,367.7279357910156,17,secondary
LHJC_ax2,85,367.4757995605469,17,secondary
LHJC_ax2,86,367.4676818847656,17,secondary
LHJC_ax2,87,367.59893798828125,17,secondary
LHJC_ax2,88,367.6524353027344,17,secondary
LHJC_ax2,89,367.6427001953125,17,secondary
LHJC_ax2,90,367.8597717285156,17,secondary
LHJC_ax2,91,368.46893310546875,17,secondary
LHJC_ax2,92,369.2492370605469,17,secondary
LHJC_ax2,93,370.0020446777344,17,secondary
LHJC_ax2,94,369.6903381347656,17,secondary
LHJC_ax2,95,369.3162536621094,17,secondary
LHJC_ax2,96,369.43218994140625,17,secondary
LHJC_ax2,97,369.45953369140625,17,secondary
LHJC_ax2,98,369.42999267578125,17,secondary
LHJC_ax2,99,369.4044494628906,17,secondary
LHJC_ax2,100,369.46392822265625,17,secondary
LHJC_ax3,0,829.35400390625,17,secondary
LHJC_ax3,1,826.9759521484375,17,secondary
LHJC_ax3,2,825.0523071289062,17,secondary
LHJC_ax3,3,823.7182312011719,17,secondary
LHJC_ax3,4,821.9748840332031,17,secondary
LHJC_ax3,5,820.5497741699219,17,secondary
LHJC_ax3,6,819.3464965820312,17,secondary
LHJC_ax3,7,818.4728088378906,17,secondary
LHJC_ax3,8,817.7912292480469,17,secondary
LHJC_ax3,9,818.3666381835938,17,secondary
LHJC_ax3,10,819.6380920410156,17,secondary
LHJC_ax3,11,821.4812622070312,17,secondary
LHJC_ax3,12,823.4132690429688,17,secondary
LHJC_ax3,13,825.2846374511719,17,secondary
LHJC_ax3,14,828.138427734375,17,secondary
LHJC_ax3,15,830.4877014160156,17,secondary
LHJC_ax3,16,832.14892578125,17,secondary
LHJC_ax3,17,834.0494995117188,17,secondary
LHJC_ax3,18,836.1161193847656,17,secondary
LHJC_ax3,19,838.0443725585938,17,secondary
LHJC_ax3,20,839.549072265625,17,secondary
LHJC_ax3,21,840.6976013183594,17,secondary
LHJC_ax3,22,841.7855529785156,17,secondary
LHJC_ax3,23,843.1187744140625,17,secondary
LHJC_ax3,24,844.5169067382812,17,secondary
LHJC_ax3,25,846.0233154296875,17,secondary
LHJC_ax3,26,846.7070007324219,17,secondary
LHJC_ax3,27,847.3694458007812,17,secondary
LHJC_ax3,28,848.1728210449219,17,secondary
LHJC_ax3,29,849.0770874023438,17,secondary
LHJC_ax3,30,850.3112487792969,17,secondary
LHJC_ax3,31,851.6109313964844,17,secondary
LHJC_ax3,32,852.6597900390625,17,secondary
LHJC_ax3,33,853.8974609375,17,secondary
LHJC_ax3,34,854.9688110351562,17,secondary
LHJC_ax3,35,855.7068481445312,17,secondary
LHJC_ax3,36,856.1022338867188,17,secondary
LHJC_ax3,37,856.1453857421875,17,secondary
LHJC_ax3,38,855.8291015625,17,secondary
LHJC_ax3,39,855.149658203125,17,secondary
LHJC_ax3,40,853.7724609375,17,secondary
LHJC_ax3,41,851.6944580078125,17,secondary
LHJC_ax3,42,849.6240234375,17,secondary
LHJC_ax3,43,847.0466918945312,17,secondary
LHJC_ax3,44,844.4442749023438,17,secondary
LHJC_ax3,45,841.6566772460938,17,secondary
LHJC_ax3,46,839.2711486816406,17,secondary
LHJC_ax3,47,836.649169921875,17,secondary
LHJC_ax3,48,833.8784484863281,17,secondary
LHJC_ax3,49,831.1544189453125,17,secondary
LHJC_ax3,50,828.742919921875,17,secondary
LHJC_ax3,51,826.5938720703125,17,secondary
LHJC_ax3,52,824.6612548828125,17,secondary
LHJC_ax3,53,822.927978515625,17,secondary
LHJC_ax3,54,821.3307189941406,17,secondary
LHJC_ax3,55,819.6903076171875,17,secondary
LHJC_ax3,56,818.6861267089844,17,secondary
LHJC_ax3,57,817.9749450683594,17,secondary
LHJC_ax3,58,817.89697265625,17,secondary
LHJC_ax3,59,818.2140502929688,17,secondary
LHJC_ax3,60,819.3136596679688,17,secondary
LHJC_ax3,61,821.0563049316406,17,secondary
LHJC_ax3,62,823.090087890625,17,secondary
LHJC_ax3,63,824.94580078125,17,secondary
LHJC_ax3,64,826.9080200195312,17,secondary
LHJC_ax3,65,828.2589721679688,17,secondary
LHJC_ax3,66,829.7423400878906,17,secondary
LHJC_ax3,67,831.4220275878906,17,secondary
LHJC_ax3,68,833.1419982910156,17,secondary
LHJC_ax3,69,834.7265319824219,17,secondary
LHJC_ax3,70,836.0250244140625,17,secondary
LHJC_ax3,71,837.0742492675781,17,secondary
LHJC_ax3,72,838.0968933105469,17,secondary
LHJC_ax3,73,838.9314575195312,17,secondary
LHJC_ax3,74,840.3158264160156,17,secondary
LHJC_ax3,75,841.9204711914062,17,secondary
LHJC_ax3,76,842.8954467773438,17,secondary
LHJC_ax3,77,844.83740234375,17,secondary
LHJC_ax3,78,847.2158813476562,17,secondary
LHJC_ax3,79,849.3729248046875,17,secondary
LHJC_ax3,80,851.2744750976562,17,secondary
LHJC_ax3,81,852.8922119140625,17,secondary
LHJC_ax3,82,854.2030029296875,17,secondary
LHJC_ax3,83,855.1884765625,17,secondary
LHJC_ax3,84,855.8338012695312,17,secondary
LHJC_ax3,85,856.1272583007812,17,secondary
LHJC_ax3,86,856.0594482421875,17,secondary
LHJC_ax3,87,855.6235961914062,17,secondary
LHJC_ax3,88,854.3995361328125,17,secondary
LHJC_ax3,89,853.4588623046875,17,secondary
LHJC_ax3,90,852.1124877929688,17,secondary
LHJC_ax3,91,850.23583984375,17,secondary
LHJC_ax3,92,848.0394897460938,17,secondary
LHJC_ax3,93,845.556884765625,17,secondary
LHJC_ax3,94,842.8312377929688,17,secondary
LHJC_ax3,95,839.9155883789062,17,secondary
LHJC_ax3,96,836.8712158203125,17,secondary
LHJC_ax3,97,834.6267395019531,17,secondary
LHJC_ax3,98,832.2684326171875,17,secondary
LHJC_ax3,99,829.8989868164062,17,secondary
LHJC_ax3,100,827.3820495605469,17,secondary
RHJC_ax1,0,745.599853515625,17,secondary
RHJC_ax1,1,760.637451171875,17,secondary
RHJC_ax1,2,775.7596435546875,17,secondary
RHJC_ax1,3,785.4129638671875,17,secondary
RHJC_ax1,4,789.5764770507812,17,secondary
RHJC_ax1,5,791.4443664550781,17,secondary
RHJC_ax1,6,788.6784362792969,17,secondary
RHJC_ax1,7,786.3735656738281,17,secondary
RHJC_ax1,8,786.6132202148438,17,secondary
RHJC_ax1,9,786.84326171875,17,secondary
RHJC_ax1,10,788.4446411132812,17,secondary
RHJC_ax1,11,787.6224365234375,17,secondary
RHJC_ax1,12,798.7615051269531,17,secondary
RHJC_ax1,13,798.5606689453125,17,secondary
RHJC_ax1,14,810.7368774414062,17,secondary
RHJC_ax1,15,822.7606201171875,17,secondary
RHJC_ax1,16,823.2780456542969,17,secondary
RHJC_ax1,17,823.6462097167969,17,secondary
RHJC_ax1,18,824.0798034667969,17,secondary
RHJC_ax1,19,824.66259765625,17,secondary
RHJC_ax1,20,824.3652954101562,17,secondary
RHJC_ax1,21,815.0355224609375,17,secondary
RHJC_ax1,22,802.2045288085938,17,secondary
RHJC_ax1,23,811.48291015625,17,secondary
RHJC_ax1,24,824.38525390625,17,secondary
RHJC_ax1,25,837.2196655273438,17,secondary
RHJC_ax1,26,849.9974670410156,17,secondary
RHJC_ax1,27,862.7353820800781,17,secondary
RHJC_ax1,28,875.4559631347656,17,secondary
RHJC_ax1,29,888.1849060058594,17,secondary
RHJC_ax1,30,900.9468078613281,17,secondary
RHJC_ax1,31,913.7629089355469,17,secondary
RHJC_ax1,32,926.6436767578125,17,secondary
RHJC_ax1,33,939.5947875976562,17,secondary
RHJC_ax1,34,952.6202087402344,17,secondary
RHJC_ax1,35,965.7231750488281,17,secondary
RHJC_ax1,36,978.9117431640625,17,secondary
RHJC_ax1,37,992.1995849609375,17,secondary
RHJC_ax1,38,1005.605224609375,17,secondary
RHJC_ax1,39,1010.6339721679688,17,secondary
RHJC_ax1,40,998.0799560546875,17,secondary
RHJC_ax1,41,985.4910278320312,17,secondary
RHJC_ax1,42,972.8369140625,17,secondary
RHJC_ax1,43,983.2242431640625,17,secondary
RHJC_ax1,44,998.6497802734375,17,secondary
RHJC_ax1,45,1011.5451049804688,17,secondary
RHJC_ax1,46,996.7391357421875,17,secondary
RHJC_ax1,47,981.8814697265625,17,secondary
RHJC_ax1,48,977.7650146484375,17,secondary
RHJC_ax1,49,991.2649536132812,17,secondary
RHJC_ax1,50,1005.313720703125,17,secondary
RHJC_ax1,51,1015.9439697265625,17,secondary
RHJC_ax1,52,1003.0728149414062,17,secondary
RHJC_ax1,53,989.1795654296875,17,secondary
RHJC_ax1,54,974.7753601074219,17,secondary
RHJC_ax1,55,963.6524047851562,17,secondary
RHJC_ax1,56,973.66357421875,17,secondary
RHJC_ax1,57,957.1105346679688,17,secondary
RHJC_ax1,58,965.3374633789062,17,secondary
RHJC_ax1,59,982.5819702148438,17,secondary
RHJC_ax1,60,982.4365234375,17,secondary
RHJC_ax1,61,965.9683837890625,17,secondary
RHJC_ax1,62,973.7423706054688,17,secondary
RHJC_ax1,63,988.9450073242188,17,secondary
RHJC_ax1,64,1003.5202026367188,17,secondary
RHJC_ax1,65,1017.5603637695312,17,secondary
RHJC_ax1,66,1031.054443359375,17,secondary
RHJC_ax1,67,1044.0301513671875,17,secondary
RHJC_ax1,68,1044.420654296875,17,secondary
RHJC_ax1,69,1030.6446533203125,17,secondary
RHJC_ax1,70,1032.956787109375,17,secondary
RHJC_ax1,71,1045.3079833984375,17,secondary
RHJC_ax1,72,1057.5821533203125,17,secondary
RHJC_ax1,73,1069.7061767578125,17,secondary
RHJC_ax1,74,1081.6328125,17,secondary
RHJC_ax1,75,1093.351318359375,17,secondary
RHJC_ax1,76,1104.888671875,17,secondary
RHJC_ax1,77,1116.33056640625,17,secondary
RHJC_ax1,78,1127.63037109375,17,secondary
RHJC_ax1,79,1134.595947265625,17,secondary
RHJC_ax1,80,1128.626220703125,17,secondary
RHJC_ax1,81,1143.0601806640625,17,secondary
RHJC_ax1,82,1146.5458374023438,17,secondary
RHJC_ax1,83,1146.7556762695312,17,secondary
RHJC_ax1,84,1141.08447265625,17,secondary
RHJC_ax1,85,1142.2640380859375,17,secondary
RHJC_ax1,86,1129.9927978515625,17,secondary
RHJC_ax1,87,1123.2865905761719,17,secondary
RHJC_ax1,88,1123.168701171875,17,secondary
RHJC_ax1,89,1123.0809631347656,17,secondary
RHJC_ax1,90,1124.44384765625,17,secondary
RHJC_ax1,91,1136.14794921875,17,secondary
RHJC_ax1,92,1147.9041748046875,17,secondary
RHJC_ax1,93,1159.3406982421875,17,secondary
RHJC_ax1,94,1171.829833984375,17,secondary
RHJC_ax1,95,1184.1649169921875,17,secondary
RHJC_ax1,96,1176.041748046875,17,secondary
RHJC_ax1,97,1162.9462890625,17,secondary
RHJC_ax1,98,1149.76611328125,17,secondary
RHJC_ax1,99,1136.4400634765625,17,secondary
RHJC_ax1,100,1141.9534912109375,17,secondary
RHJC_ax2,0,231.08004760742188,17,secondary
RHJC_ax2,1,233.14279174804688,17,secondary
RHJC_ax2,2,235.3826446533203,17,secondary
RHJC_ax2,3,235.70406341552734,17,secondary
RHJC_ax2,4,235.54428100585938,17,secondary
RHJC_ax2,5,235.41212463378906,17,secondary
RHJC_ax2,6,232.25003051757812,17,secondary
RHJC_ax2,7,228.8448028564453,17,secondary
RHJC_ax2,8,225.82472229003906,17,secondary
RHJC_ax2,9,222.9403533935547,17,secondary
RHJC_ax2,10,219.8057098388672,17,secondary
RHJC_ax2,11,217.42615509033203,17,secondary
RHJC_ax2,12,220.80449676513672,17,secondary
RHJC_ax2,13,224.23892974853516,17,secondary
RHJC_ax2,14,227.678466796875,17,secondary
RHJC_ax2,15,230.97893524169922,17,secondary
RHJC_ax2,16,233.93592834472656,17,secondary
RHJC_ax2,17,236.3551788330078,17,secondary
RHJC_ax2,18,237.6041259765625,17,secondary
RHJC_ax2,19,237.65636444091797,17,secondary
RHJC_ax2,20,237.6264190673828,17,secondary
RHJC_ax2,21,237.52259063720703,17,secondary
RHJC_ax2,22,237.37916564941406,17,secondary
RHJC_ax2,23,237.11182403564453,17,secondary
RHJC_ax2,24,236.48078155517578,17,secondary
RHJC_ax2,25,236.0077133178711,17,secondary
RHJC_ax2,26,235.70648956298828,17,secondary
RHJC_ax2,27,236.3440704345703,17,secondary
RHJC_ax2,28,236.81549072265625,17,secondary
RHJC_ax2,29,236.70761108398438,17,secondary
RHJC_ax2,30,236.64946746826172,17,secondary
RHJC_ax2,31,236.66548919677734,17,secondary
RHJC_ax2,32,236.73761749267578,17,secondary
RHJC_ax2,33,236.67010498046875,17,secondary
RHJC_ax2,34,236.14618682861328,17,secondary
RHJC_ax2,35,235.7009048461914,17,secondary
RHJC_ax2,36,235.5087661743164,17,secondary
RHJC_ax2,37,235.45221710205078,17,secondary
RHJC_ax2,38,235.3888168334961,17,secondary
RHJC_ax2,39,235.52655792236328,17,secondary
RHJC_ax2,40,235.94551849365234,17,secondary
RHJC_ax2,41,236.48601531982422,17,secondary
RHJC_ax2,42,237.06588745117188,17,secondary
RHJC_ax2,43,237.19556427001953,17,secondary
RHJC_ax2,44,237.2611312866211,17,secondary
RHJC_ax2,45,237.25867462158203,17,secondary
RHJC_ax2,46,237.1629867553711,17,secondary
RHJC_ax2,47,236.9923858642578,17,secondary
RHJC_ax2,48,236.79837799072266,17,secondary
RHJC_ax2,49,236.57598876953125,17,secondary
RHJC_ax2,50,236.30209350585938,17,secondary
RHJC_ax2,51,235.98345947265625,17,secondary
RHJC_ax2,52,235.64871215820312,17,secondary
RHJC_ax2,53,235.33309936523438,17,secondary
RHJC_ax2,54,235.0653305053711,17,secondary
RHJC_ax2,55,234.85491180419922,17,secondary
RHJC_ax2,56,234.69300842285156,17,secondary
RHJC_ax2,57,234.5707550048828,17,secondary
RHJC_ax2,58,234.0233612060547,17,secondary
RHJC_ax2,59,231.46511840820312,17,secondary
RHJC_ax2,60,228.47484588623047,17,secondary
RHJC_ax2,61,225.09176635742188,17,secondary
RHJC_ax2,62,224.40361785888672,17,secondary
RHJC_ax2,63,224.07701873779297,17,secondary
RHJC_ax2,64,221.44644165039062,17,secondary
RHJC_ax2,65,219.02481079101562,17,secondary
RHJC_ax2,66,218.0109100341797,17,secondary
RHJC_ax2,67,218.0594940185547,17,secondary
RHJC_ax2,68,218.1342544555664,17,secondary
RHJC_ax2,69,220.1827392578125,17,secondary
RHJC_ax2,70,221.23258209228516,17,secondary
RHJC_ax2,71,221.48772430419922,17,secondary
RHJC_ax2,72,221.72811889648438,17,secondary
RHJC_ax2,73,221.92318725585938,17,secondary
RHJC_ax2,74,222.05274963378906,17,secondary
RHJC_ax2,75,222.11100006103516,17,secondary
RHJC_ax2,76,222.1044464111328,17,secondary
RHJC_ax2,77,222.048095703125,17,secondary
RHJC_ax2,78,222.39092254638672,17,secondary
RHJC_ax2,79,222.85613250732422,17,secondary
RHJC_ax2,80,223.25027465820312,17,secondary
RHJC_ax2,81,223.56674194335938,17,secondary
RHJC_ax2,82,223.81410217285156,17,secondary
RHJC_ax2,83,224.00369262695312,17,secondary
RHJC_ax2,84,224.14946746826172,17,secondary
RHJC_ax2,85,224.26626586914062,17,secondary
RHJC_ax2,86,224.36859893798828,17,secondary
RHJC_ax2,87,224.47075653076172,17,secondary
RHJC_ax2,88,224.58688354492188,17,secondary
RHJC_ax2,89,223.9955062866211,17,secondary
RHJC_ax2,90,223.3336181640625,17,secondary
RHJC_ax2,91,222.73798370361328,17,secondary
RHJC_ax2,92,222.21131896972656,17,secondary
RHJC_ax2,93,221.7160415649414,17,secondary
RHJC_ax2,94,221.24921417236328,17,secondary
RHJC_ax2,95,220.8515167236328,17,secondary
RHJC_ax2,96,221.50138092041016,17,secondary
RHJC_ax2,97,221.51272583007812,17,secondary
RHJC_ax2,98,221.23241424560547,17,secondary
RHJC_ax2,99,220.95289611816406,17,secondary
RHJC_ax2,100,221.9933319091797,17,secondary
RHJC_ax3,0,829.0979614257812,17,secondary
RHJC_ax3,1,827.1199951171875,17,secondary
RHJC_ax3,2,825.4600219726562,17,secondary
RHJC_ax3,3,823.9405517578125,17,secondary
RHJC_ax3,4,823.2151489257812,17,secondary
RHJC_ax3,5,822.9113159179688,17,secondary
RHJC_ax3,6,821.5536499023438,17,secondary
RHJC_ax3,7,820.8193359375,17,secondary
RHJC_ax3,8,820.4208984375,17,secondary
RHJC_ax3,9,820.2499389648438,17,secondary
RHJC_ax3,10,820.5218505859375,17,secondary
RHJC_ax3,11,821.1292114257812,17,secondary
RHJC_ax3,12,822.0645751953125,17,secondary
RHJC_ax3,13,823.040771484375,17,secondary
RHJC_ax3,14,824.2382202148438,17,secondary
RHJC_ax3,15,825.1622924804688,17,secondary
RHJC_ax3,16,826.2072143554688,17,secondary
RHJC_ax3,17,827.7364501953125,17,secondary
RHJC_ax3,18,830.2037353515625,17,secondary
RHJC_ax3,19,832.56396484375,17,secondary
RHJC_ax3,20,833.9666137695312,17,secondary
RHJC_ax3,21,834.9105834960938,17,secondary
RHJC_ax3,22,837.2281494140625,17,secondary
RHJC_ax3,23,839.6365661621094,17,secondary
RHJC_ax3,24,842.514404296875,17,secondary
RHJC_ax3,25,845.4502563476562,17,secondary
RHJC_ax3,26,847.9678955078125,17,secondary
RHJC_ax3,27,850.0671081542969,17,secondary
RHJC_ax3,28,851.7706909179688,17,secondary
RHJC_ax3,29,853.5435791015625,17,secondary
RHJC_ax3,30,854.7762451171875,17,secondary
RHJC_ax3,31,855.4582824707031,17,secondary
RHJC_ax3,32,855.7763366699219,17,secondary
RHJC_ax3,33,855.9076538085938,17,secondary
RHJC_ax3,34,855.7417297363281,17,secondary
RHJC_ax3,35,855.5693664550781,17,secondary
RHJC_ax3,36,855.0299377441406,17,secondary
RHJC_ax3,37,853.8077697753906,17,secondary
RHJC_ax3,38,852.2770690917969,17,secondary
RHJC_ax3,39,850.4537048339844,17,secondary
RHJC_ax3,40,848.4806213378906,17,secondary
RHJC_ax3,41,846.256591796875,17,secondary
RHJC_ax3,42,843.8605041503906,17,secondary
RHJC_ax3,43,841.6987609863281,17,secondary
RHJC_ax3,44,839.4852294921875,17,secondary
RHJC_ax3,45,837.235595703125,17,secondary
RHJC_ax3,46,835.142822265625,17,secondary
RHJC_ax3,47,832.490234375,17,secondary
RHJC_ax3,48,830.0667114257812,17,secondary
RHJC_ax3,49,827.697265625,17,secondary
RHJC_ax3,50,825.4429931640625,17,secondary
RHJC_ax3,51,823.3217163085938,17,secondary
RHJC_ax3,52,821.6890258789062,17,secondary
RHJC_ax3,53,820.527099609375,17,secondary
RHJC_ax3,54,819.632568359375,17,secondary
RHJC_ax3,55,818.8413696289062,17,secondary
RHJC_ax3,56,818.2581176757812,17,secondary
RHJC_ax3,57,818.2588500976562,17,secondary
RHJC_ax3,58,818.2774658203125,17,secondary
RHJC_ax3,59,818.6219482421875,17,secondary
RHJC_ax3,60,819.3335571289062,17,secondary
RHJC_ax3,61,819.4141235351562,17,secondary
RHJC_ax3,62,820.9976806640625,17,secondary
RHJC_ax3,63,822.9979858398438,17,secondary
RHJC_ax3,64,823.6463012695312,17,secondary
RHJC_ax3,65,825.0826416015625,17,secondary
RHJC_ax3,66,826.7332763671875,17,secondary
RHJC_ax3,67,827.5394287109375,17,secondary
RHJC_ax3,68,829.5703125,17,secondary
RHJC_ax3,69,831.1554870605469,17,secondary
RHJC_ax3,70,833.3172607421875,17,secondary
RHJC_ax3,71,835.7526550292969,17,secondary
RHJC_ax3,72,838.2255249023438,17,secondary
RHJC_ax3,73,840.3641967773438,17,secondary
RHJC_ax3,74,841.8759155273438,17,secondary
RHJC_ax3,75,843.2662963867188,17,secondary
RHJC_ax3,76,844.8859252929688,17,secondary
RHJC_ax3,77,846.6505737304688,17,secondary
RHJC_ax3,78,848.982666015625,17,secondary
RHJC_ax3,79,850.6451416015625,17,secondary
RHJC_ax3,80,851.9715270996094,17,secondary
RHJC_ax3,81,853.7889404296875,17,secondary
RHJC_ax3,82,854.3337707519531,17,secondary
RHJC_ax3,83,854.6371765136719,17,secondary
RHJC_ax3,84,854.327392578125,17,secondary
RHJC_ax3,85,853.4665832519531,17,secondary
RHJC_ax3,86,852.4092407226562,17,secondary
RHJC_ax3,87,851.1487731933594,17,secondary
RHJC_ax3,88,849.6103820800781,17,secondary
RHJC_ax3,89,847.96728515625,17,secondary
RHJC_ax3,90,846.1548461914062,17,secondary
RHJC_ax3,91,843.9625244140625,17,secondary
RHJC_ax3,92,841.7059326171875,17,secondary
RHJC_ax3,93,839.3052368164062,17,secondary
RHJC_ax3,94,836.681640625,17,secondary
RHJC_ax3,95,834.2020263671875,17,secondary
RHJC_ax3,96,831.8328857421875,17,secondary
RHJC_ax3,97,829.2205810546875,17,secondary
RHJC_ax3,98,826.8098754882812,17,secondary
RHJC_ax3,99,824.585693359375,17,secondary
RHJC_ax3,100,822.5344848632812,17,secondary
LHipAngles_ax1,0,13.350935935974121,17,primary
LHipAngles_ax1,1,12.69776725769043,17,primary
LHipAngles_ax1,2,12.105225563049316,17,primary
LHipAngles_ax1,3,11.55202865600586,17,primary
LHipAngles_ax1,4,11.068892478942871,17,primary
LHipAngles_ax1,5,10.715776443481445,17,primary
LHipAngles_ax1,6,10.538753509521484,17,primary
LHipAngles_ax1,7,10.55646800994873,17,primary
LHipAngles_ax1,8,10.781474113464355,17,primary
LHipAngles_ax1,9,11.2432861328125,17,primary
LHipAngles_ax1,10,11.945398330688477,17,primary
LHipAngles_ax1,11,12.941500663757324,17,primary
LHipAngles_ax1,12,14.468687057495117,17,primary
LHipAngles_ax1,13,15.909215927124023,17,primary
LHipAngles_ax1,14,17.393367767333984,17,primary
LHipAngles_ax1,15,18.998960494995117,17,primary
LHipAngles_ax1,16,20.523953437805176,17,primary
LHipAngles_ax1,17,20.95028018951416,17,primary
LHipAngles_ax1,18,21.330239295959473,17,primary
LHipAngles_ax1,19,22.288158416748047,17,primary
LHipAngles_ax1,20,24.343158721923828,17,primary
LHipAngles_ax1,21,23.20159149169922,17,primary
LHipAngles_ax1,22,25.635099411010742,17,primary
LHipAngles_ax1,23,26.344660758972168,17,primary
LHipAngles_ax1,24,26.460769653320312,17,primary
LHipAngles_ax1,25,26.58144760131836,17,primary
LHipAngles_ax1,26,26.514371871948242,17,primary
LHipAngles_ax1,27,26.696066856384277,17,primary
LHipAngles_ax1,28,27.441740036010742,17,primary
LHipAngles_ax1,29,28.92416763305664,17,primary
LHipAngles_ax1,30,30.210220336914062,17,primary
LHipAngles_ax1,31,31.482524871826172,17,primary
LHipAngles_ax1,32,31.169864654541016,17,primary
LHipAngles_ax1,33,31.5031681060791,17,primary
LHipAngles_ax1,34,32.3716926574707,17,primary
LHipAngles_ax1,35,33.06723403930664,17,primary
LHipAngles_ax1,36,33.586116790771484,17,primary
LHipAngles_ax1,37,33.92713928222656,17,primary
LHipAngles_ax1,38,34.11421585083008,17,primary
LHipAngles_ax1,39,34.16239547729492,17,primary
LHipAngles_ax1,40,34.090755462646484,17,primary
LHipAngles_ax1,41,33.92168045043945,17,primary
LHipAngles_ax1,42,33.6788330078125,17,primary
LHipAngles_ax1,43,33.384071350097656,17,primary
LHipAngles_ax1,44,33.054954528808594,17,primary
LHipAngles_ax1,45,32.708984375,17,primary
LHipAngles_ax1,46,32.35747146606445,17,primary
LHipAngles_ax1,47,32.013145446777344,17,primary
LHipAngles_ax1,48,31.69109535217285,17,primary
LHipAngles_ax1,49,31.407024383544922,17,primary
LHipAngles_ax1,50,31.173614501953125,17,primary
LHipAngles_ax1,51,31.00368309020996,17,primary
LHipAngles_ax1,52,30.888751983642578,17,primary
LHipAngles_ax1,53,30.820125579833984,17,primary
LHipAngles_ax1,54,30.785472869873047,17,primary
LHipAngles_ax1,55,30.770572662353516,17,primary
LHipAngles_ax1,56,30.759572982788086,17,primary
LHipAngles_ax1,57,30.733680725097656,17,primary
LHipAngles_ax1,58,30.63599967956543,17,primary
LHipAngles_ax1,59,30.520877838134766,17,primary
LHipAngles_ax1,60,30.247034072875977,17,primary
LHipAngles_ax1,61,29.799259185791016,17,primary
LHipAngles_ax1,62,29.24173069000244,17,primary
LHipAngles_ax1,63,28.58428955078125,17,primary
LHipAngles_ax1,64,27.850565910339355,17,primary
LHipAngles_ax1,65,27.068317413330078,17,primary
LHipAngles_ax1,66,26.26159954071045,17,primary
LHipAngles_ax1,67,25.446504592895508,17,primary
LHipAngles_ax1,68,24.720056533813477,17,primary
LHipAngles_ax1,69,23.81416893005371,17,primary
LHipAngles_ax1,70,24.69602870941162,17,primary
LHipAngles_ax1,71,26.037479400634766,17,primary
LHipAngles_ax1,72,25.403671264648438,17,primary
LHipAngles_ax1,73,25.445451736450195,17,primary
LHipAngles_ax1,74,26.003649711608887,17,primary
LHipAngles_ax1,75,26.50609016418457,17,primary
LHipAngles_ax1,76,26.673295974731445,17,primary
LHipAngles_ax1,77,28.79458999633789,17,primary
LHipAngles_ax1,78,30.42000389099121,17,primary
LHipAngles_ax1,79,31.21431541442871,17,primary
LHipAngles_ax1,80,29.985843658447266,17,primary
LHipAngles_ax1,81,29.53912925720215,17,primary
LHipAngles_ax1,82,28.206647872924805,17,primary
LHipAngles_ax1,83,26.851356506347656,17,primary
LHipAngles_ax1,84,25.484281539916992,17,primary
LHipAngles_ax1,85,25.14814853668213,17,primary
LHipAngles_ax1,86,24.51771354675293,17,primary
LHipAngles_ax1,87,23.356103897094727,17,primary
LHipAngles_ax1,88,22.339628219604492,17,primary
LHipAngles_ax1,89,21.46466827392578,17,primary
LHipAngles_ax1,90,20.70121955871582,17,primary
LHipAngles_ax1,91,20.278383255004883,17,primary
LHipAngles_ax1,92,19.47000503540039,17,primary
LHipAngles_ax1,93,18.779666900634766,17,primary
LHipAngles_ax1,94,18.04568099975586,17,primary
LHipAngles_ax1,95,17.247241973876953,17,primary
LHipAngles_ax1,96,16.46238136291504,17,primary
LHipAngles_ax1,97,15.680301666259766,17,primary
LHipAngles_ax1,98,14.873300552368164,17,primary
LHipAngles_ax1,99,14.09341812133789,17,primary
LHipAngles_ax1,100,13.350935935974121,17,primary
LHipAngles_ax2,0,1.0775015354156494,17,secondary
LHipAngles_ax2,1,1.0913177728652954,17,secondary
LHipAngles_ax2,2,0.9066565632820129,17,secondary
LHipAngles_ax2,3,1.567220389842987,17,secondary
LHipAngles_ax2,4,1.9343976378440857,17,secondary
LHipAngles_ax2,5,1.9527270793914795,17,secondary
LHipAngles_ax2,6,1.657776653766632,17,secondary
LHipAngles_ax2,7,1.3844369053840637,17,secondary
LHipAngles_ax2,8,1.1167998909950256,17,secondary
LHipAngles_ax2,9,1.0608830749988556,17,secondary
LHipAngles_ax2,10,1.5470265746116638,17,secondary
LHipAngles_ax2,11,1.962007999420166,17,secondary
LHipAngles_ax2,12,1.6791094541549683,17,secondary
LHipAngles_ax2,13,0.5560293793678284,17,secondary
LHipAngles_ax2,14,1.32837975025177,17,secondary
LHipAngles_ax2,15,0.6362544298171997,17,secondary
LHipAngles_ax2,16,-0.07384192943572998,17,secondary
LHipAngles_ax2,17,-0.7593358159065247,17,secondary
LHipAngles_ax2,18,-1.0302950143814087,17,secondary
LHipAngles_ax2,19,-0.8836151361465454,17,secondary
LHipAngles_ax2,20,-0.7657966017723083,17,secondary
LHipAngles_ax2,21,-0.6897448897361755,17,secondary
LHipAngles_ax2,22,-0.6475530862808228,17,secondary
LHipAngles_ax2,23,-0.2320946902036667,17,secondary
LHipAngles_ax2,24,0.2752820551395416,17,secondary
LHipAngles_ax2,25,1.038504958152771,17,secondary
LHipAngles_ax2,26,0.9810249507427216,17,secondary
LHipAngles_ax2,27,1.6434986591339111,17,secondary
LHipAngles_ax2,28,2.526254892349243,17,secondary
LHipAngles_ax2,29,3.2798357009887695,17,secondary
LHipAngles_ax2,30,3.929431676864624,17,secondary
LHipAngles_ax2,31,4.282279014587402,17,secondary
LHipAngles_ax2,32,4.461534023284912,17,secondary
LHipAngles_ax2,33,4.539699554443359,17,secondary
LHipAngles_ax2,34,4.602024793624878,17,secondary
LHipAngles_ax2,35,4.73865008354187,17,secondary
LHipAngles_ax2,36,4.824696779251099,17,secondary
LHipAngles_ax2,37,4.849675297737122,17,secondary
LHipAngles_ax2,38,4.848130941390991,17,secondary
LHipAngles_ax2,39,4.774095296859741,17,secondary
LHipAngles_ax2,40,4.619973421096802,17,secondary
LHipAngles_ax2,41,4.475188255310059,17,secondary
LHipAngles_ax2,42,4.324009418487549,17,secondary
LHipAngles_ax2,43,4.148174405097961,17,secondary
LHipAngles_ax2,44,4.013171076774597,17,secondary
LHipAngles_ax2,45,3.990092635154724,17,secondary
LHipAngles_ax2,46,4.035173296928406,17,secondary
LHipAngles_ax2,47,4.1082905530929565,17,secondary
LHipAngles_ax2,48,3.868255615234375,17,secondary
LHipAngles_ax2,49,3.5214861631393433,17,secondary
LHipAngles_ax2,50,3.1818677186965942,17,secondary
LHipAngles_ax2,51,3.086299777030945,17,secondary
LHipAngles_ax2,52,2.652839422225952,17,secondary
LHipAngles_ax2,53,2.38119375705719,17,secondary
LHipAngles_ax2,54,1.9848912954330444,17,secondary
LHipAngles_ax2,55,1.5928491950035095,17,secondary
LHipAngles_ax2,56,1.1490554809570312,17,secondary
LHipAngles_ax2,57,0.7643883228302002,17,secondary
LHipAngles_ax2,58,0.49479666352272034,17,secondary
LHipAngles_ax2,59,0.6288474202156067,17,secondary
LHipAngles_ax2,60,1.0501916408538818,17,secondary
LHipAngles_ax2,61,1.0482615232467651,17,secondary
LHipAngles_ax2,62,0.8073113560676575,17,secondary
LHipAngles_ax2,63,1.4873282350599766,17,secondary
LHipAngles_ax2,64,1.7486010789871216,17,secondary
LHipAngles_ax2,65,2.058023691177368,17,secondary
LHipAngles_ax2,66,2.646975040435791,17,secondary
LHipAngles_ax2,67,2.848886251449585,17,secondary
LHipAngles_ax2,68,2.9710891246795654,17,secondary
LHipAngles_ax2,69,3.5656819343566895,17,secondary
LHipAngles_ax2,70,3.526587128639221,17,secondary
LHipAngles_ax2,71,3.3776549100875854,17,secondary
LHipAngles_ax2,72,3.1896899938583374,17,secondary
LHipAngles_ax2,73,2.972538948059082,17,secondary
LHipAngles_ax2,74,2.751330852508545,17,secondary
LHipAngles_ax2,75,2.630726933479309,17,secondary
LHipAngles_ax2,76,2.7375776767730713,17,secondary
LHipAngles_ax2,77,2.864269256591797,17,secondary
LHipAngles_ax2,78,2.6321136951446533,17,secondary
LHipAngles_ax2,79,2.4308676719665527,17,secondary
LHipAngles_ax2,80,2.273203134536743,17,secondary
LHipAngles_ax2,81,2.169640302658081,17,secondary
LHipAngles_ax2,82,2.0459518432617188,17,secondary
LHipAngles_ax2,83,1.8919142484664917,17,secondary
LHipAngles_ax2,84,1.749757170677185,17,secondary
LHipAngles_ax2,85,1.6096856594085693,17,secondary
LHipAngles_ax2,86,1.4803749322891235,17,secondary
LHipAngles_ax2,87,1.6291842460632324,17,secondary
LHipAngles_ax2,88,1.790309190750122,17,secondary
LHipAngles_ax2,89,1.8738096952438354,17,secondary
LHipAngles_ax2,90,1.7695229053497314,17,secondary
LHipAngles_ax2,91,1.678006887435913,17,secondary
LHipAngles_ax2,92,1.5991166830062866,17,secondary
LHipAngles_ax2,93,1.7125707864761353,17,secondary
LHipAngles_ax2,94,1.9584522247314453,17,secondary
LHipAngles_ax2,95,2.2467139959335327,17,secondary
LHipAngles_ax2,96,2.255115270614624,17,secondary
LHipAngles_ax2,97,2.130188465118408,17,secondary
LHipAngles_ax2,98,2.098778247833252,17,secondary
LHipAngles_ax2,99,2.025664806365967,17,secondary
LHipAngles_ax2,100,1.7231321930885315,17,secondary
LHipAngles_ax3,0,-10.373583793640137,17,secondary
LHipAngles_ax3,1,-11.01132583618164,17,secondary
LHipAngles_ax3,2,-11.415709495544434,17,secondary
LHipAngles_ax3,3,-11.191460609436035,17,secondary
LHipAngles_ax3,4,-10.837159156799316,17,secondary
LHipAngles_ax3,5,-10.284496307373047,17,secondary
LHipAngles_ax3,6,-10.07390022277832,17,secondary
LHipAngles_ax3,7,-9.629517555236816,17,secondary
LHipAngles_ax3,8,-9.629494667053223,17,secondary
LHipAngles_ax3,9,-9.137531280517578,17,secondary
LHipAngles_ax3,10,-8.52839183807373,17,secondary
LHipAngles_ax3,11,-7.817800045013428,17,secondary
LHipAngles_ax3,12,-6.846861362457275,17,secondary
LHipAngles_ax3,13,-6.1141157150268555,17,secondary
LHipAngles_ax3,14,-4.014610528945923,17,secondary
LHipAngles_ax3,15,-3.9117237329483032,17,secondary
LHipAngles_ax3,16,-3.662748336791992,17,secondary
LHipAngles_ax3,17,-3.2122411727905273,17,secondary
LHipAngles_ax3,18,-3.089094638824463,17,secondary
LHipAngles_ax3,19,-3.0821518898010254,17,secondary
LHipAngles_ax3,20,-3.4055821895599365,17,secondary
LHipAngles_ax3,21,-4.1052069664001465,17,secondary
LHipAngles_ax3,22,-4.834555149078369,17,secondary
LHipAngles_ax3,23,-5.541406154632568,17,secondary
LHipAngles_ax3,24,-4.9294114112854,17,secondary
LHipAngles_ax3,25,-4.048736810684204,17,secondary
LHipAngles_ax3,26,-4.068242192268372,17,secondary
LHipAngles_ax3,27,-3.6866151094436646,17,secondary
LHipAngles_ax3,28,-4.445872783660889,17,secondary
LHipAngles_ax3,29,-5.300869464874268,17,secondary
LHipAngles_ax3,30,-5.453403949737549,17,secondary
LHipAngles_ax3,31,-5.746042251586914,17,secondary
LHipAngles_ax3,32,-5.234481334686279,17,secondary
LHipAngles_ax3,33,-3.9007694721221924,17,secondary
LHipAngles_ax3,34,-2.685840606689453,17,secondary
LHipAngles_ax3,35,-1.2979463338851929,17,secondary
LHipAngles_ax3,36,0.006734701804816723,17,secondary
LHipAngles_ax3,37,0.7554978728294373,17,secondary
LHipAngles_ax3,38,0.534591019153595,17,secondary
LHipAngles_ax3,39,0.6639435887336731,17,secondary
LHipAngles_ax3,40,1.1117364168167114,17,secondary
LHipAngles_ax3,41,1.1433593034744263,17,secondary
LHipAngles_ax3,42,1.2659271955490112,17,secondary
LHipAngles_ax3,43,0.2821577489376068,17,secondary
LHipAngles_ax3,44,-0.9310460686683655,17,secondary
LHipAngles_ax3,45,-2.5039448738098145,17,secondary
LHipAngles_ax3,46,-4.485402584075928,17,secondary
LHipAngles_ax3,47,-6.834089279174805,17,secondary
LHipAngles_ax3,48,-8.767033576965332,17,secondary
LHipAngles_ax3,49,-9.118864059448242,17,secondary
LHipAngles_ax3,50,-10.453865051269531,17,secondary
LHipAngles_ax3,51,-10.228132247924805,17,secondary
LHipAngles_ax3,52,-9.64886474609375,17,secondary
LHipAngles_ax3,53,-9.794048309326172,17,secondary
LHipAngles_ax3,54,-9.954038619995117,17,secondary
LHipAngles_ax3,55,-10.146220207214355,17,secondary
LHipAngles_ax3,56,-9.942726135253906,17,secondary
LHipAngles_ax3,57,-8.782611846923828,17,secondary
LHipAngles_ax3,58,-7.4712700843811035,17,secondary
LHipAngles_ax3,59,-6.207313537597656,17,secondary
LHipAngles_ax3,60,-5.105686664581299,17,secondary
LHipAngles_ax3,61,-4.775774002075195,17,secondary
LHipAngles_ax3,62,-4.954110145568848,17,secondary
LHipAngles_ax3,63,-5.594625949859619,17,secondary
LHipAngles_ax3,64,-4.876543998718262,17,secondary
LHipAngles_ax3,65,-4.389481544494629,17,secondary
LHipAngles_ax3,66,-3.736933469772339,17,secondary
LHipAngles_ax3,67,-3.2309913635253906,17,secondary
LHipAngles_ax3,68,-2.8798346519470215,17,secondary
LHipAngles_ax3,69,-2.746105194091797,17,secondary
LHipAngles_ax3,70,-3.015624523162842,17,secondary
LHipAngles_ax3,71,-3.8419365882873535,17,secondary
LHipAngles_ax3,72,-4.474710464477539,17,secondary
LHipAngles_ax3,73,-4.028218984603882,17,secondary
LHipAngles_ax3,74,-2.72735595703125,17,secondary
LHipAngles_ax3,75,-2.387622654438019,17,secondary
LHipAngles_ax3,76,-2.798956871032715,17,secondary
LHipAngles_ax3,77,-3.769680142402649,17,secondary
LHipAngles_ax3,78,-4.512184381484985,17,secondary
LHipAngles_ax3,79,-3.8144495487213135,17,secondary
LHipAngles_ax3,80,-4.039103865623474,17,secondary
LHipAngles_ax3,81,-4.136849641799927,17,secondary
LHipAngles_ax3,82,-4.23540723323822,17,secondary
LHipAngles_ax3,83,-3.559136390686035,17,secondary
LHipAngles_ax3,84,-2.5534355640411377,17,secondary
LHipAngles_ax3,85,-1.4775362610816956,17,secondary
LHipAngles_ax3,86,-1.02591073513031,17,secondary
LHipAngles_ax3,87,-2.1167458295822144,17,secondary
LHipAngles_ax3,88,-2.040629804134369,17,secondary
LHipAngles_ax3,89,-2.627487897872925,17,secondary
LHipAngles_ax3,90,-2.12812340259552,17,secondary
LHipAngles_ax3,91,-1.596817523241043,17,secondary
LHipAngles_ax3,92,-2.4160090684890747,17,secondary
LHipAngles_ax3,93,-4.998340845108032,17,secondary
LHipAngles_ax3,94,-7.390679836273193,17,secondary
LHipAngles_ax3,95,-7.874834060668945,17,secondary
LHipAngles_ax3,96,-8.258400917053223,17,secondary
LHipAngles_ax3,97,-8.703362464904785,17,secondary
LHipAngles_ax3,98,-9.112311363220215,17,secondary
LHipAngles_ax3,99,-9.94714641571045,17,secondary
LHipAngles_ax3,100,-10.995471954345703,17,secondary
RHipAngles_ax1,0,33.36411666870117,17,primary
RHipAngles_ax1,1,33.0663948059082,17,primary
RHipAngles_ax1,2,32.776023864746094,17,primary
RHipAngles_ax1,3,32.491355895996094,17,primary
RHipAngles_ax1,4,32.21425247192383,17,primary
RHipAngles_ax1,5,31.9495906829834,17,primary
RHipAngles_ax1,6,31.701885223388672,17,primary
RHipAngles_ax1,7,31.469764709472656,17,primary
RHipAngles_ax1,8,31.239042282104492,17,primary
RHipAngles_ax1,9,30.980207443237305,17,primary
RHipAngles_ax1,10,30.659069061279297,17,primary
RHipAngles_ax1,11,30.244590759277344,17,primary
RHipAngles_ax1,12,29.718599319458008,17,primary
RHipAngles_ax1,13,29.081039428710938,17,primary
RHipAngles_ax1,14,28.347984313964844,17,primary
RHipAngles_ax1,15,27.539812088012695,17,primary
RHipAngles_ax1,16,27.871265411376953,17,primary
RHipAngles_ax1,17,29.535524368286133,17,primary
RHipAngles_ax1,18,28.842656135559082,17,primary
RHipAngles_ax1,19,27.797977447509766,17,primary
RHipAngles_ax1,20,26.722896575927734,17,primary
RHipAngles_ax1,21,27.526973724365234,17,primary
RHipAngles_ax1,22,27.068188667297363,17,primary
RHipAngles_ax1,23,28.123279571533203,17,primary
RHipAngles_ax1,24,28.298151969909668,17,primary
RHipAngles_ax1,25,28.403145790100098,17,primary
RHipAngles_ax1,26,27.662370681762695,17,primary
RHipAngles_ax1,27,29.011383056640625,17,primary
RHipAngles_ax1,28,30.5692720413208,17,primary
RHipAngles_ax1,29,31.089128494262695,17,primary
RHipAngles_ax1,30,29.826351165771484,17,primary
RHipAngles_ax1,31,28.832128524780273,17,primary
RHipAngles_ax1,32,29.653372764587402,17,primary
RHipAngles_ax1,33,28.29060935974121,17,primary
RHipAngles_ax1,34,26.78240203857422,17,primary
RHipAngles_ax1,35,25.535581588745117,17,primary
RHipAngles_ax1,36,24.775150299072266,17,primary
RHipAngles_ax1,37,23.987783432006836,17,primary
RHipAngles_ax1,38,23.098289489746094,17,primary
RHipAngles_ax1,39,22.140422821044922,17,primary
RHipAngles_ax1,40,21.09489631652832,17,primary
RHipAngles_ax1,41,20.01342010498047,17,primary
RHipAngles_ax1,42,19.430035412311554,17,primary
RHipAngles_ax1,43,18.9291914999485,17,primary
RHipAngles_ax1,44,18.404656559228897,17,primary
RHipAngles_ax1,45,17.866209149360657,17,primary
RHipAngles_ax1,46,17.255462646484375,17,primary
RHipAngles_ax1,47,16.515108704566956,17,primary
RHipAngles_ax1,48,15.806187391281128,17,primary
RHipAngles_ax1,49,15.147372245788574,17,primary
RHipAngles_ax1,50,14.555508375167847,17,primary
RHipAngles_ax1,51,14.053073644638062,17,primary
RHipAngles_ax1,52,13.683706045150757,17,primary
RHipAngles_ax1,53,13.516190528869629,17,primary
RHipAngles_ax1,54,13.456235885620117,17,primary
RHipAngles_ax1,55,13.500576734542847,17,primary
RHipAngles_ax1,56,13.437716484069824,17,primary
RHipAngles_ax1,57,13.205409049987793,17,primary
RHipAngles_ax1,58,13.00430679321289,17,primary
RHipAngles_ax1,59,12.978898048400879,17,primary
RHipAngles_ax1,60,13.427639961242676,17,primary
RHipAngles_ax1,61,14.493556022644043,17,primary
RHipAngles_ax1,62,15.236052930355072,17,primary
RHipAngles_ax1,63,15.715572357177734,17,primary
RHipAngles_ax1,64,16.750131607055664,17,primary
RHipAngles_ax1,65,17.907001495361328,17,primary
RHipAngles_ax1,66,19.177757263183594,17,primary
RHipAngles_ax1,67,20.81035804748535,17,primary
RHipAngles_ax1,68,22.824514389038086,17,primary
RHipAngles_ax1,69,24.95349884033203,17,primary
RHipAngles_ax1,70,26.58031463623047,17,primary
RHipAngles_ax1,71,26.487772941589355,17,primary
RHipAngles_ax1,72,26.089299201965332,17,primary
RHipAngles_ax1,73,27.249040603637695,17,primary
RHipAngles_ax1,74,28.315678596496582,17,primary
RHipAngles_ax1,75,28.996976852416992,17,primary
RHipAngles_ax1,76,29.77184772491455,17,primary
RHipAngles_ax1,77,31.135316848754883,17,primary
RHipAngles_ax1,78,32.62756538391113,17,primary
RHipAngles_ax1,79,33.28669738769531,17,primary
RHipAngles_ax1,80,32.26332473754883,17,primary
RHipAngles_ax1,81,33.99466323852539,17,primary
RHipAngles_ax1,82,33.51067352294922,17,primary
RHipAngles_ax1,83,32.61727523803711,17,primary
RHipAngles_ax1,84,31.81328773498535,17,primary
RHipAngles_ax1,85,32.54530334472656,17,primary
RHipAngles_ax1,86,33.058448791503906,17,primary
RHipAngles_ax1,87,33.35789108276367,17,primary
RHipAngles_ax1,88,33.48297119140625,17,primary
RHipAngles_ax1,89,33.463348388671875,17,primary
RHipAngles_ax1,90,33.33290100097656,17,primary
RHipAngles_ax1,91,33.125877380371094,17,primary
RHipAngles_ax1,92,32.87247848510742,17,primary
RHipAngles_ax1,93,32.594024658203125,17,primary
RHipAngles_ax1,94,32.29960250854492,17,primary
RHipAngles_ax1,95,31.991262435913086,17,primary
RHipAngles_ax1,96,31.668304443359375,17,primary
RHipAngles_ax1,97,31.33445930480957,17,primary
RHipAngles_ax1,98,30.998441696166992,17,primary
RHipAngles_ax1,99,30.671245574951172,17,primary
RHipAngles_ax1,100,30.362693786621094,17,primary
RHipAngles_ax2,0,0.6205467581748962,17,secondary
RHipAngles_ax2,1,0.7658872008323669,17,secondary
RHipAngles_ax2,2,1.0268659591674805,17,secondary
RHipAngles_ax2,3,1.0085961818695068,17,secondary
RHipAngles_ax2,4,0.9756143689155579,17,secondary
RHipAngles_ax2,5,0.7099864482879639,17,secondary
RHipAngles_ax2,6,1.1217880845069885,17,secondary
RHipAngles_ax2,7,0.7958343923091888,17,secondary
RHipAngles_ax2,8,0.9299032092094421,17,secondary
RHipAngles_ax2,9,0.9646449238061905,17,secondary
RHipAngles_ax2,10,1.0911250114440918,17,secondary
RHipAngles_ax2,11,1.0403605997562408,17,secondary
RHipAngles_ax2,12,1.6350643634796143,17,secondary
RHipAngles_ax2,13,1.8864880204200745,17,secondary
RHipAngles_ax2,14,2.707018733024597,17,secondary
RHipAngles_ax2,15,3.416772484779358,17,secondary
RHipAngles_ax2,16,3.965901494026184,17,secondary
RHipAngles_ax2,17,4.373610496520996,17,secondary
RHipAngles_ax2,18,5.275040626525879,17,secondary
RHipAngles_ax2,19,5.667078256607056,17,secondary
RHipAngles_ax2,20,5.543856859207153,17,secondary
RHipAngles_ax2,21,5.4164716601371765,17,secondary
RHipAngles_ax2,22,5.253304719924927,17,secondary
RHipAngles_ax2,23,4.99885518848896,17,secondary
RHipAngles_ax2,24,4.666533641517162,17,secondary
RHipAngles_ax2,25,4.375306397676468,17,secondary
RHipAngles_ax2,26,4.124597072601318,17,secondary
RHipAngles_ax2,27,3.6878209114074707,17,secondary
RHipAngles_ax2,28,3.370144844055176,17,secondary
RHipAngles_ax2,29,3.203192949295044,17,secondary
RHipAngles_ax2,30,3.1740148067474365,17,secondary
RHipAngles_ax2,31,3.2233145236968994,17,secondary
RHipAngles_ax2,32,3.205627918243408,17,secondary
RHipAngles_ax2,33,3.0871872901916504,17,secondary
RHipAngles_ax2,34,3.009052276611328,17,secondary
RHipAngles_ax2,35,2.7398343086242676,17,secondary
RHipAngles_ax2,36,2.6989989280700684,17,secondary
RHipAngles_ax2,37,2.4347169399261475,17,secondary
RHipAngles_ax2,38,2.2676565647125244,17,secondary
RHipAngles_ax2,39,2.058483839035034,17,secondary
RHipAngles_ax2,40,2.02336049079895,17,secondary
RHipAngles_ax2,41,1.9127751588821411,17,secondary
RHipAngles_ax2,42,1.7033885717391968,17,secondary
RHipAngles_ax2,43,1.5636616945266724,17,secondary
RHipAngles_ax2,44,1.4171104431152344,17,secondary
RHipAngles_ax2,45,1.3033994436264038,17,secondary
RHipAngles_ax2,46,1.2574046850204468,17,secondary
RHipAngles_ax2,47,1.2021876573562622,17,secondary
RHipAngles_ax2,48,1.2572489976882935,17,secondary
RHipAngles_ax2,49,1.2242897748947144,17,secondary
RHipAngles_ax2,50,1.3715181350708008,17,secondary
RHipAngles_ax2,51,1.2893242835998535,17,secondary
RHipAngles_ax2,52,1.4042433500289917,17,secondary
RHipAngles_ax2,53,0.9470856189727783,17,secondary
RHipAngles_ax2,54,0.6284166574478149,17,secondary
RHipAngles_ax2,55,0.8032783269882202,17,secondary
RHipAngles_ax2,56,1.3355826139450073,17,secondary
RHipAngles_ax2,57,1.3119009733200073,17,secondary
RHipAngles_ax2,58,1.7858499884605408,17,secondary
RHipAngles_ax2,59,1.2220215797424316,17,secondary
RHipAngles_ax2,60,1.4177041053771973,17,secondary
RHipAngles_ax2,61,1.8457775115966797,17,secondary
RHipAngles_ax2,62,1.5490375757217407,17,secondary
RHipAngles_ax2,63,1.7217774987220764,17,secondary
RHipAngles_ax2,64,2.218954563140869,17,secondary
RHipAngles_ax2,65,1.5120214223861694,17,secondary
RHipAngles_ax2,66,0.8674023151397705,17,secondary
RHipAngles_ax2,67,0.7404413223266602,17,secondary
RHipAngles_ax2,68,0.8308583498001099,17,secondary
RHipAngles_ax2,69,0.9198261499404907,17,secondary
RHipAngles_ax2,70,1.003151774406433,17,secondary
RHipAngles_ax2,71,1.0825077295303345,17,secondary
RHipAngles_ax2,72,1.1583521366119385,17,secondary
RHipAngles_ax2,73,1.374833345413208,17,secondary
RHipAngles_ax2,74,1.5487933158874512,17,secondary
RHipAngles_ax2,75,1.67531019449234,17,secondary
RHipAngles_ax2,76,1.8254815340042114,17,secondary
RHipAngles_ax2,77,1.7823162376880646,17,secondary
RHipAngles_ax2,78,1.867100566625595,17,secondary
RHipAngles_ax2,79,2.0177719593048096,17,secondary
RHipAngles_ax2,80,2.5667147636413574,17,secondary
RHipAngles_ax2,81,3.042202949523926,17,secondary
RHipAngles_ax2,82,3.4293622970581055,17,secondary
RHipAngles_ax2,83,3.7099697589874268,17,secondary
RHipAngles_ax2,84,3.6751902103424072,17,secondary
RHipAngles_ax2,85,3.549726724624634,17,secondary
RHipAngles_ax2,86,3.439619779586792,17,secondary
RHipAngles_ax2,87,3.3588263988494873,17,secondary
RHipAngles_ax2,88,3.2939796447753906,17,secondary
RHipAngles_ax2,89,3.2120113372802734,17,secondary
RHipAngles_ax2,90,3.0829880237579346,17,secondary
RHipAngles_ax2,91,2.844522714614868,17,secondary
RHipAngles_ax2,92,2.584836006164551,17,secondary
RHipAngles_ax2,93,2.320455551147461,17,secondary
RHipAngles_ax2,94,2.118971347808838,17,secondary
RHipAngles_ax2,95,2.0506930351257324,17,secondary
RHipAngles_ax2,96,1.7329692840576172,17,secondary
RHipAngles_ax2,97,1.5665735006332397,17,secondary
RHipAngles_ax2,98,1.3800290822982788,17,secondary
RHipAngles_ax2,99,1.222792387008667,17,secondary
RHipAngles_ax2,100,1.1439309120178223,17,secondary
RHipAngles_ax3,0,-22.819536209106445,17,secondary
RHipAngles_ax3,1,-23.348835945129395,17,secondary
RHipAngles_ax3,2,-23.875383377075195,17,secondary
RHipAngles_ax3,3,-23.38222885131836,17,secondary
RHipAngles_ax3,4,-22.383041381835938,17,secondary
RHipAngles_ax3,5,-20.738697052001953,17,secondary
RHipAngles_ax3,6,-18.425375938415527,17,secondary
RHipAngles_ax3,7,-18.2128324508667,17,secondary
RHipAngles_ax3,8,-17.498672485351562,17,secondary
RHipAngles_ax3,9,-16.531421184539795,17,secondary
RHipAngles_ax3,10,-16.717392444610596,17,secondary
RHipAngles_ax3,11,-17.1647367477417,17,secondary
RHipAngles_ax3,12,-17.57308864593506,17,secondary
RHipAngles_ax3,13,-17.587376594543457,17,secondary
RHipAngles_ax3,14,-17.529064178466797,17,secondary
RHipAngles_ax3,15,-16.909170150756836,17,secondary
RHipAngles_ax3,16,-16.30889892578125,17,secondary
RHipAngles_ax3,17,-15.769615650177002,17,secondary
RHipAngles_ax3,18,-15.432136535644531,17,secondary
RHipAngles_ax3,19,-15.248816013336182,17,secondary
RHipAngles_ax3,20,-15.205172538757324,17,secondary
RHipAngles_ax3,21,-15.534714698791504,17,secondary
RHipAngles_ax3,22,-15.79239273071289,17,secondary
RHipAngles_ax3,23,-16.072325706481934,17,secondary
RHipAngles_ax3,24,-16.966327667236328,17,secondary
RHipAngles_ax3,25,-17.18510627746582,17,secondary
RHipAngles_ax3,26,-17.25088119506836,17,secondary
RHipAngles_ax3,27,-17.383920669555664,17,secondary
RHipAngles_ax3,28,-17.068506240844727,17,secondary
RHipAngles_ax3,29,-16.390087604522705,17,secondary
RHipAngles_ax3,30,-15.806396484375,17,secondary
RHipAngles_ax3,31,-15.41643476486206,17,secondary
RHipAngles_ax3,32,-15.077062129974365,17,secondary
RHipAngles_ax3,33,-14.806158542633057,17,secondary
RHipAngles_ax3,34,-14.607983112335205,17,secondary
RHipAngles_ax3,35,-14.477294445037842,17,secondary
RHipAngles_ax3,36,-14.344788074493408,17,secondary
RHipAngles_ax3,37,-14.16254997253418,17,secondary
RHipAngles_ax3,38,-14.25823450088501,17,secondary
RHipAngles_ax3,39,-14.475096702575684,17,secondary
RHipAngles_ax3,40,-14.546406269073486,17,secondary
RHipAngles_ax3,41,-15.08087158203125,17,secondary
RHipAngles_ax3,42,-16.019728660583496,17,secondary
RHipAngles_ax3,43,-16.99394130706787,17,secondary
RHipAngles_ax3,44,-17.904678344726562,17,secondary
RHipAngles_ax3,45,-18.648090362548828,17,secondary
RHipAngles_ax3,46,-19.819220542907715,17,secondary
RHipAngles_ax3,47,-20.925668716430664,17,secondary
RHipAngles_ax3,48,-21.13028335571289,17,secondary
RHipAngles_ax3,49,-21.28195095062256,17,secondary
RHipAngles_ax3,50,-21.40192699432373,17,secondary
RHipAngles_ax3,51,-21.51443862915039,17,secondary
RHipAngles_ax3,52,-21.862935066223145,17,secondary
RHipAngles_ax3,53,-22.03522300720215,17,secondary
RHipAngles_ax3,54,-19.672607421875,17,secondary
RHipAngles_ax3,55,-18.883913040161133,17,secondary
RHipAngles_ax3,56,-17.61006736755371,17,secondary
RHipAngles_ax3,57,-17.043441772460938,17,secondary
RHipAngles_ax3,58,-16.113529205322266,17,secondary
RHipAngles_ax3,59,-16.044923782348633,17,secondary
RHipAngles_ax3,60,-16.760626792907715,17,secondary
RHipAngles_ax3,61,-17.306530952453613,17,secondary
RHipAngles_ax3,62,-17.514324188232422,17,secondary
RHipAngles_ax3,63,-17.785173416137695,17,secondary
RHipAngles_ax3,64,-17.634658813476562,17,secondary
RHipAngles_ax3,65,-17.149768829345703,17,secondary
RHipAngles_ax3,66,-16.5651216506958,17,secondary
RHipAngles_ax3,67,-16.136799812316895,17,secondary
RHipAngles_ax3,68,-15.730986595153809,17,secondary
RHipAngles_ax3,69,-15.47085428237915,17,secondary
RHipAngles_ax3,70,-15.420074462890625,17,secondary
RHipAngles_ax3,71,-15.595296859741211,17,secondary
RHipAngles_ax3,72,-16.061313152313232,17,secondary
RHipAngles_ax3,73,-16.92075824737549,17,secondary
RHipAngles_ax3,74,-17.933988571166992,17,secondary
RHipAngles_ax3,75,-18.042343139648438,17,secondary
RHipAngles_ax3,76,-17.968494415283203,17,secondary
RHipAngles_ax3,77,-17.748879432678223,17,secondary
RHipAngles_ax3,78,-17.26504421234131,17,secondary
RHipAngles_ax3,79,-16.82349967956543,17,secondary
RHipAngles_ax3,80,-16.406603813171387,17,secondary
RHipAngles_ax3,81,-15.865748405456543,17,secondary
RHipAngles_ax3,82,-15.435064792633057,17,secondary
RHipAngles_ax3,83,-14.97075605392456,17,secondary
RHipAngles_ax3,84,-14.715765953063965,17,secondary
RHipAngles_ax3,85,-14.488682746887207,17,secondary
RHipAngles_ax3,86,-14.328835487365723,17,secondary
RHipAngles_ax3,87,-14.404499530792236,17,secondary
RHipAngles_ax3,88,-14.47827672958374,17,secondary
RHipAngles_ax3,89,-14.442691802978516,17,secondary
RHipAngles_ax3,90,-14.887449741363525,17,secondary
RHipAngles_ax3,91,-15.355297565460205,17,secondary
RHipAngles_ax3,92,-15.830095767974854,17,secondary
RHipAngles_ax3,93,-16.331388473510742,17,secondary
RHipAngles_ax3,94,-16.815062522888184,17,secondary
RHipAngles_ax3,95,-17.569878578186035,17,secondary
RHipAngles_ax3,96,-17.919584274291992,17,secondary
RHipAngles_ax3,97,-18.662668228149414,17,secondary
RHipAngles_ax3,98,-20.88465690612793,17,secondary
RHipAngles_ax3,99,-21.485822677612305,17,secondary
RHipAngles_ax3,100,-22.236387252807617,17,secondary
LKJC_ax1,0,733.447265625,17,secondary
LKJC_ax1,1,742.2508850097656,17,secondary
LKJC_ax1,2,757.51953125,17,secondary
LKJC_ax1,3,773.5660705566406,17,secondary
LKJC_ax1,4,789.4494934082031,17,secondary
LKJC_ax1,5,802.7899475097656,17,secondary
LKJC_ax1,6,801.5344848632812,17,secondary
LKJC_ax1,7,800.3132019042969,17,secondary
LKJC_ax1,8,799.1249084472656,17,secondary
LKJC_ax1,9,798.1449584960938,17,secondary
LKJC_ax1,10,798.8590393066406,17,secondary
LKJC_ax1,11,799.5946350097656,17,secondary
LKJC_ax1,12,794.6688842773438,17,secondary
LKJC_ax1,13,779.1551208496094,17,secondary
LKJC_ax1,14,762.14013671875,17,secondary
LKJC_ax1,15,785.3782958984375,17,secondary
LKJC_ax1,16,813.060302734375,17,secondary
LKJC_ax1,17,820.1212158203125,17,secondary
LKJC_ax1,18,844.9380493164062,17,secondary
LKJC_ax1,19,842.437744140625,17,secondary
LKJC_ax1,20,817.8052978515625,17,secondary
LKJC_ax1,21,822.8873291015625,17,secondary
LKJC_ax1,22,827.6669311523438,17,secondary
LKJC_ax1,23,827.147216796875,17,secondary
LKJC_ax1,24,842.6490478515625,17,secondary
LKJC_ax1,25,869.7024536132812,17,secondary
LKJC_ax1,26,896.0132751464844,17,secondary
LKJC_ax1,27,911.9485778808594,17,secondary
LKJC_ax1,28,927.5560607910156,17,secondary
LKJC_ax1,29,942.7812194824219,17,secondary
LKJC_ax1,30,957.5726623535156,17,secondary
LKJC_ax1,31,935.9965209960938,17,secondary
LKJC_ax1,32,914.9605712890625,17,secondary
LKJC_ax1,33,894.9357299804688,17,secondary
LKJC_ax1,34,875.8682861328125,17,secondary
LKJC_ax1,35,878.8735046386719,17,secondary
LKJC_ax1,36,896.5444641113281,17,secondary
LKJC_ax1,37,905.6362609863281,17,secondary
LKJC_ax1,38,912.9452209472656,17,secondary
LKJC_ax1,39,926.3489379882812,17,secondary
LKJC_ax1,40,935.1031188964844,17,secondary
LKJC_ax1,41,924.2868957519531,17,secondary
LKJC_ax1,42,927.5300903320312,17,secondary
LKJC_ax1,43,930.2695922851562,17,secondary
LKJC_ax1,44,937.7656860351562,17,secondary
LKJC_ax1,45,948.6531677246094,17,secondary
LKJC_ax1,46,959.3519897460938,17,secondary
LKJC_ax1,47,969.9580993652344,17,secondary
LKJC_ax1,48,980.5836791992188,17,secondary
LKJC_ax1,49,989.2356567382812,17,secondary
LKJC_ax1,50,989.2698364257812,17,secondary
LKJC_ax1,51,988.8620300292969,17,secondary
LKJC_ax1,52,988.1053771972656,17,secondary
LKJC_ax1,53,986.5396118164062,17,secondary
LKJC_ax1,54,991.3223571777344,17,secondary
LKJC_ax1,55,981.4476318359375,17,secondary
LKJC_ax1,56,973.9682006835938,17,secondary
LKJC_ax1,57,962.4365844726562,17,secondary
LKJC_ax1,58,973.3935546875,17,secondary
LKJC_ax1,59,980.1399536132812,17,secondary
LKJC_ax1,60,1002.8713989257812,17,secondary
LKJC_ax1,61,1023.5260009765625,17,secondary
LKJC_ax1,62,1031.641357421875,17,secondary
LKJC_ax1,63,1048.3380126953125,17,secondary
LKJC_ax1,64,1056.257568359375,17,secondary
LKJC_ax1,65,1078.5947265625,17,secondary
LKJC_ax1,66,1107.000244140625,17,secondary
LKJC_ax1,67,1093.5694580078125,17,secondary
LKJC_ax1,68,1082.5850830078125,17,secondary
LKJC_ax1,69,1088.80078125,17,secondary
LKJC_ax1,70,1094.638427734375,17,secondary
LKJC_ax1,71,1099.976806640625,17,secondary
LKJC_ax1,72,1108.272216796875,17,secondary
LKJC_ax1,73,1123.8240966796875,17,secondary
LKJC_ax1,74,1139.2324829101562,17,secondary
LKJC_ax1,75,1137.9924621582031,17,secondary
LKJC_ax1,76,1136.6243286132812,17,secondary
LKJC_ax1,77,1139.2965087890625,17,secondary
LKJC_ax1,78,1139.5555419921875,17,secondary
LKJC_ax1,79,1136.7501220703125,17,secondary
LKJC_ax1,80,1140.597412109375,17,secondary
LKJC_ax1,81,1140.966552734375,17,secondary
LKJC_ax1,82,1141.373291015625,17,secondary
LKJC_ax1,83,1141.7887573242188,17,secondary
LKJC_ax1,84,1133.47509765625,17,secondary
LKJC_ax1,85,1124.7601318359375,17,secondary
LKJC_ax1,86,1122.539306640625,17,secondary
LKJC_ax1,87,1121.1114654541016,17,secondary
LKJC_ax1,88,1120.2844696044922,17,secondary
LKJC_ax1,89,1119.5260009765625,17,secondary
LKJC_ax1,90,1118.834228515625,17,secondary
LKJC_ax1,91,1118.2364044189453,17,secondary
LKJC_ax1,92,1117.7549743652344,17,secondary
LKJC_ax1,93,1121.92626953125,17,secondary
LKJC_ax1,94,1128.34130859375,17,secondary
LKJC_ax1,95,1135.4385986328125,17,secondary
LKJC_ax1,96,1143.2529296875,17,secondary
LKJC_ax1,97,1151.806640625,17,secondary
LKJC_ax1,98,1161.0865478515625,17,secondary
LKJC_ax1,99,1171.0250244140625,17,secondary
LKJC_ax1,100,1184.4375,17,secondary
LKJC_ax2,0,325.0656433105469,17,secondary
LKJC_ax2,1,323.943603515625,17,secondary
LKJC_ax2,2,322.5196838378906,17,secondary
LKJC_ax2,3,321.0107421875,17,secondary
LKJC_ax2,4,319.5091857910156,17,secondary
LKJC_ax2,5,318.3017272949219,17,secondary
LKJC_ax2,6,319.12274169921875,17,secondary
LKJC_ax2,7,320.162353515625,17,secondary
LKJC_ax2,8,321.4566955566406,17,secondary
LKJC_ax2,9,323.0545654296875,17,secondary
LKJC_ax2,10,325.0810241699219,17,secondary
LKJC_ax2,11,327.6706237792969,17,secondary
LKJC_ax2,12,329.7591857910156,17,secondary
LKJC_ax2,13,334.14227294921875,17,secondary
LKJC_ax2,14,337.3281555175781,17,secondary
LKJC_ax2,15,339.9822082519531,17,secondary
LKJC_ax2,16,341.6500549316406,17,secondary
LKJC_ax2,17,342.14849853515625,17,secondary
LKJC_ax2,18,342.6212158203125,17,secondary
LKJC_ax2,19,343.1991271972656,17,secondary
LKJC_ax2,20,343.4154968261719,17,secondary
LKJC_ax2,21,343.2411804199219,17,secondary
LKJC_ax2,22,344.6856384277344,17,secondary
LKJC_ax2,23,345.2127685546875,17,secondary
LKJC_ax2,24,346.0938415527344,17,secondary
LKJC_ax2,25,347.06640625,17,secondary
LKJC_ax2,26,347.7248229980469,17,secondary
LKJC_ax2,27,348.1176452636719,17,secondary
LKJC_ax2,28,348.48504638671875,17,secondary
LKJC_ax2,29,348.8882751464844,17,secondary
LKJC_ax2,30,349.16412353515625,17,secondary
LKJC_ax2,31,346.3724060058594,17,secondary
LKJC_ax2,32,343.2072448730469,17,secondary
LKJC_ax2,33,341.0179748535156,17,secondary
LKJC_ax2,34,340.7911682128906,17,secondary
LKJC_ax2,35,340.19464111328125,17,secondary
LKJC_ax2,36,339.74884033203125,17,secondary
LKJC_ax2,37,339.163818359375,17,secondary
LKJC_ax2,38,338.39007568359375,17,secondary
LKJC_ax2,39,337.55718994140625,17,secondary
LKJC_ax2,40,336.67449951171875,17,secondary
LKJC_ax2,41,335.7808532714844,17,secondary
LKJC_ax2,42,334.84295654296875,17,secondary
LKJC_ax2,43,335.4962463378906,17,secondary
LKJC_ax2,44,335.9541015625,17,secondary
LKJC_ax2,45,336.338623046875,17,secondary
LKJC_ax2,46,336.60174560546875,17,secondary
LKJC_ax2,47,336.73345947265625,17,secondary
LKJC_ax2,48,336.78533935546875,17,secondary
LKJC_ax2,49,336.81292724609375,17,secondary
LKJC_ax2,50,336.1453857421875,17,secondary
LKJC_ax2,51,334.9833679199219,17,secondary
LKJC_ax2,52,333.7586669921875,17,secondary
LKJC_ax2,53,332.511474609375,17,secondary
LKJC_ax2,54,331.19305419921875,17,secondary
LKJC_ax2,55,329.4795227050781,17,secondary
LKJC_ax2,56,328.7639465332031,17,secondary
LKJC_ax2,57,327.94244384765625,17,secondary
LKJC_ax2,58,328.37127685546875,17,secondary
LKJC_ax2,59,328.3935546875,17,secondary
LKJC_ax2,60,329.8841247558594,17,secondary
LKJC_ax2,61,332.105224609375,17,secondary
LKJC_ax2,62,334.3421325683594,17,secondary
LKJC_ax2,63,337.5433044433594,17,secondary
LKJC_ax2,64,340.3658447265625,17,secondary
LKJC_ax2,65,342.9683837890625,17,secondary
LKJC_ax2,66,345.5850830078125,17,secondary
LKJC_ax2,67,348.44036865234375,17,secondary
LKJC_ax2,68,350.26092529296875,17,secondary
LKJC_ax2,69,351.75665283203125,17,secondary
LKJC_ax2,70,353.95611572265625,17,secondary
LKJC_ax2,71,354.62237548828125,17,secondary
LKJC_ax2,72,353.6695556640625,17,secondary
LKJC_ax2,73,352.7666320800781,17,secondary
LKJC_ax2,74,351.9314880371094,17,secondary
LKJC_ax2,75,351.1148681640625,17,secondary
LKJC_ax2,76,350.3727722167969,17,secondary
LKJC_ax2,77,350.9421081542969,17,secondary
LKJC_ax2,78,351.18096923828125,17,secondary
LKJC_ax2,79,351.034912109375,17,secondary
LKJC_ax2,80,348.9705505371094,17,secondary
LKJC_ax2,81,349.19415283203125,17,secondary
LKJC_ax2,82,349.22845458984375,17,secondary
LKJC_ax2,83,347.4495849609375,17,secondary
LKJC_ax2,84,345.4862365722656,17,secondary
LKJC_ax2,85,344.4680480957031,17,secondary
LKJC_ax2,86,343.74700927734375,17,secondary
LKJC_ax2,87,343.3097229003906,17,secondary
LKJC_ax2,88,342.941162109375,17,secondary
LKJC_ax2,89,343.7060546875,17,secondary
LKJC_ax2,90,344.6789245605469,17,secondary
LKJC_ax2,91,345.49432373046875,17,secondary
LKJC_ax2,92,346.1924133300781,17,secondary
LKJC_ax2,93,346.06231689453125,17,secondary
LKJC_ax2,94,344.2978820800781,17,secondary
LKJC_ax2,95,342.33935546875,17,secondary
LKJC_ax2,96,341.00030517578125,17,secondary
LKJC_ax2,97,341.38323974609375,17,secondary
LKJC_ax2,98,342.15655517578125,17,secondary
LKJC_ax2,99,343.052734375,17,secondary
LKJC_ax2,100,343.5851745605469,17,secondary
LKJC_ax3,0,465.6286315917969,17,secondary
LKJC_ax3,1,463.6608123779297,17,secondary
LKJC_ax3,2,461.52691650390625,17,secondary
LKJC_ax3,3,459.22216796875,17,secondary
LKJC_ax3,4,456.73780822753906,17,secondary
LKJC_ax3,5,454.0664825439453,17,secondary
LKJC_ax3,6,453.1478729248047,17,secondary
LKJC_ax3,7,451.435791015625,17,secondary
LKJC_ax3,8,450.9417724609375,17,secondary
LKJC_ax3,9,451.3332824707031,17,secondary
LKJC_ax3,10,448.7834777832031,17,secondary
LKJC_ax3,11,445.92333984375,17,secondary
LKJC_ax3,12,444.48272705078125,17,secondary
LKJC_ax3,13,442.3223876953125,17,secondary
LKJC_ax3,14,441.97059631347656,17,secondary
LKJC_ax3,15,442.47291564941406,17,secondary
LKJC_ax3,16,441.6553192138672,17,secondary
LKJC_ax3,17,441.1908264160156,17,secondary
LKJC_ax3,18,441.96270751953125,17,secondary
LKJC_ax3,19,443.9264221191406,17,secondary
LKJC_ax3,20,446.1534423828125,17,secondary
LKJC_ax3,21,450.5806579589844,17,secondary
LKJC_ax3,22,451.2117462158203,17,secondary
LKJC_ax3,23,450.3260498046875,17,secondary
LKJC_ax3,24,454.7879943847656,17,secondary
LKJC_ax3,25,458.6737976074219,17,secondary
LKJC_ax3,26,460.6243438720703,17,secondary
LKJC_ax3,27,460.1005401611328,17,secondary
LKJC_ax3,28,461.8336181640625,17,secondary
LKJC_ax3,29,462.70904541015625,17,secondary
LKJC_ax3,30,462.5642852783203,17,secondary
LKJC_ax3,31,462.2107849121094,17,secondary
LKJC_ax3,32,467.50933837890625,17,secondary
LKJC_ax3,33,468.68072509765625,17,secondary
LKJC_ax3,34,467.56275939941406,17,secondary
LKJC_ax3,35,466.37010192871094,17,secondary
LKJC_ax3,36,465.23341369628906,17,secondary
LKJC_ax3,37,467.24700927734375,17,secondary
LKJC_ax3,38,468.6920471191406,17,secondary
LKJC_ax3,39,469.134521484375,17,secondary
LKJC_ax3,40,468.51104736328125,17,secondary
LKJC_ax3,41,466.8332214355469,17,secondary
LKJC_ax3,42,464.99830627441406,17,secondary
LKJC_ax3,43,464.48744201660156,17,secondary
LKJC_ax3,44,463.87213134765625,17,secondary
LKJC_ax3,45,461.7100830078125,17,secondary
LKJC_ax3,46,459.98638916015625,17,secondary
LKJC_ax3,47,459.3878479003906,17,secondary
LKJC_ax3,48,457.39093017578125,17,secondary
LKJC_ax3,49,455.9779357910156,17,secondary
LKJC_ax3,50,453.9774169921875,17,secondary
LKJC_ax3,51,451.9602355957031,17,secondary
LKJC_ax3,52,450.72601318359375,17,secondary
LKJC_ax3,53,449.9326477050781,17,secondary
LKJC_ax3,54,448.47119140625,17,secondary
LKJC_ax3,55,445.7117919921875,17,secondary
LKJC_ax3,56,443.3463439941406,17,secondary
LKJC_ax3,57,443.3707275390625,17,secondary
LKJC_ax3,58,443.91925048828125,17,secondary
LKJC_ax3,59,444.97088623046875,17,secondary
LKJC_ax3,60,441.9712219238281,17,secondary
LKJC_ax3,61,439.8846130371094,17,secondary
LKJC_ax3,62,439.0237731933594,17,secondary
LKJC_ax3,63,439.8739318847656,17,secondary
LKJC_ax3,64,438.8038787841797,17,secondary
LKJC_ax3,65,437.6278381347656,17,secondary
LKJC_ax3,66,436.5080871582031,17,secondary
LKJC_ax3,67,435.6011505126953,17,secondary
LKJC_ax3,68,434.1478271484375,17,secondary
LKJC_ax3,69,432.9345703125,17,secondary
LKJC_ax3,70,432.70433044433594,17,secondary
LKJC_ax3,71,433.47508239746094,17,secondary
LKJC_ax3,72,435.078125,17,secondary
LKJC_ax3,73,438.1676788330078,17,secondary
LKJC_ax3,74,441.11793518066406,17,secondary
LKJC_ax3,75,446.72454833984375,17,secondary
LKJC_ax3,76,451.074462890625,17,secondary
LKJC_ax3,77,459.4310607910156,17,secondary
LKJC_ax3,78,462.0818328857422,17,secondary
LKJC_ax3,79,464.16664123535156,17,secondary
LKJC_ax3,80,467.0587158203125,17,secondary
LKJC_ax3,81,470.1423034667969,17,secondary
LKJC_ax3,82,471.9710693359375,17,secondary
LKJC_ax3,83,473.34686279296875,17,secondary
LKJC_ax3,84,476.0299987792969,17,secondary
LKJC_ax3,85,478.1326446533203,17,secondary
LKJC_ax3,86,477.2713928222656,17,secondary
LKJC_ax3,87,476.4266662597656,17,secondary
LKJC_ax3,88,475.6514587402344,17,secondary
LKJC_ax3,89,475.3326416015625,17,secondary
LKJC_ax3,90,474.7572021484375,17,secondary
LKJC_ax3,91,473.4976806640625,17,secondary
LKJC_ax3,92,471.6634826660156,17,secondary
LKJC_ax3,93,470.12477111816406,17,secondary
LKJC_ax3,94,469.70130920410156,17,secondary
LKJC_ax3,95,467.4051208496094,17,secondary
LKJC_ax3,96,464.52622985839844,17,secondary
LKJC_ax3,97,462.36976623535156,17,secondary
LKJC_ax3,98,460.8948059082031,17,secondary
LKJC_ax3,99,459.2196350097656,17,secondary
LKJC_ax3,100,456.8182678222656,17,secondary
RKJC_ax1,0,742.3224487304688,17,secondary
RKJC_ax1,1,755.52392578125,17,secondary
RKJC_ax1,2,749.4964599609375,17,secondary
RKJC_ax1,3,730.6715087890625,17,secondary
RKJC_ax1,4,740.4530029296875,17,secondary
RKJC_ax1,5,753.4291381835938,17,secondary
RKJC_ax1,6,767.671630859375,17,secondary
RKJC_ax1,7,783.6091918945312,17,secondary
RKJC_ax1,8,798.3894653320312,17,secondary
RKJC_ax1,9,783.148681640625,17,secondary
RKJC_ax1,10,775.984619140625,17,secondary
RKJC_ax1,11,796.0635986328125,17,secondary
RKJC_ax1,12,789.3809509277344,17,secondary
RKJC_ax1,13,805.2568969726562,17,secondary
RKJC_ax1,14,823.8000793457031,17,secondary
RKJC_ax1,15,842.6774597167969,17,secondary
RKJC_ax1,16,816.612548828125,17,secondary
RKJC_ax1,17,812.22900390625,17,secondary
RKJC_ax1,18,812.5486450195312,17,secondary
RKJC_ax1,19,819.9368896484375,17,secondary
RKJC_ax1,20,835.7408447265625,17,secondary
RKJC_ax1,21,851.4639892578125,17,secondary
RKJC_ax1,22,860.1339111328125,17,secondary
RKJC_ax1,23,882.3359375,17,secondary
RKJC_ax1,24,897.4368591308594,17,secondary
RKJC_ax1,25,912.2034301757812,17,secondary
RKJC_ax1,26,918.2326965332031,17,secondary
RKJC_ax1,27,921.7643127441406,17,secondary
RKJC_ax1,28,933.8107604980469,17,secondary
RKJC_ax1,29,947.7433776855469,17,secondary
RKJC_ax1,30,961.9403686523438,17,secondary
RKJC_ax1,31,984.8314208984375,17,secondary
RKJC_ax1,32,986.2720642089844,17,secondary
RKJC_ax1,33,998.0752258300781,17,secondary
RKJC_ax1,34,1009.2217407226562,17,secondary
RKJC_ax1,35,1019.566162109375,17,secondary
RKJC_ax1,36,1020.6173706054688,17,secondary
RKJC_ax1,37,1015.4750366210938,17,secondary
RKJC_ax1,38,1010.021484375,17,secondary
RKJC_ax1,39,1005.6580200195312,17,secondary
RKJC_ax1,40,1019.969482421875,17,secondary
RKJC_ax1,41,1034.0931396484375,17,secondary
RKJC_ax1,42,1048.24072265625,17,secondary
RKJC_ax1,43,1046.2672119140625,17,secondary
RKJC_ax1,44,1039.4051513671875,17,secondary
RKJC_ax1,45,1038.948974609375,17,secondary
RKJC_ax1,46,1044.6434326171875,17,secondary
RKJC_ax1,47,1056.2855224609375,17,secondary
RKJC_ax1,48,1068.315673828125,17,secondary
RKJC_ax1,49,1080.1204223632812,17,secondary
RKJC_ax1,50,1082.4359741210938,17,secondary
RKJC_ax1,51,1086.6676025390625,17,secondary
RKJC_ax1,52,1075.6881713867188,17,secondary
RKJC_ax1,53,1063.8097534179688,17,secondary
RKJC_ax1,54,1068.5382690429688,17,secondary
RKJC_ax1,55,1082.388916015625,17,secondary
RKJC_ax1,56,1096.79345703125,17,secondary
RKJC_ax1,57,1112.0331420898438,17,secondary
RKJC_ax1,58,1103.901123046875,17,secondary
RKJC_ax1,59,1083.971435546875,17,secondary
RKJC_ax1,60,1083.542724609375,17,secondary
RKJC_ax1,61,1096.5501708984375,17,secondary
RKJC_ax1,62,1106.298828125,17,secondary
RKJC_ax1,63,1114.4315185546875,17,secondary
RKJC_ax1,64,1122.22802734375,17,secondary
RKJC_ax1,65,1124.941162109375,17,secondary
RKJC_ax1,66,1123.6773986816406,17,secondary
RKJC_ax1,67,1122.3485717773438,17,secondary
RKJC_ax1,68,1117.619384765625,17,secondary
RKJC_ax1,69,1109.32666015625,17,secondary
RKJC_ax1,70,1109.5586547851562,17,secondary
RKJC_ax1,71,1115.79150390625,17,secondary
RKJC_ax1,72,1119.2854614257812,17,secondary
RKJC_ax1,73,1119.4100036621094,17,secondary
RKJC_ax1,74,1132.7884521484375,17,secondary
RKJC_ax1,75,1135.6156005859375,17,secondary
RKJC_ax1,76,1129.9453125,17,secondary
RKJC_ax1,77,1124.427978515625,17,secondary
RKJC_ax1,78,1119.0831298828125,17,secondary
RKJC_ax1,79,1138.9607543945312,17,secondary
RKJC_ax1,80,1142.33984375,17,secondary
RKJC_ax1,81,1152.0133666992188,17,secondary
RKJC_ax1,82,1152.4967041015625,17,secondary
RKJC_ax1,83,1148.3455810546875,17,secondary
RKJC_ax1,84,1143.546875,17,secondary
RKJC_ax1,85,1141.431884765625,17,secondary
RKJC_ax1,86,1155.8038330078125,17,secondary
RKJC_ax1,87,1169.0047607421875,17,secondary
RKJC_ax1,88,1181.1739501953125,17,secondary
RKJC_ax1,89,1179.3862915039062,17,secondary
RKJC_ax1,90,1178.7536010742188,17,secondary
RKJC_ax1,91,1178.9387817382812,17,secondary
RKJC_ax1,92,1178.9985961914062,17,secondary
RKJC_ax1,93,1179.0506591796875,17,secondary
RKJC_ax1,94,1179.2208251953125,17,secondary
RKJC_ax1,95,1179.5345458984375,17,secondary
RKJC_ax1,96,1179.9241943359375,17,secondary
RKJC_ax1,97,1180.3970336914062,17,secondary
RKJC_ax1,98,1180.006103515625,17,secondary
RKJC_ax1,99,1182.586669921875,17,secondary
RKJC_ax1,100,1193.1779174804688,17,secondary
RKJC_ax2,0,247.07672119140625,17,secondary
RKJC_ax2,1,246.1867904663086,17,secondary
RKJC_ax2,2,244.7134017944336,17,secondary
RKJC_ax2,3,243.09048461914062,17,secondary
RKJC_ax2,4,241.34617614746094,17,secondary
RKJC_ax2,5,239.52371215820312,17,secondary
RKJC_ax2,6,238.72006225585938,17,secondary
RKJC_ax2,7,240.3419189453125,17,secondary
RKJC_ax2,8,241.70582580566406,17,secondary
RKJC_ax2,9,243.1620330810547,17,secondary
RKJC_ax2,10,241.58827209472656,17,secondary
RKJC_ax2,11,239.70082092285156,17,secondary
RKJC_ax2,12,238.3126678466797,17,secondary
RKJC_ax2,13,237.6731414794922,17,secondary
RKJC_ax2,14,237.7693634033203,17,secondary
RKJC_ax2,15,238.4853515625,17,secondary
RKJC_ax2,16,239.6796112060547,17,secondary
RKJC_ax2,17,241.07093811035156,17,secondary
RKJC_ax2,18,240.5894317626953,17,secondary
RKJC_ax2,19,240.11181640625,17,secondary
RKJC_ax2,20,239.57965087890625,17,secondary
RKJC_ax2,21,238.95547485351562,17,secondary
RKJC_ax2,22,238.2342987060547,17,secondary
RKJC_ax2,23,237.43846130371094,17,secondary
RKJC_ax2,24,236.6079559326172,17,secondary
RKJC_ax2,25,235.7926788330078,17,secondary
RKJC_ax2,26,235.04571533203125,17,secondary
RKJC_ax2,27,234.40333557128906,17,secondary
RKJC_ax2,28,233.7457275390625,17,secondary
RKJC_ax2,29,233.2792205810547,17,secondary
RKJC_ax2,30,233.31927490234375,17,secondary
RKJC_ax2,31,233.37791442871094,17,secondary
RKJC_ax2,32,232.99855041503906,17,secondary
RKJC_ax2,33,233.2255096435547,17,secondary
RKJC_ax2,34,233.77572631835938,17,secondary
RKJC_ax2,35,234.84727478027344,17,secondary
RKJC_ax2,36,234.99786376953125,17,secondary
RKJC_ax2,37,236.874755859375,17,secondary
RKJC_ax2,38,238.3209228515625,17,secondary
RKJC_ax2,39,238.96307373046875,17,secondary
RKJC_ax2,40,240.95472717285156,17,secondary
RKJC_ax2,41,242.95662689208984,17,secondary
RKJC_ax2,42,244.86660766601562,17,secondary
RKJC_ax2,43,246.61974334716797,17,secondary
RKJC_ax2,44,248.1155014038086,17,secondary
RKJC_ax2,45,249.39330291748047,17,secondary
RKJC_ax2,46,250.6349105834961,17,secondary
RKJC_ax2,47,251.93253326416016,17,secondary
RKJC_ax2,48,252.0531463623047,17,secondary
RKJC_ax2,49,251.66085815429688,17,secondary
RKJC_ax2,50,250.99932861328125,17,secondary
RKJC_ax2,51,249.87013244628906,17,secondary
RKJC_ax2,52,248.5531463623047,17,secondary
RKJC_ax2,53,247.0044708251953,17,secondary
RKJC_ax2,54,246.8028106689453,17,secondary
RKJC_ax2,55,248.86134338378906,17,secondary
RKJC_ax2,56,250.88438415527344,17,secondary
RKJC_ax2,57,252.564453125,17,secondary
RKJC_ax2,58,252.40289306640625,17,secondary
RKJC_ax2,59,252.94866943359375,17,secondary
RKJC_ax2,60,253.13731384277344,17,secondary
RKJC_ax2,61,253.1221160888672,17,secondary
RKJC_ax2,62,253.0033721923828,17,secondary
RKJC_ax2,63,251.5726776123047,17,secondary
RKJC_ax2,64,248.0669708251953,17,secondary
RKJC_ax2,65,245.79266357421875,17,secondary
RKJC_ax2,66,245.6436309814453,17,secondary
RKJC_ax2,67,245.31764221191406,17,secondary
RKJC_ax2,68,244.7653045654297,17,secondary
RKJC_ax2,69,244.1435546875,17,secondary
RKJC_ax2,70,244.65567016601562,17,secondary
RKJC_ax2,71,244.9119110107422,17,secondary
RKJC_ax2,72,244.8052978515625,17,secondary
RKJC_ax2,73,244.4014129638672,17,secondary
RKJC_ax2,74,243.83595275878906,17,secondary
RKJC_ax2,75,243.19764709472656,17,secondary
RKJC_ax2,76,242.6657257080078,17,secondary
RKJC_ax2,77,242.39881896972656,17,secondary
RKJC_ax2,78,244.33651733398438,17,secondary
RKJC_ax2,79,245.27554321289062,17,secondary
RKJC_ax2,80,244.8217315673828,17,secondary
RKJC_ax2,81,244.3053741455078,17,secondary
RKJC_ax2,82,243.7098388671875,17,secondary
RKJC_ax2,83,243.01776123046875,17,secondary
RKJC_ax2,84,242.26710510253906,17,secondary
RKJC_ax2,85,244.90826416015625,17,secondary
RKJC_ax2,86,247.59475708007812,17,secondary
RKJC_ax2,87,249.21377563476562,17,secondary
RKJC_ax2,88,250.50787353515625,17,secondary
RKJC_ax2,89,252.97337341308594,17,secondary
RKJC_ax2,90,253.0917510986328,17,secondary
RKJC_ax2,91,253.04774475097656,17,secondary
RKJC_ax2,92,252.94158935546875,17,secondary
RKJC_ax2,93,252.7874755859375,17,secondary
RKJC_ax2,94,252.60231018066406,17,secondary
RKJC_ax2,95,252.4067840576172,17,secondary
RKJC_ax2,96,252.22482299804688,17,secondary
RKJC_ax2,97,252.08143615722656,17,secondary
RKJC_ax2,98,251.9986114501953,17,secondary
RKJC_ax2,99,251.9903106689453,17,secondary
RKJC_ax2,100,252.05877685546875,17,secondary
RKJC_ax3,0,461.7536163330078,17,secondary
RKJC_ax3,1,460.3099365234375,17,secondary
RKJC_ax3,2,459.2907409667969,17,secondary
RKJC_ax3,3,458.2403259277344,17,secondary
RKJC_ax3,4,456.7802734375,17,secondary
RKJC_ax3,5,455.3013610839844,17,secondary
RKJC_ax3,6,453.6573944091797,17,secondary
RKJC_ax3,7,452.45018005371094,17,secondary
RKJC_ax3,8,450.69468688964844,17,secondary
RKJC_ax3,9,451.0348663330078,17,secondary
RKJC_ax3,10,451.3323059082031,17,secondary
RKJC_ax3,11,453.48731994628906,17,secondary
RKJC_ax3,12,452.6269226074219,17,secondary
RKJC_ax3,13,454.3508605957031,17,secondary
RKJC_ax3,14,454.86663818359375,17,secondary
RKJC_ax3,15,454.0153503417969,17,secondary
RKJC_ax3,16,452.6018371582031,17,secondary
RKJC_ax3,17,451.5921936035156,17,secondary
RKJC_ax3,18,449.622802734375,17,secondary
RKJC_ax3,19,447.8281555175781,17,secondary
RKJC_ax3,20,446.4927673339844,17,secondary
RKJC_ax3,21,445.594482421875,17,secondary
RKJC_ax3,22,446.4029541015625,17,secondary
RKJC_ax3,23,447.13134765625,17,secondary
RKJC_ax3,24,449.142333984375,17,secondary
RKJC_ax3,25,455.22145080566406,17,secondary
RKJC_ax3,26,460.14361572265625,17,secondary
RKJC_ax3,27,463.3157501220703,17,secondary
RKJC_ax3,28,465.68841552734375,17,secondary
RKJC_ax3,29,468.8258056640625,17,secondary
RKJC_ax3,30,472.25474548339844,17,secondary
RKJC_ax3,31,476.2085876464844,17,secondary
RKJC_ax3,32,479.16331481933594,17,secondary
RKJC_ax3,33,480.79042053222656,17,secondary
RKJC_ax3,34,480.98060607910156,17,secondary
RKJC_ax3,35,482.16748046875,17,secondary
RKJC_ax3,36,483.2803192138672,17,secondary
RKJC_ax3,37,483.70799255371094,17,secondary
RKJC_ax3,38,483.97576904296875,17,secondary
RKJC_ax3,39,484.4383850097656,17,secondary
RKJC_ax3,40,484.4828643798828,17,secondary
RKJC_ax3,41,483.9985656738281,17,secondary
RKJC_ax3,42,482.3961181640625,17,secondary
RKJC_ax3,43,479.07391357421875,17,secondary
RKJC_ax3,44,476.6929168701172,17,secondary
RKJC_ax3,45,473.9576721191406,17,secondary
RKJC_ax3,46,470.2860412597656,17,secondary
RKJC_ax3,47,467.3357696533203,17,secondary
RKJC_ax3,48,465.6828918457031,17,secondary
RKJC_ax3,49,464.3107604980469,17,secondary
RKJC_ax3,50,463.1807861328125,17,secondary
RKJC_ax3,51,462.382080078125,17,secondary
RKJC_ax3,52,459.7451171875,17,secondary
RKJC_ax3,53,457.1120910644531,17,secondary
RKJC_ax3,54,454.4737854003906,17,secondary
RKJC_ax3,55,451.81207275390625,17,secondary
RKJC_ax3,56,449.7643585205078,17,secondary
RKJC_ax3,57,448.5913391113281,17,secondary
RKJC_ax3,58,448.2097625732422,17,secondary
RKJC_ax3,59,449.6846008300781,17,secondary
RKJC_ax3,60,448.11016845703125,17,secondary
RKJC_ax3,61,446.3984375,17,secondary
RKJC_ax3,62,444.63865661621094,17,secondary
RKJC_ax3,63,442.1584930419922,17,secondary
RKJC_ax3,64,440.7618865966797,17,secondary
RKJC_ax3,65,440.3001403808594,17,secondary
RKJC_ax3,66,438.4283905029297,17,secondary
RKJC_ax3,67,437.37684631347656,17,secondary
RKJC_ax3,68,438.9099426269531,17,secondary
RKJC_ax3,69,441.64601135253906,17,secondary
RKJC_ax3,70,444.0695343017578,17,secondary
RKJC_ax3,71,446.066650390625,17,secondary
RKJC_ax3,72,450.13978576660156,17,secondary
RKJC_ax3,73,453.81654357910156,17,secondary
RKJC_ax3,74,455.72019958496094,17,secondary
RKJC_ax3,75,456.9265441894531,17,secondary
RKJC_ax3,76,459.5139923095703,17,secondary
RKJC_ax3,77,462.46449279785156,17,secondary
RKJC_ax3,78,465.1905517578125,17,secondary
RKJC_ax3,79,468.55543518066406,17,secondary
RKJC_ax3,80,471.13153076171875,17,secondary
RKJC_ax3,81,470.2570037841797,17,secondary
RKJC_ax3,82,469.34259033203125,17,secondary
RKJC_ax3,83,468.40248107910156,17,secondary
RKJC_ax3,84,470.2424011230469,17,secondary
RKJC_ax3,85,472.564453125,17,secondary
RKJC_ax3,86,473.77459716796875,17,secondary
RKJC_ax3,87,474.26788330078125,17,secondary
RKJC_ax3,88,474.2586975097656,17,secondary
RKJC_ax3,89,474.1580810546875,17,secondary
RKJC_ax3,90,473.7562561035156,17,secondary
RKJC_ax3,91,472.8102111816406,17,secondary
RKJC_ax3,92,471.4337463378906,17,secondary
RKJC_ax3,93,469.3890686035156,17,secondary
RKJC_ax3,94,467.0501708984375,17,secondary
RKJC_ax3,95,464.4827575683594,17,secondary
RKJC_ax3,96,462.1096496582031,17,secondary
RKJC_ax3,97,459.7957458496094,17,secondary
RKJC_ax3,98,459.02545166015625,17,secondary
RKJC_ax3,99,458.0799865722656,17,secondary
RKJC_ax3,100,456.19775390625,17,secondary
LKneeAngles_ax1,0,10.857189178466797,17,primary
LKneeAngles_ax1,1,11.770431995391846,17,primary
LKneeAngles_ax1,2,13.100563526153564,17,primary
LKneeAngles_ax1,3,14.340189456939697,17,primary
LKneeAngles_ax1,4,15.549613952636719,17,primary
LKneeAngles_ax1,5,16.443225860595703,17,primary
LKneeAngles_ax1,6,17.54282569885254,17,primary
LKneeAngles_ax1,7,19.460697174072266,17,primary
LKneeAngles_ax1,8,21.715089797973633,17,primary
LKneeAngles_ax1,9,23.595606803894043,17,primary
LKneeAngles_ax1,10,26.253149032592773,17,primary
LKneeAngles_ax1,11,29.685815811157227,17,primary
LKneeAngles_ax1,12,31.457167625427246,17,primary
LKneeAngles_ax1,13,31.964587211608887,17,primary
LKneeAngles_ax1,14,32.81915855407715,17,primary
LKneeAngles_ax1,15,33.392303466796875,17,primary
LKneeAngles_ax1,16,34.748613357543945,17,primary
LKneeAngles_ax1,17,38.60573863983154,17,primary
LKneeAngles_ax1,18,40.401885986328125,17,primary
LKneeAngles_ax1,19,42.81242370605469,17,primary
LKneeAngles_ax1,20,46.024959564208984,17,primary
LKneeAngles_ax1,21,49.09754180908203,17,primary
LKneeAngles_ax1,22,51.966773986816406,17,primary
LKneeAngles_ax1,23,54.57625198364258,17,primary
LKneeAngles_ax1,24,56.877220153808594,17,primary
LKneeAngles_ax1,25,58.82868194580078,17,primary
LKneeAngles_ax1,26,60.39753341674805,17,primary
LKneeAngles_ax1,27,61.17880821228027,17,primary
LKneeAngles_ax1,28,59.995737075805664,17,primary
LKneeAngles_ax1,29,58.47428321838379,17,primary
LKneeAngles_ax1,30,56.61659622192383,17,primary
LKneeAngles_ax1,31,54.423770904541016,17,primary
LKneeAngles_ax1,32,51.89929389953613,17,primary
LKneeAngles_ax1,33,49.05301856994629,17,primary
LKneeAngles_ax1,34,45.89847946166992,17,primary
LKneeAngles_ax1,35,42.47102928161621,17,primary
LKneeAngles_ax1,36,38.815385818481445,17,primary
LKneeAngles_ax1,37,34.98229217529297,17,primary
LKneeAngles_ax1,38,31.032331466674805,17,primary
LKneeAngles_ax1,39,26.8616943359375,17,primary
LKneeAngles_ax1,40,24.378556728363037,17,primary
LKneeAngles_ax1,41,22.0538330078125,17,primary
LKneeAngles_ax1,42,19.8266339302063,17,primary
LKneeAngles_ax1,43,18.088881492614746,17,primary
LKneeAngles_ax1,44,15.52038860321045,17,primary
LKneeAngles_ax1,45,13.55167531967163,17,primary
LKneeAngles_ax1,46,12.69787311553955,17,primary
LKneeAngles_ax1,47,12.083776473999023,17,primary
LKneeAngles_ax1,48,12.296492576599121,17,primary
LKneeAngles_ax1,49,11.95808219909668,17,primary
LKneeAngles_ax1,50,10.79770278930664,17,primary
LKneeAngles_ax1,51,10.950030326843262,17,primary
LKneeAngles_ax1,52,11.754745960235596,17,primary
LKneeAngles_ax1,53,13.074138641357422,17,primary
LKneeAngles_ax1,54,14.188823223114014,17,primary
LKneeAngles_ax1,55,15.303659915924072,17,primary
LKneeAngles_ax1,56,16.360736846923828,17,primary
LKneeAngles_ax1,57,18.205215454101562,17,primary
LKneeAngles_ax1,58,20.613771438598633,17,primary
LKneeAngles_ax1,59,23.32300090789795,17,primary
LKneeAngles_ax1,60,25.56428337097168,17,primary
LKneeAngles_ax1,61,27.28447914123535,17,primary
LKneeAngles_ax1,62,29.17753791809082,17,primary
LKneeAngles_ax1,63,30.095109939575195,17,primary
LKneeAngles_ax1,64,31.347206115722656,17,primary
LKneeAngles_ax1,65,32.14258575439453,17,primary
LKneeAngles_ax1,66,32.92251968383789,17,primary
LKneeAngles_ax1,67,33.216739654541016,17,primary
LKneeAngles_ax1,68,33.42219543457031,17,primary
LKneeAngles_ax1,69,33.43061828613281,17,primary
LKneeAngles_ax1,70,33.128299713134766,17,primary
LKneeAngles_ax1,71,32.565956115722656,17,primary
LKneeAngles_ax1,72,32.04979705810547,17,primary
LKneeAngles_ax1,73,31.4383602142334,17,primary
LKneeAngles_ax1,74,30.793527603149414,17,primary
LKneeAngles_ax1,75,30.200613021850586,17,primary
LKneeAngles_ax1,76,32.298903465270996,17,primary
LKneeAngles_ax1,77,32.5286750793457,17,primary
LKneeAngles_ax1,78,31.82727813720703,17,primary
LKneeAngles_ax1,79,30.907257080078125,17,primary
LKneeAngles_ax1,80,29.891359329223633,17,primary
LKneeAngles_ax1,81,28.824169158935547,17,primary
LKneeAngles_ax1,82,28.505760192871094,17,primary
LKneeAngles_ax1,83,30.041908264160156,17,primary
LKneeAngles_ax1,84,31.452905654907227,17,primary
LKneeAngles_ax1,85,29.184162139892578,17,primary
LKneeAngles_ax1,86,26.46233892440796,17,primary
LKneeAngles_ax1,87,23.51216411590576,17,primary
LKneeAngles_ax1,88,22.489748001098633,17,primary
LKneeAngles_ax1,89,22.336132049560547,17,primary
LKneeAngles_ax1,90,22.136417388916016,17,primary
LKneeAngles_ax1,91,21.969680786132812,17,primary
LKneeAngles_ax1,92,19.66846990585327,17,primary
LKneeAngles_ax1,93,18.960973739624023,17,primary
LKneeAngles_ax1,94,18.49180316925049,17,primary
LKneeAngles_ax1,95,15.480654239654541,17,primary
LKneeAngles_ax1,96,13.841691493988037,17,primary
LKneeAngles_ax1,97,12.846061706542969,17,primary
LKneeAngles_ax1,98,11.029491424560547,17,primary
LKneeAngles_ax1,99,10.510735988616943,17,primary
LKneeAngles_ax1,100,11.230763912200928,17,primary
LKneeAngles_ax2,0,-4.9674928188323975,17,secondary
LKneeAngles_ax2,1,-4.874918699264526,17,secondary
LKneeAngles_ax2,2,-4.799670934677124,17,secondary
LKneeAngles_ax2,3,-4.759903430938721,17,secondary
LKneeAngles_ax2,4,-4.758280992507935,17,secondary
LKneeAngles_ax2,5,-4.786762714385986,17,secondary
LKneeAngles_ax2,6,-4.831081390380859,17,secondary
LKneeAngles_ax2,7,-4.873859405517578,17,secondary
LKneeAngles_ax2,8,-4.866781711578369,17,secondary
LKneeAngles_ax2,9,-4.827552795410156,17,secondary
LKneeAngles_ax2,10,-4.736194849014282,17,secondary
LKneeAngles_ax2,11,-4.530245780944824,17,secondary
LKneeAngles_ax2,12,-4.1604344844818115,17,secondary
LKneeAngles_ax2,13,-3.7116376161575317,17,secondary
LKneeAngles_ax2,14,-3.1972991228103638,17,secondary
LKneeAngles_ax2,15,-2.638351082801819,17,secondary
LKneeAngles_ax2,16,-2.1198970079421997,17,secondary
LKneeAngles_ax2,17,-1.7698860168457031,17,secondary
LKneeAngles_ax2,18,-1.9683171510696411,17,secondary
LKneeAngles_ax2,19,-2.5570828914642334,17,secondary
LKneeAngles_ax2,20,-3.4022598266601562,17,secondary
LKneeAngles_ax2,21,-4.342482566833496,17,secondary
LKneeAngles_ax2,22,-3.0802972316741943,17,secondary
LKneeAngles_ax2,23,-1.861274778842926,17,secondary
LKneeAngles_ax2,24,-1.9446814060211182,17,secondary
LKneeAngles_ax2,25,-2.112499713897705,17,secondary
LKneeAngles_ax2,26,-2.420408010482788,17,secondary
LKneeAngles_ax2,27,-2.896078109741211,17,secondary
LKneeAngles_ax2,28,-2.8451011180877686,17,secondary
LKneeAngles_ax2,29,-2.6720664501190186,17,secondary
LKneeAngles_ax2,30,-2.358320474624634,17,secondary
LKneeAngles_ax2,31,-2.1223180294036865,17,secondary
LKneeAngles_ax2,32,-1.8321383595466614,17,secondary
LKneeAngles_ax2,33,-1.8343432545661926,17,secondary
LKneeAngles_ax2,34,-1.8927250504493713,17,secondary
LKneeAngles_ax2,35,-1.4725115299224854,17,secondary
LKneeAngles_ax2,36,-1.2630679607391357,17,secondary
LKneeAngles_ax2,37,-1.1991126537322998,17,secondary
LKneeAngles_ax2,38,-1.2543116807937622,17,secondary
LKneeAngles_ax2,39,-1.4302546381950378,17,secondary
LKneeAngles_ax2,40,-1.5252935886383057,17,secondary
LKneeAngles_ax2,41,-1.497165560722351,17,secondary
LKneeAngles_ax2,42,-1.8695913553237915,17,secondary
LKneeAngles_ax2,43,-2.5355067253112793,17,secondary
LKneeAngles_ax2,44,-2.8450875282287598,17,secondary
LKneeAngles_ax2,45,-3.40964138507843,17,secondary
LKneeAngles_ax2,46,-3.526131272315979,17,secondary
LKneeAngles_ax2,47,-3.5859521627426147,17,secondary
LKneeAngles_ax2,48,-3.5991227626800537,17,secondary
LKneeAngles_ax2,49,-3.9130516052246094,17,secondary
LKneeAngles_ax2,50,-4.1982643604278564,17,secondary
LKneeAngles_ax2,51,-4.356410384178162,17,secondary
LKneeAngles_ax2,52,-4.399381399154663,17,secondary
LKneeAngles_ax2,53,-4.30608606338501,17,secondary
LKneeAngles_ax2,54,-4.477547645568848,17,secondary
LKneeAngles_ax2,55,-4.607175350189209,17,secondary
LKneeAngles_ax2,56,-4.431176662445068,17,secondary
LKneeAngles_ax2,57,-4.7283034324646,17,secondary
LKneeAngles_ax2,58,-4.767021656036377,17,secondary
LKneeAngles_ax2,59,-4.617896795272827,17,secondary
LKneeAngles_ax2,60,-4.267874360084534,17,secondary
LKneeAngles_ax2,61,-3.8375383615493774,17,secondary
LKneeAngles_ax2,62,-3.3040355443954468,17,secondary
LKneeAngles_ax2,63,-2.6365926265716553,17,secondary
LKneeAngles_ax2,64,-1.8923116326332092,17,secondary
LKneeAngles_ax2,65,-1.1253643333911896,17,secondary
LKneeAngles_ax2,66,-0.8033850193023682,17,secondary
LKneeAngles_ax2,67,-0.6915500164031982,17,secondary
LKneeAngles_ax2,68,-0.3292465806007385,17,secondary
LKneeAngles_ax2,69,-0.3205210268497467,17,secondary
LKneeAngles_ax2,70,-0.4346971809864044,17,secondary
LKneeAngles_ax2,71,-0.8105577826499939,17,secondary
LKneeAngles_ax2,72,-1.3293033838272095,17,secondary
LKneeAngles_ax2,73,-1.6568852663040161,17,secondary
LKneeAngles_ax2,74,-1.0487537384033203,17,secondary
LKneeAngles_ax2,75,-1.4636976718902588,17,secondary
LKneeAngles_ax2,76,-1.5630375146865845,17,secondary
LKneeAngles_ax2,77,-1.776303768157959,17,secondary
LKneeAngles_ax2,78,-1.7657079696655273,17,secondary
LKneeAngles_ax2,79,-1.7410680055618286,17,secondary
LKneeAngles_ax2,80,-2.4019906520843506,17,secondary
LKneeAngles_ax2,81,-2.0274291038513184,17,secondary
LKneeAngles_ax2,82,-1.7270272374153137,17,secondary
LKneeAngles_ax2,83,-1.8497219681739807,17,secondary
LKneeAngles_ax2,84,-1.2857085466384888,17,secondary
LKneeAngles_ax2,85,-1.1289786100387573,17,secondary
LKneeAngles_ax2,86,-1.1991126537322998,17,secondary
LKneeAngles_ax2,87,-1.1148731708526611,17,secondary
LKneeAngles_ax2,88,-1.1635308265686035,17,secondary
LKneeAngles_ax2,89,-1.1511754989624023,17,secondary
LKneeAngles_ax2,90,-1.2543754577636719,17,secondary
LKneeAngles_ax2,91,-1.423639178276062,17,secondary
LKneeAngles_ax2,92,-1.6661874055862427,17,secondary
LKneeAngles_ax2,93,-2.463425397872925,17,secondary
LKneeAngles_ax2,94,-3.1652464866638184,17,secondary
LKneeAngles_ax2,95,-3.551590323448181,17,secondary
LKneeAngles_ax2,96,-3.705379009246826,17,secondary
LKneeAngles_ax2,97,-4.378269195556641,17,secondary
LKneeAngles_ax2,98,-4.8373119831085205,17,secondary
LKneeAngles_ax2,99,-5.100272178649902,17,secondary
LKneeAngles_ax2,100,-5.204862594604492,17,secondary
LKneeAngles_ax3,0,-5.863731861114502,17,secondary
LKneeAngles_ax3,1,-6.333008289337158,17,secondary
LKneeAngles_ax3,2,-5.878635406494141,17,secondary
LKneeAngles_ax3,3,-6.383107423782349,17,secondary
LKneeAngles_ax3,4,-7.2315661907196045,17,secondary
LKneeAngles_ax3,5,-8.486895561218262,17,secondary
LKneeAngles_ax3,6,-10.00499963760376,17,secondary
LKneeAngles_ax3,7,-9.735127449035645,17,secondary
LKneeAngles_ax3,8,-8.560142993927002,17,secondary
LKneeAngles_ax3,9,-7.220083236694336,17,secondary
LKneeAngles_ax3,10,-6.1219189167022705,17,secondary
LKneeAngles_ax3,11,-5.064866065979004,17,secondary
LKneeAngles_ax3,12,-6.032464265823364,17,secondary
LKneeAngles_ax3,13,-7.37103533744812,17,secondary
LKneeAngles_ax3,14,-6.359009027481079,17,secondary
LKneeAngles_ax3,15,-5.451181411743164,17,secondary
LKneeAngles_ax3,16,-4.242965459823608,17,secondary
LKneeAngles_ax3,17,-3.4603569507598877,17,secondary
LKneeAngles_ax3,18,-2.3843839168548584,17,secondary
LKneeAngles_ax3,19,-2.230490565299988,17,secondary
LKneeAngles_ax3,20,-2.5218112468719482,17,secondary
LKneeAngles_ax3,21,-3.411453366279602,17,secondary
LKneeAngles_ax3,22,-3.848455548286438,17,secondary
LKneeAngles_ax3,23,-4.460358619689941,17,secondary
LKneeAngles_ax3,24,-4.591252326965332,17,secondary
LKneeAngles_ax3,25,-4.44809365272522,17,secondary
LKneeAngles_ax3,26,-4.269979953765869,17,secondary
LKneeAngles_ax3,27,-4.321969270706177,17,secondary
LKneeAngles_ax3,28,-4.798399925231934,17,secondary
LKneeAngles_ax3,29,-5.543082237243652,17,secondary
LKneeAngles_ax3,30,-6.020286798477173,17,secondary
LKneeAngles_ax3,31,-6.5339860916137695,17,secondary
LKneeAngles_ax3,32,-6.954151153564453,17,secondary
LKneeAngles_ax3,33,-7.018631935119629,17,secondary
LKneeAngles_ax3,34,-7.637680768966675,17,secondary
LKneeAngles_ax3,35,-7.773000478744507,17,secondary
LKneeAngles_ax3,36,-8.003612041473389,17,secondary
LKneeAngles_ax3,37,-8.497726440429688,17,secondary
LKneeAngles_ax3,38,-8.823785781860352,17,secondary
LKneeAngles_ax3,39,-9.677191257476807,17,secondary
LKneeAngles_ax3,40,-10.84785270690918,17,secondary
LKneeAngles_ax3,41,-11.82333755493164,17,secondary
LKneeAngles_ax3,42,-12.447344779968262,17,secondary
LKneeAngles_ax3,43,-12.82206916809082,17,secondary
LKneeAngles_ax3,44,-12.886762619018555,17,secondary
LKneeAngles_ax3,45,-12.14379596710205,17,secondary
LKneeAngles_ax3,46,-9.791024208068848,17,secondary
LKneeAngles_ax3,47,-8.299459457397461,17,secondary
LKneeAngles_ax3,48,-7.547490119934082,17,secondary
LKneeAngles_ax3,49,-6.906773567199707,17,secondary
LKneeAngles_ax3,50,-6.655074119567871,17,secondary
LKneeAngles_ax3,51,-6.3395609855651855,17,secondary
LKneeAngles_ax3,52,-6.059443950653076,17,secondary
LKneeAngles_ax3,53,-6.130134105682373,17,secondary
LKneeAngles_ax3,54,-7.758223533630371,17,secondary
LKneeAngles_ax3,55,-10.63269329071045,17,secondary
LKneeAngles_ax3,56,-13.707398414611816,17,secondary
LKneeAngles_ax3,57,-9.0565824508667,17,secondary
LKneeAngles_ax3,58,-9.220125198364258,17,secondary
LKneeAngles_ax3,59,-9.190431594848633,17,secondary
LKneeAngles_ax3,60,-9.442557334899902,17,secondary
LKneeAngles_ax3,61,-8.769864082336426,17,secondary
LKneeAngles_ax3,62,-7.9060893058776855,17,secondary
LKneeAngles_ax3,63,-8.74640941619873,17,secondary
LKneeAngles_ax3,64,-8.573135375976562,17,secondary
LKneeAngles_ax3,65,-7.295894622802734,17,secondary
LKneeAngles_ax3,66,-5.620511531829834,17,secondary
LKneeAngles_ax3,67,-5.143181324005127,17,secondary
LKneeAngles_ax3,68,-4.273525953292847,17,secondary
LKneeAngles_ax3,69,-4.380113840103149,17,secondary
LKneeAngles_ax3,70,-4.5001267194747925,17,secondary
LKneeAngles_ax3,71,-4.285072445869446,17,secondary
LKneeAngles_ax3,72,-4.21434760093689,17,secondary
LKneeAngles_ax3,73,-5.080932855606079,17,secondary
LKneeAngles_ax3,74,-5.752297878265381,17,secondary
LKneeAngles_ax3,75,-5.923110008239746,17,secondary
LKneeAngles_ax3,76,-5.842695951461792,17,secondary
LKneeAngles_ax3,77,-5.616727828979492,17,secondary
LKneeAngles_ax3,78,-5.723016262054443,17,secondary
LKneeAngles_ax3,79,-6.380687236785889,17,secondary
LKneeAngles_ax3,80,-6.661614418029785,17,secondary
LKneeAngles_ax3,81,-6.979706287384033,17,secondary
LKneeAngles_ax3,82,-7.655633926391602,17,secondary
LKneeAngles_ax3,83,-8.295601844787598,17,secondary
LKneeAngles_ax3,84,-8.862149715423584,17,secondary
LKneeAngles_ax3,85,-9.343995571136475,17,secondary
LKneeAngles_ax3,86,-9.742893695831299,17,secondary
LKneeAngles_ax3,87,-10.169997692108154,17,secondary
LKneeAngles_ax3,88,-10.235366821289062,17,secondary
LKneeAngles_ax3,89,-10.295018196105957,17,secondary
LKneeAngles_ax3,90,-10.161764144897461,17,secondary
LKneeAngles_ax3,91,-9.747977256774902,17,secondary
LKneeAngles_ax3,92,-11.072668075561523,17,secondary
LKneeAngles_ax3,93,-11.541801452636719,17,secondary
LKneeAngles_ax3,94,-11.08495283126831,17,secondary
LKneeAngles_ax3,95,-10.19775390625,17,secondary
LKneeAngles_ax3,96,-9.386046171188354,17,secondary
LKneeAngles_ax3,97,-8.354969024658203,17,secondary
LKneeAngles_ax3,98,-7.375038146972656,17,secondary
LKneeAngles_ax3,99,-6.6140053272247314,17,secondary
LKneeAngles_ax3,100,-6.272969007492065,17,secondary
RKneeAngles_ax1,0,14.330360412597656,17,primary
RKneeAngles_ax1,1,14.89162302017212,17,primary
RKneeAngles_ax1,2,15.396248817443848,17,primary
RKneeAngles_ax1,3,16.034696102142334,17,primary
RKneeAngles_ax1,4,17.358051300048828,17,primary
RKneeAngles_ax1,5,18.832992553710938,17,primary
RKneeAngles_ax1,6,19.97718620300293,17,primary
RKneeAngles_ax1,7,20.616168975830078,17,primary
RKneeAngles_ax1,8,22.037229537963867,17,primary
RKneeAngles_ax1,9,22.77669048309326,17,primary
RKneeAngles_ax1,10,25.767009735107422,17,primary
RKneeAngles_ax1,11,28.83306884765625,17,primary
RKneeAngles_ax1,12,30.30722999572754,17,primary
RKneeAngles_ax1,13,30.926029205322266,17,primary
RKneeAngles_ax1,14,31.10457992553711,17,primary
RKneeAngles_ax1,15,31.291852951049805,17,primary
RKneeAngles_ax1,16,31.514780044555664,17,primary
RKneeAngles_ax1,17,33.18486404418945,17,primary
RKneeAngles_ax1,18,34.767215728759766,17,primary
RKneeAngles_ax1,19,34.502784729003906,17,primary
RKneeAngles_ax1,20,34.024837493896484,17,primary
RKneeAngles_ax1,21,33.503549575805664,17,primary
RKneeAngles_ax1,22,32.96235275268555,17,primary
RKneeAngles_ax1,23,32.396904945373535,17,primary
RKneeAngles_ax1,24,31.78570556640625,17,primary
RKneeAngles_ax1,25,31.10541820526123,17,primary
RKneeAngles_ax1,26,31.256690979003906,17,primary
RKneeAngles_ax1,27,32.594247817993164,17,primary
RKneeAngles_ax1,28,33.68318557739258,17,primary
RKneeAngles_ax1,29,32.44015884399414,17,primary
RKneeAngles_ax1,30,31.091537475585938,17,primary
RKneeAngles_ax1,31,30.016443252563477,17,primary
RKneeAngles_ax1,32,28.797456741333008,17,primary
RKneeAngles_ax1,33,27.397249221801758,17,primary
RKneeAngles_ax1,34,25.975797653198242,17,primary
RKneeAngles_ax1,35,24.71073341369629,17,primary
RKneeAngles_ax1,36,23.56138801574707,17,primary
RKneeAngles_ax1,37,22.770872116088867,17,primary
RKneeAngles_ax1,38,21.65349316596985,17,primary
RKneeAngles_ax1,39,20.65275001525879,17,primary
RKneeAngles_ax1,40,20.176109313964844,17,primary
RKneeAngles_ax1,41,19.76631450653076,17,primary
RKneeAngles_ax1,42,19.473134994506836,17,primary
RKneeAngles_ax1,43,19.224239349365234,17,primary
RKneeAngles_ax1,44,18.11087417602539,17,primary
RKneeAngles_ax1,45,17.275005340576172,17,primary
RKneeAngles_ax1,46,15.75186538696289,17,primary
RKneeAngles_ax1,47,14.54381275177002,17,primary
RKneeAngles_ax1,48,13.454407691955566,17,primary
RKneeAngles_ax1,49,13.216172218322754,17,primary
RKneeAngles_ax1,50,13.757020950317383,17,primary
RKneeAngles_ax1,51,14.747068405151367,17,primary
RKneeAngles_ax1,52,15.615918159484863,17,primary
RKneeAngles_ax1,53,16.536640167236328,17,primary
RKneeAngles_ax1,54,17.552526473999023,17,primary
RKneeAngles_ax1,55,18.683988571166992,17,primary
RKneeAngles_ax1,56,19.888418197631836,17,primary
RKneeAngles_ax1,57,21.211292266845703,17,primary
RKneeAngles_ax1,58,22.76251983642578,17,primary
RKneeAngles_ax1,59,24.57329559326172,17,primary
RKneeAngles_ax1,60,26.657245635986328,17,primary
RKneeAngles_ax1,61,29.02999496459961,17,primary
RKneeAngles_ax1,62,30.806981086730957,17,primary
RKneeAngles_ax1,63,33.78409194946289,17,primary
RKneeAngles_ax1,64,37.2337760925293,17,primary
RKneeAngles_ax1,65,39.02560997009277,17,primary
RKneeAngles_ax1,66,42.160648345947266,17,primary
RKneeAngles_ax1,67,46.27457046508789,17,primary
RKneeAngles_ax1,68,50.34685516357422,17,primary
RKneeAngles_ax1,69,54.22159194946289,17,primary
RKneeAngles_ax1,70,57.739715576171875,17,primary
RKneeAngles_ax1,71,60.53669738769531,17,primary
RKneeAngles_ax1,72,62.956695556640625,17,primary
RKneeAngles_ax1,73,63.95168685913086,17,primary
RKneeAngles_ax1,74,64.50846481323242,17,primary
RKneeAngles_ax1,75,64.75411987304688,17,primary
RKneeAngles_ax1,76,64.69017028808594,17,primary
RKneeAngles_ax1,77,64.32926559448242,17,primary
RKneeAngles_ax1,78,63.67852783203125,17,primary
RKneeAngles_ax1,79,62.745683670043945,17,primary
RKneeAngles_ax1,80,61.540191650390625,17,primary
RKneeAngles_ax1,81,60.07282257080078,17,primary
RKneeAngles_ax1,82,58.35401916503906,17,primary
RKneeAngles_ax1,83,56.392826080322266,17,primary
RKneeAngles_ax1,84,54.0120964050293,17,primary
RKneeAngles_ax1,85,50.68012619018555,17,primary
RKneeAngles_ax1,86,47.118431091308594,17,primary
RKneeAngles_ax1,87,43.36996078491211,17,primary
RKneeAngles_ax1,88,39.49625778198242,17,primary
RKneeAngles_ax1,89,35.5747184753418,17,primary
RKneeAngles_ax1,90,31.688020706176758,17,primary
RKneeAngles_ax1,91,27.92428970336914,17,primary
RKneeAngles_ax1,92,24.33395004272461,17,primary
RKneeAngles_ax1,93,21.85538673400879,17,primary
RKneeAngles_ax1,94,19.998781204223633,17,primary
RKneeAngles_ax1,95,17.22310447692871,17,primary
RKneeAngles_ax1,96,15.455723762512207,17,primary
RKneeAngles_ax1,97,14.613423347473145,17,primary
RKneeAngles_ax1,98,13.368606567382812,17,primary
RKneeAngles_ax1,99,13.466845035552979,17,primary
RKneeAngles_ax1,100,13.026186466217041,17,primary
RKneeAngles_ax2,0,-5.468675851821899,17,secondary
RKneeAngles_ax2,1,-5.907418727874756,17,secondary
RKneeAngles_ax2,2,-6.29044508934021,17,secondary
RKneeAngles_ax2,3,-6.727406740188599,17,secondary
RKneeAngles_ax2,4,-7.152511835098267,17,secondary
RKneeAngles_ax2,5,-7.552025318145752,17,secondary
RKneeAngles_ax2,6,-8.122292757034302,17,secondary
RKneeAngles_ax2,7,-8.371835231781006,17,secondary
RKneeAngles_ax2,8,-8.683582305908203,17,secondary
RKneeAngles_ax2,9,-9.04892635345459,17,secondary
RKneeAngles_ax2,10,-9.374070644378662,17,secondary
RKneeAngles_ax2,11,-9.594122886657715,17,secondary
RKneeAngles_ax2,12,-9.636533260345459,17,secondary
RKneeAngles_ax2,13,-9.574257373809814,17,secondary
RKneeAngles_ax2,14,-9.32431411743164,17,secondary
RKneeAngles_ax2,15,-9.295395374298096,17,secondary
RKneeAngles_ax2,16,-9.267837047576904,17,secondary
RKneeAngles_ax2,17,-9.113546371459961,17,secondary
RKneeAngles_ax2,18,-9.403987884521484,17,secondary
RKneeAngles_ax2,19,-9.67067813873291,17,secondary
RKneeAngles_ax2,20,-9.800435066223145,17,secondary
RKneeAngles_ax2,21,-9.898905754089355,17,secondary
RKneeAngles_ax2,22,-10.064794540405273,17,secondary
RKneeAngles_ax2,23,-10.003341674804688,17,secondary
RKneeAngles_ax2,24,-10.031660079956055,17,secondary
RKneeAngles_ax2,25,-10.302624702453613,17,secondary
RKneeAngles_ax2,26,-10.827418327331543,17,secondary
RKneeAngles_ax2,27,-11.406333923339844,17,secondary
RKneeAngles_ax2,28,-11.149137020111084,17,secondary
RKneeAngles_ax2,29,-10.745753288269043,17,secondary
RKneeAngles_ax2,30,-10.379085540771484,17,secondary
RKneeAngles_ax2,31,-9.933703899383545,17,secondary
RKneeAngles_ax2,32,-9.424155712127686,17,secondary
RKneeAngles_ax2,33,-9.095874309539795,17,secondary
RKneeAngles_ax2,34,-8.145123481750488,17,secondary
RKneeAngles_ax2,35,-7.219313621520996,17,secondary
RKneeAngles_ax2,36,-6.3885273933410645,17,secondary
RKneeAngles_ax2,37,-5.933114051818848,17,secondary
RKneeAngles_ax2,38,-5.784358024597168,17,secondary
RKneeAngles_ax2,39,-5.645105361938477,17,secondary
RKneeAngles_ax2,40,-5.50108528137207,17,secondary
RKneeAngles_ax2,41,-5.48537278175354,17,secondary
RKneeAngles_ax2,42,-5.571463584899902,17,secondary
RKneeAngles_ax2,43,-5.680485010147095,17,secondary
RKneeAngles_ax2,44,-5.8176209926605225,17,secondary
RKneeAngles_ax2,45,-5.991034507751465,17,secondary
RKneeAngles_ax2,46,-6.210748195648193,17,secondary
RKneeAngles_ax2,47,-6.227735280990601,17,secondary
RKneeAngles_ax2,48,-5.78293776512146,17,secondary
RKneeAngles_ax2,49,-5.488595962524414,17,secondary
RKneeAngles_ax2,50,-5.848619222640991,17,secondary
RKneeAngles_ax2,51,-6.321277618408203,17,secondary
RKneeAngles_ax2,52,-6.542012929916382,17,secondary
RKneeAngles_ax2,53,-6.911306142807007,17,secondary
RKneeAngles_ax2,54,-7.2553582191467285,17,secondary
RKneeAngles_ax2,55,-7.859267950057983,17,secondary
RKneeAngles_ax2,56,-8.539748191833496,17,secondary
RKneeAngles_ax2,57,-9.310992240905762,17,secondary
RKneeAngles_ax2,58,-9.987455368041992,17,secondary
RKneeAngles_ax2,59,-10.586989879608154,17,secondary
RKneeAngles_ax2,60,-11.207295417785645,17,secondary
RKneeAngles_ax2,61,-11.858104228973389,17,secondary
RKneeAngles_ax2,62,-12.558066368103027,17,secondary
RKneeAngles_ax2,63,-13.126934051513672,17,secondary
RKneeAngles_ax2,64,-12.99625015258789,17,secondary
RKneeAngles_ax2,65,-13.063323497772217,17,secondary
RKneeAngles_ax2,66,-12.575163841247559,17,secondary
RKneeAngles_ax2,67,-12.084179401397705,17,secondary
RKneeAngles_ax2,68,-12.407605648040771,17,secondary
RKneeAngles_ax2,69,-12.162386417388916,17,secondary
RKneeAngles_ax2,70,-12.057111740112305,17,secondary
RKneeAngles_ax2,71,-11.935695171356201,17,secondary
RKneeAngles_ax2,72,-11.963680267333984,17,secondary
RKneeAngles_ax2,73,-12.055849075317383,17,secondary
RKneeAngles_ax2,74,-12.119639873504639,17,secondary
RKneeAngles_ax2,75,-11.822878360748291,17,secondary
RKneeAngles_ax2,76,-11.320693969726562,17,secondary
RKneeAngles_ax2,77,-11.244223594665527,17,secondary
RKneeAngles_ax2,78,-10.9112229347229,17,secondary
RKneeAngles_ax2,79,-10.428472518920898,17,secondary
RKneeAngles_ax2,80,-10.763051986694336,17,secondary
RKneeAngles_ax2,81,-10.665995597839355,17,secondary
RKneeAngles_ax2,82,-10.286639213562012,17,secondary
RKneeAngles_ax2,83,-9.971251487731934,17,secondary
RKneeAngles_ax2,84,-9.491483688354492,17,secondary
RKneeAngles_ax2,85,-8.720633029937744,17,secondary
RKneeAngles_ax2,86,-8.567194938659668,17,secondary
RKneeAngles_ax2,87,-8.540346145629883,17,secondary
RKneeAngles_ax2,88,-8.500711441040039,17,secondary
RKneeAngles_ax2,89,-8.421199321746826,17,secondary
RKneeAngles_ax2,90,-8.453454971313477,17,secondary
RKneeAngles_ax2,91,-8.386247634887695,17,secondary
RKneeAngles_ax2,92,-8.167637825012207,17,secondary
RKneeAngles_ax2,93,-7.938053131103516,17,secondary
RKneeAngles_ax2,94,-7.794005870819092,17,secondary
RKneeAngles_ax2,95,-7.348662853240967,17,secondary
RKneeAngles_ax2,96,-6.548341512680054,17,secondary
RKneeAngles_ax2,97,-6.1765947341918945,17,secondary
RKneeAngles_ax2,98,-5.593599319458008,17,secondary
RKneeAngles_ax2,99,-5.5570337772369385,17,secondary
RKneeAngles_ax2,100,-5.652960538864136,17,secondary
RKneeAngles_ax3,0,-5.886547088623047,17,secondary
RKneeAngles_ax3,1,-5.540317535400391,17,secondary
RKneeAngles_ax3,2,-5.627003192901611,17,secondary
RKneeAngles_ax3,3,-5.897806644439697,17,secondary
RKneeAngles_ax3,4,-6.863687038421631,17,secondary
RKneeAngles_ax3,5,-7.714956283569336,17,secondary
RKneeAngles_ax3,6,-8.324010848999023,17,secondary
RKneeAngles_ax3,7,-8.732305526733398,17,secondary
RKneeAngles_ax3,8,-7.656560897827148,17,secondary
RKneeAngles_ax3,9,-6.823303699493408,17,secondary
RKneeAngles_ax3,10,-7.381313800811768,17,secondary
RKneeAngles_ax3,11,-7.838708400726318,17,secondary
RKneeAngles_ax3,12,-7.014989852905273,17,secondary
RKneeAngles_ax3,13,-5.912169456481934,17,secondary
RKneeAngles_ax3,14,-5.19320821762085,17,secondary
RKneeAngles_ax3,15,-4.051916122436523,17,secondary
RKneeAngles_ax3,16,-3.148491144180298,17,secondary
RKneeAngles_ax3,17,-1.7118878364562988,17,secondary
RKneeAngles_ax3,18,-0.7970239818096161,17,secondary
RKneeAngles_ax3,19,1.1078554391860962,17,secondary
RKneeAngles_ax3,20,-0.09362896531820297,17,secondary
RKneeAngles_ax3,21,-0.7919327020645142,17,secondary
RKneeAngles_ax3,22,-2.6981831789016724,17,secondary
RKneeAngles_ax3,23,-3.063220977783203,17,secondary
RKneeAngles_ax3,24,-2.3929829597473145,17,secondary
RKneeAngles_ax3,25,-1.296519160270691,17,secondary
RKneeAngles_ax3,26,-0.7596661448478699,17,secondary
RKneeAngles_ax3,27,-0.501524806022644,17,secondary
RKneeAngles_ax3,28,0.7761632651090622,17,secondary
RKneeAngles_ax3,29,0.6836893558502197,17,secondary
RKneeAngles_ax3,30,-1.2135921716690063,17,secondary
RKneeAngles_ax3,31,-2.7808637619018555,17,secondary
RKneeAngles_ax3,32,-2.2193491458892822,17,secondary
RKneeAngles_ax3,33,-1.9132425785064697,17,secondary
RKneeAngles_ax3,34,-2.383565664291382,17,secondary
RKneeAngles_ax3,35,-3.4040162563323975,17,secondary
RKneeAngles_ax3,36,-4.238764643669128,17,secondary
RKneeAngles_ax3,37,-6.086590051651001,17,secondary
RKneeAngles_ax3,38,-6.476704120635986,17,secondary
RKneeAngles_ax3,39,-6.287163734436035,17,secondary
RKneeAngles_ax3,40,-6.051462650299072,17,secondary
RKneeAngles_ax3,41,-6.40423583984375,17,secondary
RKneeAngles_ax3,42,-8.02598762512207,17,secondary
RKneeAngles_ax3,43,-8.966578960418701,17,secondary
RKneeAngles_ax3,44,-8.399541854858398,17,secondary
RKneeAngles_ax3,45,-7.238577842712402,17,secondary
RKneeAngles_ax3,46,-6.043715238571167,17,secondary
RKneeAngles_ax3,47,-4.412572622299194,17,secondary
RKneeAngles_ax3,48,-3.6391091346740723,17,secondary
RKneeAngles_ax3,49,-4.334330081939697,17,secondary
RKneeAngles_ax3,50,-4.160048484802246,17,secondary
RKneeAngles_ax3,51,-4.01085901260376,17,secondary
RKneeAngles_ax3,52,-3.936340093612671,17,secondary
RKneeAngles_ax3,53,-3.989281177520752,17,secondary
RKneeAngles_ax3,54,-5.903709650039673,17,secondary
RKneeAngles_ax3,55,-7.46418833732605,17,secondary
RKneeAngles_ax3,56,-8.615838050842285,17,secondary
RKneeAngles_ax3,57,-7.5839338302612305,17,secondary
RKneeAngles_ax3,58,-6.823699951171875,17,secondary
RKneeAngles_ax3,59,-7.214669704437256,17,secondary
RKneeAngles_ax3,60,-6.574416160583496,17,secondary
RKneeAngles_ax3,61,-5.282846927642822,17,secondary
RKneeAngles_ax3,62,-4.942842483520508,17,secondary
RKneeAngles_ax3,63,-3.7743293046951294,17,secondary
RKneeAngles_ax3,64,-3.0552964210510254,17,secondary
RKneeAngles_ax3,65,-2.0334231853485107,17,secondary
RKneeAngles_ax3,66,-0.9583190679550171,17,secondary
RKneeAngles_ax3,67,-0.9312706589698792,17,secondary
RKneeAngles_ax3,68,-0.8450967073440552,17,secondary
RKneeAngles_ax3,69,-0.7939770817756653,17,secondary
RKneeAngles_ax3,70,-0.8775019645690918,17,secondary
RKneeAngles_ax3,71,-1.1326266527175903,17,secondary
RKneeAngles_ax3,72,-1.4581478834152222,17,secondary
RKneeAngles_ax3,73,-1.8435595035552979,17,secondary
RKneeAngles_ax3,74,-1.8828687071800232,17,secondary
RKneeAngles_ax3,75,-1.5821719765663147,17,secondary
RKneeAngles_ax3,76,-1.0838198587298393,17,secondary
RKneeAngles_ax3,77,-0.8175038695335388,17,secondary
RKneeAngles_ax3,78,-1.0987313985824585,17,secondary
RKneeAngles_ax3,79,-1.77040696144104,17,secondary
RKneeAngles_ax3,80,-1.4348088502883911,17,secondary
RKneeAngles_ax3,81,-1.2050389051437378,17,secondary
RKneeAngles_ax3,82,-1.7966781854629517,17,secondary
RKneeAngles_ax3,83,-2.0241363048553467,17,secondary
RKneeAngles_ax3,84,-2.699141025543213,17,secondary
RKneeAngles_ax3,85,-3.8567147254943848,17,secondary
RKneeAngles_ax3,86,-5.404002666473389,17,secondary
RKneeAngles_ax3,87,-6.785724401473999,17,secondary
RKneeAngles_ax3,88,-7.9879350662231445,17,secondary
RKneeAngles_ax3,89,-8.020968437194824,17,secondary
RKneeAngles_ax3,90,-9.000494003295898,17,secondary
RKneeAngles_ax3,91,-8.920397281646729,17,secondary
RKneeAngles_ax3,92,-8.598728656768799,17,secondary
RKneeAngles_ax3,93,-8.144813537597656,17,secondary
RKneeAngles_ax3,94,-8.797086715698242,17,secondary
RKneeAngles_ax3,95,-9.223862171173096,17,secondary
RKneeAngles_ax3,96,-9.151497840881348,17,secondary
RKneeAngles_ax3,97,-7.55595064163208,17,secondary
RKneeAngles_ax3,98,-6.598901271820068,17,secondary
RKneeAngles_ax3,99,-6.074641704559326,17,secondary
RKneeAngles_ax3,100,-5.491917610168457,17,secondary
LAJC_ax1,0,738.0573120117188,17,secondary
LAJC_ax1,1,747.6900329589844,17,secondary
LAJC_ax1,2,754.6235961914062,17,secondary
LAJC_ax1,3,760.1192626953125,17,secondary
LAJC_ax1,4,760.0965576171875,17,secondary
LAJC_ax1,5,759.5283203125,17,secondary
LAJC_ax1,6,759.94775390625,17,secondary
LAJC_ax1,7,757.5843505859375,17,secondary
LAJC_ax1,8,748.046630859375,17,secondary
LAJC_ax1,9,737.0791625976562,17,secondary
LAJC_ax1,10,735.0403442382812,17,secondary
LAJC_ax1,11,737.422119140625,17,secondary
LAJC_ax1,12,733.5725708007812,17,secondary
LAJC_ax1,13,716.9310913085938,17,secondary
LAJC_ax1,14,697.4606323242188,17,secondary
LAJC_ax1,15,707.68994140625,17,secondary
LAJC_ax1,16,723.7645874023438,17,secondary
LAJC_ax1,17,747.7593994140625,17,secondary
LAJC_ax1,18,773.36083984375,17,secondary
LAJC_ax1,19,799.365234375,17,secondary
LAJC_ax1,20,800.1454162597656,17,secondary
LAJC_ax1,21,800.8760375976562,17,secondary
LAJC_ax1,22,801.5338745117188,17,secondary
LAJC_ax1,23,796.6780395507812,17,secondary
LAJC_ax1,24,770.7236328125,17,secondary
LAJC_ax1,25,770.058349609375,17,secondary
LAJC_ax1,26,769.8494262695312,17,secondary
LAJC_ax1,27,791.8860473632812,17,secondary
LAJC_ax1,28,822.53515625,17,secondary
LAJC_ax1,29,842.9976196289062,17,secondary
LAJC_ax1,30,810.212890625,17,secondary
LAJC_ax1,31,809.5693359375,17,secondary
LAJC_ax1,32,809.87890625,17,secondary
LAJC_ax1,33,825.8830261230469,17,secondary
LAJC_ax1,34,843.7387390136719,17,secondary
LAJC_ax1,35,847.8387451171875,17,secondary
LAJC_ax1,36,847.6843566894531,17,secondary
LAJC_ax1,37,855.4705200195312,17,secondary
LAJC_ax1,38,856.9701538085938,17,secondary
LAJC_ax1,39,863.9218139648438,17,secondary
LAJC_ax1,40,876.3400573730469,17,secondary
LAJC_ax1,41,916.9359741210938,17,secondary
LAJC_ax1,42,915.7137145996094,17,secondary
LAJC_ax1,43,886.5755004882812,17,secondary
LAJC_ax1,44,862.4142456054688,17,secondary
LAJC_ax1,45,874.7689819335938,17,secondary
LAJC_ax1,46,904.1675415039062,17,secondary
LAJC_ax1,47,931.4863891601562,17,secondary
LAJC_ax1,48,956.42333984375,17,secondary
LAJC_ax1,49,978.745361328125,17,secondary
LAJC_ax1,50,986.5055847167969,17,secondary
LAJC_ax1,51,986.4719848632812,17,secondary
LAJC_ax1,52,986.4447631835938,17,secondary
LAJC_ax1,53,986.4192504882812,17,secondary
LAJC_ax1,54,986.3825378417969,17,secondary
LAJC_ax1,55,986.3344116210938,17,secondary
LAJC_ax1,56,986.2751159667969,17,secondary
LAJC_ax1,57,986.1889953613281,17,secondary
LAJC_ax1,58,986.0769348144531,17,secondary
LAJC_ax1,59,985.9322509765625,17,secondary
LAJC_ax1,60,985.7381896972656,17,secondary
LAJC_ax1,61,985.4736022949219,17,secondary
LAJC_ax1,62,985.12109375,17,secondary
LAJC_ax1,63,984.6728820800781,17,secondary
LAJC_ax1,64,984.1579895019531,17,secondary
LAJC_ax1,65,996.9006652832031,17,secondary
LAJC_ax1,66,1014.3185119628906,17,secondary
LAJC_ax1,67,1001.3251647949219,17,secondary
LAJC_ax1,68,987.6812133789062,17,secondary
LAJC_ax1,69,973.5140991210938,17,secondary
LAJC_ax1,70,958.9506225585938,17,secondary
LAJC_ax1,71,964.249267578125,17,secondary
LAJC_ax1,72,979.7513427734375,17,secondary
LAJC_ax1,73,1012.7443237304688,17,secondary
LAJC_ax1,74,1031.667724609375,17,secondary
LAJC_ax1,75,1045.1375732421875,17,secondary
LAJC_ax1,76,1077.7371826171875,17,secondary
LAJC_ax1,77,1097.1407470703125,17,secondary
LAJC_ax1,78,1082.4874267578125,17,secondary
LAJC_ax1,79,1047.951171875,17,secondary
LAJC_ax1,80,1045.8936767578125,17,secondary
LAJC_ax1,81,1079.135498046875,17,secondary
LAJC_ax1,82,1101.8096923828125,17,secondary
LAJC_ax1,83,1116.109619140625,17,secondary
LAJC_ax1,84,1121.7605590820312,17,secondary
LAJC_ax1,85,1127.3072509765625,17,secondary
LAJC_ax1,86,1125.8063049316406,17,secondary
LAJC_ax1,87,1124.2306823730469,17,secondary
LAJC_ax1,88,1122.6199035644531,17,secondary
LAJC_ax1,89,1121.0680847167969,17,secondary
LAJC_ax1,90,1119.6123504638672,17,secondary
LAJC_ax1,91,1118.2471160888672,17,secondary
LAJC_ax1,92,1141.4093017578125,17,secondary
LAJC_ax1,93,1173.3326416015625,17,secondary
LAJC_ax1,94,1179.3699951171875,17,secondary
LAJC_ax1,95,1178.625,17,secondary
LAJC_ax1,96,1177.8355712890625,17,secondary
LAJC_ax1,97,1177.00537109375,17,secondary
LAJC_ax1,98,1176.132080078125,17,secondary
LAJC_ax1,99,1175.20703125,17,secondary
LAJC_ax1,100,1174.2125244140625,17,secondary
LAJC_ax2,0,307.9491271972656,17,secondary
LAJC_ax2,1,308.4615173339844,17,secondary
LAJC_ax2,2,306.7878723144531,17,secondary
LAJC_ax2,3,304.9933776855469,17,secondary
LAJC_ax2,4,305.5522155761719,17,secondary
LAJC_ax2,5,307.0216979980469,17,secondary
LAJC_ax2,6,308.68072509765625,17,secondary
LAJC_ax2,7,310.0281066894531,17,secondary
LAJC_ax2,8,308.9989013671875,17,secondary
LAJC_ax2,9,308.5411376953125,17,secondary
LAJC_ax2,10,308.2947082519531,17,secondary
LAJC_ax2,11,308.1133728027344,17,secondary
LAJC_ax2,12,307.6318359375,17,secondary
LAJC_ax2,13,307.2334899902344,17,secondary
LAJC_ax2,14,307.23248291015625,17,secondary
LAJC_ax2,15,307.5238342285156,17,secondary
LAJC_ax2,16,308.0716552734375,17,secondary
LAJC_ax2,17,308.4244079589844,17,secondary
LAJC_ax2,18,308.4775390625,17,secondary
LAJC_ax2,19,305.32981872558594,17,secondary
LAJC_ax2,20,302.89576721191406,17,secondary
LAJC_ax2,21,303.4178466796875,17,secondary
LAJC_ax2,22,304.2997741699219,17,secondary
LAJC_ax2,23,304.78643798828125,17,secondary
LAJC_ax2,24,306.18243408203125,17,secondary
LAJC_ax2,25,308.1846923828125,17,secondary
LAJC_ax2,26,309.170654296875,17,secondary
LAJC_ax2,27,308.9273681640625,17,secondary
LAJC_ax2,28,308.5891418457031,17,secondary
LAJC_ax2,29,308.229248046875,17,secondary
LAJC_ax2,30,308.9223175048828,17,secondary
LAJC_ax2,31,310.75367736816406,17,secondary
LAJC_ax2,32,312.8037109375,17,secondary
LAJC_ax2,33,314.9514465332031,17,secondary
LAJC_ax2,34,317.00645446777344,17,secondary
LAJC_ax2,35,319.3900146484375,17,secondary
LAJC_ax2,36,320.9235534667969,17,secondary
LAJC_ax2,37,319.292236328125,17,secondary
LAJC_ax2,38,322.99310302734375,17,secondary
LAJC_ax2,39,324.2286071777344,17,secondary
LAJC_ax2,40,325.05548095703125,17,secondary
LAJC_ax2,41,326.9686584472656,17,secondary
LAJC_ax2,42,328.9530334472656,17,secondary
LAJC_ax2,43,330.0694274902344,17,secondary
LAJC_ax2,44,332.1103210449219,17,secondary
LAJC_ax2,45,332.5062561035156,17,secondary
LAJC_ax2,46,326.489990234375,17,secondary
LAJC_ax2,47,325.9533386230469,17,secondary
LAJC_ax2,48,325.6085205078125,17,secondary
LAJC_ax2,49,325.5301208496094,17,secondary
LAJC_ax2,50,325.72698974609375,17,secondary
LAJC_ax2,51,326.2043762207031,17,secondary
LAJC_ax2,52,324.2847595214844,17,secondary
LAJC_ax2,53,321.1612548828125,17,secondary
LAJC_ax2,54,318.9576110839844,17,secondary
LAJC_ax2,55,318.5255432128906,17,secondary
LAJC_ax2,56,318.6694030761719,17,secondary
LAJC_ax2,57,319.2268371582031,17,secondary
LAJC_ax2,58,319.71124267578125,17,secondary
LAJC_ax2,59,319.8485412597656,17,secondary
LAJC_ax2,60,323.9510498046875,17,secondary
LAJC_ax2,61,328.2216491699219,17,secondary
LAJC_ax2,62,331.4106750488281,17,secondary
LAJC_ax2,63,334.9198913574219,17,secondary
LAJC_ax2,64,338.18316650390625,17,secondary
LAJC_ax2,65,338.4260559082031,17,secondary
LAJC_ax2,66,338.45240783691406,17,secondary
LAJC_ax2,67,338.9291076660156,17,secondary
LAJC_ax2,68,339.58624267578125,17,secondary
LAJC_ax2,69,340.2621765136719,17,secondary
LAJC_ax2,70,340.3197326660156,17,secondary
LAJC_ax2,71,339.93280029296875,17,secondary
LAJC_ax2,72,338.2220764160156,17,secondary
LAJC_ax2,73,338.3660583496094,17,secondary
LAJC_ax2,74,338.512451171875,17,secondary
LAJC_ax2,75,338.017333984375,17,secondary
LAJC_ax2,76,336.4373779296875,17,secondary
LAJC_ax2,77,335.4078674316406,17,secondary
LAJC_ax2,78,334.9475402832031,17,secondary
LAJC_ax2,79,335.0224304199219,17,secondary
LAJC_ax2,80,335.1246643066406,17,secondary
LAJC_ax2,81,334.4919738769531,17,secondary
LAJC_ax2,82,333.8806457519531,17,secondary
LAJC_ax2,83,333.23968505859375,17,secondary
LAJC_ax2,84,332.5780944824219,17,secondary
LAJC_ax2,85,332.0750427246094,17,secondary
LAJC_ax2,86,331.753662109375,17,secondary
LAJC_ax2,87,331.20880126953125,17,secondary
LAJC_ax2,88,330.15570068359375,17,secondary
LAJC_ax2,89,330.74481201171875,17,secondary
LAJC_ax2,90,334.4937438964844,17,secondary
LAJC_ax2,91,333.9106140136719,17,secondary
LAJC_ax2,92,333.4260559082031,17,secondary
LAJC_ax2,93,333.8658447265625,17,secondary
LAJC_ax2,94,334.1926574707031,17,secondary
LAJC_ax2,95,332.9818420410156,17,secondary
LAJC_ax2,96,332.2947998046875,17,secondary
LAJC_ax2,97,332.2383728027344,17,secondary
LAJC_ax2,98,332.25262451171875,17,secondary
LAJC_ax2,99,331.9631042480469,17,secondary
LAJC_ax2,100,330.6186218261719,17,secondary
LAJC_ax3,0,110.31640625,17,secondary
LAJC_ax3,1,111.24739074707031,17,secondary
LAJC_ax3,2,110.152099609375,17,secondary
LAJC_ax3,3,110.91659545898438,17,secondary
LAJC_ax3,4,108.70502853393555,17,secondary
LAJC_ax3,5,108.94693756103516,17,secondary
LAJC_ax3,6,105.62809753417969,17,secondary
LAJC_ax3,7,107.36724090576172,17,secondary
LAJC_ax3,8,109.6675033569336,17,secondary
LAJC_ax3,9,115.9057846069336,17,secondary
LAJC_ax3,10,118.6681137084961,17,secondary
LAJC_ax3,11,121.79115676879883,17,secondary
LAJC_ax3,12,127.53775787353516,17,secondary
LAJC_ax3,13,135.11061096191406,17,secondary
LAJC_ax3,14,143.1584815979004,17,secondary
LAJC_ax3,15,147.72296905517578,17,secondary
LAJC_ax3,16,151.53339385986328,17,secondary
LAJC_ax3,17,155.185302734375,17,secondary
LAJC_ax3,18,158.6153907775879,17,secondary
LAJC_ax3,19,161.71557998657227,17,secondary
LAJC_ax3,20,164.39234924316406,17,secondary
LAJC_ax3,21,166.5211524963379,17,secondary
LAJC_ax3,22,168.7525863647461,17,secondary
LAJC_ax3,23,171.23450469970703,17,secondary
LAJC_ax3,24,170.0921287536621,17,secondary
LAJC_ax3,25,168.8231964111328,17,secondary
LAJC_ax3,26,167.36939239501953,17,secondary
LAJC_ax3,27,166.1184844970703,17,secondary
LAJC_ax3,28,163.08399963378906,17,secondary
LAJC_ax3,29,159.5124855041504,17,secondary
LAJC_ax3,30,156.5842514038086,17,secondary
LAJC_ax3,31,153.43378067016602,17,secondary
LAJC_ax3,32,146.95119857788086,17,secondary
LAJC_ax3,33,142.1566047668457,17,secondary
LAJC_ax3,34,137.1500587463379,17,secondary
LAJC_ax3,35,130.56066131591797,17,secondary
LAJC_ax3,36,122.87316131591797,17,secondary
LAJC_ax3,37,116.03755187988281,17,secondary
LAJC_ax3,38,109.77868270874023,17,secondary
LAJC_ax3,39,106.70487976074219,17,secondary
LAJC_ax3,40,102.70674133300781,17,secondary
LAJC_ax3,41,100.07123947143555,17,secondary
LAJC_ax3,42,98.39483642578125,17,secondary
LAJC_ax3,43,97.59672164916992,17,secondary
LAJC_ax3,44,97.22178649902344,17,secondary
LAJC_ax3,45,99.28136444091797,17,secondary
LAJC_ax3,46,100.51765441894531,17,secondary
LAJC_ax3,47,102.44216918945312,17,secondary
LAJC_ax3,48,104.56564331054688,17,secondary
LAJC_ax3,49,106.3397445678711,17,secondary
LAJC_ax3,50,107.64241027832031,17,secondary
LAJC_ax3,51,105.99395370483398,17,secondary
LAJC_ax3,52,107.29814910888672,17,secondary
LAJC_ax3,53,108.58930206298828,17,secondary
LAJC_ax3,54,109.32381439208984,17,secondary
LAJC_ax3,55,111.90030288696289,17,secondary
LAJC_ax3,56,112.98807525634766,17,secondary
LAJC_ax3,57,112.975830078125,17,secondary
LAJC_ax3,58,111.01717376708984,17,secondary
LAJC_ax3,59,109.68706512451172,17,secondary
LAJC_ax3,60,110.88783645629883,17,secondary
LAJC_ax3,61,111.04976272583008,17,secondary
LAJC_ax3,62,111.17943572998047,17,secondary
LAJC_ax3,63,111.50667953491211,17,secondary
LAJC_ax3,64,111.96663284301758,17,secondary
LAJC_ax3,65,112.50379943847656,17,secondary
LAJC_ax3,66,113.0689468383789,17,secondary
LAJC_ax3,67,113.62149047851562,17,secondary
LAJC_ax3,68,114.13441467285156,17,secondary
LAJC_ax3,69,114.59746170043945,17,secondary
LAJC_ax3,70,115.01641845703125,17,secondary
LAJC_ax3,71,115.40902709960938,17,secondary
LAJC_ax3,72,115.7983627319336,17,secondary
LAJC_ax3,73,116.22429275512695,17,secondary
LAJC_ax3,74,116.66087341308594,17,secondary
LAJC_ax3,75,117.11228561401367,17,secondary
LAJC_ax3,76,117.60855484008789,17,secondary
LAJC_ax3,77,118.12137985229492,17,secondary
LAJC_ax3,78,118.64131546020508,17,secondary
LAJC_ax3,79,119.1609001159668,17,secondary
LAJC_ax3,80,119.6739730834961,17,secondary
LAJC_ax3,81,120.2987289428711,17,secondary
LAJC_ax3,82,120.931396484375,17,secondary
LAJC_ax3,83,121.56697082519531,17,secondary
LAJC_ax3,84,121.38303756713867,17,secondary
LAJC_ax3,85,121.16561126708984,17,secondary
LAJC_ax3,86,114.80924987792969,17,secondary
LAJC_ax3,87,112.24344635009766,17,secondary
LAJC_ax3,88,109.5243148803711,17,secondary
LAJC_ax3,89,104.88689422607422,17,secondary
LAJC_ax3,90,99.1898078918457,17,secondary
LAJC_ax3,91,96.32428741455078,17,secondary
LAJC_ax3,92,95.2381591796875,17,secondary
LAJC_ax3,93,94.70491027832031,17,secondary
LAJC_ax3,94,95.78559875488281,17,secondary
LAJC_ax3,95,96.85692596435547,17,secondary
LAJC_ax3,96,98.37164306640625,17,secondary
LAJC_ax3,97,99.88409423828125,17,secondary
LAJC_ax3,98,101.21365356445312,17,secondary
LAJC_ax3,99,101.68597412109375,17,secondary
LAJC_ax3,100,104.12109375,17,secondary
RAJC_ax1,0,805.1180725097656,17,secondary
RAJC_ax1,1,817.8745727539062,17,secondary
RAJC_ax1,2,827.9973754882812,17,secondary
RAJC_ax1,3,836.0672302246094,17,secondary
RAJC_ax1,4,842.621337890625,17,secondary
RAJC_ax1,5,848.0509033203125,17,secondary
RAJC_ax1,6,846.0410461425781,17,secondary
RAJC_ax1,7,842.5110473632812,17,secondary
RAJC_ax1,8,837.6983337402344,17,secondary
RAJC_ax1,9,831.59130859375,17,secondary
RAJC_ax1,10,824.2384033203125,17,secondary
RAJC_ax1,11,815.736328125,17,secondary
RAJC_ax1,12,806.2064208984375,17,secondary
RAJC_ax1,13,795.7392883300781,17,secondary
RAJC_ax1,14,789.1804809570312,17,secondary
RAJC_ax1,15,772.5289916992188,17,secondary
RAJC_ax1,16,759.9783935546875,17,secondary
RAJC_ax1,17,758.9080200195312,17,secondary
RAJC_ax1,18,772.1833801269531,17,secondary
RAJC_ax1,19,784.1067504882812,17,secondary
RAJC_ax1,20,783.5263061523438,17,secondary
RAJC_ax1,21,785.22314453125,17,secondary
RAJC_ax1,22,788.4740600585938,17,secondary
RAJC_ax1,23,784.6668701171875,17,secondary
RAJC_ax1,24,792.6515808105469,17,secondary
RAJC_ax1,25,802.6521301269531,17,secondary
RAJC_ax1,26,820.0223083496094,17,secondary
RAJC_ax1,27,812.144287109375,17,secondary
RAJC_ax1,28,803.2424011230469,17,secondary
RAJC_ax1,29,798.2619018554688,17,secondary
RAJC_ax1,30,803.7549133300781,17,secondary
RAJC_ax1,31,803.9642333984375,17,secondary
RAJC_ax1,32,837.8932800292969,17,secondary
RAJC_ax1,33,855.3495178222656,17,secondary
RAJC_ax1,34,867.5805358886719,17,secondary
RAJC_ax1,35,888.5198974609375,17,secondary
RAJC_ax1,36,931.6515502929688,17,secondary
RAJC_ax1,37,975.2188720703125,17,secondary
RAJC_ax1,38,985.9997253417969,17,secondary
RAJC_ax1,39,970.6078491210938,17,secondary
RAJC_ax1,40,991.589111328125,17,secondary
RAJC_ax1,41,993.9332580566406,17,secondary
RAJC_ax1,42,995.0657653808594,17,secondary
RAJC_ax1,43,996.4302368164062,17,secondary
RAJC_ax1,44,1002.3870239257812,17,secondary
RAJC_ax1,45,1003.8651428222656,17,secondary
RAJC_ax1,46,1014.3614501953125,17,secondary
RAJC_ax1,47,1029.3963317871094,17,secondary
RAJC_ax1,48,1042.1137084960938,17,secondary
RAJC_ax1,49,1041.6908569335938,17,secondary
RAJC_ax1,50,1054.0217895507812,17,secondary
RAJC_ax1,51,1059.880126953125,17,secondary
RAJC_ax1,52,1062.258544921875,17,secondary
RAJC_ax1,53,1064.936279296875,17,secondary
RAJC_ax1,54,1063.8873291015625,17,secondary
RAJC_ax1,55,1059.4495849609375,17,secondary
RAJC_ax1,56,1054.0164794921875,17,secondary
RAJC_ax1,57,1058.9437255859375,17,secondary
RAJC_ax1,58,1064.9730224609375,17,secondary
RAJC_ax1,59,1072.4073486328125,17,secondary
RAJC_ax1,60,1081.7760009765625,17,secondary
RAJC_ax1,61,1093.4818115234375,17,secondary
RAJC_ax1,62,1100.7510375976562,17,secondary
RAJC_ax1,63,1088.6006469726562,17,secondary
RAJC_ax1,64,1096.5704345703125,17,secondary
RAJC_ax1,65,1106.795654296875,17,secondary
RAJC_ax1,66,1110.8983764648438,17,secondary
RAJC_ax1,67,1108.122802734375,17,secondary
RAJC_ax1,68,1093.338134765625,17,secondary
RAJC_ax1,69,1092.1502075195312,17,secondary
RAJC_ax1,70,1115.3641967773438,17,secondary
RAJC_ax1,71,1114.131591796875,17,secondary
RAJC_ax1,72,1108.4788818359375,17,secondary
RAJC_ax1,73,1108.012939453125,17,secondary
RAJC_ax1,74,1107.7745361328125,17,secondary
RAJC_ax1,75,1107.38623046875,17,secondary
RAJC_ax1,76,1108.1390380859375,17,secondary
RAJC_ax1,77,1108.685546875,17,secondary
RAJC_ax1,78,1109.2921142578125,17,secondary
RAJC_ax1,79,1109.98828125,17,secondary
RAJC_ax1,80,1110.66015625,17,secondary
RAJC_ax1,81,1111.1287841796875,17,secondary
RAJC_ax1,82,1111.4322509765625,17,secondary
RAJC_ax1,83,1111.726806640625,17,secondary
RAJC_ax1,84,1112.115234375,17,secondary
RAJC_ax1,85,1129.958984375,17,secondary
RAJC_ax1,86,1137.9312744140625,17,secondary
RAJC_ax1,87,1139.1646728515625,17,secondary
RAJC_ax1,88,1147.0179443359375,17,secondary
RAJC_ax1,89,1153.4780883789062,17,secondary
RAJC_ax1,90,1174.572021484375,17,secondary
RAJC_ax1,91,1183.7481079101562,17,secondary
RAJC_ax1,92,1185.5361328125,17,secondary
RAJC_ax1,93,1192.251708984375,17,secondary
RAJC_ax1,94,1193.4117431640625,17,secondary
RAJC_ax1,95,1194.7679443359375,17,secondary
RAJC_ax1,96,1196.34326171875,17,secondary
RAJC_ax1,97,1195.8834228515625,17,secondary
RAJC_ax1,98,1219.03955078125,17,secondary
RAJC_ax1,99,1220.308837890625,17,secondary
RAJC_ax1,100,1239.17724609375,17,secondary
RAJC_ax2,0,247.61932373046875,17,secondary
RAJC_ax2,1,247.24505615234375,17,secondary
RAJC_ax2,2,246.6712188720703,17,secondary
RAJC_ax2,3,245.88967895507812,17,secondary
RAJC_ax2,4,244.9180450439453,17,secondary
RAJC_ax2,5,243.80593872070312,17,secondary
RAJC_ax2,6,242.63746643066406,17,secondary
RAJC_ax2,7,241.52874755859375,17,secondary
RAJC_ax2,8,240.61988830566406,17,secondary
RAJC_ax2,9,240.24765014648438,17,secondary
RAJC_ax2,10,240.53591918945312,17,secondary
RAJC_ax2,11,240.64891052246094,17,secondary
RAJC_ax2,12,241.7584991455078,17,secondary
RAJC_ax2,13,243.6741485595703,17,secondary
RAJC_ax2,14,246.24920654296875,17,secondary
RAJC_ax2,15,249.40374755859375,17,secondary
RAJC_ax2,16,248.96510314941406,17,secondary
RAJC_ax2,17,247.344970703125,17,secondary
RAJC_ax2,18,245.9475860595703,17,secondary
RAJC_ax2,19,244.73675537109375,17,secondary
RAJC_ax2,20,244.6322479248047,17,secondary
RAJC_ax2,21,245.23097229003906,17,secondary
RAJC_ax2,22,246.84520721435547,17,secondary
RAJC_ax2,23,249.33838653564453,17,secondary
RAJC_ax2,24,250.80291748046875,17,secondary
RAJC_ax2,25,250.63116455078125,17,secondary
RAJC_ax2,26,250.45472717285156,17,secondary
RAJC_ax2,27,250.2829132080078,17,secondary
RAJC_ax2,28,250.12490844726562,17,secondary
RAJC_ax2,29,250.50100708007812,17,secondary
RAJC_ax2,30,250.66799926757812,17,secondary
RAJC_ax2,31,250.07809448242188,17,secondary
RAJC_ax2,32,249.75636291503906,17,secondary
RAJC_ax2,33,249.73907470703125,17,secondary
RAJC_ax2,34,249.7461700439453,17,secondary
RAJC_ax2,35,249.77174377441406,17,secondary
RAJC_ax2,36,249.80926513671875,17,secondary
RAJC_ax2,37,251.12179565429688,17,secondary
RAJC_ax2,38,252.66111755371094,17,secondary
RAJC_ax2,39,254.64895629882812,17,secondary
RAJC_ax2,40,257.7220458984375,17,secondary
RAJC_ax2,41,260.5305480957031,17,secondary
RAJC_ax2,42,263.305419921875,17,secondary
RAJC_ax2,43,262.95263671875,17,secondary
RAJC_ax2,44,262.18822479248047,17,secondary
RAJC_ax2,45,260.2986068725586,17,secondary
RAJC_ax2,46,258.8174133300781,17,secondary
RAJC_ax2,47,257.7426300048828,17,secondary
RAJC_ax2,48,257.04588317871094,17,secondary
RAJC_ax2,49,256.8770523071289,17,secondary
RAJC_ax2,50,257.24735260009766,17,secondary
RAJC_ax2,51,258.1737518310547,17,secondary
RAJC_ax2,52,259.56219482421875,17,secondary
RAJC_ax2,53,261.18975830078125,17,secondary
RAJC_ax2,54,262.81378173828125,17,secondary
RAJC_ax2,55,264.23052978515625,17,secondary
RAJC_ax2,56,265.3682403564453,17,secondary
RAJC_ax2,57,266.13427734375,17,secondary
RAJC_ax2,58,266.44740295410156,17,secondary
RAJC_ax2,59,266.245361328125,17,secondary
RAJC_ax2,60,262.7580871582031,17,secondary
RAJC_ax2,61,261.5040283203125,17,secondary
RAJC_ax2,62,261.4566345214844,17,secondary
RAJC_ax2,63,261.3523864746094,17,secondary
RAJC_ax2,64,261.2427673339844,17,secondary
RAJC_ax2,65,262.1566467285156,17,secondary
RAJC_ax2,66,261.1275634765625,17,secondary
RAJC_ax2,67,261.1414794921875,17,secondary
RAJC_ax2,68,261.1851501464844,17,secondary
RAJC_ax2,69,261.8064880371094,17,secondary
RAJC_ax2,70,262.42529296875,17,secondary
RAJC_ax2,71,263.0380554199219,17,secondary
RAJC_ax2,72,263.2510986328125,17,secondary
RAJC_ax2,73,263.1797180175781,17,secondary
RAJC_ax2,74,261.5660705566406,17,secondary
RAJC_ax2,75,260.6214599609375,17,secondary
RAJC_ax2,76,260.4087219238281,17,secondary
RAJC_ax2,77,260.21044921875,17,secondary
RAJC_ax2,78,260.0389709472656,17,secondary
RAJC_ax2,79,259.9033203125,17,secondary
RAJC_ax2,80,259.8094177246094,17,secondary
RAJC_ax2,81,259.76007080078125,17,secondary
RAJC_ax2,82,259.75518798828125,17,secondary
RAJC_ax2,83,259.7918395996094,17,secondary
RAJC_ax2,84,259.8674621582031,17,secondary
RAJC_ax2,85,259.9713134765625,17,secondary
RAJC_ax2,86,260.8717956542969,17,secondary
RAJC_ax2,87,262.3348388671875,17,secondary
RAJC_ax2,88,263.32684326171875,17,secondary
RAJC_ax2,89,263.2379150390625,17,secondary
RAJC_ax2,90,263.116943359375,17,secondary
RAJC_ax2,91,262.97314453125,17,secondary
RAJC_ax2,92,262.81500244140625,17,secondary
RAJC_ax2,93,262.648681640625,17,secondary
RAJC_ax2,94,262.477294921875,17,secondary
RAJC_ax2,95,262.3006896972656,17,secondary
RAJC_ax2,96,262.1161804199219,17,secondary
RAJC_ax2,97,261.9198913574219,17,secondary
RAJC_ax2,98,261.7078552246094,17,secondary
RAJC_ax2,99,261.4770202636719,17,secondary
RAJC_ax2,100,261.22576904296875,17,secondary
RAJC_ax3,0,108.35619354248047,17,secondary
RAJC_ax3,1,111.47211074829102,17,secondary
RAJC_ax3,2,111.3067741394043,17,secondary
RAJC_ax3,3,108.53379821777344,17,secondary
RAJC_ax3,4,111.46593856811523,17,secondary
RAJC_ax3,5,111.28961181640625,17,secondary
RAJC_ax3,6,113.74228286743164,17,secondary
RAJC_ax3,7,113.66659545898438,17,secondary
RAJC_ax3,8,112.26294708251953,17,secondary
RAJC_ax3,9,111.42703247070312,17,secondary
RAJC_ax3,10,111.1797981262207,17,secondary
RAJC_ax3,11,111.12491607666016,17,secondary
RAJC_ax3,12,111.42981719970703,17,secondary
RAJC_ax3,13,111.84709930419922,17,secondary
RAJC_ax3,14,112.28551483154297,17,secondary
RAJC_ax3,15,112.70662689208984,17,secondary
RAJC_ax3,16,113.05401611328125,17,secondary
RAJC_ax3,17,113.29989624023438,17,secondary
RAJC_ax3,18,113.47984313964844,17,secondary
RAJC_ax3,19,113.54226684570312,17,secondary
RAJC_ax3,20,113.5785140991211,17,secondary
RAJC_ax3,21,113.73029327392578,17,secondary
RAJC_ax3,22,114.07660675048828,17,secondary
RAJC_ax3,23,114.6319351196289,17,secondary
RAJC_ax3,24,115.37104797363281,17,secondary
RAJC_ax3,25,116.12307739257812,17,secondary
RAJC_ax3,26,116.75503540039062,17,secondary
RAJC_ax3,27,117.2478256225586,17,secondary
RAJC_ax3,28,117.65766906738281,17,secondary
RAJC_ax3,29,118.09761047363281,17,secondary
RAJC_ax3,30,118.6785888671875,17,secondary
RAJC_ax3,31,119.4156265258789,17,secondary
RAJC_ax3,32,120.23469543457031,17,secondary
RAJC_ax3,33,121.09580993652344,17,secondary
RAJC_ax3,34,120.82484817504883,17,secondary
RAJC_ax3,35,118.54774475097656,17,secondary
RAJC_ax3,36,115.3468017578125,17,secondary
RAJC_ax3,37,115.50257110595703,17,secondary
RAJC_ax3,38,116.00977325439453,17,secondary
RAJC_ax3,39,108.86981582641602,17,secondary
RAJC_ax3,40,103.3137435913086,17,secondary
RAJC_ax3,41,103.71317291259766,17,secondary
RAJC_ax3,42,102.14576721191406,17,secondary
RAJC_ax3,43,100.55471420288086,17,secondary
RAJC_ax3,44,101.44968795776367,17,secondary
RAJC_ax3,45,103.02250671386719,17,secondary
RAJC_ax3,46,104.84900283813477,17,secondary
RAJC_ax3,47,106.90833282470703,17,secondary
RAJC_ax3,48,108.9257926940918,17,secondary
RAJC_ax3,49,110.66596984863281,17,secondary
RAJC_ax3,50,110.43659591674805,17,secondary
RAJC_ax3,51,110.6572036743164,17,secondary
RAJC_ax3,52,109.57302856445312,17,secondary
RAJC_ax3,53,106.92124557495117,17,secondary
RAJC_ax3,54,106.12759399414062,17,secondary
RAJC_ax3,55,108.21928405761719,17,secondary
RAJC_ax3,56,109.0065689086914,17,secondary
RAJC_ax3,57,109.6439208984375,17,secondary
RAJC_ax3,58,111.15509033203125,17,secondary
RAJC_ax3,59,110.92692565917969,17,secondary
RAJC_ax3,60,117.50811386108398,17,secondary
RAJC_ax3,61,124.9924201965332,17,secondary
RAJC_ax3,62,133.33372497558594,17,secondary
RAJC_ax3,63,141.0700798034668,17,secondary
RAJC_ax3,64,144.9870834350586,17,secondary
RAJC_ax3,65,148.8170280456543,17,secondary
RAJC_ax3,66,152.4867706298828,17,secondary
RAJC_ax3,67,155.92523193359375,17,secondary
RAJC_ax3,68,159.05540084838867,17,secondary
RAJC_ax3,69,164.91285705566406,17,secondary
RAJC_ax3,70,172.5892791748047,17,secondary
RAJC_ax3,71,178.69920349121094,17,secondary
RAJC_ax3,72,183.07467651367188,17,secondary
RAJC_ax3,73,185.71058654785156,17,secondary
RAJC_ax3,74,186.564697265625,17,secondary
RAJC_ax3,75,185.55673217773438,17,secondary
RAJC_ax3,76,182.48629760742188,17,secondary
RAJC_ax3,77,178.33848571777344,17,secondary
RAJC_ax3,78,173.2954864501953,17,secondary
RAJC_ax3,79,167.521240234375,17,secondary
RAJC_ax3,80,160.5342559814453,17,secondary
RAJC_ax3,81,150.95013427734375,17,secondary
RAJC_ax3,82,144.5877227783203,17,secondary
RAJC_ax3,83,134.58660888671875,17,secondary
RAJC_ax3,84,126.62077713012695,17,secondary
RAJC_ax3,85,119.6892318725586,17,secondary
RAJC_ax3,86,113.28675842285156,17,secondary
RAJC_ax3,87,108.70402145385742,17,secondary
RAJC_ax3,88,107.14181518554688,17,secondary
RAJC_ax3,89,99.00679397583008,17,secondary
RAJC_ax3,90,97.53548049926758,17,secondary
RAJC_ax3,91,97.31787872314453,17,secondary
RAJC_ax3,92,95.89915466308594,17,secondary
RAJC_ax3,93,94.03847885131836,17,secondary
RAJC_ax3,94,94.42007064819336,17,secondary
RAJC_ax3,95,94.9181022644043,17,secondary
RAJC_ax3,96,95.61431121826172,17,secondary
RAJC_ax3,97,98.53373718261719,17,secondary
RAJC_ax3,98,99.8124008178711,17,secondary
RAJC_ax3,99,99.35916900634766,17,secondary
RAJC_ax3,100,100.09731674194336,17,secondary
LAnkleAngles_ax1,0,12.591388702392578,17,primary
LAnkleAngles_ax1,1,12.699430465698242,17,primary
LAnkleAngles_ax1,2,12.801029205322266,17,primary
LAnkleAngles_ax1,3,12.749167442321777,17,primary
LAnkleAngles_ax1,4,12.443208694458008,17,primary
LAnkleAngles_ax1,5,11.62476396560669,17,primary
LAnkleAngles_ax1,6,9.54012680053711,17,primary
LAnkleAngles_ax1,7,8.02866816520691,17,primary
LAnkleAngles_ax1,8,5.8902201652526855,17,primary
LAnkleAngles_ax1,9,3.9909510612487793,17,primary
LAnkleAngles_ax1,10,2.9074108600616455,17,primary
LAnkleAngles_ax1,11,1.6956321597099304,17,primary
LAnkleAngles_ax1,12,1.4033167362213135,17,primary
LAnkleAngles_ax1,13,1.462020456790924,17,primary
LAnkleAngles_ax1,14,1.4229457378387451,17,primary
LAnkleAngles_ax1,15,1.2649132013320923,17,primary
LAnkleAngles_ax1,16,-0.4944767653942108,17,primary
LAnkleAngles_ax1,17,-0.0869261771440506,17,primary
LAnkleAngles_ax1,18,0.7079949378967285,17,primary
LAnkleAngles_ax1,19,0.5396778583526611,17,primary
LAnkleAngles_ax1,20,-0.48674583435058594,17,primary
LAnkleAngles_ax1,21,-0.09894061088562012,17,primary
LAnkleAngles_ax1,22,0.6159427165985107,17,primary
LAnkleAngles_ax1,23,1.005481243133545,17,primary
LAnkleAngles_ax1,24,1.354508638381958,17,primary
LAnkleAngles_ax1,25,1.912959098815918,17,primary
LAnkleAngles_ax1,26,2.87629371881485,17,primary
LAnkleAngles_ax1,27,4.076396465301514,17,primary
LAnkleAngles_ax1,28,5.255918979644775,17,primary
LAnkleAngles_ax1,29,6.6892805099487305,17,primary
LAnkleAngles_ax1,30,8.023616790771484,17,primary
LAnkleAngles_ax1,31,8.847601413726807,17,primary
LAnkleAngles_ax1,32,9.188435077667236,17,primary
LAnkleAngles_ax1,33,9.50523328781128,17,primary
LAnkleAngles_ax1,34,9.779930591583252,17,primary
LAnkleAngles_ax1,35,10.066345691680908,17,primary
LAnkleAngles_ax1,36,10.360825538635254,17,primary
LAnkleAngles_ax1,37,10.662220478057861,17,primary
LAnkleAngles_ax1,38,10.969250679016113,17,primary
LAnkleAngles_ax1,39,11.26945161819458,17,primary
LAnkleAngles_ax1,40,11.588860034942627,17,primary
LAnkleAngles_ax1,41,11.801355838775635,17,primary
LAnkleAngles_ax1,42,11.97839641571045,17,primary
LAnkleAngles_ax1,43,12.034138679504395,17,primary
LAnkleAngles_ax1,44,12.474741458892822,17,primary
LAnkleAngles_ax1,45,12.733203411102295,17,primary
LAnkleAngles_ax1,46,12.923318862915039,17,primary
LAnkleAngles_ax1,47,13.051265239715576,17,primary
LAnkleAngles_ax1,48,12.992852210998535,17,primary
LAnkleAngles_ax1,49,13.074578285217285,17,primary
LAnkleAngles_ax1,50,13.184367656707764,17,primary
LAnkleAngles_ax1,51,12.977235794067383,17,primary
LAnkleAngles_ax1,52,13.248830795288086,17,primary
LAnkleAngles_ax1,53,13.387669563293457,17,primary
LAnkleAngles_ax1,54,12.408219814300537,17,primary
LAnkleAngles_ax1,55,10.584364414215088,17,primary
LAnkleAngles_ax1,56,8.455182552337646,17,primary
LAnkleAngles_ax1,57,7.27911901473999,17,primary
LAnkleAngles_ax1,58,5.640449047088623,17,primary
LAnkleAngles_ax1,59,2.9811657667160034,17,primary
LAnkleAngles_ax1,60,1.7465057373046875,17,primary
LAnkleAngles_ax1,61,0.8926618099212646,17,primary
LAnkleAngles_ax1,62,1.3766632080078125,17,primary
LAnkleAngles_ax1,63,1.4237911701202393,17,primary
LAnkleAngles_ax1,64,1.2917860746383667,17,primary
LAnkleAngles_ax1,65,1.024066686630249,17,primary
LAnkleAngles_ax1,66,1.1568247079849243,17,primary
LAnkleAngles_ax1,67,1.7326681017875671,17,primary
LAnkleAngles_ax1,68,2.381145179271698,17,primary
LAnkleAngles_ax1,69,3.1113184094429016,17,primary
LAnkleAngles_ax1,70,3.658571183681488,17,primary
LAnkleAngles_ax1,71,2.4820095598697662,17,primary
LAnkleAngles_ax1,72,2.0459418296813965,17,primary
LAnkleAngles_ax1,73,2.8459372520446777,17,primary
LAnkleAngles_ax1,74,3.626288890838623,17,primary
LAnkleAngles_ax1,75,4.294163703918457,17,primary
LAnkleAngles_ax1,76,5.561301946640015,17,primary
LAnkleAngles_ax1,77,5.892951011657715,17,primary
LAnkleAngles_ax1,78,6.094309449195862,17,primary
LAnkleAngles_ax1,79,6.377233505249023,17,primary
LAnkleAngles_ax1,80,6.177037239074707,17,primary
LAnkleAngles_ax1,81,6.87596321105957,17,primary
LAnkleAngles_ax1,82,7.989934206008911,17,primary
LAnkleAngles_ax1,83,8.82707691192627,17,primary
LAnkleAngles_ax1,84,9.371628284454346,17,primary
LAnkleAngles_ax1,85,9.602017402648926,17,primary
LAnkleAngles_ax1,86,9.70514440536499,17,primary
LAnkleAngles_ax1,87,9.750932693481445,17,primary
LAnkleAngles_ax1,88,9.827422618865967,17,primary
LAnkleAngles_ax1,89,9.870731353759766,17,primary
LAnkleAngles_ax1,90,9.839238166809082,17,primary
LAnkleAngles_ax1,91,10.084324836730957,17,primary
LAnkleAngles_ax1,92,10.524901390075684,17,primary
LAnkleAngles_ax1,93,11.033658027648926,17,primary
LAnkleAngles_ax1,94,11.329174041748047,17,primary
LAnkleAngles_ax1,95,11.775016784667969,17,primary
LAnkleAngles_ax1,96,11.919238090515137,17,primary
LAnkleAngles_ax1,97,12.084678649902344,17,primary
LAnkleAngles_ax1,98,12.153463363647461,17,primary
LAnkleAngles_ax1,99,12.132349967956543,17,primary
LAnkleAngles_ax1,100,12.581298828125,17,primary
LAnkleAngles_ax2,0,-3.4776723384857178,17,secondary
LAnkleAngles_ax2,1,-3.480377197265625,17,secondary
LAnkleAngles_ax2,2,-3.5810256004333496,17,secondary
LAnkleAngles_ax2,3,-3.5126101970672607,17,secondary
LAnkleAngles_ax2,4,-3.569474935531616,17,secondary
LAnkleAngles_ax2,5,-3.4565234184265137,17,secondary
LAnkleAngles_ax2,6,-3.485316038131714,17,secondary
LAnkleAngles_ax2,7,-3.351183295249939,17,secondary
LAnkleAngles_ax2,8,-3.0932228565216064,17,secondary
LAnkleAngles_ax2,9,-2.8861887454986572,17,secondary
LAnkleAngles_ax2,10,-2.570629835128784,17,secondary
LAnkleAngles_ax2,11,-2.3679559230804443,17,secondary
LAnkleAngles_ax2,12,-1.9258501529693604,17,secondary
LAnkleAngles_ax2,13,-2.2196173667907715,17,secondary
LAnkleAngles_ax2,14,-1.9254671335220337,17,secondary
LAnkleAngles_ax2,15,-1.4757682085037231,17,secondary
LAnkleAngles_ax2,16,-1.2140125036239624,17,secondary
LAnkleAngles_ax2,17,-0.8002231121063232,17,secondary
LAnkleAngles_ax2,18,-0.7492880821228027,17,secondary
LAnkleAngles_ax2,19,-0.7089303135871887,17,secondary
LAnkleAngles_ax2,20,-0.6728030443191528,17,secondary
LAnkleAngles_ax2,21,-0.7031126022338867,17,secondary
LAnkleAngles_ax2,22,-0.8145474791526794,17,secondary
LAnkleAngles_ax2,23,-0.8872933983802795,17,secondary
LAnkleAngles_ax2,24,-0.7616998553276062,17,secondary
LAnkleAngles_ax2,25,-0.8192314505577087,17,secondary
LAnkleAngles_ax2,26,-0.8077332973480225,17,secondary
LAnkleAngles_ax2,27,-0.7527042329311371,17,secondary
LAnkleAngles_ax2,28,-0.6874231100082397,17,secondary
LAnkleAngles_ax2,29,-0.6352574825286865,17,secondary
LAnkleAngles_ax2,30,-0.5961102247238159,17,secondary
LAnkleAngles_ax2,31,-0.5692560970783234,17,secondary
LAnkleAngles_ax2,32,-0.5528640151023865,17,secondary
LAnkleAngles_ax2,33,-0.4526873230934143,17,secondary
LAnkleAngles_ax2,34,-0.5149521827697754,17,secondary
LAnkleAngles_ax2,35,-0.4897797703742981,17,secondary
LAnkleAngles_ax2,36,-0.5597551465034485,17,secondary
LAnkleAngles_ax2,37,-0.6593205332756042,17,secondary
LAnkleAngles_ax2,38,-0.7349293231964111,17,secondary
LAnkleAngles_ax2,39,-0.8336709141731262,17,secondary
LAnkleAngles_ax2,40,-0.9467147588729858,17,secondary
LAnkleAngles_ax2,41,-1.0629660487174988,17,secondary
LAnkleAngles_ax2,42,-1.4698317050933838,17,secondary
LAnkleAngles_ax2,43,-1.809187412261963,17,secondary
LAnkleAngles_ax2,44,-2.068007230758667,17,secondary
LAnkleAngles_ax2,45,-2.673426628112793,17,secondary
LAnkleAngles_ax2,46,-2.9926092624664307,17,secondary
LAnkleAngles_ax2,47,-3.341339111328125,17,secondary
LAnkleAngles_ax2,48,-3.6009521484375,17,secondary
LAnkleAngles_ax2,49,-3.7610937356948853,17,secondary
LAnkleAngles_ax2,50,-3.8726305961608887,17,secondary
LAnkleAngles_ax2,51,-3.720195770263672,17,secondary
LAnkleAngles_ax2,52,-3.563363552093506,17,secondary
LAnkleAngles_ax2,53,-3.4137730598449707,17,secondary
LAnkleAngles_ax2,54,-3.507262706756592,17,secondary
LAnkleAngles_ax2,55,-3.482546806335449,17,secondary
LAnkleAngles_ax2,56,-3.5532782077789307,17,secondary
LAnkleAngles_ax2,57,-3.3930556774139404,17,secondary
LAnkleAngles_ax2,58,-3.159816265106201,17,secondary
LAnkleAngles_ax2,59,-3.1518476009368896,17,secondary
LAnkleAngles_ax2,60,-2.8656952381134033,17,secondary
LAnkleAngles_ax2,61,-2.8525583744049072,17,secondary
LAnkleAngles_ax2,62,-2.9037482738494873,17,secondary
LAnkleAngles_ax2,63,-2.7187554836273193,17,secondary
LAnkleAngles_ax2,64,-2.3709181547164917,17,secondary
LAnkleAngles_ax2,65,-1.7169994115829468,17,secondary
LAnkleAngles_ax2,66,-1.3621944189071655,17,secondary
LAnkleAngles_ax2,67,-0.7372931241989136,17,secondary
LAnkleAngles_ax2,68,-0.530991792678833,17,secondary
LAnkleAngles_ax2,69,-0.6073188781738281,17,secondary
LAnkleAngles_ax2,70,-0.5448353290557861,17,secondary
LAnkleAngles_ax2,71,-0.5137161016464233,17,secondary
LAnkleAngles_ax2,72,-0.6436732411384583,17,secondary
LAnkleAngles_ax2,73,-0.8884762525558472,17,secondary
LAnkleAngles_ax2,74,-0.8056639432907104,17,secondary
LAnkleAngles_ax2,75,-0.6745765507221222,17,secondary
LAnkleAngles_ax2,76,-0.5615955591201782,17,secondary
LAnkleAngles_ax2,77,-0.5700390338897705,17,secondary
LAnkleAngles_ax2,78,-0.5234883427619934,17,secondary
LAnkleAngles_ax2,79,-0.6286386847496033,17,secondary
LAnkleAngles_ax2,80,-0.562875509262085,17,secondary
LAnkleAngles_ax2,81,-0.6267997622489929,17,secondary
LAnkleAngles_ax2,82,-0.6423014402389526,17,secondary
LAnkleAngles_ax2,83,-0.5928083956241608,17,secondary
LAnkleAngles_ax2,84,-0.8588370084762573,17,secondary
LAnkleAngles_ax2,85,-1.1738091707229614,17,secondary
LAnkleAngles_ax2,86,-1.2525849342346191,17,secondary
LAnkleAngles_ax2,87,-1.3956441283226013,17,secondary
LAnkleAngles_ax2,88,-1.5977387428283691,17,secondary
LAnkleAngles_ax2,89,-1.8281978368759155,17,secondary
LAnkleAngles_ax2,90,-2.08154296875,17,secondary
LAnkleAngles_ax2,91,-2.153714656829834,17,secondary
LAnkleAngles_ax2,92,-2.150973081588745,17,secondary
LAnkleAngles_ax2,93,-2.2003211975097656,17,secondary
LAnkleAngles_ax2,94,-2.3038368225097656,17,secondary
LAnkleAngles_ax2,95,-2.6584906578063965,17,secondary
LAnkleAngles_ax2,96,-3.071578025817871,17,secondary
LAnkleAngles_ax2,97,-3.2955713272094727,17,secondary
LAnkleAngles_ax2,98,-3.4011852741241455,17,secondary
LAnkleAngles_ax2,99,-3.5263729095458984,17,secondary
LAnkleAngles_ax2,100,-3.58835506439209,17,secondary
LAnkleAngles_ax3,0,16.781850814819336,17,secondary
LAnkleAngles_ax3,1,16.756898880004883,17,secondary
LAnkleAngles_ax3,2,16.506298065185547,17,secondary
LAnkleAngles_ax3,3,16.568510055541992,17,secondary
LAnkleAngles_ax3,4,16.614925384521484,17,secondary
LAnkleAngles_ax3,5,16.638214111328125,17,secondary
LAnkleAngles_ax3,6,17.31088638305664,17,secondary
LAnkleAngles_ax3,7,17.622705459594727,17,secondary
LAnkleAngles_ax3,8,15.6635160446167,17,secondary
LAnkleAngles_ax3,9,13.887529373168945,17,secondary
LAnkleAngles_ax3,10,14.448726654052734,17,secondary
LAnkleAngles_ax3,11,13.546233177185059,17,secondary
LAnkleAngles_ax3,12,11.117303848266602,17,secondary
LAnkleAngles_ax3,13,9.436708450317383,17,secondary
LAnkleAngles_ax3,14,8.52414059638977,17,secondary
LAnkleAngles_ax3,15,6.785157203674316,17,secondary
LAnkleAngles_ax3,16,6.530204772949219,17,secondary
LAnkleAngles_ax3,17,6.069025993347168,17,secondary
LAnkleAngles_ax3,18,5.549735069274902,17,secondary
LAnkleAngles_ax3,19,3.5671896934509277,17,secondary
LAnkleAngles_ax3,20,2.8911969661712646,17,secondary
LAnkleAngles_ax3,21,3.0510659217834473,17,secondary
LAnkleAngles_ax3,22,3.144634962081909,17,secondary
LAnkleAngles_ax3,23,3.4340806007385254,17,secondary
LAnkleAngles_ax3,24,3.4273059368133545,17,secondary
LAnkleAngles_ax3,25,3.534951686859131,17,secondary
LAnkleAngles_ax3,26,2.8817787170410156,17,secondary
LAnkleAngles_ax3,27,1.6551803350448608,17,secondary
LAnkleAngles_ax3,28,1.3677878379821777,17,secondary
LAnkleAngles_ax3,29,1.0998988449573517,17,secondary
LAnkleAngles_ax3,30,1.7398693561553955,17,secondary
LAnkleAngles_ax3,31,1.9531687498092651,17,secondary
LAnkleAngles_ax3,32,2.201380491256714,17,secondary
LAnkleAngles_ax3,33,2.3646275997161865,17,secondary
LAnkleAngles_ax3,34,2.771646738052368,17,secondary
LAnkleAngles_ax3,35,2.07891845703125,17,secondary
LAnkleAngles_ax3,36,1.9800664186477661,17,secondary
LAnkleAngles_ax3,37,2.2268550395965576,17,secondary
LAnkleAngles_ax3,38,2.9959404468536377,17,secondary
LAnkleAngles_ax3,39,4.255892276763916,17,secondary
LAnkleAngles_ax3,40,5.605175733566284,17,secondary
LAnkleAngles_ax3,41,6.69670557975769,17,secondary
LAnkleAngles_ax3,42,7.841702938079834,17,secondary
LAnkleAngles_ax3,43,10.847904205322266,17,secondary
LAnkleAngles_ax3,44,12.13337230682373,17,secondary
LAnkleAngles_ax3,45,12.89664363861084,17,secondary
LAnkleAngles_ax3,46,13.568504333496094,17,secondary
LAnkleAngles_ax3,47,15.767457008361816,17,secondary
LAnkleAngles_ax3,48,15.841617584228516,17,secondary
LAnkleAngles_ax3,49,15.714435577392578,17,secondary
LAnkleAngles_ax3,50,15.956304550170898,17,secondary
LAnkleAngles_ax3,51,16.881364822387695,17,secondary
LAnkleAngles_ax3,52,17.45543670654297,17,secondary
LAnkleAngles_ax3,53,16.85741424560547,17,secondary
LAnkleAngles_ax3,54,17.3430233001709,17,secondary
LAnkleAngles_ax3,55,17.435447692871094,17,secondary
LAnkleAngles_ax3,56,17.384199142456055,17,secondary
LAnkleAngles_ax3,57,17.817398071289062,17,secondary
LAnkleAngles_ax3,58,16.521883010864258,17,secondary
LAnkleAngles_ax3,59,15.724084854125977,17,secondary
LAnkleAngles_ax3,60,14.620393753051758,17,secondary
LAnkleAngles_ax3,61,14.395744323730469,17,secondary
LAnkleAngles_ax3,62,13.66996955871582,17,secondary
LAnkleAngles_ax3,63,12.605504035949707,17,secondary
LAnkleAngles_ax3,64,9.92495346069336,17,secondary
LAnkleAngles_ax3,65,7.397708415985107,17,secondary
LAnkleAngles_ax3,66,5.387070655822754,17,secondary
LAnkleAngles_ax3,67,4.391487121582031,17,secondary
LAnkleAngles_ax3,68,2.350595474243164,17,secondary
LAnkleAngles_ax3,69,3.15838360786438,17,secondary
LAnkleAngles_ax3,70,4.2063140869140625,17,secondary
LAnkleAngles_ax3,71,4.473580837249756,17,secondary
LAnkleAngles_ax3,72,4.453068256378174,17,secondary
LAnkleAngles_ax3,73,3.4446310997009277,17,secondary
LAnkleAngles_ax3,74,3.071213960647583,17,secondary
LAnkleAngles_ax3,75,2.4707274436950684,17,secondary
LAnkleAngles_ax3,76,2.126152515411377,17,secondary
LAnkleAngles_ax3,77,2.4885787963867188,17,secondary
LAnkleAngles_ax3,78,2.601926326751709,17,secondary
LAnkleAngles_ax3,79,1.6847591400146484,17,secondary
LAnkleAngles_ax3,80,1.5226452350616455,17,secondary
LAnkleAngles_ax3,81,2.1889662742614746,17,secondary
LAnkleAngles_ax3,82,2.8224782943725586,17,secondary
LAnkleAngles_ax3,83,3.462172508239746,17,secondary
LAnkleAngles_ax3,84,4.075338363647461,17,secondary
LAnkleAngles_ax3,85,4.834354400634766,17,secondary
LAnkleAngles_ax3,86,5.650328636169434,17,secondary
LAnkleAngles_ax3,87,5.8868231773376465,17,secondary
LAnkleAngles_ax3,88,6.977655410766602,17,secondary
LAnkleAngles_ax3,89,6.79000186920166,17,secondary
LAnkleAngles_ax3,90,7.787192344665527,17,secondary
LAnkleAngles_ax3,91,8.579267501831055,17,secondary
LAnkleAngles_ax3,92,9.830918312072754,17,secondary
LAnkleAngles_ax3,93,12.10880184173584,17,secondary
LAnkleAngles_ax3,94,13.031115531921387,17,secondary
LAnkleAngles_ax3,95,13.765303611755371,17,secondary
LAnkleAngles_ax3,96,14.617240905761719,17,secondary
LAnkleAngles_ax3,97,15.781608581542969,17,secondary
LAnkleAngles_ax3,98,16.1545467376709,17,secondary
LAnkleAngles_ax3,99,16.610876083374023,17,secondary
LAnkleAngles_ax3,100,16.542552947998047,17,secondary
RAnkleAngles_ax1,0,13.480378150939941,17,primary
RAnkleAngles_ax1,1,13.552104949951172,17,primary
RAnkleAngles_ax1,2,13.723298072814941,17,primary
RAnkleAngles_ax1,3,13.139456272125244,17,primary
RAnkleAngles_ax1,4,12.258843421936035,17,primary
RAnkleAngles_ax1,5,11.454237461090088,17,primary
RAnkleAngles_ax1,6,10.59222412109375,17,primary
RAnkleAngles_ax1,7,9.307669162750244,17,primary
RAnkleAngles_ax1,8,7.814901351928711,17,primary
RAnkleAngles_ax1,9,6.039205074310303,17,primary
RAnkleAngles_ax1,10,3.3152341842651367,17,primary
RAnkleAngles_ax1,11,2.336124062538147,17,primary
RAnkleAngles_ax1,12,1.789969563484192,17,primary
RAnkleAngles_ax1,13,0.10818412154912949,17,primary
RAnkleAngles_ax1,14,-0.23857291042804718,17,primary
RAnkleAngles_ax1,15,-1.671684980392456,17,primary
RAnkleAngles_ax1,16,-1.5942702293395996,17,primary
RAnkleAngles_ax1,17,-1.2160242795944214,17,primary
RAnkleAngles_ax1,18,-0.8333443999290466,17,primary
RAnkleAngles_ax1,19,-0.2086687982082367,17,primary
RAnkleAngles_ax1,20,0.6605974435806274,17,primary
RAnkleAngles_ax1,21,1.4960968494415283,17,primary
RAnkleAngles_ax1,22,2.2508034706115723,17,primary
RAnkleAngles_ax1,23,2.5116119384765625,17,primary
RAnkleAngles_ax1,24,3.422529935836792,17,primary
RAnkleAngles_ax1,25,4.08926522731781,17,primary
RAnkleAngles_ax1,26,5.243788003921509,17,primary
RAnkleAngles_ax1,27,6.263822555541992,17,primary
RAnkleAngles_ax1,28,7.108696937561035,17,primary
RAnkleAngles_ax1,29,7.864108324050903,17,primary
RAnkleAngles_ax1,30,8.152780532836914,17,primary
RAnkleAngles_ax1,31,8.53522777557373,17,primary
RAnkleAngles_ax1,32,9.265996932983398,17,primary
RAnkleAngles_ax1,33,9.729585647583008,17,primary
RAnkleAngles_ax1,34,10.055204391479492,17,primary
RAnkleAngles_ax1,35,10.756650924682617,17,primary
RAnkleAngles_ax1,36,11.185201644897461,17,primary
RAnkleAngles_ax1,37,11.309249877929688,17,primary
RAnkleAngles_ax1,38,11.162572860717773,17,primary
RAnkleAngles_ax1,39,10.901734352111816,17,primary
RAnkleAngles_ax1,40,10.84380054473877,17,primary
RAnkleAngles_ax1,41,11.367675304412842,17,primary
RAnkleAngles_ax1,42,11.928905010223389,17,primary
RAnkleAngles_ax1,43,12.541886329650879,17,primary
RAnkleAngles_ax1,44,13.212635517120361,17,primary
RAnkleAngles_ax1,45,13.937604904174805,17,primary
RAnkleAngles_ax1,46,14.694258213043213,17,primary
RAnkleAngles_ax1,47,15.38695764541626,17,primary
RAnkleAngles_ax1,48,15.770196437835693,17,primary
RAnkleAngles_ax1,49,16.180511474609375,17,primary
RAnkleAngles_ax1,50,16.590280532836914,17,primary
RAnkleAngles_ax1,51,16.238221645355225,17,primary
RAnkleAngles_ax1,52,15.117793083190918,17,primary
RAnkleAngles_ax1,53,15.081145286560059,17,primary
RAnkleAngles_ax1,54,15.357661247253418,17,primary
RAnkleAngles_ax1,55,14.18899393081665,17,primary
RAnkleAngles_ax1,56,12.422199726104736,17,primary
RAnkleAngles_ax1,57,9.458377838134766,17,primary
RAnkleAngles_ax1,58,7.13836669921875,17,primary
RAnkleAngles_ax1,59,5.994480609893799,17,primary
RAnkleAngles_ax1,60,3.26619291305542,17,primary
RAnkleAngles_ax1,61,3.0568082332611084,17,primary
RAnkleAngles_ax1,62,2.5602784156799316,17,primary
RAnkleAngles_ax1,63,1.8203663229942322,17,primary
RAnkleAngles_ax1,64,1.788116216659546,17,primary
RAnkleAngles_ax1,65,-0.7458283305168152,17,primary
RAnkleAngles_ax1,66,-2.380120038986206,17,primary
RAnkleAngles_ax1,67,-4.664119243621826,17,primary
RAnkleAngles_ax1,68,-4.228899955749512,17,primary
RAnkleAngles_ax1,69,-3.246312141418457,17,primary
RAnkleAngles_ax1,70,-2.1931331157684326,17,primary
RAnkleAngles_ax1,71,-1.585324764251709,17,primary
RAnkleAngles_ax1,72,-0.3621625602245331,17,primary
RAnkleAngles_ax1,73,0.5347979664802551,17,primary
RAnkleAngles_ax1,74,2.5171446800231934,17,primary
RAnkleAngles_ax1,75,3.817873954772949,17,primary
RAnkleAngles_ax1,76,4.924478054046631,17,primary
RAnkleAngles_ax1,77,5.906900644302368,17,primary
RAnkleAngles_ax1,78,6.784757375717163,17,primary
RAnkleAngles_ax1,79,6.997012138366699,17,primary
RAnkleAngles_ax1,80,7.18805193901062,17,primary
RAnkleAngles_ax1,81,7.4575324058532715,17,primary
RAnkleAngles_ax1,82,8.02899956703186,17,primary
RAnkleAngles_ax1,83,8.495490074157715,17,primary
RAnkleAngles_ax1,84,9.204490661621094,17,primary
RAnkleAngles_ax1,85,9.90992259979248,17,primary
RAnkleAngles_ax1,86,10.224761486053467,17,primary
RAnkleAngles_ax1,87,10.582027435302734,17,primary
RAnkleAngles_ax1,88,10.783961296081543,17,primary
RAnkleAngles_ax1,89,10.920480728149414,17,primary
RAnkleAngles_ax1,90,11.212194442749023,17,primary
RAnkleAngles_ax1,91,11.473273277282715,17,primary
RAnkleAngles_ax1,92,11.531453609466553,17,primary
RAnkleAngles_ax1,93,11.657615661621094,17,primary
RAnkleAngles_ax1,94,11.82457685470581,17,primary
RAnkleAngles_ax1,95,12.016560554504395,17,primary
RAnkleAngles_ax1,96,12.277509689331055,17,primary
RAnkleAngles_ax1,97,12.522370338439941,17,primary
RAnkleAngles_ax1,98,12.751360893249512,17,primary
RAnkleAngles_ax1,99,12.850042343139648,17,primary
RAnkleAngles_ax1,100,12.78525161743164,17,primary
RAnkleAngles_ax2,0,-3.4413158893585205,17,secondary
RAnkleAngles_ax2,1,-3.476245403289795,17,secondary
RAnkleAngles_ax2,2,-3.5308215618133545,17,secondary
RAnkleAngles_ax2,3,-3.4296395778656006,17,secondary
RAnkleAngles_ax2,4,-3.146613597869873,17,secondary
RAnkleAngles_ax2,5,-3.374030351638794,17,secondary
RAnkleAngles_ax2,6,-3.576897144317627,17,secondary
RAnkleAngles_ax2,7,-3.582674980163574,17,secondary
RAnkleAngles_ax2,8,-3.5399134159088135,17,secondary
RAnkleAngles_ax2,9,-3.2948858737945557,17,secondary
RAnkleAngles_ax2,10,-3.0550551414489746,17,secondary
RAnkleAngles_ax2,11,-2.5226926803588867,17,secondary
RAnkleAngles_ax2,12,-2.3995981216430664,17,secondary
RAnkleAngles_ax2,13,-1.625488042831421,17,secondary
RAnkleAngles_ax2,14,-1.2043097019195557,17,secondary
RAnkleAngles_ax2,15,-0.9256451427936554,17,secondary
RAnkleAngles_ax2,16,-0.8087061941623688,17,secondary
RAnkleAngles_ax2,17,-0.5622662901878357,17,secondary
RAnkleAngles_ax2,18,-0.23759804666042328,17,secondary
RAnkleAngles_ax2,19,-0.17634350061416626,17,secondary
RAnkleAngles_ax2,20,-0.08225489407777786,17,secondary
RAnkleAngles_ax2,21,-0.1011623665690422,17,secondary
RAnkleAngles_ax2,22,-0.21882325410842896,17,secondary
RAnkleAngles_ax2,23,-0.3714469075202942,17,secondary
RAnkleAngles_ax2,24,-0.41530802845954895,17,secondary
RAnkleAngles_ax2,25,-0.2639806270599365,17,secondary
RAnkleAngles_ax2,26,-0.39914388954639435,17,secondary
RAnkleAngles_ax2,27,-0.39064931869506836,17,secondary
RAnkleAngles_ax2,28,-0.28312399983406067,17,secondary
RAnkleAngles_ax2,29,-0.2334299385547638,17,secondary
RAnkleAngles_ax2,30,-0.3540530204772949,17,secondary
RAnkleAngles_ax2,31,-0.36792388558387756,17,secondary
RAnkleAngles_ax2,32,-0.3293287009000778,17,secondary
RAnkleAngles_ax2,33,-0.28476911783218384,17,secondary
RAnkleAngles_ax2,34,-0.41790589690208435,17,secondary
RAnkleAngles_ax2,35,-0.6760450601577759,17,secondary
RAnkleAngles_ax2,36,-0.9354368448257446,17,secondary
RAnkleAngles_ax2,37,-1.0568117499351501,17,secondary
RAnkleAngles_ax2,38,-1.1959441900253296,17,secondary
RAnkleAngles_ax2,39,-1.3146681785583496,17,secondary
RAnkleAngles_ax2,40,-1.3971818685531616,17,secondary
RAnkleAngles_ax2,41,-1.4561316967010498,17,secondary
RAnkleAngles_ax2,42,-1.6084598302841187,17,secondary
RAnkleAngles_ax2,43,-1.8112045526504517,17,secondary
RAnkleAngles_ax2,44,-2.194646120071411,17,secondary
RAnkleAngles_ax2,45,-2.5279736518859863,17,secondary
RAnkleAngles_ax2,46,-2.800226926803589,17,secondary
RAnkleAngles_ax2,47,-3.055952548980713,17,secondary
RAnkleAngles_ax2,48,-3.2293038368225098,17,secondary
RAnkleAngles_ax2,49,-3.3574652671813965,17,secondary
RAnkleAngles_ax2,50,-3.4558894634246826,17,secondary
RAnkleAngles_ax2,51,-3.607573390007019,17,secondary
RAnkleAngles_ax2,52,-3.6038615703582764,17,secondary
RAnkleAngles_ax2,53,-3.3942031860351562,17,secondary
RAnkleAngles_ax2,54,-3.2444908618927,17,secondary
RAnkleAngles_ax2,55,-3.432936191558838,17,secondary
RAnkleAngles_ax2,56,-3.4407286643981934,17,secondary
RAnkleAngles_ax2,57,-3.230349063873291,17,secondary
RAnkleAngles_ax2,58,-2.983537435531616,17,secondary
RAnkleAngles_ax2,59,-2.8914284706115723,17,secondary
RAnkleAngles_ax2,60,-2.6664674282073975,17,secondary
RAnkleAngles_ax2,61,-2.6316957473754883,17,secondary
RAnkleAngles_ax2,62,-2.178250789642334,17,secondary
RAnkleAngles_ax2,63,-1.7228042483329773,17,secondary
RAnkleAngles_ax2,64,-1.253822922706604,17,secondary
RAnkleAngles_ax2,65,-0.8078304529190063,17,secondary
RAnkleAngles_ax2,66,-0.24307208880782127,17,secondary
RAnkleAngles_ax2,67,-0.1795673966407776,17,secondary
RAnkleAngles_ax2,68,-0.21963650733232498,17,secondary
RAnkleAngles_ax2,69,-0.2614349126815796,17,secondary
RAnkleAngles_ax2,70,-0.19312480092048645,17,secondary
RAnkleAngles_ax2,71,-0.37584778666496277,17,secondary
RAnkleAngles_ax2,72,-0.5172040164470673,17,secondary
RAnkleAngles_ax2,73,-0.5395625233650208,17,secondary
RAnkleAngles_ax2,74,-0.43997979164123535,17,secondary
RAnkleAngles_ax2,75,-0.2609209716320038,17,secondary
RAnkleAngles_ax2,76,-0.13140089809894562,17,secondary
RAnkleAngles_ax2,77,-0.051623132079839706,17,secondary
RAnkleAngles_ax2,78,-0.0961185023188591,17,secondary
RAnkleAngles_ax2,79,-0.2000240534543991,17,secondary
RAnkleAngles_ax2,80,-0.11412396281957626,17,secondary
RAnkleAngles_ax2,81,-0.12960604205727577,17,secondary
RAnkleAngles_ax2,82,-0.25846438109874725,17,secondary
RAnkleAngles_ax2,83,-0.4008188247680664,17,secondary
RAnkleAngles_ax2,84,-0.5715169310569763,17,secondary
RAnkleAngles_ax2,85,-0.6347917467355728,17,secondary
RAnkleAngles_ax2,86,-0.6332635581493378,17,secondary
RAnkleAngles_ax2,87,-0.6557135581970215,17,secondary
RAnkleAngles_ax2,88,-0.7221215069293976,17,secondary
RAnkleAngles_ax2,89,-0.8363886475563049,17,secondary
RAnkleAngles_ax2,90,-1.2207834720611572,17,secondary
RAnkleAngles_ax2,91,-1.4628866910934448,17,secondary
RAnkleAngles_ax2,92,-1.6231685876846313,17,secondary
RAnkleAngles_ax2,93,-1.8112045526504517,17,secondary
RAnkleAngles_ax2,94,-2.002713441848755,17,secondary
RAnkleAngles_ax2,95,-2.3403130769729614,17,secondary
RAnkleAngles_ax2,96,-2.6933181285858154,17,secondary
RAnkleAngles_ax2,97,-2.918092727661133,17,secondary
RAnkleAngles_ax2,98,-2.983334183692932,17,secondary
RAnkleAngles_ax2,99,-3.121512770652771,17,secondary
RAnkleAngles_ax2,100,-3.3119137287139893,17,secondary
RAnkleAngles_ax3,0,18.89217472076416,17,secondary
RAnkleAngles_ax3,1,19.30409049987793,17,secondary
RAnkleAngles_ax3,2,19.93082618713379,17,secondary
RAnkleAngles_ax3,3,19.48871421813965,17,secondary
RAnkleAngles_ax3,4,19.098203659057617,17,secondary
RAnkleAngles_ax3,5,20.17121124267578,17,secondary
RAnkleAngles_ax3,6,19.67574405670166,17,secondary
RAnkleAngles_ax3,7,18.924638748168945,17,secondary
RAnkleAngles_ax3,8,17.20276641845703,17,secondary
RAnkleAngles_ax3,9,16.246901035308838,17,secondary
RAnkleAngles_ax3,10,15.81570816040039,17,secondary
RAnkleAngles_ax3,11,14.84226131439209,17,secondary
RAnkleAngles_ax3,12,12.308161735534668,17,secondary
RAnkleAngles_ax3,13,8.877850532531738,17,secondary
RAnkleAngles_ax3,14,6.769526958465576,17,secondary
RAnkleAngles_ax3,15,5.939170837402344,17,secondary
RAnkleAngles_ax3,16,5.112105846405029,17,secondary
RAnkleAngles_ax3,17,3.3503429889678955,17,secondary
RAnkleAngles_ax3,18,1.9129100441932678,17,secondary
RAnkleAngles_ax3,19,1.6387027502059937,17,secondary
RAnkleAngles_ax3,20,1.5759583711624146,17,secondary
RAnkleAngles_ax3,21,1.7852882146835327,17,secondary
RAnkleAngles_ax3,22,1.6712721586227417,17,secondary
RAnkleAngles_ax3,23,2.987619400024414,17,secondary
RAnkleAngles_ax3,24,3.108989715576172,17,secondary
RAnkleAngles_ax3,25,3.2696861028671265,17,secondary
RAnkleAngles_ax3,26,2.914140462875366,17,secondary
RAnkleAngles_ax3,27,3.615725517272949,17,secondary
RAnkleAngles_ax3,28,3.195897102355957,17,secondary
RAnkleAngles_ax3,29,2.70934522151947,17,secondary
RAnkleAngles_ax3,30,2.6202828884124756,17,secondary
RAnkleAngles_ax3,31,2.3530133962631226,17,secondary
RAnkleAngles_ax3,32,2.1335253715515137,17,secondary
RAnkleAngles_ax3,33,2.5295968055725098,17,secondary
RAnkleAngles_ax3,34,3.2513153553009033,17,secondary
RAnkleAngles_ax3,35,4.442188262939453,17,secondary
RAnkleAngles_ax3,36,5.6361284255981445,17,secondary
RAnkleAngles_ax3,37,6.315656661987305,17,secondary
RAnkleAngles_ax3,38,6.829623222351074,17,secondary
RAnkleAngles_ax3,39,7.3713884353637695,17,secondary
RAnkleAngles_ax3,40,7.747649192810059,17,secondary
RAnkleAngles_ax3,41,8.015764236450195,17,secondary
RAnkleAngles_ax3,42,8.706273078918457,17,secondary
RAnkleAngles_ax3,43,10.42035961151123,17,secondary
RAnkleAngles_ax3,44,12.561607360839844,17,secondary
RAnkleAngles_ax3,45,13.703582763671875,17,secondary
RAnkleAngles_ax3,46,15.558619976043701,17,secondary
RAnkleAngles_ax3,47,17.143390655517578,17,secondary
RAnkleAngles_ax3,48,18.041330337524414,17,secondary
RAnkleAngles_ax3,49,18.69906711578369,17,secondary
RAnkleAngles_ax3,50,19.161355018615723,17,secondary
RAnkleAngles_ax3,51,19.674314498901367,17,secondary
RAnkleAngles_ax3,52,19.896742820739746,17,secondary
RAnkleAngles_ax3,53,19.789830207824707,17,secondary
RAnkleAngles_ax3,54,19.54195213317871,17,secondary
RAnkleAngles_ax3,55,19.08175563812256,17,secondary
RAnkleAngles_ax3,56,18.057157516479492,17,secondary
RAnkleAngles_ax3,57,18.047200202941895,17,secondary
RAnkleAngles_ax3,58,15.447367668151855,17,secondary
RAnkleAngles_ax3,59,14.613842964172363,17,secondary
RAnkleAngles_ax3,60,15.33587646484375,17,secondary
RAnkleAngles_ax3,61,14.37993049621582,17,secondary
RAnkleAngles_ax3,62,12.46187162399292,17,secondary
RAnkleAngles_ax3,63,9.003789901733398,17,secondary
RAnkleAngles_ax3,64,6.923965692520142,17,secondary
RAnkleAngles_ax3,65,4.819809079170227,17,secondary
RAnkleAngles_ax3,66,3.071485996246338,17,secondary
RAnkleAngles_ax3,67,2.1049256324768066,17,secondary
RAnkleAngles_ax3,68,1.6554230451583862,17,secondary
RAnkleAngles_ax3,69,2.0857996940612793,17,secondary
RAnkleAngles_ax3,70,2.1970417499542236,17,secondary
RAnkleAngles_ax3,71,2.0989766120910645,17,secondary
RAnkleAngles_ax3,72,2.724763035774231,17,secondary
RAnkleAngles_ax3,73,3.329690933227539,17,secondary
RAnkleAngles_ax3,74,3.352727174758911,17,secondary
RAnkleAngles_ax3,75,2.5251901149749756,17,secondary
RAnkleAngles_ax3,76,1.9251132011413574,17,secondary
RAnkleAngles_ax3,77,1.5557607412338257,17,secondary
RAnkleAngles_ax3,78,1.7619361877441406,17,secondary
RAnkleAngles_ax3,79,2.2432844638824463,17,secondary
RAnkleAngles_ax3,80,1.8454152345657349,17,secondary
RAnkleAngles_ax3,81,1.3302924633026123,17,secondary
RAnkleAngles_ax3,82,2.1954174041748047,17,secondary
RAnkleAngles_ax3,83,3.0750136375427246,17,secondary
RAnkleAngles_ax3,84,3.950660824775696,17,secondary
RAnkleAngles_ax3,85,3.8692500591278076,17,secondary
RAnkleAngles_ax3,86,3.8596866130828857,17,secondary
RAnkleAngles_ax3,87,3.9868017435073853,17,secondary
RAnkleAngles_ax3,88,4.364025354385376,17,secondary
RAnkleAngles_ax3,89,6.773777484893799,17,secondary
RAnkleAngles_ax3,90,7.654298782348633,17,secondary
RAnkleAngles_ax3,91,8.046353340148926,17,secondary
RAnkleAngles_ax3,92,8.773070335388184,17,secondary
RAnkleAngles_ax3,93,9.62160873413086,17,secondary
RAnkleAngles_ax3,94,11.516529560089111,17,secondary
RAnkleAngles_ax3,95,13.351571083068848,17,secondary
RAnkleAngles_ax3,96,14.579401016235352,17,secondary
RAnkleAngles_ax3,97,16.024916172027588,17,secondary
RAnkleAngles_ax3,98,16.766504287719727,17,secondary
RAnkleAngles_ax3,99,17.485297203063965,17,secondary
RAnkleAngles_ax3,100,18.064672470092773,17,secondary
LAbsAnkleAngle_ax1,0,11.474193572998047,17,secondary
LAbsAnkleAngle_ax1,1,12.639768600463867,17,secondary
LAbsAnkleAngle_ax1,2,12.592306137084961,17,secondary
LAbsAnkleAngle_ax1,3,12.285453796386719,17,secondary
LAbsAnkleAngle_ax1,4,11.369365692138672,17,secondary
LAbsAnkleAngle_ax1,5,10.868515491485596,17,secondary
LAbsAnkleAngle_ax1,6,8.558581352233887,17,secondary
LAbsAnkleAngle_ax1,7,7.522704601287842,17,secondary
LAbsAnkleAngle_ax1,8,5.684329986572266,17,secondary
LAbsAnkleAngle_ax1,9,3.700822353363037,17,secondary
LAbsAnkleAngle_ax1,10,2.228298306465149,17,secondary
LAbsAnkleAngle_ax1,11,1.5475361347198486,17,secondary
LAbsAnkleAngle_ax1,12,1.2642019987106323,17,secondary
LAbsAnkleAngle_ax1,13,1.401107907295227,17,secondary
LAbsAnkleAngle_ax1,14,1.4334713816642761,17,secondary
LAbsAnkleAngle_ax1,15,1.2406046390533447,17,secondary
LAbsAnkleAngle_ax1,16,-0.49094918370246887,17,secondary
LAbsAnkleAngle_ax1,17,-0.08675335347652435,17,secondary
LAbsAnkleAngle_ax1,18,0.7072805166244507,17,secondary
LAbsAnkleAngle_ax1,19,0.4724879264831543,17,secondary
LAbsAnkleAngle_ax1,20,-0.5531530380249023,17,secondary
LAbsAnkleAngle_ax1,21,-0.055886268615722656,17,secondary
LAbsAnkleAngle_ax1,22,0.6322367191314697,17,secondary
LAbsAnkleAngle_ax1,23,0.9852175712585449,17,secondary
LAbsAnkleAngle_ax1,24,1.3204350471496582,17,secondary
LAbsAnkleAngle_ax1,25,1.8738763332366943,17,secondary
LAbsAnkleAngle_ax1,26,2.8335248231887817,17,secondary
LAbsAnkleAngle_ax1,27,3.9735968112945557,17,secondary
LAbsAnkleAngle_ax1,28,5.208437442779541,17,secondary
LAbsAnkleAngle_ax1,29,6.675298690795898,17,secondary
LAbsAnkleAngle_ax1,30,8.020272254943848,17,secondary
LAbsAnkleAngle_ax1,31,8.469390392303467,17,secondary
LAbsAnkleAngle_ax1,32,8.759108066558838,17,secondary
LAbsAnkleAngle_ax1,33,8.994521141052246,17,secondary
LAbsAnkleAngle_ax1,34,9.200843334197998,17,secondary
LAbsAnkleAngle_ax1,35,9.415805339813232,17,secondary
LAbsAnkleAngle_ax1,36,9.639602184295654,17,secondary
LAbsAnkleAngle_ax1,37,9.874255180358887,17,secondary
LAbsAnkleAngle_ax1,38,10.12579345703125,17,secondary
LAbsAnkleAngle_ax1,39,10.402050018310547,17,secondary
LAbsAnkleAngle_ax1,40,10.650802612304688,17,secondary
LAbsAnkleAngle_ax1,41,10.882822513580322,17,secondary
LAbsAnkleAngle_ax1,42,11.048077583312988,17,secondary
LAbsAnkleAngle_ax1,43,10.949723243713379,17,secondary
LAbsAnkleAngle_ax1,44,11.291118144989014,17,secondary
LAbsAnkleAngle_ax1,45,11.413910865783691,17,secondary
LAbsAnkleAngle_ax1,46,11.389438152313232,17,secondary
LAbsAnkleAngle_ax1,47,11.248732089996338,17,secondary
LAbsAnkleAngle_ax1,48,11.067175388336182,17,secondary
LAbsAnkleAngle_ax1,49,11.556453704833984,17,secondary
LAbsAnkleAngle_ax1,50,11.555013656616211,17,secondary
LAbsAnkleAngle_ax1,51,11.385416507720947,17,secondary
LAbsAnkleAngle_ax1,52,11.399835109710693,17,secondary
LAbsAnkleAngle_ax1,53,11.529730319976807,17,secondary
LAbsAnkleAngle_ax1,54,10.482770442962646,17,secondary
LAbsAnkleAngle_ax1,55,9.06448745727539,17,secondary
LAbsAnkleAngle_ax1,56,8.452324390411377,17,secondary
LAbsAnkleAngle_ax1,57,7.278615951538086,17,secondary
LAbsAnkleAngle_ax1,58,5.427064418792725,17,secondary
LAbsAnkleAngle_ax1,59,2.9766576290130615,17,secondary
LAbsAnkleAngle_ax1,60,1.7232236862182617,17,secondary
LAbsAnkleAngle_ax1,61,0.80451899766922,17,secondary
LAbsAnkleAngle_ax1,62,1.3722742795944214,17,secondary
LAbsAnkleAngle_ax1,63,1.380806565284729,17,secondary
LAbsAnkleAngle_ax1,64,1.1760098934173584,17,secondary
LAbsAnkleAngle_ax1,65,1.0067863464355469,17,secondary
LAbsAnkleAngle_ax1,66,1.142641544342041,17,secondary
LAbsAnkleAngle_ax1,67,1.7484455704689026,17,secondary
LAbsAnkleAngle_ax1,68,2.38393497467041,17,secondary
LAbsAnkleAngle_ax1,69,3.0985807478427887,17,secondary
LAbsAnkleAngle_ax1,70,3.5180909037590027,17,secondary
LAbsAnkleAngle_ax1,71,2.359734922647476,17,secondary
LAbsAnkleAngle_ax1,72,2.0371880531311035,17,secondary
LAbsAnkleAngle_ax1,73,2.8367233276367188,17,secondary
LAbsAnkleAngle_ax1,74,3.6199536323547363,17,secondary
LAbsAnkleAngle_ax1,75,4.244411468505859,17,secondary
LAbsAnkleAngle_ax1,76,5.398837566375732,17,secondary
LAbsAnkleAngle_ax1,77,5.875558376312256,17,secondary
LAbsAnkleAngle_ax1,78,5.9918071031570435,17,secondary
LAbsAnkleAngle_ax1,79,6.207637310028076,17,secondary
LAbsAnkleAngle_ax1,80,6.177036762237549,17,secondary
LAbsAnkleAngle_ax1,81,6.875605583190918,17,secondary
LAbsAnkleAngle_ax1,82,7.8228394985198975,17,secondary
LAbsAnkleAngle_ax1,83,8.670777797698975,17,secondary
LAbsAnkleAngle_ax1,84,9.147343158721924,17,secondary
LAbsAnkleAngle_ax1,85,9.370079517364502,17,secondary
LAbsAnkleAngle_ax1,86,9.474737644195557,17,secondary
LAbsAnkleAngle_ax1,87,9.525560855865479,17,secondary
LAbsAnkleAngle_ax1,88,9.609217166900635,17,secondary
LAbsAnkleAngle_ax1,89,9.663604259490967,17,secondary
LAbsAnkleAngle_ax1,90,9.660282135009766,17,secondary
LAbsAnkleAngle_ax1,91,9.861444473266602,17,secondary
LAbsAnkleAngle_ax1,92,10.145957946777344,17,secondary
LAbsAnkleAngle_ax1,93,10.307958602905273,17,secondary
LAbsAnkleAngle_ax1,94,10.233368396759033,17,secondary
LAbsAnkleAngle_ax1,95,10.210076808929443,17,secondary
LAbsAnkleAngle_ax1,96,10.73477840423584,17,secondary
LAbsAnkleAngle_ax1,97,11.529008865356445,17,secondary
LAbsAnkleAngle_ax1,98,11.672479629516602,17,secondary
LAbsAnkleAngle_ax1,99,11.630492210388184,17,secondary
LAbsAnkleAngle_ax1,100,11.368046760559082,17,secondary
LAbsAnkleAngle_ax2,0,0.0,17,secondary
LAbsAnkleAngle_ax2,1,0.0,17,secondary
LAbsAnkleAngle_ax2,2,0.0,17,secondary
LAbsAnkleAngle_ax2,3,0.0,17,secondary
LAbsAnkleAngle_ax2,4,0.0,17,secondary
LAbsAnkleAngle_ax2,5,0.0,17,secondary
LAbsAnkleAngle_ax2,6,0.0,17,secondary
LAbsAnkleAngle_ax2,7,0.0,17,secondary
LAbsAnkleAngle_ax2,8,0.0,17,secondary
LAbsAnkleAngle_ax2,9,0.0,17,secondary
LAbsAnkleAngle_ax2,10,0.0,17,secondary
LAbsAnkleAngle_ax2,11,0.0,17,secondary
LAbsAnkleAngle_ax2,12,0.0,17,secondary
LAbsAnkleAngle_ax2,13,0.0,17,secondary
LAbsAnkleAngle_ax2,14,0.0,17,secondary
LAbsAnkleAngle_ax2,15,0.0,17,secondary
LAbsAnkleAngle_ax2,16,0.0,17,secondary
LAbsAnkleAngle_ax2,17,0.0,17,secondary
LAbsAnkleAngle_ax2,18,0.0,17,secondary
LAbsAnkleAngle_ax2,19,0.0,17,secondary
LAbsAnkleAngle_ax2,20,0.0,17,secondary
LAbsAnkleAngle_ax2,21,0.0,17,secondary
LAbsAnkleAngle_ax2,22,0.0,17,secondary
LAbsAnkleAngle_ax2,23,0.0,17,secondary
LAbsAnkleAngle_ax2,24,0.0,17,secondary
LAbsAnkleAngle_ax2,25,0.0,17,secondary
LAbsAnkleAngle_ax2,26,0.0,17,secondary
LAbsAnkleAngle_ax2,27,0.0,17,secondary
LAbsAnkleAngle_ax2,28,0.0,17,secondary
LAbsAnkleAngle_ax2,29,0.0,17,secondary
LAbsAnkleAngle_ax2,30,0.0,17,secondary
LAbsAnkleAngle_ax2,31,0.0,17,secondary
LAbsAnkleAngle_ax2,32,0.0,17,secondary
LAbsAnkleAngle_ax2,33,0.0,17,secondary
LAbsAnkleAngle_ax2,34,0.0,17,secondary
LAbsAnkleAngle_ax2,35,0.0,17,secondary
LAbsAnkleAngle_ax2,36,0.0,17,secondary
LAbsAnkleAngle_ax2,37,0.0,17,secondary
LAbsAnkleAngle_ax2,38,0.0,17,secondary
LAbsAnkleAngle_ax2,39,0.0,17,secondary
LAbsAnkleAngle_ax2,40,0.0,17,secondary
LAbsAnkleAngle_ax2,41,0.0,17,secondary
LAbsAnkleAngle_ax2,42,0.0,17,secondary
LAbsAnkleAngle_ax2,43,0.0,17,secondary
LAbsAnkleAngle_ax2,44,0.0,17,secondary
LAbsAnkleAngle_ax2,45,0.0,17,secondary
LAbsAnkleAngle_ax2,46,0.0,17,secondary
LAbsAnkleAngle_ax2,47,0.0,17,secondary
LAbsAnkleAngle_ax2,48,0.0,17,secondary
LAbsAnkleAngle_ax2,49,0.0,17,secondary
LAbsAnkleAngle_ax2,50,0.0,17,secondary
LAbsAnkleAngle_ax2,51,0.0,17,secondary
LAbsAnkleAngle_ax2,52,0.0,17,secondary
LAbsAnkleAngle_ax2,53,0.0,17,secondary
LAbsAnkleAngle_ax2,54,0.0,17,secondary
LAbsAnkleAngle_ax2,55,0.0,17,secondary
LAbsAnkleAngle_ax2,56,0.0,17,secondary
LAbsAnkleAngle_ax2,57,0.0,17,secondary
LAbsAnkleAngle_ax2,58,0.0,17,secondary
LAbsAnkleAngle_ax2,59,0.0,17,secondary
LAbsAnkleAngle_ax2,60,0.0,17,secondary
LAbsAnkleAngle_ax2,61,0.0,17,secondary
LAbsAnkleAngle_ax2,62,0.0,17,secondary
LAbsAnkleAngle_ax2,63,0.0,17,secondary
LAbsAnkleAngle_ax2,64,0.0,17,secondary
LAbsAnkleAngle_ax2,65,0.0,17,secondary
LAbsAnkleAngle_ax2,66,0.0,17,secondary
LAbsAnkleAngle_ax2,67,0.0,17,secondary
LAbsAnkleAngle_ax2,68,0.0,17,secondary
LAbsAnkleAngle_ax2,69,0.0,17,secondary
LAbsAnkleAngle_ax2,70,0.0,17,secondary
LAbsAnkleAngle_ax2,71,0.0,17,secondary
LAbsAnkleAngle_ax2,72,0.0,17,secondary
LAbsAnkleAngle_ax2,73,0.0,17,secondary
LAbsAnkleAngle_ax2,74,0.0,17,secondary
LAbsAnkleAngle_ax2,75,0.0,17,secondary
LAbsAnkleAngle_ax2,76,0.0,17,secondary
LAbsAnkleAngle_ax2,77,0.0,17,secondary
LAbsAnkleAngle_ax2,78,0.0,17,secondary
LAbsAnkleAngle_ax2,79,0.0,17,secondary
LAbsAnkleAngle_ax2,80,0.0,17,secondary
LAbsAnkleAngle_ax2,81,0.0,17,secondary
LAbsAnkleAngle_ax2,82,0.0,17,secondary
LAbsAnkleAngle_ax2,83,0.0,17,secondary
LAbsAnkleAngle_ax2,84,0.0,17,secondary
LAbsAnkleAngle_ax2,85,0.0,17,secondary
LAbsAnkleAngle_ax2,86,0.0,17,secondary
LAbsAnkleAngle_ax2,87,0.0,17,secondary
LAbsAnkleAngle_ax2,88,0.0,17,secondary
LAbsAnkleAngle_ax2,89,0.0,17,secondary
LAbsAnkleAngle_ax2,90,0.0,17,secondary
LAbsAnkleAngle_ax2,91,0.0,17,secondary
LAbsAnkleAngle_ax2,92,0.0,17,secondary
LAbsAnkleAngle_ax2,93,0.0,17,secondary
LAbsAnkleAngle_ax2,94,0.0,17,secondary
LAbsAnkleAngle_ax2,95,0.0,17,secondary
LAbsAnkleAngle_ax2,96,0.0,17,secondary
LAbsAnkleAngle_ax2,97,0.0,17,secondary
LAbsAnkleAngle_ax2,98,0.0,17,secondary
LAbsAnkleAngle_ax2,99,0.0,17,secondary
LAbsAnkleAngle_ax2,100,0.0,17,secondary
LAbsAnkleAngle_ax3,0,0.0,17,secondary
LAbsAnkleAngle_ax3,1,0.0,17,secondary
LAbsAnkleAngle_ax3,2,0.0,17,secondary
LAbsAnkleAngle_ax3,3,0.0,17,secondary
LAbsAnkleAngle_ax3,4,0.0,17,secondary
LAbsAnkleAngle_ax3,5,0.0,17,secondary
LAbsAnkleAngle_ax3,6,0.0,17,secondary
LAbsAnkleAngle_ax3,7,0.0,17,secondary
LAbsAnkleAngle_ax3,8,0.0,17,secondary
LAbsAnkleAngle_ax3,9,0.0,17,secondary
LAbsAnkleAngle_ax3,10,0.0,17,secondary
LAbsAnkleAngle_ax3,11,0.0,17,secondary
LAbsAnkleAngle_ax3,12,0.0,17,secondary
LAbsAnkleAngle_ax3,13,0.0,17,secondary
LAbsAnkleAngle_ax3,14,0.0,17,secondary
LAbsAnkleAngle_ax3,15,0.0,17,secondary
LAbsAnkleAngle_ax3,16,0.0,17,secondary
LAbsAnkleAngle_ax3,17,0.0,17,secondary
LAbsAnkleAngle_ax3,18,0.0,17,secondary
LAbsAnkleAngle_ax3,19,0.0,17,secondary
LAbsAnkleAngle_ax3,20,0.0,17,secondary
LAbsAnkleAngle_ax3,21,0.0,17,secondary
LAbsAnkleAngle_ax3,22,0.0,17,secondary
LAbsAnkleAngle_ax3,23,0.0,17,secondary
LAbsAnkleAngle_ax3,24,0.0,17,secondary
LAbsAnkleAngle_ax3,25,0.0,17,secondary
LAbsAnkleAngle_ax3,26,0.0,17,secondary
LAbsAnkleAngle_ax3,27,0.0,17,secondary
LAbsAnkleAngle_ax3,28,0.0,17,secondary
LAbsAnkleAngle_ax3,29,0.0,17,secondary
LAbsAnkleAngle_ax3,30,0.0,17,secondary
LAbsAnkleAngle_ax3,31,0.0,17,secondary
LAbsAnkleAngle_ax3,32,0.0,17,secondary
LAbsAnkleAngle_ax3,33,0.0,17,secondary
LAbsAnkleAngle_ax3,34,0.0,17,secondary
LAbsAnkleAngle_ax3,35,0.0,17,secondary
LAbsAnkleAngle_ax3,36,0.0,17,secondary
LAbsAnkleAngle_ax3,37,0.0,17,secondary
LAbsAnkleAngle_ax3,38,0.0,17,secondary
LAbsAnkleAngle_ax3,39,0.0,17,secondary
LAbsAnkleAngle_ax3,40,0.0,17,secondary
LAbsAnkleAngle_ax3,41,0.0,17,secondary
LAbsAnkleAngle_ax3,42,0.0,17,secondary
LAbsAnkleAngle_ax3,43,0.0,17,secondary
LAbsAnkleAngle_ax3,44,0.0,17,secondary
LAbsAnkleAngle_ax3,45,0.0,17,secondary
LAbsAnkleAngle_ax3,46,0.0,17,secondary
LAbsAnkleAngle_ax3,47,0.0,17,secondary
LAbsAnkleAngle_ax3,48,0.0,17,secondary
LAbsAnkleAngle_ax3,49,0.0,17,secondary
LAbsAnkleAngle_ax3,50,0.0,17,secondary
LAbsAnkleAngle_ax3,51,0.0,17,secondary
LAbsAnkleAngle_ax3,52,0.0,17,secondary
LAbsAnkleAngle_ax3,53,0.0,17,secondary
LAbsAnkleAngle_ax3,54,0.0,17,secondary
LAbsAnkleAngle_ax3,55,0.0,17,secondary
LAbsAnkleAngle_ax3,56,0.0,17,secondary
LAbsAnkleAngle_ax3,57,0.0,17,secondary
LAbsAnkleAngle_ax3,58,0.0,17,secondary
LAbsAnkleAngle_ax3,59,0.0,17,secondary
LAbsAnkleAngle_ax3,60,0.0,17,secondary
LAbsAnkleAngle_ax3,61,0.0,17,secondary
LAbsAnkleAngle_ax3,62,0.0,17,secondary
LAbsAnkleAngle_ax3,63,0.0,17,secondary
LAbsAnkleAngle_ax3,64,0.0,17,secondary
LAbsAnkleAngle_ax3,65,0.0,17,secondary
LAbsAnkleAngle_ax3,66,0.0,17,secondary
LAbsAnkleAngle_ax3,67,0.0,17,secondary
LAbsAnkleAngle_ax3,68,0.0,17,secondary
LAbsAnkleAngle_ax3,69,0.0,17,secondary
LAbsAnkleAngle_ax3,70,0.0,17,secondary
LAbsAnkleAngle_ax3,71,0.0,17,secondary
LAbsAnkleAngle_ax3,72,0.0,17,secondary
LAbsAnkleAngle_ax3,73,0.0,17,secondary
LAbsAnkleAngle_ax3,74,0.0,17,secondary
LAbsAnkleAngle_ax3,75,0.0,17,secondary
LAbsAnkleAngle_ax3,76,0.0,17,secondary
LAbsAnkleAngle_ax3,77,0.0,17,secondary
LAbsAnkleAngle_ax3,78,0.0,17,secondary
LAbsAnkleAngle_ax3,79,0.0,17,secondary
LAbsAnkleAngle_ax3,80,0.0,17,secondary
LAbsAnkleAngle_ax3,81,0.0,17,secondary
LAbsAnkleAngle_ax3,82,0.0,17,secondary
LAbsAnkleAngle_ax3,83,0.0,17,secondary
LAbsAnkleAngle_ax3,84,0.0,17,secondary
LAbsAnkleAngle_ax3,85,0.0,17,secondary
LAbsAnkleAngle_ax3,86,0.0,17,secondary
LAbsAnkleAngle_ax3,87,0.0,17,secondary
LAbsAnkleAngle_ax3,88,0.0,17,secondary
LAbsAnkleAngle_ax3,89,0.0,17,secondary
LAbsAnkleAngle_ax3,90,0.0,17,secondary
LAbsAnkleAngle_ax3,91,0.0,17,secondary
LAbsAnkleAngle_ax3,92,0.0,17,secondary
LAbsAnkleAngle_ax3,93,0.0,17,secondary
LAbsAnkleAngle_ax3,94,0.0,17,secondary
LAbsAnkleAngle_ax3,95,0.0,17,secondary
LAbsAnkleAngle_ax3,96,0.0,17,secondary
LAbsAnkleAngle_ax3,97,0.0,17,secondary
LAbsAnkleAngle_ax3,98,0.0,17,secondary
LAbsAnkleAngle_ax3,99,0.0,17,secondary
LAbsAnkleAngle_ax3,100,0.0,17,secondary
RAbsAnkleAngle_ax1,0,12.135476112365723,17,secondary
RAbsAnkleAngle_ax1,1,12.327327728271484,17,secondary
RAbsAnkleAngle_ax1,2,12.393409729003906,17,secondary
RAbsAnkleAngle_ax1,3,11.908782958984375,17,secondary
RAbsAnkleAngle_ax1,4,11.313310623168945,17,secondary
RAbsAnkleAngle_ax1,5,10.599439144134521,17,secondary
RAbsAnkleAngle_ax1,6,9.84513807296753,17,secondary
RAbsAnkleAngle_ax1,7,8.752110958099365,17,secondary
RAbsAnkleAngle_ax1,8,7.239752769470215,17,secondary
RAbsAnkleAngle_ax1,9,5.420473098754883,17,secondary
RAbsAnkleAngle_ax1,10,3.0637290477752686,17,secondary
RAbsAnkleAngle_ax1,11,2.323783755302429,17,secondary
RAbsAnkleAngle_ax1,12,1.784798264503479,17,secondary
RAbsAnkleAngle_ax1,13,0.10431822389364243,17,secondary
RAbsAnkleAngle_ax1,14,-0.22250738739967346,17,secondary
RAbsAnkleAngle_ax1,15,-1.4930896759033203,17,secondary
RAbsAnkleAngle_ax1,16,-1.437524676322937,17,secondary
RAbsAnkleAngle_ax1,17,-1.1357754468917847,17,secondary
RAbsAnkleAngle_ax1,18,-0.7445580959320068,17,secondary
RAbsAnkleAngle_ax1,19,-0.20321977138519287,17,secondary
RAbsAnkleAngle_ax1,20,0.6306466460227966,17,secondary
RAbsAnkleAngle_ax1,21,1.4187216758728027,17,secondary
RAbsAnkleAngle_ax1,22,2.1276798248291016,17,secondary
RAbsAnkleAngle_ax1,23,2.377319574356079,17,secondary
RAbsAnkleAngle_ax1,24,3.0846956968307495,17,secondary
RAbsAnkleAngle_ax1,25,4.064746975898743,17,secondary
RAbsAnkleAngle_ax1,26,5.210996389389038,17,secondary
RAbsAnkleAngle_ax1,27,6.222331285476685,17,secondary
RAbsAnkleAngle_ax1,28,7.0650434494018555,17,secondary
RAbsAnkleAngle_ax1,29,7.810574054718018,17,secondary
RAbsAnkleAngle_ax1,30,8.08204460144043,17,secondary
RAbsAnkleAngle_ax1,31,8.305787086486816,17,secondary
RAbsAnkleAngle_ax1,32,9.265626907348633,17,secondary
RAbsAnkleAngle_ax1,33,9.601547241210938,17,secondary
RAbsAnkleAngle_ax1,34,9.887374877929688,17,secondary
RAbsAnkleAngle_ax1,35,9.920159816741943,17,secondary
RAbsAnkleAngle_ax1,36,10.429461479187012,17,secondary
RAbsAnkleAngle_ax1,37,11.00446605682373,17,secondary
RAbsAnkleAngle_ax1,38,11.072633743286133,17,secondary
RAbsAnkleAngle_ax1,39,10.80069351196289,17,secondary
RAbsAnkleAngle_ax1,40,10.686944007873535,17,secondary
RAbsAnkleAngle_ax1,41,10.878271102905273,17,secondary
RAbsAnkleAngle_ax1,42,11.285619735717773,17,secondary
RAbsAnkleAngle_ax1,43,11.822175025939941,17,secondary
RAbsAnkleAngle_ax1,44,12.537386894226074,17,secondary
RAbsAnkleAngle_ax1,45,13.02008056640625,17,secondary
RAbsAnkleAngle_ax1,46,13.227683067321777,17,secondary
RAbsAnkleAngle_ax1,47,13.366772651672363,17,secondary
RAbsAnkleAngle_ax1,48,13.480633735656738,17,secondary
RAbsAnkleAngle_ax1,49,13.652228355407715,17,secondary
RAbsAnkleAngle_ax1,50,13.798684120178223,17,secondary
RAbsAnkleAngle_ax1,51,13.933584213256836,17,secondary
RAbsAnkleAngle_ax1,52,14.044812202453613,17,secondary
RAbsAnkleAngle_ax1,53,14.282608032226562,17,secondary
RAbsAnkleAngle_ax1,54,14.142836093902588,17,secondary
RAbsAnkleAngle_ax1,55,12.89448881149292,17,secondary
RAbsAnkleAngle_ax1,56,11.172201156616211,17,secondary
RAbsAnkleAngle_ax1,57,8.549968719482422,17,secondary
RAbsAnkleAngle_ax1,58,6.6503472328186035,17,secondary
RAbsAnkleAngle_ax1,59,5.82519006729126,17,secondary
RAbsAnkleAngle_ax1,60,2.9933241605758667,17,secondary
RAbsAnkleAngle_ax1,61,3.021856188774109,17,secondary
RAbsAnkleAngle_ax1,62,2.5461220741271973,17,secondary
RAbsAnkleAngle_ax1,63,1.8163443207740784,17,secondary
RAbsAnkleAngle_ax1,64,1.6365653276443481,17,secondary
RAbsAnkleAngle_ax1,65,-0.662104606628418,17,secondary
RAbsAnkleAngle_ax1,66,-2.132636547088623,17,secondary
RAbsAnkleAngle_ax1,67,-4.638627052307129,17,secondary
RAbsAnkleAngle_ax1,68,-4.1874165534973145,17,secondary
RAbsAnkleAngle_ax1,69,-3.2458906173706055,17,secondary
RAbsAnkleAngle_ax1,70,-2.1216025352478027,17,secondary
RAbsAnkleAngle_ax1,71,-1.55380380153656,17,secondary
RAbsAnkleAngle_ax1,72,-0.36219140887260437,17,secondary
RAbsAnkleAngle_ax1,73,0.5053990483283997,17,secondary
RAbsAnkleAngle_ax1,74,2.375781536102295,17,secondary
RAbsAnkleAngle_ax1,75,3.792397975921631,17,secondary
RAbsAnkleAngle_ax1,76,4.8907248973846436,17,secondary
RAbsAnkleAngle_ax1,77,5.8673975467681885,17,secondary
RAbsAnkleAngle_ax1,78,6.741756916046143,17,secondary
RAbsAnkleAngle_ax1,79,6.967697858810425,17,secondary
RAbsAnkleAngle_ax1,80,7.1540892124176025,17,secondary
RAbsAnkleAngle_ax1,81,7.4127912521362305,17,secondary
RAbsAnkleAngle_ax1,82,7.985079288482666,17,secondary
RAbsAnkleAngle_ax1,83,8.453866958618164,17,secondary
RAbsAnkleAngle_ax1,84,8.836509227752686,17,secondary
RAbsAnkleAngle_ax1,85,9.484127044677734,17,secondary
RAbsAnkleAngle_ax1,86,10.145395278930664,17,secondary
RAbsAnkleAngle_ax1,87,10.527975082397461,17,secondary
RAbsAnkleAngle_ax1,88,10.725552558898926,17,secondary
RAbsAnkleAngle_ax1,89,10.824777126312256,17,secondary
RAbsAnkleAngle_ax1,90,10.947104454040527,17,secondary
RAbsAnkleAngle_ax1,91,11.03844404220581,17,secondary
RAbsAnkleAngle_ax1,92,10.990893363952637,17,secondary
RAbsAnkleAngle_ax1,93,11.2008695602417,17,secondary
RAbsAnkleAngle_ax1,94,11.28212022781372,17,secondary
RAbsAnkleAngle_ax1,95,11.353133201599121,17,secondary
RAbsAnkleAngle_ax1,96,11.413781642913818,17,secondary
RAbsAnkleAngle_ax1,97,11.455612182617188,17,secondary
RAbsAnkleAngle_ax1,98,11.460983276367188,17,secondary
RAbsAnkleAngle_ax1,99,11.406687259674072,17,secondary
RAbsAnkleAngle_ax1,100,11.664813041687012,17,secondary
RAbsAnkleAngle_ax2,0,0.0,17,secondary
RAbsAnkleAngle_ax2,1,0.0,17,secondary
RAbsAnkleAngle_ax2,2,0.0,17,secondary
RAbsAnkleAngle_ax2,3,0.0,17,secondary
RAbsAnkleAngle_ax2,4,0.0,17,secondary
RAbsAnkleAngle_ax2,5,0.0,17,secondary
RAbsAnkleAngle_ax2,6,0.0,17,secondary
RAbsAnkleAngle_ax2,7,0.0,17,secondary
RAbsAnkleAngle_ax2,8,0.0,17,secondary
RAbsAnkleAngle_ax2,9,0.0,17,secondary
RAbsAnkleAngle_ax2,10,0.0,17,secondary
RAbsAnkleAngle_ax2,11,0.0,17,secondary
RAbsAnkleAngle_ax2,12,0.0,17,secondary
RAbsAnkleAngle_ax2,13,0.0,17,secondary
RAbsAnkleAngle_ax2,14,0.0,17,secondary
RAbsAnkleAngle_ax2,15,0.0,17,secondary
RAbsAnkleAngle_ax2,16,0.0,17,secondary
RAbsAnkleAngle_ax2,17,0.0,17,secondary
RAbsAnkleAngle_ax2,18,0.0,17,secondary
RAbsAnkleAngle_ax2,19,0.0,17,secondary
RAbsAnkleAngle_ax2,20,0.0,17,secondary
RAbsAnkleAngle_ax2,21,0.0,17,secondary
RAbsAnkleAngle_ax2,22,0.0,17,secondary
RAbsAnkleAngle_ax2,23,0.0,17,secondary
RAbsAnkleAngle_ax2,24,0.0,17,secondary
RAbsAnkleAngle_ax2,25,0.0,17,secondary
RAbsAnkleAngle_ax2,26,0.0,17,secondary
RAbsAnkleAngle_ax2,27,0.0,17,secondary
RAbsAnkleAngle_ax2,28,0.0,17,secondary
RAbsAnkleAngle_ax2,29,0.0,17,secondary
RAbsAnkleAngle_ax2,30,0.0,17,secondary
RAbsAnkleAngle_ax2,31,0.0,17,secondary
RAbsAnkleAngle_ax2,32,0.0,17,secondary
RAbsAnkleAngle_ax2,33,0.0,17,secondary
RAbsAnkleAngle_ax2,34,0.0,17,secondary
RAbsAnkleAngle_ax2,35,0.0,17,secondary
RAbsAnkleAngle_ax2,36,0.0,17,secondary
RAbsAnkleAngle_ax2,37,0.0,17,secondary
RAbsAnkleAngle_ax2,38,0.0,17,secondary
RAbsAnkleAngle_ax2,39,0.0,17,secondary
RAbsAnkleAngle_ax2,40,0.0,17,secondary
RAbsAnkleAngle_ax2,41,0.0,17,secondary
RAbsAnkleAngle_ax2,42,0.0,17,secondary
RAbsAnkleAngle_ax2,43,0.0,17,secondary
RAbsAnkleAngle_ax2,44,0.0,17,secondary
RAbsAnkleAngle_ax2,45,0.0,17,secondary
RAbsAnkleAngle_ax2,46,0.0,17,secondary
RAbsAnkleAngle_ax2,47,0.0,17,secondary
RAbsAnkleAngle_ax2,48,0.0,17,secondary
RAbsAnkleAngle_ax2,49,0.0,17,secondary
RAbsAnkleAngle_ax2,50,0.0,17,secondary
RAbsAnkleAngle_ax2,51,0.0,17,secondary
RAbsAnkleAngle_ax2,52,0.0,17,secondary
RAbsAnkleAngle_ax2,53,0.0,17,secondary
RAbsAnkleAngle_ax2,54,0.0,17,secondary
RAbsAnkleAngle_ax2,55,0.0,17,secondary
RAbsAnkleAngle_ax2,56,0.0,17,secondary
RAbsAnkleAngle_ax2,57,0.0,17,secondary
RAbsAnkleAngle_ax2,58,0.0,17,secondary
RAbsAnkleAngle_ax2,59,0.0,17,secondary
RAbsAnkleAngle_ax2,60,0.0,17,secondary
RAbsAnkleAngle_ax2,61,0.0,17,secondary
RAbsAnkleAngle_ax2,62,0.0,17,secondary
RAbsAnkleAngle_ax2,63,0.0,17,secondary
RAbsAnkleAngle_ax2,64,0.0,17,secondary
RAbsAnkleAngle_ax2,65,0.0,17,secondary
RAbsAnkleAngle_ax2,66,0.0,17,secondary
RAbsAnkleAngle_ax2,67,0.0,17,secondary
RAbsAnkleAngle_ax2,68,0.0,17,secondary
RAbsAnkleAngle_ax2,69,0.0,17,secondary
RAbsAnkleAngle_ax2,70,0.0,17,secondary
RAbsAnkleAngle_ax2,71,0.0,17,secondary
RAbsAnkleAngle_ax2,72,0.0,17,secondary
RAbsAnkleAngle_ax2,73,0.0,17,secondary
RAbsAnkleAngle_ax2,74,0.0,17,secondary
RAbsAnkleAngle_ax2,75,0.0,17,secondary
RAbsAnkleAngle_ax2,76,0.0,17,secondary
RAbsAnkleAngle_ax2,77,0.0,17,secondary
RAbsAnkleAngle_ax2,78,0.0,17,secondary
RAbsAnkleAngle_ax2,79,0.0,17,secondary
RAbsAnkleAngle_ax2,80,0.0,17,secondary
RAbsAnkleAngle_ax2,81,0.0,17,secondary
RAbsAnkleAngle_ax2,82,0.0,17,secondary
RAbsAnkleAngle_ax2,83,0.0,17,secondary
RAbsAnkleAngle_ax2,84,0.0,17,secondary
RAbsAnkleAngle_ax2,85,0.0,17,secondary
RAbsAnkleAngle_ax2,86,0.0,17,secondary
RAbsAnkleAngle_ax2,87,0.0,17,secondary
RAbsAnkleAngle_ax2,88,0.0,17,secondary
RAbsAnkleAngle_ax2,89,0.0,17,secondary
RAbsAnkleAngle_ax2,90,0.0,17,secondary
RAbsAnkleAngle_ax2,91,0.0,17,secondary
RAbsAnkleAngle_ax2,92,0.0,17,secondary
RAbsAnkleAngle_ax2,93,0.0,17,secondary
RAbsAnkleAngle_ax2,94,0.0,17,secondary
RAbsAnkleAngle_ax2,95,0.0,17,secondary
RAbsAnkleAngle_ax2,96,0.0,17,secondary
RAbsAnkleAngle_ax2,97,0.0,17,secondary
RAbsAnkleAngle_ax2,98,0.0,17,secondary
RAbsAnkleAngle_ax2,99,0.0,17,secondary
RAbsAnkleAngle_ax2,100,0.0,17,secondary
RAbsAnkleAngle_ax3,0,0.0,17,secondary
RAbsAnkleAngle_ax3,1,0.0,17,secondary
RAbsAnkleAngle_ax3,2,0.0,17,secondary
RAbsAnkleAngle_ax3,3,0.0,17,secondary
RAbsAnkleAngle_ax3,4,0.0,17,secondary
RAbsAnkleAngle_ax3,5,0.0,17,secondary
RAbsAnkleAngle_ax3,6,0.0,17,secondary
RAbsAnkleAngle_ax3,7,0.0,17,secondary
RAbsAnkleAngle_ax3,8,0.0,17,secondary
RAbsAnkleAngle_ax3,9,0.0,17,secondary
RAbsAnkleAngle_ax3,10,0.0,17,secondary
RAbsAnkleAngle_ax3,11,0.0,17,secondary
RAbsAnkleAngle_ax3,12,0.0,17,secondary
RAbsAnkleAngle_ax3,13,0.0,17,secondary
RAbsAnkleAngle_ax3,14,0.0,17,secondary
RAbsAnkleAngle_ax3,15,0.0,17,secondary
RAbsAnkleAngle_ax3,16,0.0,17,secondary
RAbsAnkleAngle_ax3,17,0.0,17,secondary
RAbsAnkleAngle_ax3,18,0.0,17,secondary
RAbsAnkleAngle_ax3,19,0.0,17,secondary
RAbsAnkleAngle_ax3,20,0.0,17,secondary
RAbsAnkleAngle_ax3,21,0.0,17,secondary
RAbsAnkleAngle_ax3,22,0.0,17,secondary
RAbsAnkleAngle_ax3,23,0.0,17,secondary
RAbsAnkleAngle_ax3,24,0.0,17,secondary
RAbsAnkleAngle_ax3,25,0.0,17,secondary
RAbsAnkleAngle_ax3,26,0.0,17,secondary
RAbsAnkleAngle_ax3,27,0.0,17,secondary
RAbsAnkleAngle_ax3,28,0.0,17,secondary
RAbsAnkleAngle_ax3,29,0.0,17,secondary
RAbsAnkleAngle_ax3,30,0.0,17,secondary
RAbsAnkleAngle_ax3,31,0.0,17,secondary
RAbsAnkleAngle_ax3,32,0.0,17,secondary
RAbsAnkleAngle_ax3,33,0.0,17,secondary
RAbsAnkleAngle_ax3,34,0.0,17,secondary
RAbsAnkleAngle_ax3,35,0.0,17,secondary
RAbsAnkleAngle_ax3,36,0.0,17,secondary
RAbsAnkleAngle_ax3,37,0.0,17,secondary
RAbsAnkleAngle_ax3,38,0.0,17,secondary
RAbsAnkleAngle_ax3,39,0.0,17,secondary
RAbsAnkleAngle_ax3,40,0.0,17,secondary
RAbsAnkleAngle_ax3,41,0.0,17,secondary
RAbsAnkleAngle_ax3,42,0.0,17,secondary
RAbsAnkleAngle_ax3,43,0.0,17,secondary
RAbsAnkleAngle_ax3,44,0.0,17,secondary
RAbsAnkleAngle_ax3,45,0.0,17,secondary
RAbsAnkleAngle_ax3,46,0.0,17,secondary
RAbsAnkleAngle_ax3,47,0.0,17,secondary
RAbsAnkleAngle_ax3,48,0.0,17,secondary
RAbsAnkleAngle_ax3,49,0.0,17,secondary
RAbsAnkleAngle_ax3,50,0.0,17,secondary
RAbsAnkleAngle_ax3,51,0.0,17,secondary
RAbsAnkleAngle_ax3,52,0.0,17,secondary
RAbsAnkleAngle_ax3,53,0.0,17,secondary
RAbsAnkleAngle_ax3,54,0.0,17,secondary
RAbsAnkleAngle_ax3,55,0.0,17,secondary
RAbsAnkleAngle_ax3,56,0.0,17,secondary
RAbsAnkleAngle_ax3,57,0.0,17,secondary
RAbsAnkleAngle_ax3,58,0.0,17,secondary
RAbsAnkleAngle_ax3,59,0.0,17,secondary
RAbsAnkleAngle_ax3,60,0.0,17,secondary
RAbsAnkleAngle_ax3,61,0.0,17,secondary
RAbsAnkleAngle_ax3,62,0.0,17,secondary
RAbsAnkleAngle_ax3,63,0.0,17,secondary
RAbsAnkleAngle_ax3,64,0.0,17,secondary
RAbsAnkleAngle_ax3,65,0.0,17,secondary
RAbsAnkleAngle_ax3,66,0.0,17,secondary
RAbsAnkleAngle_ax3,67,0.0,17,secondary
RAbsAnkleAngle_ax3,68,0.0,17,secondary
RAbsAnkleAngle_ax3,69,0.0,17,secondary
RAbsAnkleAngle_ax3,70,0.0,17,secondary
RAbsAnkleAngle_ax3,71,0.0,17,secondary
RAbsAnkleAngle_ax3,72,0.0,17,secondary
RAbsAnkleAngle_ax3,73,0.0,17,secondary
RAbsAnkleAngle_ax3,74,0.0,17,secondary
RAbsAnkleAngle_ax3,75,0.0,17,secondary
RAbsAnkleAngle_ax3,76,0.0,17,secondary
RAbsAnkleAngle_ax3,77,0.0,17,secondary
RAbsAnkleAngle_ax3,78,0.0,17,secondary
RAbsAnkleAngle_ax3,79,0.0,17,secondary
RAbsAnkleAngle_ax3,80,0.0,17,secondary
RAbsAnkleAngle_ax3,81,0.0,17,secondary
RAbsAnkleAngle_ax3,82,0.0,17,secondary
RAbsAnkleAngle_ax3,83,0.0,17,secondary
RAbsAnkleAngle_ax3,84,0.0,17,secondary
RAbsAnkleAngle_ax3,85,0.0,17,secondary
RAbsAnkleAngle_ax3,86,0.0,17,secondary
RAbsAnkleAngle_ax3,87,0.0,17,secondary
RAbsAnkleAngle_ax3,88,0.0,17,secondary
RAbsAnkleAngle_ax3,89,0.0,17,secondary
RAbsAnkleAngle_ax3,90,0.0,17,secondary
RAbsAnkleAngle_ax3,91,0.0,17,secondary
RAbsAnkleAngle_ax3,92,0.0,17,secondary
RAbsAnkleAngle_ax3,93,0.0,17,secondary
RAbsAnkleAngle_ax3,94,0.0,17,secondary
RAbsAnkleAngle_ax3,95,0.0,17,secondary
RAbsAnkleAngle_ax3,96,0.0,17,secondary
RAbsAnkleAngle_ax3,97,0.0,17,secondary
RAbsAnkleAngle_ax3,98,0.0,17,secondary
RAbsAnkleAngle_ax3,99,0.0,17,secondary
RAbsAnkleAngle_ax3,100,0.0,17,secondary
LHEE_ax1,0,713.5263671875,17,secondary
LHEE_ax1,1,715.5777587890625,17,secondary
LHEE_ax1,2,718.1130981445312,17,secondary
LHEE_ax1,3,721.2671508789062,17,secondary
LHEE_ax1,4,717.2387084960938,17,secondary
LHEE_ax1,5,713.4824829101562,17,secondary
LHEE_ax1,6,711.4232482910156,17,secondary
LHEE_ax1,7,716.8517456054688,17,secondary
LHEE_ax1,8,722.6402587890625,17,secondary
LHEE_ax1,9,728.9329528808594,17,secondary
LHEE_ax1,10,736.0171356201172,17,secondary
LHEE_ax1,11,727.6950836181641,17,secondary
LHEE_ax1,12,718.3177337646484,17,secondary
LHEE_ax1,13,710.8141479492188,17,secondary
LHEE_ax1,14,727.1685180664062,17,secondary
LHEE_ax1,15,733.1110229492188,17,secondary
LHEE_ax1,16,705.0470581054688,17,secondary
LHEE_ax1,17,704.21533203125,17,secondary
LHEE_ax1,18,723.3073120117188,17,secondary
LHEE_ax1,19,746.7157592773438,17,secondary
LHEE_ax1,20,769.8212890625,17,secondary
LHEE_ax1,21,795.4192504882812,17,secondary
LHEE_ax1,22,804.0114135742188,17,secondary
LHEE_ax1,23,804.31787109375,17,secondary
LHEE_ax1,24,797.3090515136719,17,secondary
LHEE_ax1,25,790.9585571289062,17,secondary
LHEE_ax1,26,788.57080078125,17,secondary
LHEE_ax1,27,788.3590087890625,17,secondary
LHEE_ax1,28,788.4384765625,17,secondary
LHEE_ax1,29,811.3280334472656,17,secondary
LHEE_ax1,30,831.9297485351562,17,secondary
LHEE_ax1,31,803.7769775390625,17,secondary
LHEE_ax1,32,787.3216552734375,17,secondary
LHEE_ax1,33,796.7891845703125,17,secondary
LHEE_ax1,34,785.66796875,17,secondary
LHEE_ax1,35,802.677978515625,17,secondary
LHEE_ax1,36,820.0648193359375,17,secondary
LHEE_ax1,37,826.8560180664062,17,secondary
LHEE_ax1,38,821.6906127929688,17,secondary
LHEE_ax1,39,817.4296264648438,17,secondary
LHEE_ax1,40,838.3619384765625,17,secondary
LHEE_ax1,41,843.311279296875,17,secondary
LHEE_ax1,42,878.9856567382812,17,secondary
LHEE_ax1,43,888.6155090332031,17,secondary
LHEE_ax1,44,904.862548828125,17,secondary
LHEE_ax1,45,928.4410400390625,17,secondary
LHEE_ax1,46,912.46728515625,17,secondary
LHEE_ax1,47,884.5189208984375,17,secondary
LHEE_ax1,48,899.9527587890625,17,secondary
LHEE_ax1,49,923.4310913085938,17,secondary
LHEE_ax1,50,922.1621704101562,17,secondary
LHEE_ax1,51,919.9166870117188,17,secondary
LHEE_ax1,52,917.0948486328125,17,secondary
LHEE_ax1,53,913.5297241210938,17,secondary
LHEE_ax1,54,908.90380859375,17,secondary
LHEE_ax1,55,903.1603393554688,17,secondary
LHEE_ax1,56,903.1931762695312,17,secondary
LHEE_ax1,57,909.8816528320312,17,secondary
LHEE_ax1,58,917.9776000976562,17,secondary
LHEE_ax1,59,927.6455688476562,17,secondary
LHEE_ax1,60,939.0008544921875,17,secondary
LHEE_ax1,61,952.0918579101562,17,secondary
LHEE_ax1,62,966.890625,17,secondary
LHEE_ax1,63,983.2933959960938,17,secondary
LHEE_ax1,64,982.8421936035156,17,secondary
LHEE_ax1,65,982.397216796875,17,secondary
LHEE_ax1,66,982.0933227539062,17,secondary
LHEE_ax1,67,990.0502319335938,17,secondary
LHEE_ax1,68,990.7293090820312,17,secondary
LHEE_ax1,69,991.2451782226562,17,secondary
LHEE_ax1,70,991.6309814453125,17,secondary
LHEE_ax1,71,991.9191284179688,17,secondary
LHEE_ax1,72,978.6507263183594,17,secondary
LHEE_ax1,73,979.319091796875,17,secondary
LHEE_ax1,74,979.427734375,17,secondary
LHEE_ax1,75,998.529052734375,17,secondary
LHEE_ax1,76,1025.3740234375,17,secondary
LHEE_ax1,77,1025.646728515625,17,secondary
LHEE_ax1,78,1026.18212890625,17,secondary
LHEE_ax1,79,1060.527587890625,17,secondary
LHEE_ax1,80,1070.710693359375,17,secondary
LHEE_ax1,81,1035.6661376953125,17,secondary
LHEE_ax1,82,1042.0594482421875,17,secondary
LHEE_ax1,83,1078.0115966796875,17,secondary
LHEE_ax1,84,1115.768798828125,17,secondary
LHEE_ax1,85,1108.2655029296875,17,secondary
LHEE_ax1,86,1125.6261291503906,17,secondary
LHEE_ax1,87,1124.3804626464844,17,secondary
LHEE_ax1,88,1123.0978698730469,17,secondary
LHEE_ax1,89,1121.8096618652344,17,secondary
LHEE_ax1,90,1120.482162475586,17,secondary
LHEE_ax1,91,1119.0915985107422,17,secondary
LHEE_ax1,92,1117.6636352539062,17,secondary
LHEE_ax1,93,1116.2494201660156,17,secondary
LHEE_ax1,94,1115.0119018554688,17,secondary
LHEE_ax1,95,1135.9630126953125,17,secondary
LHEE_ax1,96,1162.726318359375,17,secondary
LHEE_ax1,97,1186.49951171875,17,secondary
LHEE_ax1,98,1206.99267578125,17,secondary
LHEE_ax1,99,1224.06787109375,17,secondary
LHEE_ax1,100,1237.7646484375,17,secondary
LHEE_ax2,0,299.3443908691406,17,secondary
LHEE_ax2,1,299.4400634765625,17,secondary
LHEE_ax2,2,298.51837158203125,17,secondary
LHEE_ax2,3,297.4701843261719,17,secondary
LHEE_ax2,4,298.2947082519531,17,secondary
LHEE_ax2,5,299.4140930175781,17,secondary
LHEE_ax2,6,300.3624572753906,17,secondary
LHEE_ax2,7,300.8736267089844,17,secondary
LHEE_ax2,8,301.1283264160156,17,secondary
LHEE_ax2,9,301.3066711425781,17,secondary
LHEE_ax2,10,300.9302978515625,17,secondary
LHEE_ax2,11,300.10394287109375,17,secondary
LHEE_ax2,12,299.1316223144531,17,secondary
LHEE_ax2,13,299.2204895019531,17,secondary
LHEE_ax2,14,299.67616271972656,17,secondary
LHEE_ax2,15,299.0010986328125,17,secondary
LHEE_ax2,16,298.2367248535156,17,secondary
LHEE_ax2,17,302.3011779785156,17,secondary
LHEE_ax2,18,302.4849853515625,17,secondary
LHEE_ax2,19,302.6086730957031,17,secondary
LHEE_ax2,20,302.7505798339844,17,secondary
LHEE_ax2,21,302.9393615722656,17,secondary
LHEE_ax2,22,303.1728515625,17,secondary
LHEE_ax2,23,303.42523193359375,17,secondary
LHEE_ax2,24,304.444091796875,17,secondary
LHEE_ax2,25,305.0065612792969,17,secondary
LHEE_ax2,26,304.6561584472656,17,secondary
LHEE_ax2,27,304.240478515625,17,secondary
LHEE_ax2,28,304.5760803222656,17,secondary
LHEE_ax2,29,304.97247314453125,17,secondary
LHEE_ax2,30,305.3645935058594,17,secondary
LHEE_ax2,31,305.65484619140625,17,secondary
LHEE_ax2,32,304.1091003417969,17,secondary
LHEE_ax2,33,303.247314453125,17,secondary
LHEE_ax2,34,303.3117370605469,17,secondary
LHEE_ax2,35,303.48907470703125,17,secondary
LHEE_ax2,36,305.03204345703125,17,secondary
LHEE_ax2,37,306.5546417236328,17,secondary
LHEE_ax2,38,307.9025573730469,17,secondary
LHEE_ax2,39,308.06195068359375,17,secondary
LHEE_ax2,40,308.943115234375,17,secondary
LHEE_ax2,41,309.3345947265625,17,secondary
LHEE_ax2,42,309.373779296875,17,secondary
LHEE_ax2,43,310.96160888671875,17,secondary
LHEE_ax2,44,315.0260009765625,17,secondary
LHEE_ax2,45,317.85009765625,17,secondary
LHEE_ax2,46,318.5084228515625,17,secondary
LHEE_ax2,47,309.7749938964844,17,secondary
LHEE_ax2,48,307.4831237792969,17,secondary
LHEE_ax2,49,307.1520690917969,17,secondary
LHEE_ax2,50,307.6940002441406,17,secondary
LHEE_ax2,51,308.14495849609375,17,secondary
LHEE_ax2,52,304.9830627441406,17,secondary
LHEE_ax2,53,304.5329284667969,17,secondary
LHEE_ax2,54,306.0728759765625,17,secondary
LHEE_ax2,55,307.9423828125,17,secondary
LHEE_ax2,56,310.0887756347656,17,secondary
LHEE_ax2,57,311.2447814941406,17,secondary
LHEE_ax2,58,311.37359619140625,17,secondary
LHEE_ax2,59,312.1752014160156,17,secondary
LHEE_ax2,60,315.93817138671875,17,secondary
LHEE_ax2,61,320.3881530761719,17,secondary
LHEE_ax2,62,325.2144470214844,17,secondary
LHEE_ax2,63,327.73333740234375,17,secondary
LHEE_ax2,64,328.1450500488281,17,secondary
LHEE_ax2,65,327.99481201171875,17,secondary
LHEE_ax2,66,327.2266082763672,17,secondary
LHEE_ax2,67,325.89857482910156,17,secondary
LHEE_ax2,68,324.1730194091797,17,secondary
LHEE_ax2,69,317.2266540527344,17,secondary
LHEE_ax2,70,312.8045959472656,17,secondary
LHEE_ax2,71,309.6695251464844,17,secondary
LHEE_ax2,72,307.6333312988281,17,secondary
LHEE_ax2,73,307.9342956542969,17,secondary
LHEE_ax2,74,308.4239501953125,17,secondary
LHEE_ax2,75,306.7873229980469,17,secondary
LHEE_ax2,76,305.8809814453125,17,secondary
LHEE_ax2,77,304.8409118652344,17,secondary
LHEE_ax2,78,304.4471130371094,17,secondary
LHEE_ax2,79,304.76763916015625,17,secondary
LHEE_ax2,80,305.1678466796875,17,secondary
LHEE_ax2,81,305.5079345703125,17,secondary
LHEE_ax2,82,306.77642822265625,17,secondary
LHEE_ax2,83,309.2327575683594,17,secondary
LHEE_ax2,84,308.8948974609375,17,secondary
LHEE_ax2,85,308.3418273925781,17,secondary
LHEE_ax2,86,307.82421875,17,secondary
LHEE_ax2,87,307.3169250488281,17,secondary
LHEE_ax2,88,307.696044921875,17,secondary
LHEE_ax2,89,308.3144836425781,17,secondary
LHEE_ax2,90,308.6522521972656,17,secondary
LHEE_ax2,91,310.1792297363281,17,secondary
LHEE_ax2,92,315.4095458984375,17,secondary
LHEE_ax2,93,320.33270263671875,17,secondary
LHEE_ax2,94,321.7611999511719,17,secondary
LHEE_ax2,95,321.5079040527344,17,secondary
LHEE_ax2,96,321.37109375,17,secondary
LHEE_ax2,97,321.3147888183594,17,secondary
LHEE_ax2,98,325.904541015625,17,secondary
LHEE_ax2,99,326.19410705566406,17,secondary
LHEE_ax2,100,325.114990234375,17,secondary
LHEE_ax3,0,67.94075012207031,17,secondary
LHEE_ax3,1,68.59030151367188,17,secondary
LHEE_ax3,2,70.09130096435547,17,secondary
LHEE_ax3,3,74.37393951416016,17,secondary
LHEE_ax3,4,74.20685195922852,17,secondary
LHEE_ax3,5,72.97116470336914,17,secondary
LHEE_ax3,6,75.82503509521484,17,secondary
LHEE_ax3,7,82.61494445800781,17,secondary
LHEE_ax3,8,92.57765197753906,17,secondary
LHEE_ax3,9,103.53218841552734,17,secondary
LHEE_ax3,10,115.47759246826172,17,secondary
LHEE_ax3,11,128.6504669189453,17,secondary
LHEE_ax3,12,142.8979949951172,17,secondary
LHEE_ax3,13,153.2714080810547,17,secondary
LHEE_ax3,14,164.353515625,17,secondary
LHEE_ax3,15,176.0605010986328,17,secondary
LHEE_ax3,16,188.17828369140625,17,secondary
LHEE_ax3,17,200.41360473632812,17,secondary
LHEE_ax3,18,212.0516357421875,17,secondary
LHEE_ax3,19,222.1967010498047,17,secondary
LHEE_ax3,20,230.80369567871094,17,secondary
LHEE_ax3,21,237.83164978027344,17,secondary
LHEE_ax3,22,243.3309783935547,17,secondary
LHEE_ax3,23,247.13409423828125,17,secondary
LHEE_ax3,24,246.66197967529297,17,secondary
LHEE_ax3,25,238.2484130859375,17,secondary
LHEE_ax3,26,227.02650451660156,17,secondary
LHEE_ax3,27,213.51235961914062,17,secondary
LHEE_ax3,28,199.23008728027344,17,secondary
LHEE_ax3,29,184.51318359375,17,secondary
LHEE_ax3,30,169.67718505859375,17,secondary
LHEE_ax3,31,154.6673583984375,17,secondary
LHEE_ax3,32,139.28854370117188,17,secondary
LHEE_ax3,33,125.32705307006836,17,secondary
LHEE_ax3,34,117.81914520263672,17,secondary
LHEE_ax3,35,110.20050430297852,17,secondary
LHEE_ax3,36,102.48951721191406,17,secondary
LHEE_ax3,37,93.19587326049805,17,secondary
LHEE_ax3,38,85.28084564208984,17,secondary
LHEE_ax3,39,84.93453979492188,17,secondary
LHEE_ax3,40,77.26849365234375,17,secondary
LHEE_ax3,41,74.82189178466797,17,secondary
LHEE_ax3,42,73.13735961914062,17,secondary
LHEE_ax3,43,72.4645004272461,17,secondary
LHEE_ax3,44,71.09170532226562,17,secondary
LHEE_ax3,45,70.3680191040039,17,secondary
LHEE_ax3,46,70.05713653564453,17,secondary
LHEE_ax3,47,71.14273071289062,17,secondary
LHEE_ax3,48,69.20579528808594,17,secondary
LHEE_ax3,49,69.96177673339844,17,secondary
LHEE_ax3,50,70.6653823852539,17,secondary
LHEE_ax3,51,68.75384521484375,17,secondary
LHEE_ax3,52,66.81622314453125,17,secondary
LHEE_ax3,53,65.40299987792969,17,secondary
LHEE_ax3,54,64.9197998046875,17,secondary
LHEE_ax3,55,68.37651252746582,17,secondary
LHEE_ax3,56,73.40462303161621,17,secondary
LHEE_ax3,57,77.13762664794922,17,secondary
LHEE_ax3,58,78.76004791259766,17,secondary
LHEE_ax3,59,80.18941497802734,17,secondary
LHEE_ax3,60,81.49180603027344,17,secondary
LHEE_ax3,61,82.56727600097656,17,secondary
LHEE_ax3,62,85.09759521484375,17,secondary
LHEE_ax3,63,85.50727844238281,17,secondary
LHEE_ax3,64,85.77621459960938,17,secondary
LHEE_ax3,65,85.96244049072266,17,secondary
LHEE_ax3,66,86.12531280517578,17,secondary
LHEE_ax3,67,86.31404876708984,17,secondary
LHEE_ax3,68,86.55518341064453,17,secondary
LHEE_ax3,69,86.84786224365234,17,secondary
LHEE_ax3,70,87.16969299316406,17,secondary
LHEE_ax3,71,87.49337005615234,17,secondary
LHEE_ax3,72,87.81665802001953,17,secondary
LHEE_ax3,73,88.17208862304688,17,secondary
LHEE_ax3,74,88.5889892578125,17,secondary
LHEE_ax3,75,89.05502319335938,17,secondary
LHEE_ax3,76,89.53972625732422,17,secondary
LHEE_ax3,77,90.03459930419922,17,secondary
LHEE_ax3,78,90.50479125976562,17,secondary
LHEE_ax3,79,90.93315124511719,17,secondary
LHEE_ax3,80,91.44100952148438,17,secondary
LHEE_ax3,81,92.204345703125,17,secondary
LHEE_ax3,82,93.10445404052734,17,secondary
LHEE_ax3,83,94.01600646972656,17,secondary
LHEE_ax3,84,94.95459747314453,17,secondary
LHEE_ax3,85,92.89623641967773,17,secondary
LHEE_ax3,86,88.17623519897461,17,secondary
LHEE_ax3,87,86.8987808227539,17,secondary
LHEE_ax3,88,82.3001594543457,17,secondary
LHEE_ax3,89,79.04168701171875,17,secondary
LHEE_ax3,90,74.01151275634766,17,secondary
LHEE_ax3,91,72.64859771728516,17,secondary
LHEE_ax3,92,70.36576080322266,17,secondary
LHEE_ax3,93,68.09957122802734,17,secondary
LHEE_ax3,94,67.37748718261719,17,secondary
LHEE_ax3,95,67.88960266113281,17,secondary
LHEE_ax3,96,68.79539489746094,17,secondary
LHEE_ax3,97,68.64189147949219,17,secondary
LHEE_ax3,98,68.76662063598633,17,secondary
LHEE_ax3,99,68.96764755249023,17,secondary
LHEE_ax3,100,68.11033630371094,17,secondary
RHEE_ax1,0,751.9071350097656,17,secondary
RHEE_ax1,1,763.6371459960938,17,secondary
RHEE_ax1,2,772.0598754882812,17,secondary
RHEE_ax1,3,777.9691467285156,17,secondary
RHEE_ax1,4,782.1542663574219,17,secondary
RHEE_ax1,5,785.2651062011719,17,secondary
RHEE_ax1,6,787.7452392578125,17,secondary
RHEE_ax1,7,789.8440246582031,17,secondary
RHEE_ax1,8,791.6712646484375,17,secondary
RHEE_ax1,9,793.2577514648438,17,secondary
RHEE_ax1,10,794.6043395996094,17,secondary
RHEE_ax1,11,795.7156066894531,17,secondary
RHEE_ax1,12,796.6134033203125,17,secondary
RHEE_ax1,13,791.9746398925781,17,secondary
RHEE_ax1,14,778.4280700683594,17,secondary
RHEE_ax1,15,764.5264282226562,17,secondary
RHEE_ax1,16,750.4804382324219,17,secondary
RHEE_ax1,17,736.4354858398438,17,secondary
RHEE_ax1,18,734.59765625,17,secondary
RHEE_ax1,19,722.1151123046875,17,secondary
RHEE_ax1,20,735.4758605957031,17,secondary
RHEE_ax1,21,748.8649291992188,17,secondary
RHEE_ax1,22,762.3838500976562,17,secondary
RHEE_ax1,23,773.747802734375,17,secondary
RHEE_ax1,24,791.4265747070312,17,secondary
RHEE_ax1,25,812.346435546875,17,secondary
RHEE_ax1,26,812.2328491210938,17,secondary
RHEE_ax1,27,812.0753173828125,17,secondary
RHEE_ax1,28,827.9355163574219,17,secondary
RHEE_ax1,29,811.473876953125,17,secondary
RHEE_ax1,30,811.1578979492188,17,secondary
RHEE_ax1,31,802.0463562011719,17,secondary
RHEE_ax1,32,801.3546752929688,17,secondary
RHEE_ax1,33,804.9458923339844,17,secondary
RHEE_ax1,34,810.1668701171875,17,secondary
RHEE_ax1,35,835.7305908203125,17,secondary
RHEE_ax1,36,864.8539428710938,17,secondary
RHEE_ax1,37,909.2412719726562,17,secondary
RHEE_ax1,38,929.4298706054688,17,secondary
RHEE_ax1,39,929.8827514648438,17,secondary
RHEE_ax1,40,930.3679504394531,17,secondary
RHEE_ax1,41,930.890625,17,secondary
RHEE_ax1,42,931.45849609375,17,secondary
RHEE_ax1,43,936.286376953125,17,secondary
RHEE_ax1,44,936.2357177734375,17,secondary
RHEE_ax1,45,940.2296447753906,17,secondary
RHEE_ax1,46,957.025146484375,17,secondary
RHEE_ax1,47,971.9310302734375,17,secondary
RHEE_ax1,48,983.3304443359375,17,secondary
RHEE_ax1,49,987.7947387695312,17,secondary
RHEE_ax1,50,1000.8266296386719,17,secondary
RHEE_ax1,51,1009.3821411132812,17,secondary
RHEE_ax1,52,1013.2671813964844,17,secondary
RHEE_ax1,53,1015.7944641113281,17,secondary
RHEE_ax1,54,1018.5227355957031,17,secondary
RHEE_ax1,55,1022.4142456054688,17,secondary
RHEE_ax1,56,1027.1107482910156,17,secondary
RHEE_ax1,57,1023.5762329101562,17,secondary
RHEE_ax1,58,1019.2685546875,17,secondary
RHEE_ax1,59,1028.8768310546875,17,secondary
RHEE_ax1,60,1041.86083984375,17,secondary
RHEE_ax1,61,1057.5361328125,17,secondary
RHEE_ax1,62,1043.9105224609375,17,secondary
RHEE_ax1,63,1062.8997802734375,17,secondary
RHEE_ax1,64,1067.8638305664062,17,secondary
RHEE_ax1,65,1065.3082885742188,17,secondary
RHEE_ax1,66,1075.8994140625,17,secondary
RHEE_ax1,67,1058.0896606445312,17,secondary
RHEE_ax1,68,1070.3921508789062,17,secondary
RHEE_ax1,69,1080.8651123046875,17,secondary
RHEE_ax1,70,1087.168701171875,17,secondary
RHEE_ax1,71,1101.2560424804688,17,secondary
RHEE_ax1,72,1115.5748291015625,17,secondary
RHEE_ax1,73,1101.001220703125,17,secondary
RHEE_ax1,74,1071.845458984375,17,secondary
RHEE_ax1,75,1041.9014892578125,17,secondary
RHEE_ax1,76,1037.26611328125,17,secondary
RHEE_ax1,77,1037.4141845703125,17,secondary
RHEE_ax1,78,1037.6385498046875,17,secondary
RHEE_ax1,79,1037.9412841796875,17,secondary
RHEE_ax1,80,1038.32421875,17,secondary
RHEE_ax1,81,1038.7777099609375,17,secondary
RHEE_ax1,82,1039.2763671875,17,secondary
RHEE_ax1,83,1039.7825927734375,17,secondary
RHEE_ax1,84,1040.254638671875,17,secondary
RHEE_ax1,85,1070.801025390625,17,secondary
RHEE_ax1,86,1107.890625,17,secondary
RHEE_ax1,87,1146.041259765625,17,secondary
RHEE_ax1,88,1146.4381713867188,17,secondary
RHEE_ax1,89,1146.41357421875,17,secondary
RHEE_ax1,90,1146.3793334960938,17,secondary
RHEE_ax1,91,1146.3318481445312,17,secondary
RHEE_ax1,92,1158.827392578125,17,secondary
RHEE_ax1,93,1179.6237182617188,17,secondary
RHEE_ax1,94,1187.650390625,17,secondary
RHEE_ax1,95,1188.19921875,17,secondary
RHEE_ax1,96,1188.8604736328125,17,secondary
RHEE_ax1,97,1189.6435546875,17,secondary
RHEE_ax1,98,1188.689697265625,17,secondary
RHEE_ax1,99,1187.4862060546875,17,secondary
RHEE_ax1,100,1192.7601318359375,17,secondary
RHEE_ax2,0,264.84375,17,secondary
RHEE_ax2,1,265.13175201416016,17,secondary
RHEE_ax2,2,265.6244201660156,17,secondary
RHEE_ax2,3,265.7049255371094,17,secondary
RHEE_ax2,4,263.5228271484375,17,secondary
RHEE_ax2,5,261.62103271484375,17,secondary
RHEE_ax2,6,260.0068359375,17,secondary
RHEE_ax2,7,258.7118835449219,17,secondary
RHEE_ax2,8,257.76483154296875,17,secondary
RHEE_ax2,9,257.1669006347656,17,secondary
RHEE_ax2,10,256.88238525390625,17,secondary
RHEE_ax2,11,256.84429931640625,17,secondary
RHEE_ax2,12,256.96905517578125,17,secondary
RHEE_ax2,13,257.1739501953125,17,secondary
RHEE_ax2,14,257.39215087890625,17,secondary
RHEE_ax2,15,257.58087158203125,17,secondary
RHEE_ax2,16,258.167724609375,17,secondary
RHEE_ax2,17,259.92742919921875,17,secondary
RHEE_ax2,18,260.8772277832031,17,secondary
RHEE_ax2,19,264.7543640136719,17,secondary
RHEE_ax2,20,266.77862548828125,17,secondary
RHEE_ax2,21,266.7780456542969,17,secondary
RHEE_ax2,22,266.7756652832031,17,secondary
RHEE_ax2,23,266.75146484375,17,secondary
RHEE_ax2,24,266.6925048828125,17,secondary
RHEE_ax2,25,266.6820068359375,17,secondary
RHEE_ax2,26,267.70933532714844,17,secondary
RHEE_ax2,27,268.52215576171875,17,secondary
RHEE_ax2,28,269.1354064941406,17,secondary
RHEE_ax2,29,269.5670166015625,17,secondary
RHEE_ax2,30,269.8316345214844,17,secondary
RHEE_ax2,31,269.9371643066406,17,secondary
RHEE_ax2,32,269.8839874267578,17,secondary
RHEE_ax2,33,269.6659698486328,17,secondary
RHEE_ax2,34,269.2681427001953,17,secondary
RHEE_ax2,35,269.2777099609375,17,secondary
RHEE_ax2,36,269.3799743652344,17,secondary
RHEE_ax2,37,270.15899658203125,17,secondary
RHEE_ax2,38,269.6012878417969,17,secondary
RHEE_ax2,39,270.22901916503906,17,secondary
RHEE_ax2,40,272.02574157714844,17,secondary
RHEE_ax2,41,273.6796875,17,secondary
RHEE_ax2,42,275.08453369140625,17,secondary
RHEE_ax2,43,274.3801574707031,17,secondary
RHEE_ax2,44,271.43321228027344,17,secondary
RHEE_ax2,45,269.0110168457031,17,secondary
RHEE_ax2,46,267.17529296875,17,secondary
RHEE_ax2,47,266.83082580566406,17,secondary
RHEE_ax2,48,267.0692443847656,17,secondary
RHEE_ax2,49,267.2977752685547,17,secondary
RHEE_ax2,50,267.4980010986328,17,secondary
RHEE_ax2,51,267.6593475341797,17,secondary
RHEE_ax2,52,267.7839813232422,17,secondary
RHEE_ax2,53,267.5957336425781,17,secondary
RHEE_ax2,54,267.71632385253906,17,secondary
RHEE_ax2,55,267.8854217529297,17,secondary
RHEE_ax2,56,268.01414489746094,17,secondary
RHEE_ax2,57,268.11907958984375,17,secondary
RHEE_ax2,58,268.2104949951172,17,secondary
RHEE_ax2,59,268.29295349121094,17,secondary
RHEE_ax2,60,268.3675994873047,17,secondary
RHEE_ax2,61,268.4336395263672,17,secondary
RHEE_ax2,62,268.4908905029297,17,secondary
RHEE_ax2,63,268.54150390625,17,secondary
RHEE_ax2,64,268.58946228027344,17,secondary
RHEE_ax2,65,268.6378936767578,17,secondary
RHEE_ax2,66,268.6883087158203,17,secondary
RHEE_ax2,67,268.7411804199219,17,secondary
RHEE_ax2,68,268.7962951660156,17,secondary
RHEE_ax2,69,269.20379638671875,17,secondary
RHEE_ax2,70,269.9961700439453,17,secondary
RHEE_ax2,71,270.82647705078125,17,secondary
RHEE_ax2,72,271.8301544189453,17,secondary
RHEE_ax2,73,272.26564025878906,17,secondary
RHEE_ax2,74,272.8185119628906,17,secondary
RHEE_ax2,75,273.2763977050781,17,secondary
RHEE_ax2,76,273.19207763671875,17,secondary
RHEE_ax2,77,274.677978515625,17,secondary
RHEE_ax2,78,275.5017395019531,17,secondary
RHEE_ax2,79,274.4768981933594,17,secondary
RHEE_ax2,80,273.7323303222656,17,secondary
RHEE_ax2,81,273.7362976074219,17,secondary
RHEE_ax2,82,273.51902770996094,17,secondary
RHEE_ax2,83,273.9573059082031,17,secondary
RHEE_ax2,84,274.6820068359375,17,secondary
RHEE_ax2,85,275.7537384033203,17,secondary
RHEE_ax2,86,277.107421875,17,secondary
RHEE_ax2,87,276.13330078125,17,secondary
RHEE_ax2,88,276.418701171875,17,secondary
RHEE_ax2,89,277.544677734375,17,secondary
RHEE_ax2,90,278.423828125,17,secondary
RHEE_ax2,91,276.3091735839844,17,secondary
RHEE_ax2,92,274.9595947265625,17,secondary
RHEE_ax2,93,275.43780517578125,17,secondary
RHEE_ax2,94,276.0773010253906,17,secondary
RHEE_ax2,95,275.38262939453125,17,secondary
RHEE_ax2,96,274.7529296875,17,secondary
RHEE_ax2,97,274.36834716796875,17,secondary
RHEE_ax2,98,274.1086120605469,17,secondary
RHEE_ax2,99,274.7111511230469,17,secondary
RHEE_ax2,100,276.7430725097656,17,secondary
RHEE_ax3,0,71.41387939453125,17,secondary
RHEE_ax3,1,68.94754028320312,17,secondary
RHEE_ax3,2,70.28081321716309,17,secondary
RHEE_ax3,3,70.95384216308594,17,secondary
RHEE_ax3,4,68.911376953125,17,secondary
RHEE_ax3,5,71.33777618408203,17,secondary
RHEE_ax3,6,71.57773208618164,17,secondary
RHEE_ax3,7,72.52758407592773,17,secondary
RHEE_ax3,8,74.29693603515625,17,secondary
RHEE_ax3,9,76.20055389404297,17,secondary
RHEE_ax3,10,78.31386184692383,17,secondary
RHEE_ax3,11,80.46950912475586,17,secondary
RHEE_ax3,12,82.71192169189453,17,secondary
RHEE_ax3,13,85.13544845581055,17,secondary
RHEE_ax3,14,87.81526565551758,17,secondary
RHEE_ax3,15,90.79561233520508,17,secondary
RHEE_ax3,16,91.97718048095703,17,secondary
RHEE_ax3,17,91.99040222167969,17,secondary
RHEE_ax3,18,91.98686218261719,17,secondary
RHEE_ax3,19,92.00660705566406,17,secondary
RHEE_ax3,20,92.08048248291016,17,secondary
RHEE_ax3,21,92.20951080322266,17,secondary
RHEE_ax3,22,92.34600067138672,17,secondary
RHEE_ax3,23,92.45329284667969,17,secondary
RHEE_ax3,24,92.56065368652344,17,secondary
RHEE_ax3,25,92.73995971679688,17,secondary
RHEE_ax3,26,93.0272216796875,17,secondary
RHEE_ax3,27,93.4109878540039,17,secondary
RHEE_ax3,28,93.86563873291016,17,secondary
RHEE_ax3,29,94.37032318115234,17,secondary
RHEE_ax3,30,94.89938354492188,17,secondary
RHEE_ax3,31,95.44103240966797,17,secondary
RHEE_ax3,32,96.00135040283203,17,secondary
RHEE_ax3,33,96.58346557617188,17,secondary
RHEE_ax3,34,97.20774841308594,17,secondary
RHEE_ax3,35,94.88086700439453,17,secondary
RHEE_ax3,36,88.06379318237305,17,secondary
RHEE_ax3,37,85.97333145141602,17,secondary
RHEE_ax3,38,86.46243667602539,17,secondary
RHEE_ax3,39,82.93423461914062,17,secondary
RHEE_ax3,40,81.30384826660156,17,secondary
RHEE_ax3,41,78.70594024658203,17,secondary
RHEE_ax3,42,73.26810455322266,17,secondary
RHEE_ax3,43,70.9696044921875,17,secondary
RHEE_ax3,44,70.53759765625,17,secondary
RHEE_ax3,45,69.72565460205078,17,secondary
RHEE_ax3,46,70.04610443115234,17,secondary
RHEE_ax3,47,70.31857299804688,17,secondary
RHEE_ax3,48,70.50303268432617,17,secondary
RHEE_ax3,49,69.59063720703125,17,secondary
RHEE_ax3,50,69.5154800415039,17,secondary
RHEE_ax3,51,70.90571975708008,17,secondary
RHEE_ax3,52,72.4498062133789,17,secondary
RHEE_ax3,53,73.93013763427734,17,secondary
RHEE_ax3,54,79.95043182373047,17,secondary
RHEE_ax3,55,86.68560791015625,17,secondary
RHEE_ax3,56,94.3821029663086,17,secondary
RHEE_ax3,57,100.9735336303711,17,secondary
RHEE_ax3,58,108.11968231201172,17,secondary
RHEE_ax3,59,116.52542114257812,17,secondary
RHEE_ax3,60,125.82343292236328,17,secondary
RHEE_ax3,61,135.14012145996094,17,secondary
RHEE_ax3,62,145.4922637939453,17,secondary
RHEE_ax3,63,156.75857543945312,17,secondary
RHEE_ax3,64,168.71621704101562,17,secondary
RHEE_ax3,65,181.0409393310547,17,secondary
RHEE_ax3,66,193.32127380371094,17,secondary
RHEE_ax3,67,205.08767700195312,17,secondary
RHEE_ax3,68,215.8552703857422,17,secondary
RHEE_ax3,69,225.1744384765625,17,secondary
RHEE_ax3,70,232.6781463623047,17,secondary
RHEE_ax3,71,238.1129150390625,17,secondary
RHEE_ax3,72,241.34567260742188,17,secondary
RHEE_ax3,73,242.26182556152344,17,secondary
RHEE_ax3,74,236.3339385986328,17,secondary
RHEE_ax3,75,228.86295318603516,17,secondary
RHEE_ax3,76,220.047119140625,17,secondary
RHEE_ax3,77,210.089111328125,17,secondary
RHEE_ax3,78,199.19168853759766,17,secondary
RHEE_ax3,79,187.5528793334961,17,secondary
RHEE_ax3,80,175.3622817993164,17,secondary
RHEE_ax3,81,162.7114715576172,17,secondary
RHEE_ax3,82,145.89105224609375,17,secondary
RHEE_ax3,83,128.9908447265625,17,secondary
RHEE_ax3,84,112.32586669921875,17,secondary
RHEE_ax3,85,102.61923217773438,17,secondary
RHEE_ax3,86,94.93067169189453,17,secondary
RHEE_ax3,87,87.5034294128418,17,secondary
RHEE_ax3,88,85.64652252197266,17,secondary
RHEE_ax3,89,83.97373962402344,17,secondary
RHEE_ax3,90,83.40316009521484,17,secondary
RHEE_ax3,91,77.85846710205078,17,secondary
RHEE_ax3,92,73.38908386230469,17,secondary
RHEE_ax3,93,70.79805755615234,17,secondary
RHEE_ax3,94,71.48873138427734,17,secondary
RHEE_ax3,95,71.92142486572266,17,secondary
RHEE_ax3,96,69.66642761230469,17,secondary
RHEE_ax3,97,68.7415542602539,17,secondary
RHEE_ax3,98,69.6821517944336,17,secondary
RHEE_ax3,99,69.37899017333984,17,secondary
RHEE_ax3,100,71.27241516113281,17,secondary
LTOE_ax1,0,694.6607055664062,17,secondary
LTOE_ax1,1,695.449951171875,17,secondary
LTOE_ax1,2,696.2694091796875,17,secondary
LTOE_ax1,3,697.118408203125,17,secondary
LTOE_ax1,4,698.0054931640625,17,secondary
LTOE_ax1,5,705.5468139648438,17,secondary
LTOE_ax1,6,714.0315551757812,17,secondary
LTOE_ax1,7,722.2426147460938,17,secondary
LTOE_ax1,8,728.7903442382812,17,secondary
LTOE_ax1,9,732.6831665039062,17,secondary
LTOE_ax1,10,734.2603759765625,17,secondary
LTOE_ax1,11,734.7378540039062,17,secondary
LTOE_ax1,12,735.0218505859375,17,secondary
LTOE_ax1,13,735.3013916015625,17,secondary
LTOE_ax1,14,735.55126953125,17,secondary
LTOE_ax1,15,735.8596801757812,17,secondary
LTOE_ax1,16,746.027099609375,17,secondary
LTOE_ax1,17,745.9573974609375,17,secondary
LTOE_ax1,18,745.9110107421875,17,secondary
LTOE_ax1,19,745.9073486328125,17,secondary
LTOE_ax1,20,770.9242553710938,17,secondary
LTOE_ax1,21,794.0138244628906,17,secondary
LTOE_ax1,22,775.0994262695312,17,secondary
LTOE_ax1,23,801.9547119140625,17,secondary
LTOE_ax1,24,810.875,17,secondary
LTOE_ax1,25,810.040283203125,17,secondary
LTOE_ax1,26,848.0860595703125,17,secondary
LTOE_ax1,27,887.1055297851562,17,secondary
LTOE_ax1,28,894.90869140625,17,secondary
LTOE_ax1,29,899.0160522460938,17,secondary
LTOE_ax1,30,899.0750122070312,17,secondary
LTOE_ax1,31,908.91748046875,17,secondary
LTOE_ax1,32,930.345947265625,17,secondary
LTOE_ax1,33,952.0521240234375,17,secondary
LTOE_ax1,34,950.3397216796875,17,secondary
LTOE_ax1,35,901.8775024414062,17,secondary
LTOE_ax1,36,911.1790466308594,17,secondary
LTOE_ax1,37,931.1799011230469,17,secondary
LTOE_ax1,38,938.9690856933594,17,secondary
LTOE_ax1,39,912.3488464355469,17,secondary
LTOE_ax1,40,934.1936645507812,17,secondary
LTOE_ax1,41,973.3136291503906,17,secondary
LTOE_ax1,42,984.2978210449219,17,secondary
LTOE_ax1,43,984.552001953125,17,secondary
LTOE_ax1,44,984.8470458984375,17,secondary
LTOE_ax1,45,985.1910400390625,17,secondary
LTOE_ax1,46,987.4820251464844,17,secondary
LTOE_ax1,47,994.52685546875,17,secondary
LTOE_ax1,48,1008.1292114257812,17,secondary
LTOE_ax1,49,1027.000244140625,17,secondary
LTOE_ax1,50,1021.3108825683594,17,secondary
LTOE_ax1,51,1014.1643371582031,17,secondary
LTOE_ax1,52,1008.1380004882812,17,secondary
LTOE_ax1,53,1002.9750671386719,17,secondary
LTOE_ax1,54,998.4259643554688,17,secondary
LTOE_ax1,55,994.2842712402344,17,secondary
LTOE_ax1,56,995.2491455078125,17,secondary
LTOE_ax1,57,997.0447387695312,17,secondary
LTOE_ax1,58,999.090576171875,17,secondary
LTOE_ax1,59,1001.4730834960938,17,secondary
LTOE_ax1,60,1004.3341979980469,17,secondary
LTOE_ax1,61,1007.9297485351562,17,secondary
LTOE_ax1,62,1012.5617980957031,17,secondary
LTOE_ax1,63,1018.6438903808594,17,secondary
LTOE_ax1,64,1026.6603088378906,17,secondary
LTOE_ax1,65,1037.119873046875,17,secondary
LTOE_ax1,66,1046.5755615234375,17,secondary
LTOE_ax1,67,1034.6964111328125,17,secondary
LTOE_ax1,68,1020.2826538085938,17,secondary
LTOE_ax1,69,1003.1902465820312,17,secondary
LTOE_ax1,70,1001.2145385742188,17,secondary
LTOE_ax1,71,1023.0205688476562,17,secondary
LTOE_ax1,72,1047.263427734375,17,secondary
LTOE_ax1,73,1037.76708984375,17,secondary
LTOE_ax1,74,1080.482666015625,17,secondary
LTOE_ax1,75,1113.2486572265625,17,secondary
LTOE_ax1,76,1113.189208984375,17,secondary
LTOE_ax1,77,1113.1458740234375,17,secondary
LTOE_ax1,78,1137.6341857910156,17,secondary
LTOE_ax1,79,1141.5349731445312,17,secondary
LTOE_ax1,80,1135.8391723632812,17,secondary
LTOE_ax1,81,1142.9108276367188,17,secondary
LTOE_ax1,82,1133.9810791015625,17,secondary
LTOE_ax1,83,1132.1293640136719,17,secondary
LTOE_ax1,84,1137.1962890625,17,secondary
LTOE_ax1,85,1137.262451171875,17,secondary
LTOE_ax1,86,1127.5896301269531,17,secondary
LTOE_ax1,87,1125.9211730957031,17,secondary
LTOE_ax1,88,1124.442626953125,17,secondary
LTOE_ax1,89,1124.777099609375,17,secondary
LTOE_ax1,90,1126.30419921875,17,secondary
LTOE_ax1,91,1168.893310546875,17,secondary
LTOE_ax1,92,1200.327392578125,17,secondary
LTOE_ax1,93,1200.9112548828125,17,secondary
LTOE_ax1,94,1201.3853759765625,17,secondary
LTOE_ax1,95,1211.0081176757812,17,secondary
LTOE_ax1,96,1232.3245849609375,17,secondary
LTOE_ax1,97,1244.7638549804688,17,secondary
LTOE_ax1,98,1255.4971923828125,17,secondary
LTOE_ax1,99,1264.5989379882812,17,secondary
LTOE_ax1,100,1272.2035522460938,17,secondary
LTOE_ax2,0,318.4981384277344,17,secondary
LTOE_ax2,1,318.8452453613281,17,secondary
LTOE_ax2,2,318.14398193359375,17,secondary
LTOE_ax2,3,315.38336181640625,17,secondary
LTOE_ax2,4,315.24505615234375,17,secondary
LTOE_ax2,5,315.61077880859375,17,secondary
LTOE_ax2,6,315.9673767089844,17,secondary
LTOE_ax2,7,316.5776672363281,17,secondary
LTOE_ax2,8,316.75042724609375,17,secondary
LTOE_ax2,9,315.8628845214844,17,secondary
LTOE_ax2,10,315.3307189941406,17,secondary
LTOE_ax2,11,314.6658630371094,17,secondary
LTOE_ax2,12,314.5632019042969,17,secondary
LTOE_ax2,13,316.03082275390625,17,secondary
LTOE_ax2,14,315.9021911621094,17,secondary
LTOE_ax2,15,315.9010009765625,17,secondary
LTOE_ax2,16,315.9262390136719,17,secondary
LTOE_ax2,17,315.9757080078125,17,secondary
LTOE_ax2,18,312.3162841796875,17,secondary
LTOE_ax2,19,311.7406005859375,17,secondary
LTOE_ax2,20,314.82867431640625,17,secondary
LTOE_ax2,21,321.19232177734375,17,secondary
LTOE_ax2,22,325.7940368652344,17,secondary
LTOE_ax2,23,324.9210510253906,17,secondary
LTOE_ax2,24,328.6134338378906,17,secondary
LTOE_ax2,25,334.1457824707031,17,secondary
LTOE_ax2,26,336.12542724609375,17,secondary
LTOE_ax2,27,336.11651611328125,17,secondary
LTOE_ax2,28,338.4804382324219,17,secondary
LTOE_ax2,29,338.75030517578125,17,secondary
LTOE_ax2,30,338.86663818359375,17,secondary
LTOE_ax2,31,338.9414978027344,17,secondary
LTOE_ax2,32,339.1179504394531,17,secondary
LTOE_ax2,33,339.189208984375,17,secondary
LTOE_ax2,34,338.8426208496094,17,secondary
LTOE_ax2,35,338.7431335449219,17,secondary
LTOE_ax2,36,338.602294921875,17,secondary
LTOE_ax2,37,338.41314697265625,17,secondary
LTOE_ax2,38,338.21978759765625,17,secondary
LTOE_ax2,39,338.4870300292969,17,secondary
LTOE_ax2,40,338.3171081542969,17,secondary
LTOE_ax2,41,338.35546875,17,secondary
LTOE_ax2,42,338.39263916015625,17,secondary
LTOE_ax2,43,333.5470275878906,17,secondary
LTOE_ax2,44,333.42950439453125,17,secondary
LTOE_ax2,45,333.3869323730469,17,secondary
LTOE_ax2,46,333.3947448730469,17,secondary
LTOE_ax2,47,333.4093322753906,17,secondary
LTOE_ax2,48,333.42694091796875,17,secondary
LTOE_ax2,49,333.454833984375,17,secondary
LTOE_ax2,50,330.517578125,17,secondary
LTOE_ax2,51,327.3453674316406,17,secondary
LTOE_ax2,52,327.3912658691406,17,secondary
LTOE_ax2,53,327.47027587890625,17,secondary
LTOE_ax2,54,327.5858459472656,17,secondary
LTOE_ax2,55,327.741455078125,17,secondary
LTOE_ax2,56,327.0285339355469,17,secondary
LTOE_ax2,57,325.72308349609375,17,secondary
LTOE_ax2,58,324.3410339355469,17,secondary
LTOE_ax2,59,324.7194519042969,17,secondary
LTOE_ax2,60,324.0487060546875,17,secondary
LTOE_ax2,61,324.8339538574219,17,secondary
LTOE_ax2,62,323.5863952636719,17,secondary
LTOE_ax2,63,323.2074279785156,17,secondary
LTOE_ax2,64,324.6629333496094,17,secondary
LTOE_ax2,65,324.95953369140625,17,secondary
LTOE_ax2,66,325.34490966796875,17,secondary
LTOE_ax2,67,325.78564453125,17,secondary
LTOE_ax2,68,326.1414489746094,17,secondary
LTOE_ax2,69,326.4747619628906,17,secondary
LTOE_ax2,70,326.74346923828125,17,secondary
LTOE_ax2,71,326.95172119140625,17,secondary
LTOE_ax2,72,330.15374755859375,17,secondary
LTOE_ax2,73,336.8498840332031,17,secondary
LTOE_ax2,74,342.9644470214844,17,secondary
LTOE_ax2,75,343.0203857421875,17,secondary
LTOE_ax2,76,343.03594970703125,17,secondary
LTOE_ax2,77,343.10792541503906,17,secondary
LTOE_ax2,78,343.2299499511719,17,secondary
LTOE_ax2,79,343.35565185546875,17,secondary
LTOE_ax2,80,343.4600830078125,17,secondary
LTOE_ax2,81,343.5454406738281,17,secondary
LTOE_ax2,82,343.7140350341797,17,secondary
LTOE_ax2,83,343.9977111816406,17,secondary
LTOE_ax2,84,344.3567810058594,17,secondary
LTOE_ax2,85,344.7720031738281,17,secondary
LTOE_ax2,86,344.87828063964844,17,secondary
LTOE_ax2,87,345.1703338623047,17,secondary
LTOE_ax2,88,345.6306610107422,17,secondary
LTOE_ax2,89,345.8396301269531,17,secondary
LTOE_ax2,90,345.9779052734375,17,secondary
LTOE_ax2,91,345.1068420410156,17,secondary
LTOE_ax2,92,342.3146667480469,17,secondary
LTOE_ax2,93,342.53887939453125,17,secondary
LTOE_ax2,94,342.5887451171875,17,secondary
LTOE_ax2,95,342.4707336425781,17,secondary
LTOE_ax2,96,342.3811340332031,17,secondary
LTOE_ax2,97,342.2599792480469,17,secondary
LTOE_ax2,98,342.1639099121094,17,secondary
LTOE_ax2,99,341.8243103027344,17,secondary
LTOE_ax2,100,339.1495666503906,17,secondary
LTOE_ax3,0,77.54767608642578,17,secondary
LTOE_ax3,1,78.05799865722656,17,secondary
LTOE_ax3,2,78.34669494628906,17,secondary
LTOE_ax3,3,78.14727783203125,17,secondary
LTOE_ax3,4,75.36947631835938,17,secondary
LTOE_ax3,5,74.25696182250977,17,secondary
LTOE_ax3,6,73.83121871948242,17,secondary
LTOE_ax3,7,73.42661666870117,17,secondary
LTOE_ax3,8,68.59859466552734,17,secondary
LTOE_ax3,9,65.54817199707031,17,secondary
LTOE_ax3,10,65.0953369140625,17,secondary
LTOE_ax3,11,61.4002742767334,17,secondary
LTOE_ax3,12,61.07816696166992,17,secondary
LTOE_ax3,13,61.798160552978516,17,secondary
LTOE_ax3,14,62.23455810546875,17,secondary
LTOE_ax3,15,62.86418151855469,17,secondary
LTOE_ax3,16,64.51119422912598,17,secondary
LTOE_ax3,17,63.377676010131836,17,secondary
LTOE_ax3,18,65.17440795898438,17,secondary
LTOE_ax3,19,67.73089599609375,17,secondary
LTOE_ax3,20,67.9577522277832,17,secondary
LTOE_ax3,21,71.09808349609375,17,secondary
LTOE_ax3,22,72.21529388427734,17,secondary
LTOE_ax3,23,72.72769927978516,17,secondary
LTOE_ax3,24,74.56741333007812,17,secondary
LTOE_ax3,25,74.4565200805664,17,secondary
LTOE_ax3,26,74.44298553466797,17,secondary
LTOE_ax3,27,74.47986602783203,17,secondary
LTOE_ax3,28,73.38563537597656,17,secondary
LTOE_ax3,29,73.18207931518555,17,secondary
LTOE_ax3,30,70.53478240966797,17,secondary
LTOE_ax3,31,69.95477294921875,17,secondary
LTOE_ax3,32,68.255126953125,17,secondary
LTOE_ax3,33,66.40193939208984,17,secondary
LTOE_ax3,34,64.3833236694336,17,secondary
LTOE_ax3,35,63.29838562011719,17,secondary
LTOE_ax3,36,61.97409439086914,17,secondary
LTOE_ax3,37,61.77429008483887,17,secondary
LTOE_ax3,38,61.7226619720459,17,secondary
LTOE_ax3,39,64.03567504882812,17,secondary
LTOE_ax3,40,65.54417419433594,17,secondary
LTOE_ax3,41,65.38479232788086,17,secondary
LTOE_ax3,42,67.9337387084961,17,secondary
LTOE_ax3,43,72.571044921875,17,secondary
LTOE_ax3,44,71.75038146972656,17,secondary
LTOE_ax3,45,77.65721130371094,17,secondary
LTOE_ax3,46,85.58232879638672,17,secondary
LTOE_ax3,47,93.33114624023438,17,secondary
LTOE_ax3,48,98.23873138427734,17,secondary
LTOE_ax3,49,101.12255859375,17,secondary
LTOE_ax3,50,101.55467224121094,17,secondary
LTOE_ax3,51,97.6181411743164,17,secondary
LTOE_ax3,52,90.36640167236328,17,secondary
LTOE_ax3,53,80.68672180175781,17,secondary
LTOE_ax3,54,75.83560562133789,17,secondary
LTOE_ax3,55,70.9133129119873,17,secondary
LTOE_ax3,56,66.37489700317383,17,secondary
LTOE_ax3,57,63.83600616455078,17,secondary
LTOE_ax3,58,60.7503662109375,17,secondary
LTOE_ax3,59,59.75054931640625,17,secondary
LTOE_ax3,60,55.46971893310547,17,secondary
LTOE_ax3,61,54.12977981567383,17,secondary
LTOE_ax3,62,54.36762237548828,17,secondary
LTOE_ax3,63,56.45731735229492,17,secondary
LTOE_ax3,64,58.41961669921875,17,secondary
LTOE_ax3,65,59.110694885253906,17,secondary
LTOE_ax3,66,60.28427696228027,17,secondary
LTOE_ax3,67,61.586158752441406,17,secondary
LTOE_ax3,68,64.44022369384766,17,secondary
LTOE_ax3,69,66.87483215332031,17,secondary
LTOE_ax3,70,70.33282470703125,17,secondary
LTOE_ax3,71,71.98302459716797,17,secondary
LTOE_ax3,72,72.9424057006836,17,secondary
LTOE_ax3,73,72.76639556884766,17,secondary
LTOE_ax3,74,71.95006561279297,17,secondary
LTOE_ax3,75,70.68175506591797,17,secondary
LTOE_ax3,76,69.93182373046875,17,secondary
LTOE_ax3,77,69.25074768066406,17,secondary
LTOE_ax3,78,67.94535827636719,17,secondary
LTOE_ax3,79,67.63795471191406,17,secondary
LTOE_ax3,80,67.32746505737305,17,secondary
LTOE_ax3,81,67.1568431854248,17,secondary
LTOE_ax3,82,66.99664306640625,17,secondary
LTOE_ax3,83,66.25782012939453,17,secondary
LTOE_ax3,84,66.11930847167969,17,secondary
LTOE_ax3,85,63.83789825439453,17,secondary
LTOE_ax3,86,62.19313430786133,17,secondary
LTOE_ax3,87,62.04916763305664,17,secondary
LTOE_ax3,88,61.78376007080078,17,secondary
LTOE_ax3,89,62.93029022216797,17,secondary
LTOE_ax3,90,64.35631561279297,17,secondary
LTOE_ax3,91,64.81172180175781,17,secondary
LTOE_ax3,92,65.21904373168945,17,secondary
LTOE_ax3,93,70.28826141357422,17,secondary
LTOE_ax3,94,72.16468048095703,17,secondary
LTOE_ax3,95,71.77094268798828,17,secondary
LTOE_ax3,96,72.5987777709961,17,secondary
LTOE_ax3,97,74.97029876708984,17,secondary
LTOE_ax3,98,74.59469604492188,17,secondary
LTOE_ax3,99,74.12952423095703,17,secondary
LTOE_ax3,100,73.5672836303711,17,secondary
RTOE_ax1,0,781.8961181640625,17,secondary
RTOE_ax1,1,780.9701538085938,17,secondary
RTOE_ax1,2,779.8865966796875,17,secondary
RTOE_ax1,3,778.780029296875,17,secondary
RTOE_ax1,4,777.6652221679688,17,secondary
RTOE_ax1,5,776.2265625,17,secondary
RTOE_ax1,6,774.7992553710938,17,secondary
RTOE_ax1,7,773.8170776367188,17,secondary
RTOE_ax1,8,772.6889038085938,17,secondary
RTOE_ax1,9,771.0287475585938,17,secondary
RTOE_ax1,10,768.7060546875,17,secondary
RTOE_ax1,11,765.5585327148438,17,secondary
RTOE_ax1,12,761.2655639648438,17,secondary
RTOE_ax1,13,755.3458862304688,17,secondary
RTOE_ax1,14,747.36279296875,17,secondary
RTOE_ax1,15,736.91357421875,17,secondary
RTOE_ax1,16,746.4610595703125,17,secondary
RTOE_ax1,17,757.9168701171875,17,secondary
RTOE_ax1,18,769.5114440917969,17,secondary
RTOE_ax1,19,770.493896484375,17,secondary
RTOE_ax1,20,779.2294921875,17,secondary
RTOE_ax1,21,773.9000244140625,17,secondary
RTOE_ax1,22,802.47900390625,17,secondary
RTOE_ax1,23,803.4324340820312,17,secondary
RTOE_ax1,24,820.9353637695312,17,secondary
RTOE_ax1,25,836.7041320800781,17,secondary
RTOE_ax1,26,832.5239868164062,17,secondary
RTOE_ax1,27,834.9121704101562,17,secondary
RTOE_ax1,28,876.3262329101562,17,secondary
RTOE_ax1,29,862.38720703125,17,secondary
RTOE_ax1,30,849.6701965332031,17,secondary
RTOE_ax1,31,895.0229797363281,17,secondary
RTOE_ax1,32,940.922119140625,17,secondary
RTOE_ax1,33,984.8808288574219,17,secondary
RTOE_ax1,34,1003.1559143066406,17,secondary
RTOE_ax1,35,1008.4138793945312,17,secondary
RTOE_ax1,36,1008.2537841796875,17,secondary
RTOE_ax1,37,1008.0840454101562,17,secondary
RTOE_ax1,38,1015.1781005859375,17,secondary
RTOE_ax1,39,1030.234375,17,secondary
RTOE_ax1,40,1041.627685546875,17,secondary
RTOE_ax1,41,1074.3673095703125,17,secondary
RTOE_ax1,42,1074.050048828125,17,secondary
RTOE_ax1,43,1073.736572265625,17,secondary
RTOE_ax1,44,1073.4246215820312,17,secondary
RTOE_ax1,45,1081.0130004882812,17,secondary
RTOE_ax1,46,1088.73779296875,17,secondary
RTOE_ax1,47,1095.2207641601562,17,secondary
RTOE_ax1,48,1095.758544921875,17,secondary
RTOE_ax1,49,1096.33544921875,17,secondary
RTOE_ax1,50,1096.9514770507812,17,secondary
RTOE_ax1,51,1086.33984375,17,secondary
RTOE_ax1,52,1075.2431640625,17,secondary
RTOE_ax1,53,1066.666748046875,17,secondary
RTOE_ax1,54,1065.863037109375,17,secondary
RTOE_ax1,55,1065.053955078125,17,secondary
RTOE_ax1,56,1064.2208251953125,17,secondary
RTOE_ax1,57,1063.322265625,17,secondary
RTOE_ax1,58,1062.287353515625,17,secondary
RTOE_ax1,59,1061.008544921875,17,secondary
RTOE_ax1,60,1059.336181640625,17,secondary
RTOE_ax1,61,1057.072509765625,17,secondary
RTOE_ax1,62,1053.9599609375,17,secondary
RTOE_ax1,63,1049.6605224609375,17,secondary
RTOE_ax1,64,1052.2228393554688,17,secondary
RTOE_ax1,65,1060.4326782226562,17,secondary
RTOE_ax1,66,1074.3916015625,17,secondary
RTOE_ax1,67,1097.753662109375,17,secondary
RTOE_ax1,68,1094.5291748046875,17,secondary
RTOE_ax1,69,1090.3164672851562,17,secondary
RTOE_ax1,70,1090.4130249023438,17,secondary
RTOE_ax1,71,1092.0523681640625,17,secondary
RTOE_ax1,72,1108.0579223632812,17,secondary
RTOE_ax1,73,1114.5545349121094,17,secondary
RTOE_ax1,74,1114.5327758789062,17,secondary
RTOE_ax1,75,1114.5177001953125,17,secondary
RTOE_ax1,76,1114.5072021484375,17,secondary
RTOE_ax1,77,1114.4978637695312,17,secondary
RTOE_ax1,78,1114.4859619140625,17,secondary
RTOE_ax1,79,1114.469970703125,17,secondary
RTOE_ax1,80,1114.4521484375,17,secondary
RTOE_ax1,81,1114.4372863769531,17,secondary
RTOE_ax1,82,1116.7745361328125,17,secondary
RTOE_ax1,83,1114.4381408691406,17,secondary
RTOE_ax1,84,1114.4626159667969,17,secondary
RTOE_ax1,85,1114.50439453125,17,secondary
RTOE_ax1,86,1114.5614624023438,17,secondary
RTOE_ax1,87,1114.6310729980469,17,secondary
RTOE_ax1,88,1144.4326171875,17,secondary
RTOE_ax1,89,1171.005859375,17,secondary
RTOE_ax1,90,1171.150146484375,17,secondary
RTOE_ax1,91,1185.9323120117188,17,secondary
RTOE_ax1,92,1207.8489379882812,17,secondary
RTOE_ax1,93,1228.7538452148438,17,secondary
RTOE_ax1,94,1242.6024169921875,17,secondary
RTOE_ax1,95,1252.8148193359375,17,secondary
RTOE_ax1,96,1260.434326171875,17,secondary
RTOE_ax1,97,1259.6865234375,17,secondary
RTOE_ax1,98,1259.0618896484375,17,secondary
RTOE_ax1,99,1258.831787109375,17,secondary
RTOE_ax1,100,1258.4168701171875,17,secondary
RTOE_ax2,0,241.2751007080078,17,secondary
RTOE_ax2,1,241.31590270996094,17,secondary
RTOE_ax2,2,241.34275817871094,17,secondary
RTOE_ax2,3,238.01727294921875,17,secondary
RTOE_ax2,4,237.79373168945312,17,secondary
RTOE_ax2,5,237.6734619140625,17,secondary
RTOE_ax2,6,237.5681915283203,17,secondary
RTOE_ax2,7,238.9105987548828,17,secondary
RTOE_ax2,8,240.10231018066406,17,secondary
RTOE_ax2,9,240.14854431152344,17,secondary
RTOE_ax2,10,239.58718872070312,17,secondary
RTOE_ax2,11,238.88107299804688,17,secondary
RTOE_ax2,12,238.3497772216797,17,secondary
RTOE_ax2,13,238.1458740234375,17,secondary
RTOE_ax2,14,238.27560424804688,17,secondary
RTOE_ax2,15,238.65306091308594,17,secondary
RTOE_ax2,16,239.15933227539062,17,secondary
RTOE_ax2,17,240.08399963378906,17,secondary
RTOE_ax2,18,236.15591430664062,17,secondary
RTOE_ax2,19,235.9775390625,17,secondary
RTOE_ax2,20,233.5211639404297,17,secondary
RTOE_ax2,21,234.8829116821289,17,secondary
RTOE_ax2,22,237.04595184326172,17,secondary
RTOE_ax2,23,238.46590423583984,17,secondary
RTOE_ax2,24,239.01759338378906,17,secondary
RTOE_ax2,25,236.39530181884766,17,secondary
RTOE_ax2,26,233.4262466430664,17,secondary
RTOE_ax2,27,230.7353057861328,17,secondary
RTOE_ax2,28,228.35403442382812,17,secondary
RTOE_ax2,29,228.23023986816406,17,secondary
RTOE_ax2,30,228.28958129882812,17,secondary
RTOE_ax2,31,228.31044006347656,17,secondary
RTOE_ax2,32,228.26296997070312,17,secondary
RTOE_ax2,33,228.32565307617188,17,secondary
RTOE_ax2,34,228.39175415039062,17,secondary
RTOE_ax2,35,228.36370849609375,17,secondary
RTOE_ax2,36,228.31971740722656,17,secondary
RTOE_ax2,37,228.38099670410156,17,secondary
RTOE_ax2,38,228.46334838867188,17,secondary
RTOE_ax2,39,228.88372802734375,17,secondary
RTOE_ax2,40,229.2009048461914,17,secondary
RTOE_ax2,41,229.50891876220703,17,secondary
RTOE_ax2,42,229.8138885498047,17,secondary
RTOE_ax2,43,229.9942398071289,17,secondary
RTOE_ax2,44,230.33645629882812,17,secondary
RTOE_ax2,45,233.38064575195312,17,secondary
RTOE_ax2,46,236.64865112304688,17,secondary
RTOE_ax2,47,240.19363403320312,17,secondary
RTOE_ax2,48,244.0956573486328,17,secondary
RTOE_ax2,49,248.51722717285156,17,secondary
RTOE_ax2,50,253.65623474121094,17,secondary
RTOE_ax2,51,259.57763671875,17,secondary
RTOE_ax2,52,266.0669860839844,17,secondary
RTOE_ax2,53,266.99688720703125,17,secondary
RTOE_ax2,54,266.7509460449219,17,secondary
RTOE_ax2,55,266.58746337890625,17,secondary
RTOE_ax2,56,266.42138671875,17,secondary
RTOE_ax2,57,266.1559143066406,17,secondary
RTOE_ax2,58,265.71429443359375,17,secondary
RTOE_ax2,59,265.1031494140625,17,secondary
RTOE_ax2,60,264.1963806152344,17,secondary
RTOE_ax2,61,262.7088623046875,17,secondary
RTOE_ax2,62,260.2235412597656,17,secondary
RTOE_ax2,63,257.0941848754883,17,secondary
RTOE_ax2,64,257.09144592285156,17,secondary
RTOE_ax2,65,257.02650451660156,17,secondary
RTOE_ax2,66,257.0294189453125,17,secondary
RTOE_ax2,67,257.0718231201172,17,secondary
RTOE_ax2,68,257.0885543823242,17,secondary
RTOE_ax2,69,257.0519027709961,17,secondary
RTOE_ax2,70,256.96434020996094,17,secondary
RTOE_ax2,71,256.8366241455078,17,secondary
RTOE_ax2,72,256.68448638916016,17,secondary
RTOE_ax2,73,256.52587890625,17,secondary
RTOE_ax2,74,256.3732223510742,17,secondary
RTOE_ax2,75,256.23667907714844,17,secondary
RTOE_ax2,76,256.1240463256836,17,secondary
RTOE_ax2,77,256.0303497314453,17,secondary
RTOE_ax2,78,255.94635009765625,17,secondary
RTOE_ax2,79,255.8548355102539,17,secondary
RTOE_ax2,80,255.74180603027344,17,secondary
RTOE_ax2,81,257.2557144165039,17,secondary
RTOE_ax2,82,260.52906799316406,17,secondary
RTOE_ax2,83,260.91107177734375,17,secondary
RTOE_ax2,84,259.3599395751953,17,secondary
RTOE_ax2,85,257.73101806640625,17,secondary
RTOE_ax2,86,256.1247329711914,17,secondary
RTOE_ax2,87,254.55874633789062,17,secondary
RTOE_ax2,88,252.99732208251953,17,secondary
RTOE_ax2,89,251.89812469482422,17,secondary
RTOE_ax2,90,250.94439697265625,17,secondary
RTOE_ax2,91,250.3323211669922,17,secondary
RTOE_ax2,92,250.16995239257812,17,secondary
RTOE_ax2,93,250.48814392089844,17,secondary
RTOE_ax2,94,250.8317108154297,17,secondary
RTOE_ax2,95,251.33811950683594,17,secondary
RTOE_ax2,96,252.99700927734375,17,secondary
RTOE_ax2,97,255.70907592773438,17,secondary
RTOE_ax2,98,259.0518035888672,17,secondary
RTOE_ax2,99,258.70921325683594,17,secondary
RTOE_ax2,100,258.32476806640625,17,secondary
RTOE_ax3,0,117.47457885742188,17,secondary
RTOE_ax3,1,115.63961029052734,17,secondary
RTOE_ax3,2,109.9384765625,17,secondary
RTOE_ax3,3,101.38858795166016,17,secondary
RTOE_ax3,4,91.97209167480469,17,secondary
RTOE_ax3,5,84.48701858520508,17,secondary
RTOE_ax3,6,80.10334777832031,17,secondary
RTOE_ax3,7,72.55427551269531,17,secondary
RTOE_ax3,8,68.76264953613281,17,secondary
RTOE_ax3,9,63.01107406616211,17,secondary
RTOE_ax3,10,60.300811767578125,17,secondary
RTOE_ax3,11,59.25955390930176,17,secondary
RTOE_ax3,12,61.316593170166016,17,secondary
RTOE_ax3,13,59.184959411621094,17,secondary
RTOE_ax3,14,59.538455963134766,17,secondary
RTOE_ax3,15,60.7074089050293,17,secondary
RTOE_ax3,16,62.62386131286621,17,secondary
RTOE_ax3,17,66.11172866821289,17,secondary
RTOE_ax3,18,66.15818405151367,17,secondary
RTOE_ax3,19,68.31583404541016,17,secondary
RTOE_ax3,20,71.04723358154297,17,secondary
RTOE_ax3,21,73.14957427978516,17,secondary
RTOE_ax3,22,74.36642456054688,17,secondary
RTOE_ax3,23,75.72393035888672,17,secondary
RTOE_ax3,24,76.62859344482422,17,secondary
RTOE_ax3,25,77.19532775878906,17,secondary
RTOE_ax3,26,76.76107788085938,17,secondary
RTOE_ax3,27,75.91892623901367,17,secondary
RTOE_ax3,28,74.66881561279297,17,secondary
RTOE_ax3,29,73.33929443359375,17,secondary
RTOE_ax3,30,72.38076400756836,17,secondary
RTOE_ax3,31,71.13334274291992,17,secondary
RTOE_ax3,32,70.85433959960938,17,secondary
RTOE_ax3,33,70.4728775024414,17,secondary
RTOE_ax3,34,70.45625305175781,17,secondary
RTOE_ax3,35,70.25076675415039,17,secondary
RTOE_ax3,36,69.84806823730469,17,secondary
RTOE_ax3,37,69.54900360107422,17,secondary
RTOE_ax3,38,69.50785064697266,17,secondary
RTOE_ax3,39,69.18501281738281,17,secondary
RTOE_ax3,40,68.51630401611328,17,secondary
RTOE_ax3,41,68.86860656738281,17,secondary
RTOE_ax3,42,71.24564361572266,17,secondary
RTOE_ax3,43,70.84873962402344,17,secondary
RTOE_ax3,44,70.9130630493164,17,secondary
RTOE_ax3,45,71.75531387329102,17,secondary
RTOE_ax3,46,72.5429801940918,17,secondary
RTOE_ax3,47,73.86455154418945,17,secondary
RTOE_ax3,48,73.1812515258789,17,secondary
RTOE_ax3,49,72.49959182739258,17,secondary
RTOE_ax3,50,71.82613372802734,17,secondary
RTOE_ax3,51,71.17222595214844,17,secondary
RTOE_ax3,52,70.54912948608398,17,secondary
RTOE_ax3,53,69.5487174987793,17,secondary
RTOE_ax3,54,66.34528350830078,17,secondary
RTOE_ax3,55,65.4875717163086,17,secondary
RTOE_ax3,56,63.96039581298828,17,secondary
RTOE_ax3,57,63.67745780944824,17,secondary
RTOE_ax3,58,60.609127044677734,17,secondary
RTOE_ax3,59,58.36210632324219,17,secondary
RTOE_ax3,60,57.56627655029297,17,secondary
RTOE_ax3,61,57.52540969848633,17,secondary
RTOE_ax3,62,57.3346061706543,17,secondary
RTOE_ax3,63,57.2165641784668,17,secondary
RTOE_ax3,64,55.812007904052734,17,secondary
RTOE_ax3,65,57.821773529052734,17,secondary
RTOE_ax3,66,59.839609146118164,17,secondary
RTOE_ax3,67,62.177494049072266,17,secondary
RTOE_ax3,68,62.56299018859863,17,secondary
RTOE_ax3,69,62.6203727722168,17,secondary
RTOE_ax3,70,68.50698852539062,17,secondary
RTOE_ax3,71,70.40282440185547,17,secondary
RTOE_ax3,72,72.43115615844727,17,secondary
RTOE_ax3,73,74.79745864868164,17,secondary
RTOE_ax3,74,74.3753547668457,17,secondary
RTOE_ax3,75,73.9693374633789,17,secondary
RTOE_ax3,76,73.5739860534668,17,secondary
RTOE_ax3,77,73.18626022338867,17,secondary
RTOE_ax3,78,72.80514907836914,17,secondary
RTOE_ax3,79,72.43156433105469,17,secondary
RTOE_ax3,80,71.31111145019531,17,secondary
RTOE_ax3,81,69.28366470336914,17,secondary
RTOE_ax3,82,67.3946762084961,17,secondary
RTOE_ax3,83,66.1561050415039,17,secondary
RTOE_ax3,84,65.59428787231445,17,secondary
RTOE_ax3,85,65.03257751464844,17,secondary
RTOE_ax3,86,63.67903137207031,17,secondary
RTOE_ax3,87,62.77304458618164,17,secondary
RTOE_ax3,88,62.41978073120117,17,secondary
RTOE_ax3,89,64.2978744506836,17,secondary
RTOE_ax3,90,67.41890716552734,17,secondary
RTOE_ax3,91,68.13053894042969,17,secondary
RTOE_ax3,92,67.70120620727539,17,secondary
RTOE_ax3,93,70.48506927490234,17,secondary
RTOE_ax3,94,71.55803680419922,17,secondary
RTOE_ax3,95,73.0222053527832,17,secondary
RTOE_ax3,96,77.6854133605957,17,secondary
RTOE_ax3,97,82.1114730834961,17,secondary
RTOE_ax3,98,85.52565383911133,17,secondary
RTOE_ax3,99,89.60236358642578,17,secondary
RTOE_ax3,100,91.03092956542969,17,secondary
LFootProgressAngles_ax1,0,-86.99020385742188,17,primary
LFootProgressAngles_ax1,1,-85.89994812011719,17,primary
LFootProgressAngles_ax1,2,-84.62802124023438,17,primary
LFootProgressAngles_ax1,3,-83.18229675292969,17,primary
LFootProgressAngles_ax1,4,-81.47509765625,17,primary
LFootProgressAngles_ax1,5,-80.10740661621094,17,primary
LFootProgressAngles_ax1,6,-78.4583740234375,17,primary
LFootProgressAngles_ax1,7,-76.35701751708984,17,primary
LFootProgressAngles_ax1,8,-73.707275390625,17,primary
LFootProgressAngles_ax1,9,-70.40409851074219,17,primary
LFootProgressAngles_ax1,10,-66.35132598876953,17,primary
LFootProgressAngles_ax1,11,-61.49924850463867,17,primary
LFootProgressAngles_ax1,12,-55.901424407958984,17,primary
LFootProgressAngles_ax1,13,-49.7631721496582,17,primary
LFootProgressAngles_ax1,14,-43.43193054199219,17,primary
LFootProgressAngles_ax1,15,-37.31433868408203,17,primary
LFootProgressAngles_ax1,16,-32.77949523925781,17,primary
LFootProgressAngles_ax1,17,-28.76782989501953,17,primary
LFootProgressAngles_ax1,18,-27.360637664794922,17,primary
LFootProgressAngles_ax1,19,-27.572221755981445,17,primary
LFootProgressAngles_ax1,20,-28.241907119750977,17,primary
LFootProgressAngles_ax1,21,-28.711732864379883,17,primary
LFootProgressAngles_ax1,22,-30.284414291381836,17,primary
LFootProgressAngles_ax1,23,-32.85881805419922,17,primary
LFootProgressAngles_ax1,24,-35.72985076904297,17,primary
LFootProgressAngles_ax1,25,-38.85944366455078,17,primary
LFootProgressAngles_ax1,26,-42.156978607177734,17,primary
LFootProgressAngles_ax1,27,-45.49440002441406,17,primary
LFootProgressAngles_ax1,28,-48.965837478637695,17,primary
LFootProgressAngles_ax1,29,-52.72840690612793,17,primary
LFootProgressAngles_ax1,30,-56.61148452758789,17,primary
LFootProgressAngles_ax1,31,-60.59099006652832,17,primary
LFootProgressAngles_ax1,32,-64.69868469238281,17,primary
LFootProgressAngles_ax1,33,-68.93452453613281,17,primary
LFootProgressAngles_ax1,34,-73.05509948730469,17,primary
LFootProgressAngles_ax1,35,-77.28654479980469,17,primary
LFootProgressAngles_ax1,36,-80.21794891357422,17,primary
LFootProgressAngles_ax1,37,-83.392822265625,17,primary
LFootProgressAngles_ax1,38,-83.99156188964844,17,primary
LFootProgressAngles_ax1,39,-84.47183990478516,17,primary
LFootProgressAngles_ax1,40,-85.1301040649414,17,primary
LFootProgressAngles_ax1,41,-86.91706466674805,17,primary
LFootProgressAngles_ax1,42,-88.83972549438477,17,primary
LFootProgressAngles_ax1,43,-91.84552383422852,17,primary
LFootProgressAngles_ax1,44,-93.66448974609375,17,primary
LFootProgressAngles_ax1,45,-95.48251724243164,17,primary
LFootProgressAngles_ax1,46,-99.64479064941406,17,primary
LFootProgressAngles_ax1,47,-103.70101928710938,17,primary
LFootProgressAngles_ax1,48,-107.40469360351562,17,primary
LFootProgressAngles_ax1,49,-110.6143569946289,17,primary
LFootProgressAngles_ax1,50,-112.04244995117188,17,primary
LFootProgressAngles_ax1,51,-111.2102279663086,17,primary
LFootProgressAngles_ax1,52,-109.34550476074219,17,primary
LFootProgressAngles_ax1,53,-107.52819061279297,17,primary
LFootProgressAngles_ax1,54,-104.48552703857422,17,primary
LFootProgressAngles_ax1,55,-101.43252563476562,17,primary
LFootProgressAngles_ax1,56,-99.0343246459961,17,primary
LFootProgressAngles_ax1,57,-95.85000610351562,17,primary
LFootProgressAngles_ax1,58,-93.45438385009766,17,primary
LFootProgressAngles_ax1,59,-91.86720275878906,17,primary
LFootProgressAngles_ax1,60,-90.85411071777344,17,primary
LFootProgressAngles_ax1,61,-90.20167541503906,17,primary
LFootProgressAngles_ax1,62,-89.440185546875,17,primary
LFootProgressAngles_ax1,63,-88.24287414550781,17,primary
LFootProgressAngles_ax1,64,-86.65973663330078,17,primary
LFootProgressAngles_ax1,65,-85.4078598022461,17,primary
LFootProgressAngles_ax1,66,-84.21820831298828,17,primary
LFootProgressAngles_ax1,67,-83.40249633789062,17,primary
LFootProgressAngles_ax1,68,-82.88587951660156,17,primary
LFootProgressAngles_ax1,69,-82.59265899658203,17,primary
LFootProgressAngles_ax1,70,-82.45349884033203,17,primary
LFootProgressAngles_ax1,71,-82.40987396240234,17,primary
LFootProgressAngles_ax1,72,-82.4162368774414,17,primary
LFootProgressAngles_ax1,73,-82.43993377685547,17,primary
LFootProgressAngles_ax1,74,-82.46003723144531,17,primary
LFootProgressAngles_ax1,75,-82.4654312133789,17,primary
LFootProgressAngles_ax1,76,-82.4527816772461,17,primary
LFootProgressAngles_ax1,77,-82.42448425292969,17,primary
LFootProgressAngles_ax1,78,-82.32164001464844,17,primary
LFootProgressAngles_ax1,79,-82.15322875976562,17,primary
LFootProgressAngles_ax1,80,-82.02986907958984,17,primary
LFootProgressAngles_ax1,81,-81.95003509521484,17,primary
LFootProgressAngles_ax1,82,-81.90896606445312,17,primary
LFootProgressAngles_ax1,83,-81.89946746826172,17,primary
LFootProgressAngles_ax1,84,-81.83991241455078,17,primary
LFootProgressAngles_ax1,85,-81.94355773925781,17,primary
LFootProgressAngles_ax1,86,-81.98302459716797,17,primary
LFootProgressAngles_ax1,87,-82.5604362487793,17,primary
LFootProgressAngles_ax1,88,-83.8696060180664,17,primary
LFootProgressAngles_ax1,89,-84.76780319213867,17,primary
LFootProgressAngles_ax1,90,-86.27182006835938,17,primary
LFootProgressAngles_ax1,91,-87.44265747070312,17,primary
LFootProgressAngles_ax1,92,-88.52567291259766,17,primary
LFootProgressAngles_ax1,93,-88.32876586914062,17,primary
LFootProgressAngles_ax1,94,-90.13404083251953,17,primary
LFootProgressAngles_ax1,95,-90.739990234375,17,primary
LFootProgressAngles_ax1,96,-90.0938720703125,17,primary
LFootProgressAngles_ax1,97,-89.40445709228516,17,primary
LFootProgressAngles_ax1,98,-88.6377944946289,17,primary
LFootProgressAngles_ax1,99,-87.69693756103516,17,primary
LFootProgressAngles_ax1,100,-86.522705078125,17,primary
LFootProgressAngles_ax2,0,0.0002156114933313802,17,secondary
LFootProgressAngles_ax2,1,0.2990664727985859,17,secondary
LFootProgressAngles_ax2,2,0.3110123574733734,17,secondary
LFootProgressAngles_ax2,3,0.5994469523429871,17,secondary
LFootProgressAngles_ax2,4,1.0740382671356201,17,secondary
LFootProgressAngles_ax2,5,1.5928632020950317,17,secondary
LFootProgressAngles_ax2,6,2.551277279853821,17,secondary
LFootProgressAngles_ax2,7,3.174696207046509,17,secondary
LFootProgressAngles_ax2,8,3.4226166009902954,17,secondary
LFootProgressAngles_ax2,9,3.679738998413086,17,secondary
LFootProgressAngles_ax2,10,3.466157913208008,17,secondary
LFootProgressAngles_ax2,11,3.6149052381515503,17,secondary
LFootProgressAngles_ax2,12,3.44847309589386,17,secondary
LFootProgressAngles_ax2,13,3.0448025465011597,17,secondary
LFootProgressAngles_ax2,14,2.9254024028778076,17,secondary
LFootProgressAngles_ax2,15,2.9377710819244385,17,secondary
LFootProgressAngles_ax2,16,2.9198548793792725,17,secondary
LFootProgressAngles_ax2,17,2.909749984741211,17,secondary
LFootProgressAngles_ax2,18,3.098518133163452,17,secondary
LFootProgressAngles_ax2,19,3.034910202026367,17,secondary
LFootProgressAngles_ax2,20,3.1347111463546753,17,secondary
LFootProgressAngles_ax2,21,3.1974802017211914,17,secondary
LFootProgressAngles_ax2,22,3.2475006580352783,17,secondary
LFootProgressAngles_ax2,23,2.974034309387207,17,secondary
LFootProgressAngles_ax2,24,2.89944326877594,17,secondary
LFootProgressAngles_ax2,25,3.0488288402557373,17,secondary
LFootProgressAngles_ax2,26,2.879130005836487,17,secondary
LFootProgressAngles_ax2,27,2.7945196628570557,17,secondary
LFootProgressAngles_ax2,28,2.7546552419662476,17,secondary
LFootProgressAngles_ax2,29,2.5790324211120605,17,secondary
LFootProgressAngles_ax2,30,2.617300271987915,17,secondary
LFootProgressAngles_ax2,31,2.2829620838165283,17,secondary
LFootProgressAngles_ax2,32,2.2562782764434814,17,secondary
LFootProgressAngles_ax2,33,2.110931634902954,17,secondary
LFootProgressAngles_ax2,34,1.8403286933898926,17,secondary
LFootProgressAngles_ax2,35,1.784595012664795,17,secondary
LFootProgressAngles_ax2,36,1.387891173362732,17,secondary
LFootProgressAngles_ax2,37,1.030477523803711,17,secondary
LFootProgressAngles_ax2,38,0.8316975235939026,17,secondary
LFootProgressAngles_ax2,39,0.7912492156028748,17,secondary
LFootProgressAngles_ax2,40,0.6096269488334656,17,secondary
LFootProgressAngles_ax2,41,0.6234139800071716,17,secondary
LFootProgressAngles_ax2,42,0.6013926863670349,17,secondary
LFootProgressAngles_ax2,43,0.5695443749427795,17,secondary
LFootProgressAngles_ax2,44,0.19643323123455048,17,secondary
LFootProgressAngles_ax2,45,0.15073935687541962,17,secondary
LFootProgressAngles_ax2,46,-0.05006793886423111,17,secondary
LFootProgressAngles_ax2,47,-0.019017783924937248,17,secondary
LFootProgressAngles_ax2,48,0.012540772557258606,17,secondary
LFootProgressAngles_ax2,49,0.11703406274318695,17,secondary
LFootProgressAngles_ax2,50,0.18417318165302277,17,secondary
LFootProgressAngles_ax2,51,0.07522366940975189,17,secondary
LFootProgressAngles_ax2,52,0.16248182952404022,17,secondary
LFootProgressAngles_ax2,53,0.3618684709072113,17,secondary
LFootProgressAngles_ax2,54,0.8377488255500793,17,secondary
LFootProgressAngles_ax2,55,1.6089284420013428,17,secondary
LFootProgressAngles_ax2,56,2.448796033859253,17,secondary
LFootProgressAngles_ax2,57,2.7993202209472656,17,secondary
LFootProgressAngles_ax2,58,2.911512017250061,17,secondary
LFootProgressAngles_ax2,59,3.6534618139266968,17,secondary
LFootProgressAngles_ax2,60,3.5520060062408447,17,secondary
LFootProgressAngles_ax2,61,4.056595683097839,17,secondary
LFootProgressAngles_ax2,62,4.446369647979736,17,secondary
LFootProgressAngles_ax2,63,4.529257297515869,17,secondary
LFootProgressAngles_ax2,64,4.431685447692871,17,secondary
LFootProgressAngles_ax2,65,4.273380279541016,17,secondary
LFootProgressAngles_ax2,66,4.1174635887146,17,secondary
LFootProgressAngles_ax2,67,3.9210245609283447,17,secondary
LFootProgressAngles_ax2,68,3.681821823120117,17,secondary
LFootProgressAngles_ax2,69,3.645007371902466,17,secondary
LFootProgressAngles_ax2,70,4.018433094024658,17,secondary
LFootProgressAngles_ax2,71,4.148052453994751,17,secondary
LFootProgressAngles_ax2,72,3.804732084274292,17,secondary
LFootProgressAngles_ax2,73,3.711846351623535,17,secondary
LFootProgressAngles_ax2,74,3.4914190769195557,17,secondary
LFootProgressAngles_ax2,75,3.2489452362060547,17,secondary
LFootProgressAngles_ax2,76,3.2971270084381104,17,secondary
LFootProgressAngles_ax2,77,3.1586480140686035,17,secondary
LFootProgressAngles_ax2,78,2.9104552268981934,17,secondary
LFootProgressAngles_ax2,79,2.9532361030578613,17,secondary
LFootProgressAngles_ax2,80,2.8769655227661133,17,secondary
LFootProgressAngles_ax2,81,2.8718395233154297,17,secondary
LFootProgressAngles_ax2,82,2.5401196479797363,17,secondary
LFootProgressAngles_ax2,83,2.520873785018921,17,secondary
LFootProgressAngles_ax2,84,2.5286335945129395,17,secondary
LFootProgressAngles_ax2,85,2.585980176925659,17,secondary
LFootProgressAngles_ax2,86,2.1243526935577393,17,secondary
LFootProgressAngles_ax2,87,1.952945590019226,17,secondary
LFootProgressAngles_ax2,88,1.8517268896102905,17,secondary
LFootProgressAngles_ax2,89,1.3476054668426514,17,secondary
LFootProgressAngles_ax2,90,1.003705620765686,17,secondary
LFootProgressAngles_ax2,91,0.7860312461853027,17,secondary
LFootProgressAngles_ax2,92,0.6448517441749573,17,secondary
LFootProgressAngles_ax2,93,0.5519536733627319,17,secondary
LFootProgressAngles_ax2,94,0.3276105523109436,17,secondary
LFootProgressAngles_ax2,95,0.16934514045715332,17,secondary
LFootProgressAngles_ax2,96,0.2913762331008911,17,secondary
LFootProgressAngles_ax2,97,0.12484634667634964,17,secondary
LFootProgressAngles_ax2,98,0.00985789392143488,17,secondary
LFootProgressAngles_ax2,99,0.0870155543088913,17,secondary
LFootProgressAngles_ax2,100,0.12991002202033997,17,secondary
LFootProgressAngles_ax3,0,-2.7775702476501465,17,secondary
LFootProgressAngles_ax3,1,-2.722858190536499,17,secondary
LFootProgressAngles_ax3,2,-2.707611560821533,17,secondary
LFootProgressAngles_ax3,3,-2.5229263305664062,17,secondary
LFootProgressAngles_ax3,4,-2.128464460372925,17,secondary
LFootProgressAngles_ax3,5,-1.8136883974075317,17,secondary
LFootProgressAngles_ax3,6,-1.5348517894744873,17,secondary
LFootProgressAngles_ax3,7,-0.8403461575508118,17,secondary
LFootProgressAngles_ax3,8,-0.2996841073036194,17,secondary
LFootProgressAngles_ax3,9,-0.15804177522659302,17,secondary
LFootProgressAngles_ax3,10,-0.32238754630088806,17,secondary
LFootProgressAngles_ax3,11,-0.19736310839653015,17,secondary
LFootProgressAngles_ax3,12,0.22722312808036804,17,secondary
LFootProgressAngles_ax3,13,0.3694138526916504,17,secondary
LFootProgressAngles_ax3,14,0.2860529124736786,17,secondary
LFootProgressAngles_ax3,15,0.06924203038215637,17,secondary
LFootProgressAngles_ax3,16,-0.32793331146240234,17,secondary
LFootProgressAngles_ax3,17,-0.6876004934310913,17,secondary
LFootProgressAngles_ax3,18,-0.8070816993713379,17,secondary
LFootProgressAngles_ax3,19,-0.8750539422035217,17,secondary
LFootProgressAngles_ax3,20,-0.950895369052887,17,secondary
LFootProgressAngles_ax3,21,-1.7123544812202454,17,secondary
LFootProgressAngles_ax3,22,-2.2349870204925537,17,secondary
LFootProgressAngles_ax3,23,-2.5145747661590576,17,secondary
LFootProgressAngles_ax3,24,-3.651573657989502,17,secondary
LFootProgressAngles_ax3,25,-4.014293193817139,17,secondary
LFootProgressAngles_ax3,26,-4.655684232711792,17,secondary
LFootProgressAngles_ax3,27,-4.771800518035889,17,secondary
LFootProgressAngles_ax3,28,-4.807671070098877,17,secondary
LFootProgressAngles_ax3,29,-4.760964632034302,17,secondary
LFootProgressAngles_ax3,30,-4.8478844165802,17,secondary
LFootProgressAngles_ax3,31,-4.844796419143677,17,secondary
LFootProgressAngles_ax3,32,-4.842731237411499,17,secondary
LFootProgressAngles_ax3,33,-4.905584335327148,17,secondary
LFootProgressAngles_ax3,34,-5.015192985534668,17,secondary
LFootProgressAngles_ax3,35,-5.3884437084198,17,secondary
LFootProgressAngles_ax3,36,-5.664936542510986,17,secondary
LFootProgressAngles_ax3,37,-5.561692714691162,17,secondary
LFootProgressAngles_ax3,38,-5.556339979171753,17,secondary
LFootProgressAngles_ax3,39,-5.884980916976929,17,secondary
LFootProgressAngles_ax3,40,-6.076893091201782,17,secondary
LFootProgressAngles_ax3,41,-6.081255912780762,17,secondary
LFootProgressAngles_ax3,42,-5.640981674194336,17,secondary
LFootProgressAngles_ax3,43,-5.46906852722168,17,secondary
LFootProgressAngles_ax3,44,-4.867860794067383,17,secondary
LFootProgressAngles_ax3,45,-4.63259744644165,17,secondary
LFootProgressAngles_ax3,46,-4.117796897888184,17,secondary
LFootProgressAngles_ax3,47,-3.9933860301971436,17,secondary
LFootProgressAngles_ax3,48,-3.792987108230591,17,secondary
LFootProgressAngles_ax3,49,-3.1375787258148193,17,secondary
LFootProgressAngles_ax3,50,-2.757179021835327,17,secondary
LFootProgressAngles_ax3,51,-2.6330535411834717,17,secondary
LFootProgressAngles_ax3,52,-2.676215648651123,17,secondary
LFootProgressAngles_ax3,53,-2.291213274002075,17,secondary
LFootProgressAngles_ax3,54,-2.266275405883789,17,secondary
LFootProgressAngles_ax3,55,-2.2458431720733643,17,secondary
LFootProgressAngles_ax3,56,-1.8687413930892944,17,secondary
LFootProgressAngles_ax3,57,-1.0073626041412354,17,secondary
LFootProgressAngles_ax3,58,-0.4269047677516937,17,secondary
LFootProgressAngles_ax3,59,-0.1565384566783905,17,secondary
LFootProgressAngles_ax3,60,0.24235640466213226,17,secondary
LFootProgressAngles_ax3,61,0.44523289799690247,17,secondary
LFootProgressAngles_ax3,62,0.5178738236427307,17,secondary
LFootProgressAngles_ax3,63,0.6573140025138855,17,secondary
LFootProgressAngles_ax3,64,0.6219571828842163,17,secondary
LFootProgressAngles_ax3,65,0.6650241613388062,17,secondary
LFootProgressAngles_ax3,66,0.4100935161113739,17,secondary
LFootProgressAngles_ax3,67,0.2299964725971222,17,secondary
LFootProgressAngles_ax3,68,-0.060209404677152634,17,secondary
LFootProgressAngles_ax3,69,-0.28906166553497314,17,secondary
LFootProgressAngles_ax3,70,-0.4135168194770813,17,secondary
LFootProgressAngles_ax3,71,-1.6324161291122437,17,secondary
LFootProgressAngles_ax3,72,-2.249809503555298,17,secondary
LFootProgressAngles_ax3,73,-2.572202444076538,17,secondary
LFootProgressAngles_ax3,74,-3.0593678951263428,17,secondary
LFootProgressAngles_ax3,75,-3.7971014976501465,17,secondary
LFootProgressAngles_ax3,76,-3.8522753715515137,17,secondary
LFootProgressAngles_ax3,77,-4.287197113037109,17,secondary
LFootProgressAngles_ax3,78,-4.339954853057861,17,secondary
LFootProgressAngles_ax3,79,-4.401784896850586,17,secondary
LFootProgressAngles_ax3,80,-4.472219467163086,17,secondary
LFootProgressAngles_ax3,81,-4.54834508895874,17,secondary
LFootProgressAngles_ax3,82,-4.625729560852051,17,secondary
LFootProgressAngles_ax3,83,-4.699984550476074,17,secondary
LFootProgressAngles_ax3,84,-4.768509864807129,17,secondary
LFootProgressAngles_ax3,85,-4.9072184562683105,17,secondary
LFootProgressAngles_ax3,86,-5.088454246520996,17,secondary
LFootProgressAngles_ax3,87,-5.826064348220825,17,secondary
LFootProgressAngles_ax3,88,-6.089618444442749,17,secondary
LFootProgressAngles_ax3,89,-6.20393967628479,17,secondary
LFootProgressAngles_ax3,90,-6.392170667648315,17,secondary
LFootProgressAngles_ax3,91,-6.277589559555054,17,secondary
LFootProgressAngles_ax3,92,-5.753081321716309,17,secondary
LFootProgressAngles_ax3,93,-5.93483829498291,17,secondary
LFootProgressAngles_ax3,94,-5.4256744384765625,17,secondary
LFootProgressAngles_ax3,95,-5.321537971496582,17,secondary
LFootProgressAngles_ax3,96,-5.17460560798645,17,secondary
LFootProgressAngles_ax3,97,-4.803703784942627,17,secondary
LFootProgressAngles_ax3,98,-3.53547739982605,17,secondary
LFootProgressAngles_ax3,99,-3.7130444049835205,17,secondary
LFootProgressAngles_ax3,100,-3.3649532794952393,17,secondary
RFootProgressAngles_ax1,0,-104.64415740966797,17,primary
RFootProgressAngles_ax1,1,-105.25505065917969,17,primary
RFootProgressAngles_ax1,2,-105.12198638916016,17,primary
RFootProgressAngles_ax1,3,-104.12571716308594,17,primary
RFootProgressAngles_ax1,4,-101.27574157714844,17,primary
RFootProgressAngles_ax1,5,-98.66416931152344,17,primary
RFootProgressAngles_ax1,6,-96.68182373046875,17,primary
RFootProgressAngles_ax1,7,-95.19828033447266,17,primary
RFootProgressAngles_ax1,8,-93.28224182128906,17,primary
RFootProgressAngles_ax1,9,-91.49146270751953,17,primary
RFootProgressAngles_ax1,10,-90.3385009765625,17,primary
RFootProgressAngles_ax1,11,-89.22073364257812,17,primary
RFootProgressAngles_ax1,12,-88.46192932128906,17,primary
RFootProgressAngles_ax1,13,-87.3377456665039,17,primary
RFootProgressAngles_ax1,14,-86.78398132324219,17,primary
RFootProgressAngles_ax1,15,-86.11060333251953,17,primary
RFootProgressAngles_ax1,16,-85.46849060058594,17,primary
RFootProgressAngles_ax1,17,-84.91234588623047,17,primary
RFootProgressAngles_ax1,18,-84.3497085571289,17,primary
RFootProgressAngles_ax1,19,-83.87030029296875,17,primary
RFootProgressAngles_ax1,20,-83.5792465209961,17,primary
RFootProgressAngles_ax1,21,-83.41181945800781,17,primary
RFootProgressAngles_ax1,22,-83.31792449951172,17,primary
RFootProgressAngles_ax1,23,-83.26188659667969,17,primary
RFootProgressAngles_ax1,24,-83.21871948242188,17,primary
RFootProgressAngles_ax1,25,-83.17025756835938,17,primary
RFootProgressAngles_ax1,26,-83.10332489013672,17,primary
RFootProgressAngles_ax1,27,-83.01020050048828,17,primary
RFootProgressAngles_ax1,28,-82.8610610961914,17,primary
RFootProgressAngles_ax1,29,-82.55883026123047,17,primary
RFootProgressAngles_ax1,30,-82.49014282226562,17,primary
RFootProgressAngles_ax1,31,-82.25843048095703,17,primary
RFootProgressAngles_ax1,32,-81.88428497314453,17,primary
RFootProgressAngles_ax1,33,-81.44137573242188,17,primary
RFootProgressAngles_ax1,34,-80.90772247314453,17,primary
RFootProgressAngles_ax1,35,-80.37797546386719,17,primary
RFootProgressAngles_ax1,36,-80.85832214355469,17,primary
RFootProgressAngles_ax1,37,-82.7789306640625,17,primary
RFootProgressAngles_ax1,38,-84.47036743164062,17,primary
RFootProgressAngles_ax1,39,-85.09967803955078,17,primary
RFootProgressAngles_ax1,40,-85.5922622680664,17,primary
RFootProgressAngles_ax1,41,-87.49544906616211,17,primary
RFootProgressAngles_ax1,42,-87.5481185913086,17,primary
RFootProgressAngles_ax1,43,-87.54283905029297,17,primary
RFootProgressAngles_ax1,44,-87.01340103149414,17,primary
RFootProgressAngles_ax1,45,-86.43804168701172,17,primary
RFootProgressAngles_ax1,46,-85.82511901855469,17,primary
RFootProgressAngles_ax1,47,-85.14972305297852,17,primary
RFootProgressAngles_ax1,48,-84.49687957763672,17,primary
RFootProgressAngles_ax1,49,-84.12693786621094,17,primary
RFootProgressAngles_ax1,50,-83.84422302246094,17,primary
RFootProgressAngles_ax1,51,-83.46538543701172,17,primary
RFootProgressAngles_ax1,52,-82.95359802246094,17,primary
RFootProgressAngles_ax1,53,-82.25891876220703,17,primary
RFootProgressAngles_ax1,54,-81.3180160522461,17,primary
RFootProgressAngles_ax1,55,-80.05271911621094,17,primary
RFootProgressAngles_ax1,56,-78.369140625,17,primary
RFootProgressAngles_ax1,57,-76.15859985351562,17,primary
RFootProgressAngles_ax1,58,-73.30237579345703,17,primary
RFootProgressAngles_ax1,59,-69.684814453125,17,primary
RFootProgressAngles_ax1,60,-65.72421264648438,17,primary
RFootProgressAngles_ax1,61,-60.878883361816406,17,primary
RFootProgressAngles_ax1,62,-55.37924575805664,17,primary
RFootProgressAngles_ax1,63,-49.742855072021484,17,primary
RFootProgressAngles_ax1,64,-43.843204498291016,17,primary
RFootProgressAngles_ax1,65,-38.06929397583008,17,primary
RFootProgressAngles_ax1,66,-34.51890563964844,17,primary
RFootProgressAngles_ax1,67,-32.87302017211914,17,primary
RFootProgressAngles_ax1,68,-31.991366386413574,17,primary
RFootProgressAngles_ax1,69,-31.82108497619629,17,primary
RFootProgressAngles_ax1,70,-32.28931140899658,17,primary
RFootProgressAngles_ax1,71,-33.31404113769531,17,primary
RFootProgressAngles_ax1,72,-34.81838417053223,17,primary
RFootProgressAngles_ax1,73,-36.72209930419922,17,primary
RFootProgressAngles_ax1,74,-38.95807456970215,17,primary
RFootProgressAngles_ax1,75,-41.47938346862793,17,primary
RFootProgressAngles_ax1,76,-44.254329681396484,17,primary
RFootProgressAngles_ax1,77,-47.247934341430664,17,primary
RFootProgressAngles_ax1,78,-50.43046569824219,17,primary
RFootProgressAngles_ax1,79,-53.77048301696777,17,primary
RFootProgressAngles_ax1,80,-57.23745918273926,17,primary
RFootProgressAngles_ax1,81,-60.8062858581543,17,primary
RFootProgressAngles_ax1,82,-64.45941734313965,17,primary
RFootProgressAngles_ax1,83,-68.41594696044922,17,primary
RFootProgressAngles_ax1,84,-72.58213424682617,17,primary
RFootProgressAngles_ax1,85,-75.4009780883789,17,primary
RFootProgressAngles_ax1,86,-77.36911010742188,17,primary
RFootProgressAngles_ax1,87,-79.83123397827148,17,primary
RFootProgressAngles_ax1,88,-82.42487335205078,17,primary
RFootProgressAngles_ax1,89,-83.60466766357422,17,primary
RFootProgressAngles_ax1,90,-85.42938995361328,17,primary
RFootProgressAngles_ax1,91,-86.19357299804688,17,primary
RFootProgressAngles_ax1,92,-88.2981948852539,17,primary
RFootProgressAngles_ax1,93,-90.06777954101562,17,primary
RFootProgressAngles_ax1,94,-93.42495727539062,17,primary
RFootProgressAngles_ax1,95,-97.544677734375,17,primary
RFootProgressAngles_ax1,96,-101.30665588378906,17,primary
RFootProgressAngles_ax1,97,-104.728515625,17,primary
RFootProgressAngles_ax1,98,-107.64769744873047,17,primary
RFootProgressAngles_ax1,99,-108.97422790527344,17,primary
RFootProgressAngles_ax1,100,-109.45597839355469,17,primary
RFootProgressAngles_ax2,0,-0.8960438966751099,17,secondary
RFootProgressAngles_ax2,1,-1.060620903968811,17,secondary
RFootProgressAngles_ax2,2,-0.8702771663665771,17,secondary
RFootProgressAngles_ax2,3,-0.5077129006385803,17,secondary
RFootProgressAngles_ax2,4,-0.3593606948852539,17,secondary
RFootProgressAngles_ax2,5,-0.0745460744947195,17,secondary
RFootProgressAngles_ax2,6,0.9980326294898987,17,secondary
RFootProgressAngles_ax2,7,1.690520167350769,17,secondary
RFootProgressAngles_ax2,8,2.187913179397583,17,secondary
RFootProgressAngles_ax2,9,2.392574667930603,17,secondary
RFootProgressAngles_ax2,10,2.09696102142334,17,secondary
RFootProgressAngles_ax2,11,2.972546100616455,17,secondary
RFootProgressAngles_ax2,12,3.05013108253479,17,secondary
RFootProgressAngles_ax2,13,3.8289297819137573,17,secondary
RFootProgressAngles_ax2,14,3.608598232269287,17,secondary
RFootProgressAngles_ax2,15,3.1202921867370605,17,secondary
RFootProgressAngles_ax2,16,2.654650568962097,17,secondary
RFootProgressAngles_ax2,17,2.228696584701538,17,secondary
RFootProgressAngles_ax2,18,2.125288248062134,17,secondary
RFootProgressAngles_ax2,19,2.0769577026367188,17,secondary
RFootProgressAngles_ax2,20,2.0609328746795654,17,secondary
RFootProgressAngles_ax2,21,2.1661027669906616,17,secondary
RFootProgressAngles_ax2,22,2.3064264059066772,17,secondary
RFootProgressAngles_ax2,23,2.139700770378113,17,secondary
RFootProgressAngles_ax2,24,2.222983717918396,17,secondary
RFootProgressAngles_ax2,25,2.2917561531066895,17,secondary
RFootProgressAngles_ax2,26,2.3290334939956665,17,secondary
RFootProgressAngles_ax2,27,2.3973878622055054,17,secondary
RFootProgressAngles_ax2,28,2.2660365104675293,17,secondary
RFootProgressAngles_ax2,29,2.2445067167282104,17,secondary
RFootProgressAngles_ax2,30,2.2094751596450806,17,secondary
RFootProgressAngles_ax2,31,2.201619267463684,17,secondary
RFootProgressAngles_ax2,32,2.18663227558136,17,secondary
RFootProgressAngles_ax2,33,2.047538995742798,17,secondary
RFootProgressAngles_ax2,34,1.8023526668548584,17,secondary
RFootProgressAngles_ax2,35,1.4549819827079773,17,secondary
RFootProgressAngles_ax2,36,1.1765077710151672,17,secondary
RFootProgressAngles_ax2,37,0.6717271953821182,17,secondary
RFootProgressAngles_ax2,38,0.22572927176952362,17,secondary
RFootProgressAngles_ax2,39,0.07390859723091125,17,secondary
RFootProgressAngles_ax2,40,-0.37293145060539246,17,secondary
RFootProgressAngles_ax2,41,-0.9540045261383057,17,secondary
RFootProgressAngles_ax2,42,-1.228633165359497,17,secondary
RFootProgressAngles_ax2,43,-1.173104166984558,17,secondary
RFootProgressAngles_ax2,44,-1.0852291584014893,17,secondary
RFootProgressAngles_ax2,45,-0.9480558633804321,17,secondary
RFootProgressAngles_ax2,46,-0.9702022075653076,17,secondary
RFootProgressAngles_ax2,47,-0.8919728398323059,17,secondary
RFootProgressAngles_ax2,48,-0.8484545350074768,17,secondary
RFootProgressAngles_ax2,49,-0.9334608316421509,17,secondary
RFootProgressAngles_ax2,50,-0.8405636548995972,17,secondary
RFootProgressAngles_ax2,51,-0.8733338713645935,17,secondary
RFootProgressAngles_ax2,52,-0.7661743760108948,17,secondary
RFootProgressAngles_ax2,53,-0.3237917423248291,17,secondary
RFootProgressAngles_ax2,54,0.1288861185312271,17,secondary
RFootProgressAngles_ax2,55,0.5697802901268005,17,secondary
RFootProgressAngles_ax2,56,1.0179888010025024,17,secondary
RFootProgressAngles_ax2,57,1.6317729949951172,17,secondary
RFootProgressAngles_ax2,58,2.3539445400238037,17,secondary
RFootProgressAngles_ax2,59,2.402003288269043,17,secondary
RFootProgressAngles_ax2,60,2.719196081161499,17,secondary
RFootProgressAngles_ax2,61,2.514664888381958,17,secondary
RFootProgressAngles_ax2,62,2.4907679557800293,17,secondary
RFootProgressAngles_ax2,63,2.7857370376586914,17,secondary
RFootProgressAngles_ax2,64,2.889147996902466,17,secondary
RFootProgressAngles_ax2,65,2.9918879866600037,17,secondary
RFootProgressAngles_ax2,66,2.696473151445389,17,secondary
RFootProgressAngles_ax2,67,2.4508025646209717,17,secondary
RFootProgressAngles_ax2,68,2.1922264099121094,17,secondary
RFootProgressAngles_ax2,69,2.094300866127014,17,secondary
RFootProgressAngles_ax2,70,2.0129905343055725,17,secondary
RFootProgressAngles_ax2,71,2.0399787425994873,17,secondary
RFootProgressAngles_ax2,72,2.87500262260437,17,secondary
RFootProgressAngles_ax2,73,2.7169668674468994,17,secondary
RFootProgressAngles_ax2,74,2.689140796661377,17,secondary
RFootProgressAngles_ax2,75,2.2595553398132324,17,secondary
RFootProgressAngles_ax2,76,2.3931796550750732,17,secondary
RFootProgressAngles_ax2,77,2.139414072036743,17,secondary
RFootProgressAngles_ax2,78,2.150586247444153,17,secondary
RFootProgressAngles_ax2,79,2.2453755140304565,17,secondary
RFootProgressAngles_ax2,80,1.990674078464508,17,secondary
RFootProgressAngles_ax2,81,1.8081422448158264,17,secondary
RFootProgressAngles_ax2,82,1.6759372353553772,17,secondary
RFootProgressAngles_ax2,83,1.5982031226158142,17,secondary
RFootProgressAngles_ax2,84,1.4440924506634474,17,secondary
RFootProgressAngles_ax2,85,1.0906712114810944,17,secondary
RFootProgressAngles_ax2,86,0.8038001656532288,17,secondary
RFootProgressAngles_ax2,87,0.5921999514102936,17,secondary
RFootProgressAngles_ax2,88,0.1098654568195343,17,secondary
RFootProgressAngles_ax2,89,-0.29497353732585907,17,secondary
RFootProgressAngles_ax2,90,-0.6530127823352814,17,secondary
RFootProgressAngles_ax2,91,-0.9706870317459106,17,secondary
RFootProgressAngles_ax2,92,-1.0304961204528809,17,secondary
RFootProgressAngles_ax2,93,-1.040913701057434,17,secondary
RFootProgressAngles_ax2,94,-0.8684515953063965,17,secondary
RFootProgressAngles_ax2,95,-0.92363440990448,17,secondary
RFootProgressAngles_ax2,96,-1.0225557088851929,17,secondary
RFootProgressAngles_ax2,97,-0.8471350967884064,17,secondary
RFootProgressAngles_ax2,98,-0.8486443758010864,17,secondary
RFootProgressAngles_ax2,99,-0.8605143129825592,17,secondary
RFootProgressAngles_ax2,100,-0.8410881161689758,17,secondary
RFootProgressAngles_ax3,0,-5.0492048263549805,17,secondary
RFootProgressAngles_ax3,1,-5.17069149017334,17,secondary
RFootProgressAngles_ax3,2,-5.461490631103516,17,secondary
RFootProgressAngles_ax3,3,-5.478213787078857,17,secondary
RFootProgressAngles_ax3,4,-5.163241863250732,17,secondary
RFootProgressAngles_ax3,5,-4.807747840881348,17,secondary
RFootProgressAngles_ax3,6,-3.9643378257751465,17,secondary
RFootProgressAngles_ax3,7,-3.263129234313965,17,secondary
RFootProgressAngles_ax3,8,-3.188162326812744,17,secondary
RFootProgressAngles_ax3,9,-3.1420066356658936,17,secondary
RFootProgressAngles_ax3,10,-3.146245241165161,17,secondary
RFootProgressAngles_ax3,11,-3.134392023086548,17,secondary
RFootProgressAngles_ax3,12,-3.058915138244629,17,secondary
RFootProgressAngles_ax3,13,-3.035783290863037,17,secondary
RFootProgressAngles_ax3,14,-2.867508888244629,17,secondary
RFootProgressAngles_ax3,15,-2.690316677093506,17,secondary
RFootProgressAngles_ax3,16,-2.9155497550964355,17,secondary
RFootProgressAngles_ax3,17,-3.434288263320923,17,secondary
RFootProgressAngles_ax3,18,-3.4724085330963135,17,secondary
RFootProgressAngles_ax3,19,-3.4635300636291504,17,secondary
RFootProgressAngles_ax3,20,-3.860424757003784,17,secondary
RFootProgressAngles_ax3,21,-3.8357443809509277,17,secondary
RFootProgressAngles_ax3,22,-3.8737025260925293,17,secondary
RFootProgressAngles_ax3,23,-4.41652250289917,17,secondary
RFootProgressAngles_ax3,24,-4.951000213623047,17,secondary
RFootProgressAngles_ax3,25,-4.982090950012207,17,secondary
RFootProgressAngles_ax3,26,-5.124980926513672,17,secondary
RFootProgressAngles_ax3,27,-5.4728474617004395,17,secondary
RFootProgressAngles_ax3,28,-5.963082313537598,17,secondary
RFootProgressAngles_ax3,29,-6.02726411819458,17,secondary
RFootProgressAngles_ax3,30,-6.074123382568359,17,secondary
RFootProgressAngles_ax3,31,-6.133681774139404,17,secondary
RFootProgressAngles_ax3,32,-6.204758167266846,17,secondary
RFootProgressAngles_ax3,33,-6.287039279937744,17,secondary
RFootProgressAngles_ax3,34,-7.0317463874816895,17,secondary
RFootProgressAngles_ax3,35,-7.626826286315918,17,secondary
RFootProgressAngles_ax3,36,-8.225878715515137,17,secondary
RFootProgressAngles_ax3,37,-8.542098999023438,17,secondary
RFootProgressAngles_ax3,38,-8.708023071289062,17,secondary
RFootProgressAngles_ax3,39,-8.887697219848633,17,secondary
RFootProgressAngles_ax3,40,-9.000283241271973,17,secondary
RFootProgressAngles_ax3,41,-8.704466819763184,17,secondary
RFootProgressAngles_ax3,42,-8.44551944732666,17,secondary
RFootProgressAngles_ax3,43,-8.08344554901123,17,secondary
RFootProgressAngles_ax3,44,-8.176387786865234,17,secondary
RFootProgressAngles_ax3,45,-8.21925163269043,17,secondary
RFootProgressAngles_ax3,46,-7.088368654251099,17,secondary
RFootProgressAngles_ax3,47,-5.803020238876343,17,secondary
RFootProgressAngles_ax3,48,-5.4824066162109375,17,secondary
RFootProgressAngles_ax3,49,-5.254821300506592,17,secondary
RFootProgressAngles_ax3,50,-5.556182384490967,17,secondary
RFootProgressAngles_ax3,51,-6.073960781097412,17,secondary
RFootProgressAngles_ax3,52,-6.127016544342041,17,secondary
RFootProgressAngles_ax3,53,-5.841948509216309,17,secondary
RFootProgressAngles_ax3,54,-5.674737453460693,17,secondary
RFootProgressAngles_ax3,55,-5.1497368812561035,17,secondary
RFootProgressAngles_ax3,56,-4.377999782562256,17,secondary
RFootProgressAngles_ax3,57,-3.2349252700805664,17,secondary
RFootProgressAngles_ax3,58,-2.749039888381958,17,secondary
RFootProgressAngles_ax3,59,-2.3461263179779053,17,secondary
RFootProgressAngles_ax3,60,-2.175905466079712,17,secondary
RFootProgressAngles_ax3,61,-1.8455370664596558,17,secondary
RFootProgressAngles_ax3,62,-1.5352493524551392,17,secondary
RFootProgressAngles_ax3,63,-1.456400752067566,17,secondary
RFootProgressAngles_ax3,64,-1.2983298301696777,17,secondary
RFootProgressAngles_ax3,65,-1.8249530792236328,17,secondary
RFootProgressAngles_ax3,66,-2.7632994651794434,17,secondary
RFootProgressAngles_ax3,67,-3.8688130378723145,17,secondary
RFootProgressAngles_ax3,68,-4.414183139801025,17,secondary
RFootProgressAngles_ax3,69,-5.323225498199463,17,secondary
RFootProgressAngles_ax3,70,-5.410284042358398,17,secondary
RFootProgressAngles_ax3,71,-5.871388912200928,17,secondary
RFootProgressAngles_ax3,72,-5.697765350341797,17,secondary
RFootProgressAngles_ax3,73,-5.768941402435303,17,secondary
RFootProgressAngles_ax3,74,-6.563010215759277,17,secondary
RFootProgressAngles_ax3,75,-6.779592037200928,17,secondary
RFootProgressAngles_ax3,76,-6.906419277191162,17,secondary
RFootProgressAngles_ax3,77,-7.03228235244751,17,secondary
RFootProgressAngles_ax3,78,-7.164995193481445,17,secondary
RFootProgressAngles_ax3,79,-7.280775547027588,17,secondary
RFootProgressAngles_ax3,80,-7.824469566345215,17,secondary
RFootProgressAngles_ax3,81,-7.89166259765625,17,secondary
RFootProgressAngles_ax3,82,-8.523002624511719,17,secondary
RFootProgressAngles_ax3,83,-9.449533462524414,17,secondary
RFootProgressAngles_ax3,84,-10.075432777404785,17,secondary
RFootProgressAngles_ax3,85,-9.969260215759277,17,secondary
RFootProgressAngles_ax3,86,-10.171177864074707,17,secondary
RFootProgressAngles_ax3,87,-10.22487735748291,17,secondary
RFootProgressAngles_ax3,88,-10.32655668258667,17,secondary
RFootProgressAngles_ax3,89,-9.630077362060547,17,secondary
RFootProgressAngles_ax3,90,-9.640294075012207,17,secondary
RFootProgressAngles_ax3,91,-9.652358055114746,17,secondary
RFootProgressAngles_ax3,92,-8.999656677246094,17,secondary
RFootProgressAngles_ax3,93,-8.833494186401367,17,secondary
RFootProgressAngles_ax3,94,-8.2747163772583,17,secondary
RFootProgressAngles_ax3,95,-7.78360652923584,17,secondary
RFootProgressAngles_ax3,96,-6.800379276275635,17,secondary
RFootProgressAngles_ax3,97,-6.640674114227295,17,secondary
RFootProgressAngles_ax3,98,-5.89838981628418,17,secondary
RFootProgressAngles_ax3,99,-6.016912460327148,17,secondary
RFootProgressAngles_ax3,100,-6.157649040222168,17,secondary
CentreOfMass_ax1,0,768.5703735351562,17,primary
CentreOfMass_ax1,1,782.01416015625,17,primary
CentreOfMass_ax1,2,793.00927734375,17,primary
CentreOfMass_ax1,3,792.8645629882812,17,primary
CentreOfMass_ax1,4,793.3240356445312,17,primary
CentreOfMass_ax1,5,797.5658569335938,17,primary
CentreOfMass_ax1,6,797.41357421875,17,primary
CentreOfMass_ax1,7,797.2443542480469,17,primary
CentreOfMass_ax1,8,797.0652770996094,17,primary
CentreOfMass_ax1,9,796.8846130371094,17,primary
CentreOfMass_ax1,10,796.7152099609375,17,primary
CentreOfMass_ax1,11,796.2903442382812,17,primary
CentreOfMass_ax1,12,805.4849243164062,17,primary
CentreOfMass_ax1,13,820.54248046875,17,primary
CentreOfMass_ax1,14,830.43798828125,17,primary
CentreOfMass_ax1,15,817.5598754882812,17,primary
CentreOfMass_ax1,16,816.1551208496094,17,primary
CentreOfMass_ax1,17,816.4578857421875,17,primary
CentreOfMass_ax1,18,816.3473510742188,17,primary
CentreOfMass_ax1,19,813.3213500976562,17,primary
CentreOfMass_ax1,20,813.56640625,17,primary
CentreOfMass_ax1,21,811.2147827148438,17,primary
CentreOfMass_ax1,22,817.8294982910156,17,primary
CentreOfMass_ax1,23,820.8528747558594,17,primary
CentreOfMass_ax1,24,834.26953125,17,primary
CentreOfMass_ax1,25,847.5764770507812,17,primary
CentreOfMass_ax1,26,860.8235168457031,17,primary
CentreOfMass_ax1,27,874.0446166992188,17,primary
CentreOfMass_ax1,28,887.232666015625,17,primary
CentreOfMass_ax1,29,900.4016723632812,17,primary
CentreOfMass_ax1,30,913.5659790039062,17,primary
CentreOfMass_ax1,31,926.7312316894531,17,primary
CentreOfMass_ax1,32,939.889404296875,17,primary
CentreOfMass_ax1,33,953.001953125,17,primary
CentreOfMass_ax1,34,966.0408630371094,17,primary
CentreOfMass_ax1,35,978.9997863769531,17,primary
CentreOfMass_ax1,36,991.8894958496094,17,primary
CentreOfMass_ax1,37,1003.859375,17,primary
CentreOfMass_ax1,38,989.9813842773438,17,primary
CentreOfMass_ax1,39,976.0469970703125,17,primary
CentreOfMass_ax1,40,962.048583984375,17,primary
CentreOfMass_ax1,41,975.3930053710938,17,primary
CentreOfMass_ax1,42,989.574951171875,17,primary
CentreOfMass_ax1,43,1003.7012329101562,17,primary
CentreOfMass_ax1,44,999.2740478515625,17,primary
CentreOfMass_ax1,45,985.8272094726562,17,primary
CentreOfMass_ax1,46,988.3300170898438,17,primary
CentreOfMass_ax1,47,1002.2593383789062,17,primary
CentreOfMass_ax1,48,1010.5246887207031,17,primary
CentreOfMass_ax1,49,1009.66552734375,17,primary
CentreOfMass_ax1,50,1008.9219970703125,17,primary
CentreOfMass_ax1,51,997.8419799804688,17,primary
CentreOfMass_ax1,52,984.8347473144531,17,primary
CentreOfMass_ax1,53,971.7149047851562,17,primary
CentreOfMass_ax1,54,965.8108520507812,17,primary
CentreOfMass_ax1,55,970.58349609375,17,primary
CentreOfMass_ax1,56,955.352783203125,17,primary
CentreOfMass_ax1,57,962.1837768554688,17,primary
CentreOfMass_ax1,58,967.5807495117188,17,primary
CentreOfMass_ax1,59,983.871826171875,17,primary
CentreOfMass_ax1,60,971.19873046875,17,primary
CentreOfMass_ax1,61,981.131591796875,17,primary
CentreOfMass_ax1,62,995.8261108398438,17,primary
CentreOfMass_ax1,63,1010.3048095703125,17,primary
CentreOfMass_ax1,64,1024.5587158203125,17,primary
CentreOfMass_ax1,65,1038.660888671875,17,primary
CentreOfMass_ax1,66,1052.66455078125,17,primary
CentreOfMass_ax1,67,1060.30859375,17,primary
CentreOfMass_ax1,68,1045.8814697265625,17,primary
CentreOfMass_ax1,69,1031.6099853515625,17,primary
CentreOfMass_ax1,70,1040.1109619140625,17,primary
CentreOfMass_ax1,71,1052.418701171875,17,primary
CentreOfMass_ax1,72,1064.6268310546875,17,primary
CentreOfMass_ax1,73,1076.79248046875,17,primary
CentreOfMass_ax1,74,1088.86865234375,17,primary
CentreOfMass_ax1,75,1100.722900390625,17,primary
CentreOfMass_ax1,76,1112.7762451171875,17,primary
CentreOfMass_ax1,77,1123.8301086425781,17,primary
CentreOfMass_ax1,78,1125.0252685546875,17,primary
CentreOfMass_ax1,79,1138.6268920898438,17,primary
CentreOfMass_ax1,80,1146.6741333007812,17,primary
CentreOfMass_ax1,81,1143.8084716796875,17,primary
CentreOfMass_ax1,82,1140.1412353515625,17,primary
CentreOfMass_ax1,83,1129.091064453125,17,primary
CentreOfMass_ax1,84,1121.6304626464844,17,primary
CentreOfMass_ax1,85,1121.3464965820312,17,primary
CentreOfMass_ax1,86,1121.0752258300781,17,primary
CentreOfMass_ax1,87,1131.1429443359375,17,primary
CentreOfMass_ax1,88,1143.3189697265625,17,primary
CentreOfMass_ax1,89,1146.7615356445312,17,primary
CentreOfMass_ax1,90,1146.9296264648438,17,primary
CentreOfMass_ax1,91,1149.6260986328125,17,primary
CentreOfMass_ax1,92,1162.427001953125,17,primary
CentreOfMass_ax1,93,1164.8909912109375,17,primary
CentreOfMass_ax1,94,1152.0174560546875,17,primary
CentreOfMass_ax1,95,1139.0323486328125,17,primary
CentreOfMass_ax1,96,1129.49755859375,17,primary
CentreOfMass_ax1,97,1141.927490234375,17,primary
CentreOfMass_ax1,98,1154.3289794921875,17,primary
CentreOfMass_ax1,99,1166.6353759765625,17,primary
CentreOfMass_ax1,100,1178.8787841796875,17,primary
CentreOfMass_ax2,0,287.93516540527344,17,primary
CentreOfMass_ax2,1,288.1220703125,17,primary
CentreOfMass_ax2,2,288.0277099609375,17,primary
CentreOfMass_ax2,3,288.4183654785156,17,primary
CentreOfMass_ax2,4,289.801025390625,17,primary
CentreOfMass_ax2,5,289.36163330078125,17,primary
CentreOfMass_ax2,6,288.74163818359375,17,primary
CentreOfMass_ax2,7,289.6776428222656,17,primary
CentreOfMass_ax2,8,290.68809509277344,17,primary
CentreOfMass_ax2,9,291.76776123046875,17,primary
CentreOfMass_ax2,10,292.9112243652344,17,primary
CentreOfMass_ax2,11,294.1151428222656,17,primary
CentreOfMass_ax2,12,295.3761749267578,17,primary
CentreOfMass_ax2,13,295.95184326171875,17,primary
CentreOfMass_ax2,14,296.0497283935547,17,primary
CentreOfMass_ax2,15,296.13829040527344,17,primary
CentreOfMass_ax2,16,296.2342834472656,17,primary
CentreOfMass_ax2,17,296.3224792480469,17,primary
CentreOfMass_ax2,18,296.75970458984375,17,primary
CentreOfMass_ax2,19,297.3172912597656,17,primary
CentreOfMass_ax2,20,296.99766540527344,17,primary
CentreOfMass_ax2,21,296.20997619628906,17,primary
CentreOfMass_ax2,22,295.94371032714844,17,primary
CentreOfMass_ax2,23,296.32090759277344,17,primary
CentreOfMass_ax2,24,296.43003845214844,17,primary
CentreOfMass_ax2,25,296.40802001953125,17,primary
CentreOfMass_ax2,26,296.31040954589844,17,primary
CentreOfMass_ax2,27,296.18931579589844,17,primary
CentreOfMass_ax2,28,296.0259246826172,17,primary
CentreOfMass_ax2,29,295.8064727783203,17,primary
CentreOfMass_ax2,30,295.52503967285156,17,primary
CentreOfMass_ax2,31,295.1824188232422,17,primary
CentreOfMass_ax2,32,294.78489685058594,17,primary
CentreOfMass_ax2,33,294.3426055908203,17,primary
CentreOfMass_ax2,34,294.0711364746094,17,primary
CentreOfMass_ax2,35,293.7942352294922,17,primary
CentreOfMass_ax2,36,293.48744201660156,17,primary
CentreOfMass_ax2,37,293.15562438964844,17,primary
CentreOfMass_ax2,38,292.8030242919922,17,primary
CentreOfMass_ax2,39,292.4327850341797,17,primary
CentreOfMass_ax2,40,292.33860778808594,17,primary
CentreOfMass_ax2,41,292.4358367919922,17,primary
CentreOfMass_ax2,42,292.5304260253906,17,primary
CentreOfMass_ax2,43,292.6223907470703,17,primary
CentreOfMass_ax2,44,292.71156311035156,17,primary
CentreOfMass_ax2,45,292.80311584472656,17,primary
CentreOfMass_ax2,46,292.89891052246094,17,primary
CentreOfMass_ax2,47,292.9990997314453,17,primary
CentreOfMass_ax2,48,293.1020965576172,17,primary
CentreOfMass_ax2,49,293.9915466308594,17,primary
CentreOfMass_ax2,50,295.0334167480469,17,primary
CentreOfMass_ax2,51,296.21588134765625,17,primary
CentreOfMass_ax2,52,296.8306884765625,17,primary
CentreOfMass_ax2,53,296.82293701171875,17,primary
CentreOfMass_ax2,54,298.14251708984375,17,primary
CentreOfMass_ax2,55,299.0016632080078,17,primary
CentreOfMass_ax2,56,299.3846740722656,17,primary
CentreOfMass_ax2,57,299.77984619140625,17,primary
CentreOfMass_ax2,58,300.18939208984375,17,primary
CentreOfMass_ax2,59,300.2502746582031,17,primary
CentreOfMass_ax2,60,299.4836120605469,17,primary
CentreOfMass_ax2,61,301.47119140625,17,primary
CentreOfMass_ax2,62,302.8675537109375,17,primary
CentreOfMass_ax2,63,302.6383972167969,17,primary
CentreOfMass_ax2,64,301.7259826660156,17,primary
CentreOfMass_ax2,65,300.7234191894531,17,primary
CentreOfMass_ax2,66,302.3995056152344,17,primary
CentreOfMass_ax2,67,302.8118896484375,17,primary
CentreOfMass_ax2,68,301.4293518066406,17,primary
CentreOfMass_ax2,69,302.0193176269531,17,primary
CentreOfMass_ax2,70,302.2303161621094,17,primary
CentreOfMass_ax2,71,301.9373779296875,17,primary
CentreOfMass_ax2,72,301.6708984375,17,primary
CentreOfMass_ax2,73,301.26898193359375,17,primary
CentreOfMass_ax2,74,300.4017639160156,17,primary
CentreOfMass_ax2,75,300.1912841796875,17,primary
CentreOfMass_ax2,76,300.9201354980469,17,primary
CentreOfMass_ax2,77,300.1181335449219,17,primary
CentreOfMass_ax2,78,299.743896484375,17,primary
CentreOfMass_ax2,79,300.5633544921875,17,primary
CentreOfMass_ax2,80,301.3698425292969,17,primary
CentreOfMass_ax2,81,302.1617126464844,17,primary
CentreOfMass_ax2,82,302.9055480957031,17,primary
CentreOfMass_ax2,83,303.2503356933594,17,primary
CentreOfMass_ax2,84,302.9731140136719,17,primary
CentreOfMass_ax2,85,302.7014465332031,17,primary
CentreOfMass_ax2,86,302.2774963378906,17,primary
CentreOfMass_ax2,87,301.9984130859375,17,primary
CentreOfMass_ax2,88,301.8228454589844,17,primary
CentreOfMass_ax2,89,301.7275390625,17,primary
CentreOfMass_ax2,90,301.6756896972656,17,primary
CentreOfMass_ax2,91,301.747802734375,17,primary
CentreOfMass_ax2,92,301.9178161621094,17,primary
CentreOfMass_ax2,93,302.1912841796875,17,primary
CentreOfMass_ax2,94,302.5667419433594,17,primary
CentreOfMass_ax2,95,303.0240478515625,17,primary
CentreOfMass_ax2,96,302.99249267578125,17,primary
CentreOfMass_ax2,97,301.7158508300781,17,primary
CentreOfMass_ax2,98,300.99114990234375,17,primary
CentreOfMass_ax2,99,301.1755065917969,17,primary
CentreOfMass_ax2,100,301.3392333984375,17,primary
CentreOfMass_ax3,0,929.0026245117188,17,primary
CentreOfMass_ax3,1,926.4142761230469,17,primary
CentreOfMass_ax3,2,923.9404907226562,17,primary
CentreOfMass_ax3,3,921.6249084472656,17,primary
CentreOfMass_ax3,4,919.5548706054688,17,primary
CentreOfMass_ax3,5,918.1547241210938,17,primary
CentreOfMass_ax3,6,917.0177001953125,17,primary
CentreOfMass_ax3,7,916.1770935058594,17,primary
CentreOfMass_ax3,8,915.9235229492188,17,primary
CentreOfMass_ax3,9,915.8871459960938,17,primary
CentreOfMass_ax3,10,916.3557739257812,17,primary
CentreOfMass_ax3,11,917.1399841308594,17,primary
CentreOfMass_ax3,12,918.0967407226562,17,primary
CentreOfMass_ax3,13,919.1781921386719,17,primary
CentreOfMass_ax3,14,920.34033203125,17,primary
CentreOfMass_ax3,15,921.2222290039062,17,primary
CentreOfMass_ax3,16,922.2176818847656,17,primary
CentreOfMass_ax3,17,923.578369140625,17,primary
CentreOfMass_ax3,18,925.3169250488281,17,primary
CentreOfMass_ax3,19,927.2586059570312,17,primary
CentreOfMass_ax3,20,929.441162109375,17,primary
CentreOfMass_ax3,21,931.5868530273438,17,primary
CentreOfMass_ax3,22,933.2621459960938,17,primary
CentreOfMass_ax3,23,935.3212280273438,17,primary
CentreOfMass_ax3,24,937.1235961914062,17,primary
CentreOfMass_ax3,25,939.2997436523438,17,primary
CentreOfMass_ax3,26,941.490234375,17,primary
CentreOfMass_ax3,27,943.654541015625,17,primary
CentreOfMass_ax3,28,945.765380859375,17,primary
CentreOfMass_ax3,29,947.4467163085938,17,primary
CentreOfMass_ax3,30,948.8793334960938,17,primary
CentreOfMass_ax3,31,950.126953125,17,primary
CentreOfMass_ax3,32,951.1775512695312,17,primary
CentreOfMass_ax3,33,952.0269775390625,17,primary
CentreOfMass_ax3,34,952.6807861328125,17,primary
CentreOfMass_ax3,35,953.1087646484375,17,primary
CentreOfMass_ax3,36,953.2742309570312,17,primary
CentreOfMass_ax3,37,953.175048828125,17,primary
CentreOfMass_ax3,38,952.2664794921875,17,primary
CentreOfMass_ax3,39,950.9581909179688,17,primary
CentreOfMass_ax3,40,949.8419189453125,17,primary
CentreOfMass_ax3,41,948.5390625,17,primary
CentreOfMass_ax3,42,946.973876953125,17,primary
CentreOfMass_ax3,43,944.6451416015625,17,primary
CentreOfMass_ax3,44,942.5372314453125,17,primary
CentreOfMass_ax3,45,940.083984375,17,primary
CentreOfMass_ax3,46,937.530517578125,17,primary
CentreOfMass_ax3,47,935.1188354492188,17,primary
CentreOfMass_ax3,48,932.8822021484375,17,primary
CentreOfMass_ax3,49,930.7274780273438,17,primary
CentreOfMass_ax3,50,928.56982421875,17,primary
CentreOfMass_ax3,51,926.1207885742188,17,primary
CentreOfMass_ax3,52,923.83935546875,17,primary
CentreOfMass_ax3,53,921.7338256835938,17,primary
CentreOfMass_ax3,54,919.728515625,17,primary
CentreOfMass_ax3,55,918.1942749023438,17,primary
CentreOfMass_ax3,56,916.9002685546875,17,primary
CentreOfMass_ax3,57,915.8043518066406,17,primary
CentreOfMass_ax3,58,914.9281005859375,17,primary
CentreOfMass_ax3,59,914.45849609375,17,primary
CentreOfMass_ax3,60,914.4005432128906,17,primary
CentreOfMass_ax3,61,914.769775390625,17,primary
CentreOfMass_ax3,62,915.5230407714844,17,primary
CentreOfMass_ax3,63,916.6316833496094,17,primary
CentreOfMass_ax3,64,918.0588684082031,17,primary
CentreOfMass_ax3,65,919.7618713378906,17,primary
CentreOfMass_ax3,66,921.615966796875,17,primary
CentreOfMass_ax3,67,923.3942260742188,17,primary
CentreOfMass_ax3,68,925.3572998046875,17,primary
CentreOfMass_ax3,69,927.4158935546875,17,primary
CentreOfMass_ax3,70,929.5160522460938,17,primary
CentreOfMass_ax3,71,931.4603881835938,17,primary
CentreOfMass_ax3,72,932.9703979492188,17,primary
CentreOfMass_ax3,73,934.7176513671875,17,primary
CentreOfMass_ax3,74,936.653564453125,17,primary
CentreOfMass_ax3,75,938.7330322265625,17,primary
CentreOfMass_ax3,76,940.851318359375,17,primary
CentreOfMass_ax3,77,942.9559936523438,17,primary
CentreOfMass_ax3,78,944.549072265625,17,primary
CentreOfMass_ax3,79,945.7363891601562,17,primary
CentreOfMass_ax3,80,946.73828125,17,primary
CentreOfMass_ax3,81,947.5443115234375,17,primary
CentreOfMass_ax3,82,948.4028930664062,17,primary
CentreOfMass_ax3,83,949.3800048828125,17,primary
CentreOfMass_ax3,84,950.0458984375,17,primary
CentreOfMass_ax3,85,950.4065551757812,17,primary
CentreOfMass_ax3,86,950.461181640625,17,primary
CentreOfMass_ax3,87,950.0027465820312,17,primary
CentreOfMass_ax3,88,948.7435913085938,17,primary
CentreOfMass_ax3,89,947.2108154296875,17,primary
CentreOfMass_ax3,90,945.4154663085938,17,primary
CentreOfMass_ax3,91,944.0355834960938,17,primary
CentreOfMass_ax3,92,942.539306640625,17,primary
CentreOfMass_ax3,93,940.9196166992188,17,primary
CentreOfMass_ax3,94,939.208251953125,17,primary
CentreOfMass_ax3,95,937.4099731445312,17,primary
CentreOfMass_ax3,96,935.5022583007812,17,primary
CentreOfMass_ax3,97,933.4772338867188,17,primary
CentreOfMass_ax3,98,931.1741943359375,17,primary
CentreOfMass_ax3,99,928.7290649414062,17,primary
CentreOfMass_ax3,100,926.3087768554688,17,primary
CentreOfMassFloor_ax1,0,768.5703735351562,17,secondary
CentreOfMassFloor_ax1,1,782.01416015625,17,secondary
CentreOfMassFloor_ax1,2,793.00927734375,17,secondary
CentreOfMassFloor_ax1,3,792.8645629882812,17,secondary
CentreOfMassFloor_ax1,4,793.3240356445312,17,secondary
CentreOfMassFloor_ax1,5,797.5658569335938,17,secondary
CentreOfMassFloor_ax1,6,797.41357421875,17,secondary
CentreOfMassFloor_ax1,7,797.2443542480469,17,secondary
CentreOfMassFloor_ax1,8,797.0652770996094,17,secondary
CentreOfMassFloor_ax1,9,796.8846130371094,17,secondary
CentreOfMassFloor_ax1,10,796.7152099609375,17,secondary
CentreOfMassFloor_ax1,11,796.2903442382812,17,secondary
CentreOfMassFloor_ax1,12,805.4849243164062,17,secondary
CentreOfMassFloor_ax1,13,820.54248046875,17,secondary
CentreOfMassFloor_ax1,14,830.43798828125,17,secondary
CentreOfMassFloor_ax1,15,817.5598754882812,17,secondary
CentreOfMassFloor_ax1,16,816.1551208496094,17,secondary
CentreOfMassFloor_ax1,17,816.4578857421875,17,secondary
CentreOfMassFloor_ax1,18,816.3473510742188,17,secondary
CentreOfMassFloor_ax1,19,813.3213500976562,17,secondary
CentreOfMassFloor_ax1,20,813.56640625,17,secondary
CentreOfMassFloor_ax1,21,811.2147827148438,17,secondary
CentreOfMassFloor_ax1,22,817.8294982910156,17,secondary
CentreOfMassFloor_ax1,23,820.8528747558594,17,secondary
CentreOfMassFloor_ax1,24,834.26953125,17,secondary
CentreOfMassFloor_ax1,25,847.5764770507812,17,secondary
CentreOfMassFloor_ax1,26,860.8235168457031,17,secondary
CentreOfMassFloor_ax1,27,874.0446166992188,17,secondary
CentreOfMassFloor_ax1,28,887.232666015625,17,secondary
CentreOfMassFloor_ax1,29,900.4016723632812,17,secondary
CentreOfMassFloor_ax1,30,913.5659790039062,17,secondary
CentreOfMassFloor_ax1,31,926.7312316894531,17,secondary
CentreOfMassFloor_ax1,32,939.889404296875,17,secondary
CentreOfMassFloor_ax1,33,953.001953125,17,secondary
CentreOfMassFloor_ax1,34,966.0408630371094,17,secondary
CentreOfMassFloor_ax1,35,978.9997863769531,17,secondary
CentreOfMassFloor_ax1,36,991.8894958496094,17,secondary
CentreOfMassFloor_ax1,37,1003.859375,17,secondary
CentreOfMassFloor_ax1,38,989.9813842773438,17,secondary
CentreOfMassFloor_ax1,39,976.0469970703125,17,secondary
CentreOfMassFloor_ax1,40,962.048583984375,17,secondary
CentreOfMassFloor_ax1,41,975.3930053710938,17,secondary
CentreOfMassFloor_ax1,42,989.574951171875,17,secondary
CentreOfMassFloor_ax1,43,1003.7012329101562,17,secondary
CentreOfMassFloor_ax1,44,999.2740478515625,17,secondary
CentreOfMassFloor_ax1,45,985.8272094726562,17,secondary
CentreOfMassFloor_ax1,46,988.3300170898438,17,secondary
CentreOfMassFloor_ax1,47,1002.2593383789062,17,secondary
CentreOfMassFloor_ax1,48,1010.5246887207031,17,secondary
CentreOfMassFloor_ax1,49,1009.66552734375,17,secondary
CentreOfMassFloor_ax1,50,1008.9219970703125,17,secondary
CentreOfMassFloor_ax1,51,997.8419799804688,17,secondary
CentreOfMassFloor_ax1,52,984.8347473144531,17,secondary
CentreOfMassFloor_ax1,53,971.7149047851562,17,secondary
CentreOfMassFloor_ax1,54,965.8108520507812,17,secondary
CentreOfMassFloor_ax1,55,970.58349609375,17,secondary
CentreOfMassFloor_ax1,56,955.352783203125,17,secondary
CentreOfMassFloor_ax1,57,962.1837768554688,17,secondary
CentreOfMassFloor_ax1,58,967.5807495117188,17,secondary
CentreOfMassFloor_ax1,59,983.871826171875,17,secondary
CentreOfMassFloor_ax1,60,971.19873046875,17,secondary
CentreOfMassFloor_ax1,61,981.131591796875,17,secondary
CentreOfMassFloor_ax1,62,995.8261108398438,17,secondary
CentreOfMassFloor_ax1,63,1010.3048095703125,17,secondary
CentreOfMassFloor_ax1,64,1024.5587158203125,17,secondary
CentreOfMassFloor_ax1,65,1038.660888671875,17,secondary
CentreOfMassFloor_ax1,66,1052.66455078125,17,secondary
CentreOfMassFloor_ax1,67,1060.30859375,17,secondary
CentreOfMassFloor_ax1,68,1045.8814697265625,17,secondary
CentreOfMassFloor_ax1,69,1031.6099853515625,17,secondary
CentreOfMassFloor_ax1,70,1040.1109619140625,17,secondary
CentreOfMassFloor_ax1,71,1052.418701171875,17,secondary
CentreOfMassFloor_ax1,72,1064.6268310546875,17,secondary
CentreOfMassFloor_ax1,73,1076.79248046875,17,secondary
CentreOfMassFloor_ax1,74,1088.86865234375,17,secondary
CentreOfMassFloor_ax1,75,1100.722900390625,17,secondary
CentreOfMassFloor_ax1,76,1112.7762451171875,17,secondary
CentreOfMassFloor_ax1,77,1123.8301086425781,17,secondary
CentreOfMassFloor_ax1,78,1125.0252685546875,17,secondary
CentreOfMassFloor_ax1,79,1138.6268920898438,17,secondary
CentreOfMassFloor_ax1,80,1146.6741333007812,17,secondary
CentreOfMassFloor_ax1,81,1143.8084716796875,17,secondary
CentreOfMassFloor_ax1,82,1140.1412353515625,17,secondary
CentreOfMassFloor_ax1,83,1129.091064453125,17,secondary
CentreOfMassFloor_ax1,84,1121.6304626464844,17,secondary
CentreOfMassFloor_ax1,85,1121.3464965820312,17,secondary
CentreOfMassFloor_ax1,86,1121.0752258300781,17,secondary
CentreOfMassFloor_ax1,87,1131.1429443359375,17,secondary
CentreOfMassFloor_ax1,88,1143.3189697265625,17,secondary
CentreOfMassFloor_ax1,89,1146.7615356445312,17,secondary
CentreOfMassFloor_ax1,90,1146.9296264648438,17,secondary
CentreOfMassFloor_ax1,91,1149.6260986328125,17,secondary
CentreOfMassFloor_ax1,92,1162.427001953125,17,secondary
CentreOfMassFloor_ax1,93,1164.8909912109375,17,secondary
CentreOfMassFloor_ax1,94,1152.0174560546875,17,secondary
CentreOfMassFloor_ax1,95,1139.0323486328125,17,secondary
CentreOfMassFloor_ax1,96,1129.49755859375,17,secondary
CentreOfMassFloor_ax1,97,1141.927490234375,17,secondary
CentreOfMassFloor_ax1,98,1154.3289794921875,17,secondary
CentreOfMassFloor_ax1,99,1166.6353759765625,17,secondary
CentreOfMassFloor_ax1,100,1178.8787841796875,17,secondary
CentreOfMassFloor_ax2,0,287.93516540527344,17,secondary
CentreOfMassFloor_ax2,1,288.1220703125,17,secondary
CentreOfMassFloor_ax2,2,288.0277099609375,17,secondary
CentreOfMassFloor_ax2,3,288.4183654785156,17,secondary
CentreOfMassFloor_ax2,4,289.801025390625,17,secondary
CentreOfMassFloor_ax2,5,289.36163330078125,17,secondary
CentreOfMassFloor_ax2,6,288.74163818359375,17,secondary
CentreOfMassFloor_ax2,7,289.6776428222656,17,secondary
CentreOfMassFloor_ax2,8,290.68809509277344,17,secondary
CentreOfMassFloor_ax2,9,291.76776123046875,17,secondary
CentreOfMassFloor_ax2,10,292.9112243652344,17,secondary
CentreOfMassFloor_ax2,11,294.1151428222656,17,secondary
CentreOfMassFloor_ax2,12,295.3761749267578,17,secondary
CentreOfMassFloor_ax2,13,295.95184326171875,17,secondary
CentreOfMassFloor_ax2,14,296.0497283935547,17,secondary
CentreOfMassFloor_ax2,15,296.13829040527344,17,secondary
CentreOfMassFloor_ax2,16,296.2342834472656,17,secondary
CentreOfMassFloor_ax2,17,296.3224792480469,17,secondary
CentreOfMassFloor_ax2,18,296.75970458984375,17,secondary
CentreOfMassFloor_ax2,19,297.3172912597656,17,secondary
CentreOfMassFloor_ax2,20,296.99766540527344,17,secondary
CentreOfMassFloor_ax2,21,296.20997619628906,17,secondary
CentreOfMassFloor_ax2,22,295.94371032714844,17,secondary
CentreOfMassFloor_ax2,23,296.32090759277344,17,secondary
CentreOfMassFloor_ax2,24,296.43003845214844,17,secondary
CentreOfMassFloor_ax2,25,296.40802001953125,17,secondary
CentreOfMassFloor_ax2,26,296.31040954589844,17,secondary
CentreOfMassFloor_ax2,27,296.18931579589844,17,secondary
CentreOfMassFloor_ax2,28,296.0259246826172,17,secondary
CentreOfMassFloor_ax2,29,295.8064727783203,17,secondary
CentreOfMassFloor_ax2,30,295.52503967285156,17,secondary
CentreOfMassFloor_ax2,31,295.1824188232422,17,secondary
CentreOfMassFloor_ax2,32,294.78489685058594,17,secondary
CentreOfMassFloor_ax2,33,294.3426055908203,17,secondary
CentreOfMassFloor_ax2,34,294.0711364746094,17,secondary
CentreOfMassFloor_ax2,35,293.7942352294922,17,secondary
CentreOfMassFloor_ax2,36,293.48744201660156,17,secondary
CentreOfMassFloor_ax2,37,293.15562438964844,17,secondary
CentreOfMassFloor_ax2,38,292.8030242919922,17,secondary
CentreOfMassFloor_ax2,39,292.4327850341797,17,secondary
CentreOfMassFloor_ax2,40,292.33860778808594,17,secondary
CentreOfMassFloor_ax2,41,292.4358367919922,17,secondary
CentreOfMassFloor_ax2,42,292.5304260253906,17,secondary
CentreOfMassFloor_ax2,43,292.6223907470703,17,secondary
CentreOfMassFloor_ax2,44,292.71156311035156,17,secondary
CentreOfMassFloor_ax2,45,292.80311584472656,17,secondary
CentreOfMassFloor_ax2,46,292.89891052246094,17,secondary
CentreOfMassFloor_ax2,47,292.9990997314453,17,secondary
CentreOfMassFloor_ax2,48,293.1020965576172,17,secondary
CentreOfMassFloor_ax2,49,293.9915466308594,17,secondary
CentreOfMassFloor_ax2,50,295.0334167480469,17,secondary
CentreOfMassFloor_ax2,51,296.21588134765625,17,secondary
CentreOfMassFloor_ax2,52,296.8306884765625,17,secondary
CentreOfMassFloor_ax2,53,296.82293701171875,17,secondary
CentreOfMassFloor_ax2,54,298.14251708984375,17,secondary
CentreOfMassFloor_ax2,55,299.0016632080078,17,secondary
CentreOfMassFloor_ax2,56,299.3846740722656,17,secondary
CentreOfMassFloor_ax2,57,299.77984619140625,17,secondary
CentreOfMassFloor_ax2,58,300.18939208984375,17,secondary
CentreOfMassFloor_ax2,59,300.2502746582031,17,secondary
CentreOfMassFloor_ax2,60,299.4836120605469,17,secondary
CentreOfMassFloor_ax2,61,301.47119140625,17,secondary
CentreOfMassFloor_ax2,62,302.8675537109375,17,secondary
CentreOfMassFloor_ax2,63,302.6383972167969,17,secondary
CentreOfMassFloor_ax2,64,301.7259826660156,17,secondary
CentreOfMassFloor_ax2,65,300.7234191894531,17,secondary
CentreOfMassFloor_ax2,66,302.3995056152344,17,secondary
CentreOfMassFloor_ax2,67,302.8118896484375,17,secondary
CentreOfMassFloor_ax2,68,301.4293518066406,17,secondary
CentreOfMassFloor_ax2,69,302.0193176269531,17,secondary
CentreOfMassFloor_ax2,70,302.2303161621094,17,secondary
CentreOfMassFloor_ax2,71,301.9373779296875,17,secondary
CentreOfMassFloor_ax2,72,301.6708984375,17,secondary
CentreOfMassFloor_ax2,73,301.26898193359375,17,secondary
CentreOfMassFloor_ax2,74,300.4017639160156,17,secondary
CentreOfMassFloor_ax2,75,300.1912841796875,17,secondary
CentreOfMassFloor_ax2,76,300.9201354980469,17,secondary
CentreOfMassFloor_ax2,77,300.1181335449219,17,secondary
CentreOfMassFloor_ax2,78,299.743896484375,17,secondary
CentreOfMassFloor_ax2,79,300.5633544921875,17,secondary
CentreOfMassFloor_ax2,80,301.3698425292969,17,secondary
CentreOfMassFloor_ax2,81,302.1617126464844,17,secondary
CentreOfMassFloor_ax2,82,302.9055480957031,17,secondary
CentreOfMassFloor_ax2,83,303.2503356933594,17,secondary
CentreOfMassFloor_ax2,84,302.9731140136719,17,secondary
CentreOfMassFloor_ax2,85,302.7014465332031,17,secondary
CentreOfMassFloor_ax2,86,302.2774963378906,17,secondary
CentreOfMassFloor_ax2,87,301.9984130859375,17,secondary
CentreOfMassFloor_ax2,88,301.8228454589844,17,secondary
CentreOfMassFloor_ax2,89,301.7275390625,17,secondary
CentreOfMassFloor_ax2,90,301.6756896972656,17,secondary
CentreOfMassFloor_ax2,91,301.747802734375,17,secondary
CentreOfMassFloor_ax2,92,301.9178161621094,17,secondary
CentreOfMassFloor_ax2,93,302.1912841796875,17,secondary
CentreOfMassFloor_ax2,94,302.5667419433594,17,secondary
CentreOfMassFloor_ax2,95,303.0240478515625,17,secondary
CentreOfMassFloor_ax2,96,302.99249267578125,17,secondary
CentreOfMassFloor_ax2,97,301.7158508300781,17,secondary
CentreOfMassFloor_ax2,98,300.99114990234375,17,secondary
CentreOfMassFloor_ax2,99,301.1755065917969,17,secondary
CentreOfMassFloor_ax2,100,301.3392333984375,17,secondary
CentreOfMassFloor_ax3,0,0.0,17,secondary
CentreOfMassFloor_ax3,1,0.0,17,secondary
CentreOfMassFloor_ax3,2,0.0,17,secondary
CentreOfMassFloor_ax3,3,0.0,17,secondary
CentreOfMassFloor_ax3,4,0.0,17,secondary
CentreOfMassFloor_ax3,5,0.0,17,secondary
CentreOfMassFloor_ax3,6,0.0,17,secondary
CentreOfMassFloor_ax3,7,0.0,17,secondary
CentreOfMassFloor_ax3,8,0.0,17,secondary
CentreOfMassFloor_ax3,9,0.0,17,secondary
CentreOfMassFloor_ax3,10,0.0,17,secondary
CentreOfMassFloor_ax3,11,0.0,17,secondary
CentreOfMassFloor_ax3,12,0.0,17,secondary
CentreOfMassFloor_ax3,13,0.0,17,secondary
CentreOfMassFloor_ax3,14,0.0,17,secondary
CentreOfMassFloor_ax3,15,0.0,17,secondary
CentreOfMassFloor_ax3,16,0.0,17,secondary
CentreOfMassFloor_ax3,17,0.0,17,secondary
CentreOfMassFloor_ax3,18,0.0,17,secondary
CentreOfMassFloor_ax3,19,0.0,17,secondary
CentreOfMassFloor_ax3,20,0.0,17,secondary
CentreOfMassFloor_ax3,21,0.0,17,secondary
CentreOfMassFloor_ax3,22,0.0,17,secondary
CentreOfMassFloor_ax3,23,0.0,17,secondary
CentreOfMassFloor_ax3,24,0.0,17,secondary
CentreOfMassFloor_ax3,25,0.0,17,secondary
CentreOfMassFloor_ax3,26,0.0,17,secondary
CentreOfMassFloor_ax3,27,0.0,17,secondary
CentreOfMassFloor_ax3,28,0.0,17,secondary
CentreOfMassFloor_ax3,29,0.0,17,secondary
CentreOfMassFloor_ax3,30,0.0,17,secondary
CentreOfMassFloor_ax3,31,0.0,17,secondary
CentreOfMassFloor_ax3,32,0.0,17,secondary
CentreOfMassFloor_ax3,33,0.0,17,secondary
CentreOfMassFloor_ax3,34,0.0,17,secondary
CentreOfMassFloor_ax3,35,0.0,17,secondary
CentreOfMassFloor_ax3,36,0.0,17,secondary
CentreOfMassFloor_ax3,37,0.0,17,secondary
CentreOfMassFloor_ax3,38,0.0,17,secondary
CentreOfMassFloor_ax3,39,0.0,17,secondary
CentreOfMassFloor_ax3,40,0.0,17,secondary
CentreOfMassFloor_ax3,41,0.0,17,secondary
CentreOfMassFloor_ax3,42,0.0,17,secondary
CentreOfMassFloor_ax3,43,0.0,17,secondary
CentreOfMassFloor_ax3,44,0.0,17,secondary
CentreOfMassFloor_ax3,45,0.0,17,secondary
CentreOfMassFloor_ax3,46,0.0,17,secondary
CentreOfMassFloor_ax3,47,0.0,17,secondary
CentreOfMassFloor_ax3,48,0.0,17,secondary
CentreOfMassFloor_ax3,49,0.0,17,secondary
CentreOfMassFloor_ax3,50,0.0,17,secondary
CentreOfMassFloor_ax3,51,0.0,17,secondary
CentreOfMassFloor_ax3,52,0.0,17,secondary
CentreOfMassFloor_ax3,53,0.0,17,secondary
CentreOfMassFloor_ax3,54,0.0,17,secondary
CentreOfMassFloor_ax3,55,0.0,17,secondary
CentreOfMassFloor_ax3,56,0.0,17,secondary
CentreOfMassFloor_ax3,57,0.0,17,secondary
CentreOfMassFloor_ax3,58,0.0,17,secondary
CentreOfMassFloor_ax3,59,0.0,17,secondary
CentreOfMassFloor_ax3,60,0.0,17,secondary
CentreOfMassFloor_ax3,61,0.0,17,secondary
CentreOfMassFloor_ax3,62,0.0,17,secondary
CentreOfMassFloor_ax3,63,0.0,17,secondary
CentreOfMassFloor_ax3,64,0.0,17,secondary
CentreOfMassFloor_ax3,65,0.0,17,secondary
CentreOfMassFloor_ax3,66,0.0,17,secondary
CentreOfMassFloor_ax3,67,0.0,17,secondary
CentreOfMassFloor_ax3,68,0.0,17,secondary
CentreOfMassFloor_ax3,69,0.0,17,secondary
CentreOfMassFloor_ax3,70,0.0,17,secondary
CentreOfMassFloor_ax3,71,0.0,17,secondary
CentreOfMassFloor_ax3,72,0.0,17,secondary
CentreOfMassFloor_ax3,73,0.0,17,secondary
CentreOfMassFloor_ax3,74,0.0,17,secondary
CentreOfMassFloor_ax3,75,0.0,17,secondary
CentreOfMassFloor_ax3,76,0.0,17,secondary
CentreOfMassFloor_ax3,77,0.0,17,secondary
CentreOfMassFloor_ax3,78,0.0,17,secondary
CentreOfMassFloor_ax3,79,0.0,17,secondary
CentreOfMassFloor_ax3,80,0.0,17,secondary
CentreOfMassFloor_ax3,81,0.0,17,secondary
CentreOfMassFloor_ax3,82,0.0,17,secondary
CentreOfMassFloor_ax3,83,0.0,17,secondary
CentreOfMassFloor_ax3,84,0.0,17,secondary
CentreOfMassFloor_ax3,85,0.0,17,secondary
CentreOfMassFloor_ax3,86,0.0,17,secondary
CentreOfMassFloor_ax3,87,0.0,17,secondary
CentreOfMassFloor_ax3,88,0.0,17,secondary
CentreOfMassFloor_ax3,89,0.0,17,secondary
CentreOfMassFloor_ax3,90,0.0,17,secondary
CentreOfMassFloor_ax3,91,0.0,17,secondary
CentreOfMassFloor_ax3,92,0.0,17,secondary
CentreOfMassFloor_ax3,93,0.0,17,secondary
CentreOfMassFloor_ax3,94,0.0,17,secondary
CentreOfMassFloor_ax3,95,0.0,17,secondary
CentreOfMassFloor_ax3,96,0.0,17,secondary
CentreOfMassFloor_ax3,97,0.0,17,secondary
CentreOfMassFloor_ax3,98,0.0,17,secondary
CentreOfMassFloor_ax3,99,0.0,17,secondary
CentreOfMassFloor_ax3,100,0.0,17,secondary
HipAngles_ax1_LminusR,0,-28.161295890808105,17,primary_asymmetry
HipAngles_ax1_LminusR,1,-27.94451332092285,17,primary_asymmetry
HipAngles_ax1_LminusR,2,-28.870142459869385,17,primary_asymmetry
HipAngles_ax1_LminusR,3,-30.273959636688232,17,primary_asymmetry
HipAngles_ax1_LminusR,4,-30.242900848388672,17,primary_asymmetry
HipAngles_ax1_LminusR,5,-30.688807010650635,17,primary_asymmetry
HipAngles_ax1_LminusR,6,-30.260796546936035,17,primary_asymmetry
HipAngles_ax1_LminusR,7,-30.143226146697998,17,primary_asymmetry
HipAngles_ax1_LminusR,8,-29.887558460235596,17,primary_asymmetry
HipAngles_ax1_LminusR,9,-30.036751747131348,17,primary_asymmetry
HipAngles_ax1_LminusR,10,-28.301411628723145,17,primary_asymmetry
HipAngles_ax1_LminusR,11,-26.6448974609375,17,primary_asymmetry
HipAngles_ax1_LminusR,12,-24.82562255859375,17,primary_asymmetry
HipAngles_ax1_LminusR,13,-22.69713592529297,17,primary_asymmetry
HipAngles_ax1_LminusR,14,-20.286500930786133,17,primary_asymmetry
HipAngles_ax1_LminusR,15,-17.632129669189453,17,primary_asymmetry
HipAngles_ax1_LminusR,16,-14.699867248535156,17,primary_asymmetry
HipAngles_ax1_LminusR,17,-11.485126495361328,17,primary_asymmetry
HipAngles_ax1_LminusR,18,-8.097845077514648,17,primary_asymmetry
HipAngles_ax1_LminusR,19,-4.735709071159363,17,primary_asymmetry
HipAngles_ax1_LminusR,20,-4.6886608600616455,17,primary_asymmetry
HipAngles_ax1_LminusR,21,-4.325382232666016,17,primary_asymmetry
HipAngles_ax1_LminusR,22,-2.293548583984375,17,primary_asymmetry
HipAngles_ax1_LminusR,23,-1.1562881469726562,17,primary_asymmetry
HipAngles_ax1_LminusR,24,-0.6035079956054688,17,primary_asymmetry
HipAngles_ax1_LminusR,25,-1.1928482055664062,17,primary_asymmetry
HipAngles_ax1_LminusR,26,-1.3543195724487305,17,primary_asymmetry
HipAngles_ax1_LminusR,27,-1.1445999145507812,17,primary_asymmetry
HipAngles_ax1_LminusR,28,1.5162220001220703,17,primary_asymmetry
HipAngles_ax1_LminusR,29,2.4726028442382812,17,primary_asymmetry
HipAngles_ax1_LminusR,30,2.6437129974365234,17,primary_asymmetry
HipAngles_ax1_LminusR,31,3.8984031677246094,17,primary_asymmetry
HipAngles_ax1_LminusR,32,6.811321258544922,17,primary_asymmetry
HipAngles_ax1_LminusR,33,9.631874084472656,17,primary_asymmetry
HipAngles_ax1_LminusR,34,12.32894515991211,17,primary_asymmetry
HipAngles_ax1_LminusR,35,14.874856948852539,17,primary_asymmetry
HipAngles_ax1_LminusR,36,17.248146057128906,17,primary_asymmetry
HipAngles_ax1_LminusR,37,19.4357967376709,17,primary_asymmetry
HipAngles_ax1_LminusR,38,20.777393341064453,17,primary_asymmetry
HipAngles_ax1_LminusR,39,21.67497682571411,17,primary_asymmetry
HipAngles_ax1_LminusR,40,22.33957815170288,17,primary_asymmetry
HipAngles_ax1_LminusR,41,22.856872081756592,17,primary_asymmetry
HipAngles_ax1_LminusR,42,23.20583200454712,17,primary_asymmetry
HipAngles_ax1_LminusR,43,23.562777042388916,17,primary_asymmetry
HipAngles_ax1_LminusR,44,23.960490226745605,17,primary_asymmetry
HipAngles_ax1_LminusR,45,24.407898902893066,17,primary_asymmetry
HipAngles_ax1_LminusR,46,24.892935752868652,17,primary_asymmetry
HipAngles_ax1_LminusR,47,25.174094200134277,17,primary_asymmetry
HipAngles_ax1_LminusR,48,25.366860389709473,17,primary_asymmetry
HipAngles_ax1_LminusR,49,25.554064750671387,17,primary_asymmetry
HipAngles_ax1_LminusR,50,25.745673656463623,17,primary_asymmetry
HipAngles_ax1_LminusR,51,25.903095960617065,17,primary_asymmetry
HipAngles_ax1_LminusR,52,26.024097204208374,17,primary_asymmetry
HipAngles_ax1_LminusR,53,26.170350313186646,17,primary_asymmetry
HipAngles_ax1_LminusR,54,26.286272764205933,17,primary_asymmetry
HipAngles_ax1_LminusR,55,26.184372186660767,17,primary_asymmetry
HipAngles_ax1_LminusR,56,25.77131676673889,17,primary_asymmetry
HipAngles_ax1_LminusR,57,25.20928430557251,17,primary_asymmetry
HipAngles_ax1_LminusR,58,24.49326229095459,17,primary_asymmetry
HipAngles_ax1_LminusR,59,23.588993310928345,17,primary_asymmetry
HipAngles_ax1_LminusR,60,22.35620379447937,17,primary_asymmetry
HipAngles_ax1_LminusR,61,20.89271879196167,17,primary_asymmetry
HipAngles_ax1_LminusR,62,19.16291093826294,17,primary_asymmetry
HipAngles_ax1_LminusR,63,17.045193195343018,17,primary_asymmetry
HipAngles_ax1_LminusR,64,14.694855213165283,17,primary_asymmetry
HipAngles_ax1_LminusR,65,12.077863216400146,17,primary_asymmetry
HipAngles_ax1_LminusR,66,9.299674987792969,17,primary_asymmetry
HipAngles_ax1_LminusR,67,6.424878120422363,17,primary_asymmetry
HipAngles_ax1_LminusR,68,4.547717094421387,17,primary_asymmetry
HipAngles_ax1_LminusR,69,3.5959434509277344,17,primary_asymmetry
HipAngles_ax1_LminusR,70,0.3132171630859375,17,primary_asymmetry
HipAngles_ax1_LminusR,71,-0.25311279296875,17,primary_asymmetry
HipAngles_ax1_LminusR,72,-0.22403430938720703,17,primary_asymmetry
HipAngles_ax1_LminusR,73,-0.8351898193359375,17,primary_asymmetry
HipAngles_ax1_LminusR,74,-2.1652488708496094,17,primary_asymmetry
HipAngles_ax1_LminusR,75,-1.767578125,17,primary_asymmetry
HipAngles_ax1_LminusR,76,-1.403289794921875,17,primary_asymmetry
HipAngles_ax1_LminusR,77,-1.8958072662353516,17,primary_asymmetry
HipAngles_ax1_LminusR,78,-5.066307067871094,17,primary_asymmetry
HipAngles_ax1_LminusR,79,-6.932563781738281,17,primary_asymmetry
HipAngles_ax1_LminusR,80,-8.261451721191406,17,primary_asymmetry
HipAngles_ax1_LminusR,81,-11.279561996459961,17,primary_asymmetry
HipAngles_ax1_LminusR,82,-14.300575256347656,17,primary_asymmetry
HipAngles_ax1_LminusR,83,-17.144710540771484,17,primary_asymmetry
HipAngles_ax1_LminusR,84,-18.1805477142334,17,primary_asymmetry
HipAngles_ax1_LminusR,85,-17.545734405517578,17,primary_asymmetry
HipAngles_ax1_LminusR,86,-16.695537567138672,17,primary_asymmetry
HipAngles_ax1_LminusR,87,-15.750774383544922,17,primary_asymmetry
HipAngles_ax1_LminusR,88,-14.762088775634766,17,primary_asymmetry
HipAngles_ax1_LminusR,89,-13.741416931152344,17,primary_asymmetry
HipAngles_ax1_LminusR,90,-12.681514739990234,17,primary_asymmetry
HipAngles_ax1_LminusR,91,-11.474346160888672,17,primary_asymmetry
HipAngles_ax1_LminusR,92,-10.294517517089844,17,primary_asymmetry
HipAngles_ax1_LminusR,93,-9.162601470947266,17,primary_asymmetry
HipAngles_ax1_LminusR,94,-8.009380340576172,17,primary_asymmetry
HipAngles_ax1_LminusR,95,-6.8363494873046875,17,primary_asymmetry
HipAngles_ax1_LminusR,96,-5.784996032714844,17,primary_asymmetry
HipAngles_ax1_LminusR,97,-4.918422698974609,17,primary_asymmetry
HipAngles_ax1_LminusR,98,-4.202587127685547,17,primary_asymmetry
HipAngles_ax1_LminusR,99,-3.6606979370117188,17,primary_asymmetry
HipAngles_ax1_LminusR,100,-3.451313018798828,17,primary_asymmetry
HipAngles_ax1_absLminusR,0,39.89609554409981,17,primary_asymmetry
HipAngles_ax1_absLminusR,1,40.16073000431061,17,primary_asymmetry
HipAngles_ax1_absLminusR,2,40.68611387349665,17,primary_asymmetry
HipAngles_ax1_absLminusR,3,41.02696195244789,17,primary_asymmetry
HipAngles_ax1_absLminusR,4,41.15616583824158,17,primary_asymmetry
HipAngles_ax1_absLminusR,5,41.06936910748482,17,primary_asymmetry
HipAngles_ax1_absLminusR,6,40.78240662813187,17,primary_asymmetry
HipAngles_ax1_absLminusR,7,40.31970226764679,17,primary_asymmetry
HipAngles_ax1_absLminusR,8,39.87581932544708,17,primary_asymmetry
HipAngles_ax1_absLminusR,9,38.94488596916199,17,primary_asymmetry
HipAngles_ax1_absLminusR,10,38.069385170936584,17,primary_asymmetry
HipAngles_ax1_absLminusR,11,36.79789191484451,17,primary_asymmetry
HipAngles_ax1_absLminusR,12,35.609503507614136,17,primary_asymmetry
HipAngles_ax1_absLminusR,13,33.603734254837036,17,primary_asymmetry
HipAngles_ax1_absLminusR,14,30.951746225357056,17,primary_asymmetry
HipAngles_ax1_absLminusR,15,28.084673166275024,17,primary_asymmetry
HipAngles_ax1_absLminusR,16,25.138843178749084,17,primary_asymmetry
HipAngles_ax1_absLminusR,17,22.150980949401855,17,primary_asymmetry
HipAngles_ax1_absLminusR,18,19.13798189163208,17,primary_asymmetry
HipAngles_ax1_absLminusR,19,15.843013763427734,17,primary_asymmetry
HipAngles_ax1_absLminusR,20,12.23463249206543,17,primary_asymmetry
HipAngles_ax1_absLminusR,21,8.495468139648438,17,primary_asymmetry
HipAngles_ax1_absLminusR,22,4.808624267578125,17,primary_asymmetry
HipAngles_ax1_absLminusR,23,3.6375503540039062,17,primary_asymmetry
HipAngles_ax1_absLminusR,24,2.168478012084961,17,primary_asymmetry
HipAngles_ax1_absLminusR,25,1.1928482055664062,17,primary_asymmetry
HipAngles_ax1_absLminusR,26,1.9938220977783203,17,primary_asymmetry
HipAngles_ax1_absLminusR,27,2.5847320556640625,17,primary_asymmetry
HipAngles_ax1_absLminusR,28,4.389087677001953,17,primary_asymmetry
HipAngles_ax1_absLminusR,29,7.218799591064453,17,primary_asymmetry
HipAngles_ax1_absLminusR,30,10.440835952758789,17,primary_asymmetry
HipAngles_ax1_absLminusR,31,13.769148826599121,17,primary_asymmetry
HipAngles_ax1_absLminusR,32,16.97873020172119,17,primary_asymmetry
HipAngles_ax1_absLminusR,33,19.0133056640625,17,primary_asymmetry
HipAngles_ax1_absLminusR,34,20.588241577148438,17,primary_asymmetry
HipAngles_ax1_absLminusR,35,21.999780654907227,17,primary_asymmetry
HipAngles_ax1_absLminusR,36,23.49586296081543,17,primary_asymmetry
HipAngles_ax1_absLminusR,37,24.649362564086914,17,primary_asymmetry
HipAngles_ax1_absLminusR,38,25.901390075683594,17,primary_asymmetry
HipAngles_ax1_absLminusR,39,26.8426570892334,17,primary_asymmetry
HipAngles_ax1_absLminusR,40,28.006757736206055,17,primary_asymmetry
HipAngles_ax1_absLminusR,41,29.051246643066406,17,primary_asymmetry
HipAngles_ax1_absLminusR,42,29.991147994995117,17,primary_asymmetry
HipAngles_ax1_absLminusR,43,30.156166076660156,17,primary_asymmetry
HipAngles_ax1_absLminusR,44,30.95442008972168,17,primary_asymmetry
HipAngles_ax1_absLminusR,45,32.10094499588013,17,primary_asymmetry
HipAngles_ax1_absLminusR,46,33.143370389938354,17,primary_asymmetry
HipAngles_ax1_absLminusR,47,33.73241901397705,17,primary_asymmetry
HipAngles_ax1_absLminusR,48,34.15380573272705,17,primary_asymmetry
HipAngles_ax1_absLminusR,49,34.56339359283447,17,primary_asymmetry
HipAngles_ax1_absLminusR,50,34.92235469818115,17,primary_asymmetry
HipAngles_ax1_absLminusR,51,35.607643127441406,17,primary_asymmetry
HipAngles_ax1_absLminusR,52,35.96748924255371,17,primary_asymmetry
HipAngles_ax1_absLminusR,53,36.144012451171875,17,primary_asymmetry
HipAngles_ax1_absLminusR,54,36.40328502655029,17,primary_asymmetry
HipAngles_ax1_absLminusR,55,36.401641845703125,17,primary_asymmetry
HipAngles_ax1_absLminusR,56,35.98316287994385,17,primary_asymmetry
HipAngles_ax1_absLminusR,57,35.421502113342285,17,primary_asymmetry
HipAngles_ax1_absLminusR,58,34.764923095703125,17,primary_asymmetry
HipAngles_ax1_absLminusR,59,34.038790702819824,17,primary_asymmetry
HipAngles_ax1_absLminusR,60,33.17211723327637,17,primary_asymmetry
HipAngles_ax1_absLminusR,61,31.989286422729492,17,primary_asymmetry
HipAngles_ax1_absLminusR,62,30.44740104675293,17,primary_asymmetry
HipAngles_ax1_absLminusR,63,28.768478393554688,17,primary_asymmetry
HipAngles_ax1_absLminusR,64,26.92484474182129,17,primary_asymmetry
HipAngles_ax1_absLminusR,65,24.80909538269043,17,primary_asymmetry
HipAngles_ax1_absLminusR,66,21.79076099395752,17,primary_asymmetry
HipAngles_ax1_absLminusR,67,18.4731502532959,17,primary_asymmetry
HipAngles_ax1_absLminusR,68,15.356326580047607,17,primary_asymmetry
HipAngles_ax1_absLminusR,69,12.15577507019043,17,primary_asymmetry
HipAngles_ax1_absLminusR,70,8.935484886169434,17,primary_asymmetry
HipAngles_ax1_absLminusR,71,5.72330379486084,17,primary_asymmetry
HipAngles_ax1_absLminusR,72,3.044647216796875,17,primary_asymmetry
HipAngles_ax1_absLminusR,73,1.6331462860107422,17,primary_asymmetry
HipAngles_ax1_absLminusR,74,2.64532470703125,17,primary_asymmetry
HipAngles_ax1_absLminusR,75,1.9137115478515625,17,primary_asymmetry
HipAngles_ax1_absLminusR,76,2.4616012573242188,17,primary_asymmetry
HipAngles_ax1_absLminusR,77,3.7219314575195312,17,primary_asymmetry
HipAngles_ax1_absLminusR,78,6.5561065673828125,17,primary_asymmetry
HipAngles_ax1_absLminusR,79,9.390644073486328,17,primary_asymmetry
HipAngles_ax1_absLminusR,80,12.137813568115234,17,primary_asymmetry
HipAngles_ax1_absLminusR,81,14.748523712158203,17,primary_asymmetry
HipAngles_ax1_absLminusR,82,17.293195724487305,17,primary_asymmetry
HipAngles_ax1_absLminusR,83,19.255295753479004,17,primary_asymmetry
HipAngles_ax1_absLminusR,84,21.60289478302002,17,primary_asymmetry
HipAngles_ax1_absLminusR,85,23.472002029418945,17,primary_asymmetry
HipAngles_ax1_absLminusR,86,25.419851303100586,17,primary_asymmetry
HipAngles_ax1_absLminusR,87,27.025975227355957,17,primary_asymmetry
HipAngles_ax1_absLminusR,88,28.51416778564453,17,primary_asymmetry
HipAngles_ax1_absLminusR,89,29.864712715148926,17,primary_asymmetry
HipAngles_ax1_absLminusR,90,30.900446891784668,17,primary_asymmetry
HipAngles_ax1_absLminusR,91,31.824594497680664,17,primary_asymmetry
HipAngles_ax1_absLminusR,92,32.83738899230957,17,primary_asymmetry
HipAngles_ax1_absLminusR,93,33.61589586734772,17,primary_asymmetry
HipAngles_ax1_absLminusR,94,34.200414419174194,17,primary_asymmetry
HipAngles_ax1_absLminusR,95,34.69016695022583,17,primary_asymmetry
HipAngles_ax1_absLminusR,96,34.93623113632202,17,primary_asymmetry
HipAngles_ax1_absLminusR,97,34.90522599220276,17,primary_asymmetry
HipAngles_ax1_absLminusR,98,34.79435086250305,17,primary_asymmetry
HipAngles_ax1_absLminusR,99,35.07574677467346,17,primary_asymmetry
HipAngles_ax1_absLminusR,100,35.84182155132294,17,primary_asymmetry
KneeAngles_ax1_LminusR,0,-1.2676143646240234,17,primary_asymmetry
KneeAngles_ax1_LminusR,1,-1.7670154571533203,17,primary_asymmetry
KneeAngles_ax1_LminusR,2,-1.505828857421875,17,primary_asymmetry
KneeAngles_ax1_LminusR,3,-1.4667253494262695,17,primary_asymmetry
KneeAngles_ax1_LminusR,4,-1.2640647888183594,17,primary_asymmetry
KneeAngles_ax1_LminusR,5,-1.3215246200561523,17,primary_asymmetry
KneeAngles_ax1_LminusR,6,-1.407212257385254,17,primary_asymmetry
KneeAngles_ax1_LminusR,7,-1.2574539184570312,17,primary_asymmetry
KneeAngles_ax1_LminusR,8,-0.7016754150390625,17,primary_asymmetry
KneeAngles_ax1_LminusR,9,-0.7503452301025391,17,primary_asymmetry
KneeAngles_ax1_LminusR,10,-1.6533098220825195,17,primary_asymmetry
KneeAngles_ax1_LminusR,11,-1.2786064147949219,17,primary_asymmetry
KneeAngles_ax1_LminusR,12,-0.4938678741455078,17,primary_asymmetry
KneeAngles_ax1_LminusR,13,1.7625102996826172,17,primary_asymmetry
KneeAngles_ax1_LminusR,14,3.9790611267089844,17,primary_asymmetry
KneeAngles_ax1_LminusR,15,4.7345170974731445,17,primary_asymmetry
KneeAngles_ax1_LminusR,16,6.663050651550293,17,primary_asymmetry
KneeAngles_ax1_LminusR,17,10.010200500488281,17,primary_asymmetry
KneeAngles_ax1_LminusR,18,12.847602844238281,17,primary_asymmetry
KneeAngles_ax1_LminusR,19,16.082721710205078,17,primary_asymmetry
KneeAngles_ax1_LminusR,20,19.5772762298584,17,primary_asymmetry
KneeAngles_ax1_LminusR,21,23.161821365356445,17,primary_asymmetry
KneeAngles_ax1_LminusR,22,26.679555892944336,17,primary_asymmetry
KneeAngles_ax1_LminusR,23,30.010461807250977,17,primary_asymmetry
KneeAngles_ax1_LminusR,24,32.762685775756836,17,primary_asymmetry
KneeAngles_ax1_LminusR,25,33.60379886627197,17,primary_asymmetry
KneeAngles_ax1_LminusR,26,34.22179698944092,17,primary_asymmetry
KneeAngles_ax1_LminusR,27,34.64167499542236,17,primary_asymmetry
KneeAngles_ax1_LminusR,28,34.757808685302734,17,primary_asymmetry
KneeAngles_ax1_LminusR,29,34.47118282318115,17,primary_asymmetry
KneeAngles_ax1_LminusR,30,33.919793128967285,17,primary_asymmetry
KneeAngles_ax1_LminusR,31,33.022536277770996,17,primary_asymmetry
KneeAngles_ax1_LminusR,32,31.55032444000244,17,primary_asymmetry
KneeAngles_ax1_LminusR,33,29.320063591003418,17,primary_asymmetry
KneeAngles_ax1_LminusR,34,26.738054275512695,17,primary_asymmetry
KneeAngles_ax1_LminusR,35,23.86324977874756,17,primary_asymmetry
KneeAngles_ax1_LminusR,36,20.71845817565918,17,primary_asymmetry
KneeAngles_ax1_LminusR,37,17.294821739196777,17,primary_asymmetry
KneeAngles_ax1_LminusR,38,13.677559852600098,17,primary_asymmetry
KneeAngles_ax1_LminusR,39,9.793591499328613,17,primary_asymmetry
KneeAngles_ax1_LminusR,40,7.333202362060547,17,primary_asymmetry
KneeAngles_ax1_LminusR,41,3.6748886108398438,17,primary_asymmetry
KneeAngles_ax1_LminusR,42,0.08400344848632812,17,primary_asymmetry
KneeAngles_ax1_LminusR,43,-1.1754350662231445,17,primary_asymmetry
KneeAngles_ax1_LminusR,44,-1.1670989990234375,17,primary_asymmetry
KneeAngles_ax1_LminusR,45,-1.3458003997802734,17,primary_asymmetry
KneeAngles_ax1_LminusR,46,-1.535585880279541,17,primary_asymmetry
KneeAngles_ax1_LminusR,47,-1.6835289001464844,17,primary_asymmetry
KneeAngles_ax1_LminusR,48,-1.3697023391723633,17,primary_asymmetry
KneeAngles_ax1_LminusR,49,-1.9599543809890747,17,primary_asymmetry
KneeAngles_ax1_LminusR,50,-2.8957366943359375,17,primary_asymmetry
KneeAngles_ax1_LminusR,51,-3.4405648708343506,17,primary_asymmetry
KneeAngles_ax1_LminusR,52,-4.1027292013168335,17,primary_asymmetry
KneeAngles_ax1_LminusR,53,-3.520472526550293,17,primary_asymmetry
KneeAngles_ax1_LminusR,54,-3.769397735595703,17,primary_asymmetry
KneeAngles_ax1_LminusR,55,-3.5761728286743164,17,primary_asymmetry
KneeAngles_ax1_LminusR,56,-3.527681350708008,17,primary_asymmetry
KneeAngles_ax1_LminusR,57,-3.660451889038086,17,primary_asymmetry
KneeAngles_ax1_LminusR,58,-2.653095245361328,17,primary_asymmetry
KneeAngles_ax1_LminusR,59,-2.046529769897461,17,primary_asymmetry
KneeAngles_ax1_LminusR,60,-1.2689990997314453,17,primary_asymmetry
KneeAngles_ax1_LminusR,61,-0.8205318450927734,17,primary_asymmetry
KneeAngles_ax1_LminusR,62,-1.8218307495117188,17,primary_asymmetry
KneeAngles_ax1_LminusR,63,-3.6889820098876953,17,primary_asymmetry
KneeAngles_ax1_LminusR,64,-6.904701232910156,17,primary_asymmetry
KneeAngles_ax1_LminusR,65,-9.421655654907227,17,primary_asymmetry
KneeAngles_ax1_LminusR,66,-13.905887603759766,17,primary_asymmetry
KneeAngles_ax1_LminusR,67,-17.341873168945312,17,primary_asymmetry
KneeAngles_ax1_LminusR,68,-20.4854793548584,17,primary_asymmetry
KneeAngles_ax1_LminusR,69,-23.612905502319336,17,primary_asymmetry
KneeAngles_ax1_LminusR,70,-26.776702880859375,17,primary_asymmetry
KneeAngles_ax1_LminusR,71,-29.949312210083008,17,primary_asymmetry
KneeAngles_ax1_LminusR,72,-33.0591983795166,17,primary_asymmetry
KneeAngles_ax1_LminusR,73,-35.958003997802734,17,primary_asymmetry
KneeAngles_ax1_LminusR,74,-38.537424087524414,17,primary_asymmetry
KneeAngles_ax1_LminusR,75,-40.74952507019043,17,primary_asymmetry
KneeAngles_ax1_LminusR,76,-42.33695411682129,17,primary_asymmetry
KneeAngles_ax1_LminusR,77,-43.03264236450195,17,primary_asymmetry
KneeAngles_ax1_LminusR,78,-43.406877517700195,17,primary_asymmetry
KneeAngles_ax1_LminusR,79,-42.82395362854004,17,primary_asymmetry
KneeAngles_ax1_LminusR,80,-41.19259071350098,17,primary_asymmetry
KneeAngles_ax1_LminusR,81,-38.449167251586914,17,primary_asymmetry
KneeAngles_ax1_LminusR,82,-35.05327606201172,17,primary_asymmetry
KneeAngles_ax1_LminusR,83,-31.10912322998047,17,primary_asymmetry
KneeAngles_ax1_LminusR,84,-26.463144302368164,17,primary_asymmetry
KneeAngles_ax1_LminusR,85,-21.350311279296875,17,primary_asymmetry
KneeAngles_ax1_LminusR,86,-15.66802978515625,17,primary_asymmetry
KneeAngles_ax1_LminusR,87,-9.560894012451172,17,primary_asymmetry
KneeAngles_ax1_LminusR,88,-5.466917037963867,17,primary_asymmetry
KneeAngles_ax1_LminusR,89,-5.707179546356201,17,primary_asymmetry
KneeAngles_ax1_LminusR,90,-5.693596601486206,17,primary_asymmetry
KneeAngles_ax1_LminusR,91,-5.209937572479248,17,primary_asymmetry
KneeAngles_ax1_LminusR,92,-4.483274698257446,17,primary_asymmetry
KneeAngles_ax1_LminusR,93,-4.014970779418945,17,primary_asymmetry
KneeAngles_ax1_LminusR,94,-2.3909473419189453,17,primary_asymmetry
KneeAngles_ax1_LminusR,95,-1.5973587036132812,17,primary_asymmetry
KneeAngles_ax1_LminusR,96,-0.9434814453125,17,primary_asymmetry
KneeAngles_ax1_LminusR,97,-0.8286771774291992,17,primary_asymmetry
KneeAngles_ax1_LminusR,98,-1.347334861755371,17,primary_asymmetry
KneeAngles_ax1_LminusR,99,-1.072617530822754,17,primary_asymmetry
KneeAngles_ax1_LminusR,100,-0.8416962623596191,17,primary_asymmetry
KneeAngles_ax1_absLminusR,0,2.296715259552002,17,primary_asymmetry
KneeAngles_ax1_absLminusR,1,2.4377102851867676,17,primary_asymmetry
KneeAngles_ax1_absLminusR,2,2.904176712036133,17,primary_asymmetry
KneeAngles_ax1_absLminusR,3,2.4693527221679688,17,primary_asymmetry
KneeAngles_ax1_absLminusR,4,2.4261789321899414,17,primary_asymmetry
KneeAngles_ax1_absLminusR,5,2.283885955810547,17,primary_asymmetry
KneeAngles_ax1_absLminusR,6,2.228578567504883,17,primary_asymmetry
KneeAngles_ax1_absLminusR,7,3.4775094985961914,17,primary_asymmetry
KneeAngles_ax1_absLminusR,8,3.330120086669922,17,primary_asymmetry
KneeAngles_ax1_absLminusR,9,3.7265729904174805,17,primary_asymmetry
KneeAngles_ax1_absLminusR,10,3.8467578887939453,17,primary_asymmetry
KneeAngles_ax1_absLminusR,11,3.7955474853515625,17,primary_asymmetry
KneeAngles_ax1_absLminusR,12,4.376473426818848,17,primary_asymmetry
KneeAngles_ax1_absLminusR,13,6.295880317687988,17,primary_asymmetry
KneeAngles_ax1_absLminusR,14,9.140701293945312,17,primary_asymmetry
KneeAngles_ax1_absLminusR,15,12.421636581420898,17,primary_asymmetry
KneeAngles_ax1_absLminusR,16,15.860685348510742,17,primary_asymmetry
KneeAngles_ax1_absLminusR,17,19.419204711914062,17,primary_asymmetry
KneeAngles_ax1_absLminusR,18,23.1290340423584,17,primary_asymmetry
KneeAngles_ax1_absLminusR,19,26.969892501831055,17,primary_asymmetry
KneeAngles_ax1_absLminusR,20,31.097293853759766,17,primary_asymmetry
KneeAngles_ax1_absLminusR,21,34.5543270111084,17,primary_asymmetry
KneeAngles_ax1_absLminusR,22,36.726985931396484,17,primary_asymmetry
KneeAngles_ax1_absLminusR,23,38.18077278137207,17,primary_asymmetry
KneeAngles_ax1_absLminusR,24,40.023468017578125,17,primary_asymmetry
KneeAngles_ax1_absLminusR,25,41.52569580078125,17,primary_asymmetry
KneeAngles_ax1_absLminusR,26,42.69493293762207,17,primary_asymmetry
KneeAngles_ax1_absLminusR,27,43.49654769897461,17,primary_asymmetry
KneeAngles_ax1_absLminusR,28,43.82149696350098,17,primary_asymmetry
KneeAngles_ax1_absLminusR,29,43.62544631958008,17,primary_asymmetry
KneeAngles_ax1_absLminusR,30,43.07990074157715,17,primary_asymmetry
KneeAngles_ax1_absLminusR,31,42.54247856140137,17,primary_asymmetry
KneeAngles_ax1_absLminusR,32,40.70028877258301,17,primary_asymmetry
KneeAngles_ax1_absLminusR,33,38.5490779876709,17,primary_asymmetry
KneeAngles_ax1_absLminusR,34,36.08286094665527,17,primary_asymmetry
KneeAngles_ax1_absLminusR,35,33.67724609375,17,primary_asymmetry
KneeAngles_ax1_absLminusR,36,30.85998249053955,17,primary_asymmetry
KneeAngles_ax1_absLminusR,37,27.750242233276367,17,primary_asymmetry
KneeAngles_ax1_absLminusR,38,24.40053367614746,17,primary_asymmetry
KneeAngles_ax1_absLminusR,39,20.837849617004395,17,primary_asymmetry
KneeAngles_ax1_absLminusR,40,17.151442527770996,17,primary_asymmetry
KneeAngles_ax1_absLminusR,41,12.725418090820312,17,primary_asymmetry
KneeAngles_ax1_absLminusR,42,8.296301484107971,17,primary_asymmetry
KneeAngles_ax1_absLminusR,43,5.557208061218262,17,primary_asymmetry
KneeAngles_ax1_absLminusR,44,3.909566879272461,17,primary_asymmetry
KneeAngles_ax1_absLminusR,45,2.0108728408813477,17,primary_asymmetry
KneeAngles_ax1_absLminusR,46,1.882722020149231,17,primary_asymmetry
KneeAngles_ax1_absLminusR,47,1.7443256378173828,17,primary_asymmetry
KneeAngles_ax1_absLminusR,48,2.1584272384643555,17,primary_asymmetry
KneeAngles_ax1_absLminusR,49,3.5913219451904297,17,primary_asymmetry
KneeAngles_ax1_absLminusR,50,4.199287414550781,17,primary_asymmetry
KneeAngles_ax1_absLminusR,51,4.564143180847168,17,primary_asymmetry
KneeAngles_ax1_absLminusR,52,4.695976734161377,17,primary_asymmetry
KneeAngles_ax1_absLminusR,53,4.402117729187012,17,primary_asymmetry
KneeAngles_ax1_absLminusR,54,4.050215721130371,17,primary_asymmetry
KneeAngles_ax1_absLminusR,55,3.9331130981445312,17,primary_asymmetry
KneeAngles_ax1_absLminusR,56,4.12507438659668,17,primary_asymmetry
KneeAngles_ax1_absLminusR,57,4.55948281288147,17,primary_asymmetry
KneeAngles_ax1_absLminusR,58,5.018470764160156,17,primary_asymmetry
KneeAngles_ax1_absLminusR,59,5.5604095458984375,17,primary_asymmetry
KneeAngles_ax1_absLminusR,60,5.971992492675781,17,primary_asymmetry
KneeAngles_ax1_absLminusR,61,6.711568832397461,17,primary_asymmetry
KneeAngles_ax1_absLminusR,62,8.276147842407227,17,primary_asymmetry
KneeAngles_ax1_absLminusR,63,9.218986511230469,17,primary_asymmetry
KneeAngles_ax1_absLminusR,64,10.689029693603516,17,primary_asymmetry
KneeAngles_ax1_absLminusR,65,13.525491714477539,17,primary_asymmetry
KneeAngles_ax1_absLminusR,66,17.108341217041016,17,primary_asymmetry
KneeAngles_ax1_absLminusR,67,21.125635147094727,17,primary_asymmetry
KneeAngles_ax1_absLminusR,68,25.131481170654297,17,primary_asymmetry
KneeAngles_ax1_absLminusR,69,28.769775390625,17,primary_asymmetry
KneeAngles_ax1_absLminusR,70,32.771806716918945,17,primary_asymmetry
KneeAngles_ax1_absLminusR,71,35.95186805725098,17,primary_asymmetry
KneeAngles_ax1_absLminusR,72,38.00061798095703,17,primary_asymmetry
KneeAngles_ax1_absLminusR,73,40.37331008911133,17,primary_asymmetry
KneeAngles_ax1_absLminusR,74,42.13422393798828,17,primary_asymmetry
KneeAngles_ax1_absLminusR,75,43.287588119506836,17,primary_asymmetry
KneeAngles_ax1_absLminusR,76,44.016366958618164,17,primary_asymmetry
KneeAngles_ax1_absLminusR,77,45.019710540771484,17,primary_asymmetry
KneeAngles_ax1_absLminusR,78,45.73961162567139,17,primary_asymmetry
KneeAngles_ax1_absLminusR,79,45.72761535644531,17,primary_asymmetry
KneeAngles_ax1_absLminusR,80,44.01983642578125,17,primary_asymmetry
KneeAngles_ax1_absLminusR,81,42.91330146789551,17,primary_asymmetry
KneeAngles_ax1_absLminusR,82,41.99742126464844,17,primary_asymmetry
KneeAngles_ax1_absLminusR,83,40.5451021194458,17,primary_asymmetry
KneeAngles_ax1_absLminusR,84,38.42086410522461,17,primary_asymmetry
KneeAngles_ax1_absLminusR,85,36.05020999908447,17,primary_asymmetry
KneeAngles_ax1_absLminusR,86,33.460737228393555,17,primary_asymmetry
KneeAngles_ax1_absLminusR,87,30.566078186035156,17,primary_asymmetry
KneeAngles_ax1_absLminusR,88,27.393585205078125,17,primary_asymmetry
KneeAngles_ax1_absLminusR,89,24.13879919052124,17,primary_asymmetry
KneeAngles_ax1_absLminusR,90,20.484661102294922,17,primary_asymmetry
KneeAngles_ax1_absLminusR,91,16.584938049316406,17,primary_asymmetry
KneeAngles_ax1_absLminusR,92,13.431005477905273,17,primary_asymmetry
KneeAngles_ax1_absLminusR,93,8.315969467163086,17,primary_asymmetry
KneeAngles_ax1_absLminusR,94,5.059528708457947,17,primary_asymmetry
KneeAngles_ax1_absLminusR,95,2.759641647338867,17,primary_asymmetry
KneeAngles_ax1_absLminusR,96,2.264242172241211,17,primary_asymmetry
KneeAngles_ax1_absLminusR,97,1.403228759765625,17,primary_asymmetry
KneeAngles_ax1_absLminusR,98,2.7889561653137207,17,primary_asymmetry
KneeAngles_ax1_absLminusR,99,2.3269405364990234,17,primary_asymmetry
KneeAngles_ax1_absLminusR,100,2.045175552368164,17,primary_asymmetry
AnkleAngles_ax1_LminusR,0,-0.0498347282409668,17,primary_asymmetry
AnkleAngles_ax1_LminusR,1,-0.1906294822692871,17,primary_asymmetry
AnkleAngles_ax1_LminusR,2,-0.23747730255126953,17,primary_asymmetry
AnkleAngles_ax1_LminusR,3,-0.3621664047241211,17,primary_asymmetry
AnkleAngles_ax1_LminusR,4,-0.6485252380371094,17,primary_asymmetry
AnkleAngles_ax1_LminusR,5,-0.2769341468811035,17,primary_asymmetry
AnkleAngles_ax1_LminusR,6,0.49027156829833984,17,primary_asymmetry
AnkleAngles_ax1_LminusR,7,1.0404086112976074,17,primary_asymmetry
AnkleAngles_ax1_LminusR,8,0.5896468162536621,17,primary_asymmetry
AnkleAngles_ax1_LminusR,9,-0.8777043670415878,17,primary_asymmetry
AnkleAngles_ax1_LminusR,10,0.281430721282959,17,primary_asymmetry
AnkleAngles_ax1_LminusR,11,0.004700183868408203,17,primary_asymmetry
AnkleAngles_ax1_LminusR,12,-0.01185595989227295,17,primary_asymmetry
AnkleAngles_ax1_LminusR,13,1.2681283950805664,17,primary_asymmetry
AnkleAngles_ax1_LminusR,14,1.7047814950346947,17,primary_asymmetry
AnkleAngles_ax1_LminusR,15,0.21692132949829102,17,primary_asymmetry
AnkleAngles_ax1_LminusR,16,-4.708014726638794,17,primary_asymmetry
AnkleAngles_ax1_LminusR,17,-7.146095469594002,17,primary_asymmetry
AnkleAngles_ax1_LminusR,18,-7.197146415710449,17,primary_asymmetry
AnkleAngles_ax1_LminusR,19,-6.218085765838623,17,primary_asymmetry
AnkleAngles_ax1_LminusR,20,-5.401258707046509,17,primary_asymmetry
AnkleAngles_ax1_LminusR,21,-5.418064832687378,17,primary_asymmetry
AnkleAngles_ax1_LminusR,22,-5.155615329742432,17,primary_asymmetry
AnkleAngles_ax1_LminusR,23,-4.263503789901733,17,primary_asymmetry
AnkleAngles_ax1_LminusR,24,-3.538081645965576,17,primary_asymmetry
AnkleAngles_ax1_LminusR,25,-3.158566474914551,17,primary_asymmetry
AnkleAngles_ax1_LminusR,26,-2.412485122680664,17,primary_asymmetry
AnkleAngles_ax1_LminusR,27,-1.879384994506836,17,primary_asymmetry
AnkleAngles_ax1_LminusR,28,-1.6352100372314453,17,primary_asymmetry
AnkleAngles_ax1_LminusR,29,-1.492262840270996,17,primary_asymmetry
AnkleAngles_ax1_LminusR,30,-1.216756820678711,17,primary_asymmetry
AnkleAngles_ax1_LminusR,31,-0.726839542388916,17,primary_asymmetry
AnkleAngles_ax1_LminusR,32,-0.5022134780883789,17,primary_asymmetry
AnkleAngles_ax1_LminusR,33,-0.33717823028564453,17,primary_asymmetry
AnkleAngles_ax1_LminusR,34,-0.35958194732666016,17,primary_asymmetry
AnkleAngles_ax1_LminusR,35,-0.8267974853515625,17,primary_asymmetry
AnkleAngles_ax1_LminusR,36,-1.1513614654541016,17,primary_asymmetry
AnkleAngles_ax1_LminusR,37,-1.7425203323364258,17,primary_asymmetry
AnkleAngles_ax1_LminusR,38,-2.397400379180908,17,primary_asymmetry
AnkleAngles_ax1_LminusR,39,-2.4087629318237305,17,primary_asymmetry
AnkleAngles_ax1_LminusR,40,-1.7531061172485352,17,primary_asymmetry
AnkleAngles_ax1_LminusR,41,-2.2603988647460938,17,primary_asymmetry
AnkleAngles_ax1_LminusR,42,-3.2124929428100586,17,primary_asymmetry
AnkleAngles_ax1_LminusR,43,-3.7162561416625977,17,primary_asymmetry
AnkleAngles_ax1_LminusR,44,-3.6904172897338867,17,primary_asymmetry
AnkleAngles_ax1_LminusR,45,-3.4681358337402344,17,primary_asymmetry
AnkleAngles_ax1_LminusR,46,-3.046706199645996,17,primary_asymmetry
AnkleAngles_ax1_LminusR,47,-3.1340761184692383,17,primary_asymmetry
AnkleAngles_ax1_LminusR,48,-2.7201156616210938,17,primary_asymmetry
AnkleAngles_ax1_LminusR,49,-2.1305408477783203,17,primary_asymmetry
AnkleAngles_ax1_LminusR,50,-1.7406587600708008,17,primary_asymmetry
AnkleAngles_ax1_LminusR,51,-1.7795064449310303,17,primary_asymmetry
AnkleAngles_ax1_LminusR,52,-1.7662529945373535,17,primary_asymmetry
AnkleAngles_ax1_LminusR,53,-1.651900291442871,17,primary_asymmetry
AnkleAngles_ax1_LminusR,54,-1.4594669342041016,17,primary_asymmetry
AnkleAngles_ax1_LminusR,55,-2.9238343238830566,17,primary_asymmetry
AnkleAngles_ax1_LminusR,56,-3.0120716094970703,17,primary_asymmetry
AnkleAngles_ax1_LminusR,57,-3.213358759880066,17,primary_asymmetry
AnkleAngles_ax1_LminusR,58,-1.4018201231956482,17,primary_asymmetry
AnkleAngles_ax1_LminusR,59,-1.9261970520019531,17,primary_asymmetry
AnkleAngles_ax1_LminusR,60,-0.9922016263008118,17,primary_asymmetry
AnkleAngles_ax1_LminusR,61,-1.1986926198005676,17,primary_asymmetry
AnkleAngles_ax1_LminusR,62,-0.3024503290653229,17,primary_asymmetry
AnkleAngles_ax1_LminusR,63,0.5081318616867065,17,primary_asymmetry
AnkleAngles_ax1_LminusR,64,1.000086173415184,17,primary_asymmetry
AnkleAngles_ax1_LminusR,65,3.0414698719978333,17,primary_asymmetry
AnkleAngles_ax1_LminusR,66,4.537638068199158,17,primary_asymmetry
AnkleAngles_ax1_LminusR,67,5.472724735736847,17,primary_asymmetry
AnkleAngles_ax1_LminusR,68,6.630643129348755,17,primary_asymmetry
AnkleAngles_ax1_LminusR,69,7.917234241962433,17,primary_asymmetry
AnkleAngles_ax1_LminusR,70,5.851704299449921,17,primary_asymmetry
AnkleAngles_ax1_LminusR,71,4.586737632751465,17,primary_asymmetry
AnkleAngles_ax1_LminusR,72,3.749883249402046,17,primary_asymmetry
AnkleAngles_ax1_LminusR,73,2.8502609729766846,17,primary_asymmetry
AnkleAngles_ax1_LminusR,74,1.849335789680481,17,primary_asymmetry
AnkleAngles_ax1_LminusR,75,0.8664548397064209,17,primary_asymmetry
AnkleAngles_ax1_LminusR,76,1.0710430033504963,17,primary_asymmetry
AnkleAngles_ax1_LminusR,77,1.4436902403831482,17,primary_asymmetry
AnkleAngles_ax1_LminusR,78,0.8855819702148438,17,primary_asymmetry
AnkleAngles_ax1_LminusR,79,0.7188410758972168,17,primary_asymmetry
AnkleAngles_ax1_LminusR,80,0.7951517105102539,17,primary_asymmetry
AnkleAngles_ax1_LminusR,81,0.8112120628356934,17,primary_asymmetry
AnkleAngles_ax1_LminusR,82,0.7415146827697754,17,primary_asymmetry
AnkleAngles_ax1_LminusR,83,0.3516883850097656,17,primary_asymmetry
AnkleAngles_ax1_LminusR,84,-0.1345667839050293,17,primary_asymmetry
AnkleAngles_ax1_LminusR,85,-0.7869176864624023,17,primary_asymmetry
AnkleAngles_ax1_LminusR,86,-1.1396656036376953,17,primary_asymmetry
AnkleAngles_ax1_LminusR,87,-0.8101816177368164,17,primary_asymmetry
AnkleAngles_ax1_LminusR,88,-0.46972036361694336,17,primary_asymmetry
AnkleAngles_ax1_LminusR,89,-0.7976160049438477,17,primary_asymmetry
AnkleAngles_ax1_LminusR,90,-1.0698304176330566,17,primary_asymmetry
AnkleAngles_ax1_LminusR,91,-1.317075252532959,17,primary_asymmetry
AnkleAngles_ax1_LminusR,92,-1.3673348426818848,17,primary_asymmetry
AnkleAngles_ax1_LminusR,93,-0.6236991882324219,17,primary_asymmetry
AnkleAngles_ax1_LminusR,94,-0.49540281295776367,17,primary_asymmetry
AnkleAngles_ax1_LminusR,95,-0.37325191497802734,17,primary_asymmetry
AnkleAngles_ax1_LminusR,96,-0.4668898582458496,17,primary_asymmetry
AnkleAngles_ax1_LminusR,97,-0.41199636459350586,17,primary_asymmetry
AnkleAngles_ax1_LminusR,98,-1.1501235961914062,17,primary_asymmetry
AnkleAngles_ax1_LminusR,99,-0.5999937057495117,17,primary_asymmetry
AnkleAngles_ax1_LminusR,100,0.10952377319335938,17,primary_asymmetry
AnkleAngles_ax1_absLminusR,0,4.420197486877441,17,primary_asymmetry
AnkleAngles_ax1_absLminusR,1,4.066884994506836,17,primary_asymmetry
AnkleAngles_ax1_absLminusR,2,4.3104095458984375,17,primary_asymmetry
AnkleAngles_ax1_absLminusR,3,4.130487442016602,17,primary_asymmetry
AnkleAngles_ax1_absLminusR,4,4.614221572875977,17,primary_asymmetry
AnkleAngles_ax1_absLminusR,5,4.703284978866577,17,primary_asymmetry
AnkleAngles_ax1_absLminusR,6,4.562807083129883,17,primary_asymmetry
AnkleAngles_ax1_absLminusR,7,4.464679718017578,17,primary_asymmetry
AnkleAngles_ax1_absLminusR,8,4.626319050788879,17,primary_asymmetry
AnkleAngles_ax1_absLminusR,9,3.5329179763793945,17,primary_asymmetry
AnkleAngles_ax1_absLminusR,10,3.08705997467041,17,primary_asymmetry
AnkleAngles_ax1_absLminusR,11,3.1272788643836975,17,primary_asymmetry
AnkleAngles_ax1_absLminusR,12,2.603853225708008,17,primary_asymmetry
AnkleAngles_ax1_absLminusR,13,5.1973795890808105,17,primary_asymmetry
AnkleAngles_ax1_absLminusR,14,8.207019805908203,17,primary_asymmetry
AnkleAngles_ax1_absLminusR,15,10.115130543708801,17,primary_asymmetry
AnkleAngles_ax1_absLminusR,16,11.441768169403076,17,primary_asymmetry
AnkleAngles_ax1_absLminusR,17,13.881078839302063,17,primary_asymmetry
AnkleAngles_ax1_absLminusR,18,14.251029014587402,17,primary_asymmetry
AnkleAngles_ax1_absLminusR,19,14.26222848892212,17,primary_asymmetry
AnkleAngles_ax1_absLminusR,20,13.699576377868652,17,primary_asymmetry
AnkleAngles_ax1_absLminusR,21,12.817889213562012,17,primary_asymmetry
AnkleAngles_ax1_absLminusR,22,11.79906177520752,17,primary_asymmetry
AnkleAngles_ax1_absLminusR,23,10.681978225708008,17,primary_asymmetry
AnkleAngles_ax1_absLminusR,24,9.71621036529541,17,primary_asymmetry
AnkleAngles_ax1_absLminusR,25,9.268105536699295,17,primary_asymmetry
AnkleAngles_ax1_absLminusR,26,8.502957224845886,17,primary_asymmetry
AnkleAngles_ax1_absLminusR,27,7.5517966747283936,17,primary_asymmetry
AnkleAngles_ax1_absLminusR,28,6.963531970977783,17,primary_asymmetry
AnkleAngles_ax1_absLminusR,29,6.705191373825073,17,primary_asymmetry
AnkleAngles_ax1_absLminusR,30,5.470613479614258,17,primary_asymmetry
AnkleAngles_ax1_absLminusR,31,4.378108978271484,17,primary_asymmetry
AnkleAngles_ax1_absLminusR,32,3.7114429473876953,17,primary_asymmetry
AnkleAngles_ax1_absLminusR,33,3.5053529739379883,17,primary_asymmetry
AnkleAngles_ax1_absLminusR,34,2.992295503616333,17,primary_asymmetry
AnkleAngles_ax1_absLminusR,35,2.6843912601470947,17,primary_asymmetry
AnkleAngles_ax1_absLminusR,36,2.5249204635620117,17,primary_asymmetry
AnkleAngles_ax1_absLminusR,37,2.747629165649414,17,primary_asymmetry
AnkleAngles_ax1_absLminusR,38,2.846867561340332,17,primary_asymmetry
AnkleAngles_ax1_absLminusR,39,2.905895233154297,17,primary_asymmetry
AnkleAngles_ax1_absLminusR,40,3.481403350830078,17,primary_asymmetry
AnkleAngles_ax1_absLminusR,41,3.885504722595215,17,primary_asymmetry
AnkleAngles_ax1_absLminusR,42,4.21994686126709,17,primary_asymmetry
AnkleAngles_ax1_absLminusR,43,4.219164848327637,17,primary_asymmetry
AnkleAngles_ax1_absLminusR,44,4.186527252197266,17,primary_asymmetry
AnkleAngles_ax1_absLminusR,45,4.478726387023926,17,primary_asymmetry
AnkleAngles_ax1_absLminusR,46,4.660880088806152,17,primary_asymmetry
AnkleAngles_ax1_absLminusR,47,4.920252799987793,17,primary_asymmetry
AnkleAngles_ax1_absLminusR,48,5.085007667541504,17,primary_asymmetry
AnkleAngles_ax1_absLminusR,49,5.658197402954102,17,primary_asymmetry
AnkleAngles_ax1_absLminusR,50,6.132617950439453,17,primary_asymmetry
AnkleAngles_ax1_absLminusR,51,5.709819793701172,17,primary_asymmetry
AnkleAngles_ax1_absLminusR,52,5.052827835083008,17,primary_asymmetry
AnkleAngles_ax1_absLminusR,53,4.083786487579346,17,primary_asymmetry
AnkleAngles_ax1_absLminusR,54,3.1860733032226562,17,primary_asymmetry
AnkleAngles_ax1_absLminusR,55,3.6147022247314453,17,primary_asymmetry
AnkleAngles_ax1_absLminusR,56,4.641206741333008,17,primary_asymmetry
AnkleAngles_ax1_absLminusR,57,4.622920036315918,17,primary_asymmetry
AnkleAngles_ax1_absLminusR,58,4.790788650512695,17,primary_asymmetry
AnkleAngles_ax1_absLminusR,59,4.034752130508423,17,primary_asymmetry
AnkleAngles_ax1_absLminusR,60,3.1065587922930717,17,primary_asymmetry
AnkleAngles_ax1_absLminusR,61,4.555994272232056,17,primary_asymmetry
AnkleAngles_ax1_absLminusR,62,4.5688766948878765,17,primary_asymmetry
AnkleAngles_ax1_absLminusR,63,4.463092684745789,17,primary_asymmetry
AnkleAngles_ax1_absLminusR,64,8.452871829271317,17,primary_asymmetry
AnkleAngles_ax1_absLminusR,65,9.999783635139465,17,primary_asymmetry
AnkleAngles_ax1_absLminusR,66,12.509927749633789,17,primary_asymmetry
AnkleAngles_ax1_absLminusR,67,13.492389917373657,17,primary_asymmetry
AnkleAngles_ax1_absLminusR,68,13.44017505645752,17,primary_asymmetry
AnkleAngles_ax1_absLminusR,69,13.151296377182007,17,primary_asymmetry
AnkleAngles_ax1_absLminusR,70,12.540271162986755,17,primary_asymmetry
AnkleAngles_ax1_absLminusR,71,11.801806926727295,17,primary_asymmetry
AnkleAngles_ax1_absLminusR,72,11.140951126813889,17,primary_asymmetry
AnkleAngles_ax1_absLminusR,73,10.085155159235,17,primary_asymmetry
AnkleAngles_ax1_absLminusR,74,9.246756762266159,17,primary_asymmetry
AnkleAngles_ax1_absLminusR,75,9.31243371963501,17,primary_asymmetry
AnkleAngles_ax1_absLminusR,76,9.126688838005066,17,primary_asymmetry
AnkleAngles_ax1_absLminusR,77,7.84894523024559,17,primary_asymmetry
AnkleAngles_ax1_absLminusR,78,6.691999077796936,17,primary_asymmetry
AnkleAngles_ax1_absLminusR,79,5.62636125087738,17,primary_asymmetry
AnkleAngles_ax1_absLminusR,80,5.010855674743652,17,primary_asymmetry
AnkleAngles_ax1_absLminusR,81,4.1282830238342285,17,primary_asymmetry
AnkleAngles_ax1_absLminusR,82,4.607681751251221,17,primary_asymmetry
AnkleAngles_ax1_absLminusR,83,4.3523266315460205,17,primary_asymmetry
AnkleAngles_ax1_absLminusR,84,3.8483941555023193,17,primary_asymmetry
AnkleAngles_ax1_absLminusR,85,3.6526055335998535,17,primary_asymmetry
AnkleAngles_ax1_absLminusR,86,3.984567165374756,17,primary_asymmetry
AnkleAngles_ax1_absLminusR,87,4.157918453216553,17,primary_asymmetry
AnkleAngles_ax1_absLminusR,88,4.273828029632568,17,primary_asymmetry
AnkleAngles_ax1_absLminusR,89,4.688362121582031,17,primary_asymmetry
AnkleAngles_ax1_absLminusR,90,4.821390151977539,17,primary_asymmetry
AnkleAngles_ax1_absLminusR,91,4.4593915939331055,17,primary_asymmetry
AnkleAngles_ax1_absLminusR,92,3.7425484657287598,17,primary_asymmetry
AnkleAngles_ax1_absLminusR,93,4.044307708740234,17,primary_asymmetry
AnkleAngles_ax1_absLminusR,94,4.919005393981934,17,primary_asymmetry
AnkleAngles_ax1_absLminusR,95,4.924696922302246,17,primary_asymmetry
AnkleAngles_ax1_absLminusR,96,5.196651458740234,17,primary_asymmetry
AnkleAngles_ax1_absLminusR,97,5.108654975891113,17,primary_asymmetry
AnkleAngles_ax1_absLminusR,98,4.891989707946777,17,primary_asymmetry
AnkleAngles_ax1_absLminusR,99,4.9687418937683105,17,primary_asymmetry
AnkleAngles_ax1_absLminusR,100,5.006939888000488,17,primary_asymmetry
FootProgressAngles_ax1_LminusR,0,23.068466186523438,17,secondary_asymmetry
FootProgressAngles_ax1_LminusR,1,23.269378662109375,17,secondary_asymmetry
FootProgressAngles_ax1_LminusR,2,22.428619384765625,17,secondary_asymmetry
FootProgressAngles_ax1_LminusR,3,20.94342041015625,17,secondary_asymmetry
FootProgressAngles_ax1_LminusR,4,19.800643920898438,17,secondary_asymmetry
FootProgressAngles_ax1_LminusR,5,19.18444061279297,17,secondary_asymmetry
FootProgressAngles_ax1_LminusR,6,19.476036071777344,17,secondary_asymmetry
FootProgressAngles_ax1_LminusR,7,20.65349578857422,17,secondary_asymmetry
FootProgressAngles_ax1_LminusR,8,22.532928466796875,17,secondary_asymmetry
FootProgressAngles_ax1_LminusR,9,25.303024291992188,17,secondary_asymmetry
FootProgressAngles_ax1_LminusR,10,28.774761199951172,17,secondary_asymmetry
FootProgressAngles_ax1_LminusR,11,31.564937591552734,17,secondary_asymmetry
FootProgressAngles_ax1_LminusR,12,34.755306243896484,17,secondary_asymmetry
FootProgressAngles_ax1_LminusR,13,38.96321487426758,17,secondary_asymmetry
FootProgressAngles_ax1_LminusR,14,43.84942626953125,17,secondary_asymmetry
FootProgressAngles_ax1_LminusR,15,48.96858215332031,17,secondary_asymmetry
FootProgressAngles_ax1_LminusR,16,53.88835144042969,17,secondary_asymmetry
FootProgressAngles_ax1_LminusR,17,58.043731689453125,17,secondary_asymmetry
FootProgressAngles_ax1_LminusR,18,61.077430725097656,17,secondary_asymmetry
FootProgressAngles_ax1_LminusR,19,61.65980339050293,17,secondary_asymmetry
FootProgressAngles_ax1_LminusR,20,60.74526023864746,17,secondary_asymmetry
FootProgressAngles_ax1_LminusR,21,60.02828788757324,17,secondary_asymmetry
FootProgressAngles_ax1_LminusR,22,58.25272560119629,17,secondary_asymmetry
FootProgressAngles_ax1_LminusR,23,55.45148468017578,17,secondary_asymmetry
FootProgressAngles_ax1_LminusR,24,52.32575988769531,17,secondary_asymmetry
FootProgressAngles_ax1_LminusR,25,48.92113494873047,17,secondary_asymmetry
FootProgressAngles_ax1_LminusR,26,45.33096694946289,17,secondary_asymmetry
FootProgressAngles_ax1_LminusR,27,41.685462951660156,17,secondary_asymmetry
FootProgressAngles_ax1_LminusR,28,38.02570343017578,17,secondary_asymmetry
FootProgressAngles_ax1_LminusR,29,33.95893096923828,17,secondary_asymmetry
FootProgressAngles_ax1_LminusR,30,29.789215087890625,17,secondary_asymmetry
FootProgressAngles_ax1_LminusR,31,25.240219116210938,17,secondary_asymmetry
FootProgressAngles_ax1_LminusR,32,20.480979919433594,17,secondary_asymmetry
FootProgressAngles_ax1_LminusR,33,15.648818969726562,17,secondary_asymmetry
FootProgressAngles_ax1_LminusR,34,10.958274841308594,17,secondary_asymmetry
FootProgressAngles_ax1_LminusR,35,6.1441802978515625,17,secondary_asymmetry
FootProgressAngles_ax1_LminusR,36,3.2714004516601562,17,secondary_asymmetry
FootProgressAngles_ax1_LminusR,37,0.06689453125,17,secondary_asymmetry
FootProgressAngles_ax1_LminusR,38,1.0361557006835938,17,secondary_asymmetry
FootProgressAngles_ax1_LminusR,39,0.7508735656738281,17,secondary_asymmetry
FootProgressAngles_ax1_LminusR,40,0.41747283935546875,17,secondary_asymmetry
FootProgressAngles_ax1_LminusR,41,0.20367813110351562,17,secondary_asymmetry
FootProgressAngles_ax1_LminusR,42,-0.9847640991210938,17,secondary_asymmetry
FootProgressAngles_ax1_LminusR,43,-3.591724395751953,17,secondary_asymmetry
FootProgressAngles_ax1_LminusR,44,-5.5956268310546875,17,secondary_asymmetry
FootProgressAngles_ax1_LminusR,45,-10.247108459472656,17,secondary_asymmetry
FootProgressAngles_ax1_LminusR,46,-14.817710876464844,17,secondary_asymmetry
FootProgressAngles_ax1_LminusR,47,-19.186134338378906,17,secondary_asymmetry
FootProgressAngles_ax1_LminusR,48,-23.060760498046875,17,secondary_asymmetry
FootProgressAngles_ax1_LminusR,49,-26.48741912841797,17,secondary_asymmetry
FootProgressAngles_ax1_LminusR,50,-29.343955993652344,17,secondary_asymmetry
FootProgressAngles_ax1_LminusR,51,-31.494956970214844,17,secondary_asymmetry
FootProgressAngles_ax1_LminusR,52,-31.684120178222656,17,secondary_asymmetry
FootProgressAngles_ax1_LminusR,53,-30.349273681640625,17,secondary_asymmetry
FootProgressAngles_ax1_LminusR,54,-29.086708068847656,17,secondary_asymmetry
FootProgressAngles_ax1_LminusR,55,-28.24053955078125,17,secondary_asymmetry
FootProgressAngles_ax1_LminusR,56,-28.42249298095703,17,secondary_asymmetry
FootProgressAngles_ax1_LminusR,57,-29.964797973632812,17,secondary_asymmetry
FootProgressAngles_ax1_LminusR,58,-29.323768615722656,17,secondary_asymmetry
FootProgressAngles_ax1_LminusR,59,-29.484275817871094,17,secondary_asymmetry
FootProgressAngles_ax1_LminusR,60,-30.188560485839844,17,secondary_asymmetry
FootProgressAngles_ax1_LminusR,61,-32.116859436035156,17,secondary_asymmetry
FootProgressAngles_ax1_LminusR,62,-35.004154205322266,17,secondary_asymmetry
FootProgressAngles_ax1_LminusR,63,-38.50001907348633,17,secondary_asymmetry
FootProgressAngles_ax1_LminusR,64,-42.816532135009766,17,secondary_asymmetry
FootProgressAngles_ax1_LminusR,65,-47.338565826416016,17,secondary_asymmetry
FootProgressAngles_ax1_LminusR,66,-51.4088249206543,17,secondary_asymmetry
FootProgressAngles_ax1_LminusR,67,-55.044450759887695,17,secondary_asymmetry
FootProgressAngles_ax1_LminusR,68,-58.01188087463379,17,secondary_asymmetry
FootProgressAngles_ax1_LminusR,69,-59.92117118835449,17,secondary_asymmetry
FootProgressAngles_ax1_LminusR,70,-59.07154369354248,17,secondary_asymmetry
FootProgressAngles_ax1_LminusR,71,-57.68313980102539,17,secondary_asymmetry
FootProgressAngles_ax1_LminusR,72,-55.825998306274414,17,secondary_asymmetry
FootProgressAngles_ax1_LminusR,73,-53.57342529296875,17,secondary_asymmetry
FootProgressAngles_ax1_LminusR,74,-50.98592948913574,17,secondary_asymmetry
FootProgressAngles_ax1_LminusR,75,-48.04000663757324,17,secondary_asymmetry
FootProgressAngles_ax1_LminusR,76,-44.79084014892578,17,secondary_asymmetry
FootProgressAngles_ax1_LminusR,77,-41.30178260803223,17,secondary_asymmetry
FootProgressAngles_ax1_LminusR,78,-37.609413146972656,17,secondary_asymmetry
FootProgressAngles_ax1_LminusR,79,-33.75335121154785,17,secondary_asymmetry
FootProgressAngles_ax1_LminusR,80,-29.772397994995117,17,secondary_asymmetry
FootProgressAngles_ax1_LminusR,81,-25.35710906982422,17,secondary_asymmetry
FootProgressAngles_ax1_LminusR,82,-20.53246307373047,17,secondary_asymmetry
FootProgressAngles_ax1_LminusR,83,-15.70306396484375,17,secondary_asymmetry
FootProgressAngles_ax1_LminusR,84,-10.935173034667969,17,secondary_asymmetry
FootProgressAngles_ax1_LminusR,85,-8.555404663085938,17,secondary_asymmetry
FootProgressAngles_ax1_LminusR,86,-4.554050445556641,17,secondary_asymmetry
FootProgressAngles_ax1_LminusR,87,-1.9700851440429688,17,secondary_asymmetry
FootProgressAngles_ax1_LminusR,88,-0.3197021484375,17,secondary_asymmetry
FootProgressAngles_ax1_LminusR,89,-1.3424148559570312,17,secondary_asymmetry
FootProgressAngles_ax1_LminusR,90,-1.3462066650390625,17,secondary_asymmetry
FootProgressAngles_ax1_LminusR,91,-1.5052490234375,17,secondary_asymmetry
FootProgressAngles_ax1_LminusR,92,0.6251487731933594,17,secondary_asymmetry
FootProgressAngles_ax1_LminusR,93,2.135997772216797,17,secondary_asymmetry
FootProgressAngles_ax1_LminusR,94,3.8874664306640625,17,secondary_asymmetry
FootProgressAngles_ax1_LminusR,95,8.348426818847656,17,secondary_asymmetry
FootProgressAngles_ax1_LminusR,96,12.703269958496094,17,secondary_asymmetry
FootProgressAngles_ax1_LminusR,97,16.19580841064453,17,secondary_asymmetry
FootProgressAngles_ax1_LminusR,98,19.009902954101562,17,secondary_asymmetry
FootProgressAngles_ax1_LminusR,99,21.390121459960938,17,secondary_asymmetry
FootProgressAngles_ax1_LminusR,100,23.38916778564453,17,secondary_asymmetry
FootProgressAngles_ax1_absLminusR,0,32.13330841064453,17,secondary_asymmetry
FootProgressAngles_ax1_absLminusR,1,33.343345642089844,17,secondary_asymmetry
FootProgressAngles_ax1_absLminusR,2,33.790523529052734,17,secondary_asymmetry
FootProgressAngles_ax1_absLminusR,3,34.40430450439453,17,secondary_asymmetry
FootProgressAngles_ax1_absLminusR,4,34.11073303222656,17,secondary_asymmetry
FootProgressAngles_ax1_absLminusR,5,33.04066467285156,17,secondary_asymmetry
FootProgressAngles_ax1_absLminusR,6,31.806137084960938,17,secondary_asymmetry
FootProgressAngles_ax1_absLminusR,7,31.7257137298584,17,secondary_asymmetry
FootProgressAngles_ax1_absLminusR,8,32.98144340515137,17,secondary_asymmetry
FootProgressAngles_ax1_absLminusR,9,35.43685531616211,17,secondary_asymmetry
FootProgressAngles_ax1_absLminusR,10,37.84217071533203,17,secondary_asymmetry
FootProgressAngles_ax1_absLminusR,11,41.020606994628906,17,secondary_asymmetry
FootProgressAngles_ax1_absLminusR,12,44.87615203857422,17,secondary_asymmetry
FootProgressAngles_ax1_absLminusR,13,49.31030082702637,17,secondary_asymmetry
FootProgressAngles_ax1_absLminusR,14,53.95175552368164,17,secondary_asymmetry
FootProgressAngles_ax1_absLminusR,15,58.4617395401001,17,secondary_asymmetry
FootProgressAngles_ax1_absLminusR,16,62.04915809631348,17,secondary_asymmetry
FootProgressAngles_ax1_absLminusR,17,64.43270874023438,17,secondary_asymmetry
FootProgressAngles_ax1_absLminusR,18,65.94459247589111,17,secondary_asymmetry
FootProgressAngles_ax1_absLminusR,19,66.4792709350586,17,secondary_asymmetry
FootProgressAngles_ax1_absLminusR,20,65.57287883758545,17,secondary_asymmetry
FootProgressAngles_ax1_absLminusR,21,64.41742324829102,17,secondary_asymmetry
FootProgressAngles_ax1_absLminusR,22,63.61550426483154,17,secondary_asymmetry
FootProgressAngles_ax1_absLminusR,23,61.287452697753906,17,secondary_asymmetry
FootProgressAngles_ax1_absLminusR,24,59.05164337158203,17,secondary_asymmetry
FootProgressAngles_ax1_absLminusR,25,56.502153396606445,17,secondary_asymmetry
FootProgressAngles_ax1_absLminusR,26,52.88518142700195,17,secondary_asymmetry
FootProgressAngles_ax1_absLminusR,27,49.06466293334961,17,secondary_asymmetry
FootProgressAngles_ax1_absLminusR,28,44.90509033203125,17,secondary_asymmetry
FootProgressAngles_ax1_absLminusR,29,40.402854919433594,17,secondary_asymmetry
FootProgressAngles_ax1_absLminusR,30,35.50663375854492,17,secondary_asymmetry
FootProgressAngles_ax1_absLminusR,31,30.543285369873047,17,secondary_asymmetry
FootProgressAngles_ax1_absLminusR,32,25.67010498046875,17,secondary_asymmetry
FootProgressAngles_ax1_absLminusR,33,20.564987182617188,17,secondary_asymmetry
FootProgressAngles_ax1_absLminusR,34,15.491806030273438,17,secondary_asymmetry
FootProgressAngles_ax1_absLminusR,35,10.51123046875,17,secondary_asymmetry
FootProgressAngles_ax1_absLminusR,36,5.730766296386719,17,secondary_asymmetry
FootProgressAngles_ax1_absLminusR,37,1.7582015991210938,17,secondary_asymmetry
FootProgressAngles_ax1_absLminusR,38,1.9268646240234375,17,secondary_asymmetry
FootProgressAngles_ax1_absLminusR,39,1.46722412109375,17,secondary_asymmetry
FootProgressAngles_ax1_absLminusR,40,1.4682159423828125,17,secondary_asymmetry
FootProgressAngles_ax1_absLminusR,41,3.6559677124023438,17,secondary_asymmetry
FootProgressAngles_ax1_absLminusR,42,7.317726135253906,17,secondary_asymmetry
FootProgressAngles_ax1_absLminusR,43,12.103736877441406,17,secondary_asymmetry
FootProgressAngles_ax1_absLminusR,44,16.909751892089844,17,secondary_asymmetry
FootProgressAngles_ax1_absLminusR,45,21.58197021484375,17,secondary_asymmetry
FootProgressAngles_ax1_absLminusR,46,25.64508056640625,17,secondary_asymmetry
FootProgressAngles_ax1_absLminusR,47,29.206016540527344,17,secondary_asymmetry
FootProgressAngles_ax1_absLminusR,48,31.797618865966797,17,secondary_asymmetry
FootProgressAngles_ax1_absLminusR,49,33.77660369873047,17,secondary_asymmetry
FootProgressAngles_ax1_absLminusR,50,36.053611755371094,17,secondary_asymmetry
FootProgressAngles_ax1_absLminusR,51,36.81306457519531,17,secondary_asymmetry
FootProgressAngles_ax1_absLminusR,52,36.30324172973633,17,secondary_asymmetry
FootProgressAngles_ax1_absLminusR,53,35.73480224609375,17,secondary_asymmetry
FootProgressAngles_ax1_absLminusR,54,35.289161682128906,17,secondary_asymmetry
FootProgressAngles_ax1_absLminusR,55,35.37103271484375,17,secondary_asymmetry
FootProgressAngles_ax1_absLminusR,56,33.856536865234375,17,secondary_asymmetry
FootProgressAngles_ax1_absLminusR,57,33.92749786376953,17,secondary_asymmetry
FootProgressAngles_ax1_absLminusR,58,34.67486572265625,17,secondary_asymmetry
FootProgressAngles_ax1_absLminusR,59,36.18046188354492,17,secondary_asymmetry
FootProgressAngles_ax1_absLminusR,60,38.56521987915039,17,secondary_asymmetry
FootProgressAngles_ax1_absLminusR,61,41.66292190551758,17,secondary_asymmetry
FootProgressAngles_ax1_absLminusR,62,45.62422180175781,17,secondary_asymmetry
FootProgressAngles_ax1_absLminusR,63,50.8583869934082,17,secondary_asymmetry
FootProgressAngles_ax1_absLminusR,64,56.10293197631836,17,secondary_asymmetry
FootProgressAngles_ax1_absLminusR,65,60.859296798706055,17,secondary_asymmetry
FootProgressAngles_ax1_absLminusR,66,65.16142463684082,17,secondary_asymmetry
FootProgressAngles_ax1_absLminusR,67,68.18562507629395,17,secondary_asymmetry
FootProgressAngles_ax1_absLminusR,68,69.54029655456543,17,secondary_asymmetry
FootProgressAngles_ax1_absLminusR,69,69.22515106201172,17,secondary_asymmetry
FootProgressAngles_ax1_absLminusR,70,68.13198661804199,17,secondary_asymmetry
FootProgressAngles_ax1_absLminusR,71,66.24603271484375,17,secondary_asymmetry
FootProgressAngles_ax1_absLminusR,72,64.03267860412598,17,secondary_asymmetry
FootProgressAngles_ax1_absLminusR,73,61.704155921936035,17,secondary_asymmetry
FootProgressAngles_ax1_absLminusR,74,58.101701736450195,17,secondary_asymmetry
FootProgressAngles_ax1_absLminusR,75,54.4498291015625,17,secondary_asymmetry
FootProgressAngles_ax1_absLminusR,76,50.632497787475586,17,secondary_asymmetry
FootProgressAngles_ax1_absLminusR,77,46.37380027770996,17,secondary_asymmetry
FootProgressAngles_ax1_absLminusR,78,42.22688674926758,17,secondary_asymmetry
FootProgressAngles_ax1_absLminusR,79,38.02678680419922,17,secondary_asymmetry
FootProgressAngles_ax1_absLminusR,80,34.138267517089844,17,secondary_asymmetry
FootProgressAngles_ax1_absLminusR,81,30.159805297851562,17,secondary_asymmetry
FootProgressAngles_ax1_absLminusR,82,26.01873779296875,17,secondary_asymmetry
FootProgressAngles_ax1_absLminusR,83,21.676929473876953,17,secondary_asymmetry
FootProgressAngles_ax1_absLminusR,84,16.997337341308594,17,secondary_asymmetry
FootProgressAngles_ax1_absLminusR,85,11.87152099609375,17,secondary_asymmetry
FootProgressAngles_ax1_absLminusR,86,8.06658935546875,17,secondary_asymmetry
FootProgressAngles_ax1_absLminusR,87,3.7772750854492188,17,secondary_asymmetry
FootProgressAngles_ax1_absLminusR,88,1.7724456787109375,17,secondary_asymmetry
FootProgressAngles_ax1_absLminusR,89,1.70648193359375,17,secondary_asymmetry
FootProgressAngles_ax1_absLminusR,90,1.6366996765136719,17,secondary_asymmetry
FootProgressAngles_ax1_absLminusR,91,2.2370681762695312,17,secondary_asymmetry
FootProgressAngles_ax1_absLminusR,92,5.830879211425781,17,secondary_asymmetry
FootProgressAngles_ax1_absLminusR,93,9.89642333984375,17,secondary_asymmetry
FootProgressAngles_ax1_absLminusR,94,13.863845825195312,17,secondary_asymmetry
FootProgressAngles_ax1_absLminusR,95,18.08898162841797,17,secondary_asymmetry
FootProgressAngles_ax1_absLminusR,96,21.919296264648438,17,secondary_asymmetry
FootProgressAngles_ax1_absLminusR,97,24.997581481933594,17,secondary_asymmetry
FootProgressAngles_ax1_absLminusR,98,28.124046325683594,17,secondary_asymmetry
FootProgressAngles_ax1_absLminusR,99,30.184494018554688,17,secondary_asymmetry
FootProgressAngles_ax1_absLminusR,100,31.308738708496094,17,secondary_asymmetry
