channel,time_percent,victim_median,control_median,difference,effect_size,t_stat,victim_consistency,control_consistency,n_victim,n_control,level
HipAngles_ax1_LminusR,0,-28.161295890808105,14.996979653835297,-43.1582755446434,-0.15966386554621848,-0.8706782478462898,0.6470588235294118,0.6428571428571429,17,14,primary_asymmetry
HipAngles_ax1_LminusR,1,-27.94451332092285,15.119873225688934,-43.064386546611786,-0.13445378151260504,-0.8488375496959969,0.6470588235294118,0.6428571428571429,17,14,primary_asymmetry
HipAngles_ax1_LminusR,2,-28.870142459869385,15.27092407643795,-44.141066536307335,-0.1092436974789916,-0.8356897196737552,0.6470588235294118,0.6428571428571429,17,14,primary_asymmetry
HipAngles_ax1_LminusR,3,-30.273959636688232,15.427771111950278,-45.70173074863851,-0.10084033613445378,-0.8277793322429369,0.6470588235294118,0.6428571428571429,17,14,primary_asymmetry
HipAngles_ax1_LminusR,4,-30.242900848388672,15.552971556782722,-45.795872405171394,-0.09243697478991597,-0.8182228190056027,0.6470588235294118,0.6428571428571429,17,14,primary_asymmetry
HipAngles_ax1_LminusR,5,-30.688807010650635,15.575456738471985,-46.26426374912262,-0.10084033613445378,-0.8136773237133565,0.6470588235294118,0.6428571428571429,17,14,primary_asymmetry
HipAngles_ax1_LminusR,6,-30.260796546936035,15.484301179647446,-45.74509772658348,-0.10084033613445378,-0.8101589671163384,0.6470588235294118,0.6428571428571429,17,14,primary_asymmetry
HipAngles_ax1_LminusR,7,-30.143226146697998,15.25893148779869,-45.40215763449669,-0.1092436974789916,-0.8125894659909523,0.6470588235294118,0.6428571428571429,17,14,primary_asymmetry
HipAngles_ax1_LminusR,8,-29.887558460235596,14.9017094373703,-44.789267897605896,-0.11764705882352941,-0.8054219271427442,0.6470588235294118,0.6428571428571429,17,14,primary_asymmetry
HipAngles_ax1_LminusR,9,-30.036751747131348,14.54323947429657,-44.57999122142792,-0.10084033613445378,-0.7920628142613872,0.6470588235294118,0.6428571428571429,17,14,primary_asymmetry
HipAngles_ax1_LminusR,10,-28.301411628723145,14.076427981257439,-42.37783960998058,-0.09243697478991597,-0.7796700841452704,0.6470588235294118,0.6428571428571429,17,14,primary_asymmetry
HipAngles_ax1_LminusR,11,-26.6448974609375,13.566169276833534,-40.211066737771034,-0.10084033613445378,-0.7731298305691879,0.6470588235294118,0.6428571428571429,17,14,primary_asymmetry
HipAngles_ax1_LminusR,12,-24.82562255859375,13.001245021820068,-37.82686758041382,-0.10084033613445378,-0.7641494883460253,0.6470588235294118,0.6428571428571429,17,14,primary_asymmetry
HipAngles_ax1_LminusR,13,-22.69713592529297,12.356104969978333,-35.0532408952713,-0.10084033613445378,-0.7575683993849197,0.6470588235294118,0.6428571428571429,17,14,primary_asymmetry
HipAngles_ax1_LminusR,14,-20.286500930786133,11.454922318458557,-31.74142324924469,-0.10084033613445378,-0.7552138826873025,0.6470588235294118,0.6428571428571429,17,14,primary_asymmetry
HipAngles_ax1_LminusR,15,-17.632129669189453,10.328600406646729,-27.96073007583618,-0.1092436974789916,-0.7525313457327979,0.6470588235294118,0.6428571428571429,17,14,primary_asymmetry
HipAngles_ax1_LminusR,16,-14.699867248535156,8.944305896759033,-23.64417314529419,-0.10084033613445378,-0.7388748780351382,0.6470588235294118,0.6428571428571429,17,14,primary_asymmetry
HipAngles_ax1_LminusR,17,-11.485126495361328,7.457132339477539,-18.942258834838867,-0.09243697478991597,-0.7233904852005804,0.6470588235294118,0.6428571428571429,17,14,primary_asymmetry
HipAngles_ax1_LminusR,18,-8.097845077514648,6.080712795257568,-14.178557872772217,-0.10084033613445378,-0.6966787608809494,0.6470588235294118,0.6428571428571429,17,14,primary_asymmetry
HipAngles_ax1_LminusR,19,-4.735709071159363,4.802095413208008,-9.53780448436737,-0.1092436974789916,-0.6722096499282825,0.7058823529411765,0.6428571428571429,17,14,primary_asymmetry
HipAngles_ax1_LminusR,20,-4.6886608600616455,3.210143566131592,-7.898804426193237,-0.12605042016806722,-0.6344633724777098,0.7058823529411765,0.6428571428571429,17,14,primary_asymmetry
HipAngles_ax1_LminusR,21,-4.325382232666016,1.3923234939575195,-5.717705726623535,-0.13445378151260504,-0.5915115849002349,0.6470588235294118,0.7142857142857143,17,14,primary_asymmetry
HipAngles_ax1_LminusR,22,-2.293548583984375,-0.9204995632171631,-1.373049020767212,-0.12605042016806722,-0.5121048641240036,0.5294117647058824,0.6428571428571429,17,14,primary_asymmetry
HipAngles_ax1_LminusR,23,-1.1562881469726562,-2.068629264831543,0.9123411178588867,-0.03361344537815126,-0.17345900752336163,0.5882352941176471,0.5714285714285714,17,14,primary_asymmetry
HipAngles_ax1_LminusR,24,-0.6035079956054688,-0.8520259857177734,0.2485179901123047,-0.08403361344537816,-0.28427548290515603,0.5294117647058824,0.5,17,14,primary_asymmetry
HipAngles_ax1_LminusR,25,-1.1928482055664062,-1.1159238815307617,-0.07692432403564453,-0.11764705882352941,-0.7342525429632509,0.5294117647058824,0.5,17,14,primary_asymmetry
HipAngles_ax1_LminusR,26,-1.3543195724487305,-1.3819446563720703,0.027625083923339844,-0.09243697478991597,-0.33570570535761,0.5294117647058824,0.5,17,14,primary_asymmetry
HipAngles_ax1_LminusR,27,-1.1445999145507812,-1.0182018280029297,-0.12639808654785156,-0.01680672268907563,0.02567673564095454,0.5294117647058824,0.5,17,14,primary_asymmetry
HipAngles_ax1_LminusR,28,1.5162220001220703,-1.1628761291503906,2.679098129272461,0.11764705882352941,0.43840232984184335,0.5882352941176471,0.5714285714285714,17,14,primary_asymmetry
HipAngles_ax1_LminusR,29,2.4726028442382812,-2.015435218811035,4.488038063049316,0.15126050420168066,0.5790285260645466,0.5882352941176471,0.5714285714285714,17,14,primary_asymmetry
HipAngles_ax1_LminusR,30,2.6437129974365234,-3.3825836181640625,6.026296615600586,0.14285714285714285,0.6532321077021874,0.6470588235294118,0.5714285714285714,17,14,primary_asymmetry
HipAngles_ax1_LminusR,31,3.8984031677246094,-4.549745321273804,8.448148488998413,0.13445378151260504,0.6844471683253996,0.6470588235294118,0.5714285714285714,17,14,primary_asymmetry
HipAngles_ax1_LminusR,32,6.811321258544922,-5.640857458114624,12.452178716659546,0.14285714285714285,0.7142114695332286,0.6470588235294118,0.6428571428571429,17,14,primary_asymmetry
HipAngles_ax1_LminusR,33,9.631874084472656,-6.487921476364136,16.119795560836792,0.13445378151260504,0.7293881692669811,0.6470588235294118,0.6428571428571429,17,14,primary_asymmetry
HipAngles_ax1_LminusR,34,12.32894515991211,-7.286264419555664,19.615209579467773,0.12605042016806722,0.7233455159689621,0.6470588235294118,0.6428571428571429,17,14,primary_asymmetry
HipAngles_ax1_LminusR,35,14.874856948852539,-8.042912125587463,22.917769074440002,0.11764705882352941,0.7340591331291844,0.6470588235294118,0.6428571428571429,17,14,primary_asymmetry
HipAngles_ax1_LminusR,36,17.248146057128906,-8.920438408851624,26.16858446598053,0.12605042016806722,0.7375405990056931,0.6470588235294118,0.6428571428571429,17,14,primary_asymmetry
HipAngles_ax1_LminusR,37,19.4357967376709,-9.683972239494324,29.119768977165222,0.11764705882352941,0.7303076908080796,0.6470588235294118,0.6428571428571429,17,14,primary_asymmetry
HipAngles_ax1_LminusR,38,20.777393341064453,-10.277358174324036,31.05475151538849,0.07563025210084033,0.7149020762115869,0.6470588235294118,0.6428571428571429,17,14,primary_asymmetry
HipAngles_ax1_LminusR,39,21.67497682571411,-10.37366771697998,32.04864454269409,0.06722689075630252,0.70404532245016,0.6470588235294118,0.6428571428571429,17,14,primary_asymmetry
HipAngles_ax1_LminusR,40,22.33957815170288,-9.573697686195374,31.913275837898254,0.06722689075630252,0.6970830929291475,0.6470588235294118,0.6428571428571429,17,14,primary_asymmetry
HipAngles_ax1_LminusR,41,22.856872081756592,-8.887209057807922,31.744081139564514,0.06722689075630252,0.6907452037960656,0.6470588235294118,0.6428571428571429,17,14,primary_asymmetry
HipAngles_ax1_LminusR,42,23.20583200454712,-8.354079782962799,31.559911787509918,0.07563025210084033,0.6872120304999102,0.6470588235294118,0.6428571428571429,17,14,primary_asymmetry
HipAngles_ax1_LminusR,43,23.562777042388916,-8.00124940276146,31.564026445150375,0.10084033613445378,0.6843538302180678,0.6470588235294118,0.6428571428571429,17,14,primary_asymmetry
HipAngles_ax1_LminusR,44,23.960490226745605,-7.8116248697042465,31.772115096449852,0.1092436974789916,0.6814459065655294,0.6470588235294118,0.6428571428571429,17,14,primary_asymmetry
HipAngles_ax1_LminusR,45,24.407898902893066,-7.76928997784853,32.177188880741596,0.10084033613445378,0.678839705210768,0.6470588235294118,0.6428571428571429,17,14,primary_asymmetry
HipAngles_ax1_LminusR,46,24.892935752868652,-7.848899446427822,32.741835199296474,0.09243697478991597,0.6759050597212389,0.6470588235294118,0.6428571428571429,17,14,primary_asymmetry
HipAngles_ax1_LminusR,47,25.174094200134277,-8.02406045794487,33.19815465807915,0.09243697478991597,0.6663066102310655,0.6470588235294118,0.6428571428571429,17,14,primary_asymmetry
HipAngles_ax1_LminusR,48,25.366860389709473,-8.225586354732513,33.592446744441986,0.08403361344537816,0.6491955812048232,0.6470588235294118,0.6428571428571429,17,14,primary_asymmetry
HipAngles_ax1_LminusR,49,25.554064750671387,-8.479950308799744,34.03401505947113,0.08403361344537816,0.6349707215618456,0.6470588235294118,0.6428571428571429,17,14,primary_asymmetry
HipAngles_ax1_LminusR,50,25.745673656463623,-8.701730370521545,34.44740402698517,0.08403361344537816,0.6228770818991014,0.6470588235294118,0.6428571428571429,17,14,primary_asymmetry
HipAngles_ax1_LminusR,51,25.903095960617065,-8.965704679489136,34.8688006401062,0.08403361344537816,0.6180434604957724,0.6470588235294118,0.6428571428571429,17,14,primary_asymmetry
HipAngles_ax1_LminusR,52,26.024097204208374,-9.268540501594543,35.29263770580292,0.08403361344537816,0.6123933681333483,0.6470588235294118,0.6428571428571429,17,14,primary_asymmetry
HipAngles_ax1_LminusR,53,26.170350313186646,-9.580706715583801,35.75105702877045,0.09243697478991597,0.6088950531813297,0.6470588235294118,0.6428571428571429,17,14,primary_asymmetry
HipAngles_ax1_LminusR,54,26.286272764205933,-9.908386707305908,36.19465947151184,0.09243697478991597,0.6104557696068947,0.6470588235294118,0.6428571428571429,17,14,primary_asymmetry
HipAngles_ax1_LminusR,55,26.184372186660767,-10.279803395271301,36.46417558193207,0.10084033613445378,0.6197922849177724,0.6470588235294118,0.6428571428571429,17,14,primary_asymmetry
HipAngles_ax1_LminusR,56,25.77131676673889,-10.839735984802246,36.61105275154114,0.12605042016806722,0.6368747103016722,0.6470588235294118,0.6428571428571429,17,14,primary_asymmetry
HipAngles_ax1_LminusR,57,25.20928430557251,-11.491906642913818,36.70119094848633,0.13445378151260504,0.6574782757296028,0.6470588235294118,0.6428571428571429,17,14,primary_asymmetry
HipAngles_ax1_LminusR,58,24.49326229095459,-12.337701559066772,36.83096385002136,0.11764705882352941,0.6718737282934276,0.6470588235294118,0.6428571428571429,17,14,primary_asymmetry
HipAngles_ax1_LminusR,59,23.588993310928345,-13.053017258644104,36.64201056957245,0.12605042016806722,0.6760571113690711,0.6470588235294118,0.6428571428571429,17,14,primary_asymmetry
HipAngles_ax1_LminusR,60,22.35620379447937,-13.488755345344543,35.844959139823914,0.1092436974789916,0.6691203852946982,0.6470588235294118,0.6428571428571429,17,14,primary_asymmetry
HipAngles_ax1_LminusR,61,20.89271879196167,-13.955601692199707,34.84832048416138,0.1092436974789916,0.6580998147861604,0.6470588235294118,0.6428571428571429,17,14,primary_asymmetry
HipAngles_ax1_LminusR,62,19.16291093826294,-14.353088617324829,33.51599955558777,0.12605042016806722,0.6570011482607375,0.6470588235294118,0.6428571428571429,17,14,primary_asymmetry
HipAngles_ax1_LminusR,63,17.045193195343018,-13.345976207405329,30.391169402748346,0.16806722689075632,0.6650689447903457,0.6470588235294118,0.6428571428571429,17,14,primary_asymmetry
HipAngles_ax1_LminusR,64,14.694855213165283,-12.184178456664085,26.87903366982937,0.15126050420168066,0.679852512903229,0.6470588235294118,0.6428571428571429,17,14,primary_asymmetry
HipAngles_ax1_LminusR,65,12.077863216400146,-10.849085509777069,22.926948726177216,0.16806722689075632,0.6837471476849298,0.6470588235294118,0.6428571428571429,17,14,primary_asymmetry
HipAngles_ax1_LminusR,66,9.299674987792969,-9.390198707580566,18.689873695373535,0.16806722689075632,0.6654152051960358,0.6470588235294118,0.6428571428571429,17,14,primary_asymmetry
HipAngles_ax1_LminusR,67,6.424878120422363,-7.939679265022278,14.364557385444641,0.15966386554621848,0.6296072181542101,0.6470588235294118,0.6428571428571429,17,14,primary_asymmetry
HipAngles_ax1_LminusR,68,4.547717094421387,-6.389912009239197,10.937629103660583,0.15126050420168066,0.5760460091491354,0.6470588235294118,0.6428571428571429,17,14,primary_asymmetry
HipAngles_ax1_LminusR,69,3.5959434509277344,-4.82637357711792,8.422317028045654,0.13445378151260504,0.4999340190843857,0.6470588235294118,0.5714285714285714,17,14,primary_asymmetry
HipAngles_ax1_LminusR,70,0.3132171630859375,-3.220269203186035,3.5334863662719727,0.11764705882352941,0.3718133637177744,0.6470588235294118,0.5,17,14,primary_asymmetry
HipAngles_ax1_LminusR,71,-0.25311279296875,-2.0604207515716553,1.8073079586029053,0.14285714285714285,0.22752224341734917,0.5294117647058824,0.5,17,14,primary_asymmetry
HipAngles_ax1_LminusR,72,-0.22403430938720703,-1.675398826599121,1.451364517211914,0.058823529411764705,-0.06881920119900058,0.5882352941176471,0.5714285714285714,17,14,primary_asymmetry
HipAngles_ax1_LminusR,73,-0.8351898193359375,-0.9118142127990723,0.07662439346313477,-0.10084033613445378,-0.7575865526947224,0.5294117647058824,0.5,17,14,primary_asymmetry
HipAngles_ax1_LminusR,74,-2.1652488708496094,-0.15888166427612305,-2.0063672065734863,-0.2184873949579832,-1.2331450017100758,0.7058823529411765,0.6428571428571429,17,14,primary_asymmetry
HipAngles_ax1_LminusR,75,-1.767578125,-0.5433435440063477,-1.2242345809936523,-0.19327731092436976,-1.2170469194528932,0.6470588235294118,0.6428571428571429,17,14,primary_asymmetry
HipAngles_ax1_LminusR,76,-1.403289794921875,0.6219081878662109,-2.025197982788086,-0.20168067226890757,-1.0605621308597242,0.7647058823529411,0.5714285714285714,17,14,primary_asymmetry
HipAngles_ax1_LminusR,77,-1.8958072662353516,1.2345380783081055,-3.130345344543457,-0.29411764705882354,-1.385837144852963,0.6470588235294118,0.7142857142857143,17,14,primary_asymmetry
HipAngles_ax1_LminusR,78,-5.066307067871094,1.9182546138763428,-6.9845616817474365,-0.2184873949579832,-1.2922416371703058,0.6470588235294118,0.7857142857142857,17,14,primary_asymmetry
HipAngles_ax1_LminusR,79,-6.932563781738281,3.535754919052124,-10.468318700790405,-0.226890756302521,-1.27223124894381,0.6470588235294118,0.7857142857142857,17,14,primary_asymmetry
HipAngles_ax1_LminusR,80,-8.261451721191406,4.243459224700928,-12.504910945892334,-0.2184873949579832,-1.2191542493740277,0.6470588235294118,0.7857142857142857,17,14,primary_asymmetry
HipAngles_ax1_LminusR,81,-11.279561996459961,4.28869104385376,-15.56825304031372,-0.226890756302521,-1.1777413091844384,0.6470588235294118,0.7857142857142857,17,14,primary_asymmetry
HipAngles_ax1_LminusR,82,-14.300575256347656,5.4612274169921875,-19.761802673339844,-0.2184873949579832,-1.1415546124946572,0.6470588235294118,0.7857142857142857,17,14,primary_asymmetry
HipAngles_ax1_LminusR,83,-17.144710540771484,6.742577075958252,-23.887287616729736,-0.19327731092436976,-1.1103670176559002,0.6470588235294118,0.7857142857142857,17,14,primary_asymmetry
HipAngles_ax1_LminusR,84,-18.1805477142334,7.924687385559082,-26.10523509979248,-0.21008403361344538,-1.0857798330298107,0.6470588235294118,0.7857142857142857,17,14,primary_asymmetry
HipAngles_ax1_LminusR,85,-17.545734405517578,9.033571243286133,-26.57930564880371,-0.21008403361344538,-1.0692751901723732,0.6470588235294118,0.6428571428571429,17,14,primary_asymmetry
HipAngles_ax1_LminusR,86,-16.695537567138672,9.98704481124878,-26.68258237838745,-0.23529411764705882,-1.0505417139454247,0.6470588235294118,0.6428571428571429,17,14,primary_asymmetry
HipAngles_ax1_LminusR,87,-15.750774383544922,10.62276554107666,-26.373539924621582,-0.24369747899159663,-1.0217681101728329,0.6470588235294118,0.6428571428571429,17,14,primary_asymmetry
HipAngles_ax1_LminusR,88,-14.762088775634766,11.167490243911743,-25.92957901954651,-0.2605042016806723,-0.9992655155836756,0.6470588235294118,0.6428571428571429,17,14,primary_asymmetry
HipAngles_ax1_LminusR,89,-13.741416931152344,11.686856746673584,-25.428273677825928,-0.2689075630252101,-0.9760366115641758,0.6470588235294118,0.6428571428571429,17,14,primary_asymmetry
HipAngles_ax1_LminusR,90,-12.681514739990234,12.156868696212769,-24.838383436203003,-0.25210084033613445,-0.9550231173234711,0.6470588235294118,0.6428571428571429,17,14,primary_asymmetry
HipAngles_ax1_LminusR,91,-11.474346160888672,12.622036933898926,-24.096383094787598,-0.23529411764705882,-0.9362145213074466,0.6470588235294118,0.6428571428571429,17,14,primary_asymmetry
HipAngles_ax1_LminusR,92,-10.294517517089844,13.079183101654053,-23.373700618743896,-0.2184873949579832,-0.9245612620404026,0.6470588235294118,0.6428571428571429,17,14,primary_asymmetry
HipAngles_ax1_LminusR,93,-9.162601470947266,13.504797220230103,-22.667398691177368,-0.2184873949579832,-0.9186905596482139,0.6470588235294118,0.6428571428571429,17,14,primary_asymmetry
HipAngles_ax1_LminusR,94,-8.009380340576172,13.797911643981934,-21.807291984558105,-0.226890756302521,-0.9125148883808011,0.6470588235294118,0.6428571428571429,17,14,primary_asymmetry
HipAngles_ax1_LminusR,95,-6.8363494873046875,13.969148635864258,-20.805498123168945,-0.21008403361344538,-0.9004609184723908,0.6470588235294118,0.6428571428571429,17,14,primary_asymmetry
HipAngles_ax1_LminusR,96,-5.784996032714844,14.160618662834167,-19.94561469554901,-0.19327731092436976,-0.8844378630469617,0.6470588235294118,0.6428571428571429,17,14,primary_asymmetry
HipAngles_ax1_LminusR,97,-4.918422698974609,14.38000774383545,-19.29843044281006,-0.18487394957983194,-0.8584111717886675,0.6470588235294118,0.6428571428571429,17,14,primary_asymmetry
HipAngles_ax1_LminusR,98,-4.202587127685547,14.618062019348145,-18.82064914703369,-0.18487394957983194,-0.833709337378233,0.6470588235294118,0.6428571428571429,17,14,primary_asymmetry
HipAngles_ax1_LminusR,99,-3.6606979370117188,14.838109970092773,-18.498807907104492,-0.15966386554621848,-0.8041226822844718,0.6470588235294118,0.6428571428571429,17,14,primary_asymmetry
HipAngles_ax1_LminusR,100,-3.451313018798828,15.007410168647766,-18.458723187446594,-0.13445378151260504,-0.777519900411366,0.6470588235294118,0.6428571428571429,17,14,primary_asymmetry
HipAngles_ax1_absLminusR,0,39.89609554409981,35.34063148498535,4.555464059114456,0.2857142857142857,0.735179232394565,0.6470588235294118,0.7857142857142857,17,14,primary_asymmetry
HipAngles_ax1_absLminusR,1,40.16073000431061,35.83228397369385,4.32844603061676,0.2857142857142857,0.7184649436801764,0.6470588235294118,0.7857142857142857,17,14,primary_asymmetry
HipAngles_ax1_absLminusR,2,40.68611387349665,36.15565878152847,4.530455091968179,0.2689075630252101,0.7262755358575752,0.6470588235294118,0.7857142857142857,17,14,primary_asymmetry
HipAngles_ax1_absLminusR,3,41.02696195244789,36.30983346700668,4.717128485441208,0.2689075630252101,0.7472200905210534,0.7058823529411765,0.7857142857142857,17,14,primary_asymmetry
HipAngles_ax1_absLminusR,4,41.15616583824158,36.336851954460144,4.819313883781433,0.2857142857142857,0.7428703294958613,0.7058823529411765,0.7857142857142857,17,14,primary_asymmetry
HipAngles_ax1_absLminusR,5,41.06936910748482,36.365060806274414,4.704308301210403,0.2689075630252101,0.7359246698542784,0.7058823529411765,0.7857142857142857,17,14,primary_asymmetry
HipAngles_ax1_absLminusR,6,40.78240662813187,36.098952770233154,4.683453857898712,0.2689075630252101,0.7079140541958048,0.7058823529411765,0.7857142857142857,17,14,primary_asymmetry
HipAngles_ax1_absLminusR,7,40.31970226764679,35.66322135925293,4.65648090839386,0.25210084033613445,0.6841118830191298,0.6470588235294118,0.7857142857142857,17,14,primary_asymmetry
HipAngles_ax1_absLminusR,8,39.87581932544708,35.00745487213135,4.868364453315735,0.2605042016806723,0.6758573076460564,0.6470588235294118,0.7857142857142857,17,14,primary_asymmetry
HipAngles_ax1_absLminusR,9,38.94488596916199,34.136213302612305,4.808672666549683,0.25210084033613445,0.6729145861068876,0.7058823529411765,0.7857142857142857,17,14,primary_asymmetry
HipAngles_ax1_absLminusR,10,38.069385170936584,33.03810262680054,5.031282544136047,0.2773109243697479,0.6759876030363177,0.7058823529411765,0.7857142857142857,17,14,primary_asymmetry
HipAngles_ax1_absLminusR,11,36.79789191484451,31.790311574935913,5.0075803399086,0.2689075630252101,0.6608861593248966,0.7058823529411765,0.7857142857142857,17,14,primary_asymmetry
HipAngles_ax1_absLminusR,12,35.609503507614136,30.23755693435669,5.371946573257446,0.2773109243697479,0.6500639635797004,0.7058823529411765,0.8571428571428571,17,14,primary_asymmetry
HipAngles_ax1_absLminusR,13,33.603734254837036,28.56369435787201,5.040039896965027,0.2605042016806723,0.6547790706582749,0.7058823529411765,0.8571428571428571,17,14,primary_asymmetry
HipAngles_ax1_absLminusR,14,30.951746225357056,26.72658395767212,4.2251622676849365,0.2689075630252101,0.67101257179851,0.7058823529411765,0.8571428571428571,17,14,primary_asymmetry
HipAngles_ax1_absLminusR,15,28.084673166275024,24.512452363967896,3.572220802307129,0.2605042016806723,0.7102157277585643,0.6470588235294118,0.7857142857142857,17,14,primary_asymmetry
HipAngles_ax1_absLminusR,16,25.138843178749084,21.55850076675415,3.580342411994934,0.2689075630252101,0.7961925862547556,0.6470588235294118,0.7857142857142857,17,14,primary_asymmetry
HipAngles_ax1_absLminusR,17,22.150980949401855,18.300411462783813,3.850569486618042,0.2605042016806723,0.8872441873585769,0.6470588235294118,0.7857142857142857,17,14,primary_asymmetry
HipAngles_ax1_absLminusR,18,19.13798189163208,14.874836206436157,4.263145685195923,0.2773109243697479,0.9654338567524995,0.7058823529411765,0.8571428571428571,17,14,primary_asymmetry
HipAngles_ax1_absLminusR,19,15.843013763427734,11.37958836555481,4.463425397872925,0.2857142857142857,1.0683289592280039,0.7058823529411765,0.8571428571428571,17,14,primary_asymmetry
HipAngles_ax1_absLminusR,20,12.23463249206543,7.9586181640625,4.27601432800293,0.29411764705882354,1.2489150649789014,0.7058823529411765,0.8571428571428571,17,14,primary_asymmetry
HipAngles_ax1_absLminusR,21,8.495468139648438,4.764274597167969,3.7311935424804688,0.33613445378151263,1.6288946105046078,0.7058823529411765,0.7142857142857143,17,14,primary_asymmetry
HipAngles_ax1_absLminusR,22,4.808624267578125,2.459118366241455,2.34950590133667,0.37815126050420167,2.0651007575395326,0.7647058823529411,0.7142857142857143,17,14,primary_asymmetry
HipAngles_ax1_absLminusR,23,3.6375503540039062,2.8454065322875977,0.7921438217163086,0.21008403361344538,1.2563272493435056,0.5294117647058824,0.6428571428571429,17,14,primary_asymmetry
HipAngles_ax1_absLminusR,24,2.168478012084961,1.9662742614746094,0.20220375061035156,0.058823529411764705,0.1871541074775446,0.5294117647058824,0.5,17,14,primary_asymmetry
HipAngles_ax1_absLminusR,25,1.1928482055664062,2.369607925415039,-1.1767597198486328,-0.11764705882352941,-0.31087833436436113,0.5294117647058824,0.7142857142857143,17,14,primary_asymmetry
HipAngles_ax1_absLminusR,26,1.9938220977783203,3.0050697326660156,-1.0112476348876953,-0.13445378151260504,-1.00660196350689,0.6470588235294118,0.5714285714285714,17,14,primary_asymmetry
HipAngles_ax1_absLminusR,27,2.5847320556640625,3.5278525352478027,-0.9431204795837402,-0.17647058823529413,-1.2759951039412116,0.5294117647058824,0.5714285714285714,17,14,primary_asymmetry
HipAngles_ax1_absLminusR,28,4.389087677001953,5.662123680114746,-1.273036003112793,-0.08403361344537816,-0.7241794969320363,0.5882352941176471,0.5714285714285714,17,14,primary_asymmetry
HipAngles_ax1_absLminusR,29,7.218799591064453,7.169074058532715,0.04972553253173828,-0.08403361344537816,-0.7102162706078838,0.5294117647058824,0.5,17,14,primary_asymmetry
HipAngles_ax1_absLminusR,30,10.440835952758789,9.87828254699707,0.5625534057617188,-0.08403361344537816,-0.6816515260812486,0.5882352941176471,0.5714285714285714,17,14,primary_asymmetry
HipAngles_ax1_absLminusR,31,13.769148826599121,12.750289916992188,1.0188589096069336,-0.11764705882352941,-0.5977124642140881,0.5294117647058824,0.5714285714285714,17,14,primary_asymmetry
HipAngles_ax1_absLminusR,32,16.97873020172119,15.520533084869385,1.4581971168518066,-0.11764705882352941,-0.516698069829719,0.5294117647058824,0.5714285714285714,17,14,primary_asymmetry
HipAngles_ax1_absLminusR,33,19.0133056640625,18.183847904205322,0.8294577598571777,-0.12605042016806722,-0.42323408035405635,0.5294117647058824,0.5714285714285714,17,14,primary_asymmetry
HipAngles_ax1_absLminusR,34,20.588241577148438,20.59191083908081,-0.003669261932373047,-0.09243697478991597,-0.32050885030303466,0.5294117647058824,0.5,17,14,primary_asymmetry
HipAngles_ax1_absLminusR,35,21.999780654907227,22.37055802345276,-0.3707773685455322,-0.09243697478991597,-0.26501750747800507,0.5882352941176471,0.5,17,14,primary_asymmetry
HipAngles_ax1_absLminusR,36,23.49586296081543,24.042979836463928,-0.5471168756484985,-0.06722689075630252,-0.156886211025787,0.5294117647058824,0.5,17,14,primary_asymmetry
HipAngles_ax1_absLminusR,37,24.649362564086914,25.51353907585144,-0.8641765117645264,-0.03361344537815126,-0.04518293540424838,0.5294117647058824,0.5,17,14,primary_asymmetry
HipAngles_ax1_absLminusR,38,25.901390075683594,26.06399369239807,-0.16260361671447754,-0.05042016806722689,0.024610532195141404,0.5294117647058824,0.5714285714285714,17,14,primary_asymmetry
HipAngles_ax1_absLminusR,39,26.8426570892334,26.698426246643066,0.14423084259033203,-0.01680672268907563,0.07707781224308993,0.5882352941176471,0.5,17,14,primary_asymmetry
HipAngles_ax1_absLminusR,40,28.006757736206055,27.871872186660767,0.13488554954528809,-0.008403361344537815,0.11239460578091061,0.5294117647058824,0.5,17,14,primary_asymmetry
HipAngles_ax1_absLminusR,41,29.051246643066406,29.08232021331787,-0.031073570251464844,-0.008403361344537815,0.13952914322356158,0.5294117647058824,0.5,17,14,primary_asymmetry
HipAngles_ax1_absLminusR,42,29.991147994995117,30.23511654138565,-0.24396854639053345,-0.04201680672268908,0.16573483308983855,0.5882352941176471,0.5,17,14,primary_asymmetry
HipAngles_ax1_absLminusR,43,30.156166076660156,31.263614520430565,-1.1074484437704086,-0.03361344537815126,0.19083414954260666,0.5882352941176471,0.5714285714285714,17,14,primary_asymmetry
HipAngles_ax1_absLminusR,44,30.95442008972168,32.2502616699785,-1.2958415802568197,-0.04201680672268908,0.2048786578818745,0.5882352941176471,0.6428571428571429,17,14,primary_asymmetry
HipAngles_ax1_absLminusR,45,32.10094499588013,33.18100881949067,-1.0800638236105442,-0.05042016806722689,0.21942091233394748,0.6470588235294118,0.6428571428571429,17,14,primary_asymmetry
HipAngles_ax1_absLminusR,46,33.143370389938354,33.9687335640192,-0.8253631740808487,-0.07563025210084033,0.23837490655936536,0.6470588235294118,0.6428571428571429,17,14,primary_asymmetry
HipAngles_ax1_absLminusR,47,33.73241901397705,35.01612854003906,-1.2837095260620117,-0.058823529411764705,0.25862071353819427,0.6470588235294118,0.6428571428571429,17,14,primary_asymmetry
HipAngles_ax1_absLminusR,48,34.15380573272705,36.00215530395508,-1.8483495712280273,-0.07563025210084033,0.26945322621860146,0.7058823529411765,0.6428571428571429,17,14,primary_asymmetry
HipAngles_ax1_absLminusR,49,34.56339359283447,36.89047622680664,-2.327082633972168,-0.08403361344537816,0.2819575863822974,0.7058823529411765,0.6428571428571429,17,14,primary_asymmetry
HipAngles_ax1_absLminusR,50,34.92235469818115,37.80632305145264,-2.8839683532714844,-0.06722689075630252,0.3037188241194261,0.7058823529411765,0.6428571428571429,17,14,primary_asymmetry
HipAngles_ax1_absLminusR,51,35.607643127441406,38.551289558410645,-2.9436464309692383,-0.058823529411764705,0.3212576915633439,0.7058823529411765,0.6428571428571429,17,14,primary_asymmetry
HipAngles_ax1_absLminusR,52,35.96748924255371,39.173624992370605,-3.2061357498168945,-0.04201680672268908,0.3442305749690863,0.7058823529411765,0.6428571428571429,17,14,primary_asymmetry
HipAngles_ax1_absLminusR,53,36.144012451171875,39.49762439727783,-3.353611946105957,-0.008403361344537815,0.3568205716153931,0.7058823529411765,0.5714285714285714,17,14,primary_asymmetry
HipAngles_ax1_absLminusR,54,36.40328502655029,39.57323598861694,-3.1699509620666504,0.008403361344537815,0.3535705373385567,0.7058823529411765,0.5714285714285714,17,14,primary_asymmetry
HipAngles_ax1_absLminusR,55,36.401641845703125,39.34477519989014,-2.9431333541870117,0.0,0.32460876918550524,0.7058823529411765,0.5714285714285714,17,14,primary_asymmetry
HipAngles_ax1_absLminusR,56,35.98316287994385,39.01534366607666,-3.0321807861328125,-0.01680672268907563,0.28649847055096805,0.7058823529411765,0.5714285714285714,17,14,primary_asymmetry
HipAngles_ax1_absLminusR,57,35.421502113342285,38.268184185028076,-2.846682071685791,-0.025210084033613446,0.25757361323899775,0.7647058823529411,0.5714285714285714,17,14,primary_asymmetry
HipAngles_ax1_absLminusR,58,34.764923095703125,37.24250364303589,-2.4775805473327637,-0.03361344537815126,0.25357825263850453,0.6470588235294118,0.5714285714285714,17,14,primary_asymmetry
HipAngles_ax1_absLminusR,59,34.038790702819824,36.09135866165161,-2.052567958831787,-0.008403361344537815,0.23439053018363623,0.5882352941176471,0.5714285714285714,17,14,primary_asymmetry
HipAngles_ax1_absLminusR,60,33.17211723327637,34.85965013504028,-1.687532901763916,0.01680672268907563,0.18304309854389783,0.5294117647058824,0.5714285714285714,17,14,primary_asymmetry
HipAngles_ax1_absLminusR,61,31.989286422729492,33.56885385513306,-1.5795674324035645,-0.008403361344537815,0.10883377405393968,0.5294117647058824,0.5714285714285714,17,14,primary_asymmetry
HipAngles_ax1_absLminusR,62,30.44740104675293,32.08167617022991,-1.6342751234769821,-0.04201680672268908,0.039431610387102786,0.5294117647058824,0.6428571428571429,17,14,primary_asymmetry
HipAngles_ax1_absLminusR,63,28.768478393554688,31.585199236869812,-2.8167208433151245,-0.05042016806722689,-0.059395755646937665,0.6470588235294118,0.5714285714285714,17,14,primary_asymmetry
HipAngles_ax1_absLminusR,64,26.92484474182129,29.524399280548096,-2.5995545387268066,-0.058823529411764705,-0.18733566328664183,0.6470588235294118,0.5714285714285714,17,14,primary_asymmetry
HipAngles_ax1_absLminusR,65,24.80909538269043,26.740787029266357,-1.9316916465759277,-0.09243697478991597,-0.31762640932447544,0.6470588235294118,0.5714285714285714,17,14,primary_asymmetry
HipAngles_ax1_absLminusR,66,21.79076099395752,23.764611959457397,-1.973850965499878,-0.1092436974789916,-0.4274680291429733,0.6470588235294118,0.5714285714285714,17,14,primary_asymmetry
HipAngles_ax1_absLminusR,67,18.4731502532959,20.62786227464676,-2.1547120213508606,-0.13445378151260504,-0.5505565137823899,0.7058823529411765,0.5714285714285714,17,14,primary_asymmetry
HipAngles_ax1_absLminusR,68,15.356326580047607,17.2699893116951,-1.9136627316474915,-0.14285714285714285,-0.6917046559478035,0.7058823529411765,0.5714285714285714,17,14,primary_asymmetry
HipAngles_ax1_absLminusR,69,12.15577507019043,13.855605006217957,-1.6998299360275269,-0.16806722689075632,-0.8709751131075478,0.6470588235294118,0.5714285714285714,17,14,primary_asymmetry
HipAngles_ax1_absLminusR,70,8.935484886169434,10.332839965820312,-1.397355079650879,-0.19327731092436976,-0.9778671150888476,0.6470588235294118,0.5714285714285714,17,14,primary_asymmetry
HipAngles_ax1_absLminusR,71,5.72330379486084,6.908257007598877,-1.184953212738037,-0.21008403361344538,-1.0569361054656239,0.7058823529411765,0.6428571428571429,17,14,primary_asymmetry
HipAngles_ax1_absLminusR,72,3.044647216796875,4.011993885040283,-0.9673466682434082,-0.24369747899159663,-1.2008950112835308,0.6470588235294118,0.6428571428571429,17,14,primary_asymmetry
HipAngles_ax1_absLminusR,73,1.6331462860107422,2.3439817428588867,-0.7108354568481445,-0.21008403361344538,-0.9058228923386429,0.5294117647058824,0.5714285714285714,17,14,primary_asymmetry
HipAngles_ax1_absLminusR,74,2.64532470703125,3.429903984069824,-0.7845792770385742,-0.23529411764705882,-0.8943254435956586,0.7647058823529411,0.5714285714285714,17,14,primary_asymmetry
HipAngles_ax1_absLminusR,75,1.9137115478515625,3.0360288619995117,-1.1223173141479492,-0.31932773109243695,-1.0704031780872454,0.7647058823529411,0.7857142857142857,17,14,primary_asymmetry
HipAngles_ax1_absLminusR,76,2.4616012573242188,3.4185943603515625,-0.9569931030273438,-0.3025210084033613,-0.9323388915949552,0.7058823529411765,0.7857142857142857,17,14,primary_asymmetry
HipAngles_ax1_absLminusR,77,3.7219314575195312,4.643455982208252,-0.9215245246887207,-0.008403361344537815,0.3867989132907529,0.6470588235294118,0.6428571428571429,17,14,primary_asymmetry
HipAngles_ax1_absLminusR,78,6.5561065673828125,5.320270538330078,1.2358360290527344,0.16806722689075632,1.0790241536071365,0.7058823529411765,0.5714285714285714,17,14,primary_asymmetry
HipAngles_ax1_absLminusR,79,9.390644073486328,6.765540599822998,2.62510347366333,0.23529411764705882,1.527535036356313,0.8235294117647058,0.5714285714285714,17,14,primary_asymmetry
HipAngles_ax1_absLminusR,80,12.137813568115234,9.012989044189453,3.1248245239257812,0.23529411764705882,1.4739993804408804,0.7647058823529411,0.5714285714285714,17,14,primary_asymmetry
HipAngles_ax1_absLminusR,81,14.748523712158203,11.381122589111328,3.367401123046875,0.19327731092436976,1.2951269460046382,0.7647058823529411,0.5714285714285714,17,14,primary_asymmetry
HipAngles_ax1_absLminusR,82,17.293195724487305,13.769334316253662,3.5238614082336426,0.17647058823529413,1.1184840814091082,0.8235294117647058,0.5714285714285714,17,14,primary_asymmetry
HipAngles_ax1_absLminusR,83,19.255295753479004,16.13169002532959,3.123605728149414,0.14285714285714285,0.921955783280921,0.8235294117647058,0.5714285714285714,17,14,primary_asymmetry
HipAngles_ax1_absLminusR,84,21.60289478302002,18.360469818115234,3.242424964904785,0.15966386554621848,0.7700945091511341,0.7647058823529411,0.5714285714285714,17,14,primary_asymmetry
HipAngles_ax1_absLminusR,85,23.472002029418945,20.453553676605225,3.0184483528137207,0.15126050420168066,0.6625090437425248,0.7647058823529411,0.5714285714285714,17,14,primary_asymmetry
HipAngles_ax1_absLminusR,86,25.419851303100586,22.274088621139526,3.1457626819610596,0.16806722689075632,0.5819018945777039,0.7647058823529411,0.6428571428571429,17,14,primary_asymmetry
HipAngles_ax1_absLminusR,87,27.025975227355957,23.99783182144165,3.0281434059143066,0.18487394957983194,0.5279288589986644,0.7647058823529411,0.6428571428571429,17,14,primary_asymmetry
HipAngles_ax1_absLminusR,88,28.51416778564453,25.53729486465454,2.9768729209899902,0.21008403361344538,0.5094531798943246,0.7058823529411765,0.7142857142857143,17,14,primary_asymmetry
HipAngles_ax1_absLminusR,89,29.864712715148926,27.08815050125122,2.776562213897705,0.23529411764705882,0.4747536837585707,0.7058823529411765,0.7142857142857143,17,14,primary_asymmetry
HipAngles_ax1_absLminusR,90,30.900446891784668,28.25587558746338,2.644571304321289,0.2605042016806723,0.4393245836960698,0.7058823529411765,0.7142857142857143,17,14,primary_asymmetry
HipAngles_ax1_absLminusR,91,31.824594497680664,29.156282901763916,2.668311595916748,0.25210084033613445,0.3962853380718475,0.7058823529411765,0.7142857142857143,17,14,primary_asymmetry
HipAngles_ax1_absLminusR,92,32.83738899230957,29.948199033737183,2.8891899585723877,0.2605042016806723,0.3718459924667433,0.7058823529411765,0.8571428571428571,17,14,primary_asymmetry
HipAngles_ax1_absLminusR,93,33.61589586734772,30.69888734817505,2.9170085191726685,0.25210084033613445,0.34531724381401385,0.7058823529411765,0.8571428571428571,17,14,primary_asymmetry
HipAngles_ax1_absLminusR,94,34.200414419174194,31.408979892730713,2.7914345264434814,0.23529411764705882,0.31360042128468774,0.5882352941176471,0.8571428571428571,17,14,primary_asymmetry
HipAngles_ax1_absLminusR,95,34.69016695022583,32.12142634391785,2.5687406063079834,0.2184873949579832,0.28395884032950525,0.5882352941176471,0.7142857142857143,17,14,primary_asymmetry
HipAngles_ax1_absLminusR,96,34.93623113632202,32.83821225166321,2.0980188846588135,0.226890756302521,0.25844943095490563,0.5882352941176471,0.6428571428571429,17,14,primary_asymmetry
HipAngles_ax1_absLminusR,97,34.90522599220276,33.48538684844971,1.4198391437530518,0.226890756302521,0.24014853209374384,0.5294117647058824,0.5714285714285714,17,14,primary_asymmetry
HipAngles_ax1_absLminusR,98,34.79435086250305,33.88099026679993,0.913360595703125,0.21008403361344538,0.22330086179849631,0.5882352941176471,0.5714285714285714,17,14,primary_asymmetry
HipAngles_ax1_absLminusR,99,35.07574677467346,34.46205788850784,0.6136888861656189,0.18487394957983194,0.21243286959009558,0.6470588235294118,0.5,17,14,primary_asymmetry
HipAngles_ax1_absLminusR,100,35.84182155132294,35.15865249559283,0.6831690557301044,0.21008403361344538,0.19167220747737115,0.5882352941176471,0.5714285714285714,17,14,primary_asymmetry
KneeAngles_ax1_LminusR,0,-1.2676143646240234,-1.7803092002868652,0.5126948356628418,0.03361344537815126,0.30751525136634555,0.5294117647058824,0.5714285714285714,17,14,primary_asymmetry
KneeAngles_ax1_LminusR,1,-1.7670154571533203,-1.4276843070983887,-0.33933115005493164,0.03361344537815126,0.32468299410466855,0.5294117647058824,0.5714285714285714,17,14,primary_asymmetry
KneeAngles_ax1_LminusR,2,-1.505828857421875,-1.3178808689117432,-0.18794798851013184,0.058823529411764705,0.45990675635690675,0.5882352941176471,0.5,17,14,primary_asymmetry
KneeAngles_ax1_LminusR,3,-1.4667253494262695,-1.542346477508545,0.07562112808227539,0.06722689075630252,0.5545297621322103,0.5294117647058824,0.5,17,14,primary_asymmetry
KneeAngles_ax1_LminusR,4,-1.2640647888183594,-1.3400979042053223,0.07603311538696289,0.03361344537815126,0.5970623553067527,0.5294117647058824,0.5,17,14,primary_asymmetry
KneeAngles_ax1_LminusR,5,-1.3215246200561523,-1.9520587921142578,0.6305341720581055,0.04201680672268908,0.6724541518578528,0.5882352941176471,0.5714285714285714,17,14,primary_asymmetry
KneeAngles_ax1_LminusR,6,-1.407212257385254,-2.346787929534912,0.9395756721496582,0.09243697478991597,0.7058696520302307,0.6470588235294118,0.5714285714285714,17,14,primary_asymmetry
KneeAngles_ax1_LminusR,7,-1.2574539184570312,-2.18947172164917,0.9320178031921387,0.11764705882352941,0.8095141564899881,0.5882352941176471,0.5714285714285714,17,14,primary_asymmetry
KneeAngles_ax1_LminusR,8,-0.7016754150390625,-2.51753568649292,1.8158602714538574,0.14285714285714285,0.8703683280572412,0.5882352941176471,0.5714285714285714,17,14,primary_asymmetry
KneeAngles_ax1_LminusR,9,-0.7503452301025391,-2.7495956420898438,1.9992504119873047,0.23529411764705882,1.0397085683403224,0.6470588235294118,0.5714285714285714,17,14,primary_asymmetry
KneeAngles_ax1_LminusR,10,-1.6533098220825195,-3.068161964416504,1.4148521423339844,0.2689075630252101,1.12525768105323,0.7647058823529411,0.5714285714285714,17,14,primary_asymmetry
KneeAngles_ax1_LminusR,11,-1.2786064147949219,-2.8660354614257812,1.5874290466308594,0.21008403361344538,1.2116502556188207,0.6470588235294118,0.5714285714285714,17,14,primary_asymmetry
KneeAngles_ax1_LminusR,12,-0.4938678741455078,-3.871845245361328,3.3779773712158203,0.21008403361344538,1.2389289146597846,0.6470588235294118,0.6428571428571429,17,14,primary_asymmetry
KneeAngles_ax1_LminusR,13,1.7625102996826172,-5.019566535949707,6.782076835632324,0.24369747899159663,1.2063294894906353,0.7058823529411765,0.7142857142857143,17,14,primary_asymmetry
KneeAngles_ax1_LminusR,14,3.9790611267089844,-5.717239856719971,9.696300983428955,0.23529411764705882,1.1570733698080429,0.6470588235294118,0.7142857142857143,17,14,primary_asymmetry
KneeAngles_ax1_LminusR,15,4.7345170974731445,-6.195555686950684,10.930072784423828,0.226890756302521,1.0771793439652744,0.6470588235294118,0.7142857142857143,17,14,primary_asymmetry
KneeAngles_ax1_LminusR,16,6.663050651550293,-6.3161702156066895,12.979220867156982,0.21008403361344538,0.9934254637747002,0.6470588235294118,0.7142857142857143,17,14,primary_asymmetry
KneeAngles_ax1_LminusR,17,10.010200500488281,-8.325210094451904,18.335410594940186,0.20168067226890757,0.9794607656135755,0.6470588235294118,0.7142857142857143,17,14,primary_asymmetry
KneeAngles_ax1_LminusR,18,12.847602844238281,-10.783596992492676,23.631199836730957,0.17647058823529413,0.9705947751239817,0.6470588235294118,0.7142857142857143,17,14,primary_asymmetry
KneeAngles_ax1_LminusR,19,16.082721710205078,-13.21691608428955,29.29963779449463,0.15126050420168066,0.9515371669077887,0.6470588235294118,0.6428571428571429,17,14,primary_asymmetry
KneeAngles_ax1_LminusR,20,19.5772762298584,-15.521220684051514,35.09849691390991,0.15126050420168066,0.9519519869014474,0.6470588235294118,0.6428571428571429,17,14,primary_asymmetry
KneeAngles_ax1_LminusR,21,23.161821365356445,-17.634992599487305,40.79681396484375,0.18487394957983194,0.9789857076755525,0.6470588235294118,0.6428571428571429,17,14,primary_asymmetry
KneeAngles_ax1_LminusR,22,26.679555892944336,-19.55515432357788,46.23471021652222,0.23529411764705882,1.0057317329046234,0.6470588235294118,0.6428571428571429,17,14,primary_asymmetry
KneeAngles_ax1_LminusR,23,30.010461807250977,-21.172510623931885,51.18297243118286,0.226890756302521,1.0235273529993272,0.6470588235294118,0.6428571428571429,17,14,primary_asymmetry
KneeAngles_ax1_LminusR,24,32.762685775756836,-22.355833530426025,55.11851930618286,0.226890756302521,1.032306997680039,0.6470588235294118,0.6428571428571429,17,14,primary_asymmetry
KneeAngles_ax1_LminusR,25,33.60379886627197,-23.09093952178955,56.69473838806152,0.21008403361344538,1.02276688477886,0.6470588235294118,0.6428571428571429,17,14,primary_asymmetry
KneeAngles_ax1_LminusR,26,34.22179698944092,-22.935804843902588,57.157601833343506,0.25210084033613445,1.0199145288672264,0.6470588235294118,0.6428571428571429,17,14,primary_asymmetry
KneeAngles_ax1_LminusR,27,34.64167499542236,-22.583786487579346,57.22546148300171,0.25210084033613445,1.0171256217791713,0.6470588235294118,0.6428571428571429,17,14,primary_asymmetry
KneeAngles_ax1_LminusR,28,34.757808685302734,-21.693541049957275,56.45134973526001,0.2184873949579832,1.0085316789395724,0.6470588235294118,0.6428571428571429,17,14,primary_asymmetry
KneeAngles_ax1_LminusR,29,34.47118282318115,-20.42878532409668,54.89996814727783,0.20168067226890757,0.9850065379713704,0.6470588235294118,0.6428571428571429,17,14,primary_asymmetry
KneeAngles_ax1_LminusR,30,33.919793128967285,-19.102943420410156,53.02273654937744,0.16806722689075632,0.9567780160789976,0.6470588235294118,0.6428571428571429,17,14,primary_asymmetry
KneeAngles_ax1_LminusR,31,33.022536277770996,-17.308438777923584,50.33097505569458,0.16806722689075632,0.9326798034189177,0.6470588235294118,0.6428571428571429,17,14,primary_asymmetry
KneeAngles_ax1_LminusR,32,31.55032444000244,-15.380268096923828,46.93059253692627,0.17647058823529413,0.9180577366162629,0.6470588235294118,0.6428571428571429,17,14,primary_asymmetry
KneeAngles_ax1_LminusR,33,29.320063591003418,-13.350486755371094,42.67055034637451,0.18487394957983194,0.9020427378578637,0.6470588235294118,0.6428571428571429,17,14,primary_asymmetry
KneeAngles_ax1_LminusR,34,26.738054275512695,-11.255207061767578,37.99326133728027,0.17647058823529413,0.8759460229317877,0.6470588235294118,0.6428571428571429,17,14,primary_asymmetry
KneeAngles_ax1_LminusR,35,23.86324977874756,-9.142820358276367,33.006070137023926,0.16806722689075632,0.8350486899729447,0.6470588235294118,0.6428571428571429,17,14,primary_asymmetry
KneeAngles_ax1_LminusR,36,20.71845817565918,-6.997898101806641,27.71635627746582,0.16806722689075632,0.7905023769713619,0.6470588235294118,0.6428571428571429,17,14,primary_asymmetry
KneeAngles_ax1_LminusR,37,17.294821739196777,-4.800755023956299,22.095576763153076,0.17647058823529413,0.72929091416906,0.6470588235294118,0.6428571428571429,17,14,primary_asymmetry
KneeAngles_ax1_LminusR,38,13.677559852600098,-2.6670761108398438,16.34463596343994,0.15126050420168066,0.6519079468550462,0.6470588235294118,0.6428571428571429,17,14,primary_asymmetry
KneeAngles_ax1_LminusR,39,9.793591499328613,-0.6691126823425293,10.462704181671143,0.16806722689075632,0.5648412876054657,0.5882352941176471,0.6428571428571429,17,14,primary_asymmetry
KneeAngles_ax1_LminusR,40,7.333202362060547,0.428800106048584,6.904402256011963,0.15126050420168066,0.46985783441416246,0.5882352941176471,0.6428571428571429,17,14,primary_asymmetry
KneeAngles_ax1_LminusR,41,3.6748886108398438,0.3100271224975586,3.364861488342285,0.1092436974789916,0.44215340168003997,0.5882352941176471,0.5,17,14,primary_asymmetry
KneeAngles_ax1_LminusR,42,0.08400344848632812,-1.694915771484375,1.7789192199707031,0.08403361344537816,0.36670276254706596,0.5882352941176471,0.5,17,14,primary_asymmetry
KneeAngles_ax1_LminusR,43,-1.1754350662231445,-2.1094799041748047,0.9340448379516602,0.08403361344537816,0.24702746783399737,0.6470588235294118,0.5714285714285714,17,14,primary_asymmetry
KneeAngles_ax1_LminusR,44,-1.1670989990234375,-1.5467541217803955,0.379655122756958,0.04201680672268908,0.22663822251785704,0.5882352941176471,0.5,17,14,primary_asymmetry
KneeAngles_ax1_LminusR,45,-1.3458003997802734,-1.3083665370941162,-0.03743386268615723,0.008403361344537815,0.11021576190951757,0.5294117647058824,0.5714285714285714,17,14,primary_asymmetry
KneeAngles_ax1_LminusR,46,-1.535585880279541,-1.2386469841003418,-0.2969388961791992,-0.05042016806722689,0.1392596302756689,0.5294117647058824,0.5714285714285714,17,14,primary_asymmetry
KneeAngles_ax1_LminusR,47,-1.6835289001464844,-1.5278985500335693,-0.15563035011291504,-0.05042016806722689,0.11274077912118358,0.5294117647058824,0.5,17,14,primary_asymmetry
KneeAngles_ax1_LminusR,48,-1.3697023391723633,-1.1019458770751953,-0.26775646209716797,0.04201680672268908,0.2945129740957707,0.5294117647058824,0.5,17,14,primary_asymmetry
KneeAngles_ax1_LminusR,49,-1.9599543809890747,-1.6664572209119797,-0.29349716007709503,-0.01680672268907563,0.09892788063402289,0.5294117647058824,0.5714285714285714,17,14,primary_asymmetry
KneeAngles_ax1_LminusR,50,-2.8957366943359375,-1.5136720687150955,-1.382064625620842,-0.04201680672268908,-0.057921597740578167,0.5882352941176471,0.5714285714285714,17,14,primary_asymmetry
KneeAngles_ax1_LminusR,51,-3.4405648708343506,-1.7295893942937255,-1.710975476540625,-0.025210084033613446,-0.1650081690384421,0.6470588235294118,0.5714285714285714,17,14,primary_asymmetry
KneeAngles_ax1_LminusR,52,-4.1027292013168335,-2.7308952808380127,-1.3718339204788208,-0.025210084033613446,-0.157282652043037,0.5882352941176471,0.5714285714285714,17,14,primary_asymmetry
KneeAngles_ax1_LminusR,53,-3.520472526550293,-2.865201473236084,-0.655271053314209,-0.008403361344537815,-0.1350998708822491,0.5882352941176471,0.5,17,14,primary_asymmetry
KneeAngles_ax1_LminusR,54,-3.769397735595703,-3.1523356437683105,-0.6170620918273926,0.025210084033613446,-0.07762315210412964,0.5294117647058824,0.5,17,14,primary_asymmetry
KneeAngles_ax1_LminusR,55,-3.5761728286743164,-3.733417272567749,0.15724444389343262,0.05042016806722689,-0.05713268028778071,0.5294117647058824,0.5,17,14,primary_asymmetry
KneeAngles_ax1_LminusR,56,-3.527681350708008,-4.46592116355896,0.9382398128509521,0.058823529411764705,-0.07490815564336104,0.6470588235294118,0.5,17,14,primary_asymmetry
KneeAngles_ax1_LminusR,57,-3.660451889038086,-5.141304969787598,1.4808530807495117,0.06722689075630252,0.0019198215809681156,0.7058823529411765,0.5714285714285714,17,14,primary_asymmetry
KneeAngles_ax1_LminusR,58,-2.653095245361328,-4.606743335723877,1.9536480903625488,0.025210084033613446,-0.05369499962670135,0.5882352941176471,0.5714285714285714,17,14,primary_asymmetry
KneeAngles_ax1_LminusR,59,-2.046529769897461,-3.9172191619873047,1.8706893920898438,0.025210084033613446,-0.19917621957487866,0.5882352941176471,0.5714285714285714,17,14,primary_asymmetry
KneeAngles_ax1_LminusR,60,-1.2689990997314453,-3.6997551918029785,2.430756092071533,0.0,-0.2825472031794253,0.5882352941176471,0.5714285714285714,17,14,primary_asymmetry
KneeAngles_ax1_LminusR,61,-0.8205318450927734,-4.5683064460754395,3.747774600982666,-0.01680672268907563,-0.34035001361487227,0.5882352941176471,0.5714285714285714,17,14,primary_asymmetry
KneeAngles_ax1_LminusR,62,-1.8218307495117188,-5.6639604568481445,3.842129707336426,-0.05042016806722689,-0.42782255803177477,0.5294117647058824,0.5714285714285714,17,14,primary_asymmetry
KneeAngles_ax1_LminusR,63,-3.6889820098876953,-5.273059844970703,1.5840778350830078,-0.10084033613445378,-0.5727476350832105,0.5294117647058824,0.5714285714285714,17,14,primary_asymmetry
KneeAngles_ax1_LminusR,64,-6.904701232910156,-3.7727603912353516,-3.1319408416748047,-0.13445378151260504,-0.6786332267506119,0.5882352941176471,0.5714285714285714,17,14,primary_asymmetry
KneeAngles_ax1_LminusR,65,-9.421655654907227,-0.5672626495361328,-8.854393005371094,-0.13445378151260504,-0.7992430174549595,0.5882352941176471,0.7142857142857143,17,14,primary_asymmetry
KneeAngles_ax1_LminusR,66,-13.905887603759766,3.1209487915039062,-17.026836395263672,-0.13445378151260504,-0.8769761143363061,0.5882352941176471,0.7142857142857143,17,14,primary_asymmetry
KneeAngles_ax1_LminusR,67,-17.341873168945312,6.736972808837891,-24.078845977783203,-0.15126050420168066,-0.8898371704913189,0.6470588235294118,0.7142857142857143,17,14,primary_asymmetry
KneeAngles_ax1_LminusR,68,-20.4854793548584,8.983597755432129,-29.469077110290527,-0.15126050420168066,-0.9051615289848243,0.6470588235294118,0.7142857142857143,17,14,primary_asymmetry
KneeAngles_ax1_LminusR,69,-23.612905502319336,10.997975826263428,-34.610881328582764,-0.17647058823529413,-0.9197700495481732,0.6470588235294118,0.7142857142857143,17,14,primary_asymmetry
KneeAngles_ax1_LminusR,70,-26.776702880859375,12.965396881103516,-39.74209976196289,-0.17647058823529413,-0.9413274930251594,0.6470588235294118,0.7142857142857143,17,14,primary_asymmetry
KneeAngles_ax1_LminusR,71,-29.949312210083008,14.764240264892578,-44.713552474975586,-0.20168067226890757,-0.9578938378237334,0.6470588235294118,0.7142857142857143,17,14,primary_asymmetry
KneeAngles_ax1_LminusR,72,-33.0591983795166,16.118446826934814,-49.177645206451416,-0.2184873949579832,-0.9713224824191957,0.6470588235294118,0.7142857142857143,17,14,primary_asymmetry
KneeAngles_ax1_LminusR,73,-35.958003997802734,17.102425575256348,-53.06042957305908,-0.226890756302521,-0.9658607726936596,0.6470588235294118,0.7142857142857143,17,14,primary_asymmetry
KneeAngles_ax1_LminusR,74,-38.537424087524414,17.92513132095337,-56.46255540847778,-0.20168067226890757,-0.9517215597573846,0.6470588235294118,0.6428571428571429,17,14,primary_asymmetry
KneeAngles_ax1_LminusR,75,-40.74952507019043,18.397692680358887,-59.147217750549316,-0.20168067226890757,-0.9330625983512189,0.6470588235294118,0.7142857142857143,17,14,primary_asymmetry
KneeAngles_ax1_LminusR,76,-42.33695411682129,18.76914930343628,-61.10610342025757,-0.20168067226890757,-0.9280619597220712,0.6470588235294118,0.7142857142857143,17,14,primary_asymmetry
KneeAngles_ax1_LminusR,77,-43.03264236450195,19.038180351257324,-62.07082271575928,-0.18487394957983194,-0.9135398602421119,0.6470588235294118,0.7142857142857143,17,14,primary_asymmetry
KneeAngles_ax1_LminusR,78,-43.406877517700195,19.13596534729004,-62.542842864990234,-0.15126050420168066,-0.8934676614906694,0.6470588235294118,0.7142857142857143,17,14,primary_asymmetry
KneeAngles_ax1_LminusR,79,-42.82395362854004,18.7932710647583,-61.61722469329834,-0.14285714285714285,-0.8785848982721421,0.6470588235294118,0.7142857142857143,17,14,primary_asymmetry
KneeAngles_ax1_LminusR,80,-41.19259071350098,18.1642427444458,-59.35683345794678,-0.15126050420168066,-0.8657960420646849,0.6470588235294118,0.7142857142857143,17,14,primary_asymmetry
KneeAngles_ax1_LminusR,81,-38.449167251586914,17.367666721343994,-55.81683397293091,-0.15126050420168066,-0.8608180212199876,0.6470588235294118,0.7142857142857143,17,14,primary_asymmetry
KneeAngles_ax1_LminusR,82,-35.05327606201172,16.5274977684021,-51.58077383041382,-0.14285714285714285,-0.8555580570520556,0.6470588235294118,0.7142857142857143,17,14,primary_asymmetry
KneeAngles_ax1_LminusR,83,-31.10912322998047,15.498417854309082,-46.60754108428955,-0.14285714285714285,-0.8503687348837369,0.6470588235294118,0.6428571428571429,17,14,primary_asymmetry
KneeAngles_ax1_LminusR,84,-26.463144302368164,14.26186990737915,-40.725014209747314,-0.15126050420168066,-0.8470359410190047,0.6470588235294118,0.6428571428571429,17,14,primary_asymmetry
KneeAngles_ax1_LminusR,85,-21.350311279296875,12.801526546478271,-34.15183782577515,-0.16806722689075632,-0.844184189295236,0.6470588235294118,0.6428571428571429,17,14,primary_asymmetry
KneeAngles_ax1_LminusR,86,-15.66802978515625,11.115563154220581,-26.78359293937683,-0.20168067226890757,-0.8368852817501058,0.6470588235294118,0.6428571428571429,17,14,primary_asymmetry
KneeAngles_ax1_LminusR,87,-9.560894012451172,9.232675075531006,-18.793569087982178,-0.19327731092436976,-0.8184574092889108,0.6470588235294118,0.6428571428571429,17,14,primary_asymmetry
KneeAngles_ax1_LminusR,88,-5.466917037963867,7.184858322143555,-12.651775360107422,-0.20168067226890757,-0.7827781881574971,0.6470588235294118,0.6428571428571429,17,14,primary_asymmetry
KneeAngles_ax1_LminusR,89,-5.707179546356201,4.962402820587158,-10.66958236694336,-0.19327731092436976,-0.7315250122886839,0.6470588235294118,0.6428571428571429,17,14,primary_asymmetry
KneeAngles_ax1_LminusR,90,-5.693596601486206,2.902435064315796,-8.596031665802002,-0.19327731092436976,-0.7290873551098476,0.5882352941176471,0.6428571428571429,17,14,primary_asymmetry
KneeAngles_ax1_LminusR,91,-5.209937572479248,1.103024959564209,-6.312962532043457,-0.21008403361344538,-0.714074112624947,0.5294117647058824,0.6428571428571429,17,14,primary_asymmetry
KneeAngles_ax1_LminusR,92,-4.483274698257446,-1.1065788269042969,-3.3766958713531494,-0.15966386554621848,-0.6860321958940027,0.5882352941176471,0.5714285714285714,17,14,primary_asymmetry
KneeAngles_ax1_LminusR,93,-4.014970779418945,-1.9561443328857422,-2.058826446533203,-0.13445378151260504,-0.6306067831992681,0.5882352941176471,0.5714285714285714,17,14,primary_asymmetry
KneeAngles_ax1_LminusR,94,-2.3909473419189453,-0.9800076484680176,-1.4109396934509277,-0.11764705882352941,-0.5361369813024868,0.5882352941176471,0.5714285714285714,17,14,primary_asymmetry
KneeAngles_ax1_LminusR,95,-1.5973587036132812,-0.6176419258117676,-0.9797167778015137,-0.15126050420168066,-0.47541369580573556,0.6470588235294118,0.6428571428571429,17,14,primary_asymmetry
KneeAngles_ax1_LminusR,96,-0.9434814453125,-1.1435655355453491,0.20008409023284912,-0.008403361344537815,-0.06276043571845778,0.5882352941176471,0.5714285714285714,17,14,primary_asymmetry
KneeAngles_ax1_LminusR,97,-0.8286771774291992,-1.6916005611419678,0.8629233837127686,-0.01680672268907563,0.06250172947549903,0.6470588235294118,0.5714285714285714,17,14,primary_asymmetry
KneeAngles_ax1_LminusR,98,-1.347334861755371,-1.5731099843978882,0.2257751226425171,0.025210084033613446,0.2757730515229445,0.5882352941176471,0.5,17,14,primary_asymmetry
KneeAngles_ax1_LminusR,99,-1.072617530822754,-1.2016563415527344,0.12903881072998047,0.008403361344537815,0.3765220876763267,0.5294117647058824,0.5,17,14,primary_asymmetry
KneeAngles_ax1_LminusR,100,-0.8416962623596191,-1.1441285610198975,0.3024322986602783,0.07563025210084033,0.7131756201250191,0.5294117647058824,0.5,17,14,primary_asymmetry
KneeAngles_ax1_absLminusR,0,2.296715259552002,2.2691293954849243,0.027585864067077637,-0.058823529411764705,-0.6981613620630787,0.5294117647058824,0.5,17,14,primary_asymmetry
KneeAngles_ax1_absLminusR,1,2.4377102851867676,2.708259806036949,-0.2705495208501816,-0.04201680672268908,-0.810537296277606,0.5294117647058824,0.5714285714285714,17,14,primary_asymmetry
KneeAngles_ax1_absLminusR,2,2.904176712036133,2.800077438354492,0.10409927368164062,-0.09243697478991597,-0.9439950927763155,0.5294117647058824,0.5,17,14,primary_asymmetry
KneeAngles_ax1_absLminusR,3,2.4693527221679688,2.5003697872161865,-0.031017065048217773,-0.1092436974789916,-0.996889842608368,0.5294117647058824,0.5,17,14,primary_asymmetry
KneeAngles_ax1_absLminusR,4,2.4261789321899414,2.1279821395874023,0.29819679260253906,-0.07563025210084033,-0.9559749790207825,0.5294117647058824,0.5714285714285714,17,14,primary_asymmetry
KneeAngles_ax1_absLminusR,5,2.283885955810547,2.5014026165008545,-0.21751666069030762,-0.17647058823529413,-1.024708883984848,0.5294117647058824,0.5714285714285714,17,14,primary_asymmetry
KneeAngles_ax1_absLminusR,6,2.228578567504883,3.2599563598632812,-1.0313777923583984,-0.18487394957983194,-1.0339068607846735,0.5294117647058824,0.6428571428571429,17,14,primary_asymmetry
KneeAngles_ax1_absLminusR,7,3.4775094985961914,4.2462317943573,-0.7687222957611084,-0.23529411764705882,-1.143811673479066,0.8235294117647058,0.5714285714285714,17,14,primary_asymmetry
KneeAngles_ax1_absLminusR,8,3.330120086669922,4.248539924621582,-0.9184198379516602,-0.2605042016806723,-1.1882250771022262,0.8235294117647058,0.5714285714285714,17,14,primary_asymmetry
KneeAngles_ax1_absLminusR,9,3.7265729904174805,3.9958419799804688,-0.2692689895629883,-0.14285714285714285,-0.7727874721139093,0.5882352941176471,0.5,17,14,primary_asymmetry
KneeAngles_ax1_absLminusR,10,3.8467578887939453,3.764112949371338,0.08264493942260742,-0.15966386554621848,-0.8655620030999664,0.5294117647058824,0.5714285714285714,17,14,primary_asymmetry
KneeAngles_ax1_absLminusR,11,3.7955474853515625,4.746039390563965,-0.9504919052124023,-0.18487394957983194,-1.032276864373517,0.6470588235294118,0.6428571428571429,17,14,primary_asymmetry
KneeAngles_ax1_absLminusR,12,4.376473426818848,6.018775463104248,-1.6423020362854004,-0.226890756302521,-1.1639531120032327,0.6470588235294118,0.7142857142857143,17,14,primary_asymmetry
KneeAngles_ax1_absLminusR,13,6.295880317687988,7.965131759643555,-1.6692514419555664,-0.15126050420168066,-0.9570662665287396,0.6470588235294118,0.6428571428571429,17,14,primary_asymmetry
KneeAngles_ax1_absLminusR,14,9.140701293945312,10.341108322143555,-1.2004070281982422,-0.08403361344537816,-0.6706156719106938,0.5882352941176471,0.5714285714285714,17,14,primary_asymmetry
KneeAngles_ax1_absLminusR,15,12.421636581420898,13.625726699829102,-1.2040901184082031,-0.05042016806722689,-0.33177197140872056,0.5882352941176471,0.5714285714285714,17,14,primary_asymmetry
KneeAngles_ax1_absLminusR,16,15.860685348510742,17.323387145996094,-1.4627017974853516,-0.03361344537815126,-0.20837158049065416,0.5882352941176471,0.5714285714285714,17,14,primary_asymmetry
KneeAngles_ax1_absLminusR,17,19.419204711914062,20.87793731689453,-1.4587326049804688,-0.058823529411764705,-0.167960957970528,0.5294117647058824,0.5714285714285714,17,14,primary_asymmetry
KneeAngles_ax1_absLminusR,18,23.1290340423584,24.35576343536377,-1.226729393005371,-0.03361344537815126,-0.08553703901613366,0.5294117647058824,0.5714285714285714,17,14,primary_asymmetry
KneeAngles_ax1_absLminusR,19,26.969892501831055,27.756056785583496,-0.7861642837524414,-0.008403361344537815,-0.011622335946036203,0.5294117647058824,0.5,17,14,primary_asymmetry
KneeAngles_ax1_absLminusR,20,31.097293853759766,31.14739418029785,-0.05010032653808594,-0.025210084033613446,0.024635964666375576,0.5294117647058824,0.5,17,14,primary_asymmetry
KneeAngles_ax1_absLminusR,21,34.5543270111084,35.00739097595215,-0.45306396484375,-0.03361344537815126,0.01587883118820896,0.5882352941176471,0.5714285714285714,17,14,primary_asymmetry
KneeAngles_ax1_absLminusR,22,36.726985931396484,38.22078514099121,-1.4937992095947266,-0.07563025210084033,-0.028053960290469356,0.7058823529411765,0.5714285714285714,17,14,primary_asymmetry
KneeAngles_ax1_absLminusR,23,38.18077278137207,40.25755977630615,-2.076786994934082,-0.058823529411764705,-0.10425719141630123,0.6470588235294118,0.5714285714285714,17,14,primary_asymmetry
KneeAngles_ax1_absLminusR,24,40.023468017578125,42.028687477111816,-2.0052194595336914,-0.14285714285714285,-0.18133241521155805,0.6470588235294118,0.6428571428571429,17,14,primary_asymmetry
KneeAngles_ax1_absLminusR,25,41.52569580078125,43.02470397949219,-1.4990081787109375,-0.17647058823529413,-0.23292665901083515,0.5882352941176471,0.7142857142857143,17,14,primary_asymmetry
KneeAngles_ax1_absLminusR,26,42.69493293762207,44.1908540725708,-1.4959211349487305,-0.20168067226890757,-0.2775871358584221,0.5294117647058824,0.7142857142857143,17,14,primary_asymmetry
KneeAngles_ax1_absLminusR,27,43.49654769897461,44.25331115722656,-0.7567634582519531,-0.17647058823529413,-0.3057754624265195,0.5882352941176471,0.6428571428571429,17,14,primary_asymmetry
KneeAngles_ax1_absLminusR,28,43.82149696350098,44.40499019622803,-0.5834932327270508,-0.20168067226890757,-0.32804765280822,0.6470588235294118,0.5714285714285714,17,14,primary_asymmetry
KneeAngles_ax1_absLminusR,29,43.62544631958008,44.488850593566895,-0.8634042739868164,-0.21008403361344538,-0.3619516571292332,0.6470588235294118,0.6428571428571429,17,14,primary_asymmetry
KneeAngles_ax1_absLminusR,30,43.07990074157715,44.3785982131958,-1.2986974716186523,-0.2184873949579832,-0.41431465236724396,0.7647058823529411,0.6428571428571429,17,14,primary_asymmetry
KneeAngles_ax1_absLminusR,31,42.54247856140137,44.04454231262207,-1.5020637512207031,-0.2184873949579832,-0.4541583848916257,0.7647058823529411,0.6428571428571429,17,14,primary_asymmetry
KneeAngles_ax1_absLminusR,32,40.70028877258301,42.913989543914795,-2.213700771331787,-0.20168067226890757,-0.47991882811808284,0.7647058823529411,0.6428571428571429,17,14,primary_asymmetry
KneeAngles_ax1_absLminusR,33,38.5490779876709,41.20349931716919,-2.654421329498291,-0.2184873949579832,-0.5260522757004893,0.7058823529411765,0.6428571428571429,17,14,primary_asymmetry
KneeAngles_ax1_absLminusR,34,36.08286094665527,39.04162073135376,-2.9587597846984863,-0.226890756302521,-0.5841290225896739,0.6470588235294118,0.6428571428571429,17,14,primary_asymmetry
KneeAngles_ax1_absLminusR,35,33.67724609375,36.232757329940796,-2.555511236190796,-0.20168067226890757,-0.587983088048047,0.6470588235294118,0.6428571428571429,17,14,primary_asymmetry
KneeAngles_ax1_absLminusR,36,30.85998249053955,32.987658977508545,-2.127676486968994,-0.19327731092436976,-0.5482705951479475,0.5294117647058824,0.6428571428571429,17,14,primary_asymmetry
KneeAngles_ax1_absLminusR,37,27.750242233276367,29.30720090866089,-1.5569586753845215,-0.17647058823529413,-0.49110800462301457,0.5294117647058824,0.6428571428571429,17,14,primary_asymmetry
KneeAngles_ax1_absLminusR,38,24.40053367614746,25.477734327316284,-1.0772006511688232,-0.13445378151260504,-0.420031758476745,0.5294117647058824,0.6428571428571429,17,14,primary_asymmetry
KneeAngles_ax1_absLminusR,39,20.837849617004395,20.917170763015747,-0.07932114601135254,-0.08403361344537816,-0.29957181368918323,0.5294117647058824,0.5,17,14,primary_asymmetry
KneeAngles_ax1_absLminusR,40,17.151442527770996,16.64771842956543,0.5037240982055664,-0.07563025210084033,-0.2540398217827462,0.5294117647058824,0.5,17,14,primary_asymmetry
KneeAngles_ax1_absLminusR,41,12.725418090820312,12.278031349182129,0.4473867416381836,-0.11764705882352941,-0.4664526581570114,0.5294117647058824,0.5,17,14,primary_asymmetry
KneeAngles_ax1_absLminusR,42,8.296301484107971,8.879362106323242,-0.583060622215271,-0.12605042016806722,-0.5582752468810589,0.5294117647058824,0.5714285714285714,17,14,primary_asymmetry
KneeAngles_ax1_absLminusR,43,5.557208061218262,5.820411205291748,-0.26320314407348633,-0.14285714285714285,-0.6455113584723559,0.5294117647058824,0.5,17,14,primary_asymmetry
KneeAngles_ax1_absLminusR,44,3.909566879272461,5.223204851150513,-1.3136379718780518,-0.04201680672268908,-0.20354606431895364,0.5294117647058824,0.5714285714285714,17,14,primary_asymmetry
KneeAngles_ax1_absLminusR,45,2.0108728408813477,3.9421908855438232,-1.9313180446624756,-0.01680672268907563,-0.23156279542766656,0.6470588235294118,0.6428571428571429,17,14,primary_asymmetry
KneeAngles_ax1_absLminusR,46,1.882722020149231,2.5841598510742188,-0.7014378309249878,-0.06722689075630252,-0.1601904246625672,0.5882352941176471,0.6428571428571429,17,14,primary_asymmetry
KneeAngles_ax1_absLminusR,47,1.7443256378173828,2.0260093808174133,-0.2816837430000305,-0.1092436974789916,-0.166743452777164,0.5882352941176471,0.7142857142857143,17,14,primary_asymmetry
KneeAngles_ax1_absLminusR,48,2.1584272384643555,2.2246084213256836,-0.06618118286132812,0.008403361344537815,0.021291448915597325,0.5882352941176471,0.5714285714285714,17,14,primary_asymmetry
KneeAngles_ax1_absLminusR,49,3.5913219451904297,2.50496244430542,1.0863595008850098,0.1092436974789916,0.3979077537477008,0.5294117647058824,0.6428571428571429,17,14,primary_asymmetry
KneeAngles_ax1_absLminusR,50,4.199287414550781,2.6225120574235916,1.5767753571271896,0.15966386554621848,0.7050728262121133,0.7058823529411765,0.6428571428571429,17,14,primary_asymmetry
KneeAngles_ax1_absLminusR,51,4.564143180847168,3.2097458159551024,1.3543973648920655,0.226890756302521,0.8811715009139873,0.7058823529411765,0.6428571428571429,17,14,primary_asymmetry
KneeAngles_ax1_absLminusR,52,4.695976734161377,3.4831159114837646,1.2128608226776123,0.21008403361344538,0.7986888504488908,0.7058823529411765,0.6428571428571429,17,14,primary_asymmetry
KneeAngles_ax1_absLminusR,53,4.402117729187012,3.956343173980713,0.44577455520629883,0.13445378151260504,0.6118718789753175,0.5882352941176471,0.5714285714285714,17,14,primary_asymmetry
KneeAngles_ax1_absLminusR,54,4.050215721130371,4.292761325836182,-0.24254560470581055,0.08403361344537816,0.43221148811206833,0.5882352941176471,0.5714285714285714,17,14,primary_asymmetry
KneeAngles_ax1_absLminusR,55,3.9331130981445312,4.7899253368377686,-0.8568122386932373,-0.008403361344537815,0.2153861976751603,0.6470588235294118,0.5714285714285714,17,14,primary_asymmetry
KneeAngles_ax1_absLminusR,56,4.12507438659668,5.3352625370025635,-1.2101881504058838,0.0,0.2810397957222387,0.6470588235294118,0.5714285714285714,17,14,primary_asymmetry
KneeAngles_ax1_absLminusR,57,4.55948281288147,5.315290689468384,-0.7558078765869141,-0.025210084033613446,0.30150683704408393,0.6470588235294118,0.6428571428571429,17,14,primary_asymmetry
KneeAngles_ax1_absLminusR,58,5.018470764160156,5.180820941925049,-0.16235017776489258,-0.03361344537815126,0.3586511944003309,0.5294117647058824,0.5,17,14,primary_asymmetry
KneeAngles_ax1_absLminusR,59,5.5604095458984375,5.16227388381958,0.3981356620788574,-0.03361344537815126,0.36124964398457593,0.5294117647058824,0.5,17,14,primary_asymmetry
KneeAngles_ax1_absLminusR,60,5.971992492675781,5.781257152557373,0.1907353401184082,0.0,0.42951856345569883,0.5294117647058824,0.5,17,14,primary_asymmetry
KneeAngles_ax1_absLminusR,61,6.711568832397461,6.522212982177734,0.18935585021972656,0.01680672268907563,0.43062300088022804,0.5882352941176471,0.5714285714285714,17,14,primary_asymmetry
KneeAngles_ax1_absLminusR,62,8.276147842407227,6.276368141174316,1.9997797012329102,0.09243697478991597,0.7068322734660425,0.6470588235294118,0.6428571428571429,17,14,primary_asymmetry
KneeAngles_ax1_absLminusR,63,9.218986511230469,7.347578525543213,1.8714079856872559,0.1092436974789916,1.0770594528777009,0.7058823529411765,0.6428571428571429,17,14,primary_asymmetry
KneeAngles_ax1_absLminusR,64,10.689029693603516,8.530223369598389,2.158806324005127,0.2184873949579832,1.4217216178335348,0.6470588235294118,0.5714285714285714,17,14,primary_asymmetry
KneeAngles_ax1_absLminusR,65,13.525491714477539,10.815021514892578,2.710470199584961,0.29411764705882354,1.7318320184679752,0.7058823529411765,0.5714285714285714,17,14,primary_asymmetry
KneeAngles_ax1_absLminusR,66,17.108341217041016,14.095571517944336,3.0127696990966797,0.2773109243697479,1.8226965603348662,0.7058823529411765,0.5714285714285714,17,14,primary_asymmetry
KneeAngles_ax1_absLminusR,67,21.125635147094727,17.683865547180176,3.441769599914551,0.29411764705882354,1.8183312418129867,0.7647058823529411,0.6428571428571429,17,14,primary_asymmetry
KneeAngles_ax1_absLminusR,68,25.131481170654297,21.505600929260254,3.625880241394043,0.3025210084033613,1.7936468423030163,0.7647058823529411,0.6428571428571429,17,14,primary_asymmetry
KneeAngles_ax1_absLminusR,69,28.769775390625,24.859749794006348,3.9100255966186523,0.31092436974789917,1.7071405182077388,0.8235294117647058,0.6428571428571429,17,14,primary_asymmetry
KneeAngles_ax1_absLminusR,70,32.771806716918945,28.217540740966797,4.554265975952148,0.3025210084033613,1.5871937197687256,0.8235294117647058,0.5714285714285714,17,14,primary_asymmetry
KneeAngles_ax1_absLminusR,71,35.95186805725098,31.45138931274414,4.500478744506836,0.2857142857142857,1.3923470403151856,0.8235294117647058,0.6428571428571429,17,14,primary_asymmetry
KneeAngles_ax1_absLminusR,72,38.00061798095703,34.09689521789551,3.9037227630615234,0.2605042016806723,1.190131900398592,0.8235294117647058,0.6428571428571429,17,14,primary_asymmetry
KneeAngles_ax1_absLminusR,73,40.37331008911133,36.698890686035156,3.674419403076172,0.25210084033613445,1.0280929049659109,0.8235294117647058,0.6428571428571429,17,14,primary_asymmetry
KneeAngles_ax1_absLminusR,74,42.13422393798828,39.615838050842285,2.518385887145996,0.19327731092436976,0.8649083256308016,0.7058823529411765,0.5714285714285714,17,14,primary_asymmetry
KneeAngles_ax1_absLminusR,75,43.287588119506836,42.04251480102539,1.2450733184814453,0.18487394957983194,0.7382496213256724,0.5882352941176471,0.5,17,14,primary_asymmetry
KneeAngles_ax1_absLminusR,76,44.016366958618164,42.94876527786255,1.0676016807556152,0.16806722689075632,0.6641423313050885,0.5882352941176471,0.5,17,14,primary_asymmetry
KneeAngles_ax1_absLminusR,77,45.019710540771484,43.1604118347168,1.8592987060546875,0.15126050420168066,0.6105988950907822,0.6470588235294118,0.5,17,14,primary_asymmetry
KneeAngles_ax1_absLminusR,78,45.73961162567139,43.094552993774414,2.6450586318969727,0.10084033613445378,0.5632618875051577,0.7647058823529411,0.5,17,14,primary_asymmetry
KneeAngles_ax1_absLminusR,79,45.72761535644531,42.40673065185547,3.3208847045898438,0.10084033613445378,0.5496785225088323,0.7647058823529411,0.5714285714285714,17,14,primary_asymmetry
KneeAngles_ax1_absLminusR,80,44.01983642578125,41.404393672943115,2.6154427528381348,0.1092436974789916,0.5381435238152252,0.7058823529411765,0.5,17,14,primary_asymmetry
KneeAngles_ax1_absLminusR,81,42.91330146789551,40.00580549240112,2.9074959754943848,0.11764705882352941,0.5216182137026159,0.7058823529411765,0.5,17,14,primary_asymmetry
KneeAngles_ax1_absLminusR,82,41.99742126464844,38.37614822387695,3.6212730407714844,0.1092436974789916,0.5036575310754798,0.7058823529411765,0.5,17,14,primary_asymmetry
KneeAngles_ax1_absLminusR,83,40.5451021194458,36.577317237854004,3.967784881591797,0.10084033613445378,0.48867808592026124,0.6470588235294118,0.5714285714285714,17,14,primary_asymmetry
KneeAngles_ax1_absLminusR,84,38.42086410522461,34.478883028030396,3.941981077194214,0.1092436974789916,0.4735335161273879,0.6470588235294118,0.5714285714285714,17,14,primary_asymmetry
KneeAngles_ax1_absLminusR,85,36.05020999908447,32.27546811103821,3.7747418880462646,0.1092436974789916,0.4662396444067658,0.6470588235294118,0.5714285714285714,17,14,primary_asymmetry
KneeAngles_ax1_absLminusR,86,33.460737228393555,29.649391174316406,3.8113460540771484,0.12605042016806722,0.49463509594911703,0.6470588235294118,0.5714285714285714,17,14,primary_asymmetry
KneeAngles_ax1_absLminusR,87,30.566078186035156,26.81785750389099,3.748220682144165,0.13445378151260504,0.5398753254986779,0.6470588235294118,0.5714285714285714,17,14,primary_asymmetry
KneeAngles_ax1_absLminusR,88,27.393585205078125,23.510414123535156,3.8831710815429688,0.15126050420168066,0.5922154965888103,0.6470588235294118,0.7142857142857143,17,14,primary_asymmetry
KneeAngles_ax1_absLminusR,89,24.13879919052124,19.800122261047363,4.338676929473877,0.18487394957983194,0.7282435504797001,0.6470588235294118,0.7142857142857143,17,14,primary_asymmetry
KneeAngles_ax1_absLminusR,90,20.484661102294922,15.872623443603516,4.612037658691406,0.21008403361344538,0.8424858641896941,0.7058823529411765,0.7142857142857143,17,14,primary_asymmetry
KneeAngles_ax1_absLminusR,91,16.584938049316406,11.702803611755371,4.882134437561035,0.19327731092436976,0.9133352624417902,0.7058823529411765,0.7142857142857143,17,14,primary_asymmetry
KneeAngles_ax1_absLminusR,92,13.431005477905273,8.853071212768555,4.577934265136719,0.19327731092436976,0.9902446011266828,0.7058823529411765,0.7142857142857143,17,14,primary_asymmetry
KneeAngles_ax1_absLminusR,93,8.315969467163086,6.462440252304077,1.8535292148590088,0.15966386554621848,1.02825986892819,0.6470588235294118,0.5714285714285714,17,14,primary_asymmetry
KneeAngles_ax1_absLminusR,94,5.059528708457947,5.281935691833496,-0.22240698337554932,0.01680672268907563,0.4513943988778255,0.5294117647058824,0.6428571428571429,17,14,primary_asymmetry
KneeAngles_ax1_absLminusR,95,2.759641647338867,4.248298406600952,-1.488656759262085,-0.025210084033613446,-0.05844807122548927,0.5882352941176471,0.6428571428571429,17,14,primary_asymmetry
KneeAngles_ax1_absLminusR,96,2.264242172241211,3.395305871963501,-1.13106369972229,-0.17647058823529413,-0.6319630448752068,0.5882352941176471,0.6428571428571429,17,14,primary_asymmetry
KneeAngles_ax1_absLminusR,97,1.403228759765625,2.378800868988037,-0.9755721092224121,-0.14285714285714285,-0.5836700581454971,0.5294117647058824,0.8571428571428571,17,14,primary_asymmetry
KneeAngles_ax1_absLminusR,98,2.7889561653137207,2.991185963153839,-0.2022297978401184,-0.04201680672268908,-0.5007035928940888,0.5294117647058824,0.5714285714285714,17,14,primary_asymmetry
KneeAngles_ax1_absLminusR,99,2.3269405364990234,2.1180579662323,0.20888257026672363,-0.03361344537815126,-0.594289002717195,0.5294117647058824,0.5714285714285714,17,14,primary_asymmetry
KneeAngles_ax1_absLminusR,100,2.045175552368164,2.1443185210227966,-0.09914296865463257,-0.07563025210084033,-0.7146606990597816,0.5294117647058824,0.5,17,14,primary_asymmetry
AnkleAngles_ax1_LminusR,0,-0.0498347282409668,-0.20228338241577148,0.1524486541748047,0.058823529411764705,0.6483948747381844,0.5294117647058824,0.5,17,14,primary_asymmetry
AnkleAngles_ax1_LminusR,1,-0.1906294822692871,-0.22047042846679688,0.029840946197509766,0.08403361344537816,0.6826670777733391,0.5294117647058824,0.5,17,14,primary_asymmetry
AnkleAngles_ax1_LminusR,2,-0.23747730255126953,-0.49171924591064453,0.254241943359375,0.07563025210084033,0.70956851618397,0.5294117647058824,0.5,17,14,primary_asymmetry
AnkleAngles_ax1_LminusR,3,-0.3621664047241211,-0.7226369380950928,0.3604705333709717,0.11764705882352941,0.7614063418049702,0.5294117647058824,0.5714285714285714,17,14,primary_asymmetry
AnkleAngles_ax1_LminusR,4,-0.6485252380371094,-1.0142860412597656,0.36576080322265625,0.09243697478991597,0.6718051781142007,0.5882352941176471,0.5,17,14,primary_asymmetry
AnkleAngles_ax1_LminusR,5,-0.2769341468811035,-1.3152523040771484,1.038318157196045,0.08403361344537816,0.6359796058025742,0.6470588235294118,0.6428571428571429,17,14,primary_asymmetry
AnkleAngles_ax1_LminusR,6,0.49027156829833984,-1.3710851669311523,1.8613567352294922,0.14285714285714285,0.8038971141419035,0.6470588235294118,0.6428571428571429,17,14,primary_asymmetry
AnkleAngles_ax1_LminusR,7,1.0404086112976074,-1.0186188220977783,2.0590274333953857,0.15966386554621848,0.8002588894998058,0.6470588235294118,0.7142857142857143,17,14,primary_asymmetry
AnkleAngles_ax1_LminusR,8,0.5896468162536621,-0.563478410243988,1.1531252264976501,0.18487394957983194,0.7801849037546991,0.6470588235294118,0.6428571428571429,17,14,primary_asymmetry
AnkleAngles_ax1_LminusR,9,-0.8777043670415878,-0.2540457844734192,-0.6236585825681686,0.1092436974789916,0.5750332099706742,0.5294117647058824,0.6428571428571429,17,14,primary_asymmetry
AnkleAngles_ax1_LminusR,10,0.281430721282959,-0.5724325031042099,0.8538632243871689,0.15966386554621848,0.771315913654825,0.6470588235294118,0.6428571428571429,17,14,primary_asymmetry
AnkleAngles_ax1_LminusR,11,0.004700183868408203,-0.4131777957081795,0.4178779795765877,0.07563025210084033,0.5825255794340636,0.5294117647058824,0.5714285714285714,17,14,primary_asymmetry
AnkleAngles_ax1_LminusR,12,-0.01185595989227295,-1.0604652166366577,1.0486092567443848,0.15126050420168066,0.9439941758558434,0.6470588235294118,0.6428571428571429,17,14,primary_asymmetry
AnkleAngles_ax1_LminusR,13,1.2681283950805664,0.17013009637594223,1.0979982987046242,0.19327731092436976,1.0036460796724418,0.7058823529411765,0.5714285714285714,17,14,primary_asymmetry
AnkleAngles_ax1_LminusR,14,1.7047814950346947,0.14574944972991943,1.5590320453047752,0.13445378151260504,0.7471441737657534,0.6470588235294118,0.6428571428571429,17,14,primary_asymmetry
AnkleAngles_ax1_LminusR,15,0.21692132949829102,0.563676193356514,-0.34675486385822296,0.058823529411764705,0.4807939852936737,0.5294117647058824,0.5,17,14,primary_asymmetry
AnkleAngles_ax1_LminusR,16,-4.708014726638794,0.004567831754684448,-4.712582558393478,0.04201680672268908,0.2064034078563496,0.5294117647058824,0.6428571428571429,17,14,primary_asymmetry
AnkleAngles_ax1_LminusR,17,-7.146095469594002,3.055849182419479,-10.20194465201348,0.05042016806722689,-0.03489197080573796,0.5882352941176471,0.6428571428571429,17,14,primary_asymmetry
AnkleAngles_ax1_LminusR,18,-7.197146415710449,5.556759297847748,-12.753905713558197,0.01680672268907563,-0.2428244416450247,0.5882352941176471,0.6428571428571429,17,14,primary_asymmetry
AnkleAngles_ax1_LminusR,19,-6.218085765838623,5.4452855587005615,-11.663371324539185,0.0,-0.3410802854223936,0.5882352941176471,0.6428571428571429,17,14,primary_asymmetry
AnkleAngles_ax1_LminusR,20,-5.401258707046509,4.948104381561279,-10.349363088607788,-0.01680672268907563,-0.38840972855092976,0.5882352941176471,0.6428571428571429,17,14,primary_asymmetry
AnkleAngles_ax1_LminusR,21,-5.418064832687378,4.508970141410828,-9.927034974098206,-0.01680672268907563,-0.3818404648594371,0.5882352941176471,0.6428571428571429,17,14,primary_asymmetry
AnkleAngles_ax1_LminusR,22,-5.155615329742432,4.081251621246338,-9.23686695098877,-0.05042016806722689,-0.3663391745069951,0.5882352941176471,0.6428571428571429,17,14,primary_asymmetry
AnkleAngles_ax1_LminusR,23,-4.263503789901733,3.673486441373825,-7.9369902312755585,-0.04201680672268908,-0.339079482838423,0.5882352941176471,0.6428571428571429,17,14,primary_asymmetry
AnkleAngles_ax1_LminusR,24,-3.538081645965576,3.281798332929611,-6.819879978895187,-0.04201680672268908,-0.3072740689119526,0.5882352941176471,0.6428571428571429,17,14,primary_asymmetry
AnkleAngles_ax1_LminusR,25,-3.158566474914551,2.85454460978508,-6.013111084699631,-0.058823529411764705,-0.2725535855066943,0.5882352941176471,0.7142857142857143,17,14,primary_asymmetry
AnkleAngles_ax1_LminusR,26,-2.412485122680664,2.2942811585962772,-4.706766281276941,-0.06722689075630252,-0.2672950630720018,0.5882352941176471,0.7142857142857143,17,14,primary_asymmetry
AnkleAngles_ax1_LminusR,27,-1.879384994506836,1.4008713960647583,-3.2802563905715942,-0.08403361344537816,-0.30032954114230165,0.5882352941176471,0.7142857142857143,17,14,primary_asymmetry
AnkleAngles_ax1_LminusR,28,-1.6352100372314453,1.0058567523956299,-2.641066789627075,-0.10084033613445378,-0.30776848662418144,0.5882352941176471,0.7857142857142857,17,14,primary_asymmetry
AnkleAngles_ax1_LminusR,29,-1.492262840270996,1.2698599100112915,-2.7621227502822876,-0.11764705882352941,-0.3048344757063574,0.7058823529411765,0.7857142857142857,17,14,primary_asymmetry
AnkleAngles_ax1_LminusR,30,-1.216756820678711,1.1331169605255127,-2.3498737812042236,-0.13445378151260504,-0.24250484844544828,0.7058823529411765,0.7857142857142857,17,14,primary_asymmetry
AnkleAngles_ax1_LminusR,31,-0.726839542388916,0.25731611251831055,-0.9841556549072266,-0.10084033613445378,-0.15654709297027894,0.5882352941176471,0.6428571428571429,17,14,primary_asymmetry
AnkleAngles_ax1_LminusR,32,-0.5022134780883789,0.00042808055877685547,-0.5026415586471558,-0.025210084033613446,-0.03845740534612481,0.5882352941176471,0.5714285714285714,17,14,primary_asymmetry
AnkleAngles_ax1_LminusR,33,-0.33717823028564453,-0.19081223011016846,-0.14636600017547607,-0.025210084033613446,0.04952113818931236,0.5294117647058824,0.5,17,14,primary_asymmetry
AnkleAngles_ax1_LminusR,34,-0.35958194732666016,-0.24003219604492188,-0.11954975128173828,-0.03361344537815126,0.039857618963748016,0.5294117647058824,0.5,17,14,primary_asymmetry
AnkleAngles_ax1_LminusR,35,-0.8267974853515625,-0.10453152656555176,-0.7222659587860107,-0.07563025210084033,0.0199545493943557,0.5882352941176471,0.5714285714285714,17,14,primary_asymmetry
AnkleAngles_ax1_LminusR,36,-1.1513614654541016,-0.3128221035003662,-0.8385393619537354,-0.06722689075630252,-0.01846330808236656,0.5294117647058824,0.5714285714285714,17,14,primary_asymmetry
AnkleAngles_ax1_LminusR,37,-1.7425203323364258,-0.1994163990020752,-1.5431039333343506,-0.10084033613445378,-0.20034847672727546,0.5294117647058824,0.7142857142857143,17,14,primary_asymmetry
AnkleAngles_ax1_LminusR,38,-2.397400379180908,-0.03319740295410156,-2.3642029762268066,-0.12605042016806722,-0.4036106964380913,0.5882352941176471,0.7857142857142857,17,14,primary_asymmetry
AnkleAngles_ax1_LminusR,39,-2.4087629318237305,-0.2360548973083496,-2.172708034515381,-0.15966386554621848,-0.5976465827210852,0.6470588235294118,0.7857142857142857,17,14,primary_asymmetry
AnkleAngles_ax1_LminusR,40,-1.7531061172485352,-0.29761838912963867,-1.4554877281188965,-0.24369747899159663,-0.7924552571503009,0.6470588235294118,0.7857142857142857,17,14,primary_asymmetry
AnkleAngles_ax1_LminusR,41,-2.2603988647460938,-0.3133420944213867,-1.947056770324707,-0.31092436974789917,-1.024418386125395,0.6470588235294118,0.7857142857142857,17,14,primary_asymmetry
AnkleAngles_ax1_LminusR,42,-3.2124929428100586,-0.2841329574584961,-2.9283599853515625,-0.35294117647058826,-1.3322371274712845,0.6470588235294118,0.7857142857142857,17,14,primary_asymmetry
AnkleAngles_ax1_LminusR,43,-3.7162561416625977,-0.40953874588012695,-3.3067173957824707,-0.35294117647058826,-1.4810578608666223,0.6470588235294118,0.7857142857142857,17,14,primary_asymmetry
AnkleAngles_ax1_LminusR,44,-3.6904172897338867,-0.4002079963684082,-3.2902092933654785,-0.33613445378151263,-1.509631329285385,0.6470588235294118,0.7857142857142857,17,14,primary_asymmetry
AnkleAngles_ax1_LminusR,45,-3.4681358337402344,-0.2525825500488281,-3.2155532836914062,-0.3445378151260504,-1.5468462708836181,0.6470588235294118,0.7857142857142857,17,14,primary_asymmetry
AnkleAngles_ax1_LminusR,46,-3.046706199645996,-0.21074819564819336,-2.8359580039978027,-0.3445378151260504,-1.5489422479428,0.7058823529411765,0.7142857142857143,17,14,primary_asymmetry
AnkleAngles_ax1_LminusR,47,-3.1340761184692383,-0.13659334182739258,-2.9974827766418457,-0.33613445378151263,-1.5314168382468782,0.7058823529411765,0.7142857142857143,17,14,primary_asymmetry
AnkleAngles_ax1_LminusR,48,-2.7201156616210938,0.11007118225097656,-2.8301868438720703,-0.2857142857142857,-1.4558572230096873,0.7058823529411765,0.6428571428571429,17,14,primary_asymmetry
AnkleAngles_ax1_LminusR,49,-2.1305408477783203,0.3082442283630371,-2.4387850761413574,-0.2689075630252101,-1.4025185164523184,0.7647058823529411,0.6428571428571429,17,14,primary_asymmetry
AnkleAngles_ax1_LminusR,50,-1.7406587600708008,0.35268735885620117,-2.093346118927002,-0.2605042016806723,-1.4398760736886433,0.7647058823529411,0.5714285714285714,17,14,primary_asymmetry
AnkleAngles_ax1_LminusR,51,-1.7795064449310303,0.19687509536743164,-1.976381540298462,-0.2857142857142857,-1.4494321990935088,0.7647058823529411,0.6428571428571429,17,14,primary_asymmetry
AnkleAngles_ax1_LminusR,52,-1.7662529945373535,0.5947480201721191,-2.3610010147094727,-0.3025210084033613,-1.4741082939982464,0.7647058823529411,0.6428571428571429,17,14,primary_asymmetry
AnkleAngles_ax1_LminusR,53,-1.651900291442871,1.583818793296814,-3.235719084739685,-0.31932773109243695,-1.5339262543902965,0.8235294117647058,0.6428571428571429,17,14,primary_asymmetry
AnkleAngles_ax1_LminusR,54,-1.4594669342041016,1.5319478511810303,-2.991414785385132,-0.3445378151260504,-1.5813646014383498,0.8235294117647058,0.6428571428571429,17,14,primary_asymmetry
AnkleAngles_ax1_LminusR,55,-2.9238343238830566,1.165602684020996,-4.089437007904053,-0.37815126050420167,-1.5328151027030168,0.8235294117647058,0.7857142857142857,17,14,primary_asymmetry
AnkleAngles_ax1_LminusR,56,-3.0120716094970703,0.680876612663269,-3.6929482221603394,-0.33613445378151263,-1.3195438176018255,0.7647058823529411,0.7857142857142857,17,14,primary_asymmetry
AnkleAngles_ax1_LminusR,57,-3.213358759880066,0.15739373210817575,-3.3707524919882417,-0.3277310924369748,-1.1384005034261093,0.7647058823529411,0.7857142857142857,17,14,primary_asymmetry
AnkleAngles_ax1_LminusR,58,-1.4018201231956482,-0.06375336647033691,-1.3380667567253113,-0.29411764705882354,-0.9655757032060722,0.7058823529411765,0.7142857142857143,17,14,primary_asymmetry
AnkleAngles_ax1_LminusR,59,-1.9261970520019531,-0.09669792652130127,-1.8294991254806519,-0.2184873949579832,-0.7265119883720755,0.7058823529411765,0.7857142857142857,17,14,primary_asymmetry
AnkleAngles_ax1_LminusR,60,-0.9922016263008118,-0.004452347755432129,-0.9877492785453796,-0.12605042016806722,-0.56375435091407,0.5882352941176471,0.5714285714285714,17,14,primary_asymmetry
AnkleAngles_ax1_LminusR,61,-1.1986926198005676,-1.3473324626684189,0.14863984286785126,-0.025210084033613446,-0.39422963393084615,0.5294117647058824,0.5,17,14,primary_asymmetry
AnkleAngles_ax1_LminusR,62,-0.3024503290653229,-2.231849104166031,1.929398775100708,0.10084033613445378,-0.2046974072005839,0.6470588235294118,0.7142857142857143,17,14,primary_asymmetry
AnkleAngles_ax1_LminusR,63,0.5081318616867065,-2.4309835582971573,2.939115419983864,0.15126050420168066,-0.08994723975281821,0.7058823529411765,0.7142857142857143,17,14,primary_asymmetry
AnkleAngles_ax1_LminusR,64,1.000086173415184,-2.659388665109873,3.659474838525057,0.09243697478991597,-0.08815842315258185,0.6470588235294118,0.7142857142857143,17,14,primary_asymmetry
AnkleAngles_ax1_LminusR,65,3.0414698719978333,-3.727318026125431,6.768787898123264,0.01680672268907563,-0.08284803481617765,0.5882352941176471,0.7142857142857143,17,14,primary_asymmetry
AnkleAngles_ax1_LminusR,66,4.537638068199158,-4.876912415027618,9.414550483226776,-0.008403361344537815,0.04784927913079938,0.5882352941176471,0.6428571428571429,17,14,primary_asymmetry
AnkleAngles_ax1_LminusR,67,5.472724735736847,-5.4327086210250854,10.905433356761932,0.0,0.2135146476783615,0.5882352941176471,0.6428571428571429,17,14,primary_asymmetry
AnkleAngles_ax1_LminusR,68,6.630643129348755,-6.114812910556793,12.745456039905548,0.01680672268907563,0.3460674117063269,0.6470588235294118,0.6428571428571429,17,14,primary_asymmetry
AnkleAngles_ax1_LminusR,69,7.917234241962433,-6.411366641521454,14.328600883483887,0.05042016806722689,0.4413173804637827,0.6470588235294118,0.6428571428571429,17,14,primary_asymmetry
AnkleAngles_ax1_LminusR,70,5.851704299449921,-6.318628191947937,12.170332491397858,0.058823529411764705,0.4692999509665581,0.6470588235294118,0.6428571428571429,17,14,primary_asymmetry
AnkleAngles_ax1_LminusR,71,4.586737632751465,-5.848859429359436,10.4355970621109,0.058823529411764705,0.47503816213304406,0.6470588235294118,0.6428571428571429,17,14,primary_asymmetry
AnkleAngles_ax1_LminusR,72,3.749883249402046,-5.37458460777998,9.124467857182026,0.058823529411764705,0.4877174081858862,0.6470588235294118,0.6428571428571429,17,14,primary_asymmetry
AnkleAngles_ax1_LminusR,73,2.8502609729766846,-4.68735389970243,7.537614872679114,0.06722689075630252,0.47627791288818583,0.6470588235294118,0.6428571428571429,17,14,primary_asymmetry
AnkleAngles_ax1_LminusR,74,1.849335789680481,-4.003210574388504,5.852546364068985,0.058823529411764705,0.43656965829312017,0.6470588235294118,0.5714285714285714,17,14,primary_asymmetry
AnkleAngles_ax1_LminusR,75,0.8664548397064209,-3.318761944770813,4.185216784477234,0.04201680672268908,0.3563290428644296,0.6470588235294118,0.5714285714285714,17,14,primary_asymmetry
AnkleAngles_ax1_LminusR,76,1.0710430033504963,-2.87188583612442,3.9429288394749165,0.058823529411764705,0.22694809834195165,0.5882352941176471,0.5714285714285714,17,14,primary_asymmetry
AnkleAngles_ax1_LminusR,77,1.4436902403831482,-0.8172786757349968,2.260968916118145,0.01680672268907563,0.09249740911289145,0.5294117647058824,0.6428571428571429,17,14,primary_asymmetry
AnkleAngles_ax1_LminusR,78,0.8855819702148438,-0.6535136587917805,1.5390956290066242,0.0,0.010341854526186925,0.5294117647058824,0.6428571428571429,17,14,primary_asymmetry
AnkleAngles_ax1_LminusR,79,0.7188410758972168,-1.5337906032800674,2.2526316791772842,-0.008403361344537815,-0.07183114229871723,0.5294117647058824,0.6428571428571429,17,14,primary_asymmetry
AnkleAngles_ax1_LminusR,80,0.7951517105102539,-1.4288007616996765,2.2239524722099304,-0.01680672268907563,-0.13833988976184655,0.5294117647058824,0.6428571428571429,17,14,primary_asymmetry
AnkleAngles_ax1_LminusR,81,0.8112120628356934,-1.2656539678573608,2.076866030693054,-0.025210084033613446,-0.24004820421368936,0.5294117647058824,0.5714285714285714,17,14,primary_asymmetry
AnkleAngles_ax1_LminusR,82,0.7415146827697754,-1.0767669677734375,1.818281650543213,-0.05042016806722689,-0.3770295609364365,0.5294117647058824,0.5714285714285714,17,14,primary_asymmetry
AnkleAngles_ax1_LminusR,83,0.3516883850097656,-0.746272087097168,1.0979604721069336,-0.05042016806722689,-0.43448946094610574,0.5294117647058824,0.5714285714285714,17,14,primary_asymmetry
AnkleAngles_ax1_LminusR,84,-0.1345667839050293,-0.812497615814209,0.6779308319091797,-0.05042016806722689,-0.42373850742591174,0.5294117647058824,0.5714285714285714,17,14,primary_asymmetry
AnkleAngles_ax1_LminusR,85,-0.7869176864624023,-0.6649875640869141,-0.12193012237548828,-0.07563025210084033,-0.44759706170159164,0.5294117647058824,0.5,17,14,primary_asymmetry
AnkleAngles_ax1_LminusR,86,-1.1396656036376953,-0.7318820953369141,-0.40778350830078125,-0.06722689075630252,-0.46719952961423905,0.5294117647058824,0.5,17,14,primary_asymmetry
AnkleAngles_ax1_LminusR,87,-0.8101816177368164,-0.7613613605499268,-0.04882025718688965,-0.09243697478991597,-0.4534789858342305,0.5294117647058824,0.5,17,14,primary_asymmetry
AnkleAngles_ax1_LminusR,88,-0.46972036361694336,-0.6416018009185791,0.17188143730163574,-0.09243697478991597,-0.4203462667158152,0.5294117647058824,0.5,17,14,primary_asymmetry
AnkleAngles_ax1_LminusR,89,-0.7976160049438477,-0.8835017681121826,0.08588576316833496,-0.09243697478991597,-0.32662163616121853,0.5294117647058824,0.5,17,14,primary_asymmetry
AnkleAngles_ax1_LminusR,90,-1.0698304176330566,-0.9947504997253418,-0.07507991790771484,-0.07563025210084033,-0.2600514632079239,0.5294117647058824,0.5,17,14,primary_asymmetry
AnkleAngles_ax1_LminusR,91,-1.317075252532959,-1.080488920211792,-0.236586332321167,-0.04201680672268908,-0.18966840113828426,0.5294117647058824,0.5,17,14,primary_asymmetry
AnkleAngles_ax1_LminusR,92,-1.3673348426818848,-0.8341104984283447,-0.53322434425354,0.0,-0.09951922482486955,0.5294117647058824,0.5,17,14,primary_asymmetry
AnkleAngles_ax1_LminusR,93,-0.6236991882324219,-0.9691874980926514,0.3454883098602295,0.03361344537815126,0.0030826745217284288,0.5294117647058824,0.5,17,14,primary_asymmetry
AnkleAngles_ax1_LminusR,94,-0.49540281295776367,-0.9570696353912354,0.4616668224334717,0.06722689075630252,0.15183483124667962,0.5294117647058824,0.5,17,14,primary_asymmetry
AnkleAngles_ax1_LminusR,95,-0.37325191497802734,-0.9028944969177246,0.5296425819396973,0.04201680672268908,0.24839428782693,0.5882352941176471,0.5,17,14,primary_asymmetry
AnkleAngles_ax1_LminusR,96,-0.4668898582458496,-0.47241926193237305,0.0055294036865234375,0.04201680672268908,0.2675019031362259,0.5294117647058824,0.5,17,14,primary_asymmetry
AnkleAngles_ax1_LminusR,97,-0.41199636459350586,-0.10631859302520752,-0.30567777156829834,0.04201680672268908,0.23036935847438195,0.5882352941176471,0.5,17,14,primary_asymmetry
AnkleAngles_ax1_LminusR,98,-1.1501235961914062,0.24665510654449463,-1.3967787027359009,0.01680672268907563,0.1146095666650192,0.6470588235294118,0.5,17,14,primary_asymmetry
AnkleAngles_ax1_LminusR,99,-0.5999937057495117,0.1341550350189209,-0.7341487407684326,0.03361344537815126,0.2326762341051574,0.5882352941176471,0.5,17,14,primary_asymmetry
AnkleAngles_ax1_LminusR,100,0.10952377319335938,0.010946512222290039,0.09857726097106934,0.09243697478991597,0.4473631494685169,0.5294117647058824,0.5,17,14,primary_asymmetry
AnkleAngles_ax1_absLminusR,0,4.420197486877441,4.016469955444336,0.40372753143310547,-0.025210084033613446,-0.43307118538836276,0.5882352941176471,0.5714285714285714,17,14,primary_asymmetry
AnkleAngles_ax1_absLminusR,1,4.066884994506836,4.543395519256592,-0.47651052474975586,-0.09243697478991597,-0.5937234533271304,0.5294117647058824,0.5,17,14,primary_asymmetry
AnkleAngles_ax1_absLminusR,2,4.3104095458984375,4.769683361053467,-0.4592738151550293,-0.1092436974789916,-0.5977127073658226,0.6470588235294118,0.5,17,14,primary_asymmetry
AnkleAngles_ax1_absLminusR,3,4.130487442016602,4.717912673950195,-0.5874252319335938,-0.1092436974789916,-0.5735158483308829,0.5882352941176471,0.6428571428571429,17,14,primary_asymmetry
AnkleAngles_ax1_absLminusR,4,4.614221572875977,4.950858116149902,-0.3366365432739258,-0.12605042016806722,-0.6401718966374291,0.5882352941176471,0.6428571428571429,17,14,primary_asymmetry
AnkleAngles_ax1_absLminusR,5,4.703284978866577,4.302218914031982,0.4010660648345947,-0.05042016806722689,-0.4630985346243242,0.5294117647058824,0.6428571428571429,17,14,primary_asymmetry
AnkleAngles_ax1_absLminusR,6,4.562807083129883,4.046181917190552,0.516625165939331,-0.025210084033613446,-0.23896240677729202,0.6470588235294118,0.6428571428571429,17,14,primary_asymmetry
AnkleAngles_ax1_absLminusR,7,4.464679718017578,3.558011054992676,0.9066686630249023,0.04201680672268908,-0.06891699850109283,0.6470588235294118,0.5714285714285714,17,14,primary_asymmetry
AnkleAngles_ax1_absLminusR,8,4.626319050788879,3.1081457138061523,1.518173336982727,0.07563025210084033,0.1947659905707746,0.5882352941176471,0.5714285714285714,17,14,primary_asymmetry
AnkleAngles_ax1_absLminusR,9,3.5329179763793945,2.5760363340377808,0.9568816423416138,0.16806722689075632,0.5645918014397928,0.5882352941176471,0.5,17,14,primary_asymmetry
AnkleAngles_ax1_absLminusR,10,3.08705997467041,2.804601788520813,0.28245818614959717,0.01680672268907563,0.0960582094476724,0.5294117647058824,0.6428571428571429,17,14,primary_asymmetry
AnkleAngles_ax1_absLminusR,11,3.1272788643836975,2.047112226486206,1.0801666378974915,0.0,0.012645909057971734,0.5882352941176471,0.5714285714285714,17,14,primary_asymmetry
AnkleAngles_ax1_absLminusR,12,2.603853225708008,2.7594781070947647,-0.1556248813867569,-0.01680672268907563,0.013394396222356117,0.5294117647058824,0.5,17,14,primary_asymmetry
AnkleAngles_ax1_absLminusR,13,5.1973795890808105,2.42126202583313,2.7761175632476807,0.10084033613445378,0.34867489170109095,0.7058823529411765,0.5714285714285714,17,14,primary_asymmetry
AnkleAngles_ax1_absLminusR,14,8.207019805908203,6.099623680114746,2.107396125793457,0.15126050420168066,0.2798618147250747,0.5882352941176471,0.7142857142857143,17,14,primary_asymmetry
AnkleAngles_ax1_absLminusR,15,10.115130543708801,9.201735138893127,0.9133954048156738,0.06722689075630252,0.03674500237759468,0.5882352941176471,0.5,17,14,primary_asymmetry
AnkleAngles_ax1_absLminusR,16,11.441768169403076,11.573250260669738,-0.13148209126666188,0.05042016806722689,0.26670189837963065,0.5294117647058824,0.5,17,14,primary_asymmetry
AnkleAngles_ax1_absLminusR,17,13.881078839302063,12.784272104501724,1.0968067348003387,0.05042016806722689,0.1760984404849257,0.5294117647058824,0.5,17,14,primary_asymmetry
AnkleAngles_ax1_absLminusR,18,14.251029014587402,13.161247849464417,1.0897811651229858,0.025210084033613446,0.028742763271314527,0.6470588235294118,0.5714285714285714,17,14,primary_asymmetry
AnkleAngles_ax1_absLminusR,19,14.26222848892212,12.84520673751831,1.4170217514038086,0.03361344537815126,0.004764478162715914,0.5882352941176471,0.5714285714285714,17,14,primary_asymmetry
AnkleAngles_ax1_absLminusR,20,13.699576377868652,12.258890867233276,1.440685510635376,0.01680672268907563,0.07177241887126401,0.5882352941176471,0.6428571428571429,17,14,primary_asymmetry
AnkleAngles_ax1_absLminusR,21,12.817889213562012,11.481099903583527,1.336789309978485,0.058823529411764705,0.18958307698664578,0.5882352941176471,0.6428571428571429,17,14,primary_asymmetry
AnkleAngles_ax1_absLminusR,22,11.79906177520752,10.664762735366821,1.1342990398406982,0.08403361344537816,0.3278041057987936,0.5294117647058824,0.7142857142857143,17,14,primary_asymmetry
AnkleAngles_ax1_absLminusR,23,10.681978225708008,9.833882089704275,0.8480961360037327,0.11764705882352941,0.4115703289630603,0.5882352941176471,0.7142857142857143,17,14,primary_asymmetry
AnkleAngles_ax1_absLminusR,24,9.71621036529541,8.577248454093933,1.138961911201477,0.10084033613445378,0.3973730241923207,0.5882352941176471,0.6428571428571429,17,14,primary_asymmetry
AnkleAngles_ax1_absLminusR,25,9.268105536699295,7.101444151252508,2.166661385446787,0.12605042016806722,0.47952904414252684,0.5882352941176471,0.7142857142857143,17,14,primary_asymmetry
AnkleAngles_ax1_absLminusR,26,8.502957224845886,5.606592357158661,2.8963648676872253,0.15966386554621848,0.6190621293377199,0.7058823529411765,0.7142857142857143,17,14,primary_asymmetry
AnkleAngles_ax1_absLminusR,27,7.5517966747283936,4.475584506988525,3.076212167739868,0.19327731092436976,0.8002338437861084,0.7058823529411765,0.7142857142857143,17,14,primary_asymmetry
AnkleAngles_ax1_absLminusR,28,6.963531970977783,3.4147346019744873,3.548797369003296,0.2184873949579832,0.9289440749642738,0.7058823529411765,0.7142857142857143,17,14,primary_asymmetry
AnkleAngles_ax1_absLminusR,29,6.705191373825073,2.8383275866508484,3.866863787174225,0.21008403361344538,0.9305356680415701,0.6470588235294118,0.7857142857142857,17,14,primary_asymmetry
AnkleAngles_ax1_absLminusR,30,5.470613479614258,2.5584816932678223,2.9121317863464355,0.15966386554621848,0.8051861321384512,0.5882352941176471,0.7857142857142857,17,14,primary_asymmetry
AnkleAngles_ax1_absLminusR,31,4.378108978271484,2.7681212425231934,1.609987735748291,0.12605042016806722,0.6679642486977825,0.5294117647058824,0.7142857142857143,17,14,primary_asymmetry
AnkleAngles_ax1_absLminusR,32,3.7114429473876953,2.367950916290283,1.343492031097412,0.1092436974789916,0.604967220446815,0.5294117647058824,0.7142857142857143,17,14,primary_asymmetry
AnkleAngles_ax1_absLminusR,33,3.5053529739379883,2.017218828201294,1.4881341457366943,0.025210084033613446,0.44789902590680153,0.5294117647058824,0.7142857142857143,17,14,primary_asymmetry
AnkleAngles_ax1_absLminusR,34,2.992295503616333,2.0875649452209473,0.9047305583953857,0.008403361344537815,0.30494217995830025,0.5294117647058824,0.6428571428571429,17,14,primary_asymmetry
AnkleAngles_ax1_absLminusR,35,2.6843912601470947,2.2250750064849854,0.4593162536621094,0.07563025210084033,0.445656622432627,0.5882352941176471,0.5714285714285714,17,14,primary_asymmetry
AnkleAngles_ax1_absLminusR,36,2.5249204635620117,2.2672786712646484,0.2576417922973633,0.14285714285714285,0.6254565610383453,0.6470588235294118,0.6428571428571429,17,14,primary_asymmetry
AnkleAngles_ax1_absLminusR,37,2.747629165649414,2.053121328353882,0.6945078372955322,0.2773109243697479,0.9422203727996321,0.7058823529411765,0.7142857142857143,17,14,primary_asymmetry
AnkleAngles_ax1_absLminusR,38,2.846867561340332,1.844726324081421,1.0021412372589111,0.2689075630252101,1.2101429275143007,0.7647058823529411,0.7142857142857143,17,14,primary_asymmetry
AnkleAngles_ax1_absLminusR,39,2.905895233154297,1.8434910774230957,1.0624041557312012,0.31092436974789917,1.4578948972835462,0.7647058823529411,0.6428571428571429,17,14,primary_asymmetry
AnkleAngles_ax1_absLminusR,40,3.481403350830078,2.284106492996216,1.1972968578338623,0.3025210084033613,1.6714931414704517,0.6470588235294118,0.7857142857142857,17,14,primary_asymmetry
AnkleAngles_ax1_absLminusR,41,3.885504722595215,2.6080262660980225,1.2774784564971924,0.3697478991596639,1.9600438626732455,0.6470588235294118,0.7857142857142857,17,14,primary_asymmetry
AnkleAngles_ax1_absLminusR,42,4.21994686126709,2.9996743202209473,1.2202725410461426,0.42016806722689076,2.244385051817497,0.7058823529411765,0.7857142857142857,17,14,primary_asymmetry
AnkleAngles_ax1_absLminusR,43,4.219164848327637,3.199275016784668,1.0198898315429688,0.40336134453781514,2.2208559906656764,0.7058823529411765,0.7857142857142857,17,14,primary_asymmetry
AnkleAngles_ax1_absLminusR,44,4.186527252197266,3.3320751190185547,0.8544521331787109,0.35294117647058826,2.0276850411485183,0.7058823529411765,0.7857142857142857,17,14,primary_asymmetry
AnkleAngles_ax1_absLminusR,45,4.478726387023926,3.5246896743774414,0.9540367126464844,0.33613445378151263,1.8033195687275745,0.6470588235294118,0.7857142857142857,17,14,primary_asymmetry
AnkleAngles_ax1_absLminusR,46,4.660880088806152,3.5432989597320557,1.1175811290740967,0.3025210084033613,1.5935257828682128,0.6470588235294118,0.7857142857142857,17,14,primary_asymmetry
AnkleAngles_ax1_absLminusR,47,4.920252799987793,3.5003466606140137,1.4199061393737793,0.21008403361344538,1.3667389823005116,0.6470588235294118,0.7142857142857143,17,14,primary_asymmetry
AnkleAngles_ax1_absLminusR,48,5.085007667541504,3.646702289581299,1.438305377960205,0.15966386554621848,1.175829742536583,0.5882352941176471,0.7142857142857143,17,14,primary_asymmetry
AnkleAngles_ax1_absLminusR,49,5.658197402954102,3.3151516914367676,2.343045711517334,0.11764705882352941,0.9942391622414716,0.5882352941176471,0.7857142857142857,17,14,primary_asymmetry
AnkleAngles_ax1_absLminusR,50,6.132617950439453,3.0124692916870117,3.1201486587524414,0.058823529411764705,1.047681827164116,0.5882352941176471,0.7857142857142857,17,14,primary_asymmetry
AnkleAngles_ax1_absLminusR,51,5.709819793701172,2.8031647205352783,2.9066550731658936,0.1092436974789916,1.1526469011832061,0.5882352941176471,0.7142857142857143,17,14,primary_asymmetry
AnkleAngles_ax1_absLminusR,52,5.052827835083008,2.811542272567749,2.241285562515259,0.12605042016806722,1.1069893116995322,0.5882352941176471,0.7142857142857143,17,14,primary_asymmetry
AnkleAngles_ax1_absLminusR,53,4.083786487579346,2.723278284072876,1.3605082035064697,0.04201680672268908,0.7789003701618651,0.5882352941176471,0.7142857142857143,17,14,primary_asymmetry
AnkleAngles_ax1_absLminusR,54,3.1860733032226562,2.9256927967071533,0.26038050651550293,0.05042016806722689,0.6231362762330894,0.6470588235294118,0.5714285714285714,17,14,primary_asymmetry
AnkleAngles_ax1_absLminusR,55,3.6147022247314453,3.054203748703003,0.5604984760284424,0.058823529411764705,0.5974823978378335,0.5882352941176471,0.6428571428571429,17,14,primary_asymmetry
AnkleAngles_ax1_absLminusR,56,4.641206741333008,2.811713695526123,1.8294930458068848,0.06722689075630252,0.7728656653027561,0.7058823529411765,0.5714285714285714,17,14,primary_asymmetry
AnkleAngles_ax1_absLminusR,57,4.622920036315918,3.109346628189087,1.513573408126831,0.20168067226890757,1.1186451036745015,0.7058823529411765,0.5714285714285714,17,14,primary_asymmetry
AnkleAngles_ax1_absLminusR,58,4.790788650512695,3.6557849049568176,1.1350037455558777,0.2184873949579832,1.1454678635976068,0.6470588235294118,0.6428571428571429,17,14,primary_asymmetry
AnkleAngles_ax1_absLminusR,59,4.034752130508423,2.4079672396183014,1.6267848908901215,0.05042016806722689,0.5288147905146032,0.5882352941176471,0.5714285714285714,17,14,primary_asymmetry
AnkleAngles_ax1_absLminusR,60,3.1065587922930717,1.6257356405258179,1.4808231517672539,0.13445378151260504,0.2594827102166553,0.7647058823529411,0.6428571428571429,17,14,primary_asymmetry
AnkleAngles_ax1_absLminusR,61,4.555994272232056,1.9658132791519165,2.590180993080139,0.10084033613445378,-0.027861071321554298,0.7058823529411765,0.7142857142857143,17,14,primary_asymmetry
AnkleAngles_ax1_absLminusR,62,4.5688766948878765,2.8533419370651245,1.715534757822752,0.025210084033613446,-0.4793715228467553,0.6470588235294118,0.6428571428571429,17,14,primary_asymmetry
AnkleAngles_ax1_absLminusR,63,4.463092684745789,5.692429304122925,-1.2293366193771362,-0.09243697478991597,-0.6214666579209835,0.5294117647058824,0.5714285714285714,17,14,primary_asymmetry
AnkleAngles_ax1_absLminusR,64,8.452871829271317,7.824374258518219,0.6284975707530975,-0.008403361344537815,-0.40674931160556876,0.5294117647058824,0.5714285714285714,17,14,primary_asymmetry
AnkleAngles_ax1_absLminusR,65,9.999783635139465,10.90253709256649,-0.9027534574270248,0.0,-0.1562274805496862,0.5294117647058824,0.6428571428571429,17,14,primary_asymmetry
AnkleAngles_ax1_absLminusR,66,12.509927749633789,13.195628046989441,-0.6857002973556519,-0.03361344537815126,-0.16256363944563593,0.5882352941176471,0.5714285714285714,17,14,primary_asymmetry
AnkleAngles_ax1_absLminusR,67,13.492389917373657,15.108498811721802,-1.6161088943481445,-0.04201680672268908,-0.30643128635078554,0.7058823529411765,0.5714285714285714,17,14,primary_asymmetry
AnkleAngles_ax1_absLminusR,68,13.44017505645752,16.03599989414215,-2.5958248376846313,-0.14285714285714285,-0.4504681864514309,0.7058823529411765,0.5714285714285714,17,14,primary_asymmetry
AnkleAngles_ax1_absLminusR,69,13.151296377182007,15.402024865150452,-2.250728487968445,-0.20168067226890757,-0.5792513978755728,0.6470588235294118,0.5,17,14,primary_asymmetry
AnkleAngles_ax1_absLminusR,70,12.540271162986755,14.528504848480225,-1.9882336854934692,-0.19327731092436976,-0.6641976387194761,0.7058823529411765,0.5714285714285714,17,14,primary_asymmetry
AnkleAngles_ax1_absLminusR,71,11.801806926727295,13.536291241645813,-1.734484314918518,-0.19327731092436976,-0.652743347006145,0.7058823529411765,0.6428571428571429,17,14,primary_asymmetry
AnkleAngles_ax1_absLminusR,72,11.140951126813889,12.810274254065007,-1.6693231272511184,-0.14285714285714285,-0.5867750486891536,0.7058823529411765,0.5714285714285714,17,14,primary_asymmetry
AnkleAngles_ax1_absLminusR,73,10.085155159235,11.858694911003113,-1.7735397517681122,-0.14285714285714285,-0.47350037326045763,0.6470588235294118,0.5714285714285714,17,14,primary_asymmetry
AnkleAngles_ax1_absLminusR,74,9.246756762266159,10.857272058725357,-1.610515296459198,-0.1092436974789916,-0.3450511752983515,0.5882352941176471,0.5714285714285714,17,14,primary_asymmetry
AnkleAngles_ax1_absLminusR,75,9.31243371963501,9.891471102833748,-0.5790373831987381,-0.03361344537815126,-0.12570875614011712,0.5294117647058824,0.5714285714285714,17,14,primary_asymmetry
AnkleAngles_ax1_absLminusR,76,9.126688838005066,8.070669174194336,1.05601966381073,0.06722689075630252,0.12707843894802068,0.5294117647058824,0.7142857142857143,17,14,primary_asymmetry
AnkleAngles_ax1_absLminusR,77,7.84894523024559,7.096006825566292,0.7529384046792984,0.13445378151260504,0.3676684187665388,0.5294117647058824,0.7142857142857143,17,14,primary_asymmetry
AnkleAngles_ax1_absLminusR,78,6.691999077796936,6.218952834606171,0.4730462431907654,0.1092436974789916,0.3987837764626838,0.5294117647058824,0.5714285714285714,17,14,primary_asymmetry
AnkleAngles_ax1_absLminusR,79,5.62636125087738,5.394224286079407,0.23213696479797363,0.058823529411764705,0.2594884039232896,0.5882352941176471,0.5714285714285714,17,14,primary_asymmetry
AnkleAngles_ax1_absLminusR,80,5.010855674743652,4.668779373168945,0.34207630157470703,0.03361344537815126,0.09293322669207413,0.5294117647058824,0.5,17,14,primary_asymmetry
AnkleAngles_ax1_absLminusR,81,4.1282830238342285,4.640095591545105,-0.5118125677108765,0.0,-0.06266434026779662,0.5294117647058824,0.5714285714285714,17,14,primary_asymmetry
AnkleAngles_ax1_absLminusR,82,4.607681751251221,4.171915233135223,0.4357665181159973,-0.025210084033613446,-0.16888159999441096,0.5294117647058824,0.6428571428571429,17,14,primary_asymmetry
AnkleAngles_ax1_absLminusR,83,4.3523266315460205,4.340260982513428,0.012065649032592773,-0.058823529411764705,-0.3847696755820331,0.5294117647058824,0.5,17,14,primary_asymmetry
AnkleAngles_ax1_absLminusR,84,3.8483941555023193,4.315840244293213,-0.46744608879089355,-0.12605042016806722,-0.5746174292600187,0.5294117647058824,0.6428571428571429,17,14,primary_asymmetry
AnkleAngles_ax1_absLminusR,85,3.6526055335998535,4.191462397575378,-0.5388568639755249,-0.11764705882352941,-0.5249286424122028,0.5294117647058824,0.6428571428571429,17,14,primary_asymmetry
AnkleAngles_ax1_absLminusR,86,3.984567165374756,4.048636555671692,-0.06406939029693604,-0.06722689075630252,-0.4689823798583559,0.5294117647058824,0.5,17,14,primary_asymmetry
AnkleAngles_ax1_absLminusR,87,4.157918453216553,3.9723591804504395,0.18555927276611328,-0.08403361344537816,-0.4898281308578016,0.5294117647058824,0.5,17,14,primary_asymmetry
AnkleAngles_ax1_absLminusR,88,4.273828029632568,3.870438575744629,0.40338945388793945,-0.07563025210084033,-0.4598056408810108,0.5294117647058824,0.5,17,14,primary_asymmetry
AnkleAngles_ax1_absLminusR,89,4.688362121582031,3.7752113342285156,0.9131507873535156,-0.025210084033613446,-0.35690612908171176,0.5294117647058824,0.5714285714285714,17,14,primary_asymmetry
AnkleAngles_ax1_absLminusR,90,4.821390151977539,3.9115042686462402,0.9098858833312988,-0.025210084033613446,-0.2680800110564979,0.5294117647058824,0.6428571428571429,17,14,primary_asymmetry
AnkleAngles_ax1_absLminusR,91,4.4593915939331055,3.888633966445923,0.5707576274871826,-0.03361344537815126,-0.1967003533188001,0.5294117647058824,0.5714285714285714,17,14,primary_asymmetry
AnkleAngles_ax1_absLminusR,92,3.7425484657287598,4.122881174087524,-0.38033270835876465,-0.025210084033613446,-0.2088621526190863,0.5294117647058824,0.5714285714285714,17,14,primary_asymmetry
AnkleAngles_ax1_absLminusR,93,4.044307708740234,4.399875640869141,-0.35556793212890625,-0.058823529411764705,-0.23655488811496844,0.5294117647058824,0.5,17,14,primary_asymmetry
AnkleAngles_ax1_absLminusR,94,4.919005393981934,4.710459470748901,0.20854592323303223,-0.06722689075630252,-0.19546560259380272,0.5294117647058824,0.5,17,14,primary_asymmetry
AnkleAngles_ax1_absLminusR,95,4.924696922302246,5.0534234046936035,-0.12872648239135742,-0.08403361344537816,-0.21533127028116367,0.5294117647058824,0.5,17,14,primary_asymmetry
AnkleAngles_ax1_absLminusR,96,5.196651458740234,5.181501388549805,0.015150070190429688,-0.10084033613445378,-0.2860741012323447,0.5294117647058824,0.5,17,14,primary_asymmetry
AnkleAngles_ax1_absLminusR,97,5.108654975891113,5.021202564239502,0.08745241165161133,-0.10084033613445378,-0.28418540859819774,0.5294117647058824,0.5,17,14,primary_asymmetry
AnkleAngles_ax1_absLminusR,98,4.891989707946777,4.745946884155273,0.1460428237915039,-0.17647058823529413,-0.42221651721331166,0.5294117647058824,0.5,17,14,primary_asymmetry
AnkleAngles_ax1_absLminusR,99,4.9687418937683105,4.35783839225769,0.6109035015106201,-0.15126050420168066,-0.3643873181293145,0.5294117647058824,0.5714285714285714,17,14,primary_asymmetry
AnkleAngles_ax1_absLminusR,100,5.006939888000488,4.051466941833496,0.9554729461669922,-0.008403361344537815,-0.1017913919608131,0.5294117647058824,0.5714285714285714,17,14,primary_asymmetry
FootProgressAngles_ax1_LminusR,0,23.068466186523438,-13.276592254638672,36.34505844116211,0.11764705882352941,0.7006437921144426,0.6470588235294118,0.6428571428571429,17,14,secondary_asymmetry
FootProgressAngles_ax1_LminusR,1,23.269378662109375,-13.221757888793945,36.49113655090332,0.11764705882352941,0.7093864619442901,0.6470588235294118,0.6428571428571429,17,14,secondary_asymmetry
FootProgressAngles_ax1_LminusR,2,22.428619384765625,-13.002727508544922,35.43134689331055,0.13445378151260504,0.7077539833691013,0.6470588235294118,0.6428571428571429,17,14,secondary_asymmetry
FootProgressAngles_ax1_LminusR,3,20.94342041015625,-12.838909149169922,33.78232955932617,0.14285714285714285,0.7088259252737582,0.6470588235294118,0.6428571428571429,17,14,secondary_asymmetry
FootProgressAngles_ax1_LminusR,4,19.800643920898438,-12.777912139892578,32.578556060791016,0.11764705882352941,0.7148803297869978,0.6470588235294118,0.6428571428571429,17,14,secondary_asymmetry
FootProgressAngles_ax1_LminusR,5,19.18444061279297,-12.215507507324219,31.399948120117188,0.13445378151260504,0.7303110857705775,0.6470588235294118,0.6428571428571429,17,14,secondary_asymmetry
FootProgressAngles_ax1_LminusR,6,19.476036071777344,-11.180986404418945,30.65702247619629,0.12605042016806722,0.7523986795151953,0.6470588235294118,0.6428571428571429,17,14,secondary_asymmetry
FootProgressAngles_ax1_LminusR,7,20.65349578857422,-10.515569686889648,31.169065475463867,0.14285714285714285,0.7644584376571202,0.6470588235294118,0.7142857142857143,17,14,secondary_asymmetry
FootProgressAngles_ax1_LminusR,8,22.532928466796875,-10.231853485107422,32.7647819519043,0.12605042016806722,0.7546313019207287,0.6470588235294118,0.7142857142857143,17,14,secondary_asymmetry
FootProgressAngles_ax1_LminusR,9,25.303024291992188,-10.37514877319336,35.67817306518555,0.13445378151260504,0.7449204046089836,0.6470588235294118,0.7142857142857143,17,14,secondary_asymmetry
FootProgressAngles_ax1_LminusR,10,28.774761199951172,-11.01042366027832,39.78518486022949,0.12605042016806722,0.7314771173126071,0.6470588235294118,0.7142857142857143,17,14,secondary_asymmetry
FootProgressAngles_ax1_LminusR,11,31.564937591552734,-12.109012603759766,43.6739501953125,0.1092436974789916,0.7131760722275416,0.6470588235294118,0.7142857142857143,17,14,secondary_asymmetry
FootProgressAngles_ax1_LminusR,12,34.755306243896484,-13.522761344909668,48.27806758880615,0.07563025210084033,0.6937904714214275,0.6470588235294118,0.7142857142857143,17,14,secondary_asymmetry
FootProgressAngles_ax1_LminusR,13,38.96321487426758,-15.279229164123535,54.24244403839111,0.058823529411764705,0.684256615432954,0.6470588235294118,0.7142857142857143,17,14,secondary_asymmetry
FootProgressAngles_ax1_LminusR,14,43.84942626953125,-17.536524295806885,61.385950565338135,0.05042016806722689,0.6912572192805606,0.6470588235294118,0.6428571428571429,17,14,secondary_asymmetry
FootProgressAngles_ax1_LminusR,15,48.96858215332031,-19.828303337097168,68.79688549041748,0.04201680672268908,0.7056400673670068,0.6470588235294118,0.6428571428571429,17,14,secondary_asymmetry
FootProgressAngles_ax1_LminusR,16,53.88835144042969,-22.562503337860107,76.4508547782898,0.03361344537815126,0.7309622392935532,0.6470588235294118,0.6428571428571429,17,14,secondary_asymmetry
FootProgressAngles_ax1_LminusR,17,58.043731689453125,-25.44393825531006,83.48766994476318,0.04201680672268908,0.7628238212413693,0.6470588235294118,0.6428571428571429,17,14,secondary_asymmetry
FootProgressAngles_ax1_LminusR,18,61.077430725097656,-27.86573553085327,88.94316625595093,0.06722689075630252,0.8088455707553748,0.6470588235294118,0.6428571428571429,17,14,secondary_asymmetry
FootProgressAngles_ax1_LminusR,19,61.65980339050293,-30.669349193572998,92.32915258407593,0.04201680672268908,0.8404848130579075,0.6470588235294118,0.6428571428571429,17,14,secondary_asymmetry
FootProgressAngles_ax1_LminusR,20,60.74526023864746,-32.05282402038574,92.7980842590332,0.06722689075630252,0.8641498987330997,0.6470588235294118,0.6428571428571429,17,14,secondary_asymmetry
FootProgressAngles_ax1_LminusR,21,60.02828788757324,-31.110450267791748,91.13873815536499,0.10084033613445378,0.869973275004709,0.6470588235294118,0.6428571428571429,17,14,secondary_asymmetry
FootProgressAngles_ax1_LminusR,22,58.25272560119629,-29.90918254852295,88.16190814971924,0.11764705882352941,0.8659915352763369,0.6470588235294118,0.6428571428571429,17,14,secondary_asymmetry
FootProgressAngles_ax1_LminusR,23,55.45148468017578,-28.399844646453857,83.85132932662964,0.12605042016806722,0.8582066057308142,0.6470588235294118,0.6428571428571429,17,14,secondary_asymmetry
FootProgressAngles_ax1_LminusR,24,52.32575988769531,-26.638243675231934,78.96400356292725,0.13445378151260504,0.8552679271681203,0.6470588235294118,0.6428571428571429,17,14,secondary_asymmetry
FootProgressAngles_ax1_LminusR,25,48.92113494873047,-24.658082008361816,73.57921695709229,0.16806722689075632,0.8524850468539229,0.6470588235294118,0.6428571428571429,17,14,secondary_asymmetry
FootProgressAngles_ax1_LminusR,26,45.33096694946289,-22.424251556396484,67.75521850585938,0.19327731092436976,0.8541044843008365,0.6470588235294118,0.6428571428571429,17,14,secondary_asymmetry
FootProgressAngles_ax1_LminusR,27,41.685462951660156,-20.01246166229248,61.69792461395264,0.18487394957983194,0.8596109641643066,0.6470588235294118,0.7142857142857143,17,14,secondary_asymmetry
FootProgressAngles_ax1_LminusR,28,38.02570343017578,-17.526041984558105,55.55174541473389,0.18487394957983194,0.8594356266922493,0.6470588235294118,0.7142857142857143,17,14,secondary_asymmetry
FootProgressAngles_ax1_LminusR,29,33.95893096923828,-15.139748573303223,49.098679542541504,0.16806722689075632,0.8553362982846618,0.6470588235294118,0.7142857142857143,17,14,secondary_asymmetry
FootProgressAngles_ax1_LminusR,30,29.789215087890625,-12.943819046020508,42.73303413391113,0.17647058823529413,0.8525643500542901,0.6470588235294118,0.7142857142857143,17,14,secondary_asymmetry
FootProgressAngles_ax1_LminusR,31,25.240219116210938,-10.756521224975586,35.99674034118652,0.15126050420168066,0.8455513720485315,0.6470588235294118,0.6428571428571429,17,14,secondary_asymmetry
FootProgressAngles_ax1_LminusR,32,20.480979919433594,-8.497101783752441,28.978081703186035,0.14285714285714285,0.8223176573045029,0.6470588235294118,0.6428571428571429,17,14,secondary_asymmetry
FootProgressAngles_ax1_LminusR,33,15.648818969726562,-6.184131622314453,21.832950592041016,0.13445378151260504,0.7796388306399721,0.6470588235294118,0.6428571428571429,17,14,secondary_asymmetry
FootProgressAngles_ax1_LminusR,34,10.958274841308594,-3.741903305053711,14.700178146362305,0.14285714285714285,0.7301531840842113,0.5882352941176471,0.7142857142857143,17,14,secondary_asymmetry
FootProgressAngles_ax1_LminusR,35,6.1441802978515625,-1.3827838897705078,7.52696418762207,0.12605042016806722,0.6670159100886048,0.5882352941176471,0.7142857142857143,17,14,secondary_asymmetry
FootProgressAngles_ax1_LminusR,36,3.2714004516601562,0.8649139404296875,2.4064865112304688,0.1092436974789916,0.5263797007207434,0.5882352941176471,0.6428571428571429,17,14,secondary_asymmetry
FootProgressAngles_ax1_LminusR,37,0.06689453125,0.5953140258789062,-0.5284194946289062,-0.008403361344537815,0.4580583989052027,0.5294117647058824,0.5714285714285714,17,14,secondary_asymmetry
FootProgressAngles_ax1_LminusR,38,1.0361557006835938,-0.8249530792236328,1.8611087799072266,0.11764705882352941,0.8493962251758047,0.7647058823529411,0.5714285714285714,17,14,secondary_asymmetry
FootProgressAngles_ax1_LminusR,39,0.7508735656738281,0.14537811279296875,0.6054954528808594,0.10084033613445378,1.0317878082923522,0.5294117647058824,0.6428571428571429,17,14,secondary_asymmetry
FootProgressAngles_ax1_LminusR,40,0.41747283935546875,-0.17428970336914062,0.5917625427246094,0.19327731092436976,1.3424966865868204,0.5294117647058824,0.5714285714285714,17,14,secondary_asymmetry
FootProgressAngles_ax1_LminusR,41,0.20367813110351562,0.8697242736816406,-0.666046142578125,0.09243697478991597,0.8985460984808252,0.5294117647058824,0.5714285714285714,17,14,secondary_asymmetry
FootProgressAngles_ax1_LminusR,42,-0.9847640991210938,0.26576805114746094,-1.2505321502685547,-0.008403361344537815,0.44010655147402167,0.5882352941176471,0.5714285714285714,17,14,secondary_asymmetry
FootProgressAngles_ax1_LminusR,43,-3.591724395751953,2.109975814819336,-5.701700210571289,-0.025210084033613446,0.10949093607127862,0.6470588235294118,0.6428571428571429,17,14,secondary_asymmetry
FootProgressAngles_ax1_LminusR,44,-5.5956268310546875,4.451404571533203,-10.04703140258789,-0.04201680672268908,-0.1163348740169043,0.6470588235294118,0.6428571428571429,17,14,secondary_asymmetry
FootProgressAngles_ax1_LminusR,45,-10.247108459472656,6.680091857910156,-16.927200317382812,-0.025210084033613446,-0.2608759990234393,0.6470588235294118,0.6428571428571429,17,14,secondary_asymmetry
FootProgressAngles_ax1_LminusR,46,-14.817710876464844,8.675336837768555,-23.4930477142334,-0.008403361344537815,-0.3667237613795205,0.6470588235294118,0.6428571428571429,17,14,secondary_asymmetry
FootProgressAngles_ax1_LminusR,47,-19.186134338378906,10.473594665527344,-29.65972900390625,0.0,-0.4539089506751556,0.6470588235294118,0.6428571428571429,17,14,secondary_asymmetry
FootProgressAngles_ax1_LminusR,48,-23.060760498046875,12.090570449829102,-35.15133094787598,0.008403361344537815,-0.5152755729663977,0.6470588235294118,0.6428571428571429,17,14,secondary_asymmetry
FootProgressAngles_ax1_LminusR,49,-26.48741912841797,13.571121215820312,-40.05854034423828,0.008403361344537815,-0.5701709641588104,0.6470588235294118,0.6428571428571429,17,14,secondary_asymmetry
FootProgressAngles_ax1_LminusR,50,-29.343955993652344,14.835357666015625,-44.17931365966797,-0.008403361344537815,-0.6016372865356102,0.6470588235294118,0.6428571428571429,17,14,secondary_asymmetry
FootProgressAngles_ax1_LminusR,51,-31.494956970214844,14.40839958190918,-45.90335655212402,0.0,-0.612230657593957,0.6470588235294118,0.6428571428571429,17,14,secondary_asymmetry
FootProgressAngles_ax1_LminusR,52,-31.684120178222656,13.615079879760742,-45.2992000579834,-0.008403361344537815,-0.6128157176714293,0.6470588235294118,0.6428571428571429,17,14,secondary_asymmetry
FootProgressAngles_ax1_LminusR,53,-30.349273681640625,12.736164093017578,-43.0854377746582,-0.03361344537815126,-0.6090728535226932,0.6470588235294118,0.6428571428571429,17,14,secondary_asymmetry
FootProgressAngles_ax1_LminusR,54,-29.086708068847656,11.957191467285156,-41.04389953613281,-0.03361344537815126,-0.6071165103161915,0.6470588235294118,0.6428571428571429,17,14,secondary_asymmetry
FootProgressAngles_ax1_LminusR,55,-28.24053955078125,11.441938400268555,-39.682477951049805,-0.058823529411764705,-0.6280561001827896,0.6470588235294118,0.6428571428571429,17,14,secondary_asymmetry
FootProgressAngles_ax1_LminusR,56,-28.42249298095703,11.360448837280273,-39.782941818237305,-0.058823529411764705,-0.6546270460799904,0.6470588235294118,0.6428571428571429,17,14,secondary_asymmetry
FootProgressAngles_ax1_LminusR,57,-29.964797973632812,11.86026668548584,-41.82506465911865,-0.08403361344537816,-0.6842389201358988,0.6470588235294118,0.6428571428571429,17,14,secondary_asymmetry
FootProgressAngles_ax1_LminusR,58,-29.323768615722656,12.821533203125,-42.145301818847656,-0.09243697478991597,-0.7076342752161571,0.6470588235294118,0.6428571428571429,17,14,secondary_asymmetry
FootProgressAngles_ax1_LminusR,59,-29.484275817871094,14.131952285766602,-43.616228103637695,-0.11764705882352941,-0.7170055662121938,0.6470588235294118,0.6428571428571429,17,14,secondary_asymmetry
FootProgressAngles_ax1_LminusR,60,-30.188560485839844,15.894086837768555,-46.0826473236084,-0.13445378151260504,-0.7074045988029135,0.6470588235294118,0.6428571428571429,17,14,secondary_asymmetry
FootProgressAngles_ax1_LminusR,61,-32.116859436035156,18.142139434814453,-50.25899887084961,-0.12605042016806722,-0.7034664295300651,0.6470588235294118,0.6428571428571429,17,14,secondary_asymmetry
FootProgressAngles_ax1_LminusR,62,-35.004154205322266,21.046396255493164,-56.05055046081543,-0.11764705882352941,-0.7188133155138915,0.6470588235294118,0.6428571428571429,17,14,secondary_asymmetry
FootProgressAngles_ax1_LminusR,63,-38.50001907348633,23.28114414215088,-61.78116321563721,-0.10084033613445378,-0.7321813033095753,0.6470588235294118,0.6428571428571429,17,14,secondary_asymmetry
FootProgressAngles_ax1_LminusR,64,-42.816532135009766,25.39004373550415,-68.20657587051392,-0.09243697478991597,-0.7460865271706111,0.6470588235294118,0.6428571428571429,17,14,secondary_asymmetry
FootProgressAngles_ax1_LminusR,65,-47.338565826416016,27.492029190063477,-74.83059501647949,-0.07563025210084033,-0.7710695618137102,0.6470588235294118,0.6428571428571429,17,14,secondary_asymmetry
FootProgressAngles_ax1_LminusR,66,-51.4088249206543,29.70373010635376,-81.11255502700806,-0.06722689075630252,-0.8008495994045584,0.6470588235294118,0.6428571428571429,17,14,secondary_asymmetry
FootProgressAngles_ax1_LminusR,67,-55.044450759887695,31.403629541397095,-86.44808030128479,-0.03361344537815126,-0.8315412424098197,0.6470588235294118,0.6428571428571429,17,14,secondary_asymmetry
FootProgressAngles_ax1_LminusR,68,-58.01188087463379,31.759284257888794,-89.77116513252258,-0.01680672268907563,-0.8517509954948792,0.6470588235294118,0.6428571428571429,17,14,secondary_asymmetry
FootProgressAngles_ax1_LminusR,69,-59.92117118835449,31.290199279785156,-91.21137046813965,0.01680672268907563,-0.8613399920507815,0.6470588235294118,0.6428571428571429,17,14,secondary_asymmetry
FootProgressAngles_ax1_LminusR,70,-59.07154369354248,30.46419048309326,-89.53573417663574,-0.025210084033613446,-0.8714939009797605,0.6470588235294118,0.6428571428571429,17,14,secondary_asymmetry
FootProgressAngles_ax1_LminusR,71,-57.68313980102539,29.64868974685669,-87.33182954788208,-0.058823529411764705,-0.8813976082952661,0.6470588235294118,0.6428571428571429,17,14,secondary_asymmetry
FootProgressAngles_ax1_LminusR,72,-55.825998306274414,28.867348194122314,-84.69334650039673,-0.06722689075630252,-0.8806747831432699,0.6470588235294118,0.6428571428571429,17,14,secondary_asymmetry
FootProgressAngles_ax1_LminusR,73,-53.57342529296875,28.009974002838135,-81.58339929580688,-0.08403361344537816,-0.8733880021590212,0.6470588235294118,0.6428571428571429,17,14,secondary_asymmetry
FootProgressAngles_ax1_LminusR,74,-50.98592948913574,26.91409206390381,-77.90002155303955,-0.09243697478991597,-0.862831071690053,0.6470588235294118,0.6428571428571429,17,14,secondary_asymmetry
FootProgressAngles_ax1_LminusR,75,-48.04000663757324,25.512237548828125,-73.55224418640137,-0.06722689075630252,-0.8540913314559774,0.6470588235294118,0.6428571428571429,17,14,secondary_asymmetry
FootProgressAngles_ax1_LminusR,76,-44.79084014892578,23.55724287033081,-68.34808301925659,-0.06722689075630252,-0.8433818150867253,0.6470588235294118,0.6428571428571429,17,14,secondary_asymmetry
FootProgressAngles_ax1_LminusR,77,-41.30178260803223,19.991857528686523,-61.29364013671875,-0.07563025210084033,-0.8280879903561298,0.6470588235294118,0.6428571428571429,17,14,secondary_asymmetry
FootProgressAngles_ax1_LminusR,78,-37.609413146972656,16.50827121734619,-54.11768436431885,-0.08403361344537816,-0.8054185939368199,0.6470588235294118,0.6428571428571429,17,14,secondary_asymmetry
FootProgressAngles_ax1_LminusR,79,-33.75335121154785,13.804142951965332,-47.557494163513184,-0.08403361344537816,-0.7891594082449068,0.6470588235294118,0.6428571428571429,17,14,secondary_asymmetry
FootProgressAngles_ax1_LminusR,80,-29.772397994995117,11.845998764038086,-41.6183967590332,-0.09243697478991597,-0.7783927440356807,0.6470588235294118,0.6428571428571429,17,14,secondary_asymmetry
FootProgressAngles_ax1_LminusR,81,-25.35710906982422,10.37839412689209,-35.73550319671631,-0.09243697478991597,-0.7651207123542028,0.6470588235294118,0.6428571428571429,17,14,secondary_asymmetry
FootProgressAngles_ax1_LminusR,82,-20.53246307373047,9.234607696533203,-29.767070770263672,-0.08403361344537816,-0.7590267424483257,0.6470588235294118,0.6428571428571429,17,14,secondary_asymmetry
FootProgressAngles_ax1_LminusR,83,-15.70306396484375,8.08480453491211,-23.78786849975586,-0.1092436974789916,-0.7478621151643866,0.6470588235294118,0.6428571428571429,17,14,secondary_asymmetry
FootProgressAngles_ax1_LminusR,84,-10.935173034667969,5.935163497924805,-16.870336532592773,-0.11764705882352941,-0.7180661979627739,0.6470588235294118,0.6428571428571429,17,14,secondary_asymmetry
FootProgressAngles_ax1_LminusR,85,-8.555404663085938,3.7750988006591797,-12.330503463745117,-0.14285714285714285,-0.6701122345366632,0.6470588235294118,0.6428571428571429,17,14,secondary_asymmetry
FootProgressAngles_ax1_LminusR,86,-4.554050445556641,1.6537895202636719,-6.2078399658203125,-0.14285714285714285,-0.5789304690366276,0.6470588235294118,0.6428571428571429,17,14,secondary_asymmetry
FootProgressAngles_ax1_LminusR,87,-1.9700851440429688,-0.4070167541503906,-1.5630683898925781,-0.16806722689075632,-0.39588898986579496,0.5882352941176471,0.7142857142857143,17,14,secondary_asymmetry
FootProgressAngles_ax1_LminusR,88,-0.3197021484375,0.011320114135742188,-0.3310222625732422,-0.05042016806722689,0.0969679375994719,0.6470588235294118,0.5,17,14,secondary_asymmetry
FootProgressAngles_ax1_LminusR,89,-1.3424148559570312,-0.961181640625,-0.38123321533203125,0.008403361344537815,-0.0503178864814832,0.5294117647058824,0.5,17,14,secondary_asymmetry
FootProgressAngles_ax1_LminusR,90,-1.3462066650390625,-0.5753364562988281,-0.7708702087402344,-0.01680672268907563,-0.5430922935143636,0.6470588235294118,0.6428571428571429,17,14,secondary_asymmetry
FootProgressAngles_ax1_LminusR,91,-1.5052490234375,-1.7793731689453125,0.2741241455078125,0.04201680672268908,-0.5036439978978189,0.5882352941176471,0.5,17,14,secondary_asymmetry
FootProgressAngles_ax1_LminusR,92,0.6251487731933594,-3.4757118225097656,4.100860595703125,0.13445378151260504,0.09191931953635829,0.5882352941176471,0.6428571428571429,17,14,secondary_asymmetry
FootProgressAngles_ax1_LminusR,93,2.135997772216797,-4.8956756591796875,7.031673431396484,0.12605042016806722,0.32879035407157114,0.5882352941176471,0.5714285714285714,17,14,secondary_asymmetry
FootProgressAngles_ax1_LminusR,94,3.8874664306640625,-7.589841842651367,11.47730827331543,0.13445378151260504,0.4354487645138981,0.5882352941176471,0.6428571428571429,17,14,secondary_asymmetry
FootProgressAngles_ax1_LminusR,95,8.348426818847656,-9.808958053588867,18.157384872436523,0.13445378151260504,0.5251010138415015,0.6470588235294118,0.6428571428571429,17,14,secondary_asymmetry
FootProgressAngles_ax1_LminusR,96,12.703269958496094,-11.763784408569336,24.46705436706543,0.12605042016806722,0.5899427121097173,0.6470588235294118,0.6428571428571429,17,14,secondary_asymmetry
FootProgressAngles_ax1_LminusR,97,16.19580841064453,-13.320556640625,29.51636505126953,0.14285714285714285,0.6375623172724185,0.6470588235294118,0.6428571428571429,17,14,secondary_asymmetry
FootProgressAngles_ax1_LminusR,98,19.009902954101562,-14.51856803894043,33.52847099304199,0.14285714285714285,0.6652933837871025,0.6470588235294118,0.6428571428571429,17,14,secondary_asymmetry
FootProgressAngles_ax1_LminusR,99,21.390121459960938,-15.210569381713867,36.600690841674805,0.13445378151260504,0.6915731816301789,0.6470588235294118,0.6428571428571429,17,14,secondary_asymmetry
FootProgressAngles_ax1_LminusR,100,23.38916778564453,-15.343103408813477,38.73227119445801,0.11764705882352941,0.700255939126301,0.6470588235294118,0.6428571428571429,17,14,secondary_asymmetry
FootProgressAngles_ax1_absLminusR,0,32.13330841064453,35.45871353149414,-3.3254051208496094,-0.09243697478991597,-0.03179887762179217,0.7058823529411765,0.6428571428571429,17,14,secondary_asymmetry
FootProgressAngles_ax1_absLminusR,1,33.343345642089844,36.90217590332031,-3.5588302612304688,-0.07563025210084033,-0.00891585133646439,0.7058823529411765,0.6428571428571429,17,14,secondary_asymmetry
FootProgressAngles_ax1_absLminusR,2,33.790523529052734,37.544288635253906,-3.753765106201172,-0.04201680672268908,0.00811632158947924,0.7058823529411765,0.5714285714285714,17,14,secondary_asymmetry
FootProgressAngles_ax1_absLminusR,3,34.40430450439453,36.60041427612305,-2.1961097717285156,-0.008403361344537815,0.025808790729571814,0.7058823529411765,0.5714285714285714,17,14,secondary_asymmetry
FootProgressAngles_ax1_absLminusR,4,34.11073303222656,35.36672401428223,-1.255990982055664,0.008403361344537815,0.06464469680373344,0.6470588235294118,0.5714285714285714,17,14,secondary_asymmetry
FootProgressAngles_ax1_absLminusR,5,33.04066467285156,33.60445213317871,-0.5637874603271484,0.05042016806722689,0.1369485885536884,0.5294117647058824,0.5714285714285714,17,14,secondary_asymmetry
FootProgressAngles_ax1_absLminusR,6,31.806137084960938,32.673749923706055,-0.8676128387451172,0.04201680672268908,0.2207293524291704,0.5294117647058824,0.6428571428571429,17,14,secondary_asymmetry
FootProgressAngles_ax1_absLminusR,7,31.7257137298584,33.10610771179199,-1.3803939819335938,0.06722689075630252,0.22719019067920787,0.5294117647058824,0.6428571428571429,17,14,secondary_asymmetry
FootProgressAngles_ax1_absLminusR,8,32.98144340515137,34.827341079711914,-1.8458976745605469,0.058823529411764705,0.24530186373552545,0.5294117647058824,0.5714285714285714,17,14,secondary_asymmetry
FootProgressAngles_ax1_absLminusR,9,35.43685531616211,36.8483772277832,-1.4115219116210938,0.05042016806722689,0.2994133078278524,0.5882352941176471,0.5714285714285714,17,14,secondary_asymmetry
FootProgressAngles_ax1_absLminusR,10,37.84217071533203,39.655805587768555,-1.8136348724365234,0.06722689075630252,0.32562524624243544,0.5882352941176471,0.5714285714285714,17,14,secondary_asymmetry
FootProgressAngles_ax1_absLminusR,11,41.020606994628906,42.785465240478516,-1.7648582458496094,0.07563025210084033,0.33759917870904044,0.5882352941176471,0.5714285714285714,17,14,secondary_asymmetry
FootProgressAngles_ax1_absLminusR,12,44.87615203857422,46.487308502197266,-1.6111564636230469,0.1092436974789916,0.34742436025325446,0.5882352941176471,0.5714285714285714,17,14,secondary_asymmetry
FootProgressAngles_ax1_absLminusR,13,49.31030082702637,50.67733097076416,-1.367030143737793,0.1092436974789916,0.34601759359985423,0.5882352941176471,0.5,17,14,secondary_asymmetry
FootProgressAngles_ax1_absLminusR,14,53.95175552368164,55.37541580200195,-1.4236602783203125,0.08403361344537816,0.3471234192355806,0.5882352941176471,0.5714285714285714,17,14,secondary_asymmetry
FootProgressAngles_ax1_absLminusR,15,58.4617395401001,59.693156242370605,-1.2314167022705078,0.05042016806722689,0.34889292005198475,0.5882352941176471,0.5714285714285714,17,14,secondary_asymmetry
FootProgressAngles_ax1_absLminusR,16,62.04915809631348,63.21920824050903,-1.1700501441955566,0.025210084033613446,0.3368609197000275,0.5882352941176471,0.5714285714285714,17,14,secondary_asymmetry
FootProgressAngles_ax1_absLminusR,17,64.43270874023438,65.67762660980225,-1.244917869567871,-0.025210084033613446,0.32661819863854213,0.5294117647058824,0.7142857142857143,17,14,secondary_asymmetry
FootProgressAngles_ax1_absLminusR,18,65.94459247589111,67.28457164764404,-1.3399791717529297,-0.025210084033613446,0.30189416426641574,0.5294117647058824,0.6428571428571429,17,14,secondary_asymmetry
FootProgressAngles_ax1_absLminusR,19,66.4792709350586,68.1566972732544,-1.6774263381958008,-0.058823529411764705,0.23409503819104763,0.5294117647058824,0.6428571428571429,17,14,secondary_asymmetry
FootProgressAngles_ax1_absLminusR,20,65.57287883758545,66.82175159454346,-1.2488727569580078,-0.10084033613445378,0.20214415840610298,0.5294117647058824,0.6428571428571429,17,14,secondary_asymmetry
FootProgressAngles_ax1_absLminusR,21,64.41742324829102,65.43876600265503,-1.0213427543640137,-0.08403361344537816,0.21005550906027043,0.5294117647058824,0.5714285714285714,17,14,secondary_asymmetry
FootProgressAngles_ax1_absLminusR,22,63.61550426483154,63.16600561141968,0.44949865341186523,-0.06722689075630252,0.23111763105661123,0.5294117647058824,0.5,17,14,secondary_asymmetry
FootProgressAngles_ax1_absLminusR,23,61.287452697753906,60.248709201812744,1.038743495941162,-0.03361344537815126,0.2502040391095409,0.7058823529411765,0.5714285714285714,17,14,secondary_asymmetry
FootProgressAngles_ax1_absLminusR,24,59.05164337158203,56.689067363739014,2.3625760078430176,-0.025210084033613446,0.2424918486656527,0.7058823529411765,0.5714285714285714,17,14,secondary_asymmetry
FootProgressAngles_ax1_absLminusR,25,56.502153396606445,52.97744846343994,3.524704933166504,0.008403361344537815,0.24025583689713445,0.6470588235294118,0.5714285714285714,17,14,secondary_asymmetry
FootProgressAngles_ax1_absLminusR,26,52.88518142700195,49.19740295410156,3.6877784729003906,0.058823529411764705,0.2529508334165571,0.6470588235294118,0.6428571428571429,17,14,secondary_asymmetry
FootProgressAngles_ax1_absLminusR,27,49.06466293334961,45.370835304260254,3.6938276290893555,0.07563025210084033,0.28513203484631877,0.6470588235294118,0.6428571428571429,17,14,secondary_asymmetry
FootProgressAngles_ax1_absLminusR,28,44.90509033203125,41.215898513793945,3.6891918182373047,0.07563025210084033,0.29559617587984427,0.6470588235294118,0.6428571428571429,17,14,secondary_asymmetry
FootProgressAngles_ax1_absLminusR,29,40.402854919433594,37.07751178741455,3.325343132019043,0.09243697478991597,0.2769302108372992,0.6470588235294118,0.6428571428571429,17,14,secondary_asymmetry
FootProgressAngles_ax1_absLminusR,30,35.50663375854492,32.865447998046875,2.641185760498047,0.12605042016806722,0.23733030331322952,0.6470588235294118,0.6428571428571429,17,14,secondary_asymmetry
FootProgressAngles_ax1_absLminusR,31,30.543285369873047,28.568838119506836,1.974447250366211,0.10084033613445378,0.1801877503069312,0.6470588235294118,0.6428571428571429,17,14,secondary_asymmetry
FootProgressAngles_ax1_absLminusR,32,25.67010498046875,24.18998432159424,1.4801206588745117,0.08403361344537816,0.0813952168061295,0.6470588235294118,0.5714285714285714,17,14,secondary_asymmetry
FootProgressAngles_ax1_absLminusR,33,20.564987182617188,19.741561889648438,0.82342529296875,0.05042016806722689,-0.041945956609269947,0.6470588235294118,0.5714285714285714,17,14,secondary_asymmetry
FootProgressAngles_ax1_absLminusR,34,15.491806030273438,15.510017395019531,-0.01821136474609375,0.0,-0.15519860092218987,0.5294117647058824,0.5,17,14,secondary_asymmetry
FootProgressAngles_ax1_absLminusR,35,10.51123046875,10.95803451538086,-0.4468040466308594,-0.06722689075630252,-0.3149883738241567,0.5882352941176471,0.6428571428571429,17,14,secondary_asymmetry
FootProgressAngles_ax1_absLminusR,36,5.730766296386719,6.238498687744141,-0.5077323913574219,-0.08403361344537816,-0.4899759329045067,0.7058823529411765,0.6428571428571429,17,14,secondary_asymmetry
FootProgressAngles_ax1_absLminusR,37,1.7582015991210938,2.5664710998535156,-0.8082695007324219,-0.15966386554621848,-0.8738460203761249,0.6470588235294118,0.5714285714285714,17,14,secondary_asymmetry
FootProgressAngles_ax1_absLminusR,38,1.9268646240234375,2.2052955627441406,-0.2784309387207031,-0.2184873949579832,-1.1288996979635195,0.5882352941176471,0.5714285714285714,17,14,secondary_asymmetry
FootProgressAngles_ax1_absLminusR,39,1.46722412109375,2.8149032592773438,-1.3476791381835938,-0.31932773109243695,-1.771590600235981,0.8235294117647058,0.7857142857142857,17,14,secondary_asymmetry
FootProgressAngles_ax1_absLminusR,40,1.4682159423828125,2.698883056640625,-1.2306671142578125,-0.15966386554621848,-1.1510030752979385,0.7058823529411765,0.5714285714285714,17,14,secondary_asymmetry
FootProgressAngles_ax1_absLminusR,41,3.6559677124023438,3.4848556518554688,0.171112060546875,-0.04201680672268908,-0.654296965763514,0.5294117647058824,0.5,17,14,secondary_asymmetry
FootProgressAngles_ax1_absLminusR,42,7.317726135253906,4.422027587890625,2.8956985473632812,0.11764705882352941,0.09068154948385426,0.7647058823529411,0.5714285714285714,17,14,secondary_asymmetry
FootProgressAngles_ax1_absLminusR,43,12.103736877441406,8.606403350830078,3.497333526611328,0.09243697478991597,0.21450234718616254,0.7647058823529411,0.6428571428571429,17,14,secondary_asymmetry
FootProgressAngles_ax1_absLminusR,44,16.909751892089844,13.62884521484375,3.2809066772460938,0.06722689075630252,0.17732026846948631,0.7058823529411765,0.6428571428571429,17,14,secondary_asymmetry
FootProgressAngles_ax1_absLminusR,45,21.58197021484375,18.782546997070312,2.7994232177734375,0.06722689075630252,0.19681734273705773,0.5294117647058824,0.6428571428571429,17,14,secondary_asymmetry
FootProgressAngles_ax1_absLminusR,46,25.64508056640625,23.461193084716797,2.183887481689453,0.05042016806722689,0.2189742847062844,0.5294117647058824,0.6428571428571429,17,14,secondary_asymmetry
FootProgressAngles_ax1_absLminusR,47,29.206016540527344,27.632415771484375,1.5736007690429688,0.058823529411764705,0.2497989014029393,0.5294117647058824,0.5714285714285714,17,14,secondary_asymmetry
FootProgressAngles_ax1_absLminusR,48,31.797618865966797,31.259479522705078,0.5381393432617188,-0.008403361344537815,0.23347094157527198,0.5294117647058824,0.5,17,14,secondary_asymmetry
FootProgressAngles_ax1_absLminusR,49,33.77660369873047,34.29714584350586,-0.5205421447753906,0.01680672268907563,0.1841386280736819,0.5882352941176471,0.5,17,14,secondary_asymmetry
FootProgressAngles_ax1_absLminusR,50,36.053611755371094,36.33734893798828,-0.2837371826171875,-0.025210084033613446,0.15739364735455533,0.5294117647058824,0.5,17,14,secondary_asymmetry
FootProgressAngles_ax1_absLminusR,51,36.81306457519531,37.51461410522461,-0.7015495300292969,-0.025210084033613446,0.1423408749667162,0.5882352941176471,0.5714285714285714,17,14,secondary_asymmetry
FootProgressAngles_ax1_absLminusR,52,36.30324172973633,37.39155578613281,-1.0883140563964844,-0.03361344537815126,0.13282926061700448,0.5882352941176471,0.5714285714285714,17,14,secondary_asymmetry
FootProgressAngles_ax1_absLminusR,53,35.73480224609375,36.967002868652344,-1.2322006225585938,-0.03361344537815126,0.11940538113565127,0.5882352941176471,0.5714285714285714,17,14,secondary_asymmetry
FootProgressAngles_ax1_absLminusR,54,35.289161682128906,36.0523796081543,-0.7632179260253906,-0.05042016806722689,0.09024902861062642,0.5882352941176471,0.6428571428571429,17,14,secondary_asymmetry
FootProgressAngles_ax1_absLminusR,55,35.37103271484375,34.72997283935547,0.6410598754882812,-0.025210084033613446,0.07882560862423703,0.5294117647058824,0.5714285714285714,17,14,secondary_asymmetry
FootProgressAngles_ax1_absLminusR,56,33.856536865234375,34.32091522216797,-0.46437835693359375,-0.025210084033613446,0.05107978481665776,0.5294117647058824,0.5714285714285714,17,14,secondary_asymmetry
FootProgressAngles_ax1_absLminusR,57,33.92749786376953,34.51879119873047,-0.5912933349609375,-0.01680672268907563,0.05026300983717818,0.5294117647058824,0.5714285714285714,17,14,secondary_asymmetry
FootProgressAngles_ax1_absLminusR,58,34.67486572265625,35.299400329589844,-0.6245346069335938,0.03361344537815126,0.08661438179492272,0.5294117647058824,0.5,17,14,secondary_asymmetry
FootProgressAngles_ax1_absLminusR,59,36.18046188354492,36.57016372680664,-0.38970184326171875,0.07563025210084033,0.14333644615861593,0.5294117647058824,0.5,17,14,secondary_asymmetry
FootProgressAngles_ax1_absLminusR,60,38.56521987915039,38.72844696044922,-0.16322708129882812,0.13445378151260504,0.18685686006165408,0.5294117647058824,0.5,17,14,secondary_asymmetry
FootProgressAngles_ax1_absLminusR,61,41.66292190551758,41.7086067199707,-0.045684814453125,0.12605042016806722,0.22427386573670077,0.5294117647058824,0.5,17,14,secondary_asymmetry
FootProgressAngles_ax1_absLminusR,62,45.62422180175781,45.515634536743164,0.10858726501464844,0.14285714285714285,0.23399871766432712,0.5882352941176471,0.5,17,14,secondary_asymmetry
FootProgressAngles_ax1_absLminusR,63,50.8583869934082,49.860477447509766,0.9979095458984375,0.1092436974789916,0.22302962216766256,0.5294117647058824,0.5714285714285714,17,14,secondary_asymmetry
FootProgressAngles_ax1_absLminusR,64,56.10293197631836,54.721933364868164,1.3809986114501953,0.11764705882352941,0.22518821626832483,0.5294117647058824,0.5714285714285714,17,14,secondary_asymmetry
FootProgressAngles_ax1_absLminusR,65,60.859296798706055,59.286927223205566,1.5723695755004883,0.11764705882352941,0.23531985129304775,0.5882352941176471,0.5,17,14,secondary_asymmetry
FootProgressAngles_ax1_absLminusR,66,65.16142463684082,63.86286926269531,1.2985553741455078,0.07563025210084033,0.2388008914515103,0.5882352941176471,0.5,17,14,secondary_asymmetry
FootProgressAngles_ax1_absLminusR,67,68.18562507629395,67.46930694580078,0.7163181304931641,0.03361344537815126,0.2399140592875443,0.5882352941176471,0.5,17,14,secondary_asymmetry
FootProgressAngles_ax1_absLminusR,68,69.54029655456543,69.08476543426514,0.45553112030029297,0.0,0.2097030883616528,0.5882352941176471,0.5714285714285714,17,14,secondary_asymmetry
FootProgressAngles_ax1_absLminusR,69,69.22515106201172,70.3089656829834,-1.0838146209716797,-0.13445378151260504,0.17692557889102048,0.8235294117647058,0.5714285714285714,17,14,secondary_asymmetry
FootProgressAngles_ax1_absLminusR,70,68.13198661804199,69.65527725219727,-1.5232906341552734,-0.19327731092436976,0.1806220564259903,0.7647058823529411,0.6428571428571429,17,14,secondary_asymmetry
FootProgressAngles_ax1_absLminusR,71,66.24603271484375,68.12623262405396,-1.880199909210205,-0.21008403361344538,0.19025148125956395,0.7647058823529411,0.7142857142857143,17,14,secondary_asymmetry
FootProgressAngles_ax1_absLminusR,72,64.03267860412598,65.50425052642822,-1.471571922302246,-0.19327731092436976,0.19026849650197442,0.6470588235294118,0.7142857142857143,17,14,secondary_asymmetry
FootProgressAngles_ax1_absLminusR,73,61.704155921936035,63.3209753036499,-1.6168193817138672,-0.13445378151260504,0.16709996461508914,0.6470588235294118,0.7142857142857143,17,14,secondary_asymmetry
FootProgressAngles_ax1_absLminusR,74,58.101701736450195,60.16460609436035,-2.0629043579101562,-0.13445378151260504,0.14840891885519789,0.5882352941176471,0.7142857142857143,17,14,secondary_asymmetry
FootProgressAngles_ax1_absLminusR,75,54.4498291015625,56.370805740356445,-1.9209766387939453,-0.058823529411764705,0.1634878290241626,0.5882352941176471,0.6428571428571429,17,14,secondary_asymmetry
FootProgressAngles_ax1_absLminusR,76,50.632497787475586,52.50876998901367,-1.876272201538086,-0.01680672268907563,0.1755444900556546,0.5294117647058824,0.6428571428571429,17,14,secondary_asymmetry
FootProgressAngles_ax1_absLminusR,77,46.37380027770996,48.79942226409912,-2.42562198638916,-0.05042016806722689,0.1732848365525219,0.5294117647058824,0.6428571428571429,17,14,secondary_asymmetry
FootProgressAngles_ax1_absLminusR,78,42.22688674926758,44.94714832305908,-2.720261573791504,-0.058823529411764705,0.15432496353556185,0.5882352941176471,0.6428571428571429,17,14,secondary_asymmetry
FootProgressAngles_ax1_absLminusR,79,38.02678680419922,40.86401653289795,-2.8372297286987305,-0.058823529411764705,0.1346982746214632,0.5882352941176471,0.6428571428571429,17,14,secondary_asymmetry
FootProgressAngles_ax1_absLminusR,80,34.138267517089844,36.601701736450195,-2.4634342193603516,-0.058823529411764705,0.10426383574754204,0.5294117647058824,0.6428571428571429,17,14,secondary_asymmetry
FootProgressAngles_ax1_absLminusR,81,30.159805297851562,32.22164344787598,-2.061838150024414,-0.05042016806722689,0.03217454713595907,0.5294117647058824,0.6428571428571429,17,14,secondary_asymmetry
FootProgressAngles_ax1_absLminusR,82,26.01873779296875,27.772279739379883,-1.7535419464111328,-0.08403361344537816,-0.0656301104268381,0.5882352941176471,0.5714285714285714,17,14,secondary_asymmetry
FootProgressAngles_ax1_absLminusR,83,21.676929473876953,23.263233184814453,-1.5863037109375,-0.1092436974789916,-0.15708970949384643,0.5882352941176471,0.5714285714285714,17,14,secondary_asymmetry
FootProgressAngles_ax1_absLminusR,84,16.997337341308594,18.697938919067383,-1.700601577758789,-0.12605042016806722,-0.24157685396549997,0.6470588235294118,0.5714285714285714,17,14,secondary_asymmetry
FootProgressAngles_ax1_absLminusR,85,11.87152099609375,14.078290939331055,-2.2067699432373047,-0.11764705882352941,-0.29816389337156646,0.6470588235294118,0.5714285714285714,17,14,secondary_asymmetry
FootProgressAngles_ax1_absLminusR,86,8.06658935546875,9.407960891723633,-1.3413715362548828,-0.09243697478991597,-0.32656214885624296,0.7058823529411765,0.5714285714285714,17,14,secondary_asymmetry
FootProgressAngles_ax1_absLminusR,87,3.7772750854492188,4.695865631103516,-0.9185905456542969,-0.04201680672268908,-0.1545989938808019,0.6470588235294118,0.5714285714285714,17,14,secondary_asymmetry
FootProgressAngles_ax1_absLminusR,88,1.7724456787109375,2.8120460510253906,-1.0396003723144531,-0.16806722689075632,-0.21513548573708102,0.5882352941176471,0.6428571428571429,17,14,secondary_asymmetry
FootProgressAngles_ax1_absLminusR,89,1.70648193359375,2.4317588806152344,-0.7252769470214844,-0.11764705882352941,-0.4461804392291029,0.7058823529411765,0.6428571428571429,17,14,secondary_asymmetry
FootProgressAngles_ax1_absLminusR,90,1.6366996765136719,1.0641136169433594,0.5725860595703125,0.2689075630252101,-0.3124685169455987,0.8235294117647058,0.5714285714285714,17,14,secondary_asymmetry
FootProgressAngles_ax1_absLminusR,91,2.2370681762695312,2.8253326416015625,-0.5882644653320312,-0.025210084033613446,-0.4049270799325967,0.6470588235294118,0.6428571428571429,17,14,secondary_asymmetry
FootProgressAngles_ax1_absLminusR,92,5.830879211425781,6.5024871826171875,-0.6716079711914062,-0.008403361344537815,-0.29192139567229236,0.5882352941176471,0.5714285714285714,17,14,secondary_asymmetry
FootProgressAngles_ax1_absLminusR,93,9.89642333984375,10.957893371582031,-1.0614700317382812,-0.058823529411764705,-0.2929224735493886,0.5882352941176471,0.6428571428571429,17,14,secondary_asymmetry
FootProgressAngles_ax1_absLminusR,94,13.863845825195312,15.347335815429688,-1.483489990234375,-0.08403361344537816,-0.32925889266612757,0.5882352941176471,0.7142857142857143,17,14,secondary_asymmetry
FootProgressAngles_ax1_absLminusR,95,18.08898162841797,19.97182846069336,-1.8828468322753906,-0.11764705882352941,-0.35795511935793517,0.6470588235294118,0.7142857142857143,17,14,secondary_asymmetry
FootProgressAngles_ax1_absLminusR,96,21.919296264648438,24.067584991455078,-2.1482887268066406,-0.15126050420168066,-0.3664670397134397,0.7058823529411765,0.6428571428571429,17,14,secondary_asymmetry
FootProgressAngles_ax1_absLminusR,97,24.997581481933594,27.736679077148438,-2.7390975952148438,-0.15966386554621848,-0.3780572984348827,0.7647058823529411,0.6428571428571429,17,14,secondary_asymmetry
FootProgressAngles_ax1_absLminusR,98,28.124046325683594,30.731712341308594,-2.607666015625,-0.16806722689075632,-0.3713923601054393,0.7647058823529411,0.6428571428571429,17,14,secondary_asymmetry
FootProgressAngles_ax1_absLminusR,99,30.184494018554688,33.299095153808594,-3.1146011352539062,-0.15126050420168066,-0.3151282738572389,0.7647058823529411,0.6428571428571429,17,14,secondary_asymmetry
FootProgressAngles_ax1_absLminusR,100,31.308738708496094,34.33521270751953,-3.0264739990234375,-0.11764705882352941,-0.23941578670499022,0.6470588235294118,0.6428571428571429,17,14,secondary_asymmetry
